source_id,citation,title,authors,year,venue,doi,url,source_type,peer_review_status,quality_tier,topic_tags,claims_supported,verification_basis,access_level,notes
A0001,"A. Quercia; A. Pironti; I. Bolshakova; R. Holyaka; I. Duran; A. Murari; JET Contributors, ""Long term operation of the radiation-hard Hall probes system and the path toward a high performance hybrid magnetic field sensor,"" Nuclear Fusion, vol. 62, no. 10, pp. 106032, 2022.",Long term operation of the radiation-hard Hall probes system and the path toward a high performance hybrid magnetic field sensor,A. Quercia; A. Pironti; I. Bolshakova; R. Holyaka; I. Duran; A. Murari; JET Contributors,2022,Nuclear Fusion,10.1088/1741-4326/ac8aad,https://doi.org/10.1088/1741-4326/ac8aad,journal_article,verified_peer_reviewed,B,radiation-tolerance;extreme-environment-instrumentation;fusion-diagnostics-context,"Comparable (non-GaN) Hall-probe platform demonstrated in a radiation-hard fusion in-vessel context, directly relevant to the harsh/radiation-context and comparable-Hall-platform coverage bullets.","Independently verified this session (global attempt 4) via a live Crossref API works/10.1088/1741-4326/ac8aad fetch performed by a dedicated model=sonnet verification subagent (batch 1); title, author list, venue/container-title, year, and volume/issue/pages all checked against the candidate claim.",metadata_only,Cited in the manuscript's own bibliography (ref5). Full 7-author/collaboration list confirmed via Crossref this session.
A0002,"I. Bolshakova; M. Bulavin; N. Kargin; Ya. Kost; T. Kuech; S. Kulikov; M. Radishevskiy; F. Shurygin; M. Strikhanov; I. Vasil'evskii; A. Vasyliev, ""Metal Hall sensors for the new generation fusion reactors of DEMO scale,"" Nuclear Fusion, vol. 57, no. 11, pp. 116042, 2017.",Metal Hall sensors for the new generation fusion reactors of DEMO scale,I. Bolshakova; M. Bulavin; N. Kargin; Ya. Kost; T. Kuech; S. Kulikov; M. Radishevskiy; F. Shurygin; M. Strikhanov; I. Vasil'evskii; A. Vasyliev,2017,Nuclear Fusion,10.1088/1741-4326/aa7867,https://doi.org/10.1088/1741-4326/aa7867,journal_article,verified_peer_reviewed,B,radiation-tolerance;extreme-environment-instrumentation;fusion-diagnostics-context,"Comparable (non-GaN, metal-based) Hall-sensor platform for DEMO-scale fusion reactors, directly relevant to the harsh/radiation-context and comparable-Hall-platform coverage bullets.","Independently verified this session (global attempt 4) via a live Crossref API works/10.1088/1741-4326/aa7867 fetch performed by a dedicated model=sonnet verification subagent (batch 1); title, author list, venue/container-title, year, and volume/issue/pages all checked against the candidate claim.",metadata_only,Cited in the manuscript's own bibliography (ref6). Full 11-author list confirmed via Crossref this session.
A0003,"U.K. Mishra; P. Parikh; Yi-Feng Wu, ""AlGaN/GaN HEMTs-an overview of device operation and applications,"" Proceedings of the IEEE, vol. 90, no. 6, pp. 1022-1031, 2002.",AlGaN/GaN HEMTs-an overview of device operation and applications,U.K. Mishra; P. Parikh; Yi-Feng Wu,2002,Proceedings of the IEEE,10.1109/jproc.2002.1021567,https://doi.org/10.1109/jproc.2002.1021567,journal_article,verified_peer_reviewed,A,algan-gan-2deg;gan-sic-wbg-device,"Foundational AlGaN/GaN HEMT device-operation overview, core to the AlGaN/GaN 2DEG Hall device physics coverage bullet.","Independently verified this session (global attempt 4) via a live Crossref API works/10.1109/jproc.2002.1021567 fetch performed by a dedicated model=sonnet verification subagent (batch 1); title, author list, venue/container-title, year, and volume/issue/pages all checked against the candidate claim.",metadata_only,Cited in the manuscript's own bibliography (ref7).
A0004,"Mengyang Yuan; John Niroula; Qingyun Xie; Nitul S. Rajput; Kai Fu; Shisong Luo; Sagar Kumar Das; Abdullah Jubair Bin Iqbal; Bejoy Sikder; Mohamed Fadil Isamotu; Minsik Oh; Savannah R. Eisner; Debbie G. Senesky; Gary W. Hunter; Nadim Chowdhury; Yuji Zhao; Tomas Palacios, ""Enhancement-Mode GaN Transistor Technology for Harsh Environment Operation,"" IEEE Electron Device Letters, vol. 44, no. 7, pp. 1068-1071, 2023.",Enhancement-Mode GaN Transistor Technology for Harsh Environment Operation,Mengyang Yuan; John Niroula; Qingyun Xie; Nitul S. Rajput; Kai Fu; Shisong Luo; Sagar Kumar Das; Abdullah Jubair Bin Iqbal; Bejoy Sikder; Mohamed Fadil Isamotu; Minsik Oh; Savannah R. Eisner; Debbie G. Senesky; Gary W. Hunter; Nadim Chowdhury; Yuji Zhao; Tomas Palacios,2023,IEEE Electron Device Letters,10.1109/led.2023.3279813,https://doi.org/10.1109/led.2023.3279813,journal_article,verified_peer_reviewed,B,harsh-temperature;extreme-environment-instrumentation;gan-sic-wbg-device;senesky-group-prior-art,"GaN device technology explicitly for harsh-environment operation, core to the GaN/SiC/WBG harsh-environment coverage bullet.","Independently verified this session (global attempt 4) via a live Crossref API works/10.1109/led.2023.3279813 fetch performed by a dedicated model=sonnet verification subagent (batch 1); title, author list, venue/container-title, year, and volume/issue/pages all checked against the candidate claim.",metadata_only,"Cited in the manuscript's own bibliography (ref8). Full 17-author list confirmed via Crossref this session, including Debbie G. Senesky as a co-author."
A0005,"O. Ambacher; J. Smart; J. R. Shealy; N. G. Weimann; K. Chu; M. Murphy; W. J. Schaff; L. F. Eastman; R. Dimitrov; L. Wittmer; M. Stutzmann; W. Rieger; J. Hilsenbeck, ""Two-dimensional electron gases induced by spontaneous and piezoelectric polarization charges in N- and Ga-face AlGaN/GaN heterostructures,"" Journal of Applied Physics, vol. 85, no. 6, pp. 3222-3233, 1999.",Two-dimensional electron gases induced by spontaneous and piezoelectric polarization charges in N- and Ga-face AlGaN/GaN heterostructures,O. Ambacher; J. Smart; J. R. Shealy; N. G. Weimann; K. Chu; M. Murphy; W. J. Schaff; L. F. Eastman; R. Dimitrov; L. Wittmer; M. Stutzmann; W. Rieger; J. Hilsenbeck,1999,Journal of Applied Physics,10.1063/1.369664,https://doi.org/10.1063/1.369664,journal_article,verified_peer_reviewed,A,algan-gan-2deg;gan-sic-wbg-device,"Foundational 2DEG-formation-physics paper for AlGaN/GaN heterostructures, core to the AlGaN/GaN 2DEG Hall device physics coverage bullet.","Independently verified this session (global attempt 4) via a live Crossref API works/10.1063/1.369664 fetch performed by a dedicated model=sonnet verification subagent (batch 1); title, author list, venue/container-title, year, and volume/issue/pages all checked against the candidate claim.",metadata_only,Cited in the manuscript's own bibliography (ref9).
A0006,"Hannah S. Alpert; Karen M. Dowling; Caitlin A. Chapin; Ananth Saran Yalamarthy; Savannah R. Benbrook; Helmut Kock; Udo Ausserlechner; Debbie G. Senesky, ""Effect of Geometry on Sensitivity and Offset of AlGaN/GaN and InAlN/GaN Hall-Effect Sensors,"" IEEE Sensors Journal, vol. 19, no. 10, pp. 3640-3646, 2019.",Effect of Geometry on Sensitivity and Offset of AlGaN/GaN and InAlN/GaN Hall-Effect Sensors,Hannah S. Alpert; Karen M. Dowling; Caitlin A. Chapin; Ananth Saran Yalamarthy; Savannah R. Benbrook; Helmut Kock; Udo Ausserlechner; Debbie G. Senesky,2019,IEEE Sensors Journal,10.1109/jsen.2019.2895546,https://doi.org/10.1109/jsen.2019.2895546,journal_article,verified_peer_reviewed,B,algan-gan-2deg;hall-geometry;sensitivity;offset;gan-sic-wbg-device;senesky-group-prior-art,"Direct AlGaN/GaN and InAlN/GaN Hall-sensor geometry/sensitivity/offset study, core to the Hall geometry/sensitivity/offset coverage bullet, and itself Senesky-group prior art on the manuscript's device family.","Independently verified this session (global attempt 4) via a live Crossref API works/10.1109/jsen.2019.2895546 fetch performed by a dedicated model=sonnet verification subagent (batch 1); title, author list, venue/container-title, year, and volume/issue/pages all checked against the candidate claim.",metadata_only,"Cited in the manuscript's own bibliography (ref10). Full 8-author list confirmed via Crossref this session, with Debbie G. Senesky as final author."
A0007,"H. S. Alpert; C. A. Chapin; K. M. Dowling; S. R. Benbrook; H. Koeck; U. Ausserlechner; D. G. Senesky, ""Sensitivity of 2DEG-based Hall-effect sensors at high temperatures,"" Review of Scientific Instruments, vol. 91, no. 2, pp. 025003, 2020.",Sensitivity of 2DEG-based Hall-effect sensors at high temperatures,H. S. Alpert; C. A. Chapin; K. M. Dowling; S. R. Benbrook; H. Koeck; U. Ausserlechner; D. G. Senesky,2020,Review of Scientific Instruments,10.1063/1.5139911,https://doi.org/10.1063/1.5139911,journal_article,verified_peer_reviewed,B,algan-gan-2deg;sensitivity;temperature-coefficient;harsh-temperature;gan-sic-wbg-device;hall-sensor-review;senesky-group-prior-art,"2DEG Hall-sensor high-temperature sensitivity study, core to both the AlGaN/GaN device-physics and harsh-temperature coverage bullets; published in the mission's target RSI venue for project 03.","Independently verified this session (global attempt 4) via a live Crossref API works/10.1063/1.5139911 fetch performed by a dedicated model=sonnet verification subagent (batch 1); title, author list, venue/container-title, year, and volume/issue/pages all checked against the candidate claim.",metadata_only,Cited in the manuscript's own bibliography (ref11); Debbie G. Senesky is the final author.
A0008,"Hai Lu; Peter Sandvik; Alexei Vertiatchikh; Jesse Tucker; Ahmed Elasser, ""High temperature Hall effect sensors based on AlGaN/GaN heterojunctions,"" Journal of Applied Physics, vol. 99, no. 11, pp. 114510, 2006.",High temperature Hall effect sensors based on AlGaN/GaN heterojunctions,Hai Lu; Peter Sandvik; Alexei Vertiatchikh; Jesse Tucker; Ahmed Elasser,2006,Journal of Applied Physics,10.1063/1.2201339,https://doi.org/10.1063/1.2201339,journal_article,verified_peer_reviewed,B,algan-gan-2deg;temperature-coefficient;harsh-temperature;gan-sic-wbg-device;novelty-comparison,"Direct high-temperature AlGaN/GaN Hall-effect sensor paper, core to both AlGaN/GaN device-physics and harsh-temperature coverage bullets, and directly relevant to the prior-GaN-Hall-sensor-performance novelty bullet.","Independently verified this session (global attempt 4) via a live Crossref API works/10.1063/1.2201339 fetch performed by a dedicated model=sonnet verification subagent (batch 1); title, author list, venue/container-title, year, and volume/issue/pages all checked against the candidate claim.",metadata_only,Cited in the manuscript's own bibliography (ref12).
A0009,"Marco Crescentini; Sana Fatima Syeda; Gian Piero Gibiino, ""Hall-Effect Current Sensors: Principles of Operation and Implementation Techniques,"" IEEE Sensors Journal, vol. 22, no. 11, pp. 10137-10151, 2022.",Hall-Effect Current Sensors: Principles of Operation and Implementation Techniques,Marco Crescentini; Sana Fatima Syeda; Gian Piero Gibiino,2022,IEEE Sensors Journal,10.1109/jsen.2021.3119766,https://doi.org/10.1109/jsen.2021.3119766,review_article,verified_peer_reviewed,A,gan-sic-wbg-device;hall-sensor-review,"Comprehensive review of Hall-effect current-sensor principles and implementation, directly supporting the prior-GaN-Hall-sensor-performance-tables-or-reviews and general Hall-sensor-implementation coverage bullets.","Independently verified this session (global attempt 4) via a live Crossref API works/10.1109/jsen.2021.3119766 fetch performed by a dedicated model=sonnet verification subagent (batch 1); title, author list, venue/container-title, year, and volume/issue/pages all checked against the candidate claim.",metadata_only,"Author list corrected this session from the quarantined lead's generic 'et al.' to the Crossref-confirmed full 3-author list (Crescentini, Syeda, Gibiino)."
A0010,"S. Koide; H. Takahashi; A. Abderrahmane; I. Shibasaki; A. Sandhu, ""High Temperature Hall sensors using AlGaN/GaN HEMT Structures,"" Journal of Physics: Conference Series, vol. 352, no. 1, pp. 012009, 2012.",High Temperature Hall sensors using AlGaN/GaN HEMT Structures,S. Koide; H. Takahashi; A. Abderrahmane; I. Shibasaki; A. Sandhu,2012,Journal of Physics: Conference Series,10.1088/1742-6596/352/1/012009,https://doi.org/10.1088/1742-6596/352/1/012009,conference_paper,verified_peer_reviewed,C,algan-gan-2deg;temperature-coefficient;harsh-temperature;gan-sic-wbg-device;hall-sensor-review,"Direct AlGaN/GaN HEMT-structure Hall-sensor high-temperature paper, core to the AlGaN/GaN device-physics and harsh-temperature coverage bullets.","Independently verified this session (global attempt 4) via a live Crossref API works/10.1088/1742-6596/352/1/012009 fetch performed by a dedicated model=sonnet verification subagent (batch 1); title, author list, venue/container-title, year, and volume/issue/pages all checked against the candidate claim.",metadata_only,"Author list corrected this session from the quarantined lead's placeholder to the Crossref-confirmed full 5-author list (Koide, Takahashi, Abderrahmane, Shibasaki, Sandhu). JPCS is IOP-published, peer-reviewed conference-series proceedings."
A0011,"Se-Mi Lim; Jun-Seok Park, ""A Low Noise Offset Cancellation Method for Improving Sensitivity of CMOS Hall Sensor,"" Journal of Electrical Engineering & Technology, vol. 14, no. 1, pp. 377-383, 2019.",A Low Noise Offset Cancellation Method for Improving Sensitivity of CMOS Hall Sensor,Se-Mi Lim; Jun-Seok Park,2019,Journal of Electrical Engineering & Technology,10.1007/s42835-018-00031-7,https://doi.org/10.1007/s42835-018-00031-7,journal_article,verified_peer_reviewed,B,sensitivity;offset;offset-cancellation;noise;hall-sensor-review,"Low-noise offset-cancellation-method paper for CMOS Hall sensors, core to the noise/offset-cancellation coverage bullets.","Independently verified this session (global attempt 4) via a live Crossref API works/10.1007/s42835-018-00031-7 fetch performed by a dedicated model=sonnet verification subagent (batch 1); title, author list, venue/container-title, year, and volume/issue/pages all checked against the candidate claim.",metadata_only,"Crossref confirms exactly 2 authors (Lim, Park) this session -- the quarantined lead's 'et al.' framing implying more co-authors was incorrect and is corrected here."
A0012,"P.J.A. Munter, ""A low-offset spinning-current Hall plate,"" Sensors and Actuators A: Physical, vol. 22, no. 1-3, pp. 743-746, 1990.",A low-offset spinning-current Hall plate,P.J.A. Munter,1990,Sensors and Actuators A: Physical,10.1016/0924-4247(89)80069-x,https://doi.org/10.1016/0924-4247(89)80069-x,journal_article,verified_peer_reviewed,A,offset;spinning-current;offset-cancellation;hall-sensor-review,"The foundational spinning-current offset-cancellation paper, directly and centrally supporting the spinning-current/offset-cancellation coverage bullet.","Independently verified this session (global attempt 4) via a live Crossref API works/10.1016/0924-4247(89)80069-x fetch performed by a dedicated model=sonnet verification subagent (batch 1); title, author list, venue/container-title, year, and volume/issue/pages all checked against the candidate claim.",metadata_only,"Crossref lists the publication year as 1990 (sole-author record); the DOI's '89' segment reflects registration, not the Crossref-recorded publication year -- stated honestly rather than 'corrected' to match the DOI string."
A0013,"Jacopo Ruggeri; Udo Ausserlechner; Helmut Koeck; Karen M. Dowling, ""Inverted pyramid 3-axis silicon Hall-effect magnetic sensor with offset cancellation,"" Microsystems & Nanoengineering, vol. 11, no. 1, pp. 26, 2025.",Inverted pyramid 3-axis silicon Hall-effect magnetic sensor with offset cancellation,Jacopo Ruggeri; Udo Ausserlechner; Helmut Koeck; Karen M. Dowling,2025,Microsystems & Nanoengineering,10.1038/s41378-025-00876-9,https://doi.org/10.1038/s41378-025-00876-9,journal_article,verified_peer_reviewed,B,iii-v-hall-platform;offset;cross-axis-sensitivity;offset-cancellation;hall-sensor-review,"Recent (2025) multi-axis Hall-effect sensor with offset cancellation on a comparable (silicon) platform, supporting the comparable-Hall-platform and offset-cancellation coverage bullets, and directly relevant to the project-03 vector-probe multi-axis design question.","Independently verified this session (global attempt 4) via a live Crossref API works/10.1038/s41378-025-00876-9 fetch performed by a dedicated model=sonnet verification subagent (batch 1); title, author list, venue/container-title, year, and volume/issue/pages all checked against the candidate claim.",metadata_only,"Full 4-author list confirmed via Crossref this session; includes Karen M. Dowling, previously a Senesky-group co-author on A0014/A0045/A0047."
A0014,"Karen M. Dowling; Hannah S. Alpert; Ananth Saran Yalamarthy; Peter F. Satterthwaite; Sai Kumar; Helmut Kock; Udo Ausserlechner; Debbie G. Senesky, ""Micro-Tesla Offset in Thermally Stable AlGaN/GaN 2DEG Hall Plates Using Current Spinning,"" IEEE Sensors Letters, vol. 3, no. 3, pp. 1-4, 2019.",Micro-Tesla Offset in Thermally Stable AlGaN/GaN 2DEG Hall Plates Using Current Spinning,Karen M. Dowling; Hannah S. Alpert; Ananth Saran Yalamarthy; Peter F. Satterthwaite; Sai Kumar; Helmut Kock; Udo Ausserlechner; Debbie G. Senesky,2019,IEEE Sensors Letters,10.1109/lsens.2019.2898157,https://doi.org/10.1109/lsens.2019.2898157,journal_article,verified_peer_reviewed,A,algan-gan-2deg;offset;spinning-current;offset-cancellation;extreme-environment-instrumentation;gan-sic-wbg-device;hall-sensor-review;novelty-comparison;senesky-group-prior-art,"HEADLINE FINDING, independently re-verified this session (not carried over from the quarantined attempt's claim): confirmed genuine Senesky-group prior art (Debbie G. Senesky, the mission subject's own PhD advisor, is the final/senior author) demonstrating four-phase current-spinning offset cancellation on the identical AlGaN/GaN 2DEG material system as the manuscript under review, published in the identical venue (IEEE Sensors Letters), predating the manuscript by seven years. Directly corroborates Reviewer 2's novelty concern (supplied fact C010 in outputs/00_CLAIM_BASELINE.csv) with independently verified external literature evidence.","Independently verified this session (global attempt 4) via a live Crossref API works/10.1109/lsens.2019.2898157 fetch performed by a dedicated model=sonnet verification subagent (batch 1); title, author list, venue/container-title, year, and volume/issue/pages all checked against the candidate claim.",metadata_only,Full 8-author order confirmed exactly via live Crossref fetch this session (batch-1 subagent); Debbie G. Senesky confirmed as final/senior author. This stage does not decide how the manuscript/direction should respond to this finding -- deferred to Stage 20/30.
A0015,"Abdelkader Abderrahmane; Shota Koide; Shin-Ichiro Sato; Takeshi Ohshima; Adarsh Sandhu; Hiroshi Okada, ""Robust Hall Effect Magnetic Field Sensors for Operation at High Temperatures and in Harsh Radiation Environments,"" IEEE Transactions on Magnetics, vol. 48, no. 11, pp. 4421-4423, 2012.",Robust Hall Effect Magnetic Field Sensors for Operation at High Temperatures and in Harsh Radiation Environments,Abdelkader Abderrahmane; Shota Koide; Shin-Ichiro Sato; Takeshi Ohshima; Adarsh Sandhu; Hiroshi Okada,2012,IEEE Transactions on Magnetics,10.1109/tmag.2012.2196986,https://doi.org/10.1109/tmag.2012.2196986,journal_article,verified_peer_reviewed,B,algan-gan-2deg;iii-v-hall-platform;temperature-coefficient;harsh-temperature;radiation-tolerance;gan-sic-wbg-device,"Benchmarks AlGaN/GaN 2DEG Hall sensor robustness (high-temperature, radiation) against competing III-V material platforms, supporting the comparable-III-V-Hall-sensor-platforms benchmarking bullet.","Independently verified this session (global attempt 4) via a live Crossref API works/10.1109/tmag.2012.2196986 fetch performed by a dedicated model=sonnet verification subagent (batch 2); title, author list, venue/container-title, year, and volume/issue/pages all checked against the candidate claim.",metadata_only,"Reports AlGaN/GaN sensors stable to at least 400C and after 380 keV proton irradiation, compared favorably against InSb/InAs-based sensors that degrade above ~150C, per the paper's own title/scope."
A0016,"Hong Quan Nguyen; Toan Dinh; Hamid Amini Moghadam; Tuan Khoa Nguyen; Thanh Nguyen; Jisheng Han; Sima Dimitrijev; Yong Zhu; Nam-Trung Nguyen; Dzung Viet Dao, ""AlGaN/GaN 2-D Electron Gas for Highly Sensitive and High-Temperature Current Sensing,"" IEEE Transactions on Electron Devices, vol. 68, no. 4, pp. 1495-1500, 2021.",AlGaN/GaN 2-D Electron Gas for Highly Sensitive and High-Temperature Current Sensing,Hong Quan Nguyen; Toan Dinh; Hamid Amini Moghadam; Tuan Khoa Nguyen; Thanh Nguyen; Jisheng Han; Sima Dimitrijev; Yong Zhu; Nam-Trung Nguyen; Dzung Viet Dao,2021,IEEE Transactions on Electron Devices,10.1109/ted.2021.3054360,https://doi.org/10.1109/ted.2021.3054360,journal_article,verified_peer_reviewed,B,algan-gan-2deg;sensitivity;temperature-coefficient;harsh-temperature;gan-sic-wbg-device,"Direct AlGaN/GaN 2DEG Hall device physics paper (current-scaled sensitivity, temperature stability tied to 2DEG sheet density), supporting the core AlGaN/GaN 2DEG Hall device physics coverage bullet.","Independently verified this session (global attempt 4) via a live Crossref API works/10.1109/ted.2021.3054360 fetch performed by a dedicated model=sonnet verification subagent (batch 2); title, author list, venue/container-title, year, and volume/issue/pages all checked against the candidate claim.",metadata_only,Distinct from the Mishra 2002 overview and Ambacher 1999 2DEG papers; a dedicated device/sensing study.
A0017,"Sagnik Kumar; R. Muralidharan; G. Narayanan, ""Hall-effect sensors based on AlGaN/GaN heterojunctions on Si substrates for a wide temperature range,"" IET Circuits, Devices & Systems, vol. 15, no. 8, pp. 772-786, 2021.",Hall-effect sensors based on AlGaN/GaN heterojunctions on Si substrates for a wide temperature range,Sagnik Kumar; R. Muralidharan; G. Narayanan,2021,"IET Circuits, Devices & Systems",10.1049/cds2.12067,https://doi.org/10.1049/cds2.12067,journal_article,verified_peer_reviewed,B,algan-gan-2deg;sensitivity;temperature-coefficient;gan-sic-wbg-device;novelty-comparison,"Directly supports AlGaN/GaN 2DEG Hall device physics coverage; reports transresistance, sheet resistance, and current-related sensitivity vs. temperature (75-500 K) for AlGaN/GaN-on-Si Hall sensors.","Independently verified this session (global attempt 4) via a live Crossref API works/10.1049/cds2.12067 fetch performed by a dedicated model=sonnet verification subagent (batch 2); title, author list, venue/container-title, year, and volume/issue/pages all checked against the candidate claim. Lead researcher additionally fetched the live Crossref abstract field directly this session to confirm the specific claim in the notes column (not delegated, not carried over from the quarantined attempt's claim).",abstract_metadata,"Abstract fetched and read directly this session (lead researcher, live Crossref abstract field): reports current-related sensitivity 'reasonably constant' across 75-500 K, with a geometrical correction factor of ~0.97 that varies only ~2% over that range."
A0018,"Thomas P. White; Satish Shetty; Morgan E. Ware; H. Alan Mantooth; Gregory J. Salamo, ""AlGaN/GaN Micro-Hall Effect Devices for Simultaneous Current and Temperature Measurements From Line Currents,"" IEEE Sensors Journal, vol. 18, no. 7, pp. 2944-2951, 2018.",AlGaN/GaN Micro-Hall Effect Devices for Simultaneous Current and Temperature Measurements From Line Currents,Thomas P. White; Satish Shetty; Morgan E. Ware; H. Alan Mantooth; Gregory J. Salamo,2018,IEEE Sensors Journal,10.1109/jsen.2018.2794264,https://doi.org/10.1109/jsen.2018.2794264,journal_article,verified_peer_reviewed,B,algan-gan-2deg;gan-sic-wbg-device;novelty-comparison,"AlGaN/GaN 2DEG Hall device physics and application design (simultaneous current/temperature sensing via micro-Hall device), supporting core lane coverage.","Independently verified this session (global attempt 4) via a live Crossref API works/10.1109/jsen.2018.2794264 fetch performed by a dedicated model=sonnet verification subagent (batch 2); title, author list, venue/container-title, year, and volume/issue/pages all checked against the candidate claim.",metadata_only,"Same research group (Salamo/Mantooth, Arkansas) as A0021 and A0062, showing continuity of AlGaN/GaN Hall device physics work relevant to novelty framing."
A0019,"Nannan Ding; Kaiming Ma; Huolin Huang; Xu Wang; Guohao Lv; Wenchao Shan; Jianxun Dai, ""A Portable Gauss Meter With Low Offset Based on AlGaN/GaN Hall Sensor Probe Suitable for High-Temperature Environment,"" IEEE Transactions on Instrumentation and Measurement, vol. 74, pp. 1-9, 2025.",A Portable Gauss Meter With Low Offset Based on AlGaN/GaN Hall Sensor Probe Suitable for High-Temperature Environment,Nannan Ding; Kaiming Ma; Huolin Huang; Xu Wang; Guohao Lv; Wenchao Shan; Jianxun Dai,2025,IEEE Transactions on Instrumentation and Measurement,10.1109/tim.2025.3625331,https://doi.org/10.1109/tim.2025.3625331,journal_article,verified_peer_reviewed,B,algan-gan-2deg;offset;temperature-coefficient;harsh-temperature;gan-sic-wbg-device;hall-sensor-review;novelty-comparison,"Very recent (2025) AlGaN/GaN Hall device application paper addressing offset reduction and high-temperature operation, directly relevant to the novelty-concern rebuttal by showing active, ongoing publication in this exact device physics space.","Independently verified this session (global attempt 4) via a live Crossref API works/10.1109/tim.2025.3625331 fetch performed by a dedicated model=sonnet verification subagent (batch 2); title, author list, venue/container-title, year, and volume/issue/pages all checked against the candidate claim.",metadata_only,"Crossref record returned no explicit issue number (pages 1-9), consistent with an early-access/continuous-publication IEEE TIM article rather than a mismatch."
A0020,"Zaki Primadani; Hirotaka Osawa; Adarsh Sandhu, ""High temperature scanning Hall probe microscopy using AlGaN/GaN two dimensional electron gas micro-Hall probes,"" Journal of Applied Physics, vol. 101, no. 9, pp. 09K105, 2007.",High temperature scanning Hall probe microscopy using AlGaN/GaN two dimensional electron gas micro-Hall probes,Zaki Primadani; Hirotaka Osawa; Adarsh Sandhu,2007,Journal of Applied Physics,10.1063/1.2712962,https://doi.org/10.1063/1.2712962,journal_article,verified_peer_reviewed,B,algan-gan-2deg;temperature-coefficient;harsh-temperature;gan-sic-wbg-device,"Foundational AlGaN/GaN 2DEG micro-Hall probe device physics paper (high-temperature operation, scanning Hall probe microscopy application), supporting the core device-physics coverage bullet.","Independently verified this session (global attempt 4) via a live Crossref API works/10.1063/1.2712962 fetch performed by a dedicated model=sonnet verification subagent (batch 2); title, author list, venue/container-title, year, and volume/issue/pages all checked against the candidate claim.",metadata_only,Distinct from Ambacher 1999 2DEG-formation papers; a device/application paper using AlGaN/GaN 2DEG Hall probes.
A0021,"Satish Shetty; Savannah R. Eisner; Ayesha Hassan; Anand Lalwani; Dinesh Baral; Yuriy I. Mazur; Debbie G. Senesky; H. O. H. Churchill; Zhong Chen; H. Alan Mantooth; Gregory J. Salamo, ""Temperature, Sensitivity, and Frequency Response of AlN/GaN Heterostructure Micro-Hall Effect Sensor,"" IEEE Transactions on Electron Devices, vol. 71, no. 5, pp. 3175-3182, 2024.","Temperature, Sensitivity, and Frequency Response of AlN/GaN Heterostructure Micro-Hall Effect Sensor",Satish Shetty; Savannah R. Eisner; Ayesha Hassan; Anand Lalwani; Dinesh Baral; Yuriy I. Mazur; Debbie G. Senesky; H. O. H. Churchill; Zhong Chen; H. Alan Mantooth; Gregory J. Salamo,2024,IEEE Transactions on Electron Devices,10.1109/ted.2024.3382643,https://doi.org/10.1109/ted.2024.3382643,journal_article,verified_peer_reviewed,B,algan-gan-2deg;sensitivity;bandwidth;gan-sic-wbg-device;hall-sensor-review;novelty-comparison;senesky-group-prior-art,"Recent (2024) AlN/GaN (polarization-heterostructure variant of AlGaN/GaN) 2DEG Hall device physics paper, directly extending the mission's own PI's (Debbie G. Senesky, co-author) published Hall-sensor device-physics track record, relevant to the novelty rebuttal.","Independently verified this session (global attempt 4) via a live Crossref API works/10.1109/ted.2024.3382643 fetch performed by a dedicated model=sonnet verification subagent (batch 2); title, author list, venue/container-title, year, and volume/issue/pages all checked against the candidate claim.",metadata_only,Full 11-author list confirmed via Crossref this session; Debbie G. Senesky confirmed as 7th author (Stanford affiliation).
A0022,"Yoshinobu Sugiyama, ""Temperature dependence of an InGaAs-2DEG Hall device with large magnetic sensitivity,"" Sensors and Actuators A: Physical, vol. 40, no. 2, pp. 135-140, 1994.",Temperature dependence of an InGaAs-2DEG Hall device with large magnetic sensitivity,Yoshinobu Sugiyama,1994,Sensors and Actuators A: Physical,10.1016/0924-4247(94)85019-4,https://doi.org/10.1016/0924-4247(94)85019-4,journal_article,verified_peer_reviewed,B,algan-gan-2deg;iii-v-hall-platform;sensitivity;temperature-coefficient;gan-sic-wbg-device,"Comparable non-GaN III-V 2DEG (InGaAs) Hall device physics paper, supporting benchmarking GaN's competitive position against other 2DEG Hall-sensor material systems.","Independently verified this session (global attempt 4) via a live Crossref API works/10.1016/0924-4247(94)85019-4 fetch performed by a dedicated model=sonnet verification subagent (batch 2); title, author list, venue/container-title, year, and volume/issue/pages all checked against the candidate claim.",metadata_only,Early (1994) foundational InGaAs-2DEG Hall device physics/sensitivity paper; useful historical baseline for comparing GaN 2DEG Hall device performance trends.
A0023,"N. Haned, ""Nano-tesla magnetic field magnetometry using an InGaAs-AlGaAs-GaAs 2DEG Hall sensor,"" Sensors and Actuators A: Physical, vol. 102, no. 3, pp. 216-222, 2003.",Nano-tesla magnetic field magnetometry using an InGaAs-AlGaAs-GaAs 2DEG Hall sensor,N. Haned,2003,Sensors and Actuators A: Physical,10.1016/s0924-4247(02)00386-2,https://doi.org/10.1016/s0924-4247(02)00386-2,journal_article,verified_peer_reviewed,B,algan-gan-2deg;iii-v-hall-platform;sensitivity;noise;gan-sic-wbg-device,"Comparable non-GaN III-V (InGaAs/AlGaAs/GaAs) 2DEG Hall sensor benchmarking paper reporting nanotesla-level field resolution, relevant for positioning GaN's sensitivity/noise floor against established GaAs-family 2DEG Hall sensors.","Independently verified this session (global attempt 4) via a live Crossref API works/10.1016/s0924-4247(02)00386-2 fetch performed by a dedicated model=sonnet verification subagent (batch 2); title, author list, venue/container-title, year, and volume/issue/pages all checked against the candidate claim.",metadata_only,Crossref's DOI-suffix year token (02) reflects publisher registration; the confirmed Crossref publication year is 2003 as claimed.
A0024,"Anand Lalwani; Miriam Giparakis; Kanika Arora; Avidesh Maharaj; Akash Levy; Gottfried Strasser; Aaron Maxwell Andrews; Helmut Koeck; Debbie G. Senesky, ""Effect of Geometry on the Frequency Limit of GaAs/AlGaAs 2-D Electron Gas (2DEG) Hall Effect Sensors,"" IEEE Sensors Letters, vol. 7, no. 12, pp. 1-4, 2023.",Effect of Geometry on the Frequency Limit of GaAs/AlGaAs 2-D Electron Gas (2DEG) Hall Effect Sensors,Anand Lalwani; Miriam Giparakis; Kanika Arora; Avidesh Maharaj; Akash Levy; Gottfried Strasser; Aaron Maxwell Andrews; Helmut Koeck; Debbie G. Senesky,2023,IEEE Sensors Letters,10.1109/lsens.2023.3320039,https://doi.org/10.1109/lsens.2023.3320039,journal_article,verified_peer_reviewed,B,algan-gan-2deg;iii-v-hall-platform;hall-geometry;bandwidth;hall-sensor-review;novelty-comparison;senesky-group-prior-art,"Recent (2023) comparable non-GaN III-V (GaAs/AlGaAs) 2DEG Hall sensor geometry/frequency-response study, directly usable for benchmarking GaN's competitive position, and from the same PI (Senesky) and venue (IEEE Sensors Letters) as the manuscript under review.","Independently verified this session (global attempt 4) via a live Crossref API works/10.1109/lsens.2023.3320039 fetch performed by a dedicated model=sonnet verification subagent (batch 2); title, author list, venue/container-title, year, and volume/issue/pages all checked against the candidate claim.",metadata_only,Full 9-author list confirmed via Crossref this session; Debbie G. Senesky confirmed as final (9th) author.
A0025,"Mohammadreza Sadeghi; James Sexton; Chen-Wei Liang; Mohamed Missous, ""Highly Sensitive Nanotesla Quantum-Well Hall-Effect Integrated Circuit Using GaAs-InGaAs-AlGaAs 2DEG,"" IEEE Sensors Journal, vol. 15, no. 3, pp. 1817-1824, 2015.",Highly Sensitive Nanotesla Quantum-Well Hall-Effect Integrated Circuit Using GaAs-InGaAs-AlGaAs 2DEG,Mohammadreza Sadeghi; James Sexton; Chen-Wei Liang; Mohamed Missous,2015,IEEE Sensors Journal,10.1109/jsen.2014.2368074,https://doi.org/10.1109/jsen.2014.2368074,journal_article,verified_peer_reviewed,B,algan-gan-2deg;iii-v-hall-platform;sensitivity;noise;gan-sic-wbg-device;novelty-comparison,"Comparable non-GaN III-V (GaAs/InGaAs/AlGaAs) 2DEG quantum-well Hall IC, a state-of-the-art sensitivity benchmark, supporting competitive-positioning claims for GaN Hall sensors.","Independently verified this session (global attempt 4) via a live Crossref API works/10.1109/jsen.2014.2368074 fetch performed by a dedicated model=sonnet verification subagent (batch 2); title, author list, venue/container-title, year, and volume/issue/pages all checked against the candidate claim.",metadata_only,"DOI year token (2014) reflects early-access date; Crossref-confirmed print year is 2015, matching the claim."
A0026,"T. Berus; M. Oszwaldowski; J. Grabowski, ""High quality Hall sensors made of heavily doped n-InSb epitaxial films,"" Sensors and Actuators A: Physical, vol. 116, no. 1, pp. 75-78, 2004.",High quality Hall sensors made of heavily doped n-InSb epitaxial films,T. Berus; M. Oszwaldowski; J. Grabowski,2004,Sensors and Actuators A: Physical,10.1016/j.sna.2004.03.029,https://doi.org/10.1016/j.sna.2004.03.029,journal_article,verified_peer_reviewed,B,algan-gan-2deg;iii-v-hall-platform;temperature-coefficient;harsh-temperature;gan-sic-wbg-device;novelty-comparison,"Comparable non-GaN III-V (InSb) Hall-sensor material platform paper, supporting benchmarking GaN's competitive position against the highest-mobility conventional Hall-sensor material.","Independently verified this session (global attempt 4) via a live Crossref API works/10.1016/j.sna.2004.03.029 fetch performed by a dedicated model=sonnet verification subagent (batch 2); title, author list, venue/container-title, year, and volume/issue/pages all checked against the candidate claim.",metadata_only,"InSb has much higher room-temperature mobility than GaN 2DEG but poorer thermal/temperature stability, a key comparison point for GaN's high-temperature value proposition."
A0027,"K. Togawa; H. Sanbonsugi; A. Lapicki; M. Abe; H. Handa; A. Sandhu, ""High-sensitivity InSb thin-film micro-Hall sensor arrays for simultaneous multiple detection of magnetic beads for biomedical applications,"" IEEE Transactions on Magnetics, vol. 41, no. 10, pp. 3661-3663, 2005.",High-sensitivity InSb thin-film micro-Hall sensor arrays for simultaneous multiple detection of magnetic beads for biomedical applications,K. Togawa; H. Sanbonsugi; A. Lapicki; M. Abe; H. Handa; A. Sandhu,2005,IEEE Transactions on Magnetics,10.1109/tmag.2005.854789,https://doi.org/10.1109/tmag.2005.854789,journal_article,verified_peer_reviewed,B,iii-v-hall-platform;sensitivity,"Comparable non-GaN III-V (InSb) micro-Hall sensor array platform, supporting benchmarking GaN's competitive position for sensitivity-critical/array applications.","Independently verified this session (global attempt 4) via a live Crossref API works/10.1109/tmag.2005.854789 fetch performed by a dedicated model=sonnet verification subagent (batch 2); title, author list, venue/container-title, year, and volume/issue/pages all checked against the candidate claim.",metadata_only,"Journal version preferred over the earlier INTERMAG Asia 2005 conference paper covering essentially the same work, to avoid near-duplicate reporting."
A0028,"Udo Ausserlechner, ""Hall Effect Devices with Three Terminals: Their Magnetic Sensitivity and Offset Cancellation Scheme,"" Journal of Sensors, vol. 2016, pp. 1-16, 2016.",Hall Effect Devices with Three Terminals: Their Magnetic Sensitivity and Offset Cancellation Scheme,Udo Ausserlechner,2016,Journal of Sensors,10.1155/2016/5625607,https://doi.org/10.1155/2016/5625607,journal_article,verified_peer_reviewed,B,hall-geometry;sensitivity;offset;offset-cancellation,"Analytically computes the Hall-geometry factor for 3- and 4-terminal Hall/vertical-Hall devices and proposes a 6-phase offset-cancellation scheme, directly bearing on geometric design and offset-origin coverage bullets.","Independently verified this session (global attempt 4) via a live Crossref API works/10.1155/2016/5625607 fetch performed by a dedicated model=sonnet verification subagent (batch 2); title, author list, venue/container-title, year, and volume/issue/pages all checked against the candidate claim. Lead researcher additionally fetched the live Crossref abstract field directly this session to confirm the specific claim in the notes column (not delegated, not carried over from the quarantined attempt's claim).",abstract_metadata,"Abstract fetched and read directly this session (lead researcher, live Crossref abstract field): confirms the residual offset of 3-contact vertical Hall devices is found smaller than that of conventional 5-contact vertical Hall devices, via a 6-phase offset-cancellation scheme."
A0029,"Sandra Bellekom, ""CMOS versus bipolar Hall plates regarding offset correction,"" Sensors and Actuators A: Physical, vol. 76, no. 1-3, pp. 178-182, 1999.",CMOS versus bipolar Hall plates regarding offset correction,Sandra Bellekom,1999,Sensors and Actuators A: Physical,10.1016/s0924-4247(99)00007-2,https://doi.org/10.1016/s0924-4247(99)00007-2,journal_article,verified_peer_reviewed,B,offset;spinning-current;offset-cancellation;novelty-comparison,"Directly compares CMOS vs. bipolar Hall-plate offset behavior and spinning-current correction, supporting the zero-field offset-origin bullet.","Independently verified this session (global attempt 4) via a live Crossref API works/10.1016/s0924-4247(99)00007-2 fetch performed by a dedicated model=sonnet verification subagent (batch 3); title, author list, venue/container-title, year, and volume/issue/pages all checked against the candidate claim.",metadata_only,Cites Munter's original spinning-current Hall plate work (A0012) as foundational context; process-technology-dependent offset comparison.
A0030,"P. Ruther; U. Schiller; W. Buesser; R. Janke; O. Paul, ""Thermomagnetic residual offset in integrated Hall plates,"" Proceedings of IEEE Sensors 2002, vol. 2, pp. 763-766, 2002.",Thermomagnetic residual offset in integrated Hall plates,P. Ruther; U. Schiller; W. Buesser; R. Janke; O. Paul,2002,Proceedings of IEEE Sensors 2002,10.1109/icsens.2002.1037202,https://doi.org/10.1109/icsens.2002.1037202,conference_paper,verified_peer_reviewed,C,offset;spinning-current;extreme-environment-instrumentation;fusion-diagnostics-context,"Identifies a residual offset mechanism (thermomagnetic, Nernst/Ettingshausen-related) that persists after spinning-current cancellation, adding to the offset-origin evidence beyond simple geometric asymmetry.","Independently verified this session (global attempt 4) via a live Crossref API works/10.1109/icsens.2002.1037202 fetch performed by a dedicated model=sonnet verification subagent (batch 3); title, author list, venue/container-title, year, and volume/issue/pages all checked against the candidate claim.",metadata_only,Full 5-author list confirmed via Crossref this session (peer-reviewed IEEE Sensors conference proceedings).
A0031,"Fei Lyu; Zhenyan Zhang; Eng-Huat Toh; Xinfu Liu; Yinjie Ding; Yifan Pan; Chengjie Li; Li Li; Jin Sha; Hongbing Pan, ""Performance Comparison of Cross-Like Hall Plates with Different Covering Layers,"" Sensors, vol. 15, no. 1, pp. 672-686, 2015.",Performance Comparison of Cross-Like Hall Plates with Different Covering Layers,Fei Lyu; Zhenyan Zhang; Eng-Huat Toh; Xinfu Liu; Yinjie Ding; Yifan Pan; Chengjie Li; Li Li; Jin Sha; Hongbing Pan,2015,Sensors,10.3390/s150100672,https://doi.org/10.3390/s150100672,journal_article,verified_peer_reviewed,C,hall-geometry;sensitivity;offset;novelty-comparison,"Characterizes cross-like (Greek-cross-type) Hall-plate sensitivity and offset for different active-area covering-layer designs, directly relevant to geometric-design and offset-origin bullets.","Independently verified this session (global attempt 4) via a live Crossref API works/10.3390/s150100672 fetch performed by a dedicated model=sonnet verification subagent (batch 3); title, author list, venue/container-title, year, and volume/issue/pages all checked against the candidate claim. Lead researcher additionally fetched the live Crossref abstract field directly this session to confirm the specific claim in the notes column (not delegated, not carried over from the quarantined attempt's claim).",abstract_metadata,"Abstract fetched and read directly this session (lead researcher): confirms current-related sensitivity and offset were measured on a self-built system for different P-type covering-layer designs, with an eight-resistor equivalent-circuit model including offset. Full 10-author list confirmed via Crossref; MDPI online-first date (2014-12-31) precedes the vol.15/issue.1 (Jan 2015) print issue -- 2015 used as the conventionally cited year."
A0032,"Yue Xu; Xingxing Hu; Lei Jiang, ""An Analytical Geometry Optimization Model for Current-Mode Cross-Like Hall Plates,"" Sensors, vol. 19, no. 11, pp. 2490, 2019.",An Analytical Geometry Optimization Model for Current-Mode Cross-Like Hall Plates,Yue Xu; Xingxing Hu; Lei Jiang,2019,Sensors,10.3390/s19112490,https://doi.org/10.3390/s19112490,journal_article,verified_peer_reviewed,C,hall-geometry;sensitivity;spinning-current;noise,"Conformal-mapping-based analytical model relating cross-like Hall-plate aspect ratio (L/W) to current-related sensitivity and SNR, core evidence for the geometry-vs-sensitivity optimization bullet.","Independently verified this session (global attempt 4) via a live Crossref API works/10.3390/s19112490 fetch performed by a dedicated model=sonnet verification subagent (batch 3); title, author list, venue/container-title, year, and volume/issue/pages all checked against the candidate claim. Lead researcher additionally fetched the live Crossref abstract field directly this session to confirm the specific claim in the notes column (not delegated, not carried over from the quarantined attempt's claim).",abstract_metadata,"Abstract fetched and read directly this session (lead researcher): confirms an optimal L/W range of 0.4-0.5 for current-mode cross-like Hall plates when thermal noise is included, validated against 3D TCAD simulation."
A0033,"W. Versnel, ""Analysis of the Greek cross, a Van der Pauw structure with finite contacts,"" Solid-State Electronics, vol. 22, no. 11, pp. 911-914, 1979.","Analysis of the Greek cross, a Van der Pauw structure with finite contacts",W. Versnel,1979,Solid-State Electronics,10.1016/0038-1101(79)90061-3,https://doi.org/10.1016/0038-1101(79)90061-3,journal_article,verified_peer_reviewed,A,hall-geometry,"Foundational analytical treatment of the Greek-cross van der Pauw Hall geometry with finite (non-point) contacts, directly supporting the Greek-cross/van der Pauw geometric-design bullet.","Independently verified this session (global attempt 4) via a live Crossref API works/10.1016/0038-1101(79)90061-3 fetch performed by a dedicated model=sonnet verification subagent (batch 3); title, author list, venue/container-title, year, and volume/issue/pages all checked against the candidate claim.",metadata_only,Seminal reference cited by nearly all later cross-shaped Hall-plate geometry papers found in this search.
A0034,"W. Versnel, ""Analysis of symmetrical Hall plates with finite contacts,"" Journal of Applied Physics, vol. 52, no. 7, pp. 4659-4666, 1981.",Analysis of symmetrical Hall plates with finite contacts,W. Versnel,1981,Journal of Applied Physics,10.1063/1.329347,https://doi.org/10.1063/1.329347,journal_article,verified_peer_reviewed,A,hall-geometry;sensitivity,"Companion foundational paper deriving the geometry (correction) factor for symmetric Hall plates with finite contacts, core theory for rectangular/square aspect-ratio effects on sensitivity.","Independently verified this session (global attempt 4) via a live Crossref API works/10.1063/1.329347 fetch performed by a dedicated model=sonnet verification subagent (batch 3); title, author list, venue/container-title, year, and volume/issue/pages all checked against the candidate claim.",metadata_only,Frequently cited alongside A0033 as the analytical basis for Hall-plate geometry-factor calculations.
A0035,"W. Versnel, ""Analysis of a circular Hall plate with equal finite contacts,"" Solid-State Electronics, vol. 24, no. 1, pp. 63-68, 1981.",Analysis of a circular Hall plate with equal finite contacts,W. Versnel,1981,Solid-State Electronics,10.1016/0038-1101(81)90213-6,https://doi.org/10.1016/0038-1101(81)90213-6,journal_article,verified_peer_reviewed,A,hall-geometry;extreme-environment-instrumentation;fusion-diagnostics-context,"Extends the finite-contact geometry-factor analysis to circular/octagonal-family Hall-plate geometries, supporting the geometric-design bullet's coverage beyond rectangular/cross shapes.","Independently verified this session (global attempt 4) via a live Crossref API works/10.1016/0038-1101(81)90213-6 fetch performed by a dedicated model=sonnet verification subagent (batch 3); title, author list, venue/container-title, year, and volume/issue/pages all checked against the candidate claim.",metadata_only,Part of the Versnel trilogy (with A0033/A0034) foundational to Hall-geometry-factor theory used throughout later device-optimization literature.
A0036,"Guo Zhang; Jinyu Zhang; Zhan Liu; Peng Wu; Huaqiang Wu; He Qian; Yan Wang; Zhiyong Zhang; Zhiping Yu, ""Geometry Optimization of Planar Hall Devices Under Voltage Biasing,"" IEEE Transactions on Electron Devices, vol. 61, no. 12, pp. 4216-4223, 2014.",Geometry Optimization of Planar Hall Devices Under Voltage Biasing,Guo Zhang; Jinyu Zhang; Zhan Liu; Peng Wu; Huaqiang Wu; He Qian; Yan Wang; Zhiyong Zhang; Zhiping Yu,2014,IEEE Transactions on Electron Devices,10.1109/ted.2014.2361686,https://doi.org/10.1109/ted.2014.2361686,journal_article,verified_peer_reviewed,B,hall-geometry;sensitivity;planar-hall-effect,"Directly targets geometry optimization for voltage-biased Hall devices, i.e. voltage-related sensitivity (S_V) optimization, a core sub-topic of this lane.","Independently verified this session (global attempt 4) via a live Crossref API works/10.1109/ted.2014.2361686 fetch performed by a dedicated model=sonnet verification subagent (batch 3); title, author list, venue/container-title, year, and volume/issue/pages all checked against the candidate claim.",metadata_only,'Planar Hall devices' here denotes the standard in-plane ordinary-Hall device geometry (not the anisotropic-magnetoresistance planar Hall effect); relevant to S_V-optimized geometric design. Full 9-author list confirmed via Crossref this session.
A0037,"Udo Ausserlechner, ""The signal-to-noise ratio and a hidden symmetry of Hall plates,"" Solid-State Electronics, vol. 135, pp. 14-23, 2017.",The signal-to-noise ratio and a hidden symmetry of Hall plates,Udo Ausserlechner,2017,Solid-State Electronics,10.1016/j.sse.2017.06.007,https://doi.org/10.1016/j.sse.2017.06.007,journal_article,verified_peer_reviewed,B,hall-geometry;sensitivity;noise,"Theoretical treatment connecting Hall-plate geometry/symmetry to SNR and sensitivity, supporting both the geometric-design and S_I/S_V-optimization bullets.","Independently verified this session (global attempt 4) via a live Crossref API works/10.1016/j.sse.2017.06.007 fetch performed by a dedicated model=sonnet verification subagent (batch 3); title, author list, venue/container-title, year, and volume/issue/pages all checked against the candidate claim.",metadata_only,By a leading Infineon Hall-sensor theorist; frequently cited by later cross-like Hall-plate optimization papers found in this search.
A0038,"Dongli Zhang; Mingxiang Wang; Kai Sun, ""Low Frequency Noise Characterization and Signal-to-Noise Ratio Optimization for Silicon Hall Cross Sensors,"" IEEE Journal of the Electron Devices Society, vol. 3, no. 4, pp. 365-370, 2015.",Low Frequency Noise Characterization and Signal-to-Noise Ratio Optimization for Silicon Hall Cross Sensors,Dongli Zhang; Mingxiang Wang; Kai Sun,2015,IEEE Journal of the Electron Devices Society,10.1109/jeds.2015.2418794,https://doi.org/10.1109/jeds.2015.2418794,journal_article,verified_peer_reviewed,B,iii-v-hall-platform;hall-geometry;sensitivity;noise,"Optimizes cross-shaped silicon Hall-sensor SNR/sensitivity, relevant to geometric design and current/voltage sensitivity optimization bullets.","Independently verified this session (global attempt 4) via a live Crossref API works/10.1109/jeds.2015.2418794 fetch performed by a dedicated model=sonnet verification subagent (batch 3); title, author list, venue/container-title, year, and volume/issue/pages all checked against the candidate claim.",metadata_only,"Cross-geometry-specific SNR/sensitivity tradeoff analysis, complementary to A0032 and A0037."
A0039,"Marco Crescentini; Michele Biondi; Aldo Romani; Marco Tartagni; Enrico Sangiorgi, ""Optimum Design Rules for CMOS Hall Sensors,"" Sensors, vol. 17, no. 4, pp. 765, 2017.",Optimum Design Rules for CMOS Hall Sensors,Marco Crescentini; Michele Biondi; Aldo Romani; Marco Tartagni; Enrico Sangiorgi,2017,Sensors,10.3390/s17040765,https://doi.org/10.3390/s17040765,journal_article,verified_peer_reviewed,C,hall-geometry;sensitivity;offset;noise,Establishes design rules linking Hall-plate geometry to sensitivity/offset/noise tradeoffs for integrated CMOS Hall sensors.,"Independently verified this session (global attempt 4) via a live Crossref API works/10.3390/s17040765 fetch performed by a dedicated model=sonnet verification subagent (batch 3); title, author list, venue/container-title, year, and volume/issue/pages all checked against the candidate claim.",metadata_only,"Full 5-author list confirmed via Crossref this session, complementing the analytical geometry-optimization papers with a design-rule-oriented synthesis."
A0040,"Hadi Heidari; Umberto Gatti; Franco Maloberti, ""Sensitivity characteristics of horizontal and vertical Hall sensors in the voltage- and current-mode,"" 2015 11th Conference on Ph.D. Research in Microelectronics and Electronics (PRIME), pp. 330-333, 2015.",Sensitivity characteristics of horizontal and vertical Hall sensors in the voltage- and current-mode,Hadi Heidari; Umberto Gatti; Franco Maloberti,2015,2015 11th Conference on Ph.D. Research in Microelectronics and Electronics (PRIME),10.1109/prime.2015.7251402,https://doi.org/10.1109/prime.2015.7251402,conference_paper,verified_peer_reviewed,C,hall-geometry;sensitivity;spinning-current;temperature-coefficient;novelty-comparison,"Directly compares current-related sensitivity (S_I) vs. voltage-related sensitivity (S_V) for horizontal and vertical Hall devices, the clearest match to that specific sub-bullet.","Independently verified this session (global attempt 4) via a live Crossref API works/10.1109/prime.2015.7251402 fetch performed by a dedicated model=sonnet verification subagent (batch 3); title, author list, venue/container-title, year, and volume/issue/pages all checked against the candidate claim.",metadata_only,Companion/precursor work to A0041 by the same group (Heidari/Gatti/Maloberti).
A0041,"Hadi Heidari; Edoardo Bonizzoni; Umberto Gatti; Franco Maloberti, ""A CMOS Current-Mode Magnetic Hall Sensor With Integrated Front-End,"" IEEE Transactions on Circuits and Systems I: Regular Papers, vol. 62, no. 5, pp. 1270-1278, 2015.",A CMOS Current-Mode Magnetic Hall Sensor With Integrated Front-End,Hadi Heidari; Edoardo Bonizzoni; Umberto Gatti; Franco Maloberti,2015,IEEE Transactions on Circuits and Systems I: Regular Papers,10.1109/tcsi.2015.2415173,https://doi.org/10.1109/tcsi.2015.2415173,journal_article,verified_peer_reviewed,B,sensitivity;spinning-current;novelty-comparison,Current-mode Hall-sensor readout design directly tied to current-related sensitivity (S_I) theory and optimization.,"Independently verified this session (global attempt 4) via a live Crossref API works/10.1109/tcsi.2015.2415173 fetch performed by a dedicated model=sonnet verification subagent (batch 3); title, author list, venue/container-title, year, and volume/issue/pages all checked against the candidate claim.",metadata_only,"By the Pavia group (Heidari/Bonizzoni/Gatti/Maloberti), same authors as A0040."
A0042,"J. L. Ramirez; F. Fruett, ""Octagonal geometry Hall plate designed for the PiezoHall effect measurement,"" 28th Symposium on Microelectronics Technology and Devices (SBMicro 2013), pp. 1-4, 2013.",Octagonal geometry Hall plate designed for the PiezoHall effect measurement,J. L. Ramirez; F. Fruett,2013,28th Symposium on Microelectronics Technology and Devices (SBMicro 2013),10.1109/sbmicro.2013.6676127,https://doi.org/10.1109/sbmicro.2013.6676127,conference_paper,verified_peer_reviewed,C,hall-geometry;offset;spinning-current,"Uses octagonal Hall-plate geometry specifically to isolate and measure the piezo-Hall effect, directly supporting both the octagonal-geometry and piezo-Hall-offset-origin bullets.","Independently verified this session (global attempt 4) via a live Crossref API works/10.1109/sbmicro.2013.6676127 fetch performed by a dedicated model=sonnet verification subagent (batch 3); title, author list, venue/container-title, year, and volume/issue/pages all checked against the candidate claim.",metadata_only,"References Munter's spinning-current work (A0012) as background, confirming topical proximity without duplicating it. Peer-reviewed IEEE-sponsored SBMicro proceedings."
A0043,"Arup Polley; Srinath M. Ramaswamy; Baher S. Haroun, ""Residual Offset in Silicon Hall-Effect Sensor: Analytical Formula, Stress Effects, and Implications for Octagonal Hall Plate Geometry,"" IEEE Sensors Journal, vol. 20, no. 19, pp. 11283-11291, 2020.","Residual Offset in Silicon Hall-Effect Sensor: Analytical Formula, Stress Effects, and Implications for Octagonal Hall Plate Geometry",Arup Polley; Srinath M. Ramaswamy; Baher S. Haroun,2020,IEEE Sensors Journal,10.1109/jsen.2020.2997292,https://doi.org/10.1109/jsen.2020.2997292,journal_article,verified_peer_reviewed,B,algan-gan-2deg;iii-v-hall-platform;hall-geometry;offset;spinning-current;gan-sic-wbg-device,"Derives an analytical formula for residual (post-spinning-current) offset from mechanical stress/piezoresistive effects and its implications specifically for octagonal Hall-plate geometry, directly supporting both offset-origin and geometry bullets.","Independently verified this session (global attempt 4) via a live Crossref API works/10.1109/jsen.2020.2997292 fetch performed by a dedicated model=sonnet verification subagent (batch 4); title, author list, venue/container-title, year, and volume/issue/pages all checked against the candidate claim.",metadata_only,"Cites Ausserlechner's three-terminal paper (A0028) and the Alpert/Dowling AlGaN/GaN geometry paper (A0006) as references, confirming strong topical continuity."
A0044,"Ch. Schott; P.-A. Besse; R. S. Popovic, ""Planar Hall effect in the vertical Hall sensor,"" Sensors and Actuators A: Physical, vol. 85, no. 1-3, pp. 111-115, 2000.",Planar Hall effect in the vertical Hall sensor,Ch. Schott; P.-A. Besse; R. S. Popovic,2000,Sensors and Actuators A: Physical,10.1016/s0924-4247(00)00328-9,https://doi.org/10.1016/s0924-4247(00)00328-9,journal_article,verified_peer_reviewed,A,hall-geometry;planar-hall-effect;cross-axis-sensitivity;parasitics,"Core paper directly analyzing the planar Hall effect as a distinct parasitic/cross-axis interference mechanism corrupting the ordinary-Hall-effect signal in vertical Hall sensors, the clearest match to the planar-Hall/cross-axis-interference sub-bullet.","Independently verified this session (global attempt 4) via a live Crossref API works/10.1016/s0924-4247(00)00328-9 fetch performed by a dedicated model=sonnet verification subagent (batch 4); title, author list, venue/container-title, year, and volume/issue/pages all checked against the candidate claim.",metadata_only,By Popovic's group (a foundational Hall-sensor research lineage); explicitly distinguishes ordinary Hall response from planar-Hall-induced distortion of the perpendicular-field measurement.
A0045,"Karen M. Dowling; Tanya Liu; Hannah S. Alpert; Caitlin A. Chapin; Savannah R. Eisner; Ananth Saran Yalamarthy; Peter F. Satterthwaite; Helmut Kock; Udo Ausserlechner; Mehdi Asheghi; Kenneth E. Goodson; Debbie G. Senesky, ""Low Offset and Noise in High Biased GaN 2DEG Hall-Effect Plates Investigated With Infrared Microscopy,"" Journal of Microelectromechanical Systems, vol. 29, no. 5, pp. 669-676, 2020.",Low Offset and Noise in High Biased GaN 2DEG Hall-Effect Plates Investigated With Infrared Microscopy,Karen M. Dowling; Tanya Liu; Hannah S. Alpert; Caitlin A. Chapin; Savannah R. Eisner; Ananth Saran Yalamarthy; Peter F. Satterthwaite; Helmut Kock; Udo Ausserlechner; Mehdi Asheghi; Kenneth E. Goodson; Debbie G. Senesky,2020,Journal of Microelectromechanical Systems,10.1109/jmems.2020.3013187,https://doi.org/10.1109/jmems.2020.3013187,journal_article,verified_peer_reviewed,B,algan-gan-2deg;offset;spinning-current;offset-cancellation;noise;gan-sic-wbg-device;senesky-group-prior-art,"Direct Senesky-group prior art on current-spinning offset cancellation applied specifically to AlGaN/GaN 2DEG Hall plates, using infrared microscopy to explain residual-offset mechanisms (current crowding, Joule heating) after four-phase spinning.","Independently verified this session (global attempt 4) via a live Crossref API works/10.1109/jmems.2020.3013187 fetch performed by a dedicated model=sonnet verification subagent (batch 4); title, author list, venue/container-title, year, and volume/issue/pages all checked against the candidate claim.",metadata_only,"Full 12-author list confirmed exactly via live Crossref fetch this session; same author cluster as A0014 (Dowling, Alpert, Yalamarthy, Satterthwaite, Kock, Ausserlechner, Senesky all shared), with Debbie G. Senesky confirmed as final author. Explicitly builds on A0014's spinning-current low-offset result."
A0046,"Jiya Janowitz; Max Holliday; Karen Dowling; Brandon Yeung; Sai Kumar; Ricardo Peterson; Hannah Alpert; Caitlin Chapin; Jhorge Lopez; Debbie G. Senesky, ""Deployment of InAlN/GaN Hall-effect Sensors for Bucket Transformer Monitoring and Forecasting,"" 2020 IEEE SENSORS, pp. 1-4, 2020.",Deployment of InAlN/GaN Hall-effect Sensors for Bucket Transformer Monitoring and Forecasting,Jiya Janowitz; Max Holliday; Karen Dowling; Brandon Yeung; Sai Kumar; Ricardo Peterson; Hannah Alpert; Caitlin Chapin; Jhorge Lopez; Debbie G. Senesky,2020,2020 IEEE SENSORS,10.1109/sensors47125.2020.9278866,https://doi.org/10.1109/sensors47125.2020.9278866,conference_paper,verified_peer_reviewed,C,algan-gan-2deg;offset;offset-cancellation;gan-sic-wbg-device;hall-sensor-review;senesky-group-prior-art,"Senesky-group field-deployment prior art for III-N (InAlN/GaN) Hall-effect sensors, showing the group's applied work extends beyond bench-scale offset characterization into a real deployed-sensing use case.","Independently verified this session (global attempt 4) via a live Crossref API works/10.1109/sensors47125.2020.9278866 fetch performed by a dedicated model=sonnet verification subagent (batch 4); title, author list, venue/container-title, year, and volume/issue/pages all checked against the candidate claim.",metadata_only,Full 10-author list confirmed via Crossref this session; Debbie G. Senesky confirmed as final author. IEEE SENSORS is a peer-reviewed IEEE conference.
A0047,"K.M. Dowling; H.A. Alpert; P. Zhang; A. Ramirez; A.S. Yalamarthy; H. Koeck; U. Ausserlechner; D.G. Senesky, ""The Effect of Bias Conditions on AlGaN/GaN 2DEG Hall Plates,"" 2018 Solid-State Sensors, Actuators, and Microsystems Workshop (Hilton Head) Technical Digest, pp. 194-197, 2018.",The Effect of Bias Conditions on AlGaN/GaN 2DEG Hall Plates,K.M. Dowling; H.A. Alpert; P. Zhang; A. Ramirez; A.S. Yalamarthy; H. Koeck; U. Ausserlechner; D.G. Senesky,2018,"2018 Solid-State Sensors, Actuators, and Microsystems Workshop (Hilton Head) Technical Digest",10.31438/trf.hh2018.54,https://doi.org/10.31438/trf.hh2018.54,conference_paper,verified_peer_reviewed,C,algan-gan-2deg;offset;gan-sic-wbg-device;hall-sensor-review;senesky-group-prior-art,"Earlier Senesky-group prior art directly preceding A0014, same core author team investigating bias-condition effects on AlGaN/GaN 2DEG Hall plate offset.","Independently verified this session (global attempt 4) via a live Crossref API works/10.31438/trf.hh2018.54 fetch performed by a dedicated model=sonnet verification subagent (batch 4); title, author list, venue/container-title, year, and volume/issue/pages all checked against the candidate claim.",metadata_only,"Full 8-author list confirmed via live Crossref fetch this session; D.G. Senesky confirmed as final author. Note: Crossref's own container-title field for this DOI literally omits the words 'Sensors' and '(Hilton Head)' (reads '...Solid-State, Actuators, and Microsystems Workshop...'); this is treated as an idiosyncrasy in that registration for the well-established Hilton Head Workshop series, not evidence of a different work -- the conventional full name is used above with this caveat stated honestly. Transducer Research Foundation archival proceedings, standard peer-reviewed venue in the MEMS/sensors community."
A0048,"U. Ausserlechner, ""Limits of offset cancellation by the principle of spinning current Hall probe,"" Proceedings of IEEE Sensors, 2004, pp. 1117-1120, 2004.",Limits of offset cancellation by the principle of spinning current Hall probe,U. Ausserlechner,2004,"Proceedings of IEEE Sensors, 2004",10.1109/icsens.2004.1426372,https://doi.org/10.1109/icsens.2004.1426372,conference_paper,verified_peer_reviewed,C,offset;spinning-current;offset-cancellation;linearity;hall-sensor-review;novelty-comparison,"Foundational analysis of the theoretical limits of spinning-current offset cancellation (voltage-biased vs. current-biased probes, electrical nonlinearity effects), core background for evaluating what offset cancellation via spinning current can and cannot achieve, directly relevant to the reviewer's novelty concern.","Independently verified this session (global attempt 4) via a live Crossref API works/10.1109/icsens.2004.1426372 fetch performed by a dedicated model=sonnet verification subagent (batch 4); title, author list, venue/container-title, year, and volume/issue/pages all checked against the candidate claim.",metadata_only,"Author Udo Ausserlechner is an Infineon collaborator shared with A0014's author team. Classic, highly-cited limits analysis distinguishing current- vs voltage-biased spinning-current performance."
A0049,"A. Bilotti; G. Monreal, ""Chopper-stabilized amplifiers with a track-and-hold signal demodulator,"" IEEE Transactions on Circuits and Systems I: Fundamental Theory and Applications, vol. 46, no. 4, pp. 490-495, 1999.",Chopper-stabilized amplifiers with a track-and-hold signal demodulator,A. Bilotti; G. Monreal,1999,IEEE Transactions on Circuits and Systems I: Fundamental Theory and Applications,10.1109/81.754850,https://doi.org/10.1109/81.754850,journal_article,verified_peer_reviewed,B,offset;spinning-current;offset-cancellation;gan-sic-wbg-device;fusion-diagnostics-context,"Companion circuit-technique paper to A0050 (classic Bilotti/Monreal/Vig monolithic Hall IC), track-and-hold demodulation as an alternative/complementary offset-cancellation approach to spinning current.","Independently verified this session (global attempt 4) via a live Crossref API works/10.1109/81.754850 fetch performed by a dedicated model=sonnet verification subagent (batch 4); title, author list, venue/container-title, year, and volume/issue/pages all checked against the candidate claim.",metadata_only,Authors are Allegro MicroSystems Hall-sensor engineers.
A0050,"A. Bilotti; G. Monreal; R. Vig, ""Monolithic magnetic Hall sensor using dynamic quadrature offset cancellation,"" IEEE Journal of Solid-State Circuits, vol. 32, no. 6, pp. 829-836, 1997.",Monolithic magnetic Hall sensor using dynamic quadrature offset cancellation,A. Bilotti; G. Monreal; R. Vig,1997,IEEE Journal of Solid-State Circuits,10.1109/4.585275,https://doi.org/10.1109/4.585275,journal_article,verified_peer_reviewed,A,algan-gan-2deg;offset;spinning-current;offset-cancellation;extreme-environment-instrumentation;gan-sic-wbg-device;fusion-diagnostics-context,"Classic, highly-cited monolithic Hall IC implementation of dynamic offset-cancellation (a spinning-current variant termed 'dynamic quadrature offset cancellation'), core prior-art reference for the general offset-cancellation-IC literature.","Independently verified this session (global attempt 4) via a live Crossref API works/10.1109/4.585275 fetch performed by a dedicated model=sonnet verification subagent (batch 4); title, author list, venue/container-title, year, and volume/issue/pages all checked against the candidate claim.",metadata_only,Foundational Allegro MicroSystems paper; commonly cited alongside Munter 1990 (A0012) as one of the seminal spinning-current/dynamic-offset-cancellation Hall IC references.
A0051,"M. Oszwaldowski; S. El-Ahmar, ""Double Hall sensor structure reducing voltage offset,"" Review of Scientific Instruments, vol. 88, no. 7, pp. 075005, 2017.",Double Hall sensor structure reducing voltage offset,M. Oszwaldowski; S. El-Ahmar,2017,Review of Scientific Instruments,10.1063/1.4993615,https://doi.org/10.1063/1.4993615,journal_article,verified_peer_reviewed,B,offset;spinning-current;offset-cancellation;hall-sensor-review,"Alternative (non-spinning-current) offset-reduction architecture, two independently-biased standard Hall sensors combined to cancel voltage offset, broadening the lane's coverage of offset-cancellation methods, and in Review of Scientific Instruments, directly relevant to the RSI target venue for project 03.","Independently verified this session (global attempt 4) via a live Crossref API works/10.1063/1.4993615 fetch performed by a dedicated model=sonnet verification subagent (batch 4); title, author list, venue/container-title, year, and volume/issue/pages all checked against the candidate claim. Lead researcher additionally fetched the live Crossref abstract field directly this session to confirm the specific claim in the notes column (not delegated, not carried over from the quarantined attempt's claim).",abstract_metadata,"Abstract fetched and read directly this session (lead researcher): confirms the double Hall sensor structure (DHSS) is composed of two standard Hall sensors activated with two currents from electrically independent current sources, achieving roughly three orders of magnitude offset reduction (minimum ~10 uV), limited by electrical noise rather than the structural design."
A0052,"Robbe Riem; Johan Raman; Pieter Rombouts, ""A 2 MS/s Full Bandwidth Hall System with Low Offset Enabled by Randomized Spinning,"" Sensors, vol. 22, no. 16, pp. 6069, 2022.",A 2 MS/s Full Bandwidth Hall System with Low Offset Enabled by Randomized Spinning,Robbe Riem; Johan Raman; Pieter Rombouts,2022,Sensors,10.3390/s22166069,https://doi.org/10.3390/s22166069,journal_article,verified_peer_reviewed,C,offset;spinning-current;noise;bandwidth;gan-sic-wbg-device;fusion-diagnostics-context,"Recent (2022), high-quality advance on the classic four-phase spinning-current method, randomization to remove additional offset components while enabling high-bandwidth notch-free operation. Strong modern reference for spinning-current refinement.","Independently verified this session (global attempt 4) via a live Crossref API works/10.3390/s22166069 fetch performed by a dedicated model=sonnet verification subagent (batch 4); title, author list, venue/container-title, year, and volume/issue/pages all checked against the candidate claim. Lead researcher additionally fetched the live Crossref abstract field directly this session to confirm the specific claim in the notes column (not delegated, not carried over from the quarantined attempt's claim).",abstract_metadata,"Abstract fetched and read directly this session (lead researcher): confirms input-referred Hall-plate offset reduced from 130+/-22 uT to 23+/-22 uT, with notch-free bandwidth up to 820 kHz. Silicon CMOS implementation."
A0053,"Xiaoqing Chen; Yue Xu; Xiaopeng Xie; YuFeng Guo; Yang Huang, ""A novel Hall dynamic offset cancellation circuit based on four-phase spinning current technique,"" 2015 China Semiconductor Technology International Conference (CSTIC), pp. 1-3, 2015.",A novel Hall dynamic offset cancellation circuit based on four-phase spinning current technique,Xiaoqing Chen; Yue Xu; Xiaopeng Xie; YuFeng Guo; Yang Huang,2015,2015 China Semiconductor Technology International Conference (CSTIC),10.1109/cstic.2015.7153483,https://doi.org/10.1109/cstic.2015.7153483,conference_paper,verified_peer_reviewed,C,offset;spinning-current;offset-cancellation;noise;linearity;hall-sensor-review;fusion-diagnostics-context,"CMOS circuit implementation combining four-phase spinning-current modulation with correlated double sampling (CDS) demodulation for Hall offset/1-f-noise cancellation, directly supporting the correlated-double-sampling and dynamic-offset-cancellation-ICs coverage bullets.","Independently verified this session (global attempt 4) via a live Crossref API works/10.1109/cstic.2015.7153483 fetch performed by a dedicated model=sonnet verification subagent (batch 4); title, author list, venue/container-title, year, and volume/issue/pages all checked against the candidate claim.",metadata_only,IEEE-published peer-reviewed conference proceedings (CSTIC). Full 5-author list confirmed via Crossref this session.
A0054,"Vincent Mosser; Nicolas Matringe; Youcef Haddab, ""A Spinning Current Circuit for Hall Measurements Down to the Nanotesla Range,"" IEEE Transactions on Instrumentation and Measurement, vol. 66, no. 4, pp. 637-650, 2017.",A Spinning Current Circuit for Hall Measurements Down to the Nanotesla Range,Vincent Mosser; Nicolas Matringe; Youcef Haddab,2017,IEEE Transactions on Instrumentation and Measurement,10.1109/tim.2017.2649858,https://doi.org/10.1109/tim.2017.2649858,journal_article,verified_peer_reviewed,B,offset;spinning-current;offset-cancellation;noise,"High-quality (IEEE TIM) spinning-current circuit achieving nanotesla-range residual offset and near-Johnson-noise-limited performance, a strong modern reference for residual-offset-after-spinning analysis and dynamic offset-cancellation circuit design.","Independently verified this session (global attempt 4) via a live Crossref API works/10.1109/tim.2017.2649858 fetch performed by a dedicated model=sonnet verification subagent (batch 4); title, author list, venue/container-title, year, and volume/issue/pages all checked against the candidate claim.",metadata_only,Bibliographic record confirmed exactly this session; the reported offset-reduction/noise-limit performance figures are per the paper's own scope and were not independently re-read at the abstract level this session (metadata_only accordingly).
A0055,"R.S. Popovic; B. Haelg, ""Nonlinearity in hall devices and its compensation,"" Solid-State Electronics, vol. 31, no. 12, pp. 1681-1688, 1988.",Nonlinearity in hall devices and its compensation,R.S. Popovic; B. Haelg,1988,Solid-State Electronics,10.1016/0038-1101(88)90064-0,https://doi.org/10.1016/0038-1101(88)90064-0,journal_article,verified_peer_reviewed,A,linearity;gan-sic-wbg-device;novelty-comparison,"Foundational classification of Hall-device nonlinearity (material, geometrical, junction-field-effect) versus applied field, and compensation methods, directly supporting the linearity/nonlinearity-of-Hall-response coverage bullet.","Independently verified this session (global attempt 4) via a live Crossref API works/10.1016/0038-1101(88)90064-0 fetch performed by a dedicated model=sonnet verification subagent (batch 4); title, author list, venue/container-title, year, and volume/issue/pages all checked against the candidate claim.",metadata_only,Classic Popovic/Haelg paper; frequently cited as the origin of the standard nonlinearity taxonomy used in later Hall-sensor characterization work.
A0056,"Marco Crescentini; Marco Marchesi; Aldo Romani; Marco Tartagni; Pier Andrea Traverso, ""Bandwidth Limits in Hall Effect-based Current Sensors,"" Acta IMEKO, vol. 6, no. 4, pp. 17, 2017.",Bandwidth Limits in Hall Effect-based Current Sensors,Marco Crescentini; Marco Marchesi; Aldo Romani; Marco Tartagni; Pier Andrea Traverso,2017,Acta IMEKO,10.21014/acta_imeko.v6i4.478,https://doi.org/10.21014/acta_imeko.v6i4.478,journal_article,verified_peer_reviewed,B,spinning-current;bandwidth;parasitics;gan-sic-wbg-device,"Directly targets bandwidth limitations of Hall-effect readout circuits; identifies two upper bandwidth limits (an intrinsic one set by Hall-plate transversal charge-accumulation capacitance, and a practical one set by readout-interface input capacitance), supporting both the bandwidth and parasitic-capacitance coverage bullets.","Independently verified this session (global attempt 4) via a live Crossref API works/10.21014/acta_imeko.v6i4.478 fetch performed by a dedicated model=sonnet verification subagent (batch 4); title, author list, venue/container-title, year, and volume/issue/pages all checked against the candidate claim. Lead researcher additionally fetched the live Crossref abstract field directly this session to confirm the specific claim in the notes column (not delegated, not carried over from the quarantined attempt's claim).",abstract_metadata,"Abstract fetched and read directly this session (lead researcher): confirms the two-limit framing and states that practical spinning-current Hall implementations are limited to a few hundred kHz, with a dedicated measurement technique to isolate intrinsic Hall-probe response time from parasitic dynamic effects."
A0057,"Yiou Zhang; Qiang Hao; Gang Xiao, ""Low-Frequency Noise of Magnetic Sensors Based on the Anomalous Hall Effect in Fe-Pt Alloys,"" Sensors, vol. 19, no. 16, pp. 3537, 2019.",Low-Frequency Noise of Magnetic Sensors Based on the Anomalous Hall Effect in Fe-Pt Alloys,Yiou Zhang; Qiang Hao; Gang Xiao,2019,Sensors,10.3390/s19163537,https://doi.org/10.3390/s19163537,journal_article,verified_peer_reviewed,C,algan-gan-2deg;iii-v-hall-platform;noise,"Direct 1/f and Johnson (thermal) noise characterization methodology for a Hall-type magnetic sensor, including current-density dependence, supporting the 1/f-and-thermal-noise-characterization coverage bullet.","Independently verified this session (global attempt 4) via a live Crossref API works/10.3390/s19163537 fetch performed by a dedicated model=sonnet verification subagent (batch 5); title, author list, venue/container-title, year, and volume/issue/pages all checked against the candidate claim. Lead researcher additionally fetched the live Crossref abstract field directly this session to confirm the specific claim in the notes column (not delegated, not carried over from the quarantined attempt's claim).",abstract_metadata,"Abstract fetched and read directly this session (lead researcher): confirms noise consists of 1/f and Johnson components; increased current density raises 1/f noise but not Johnson noise; the optimized sensor compares favorably to a commercial semiconductor Hall sensor at low frequency. Anomalous-Hall (ferromagnetic alloy), not a semiconductor 2DEG Hall sensor, so applicable mainly as a noise-methodology comparator."
A0058,"Brian T. Schaefer; Lei Wang; Alexander Jarjour; Kenji Watanabe; Takashi Taniguchi; Paul L. McEuen; Katja C. Nowack, ""Magnetic field detection limits for ultraclean graphene Hall sensors,"" Nature Communications, vol. 11, no. 1, pp. 4163, 2020.",Magnetic field detection limits for ultraclean graphene Hall sensors,Brian T. Schaefer; Lei Wang; Alexander Jarjour; Kenji Watanabe; Takashi Taniguchi; Paul L. McEuen; Katja C. Nowack,2020,Nature Communications,10.1038/s41467-020-18007-5,https://doi.org/10.1038/s41467-020-18007-5,journal_article,verified_peer_reviewed,A,algan-gan-2deg;iii-v-hall-platform;noise;gan-sic-wbg-device,"Establishes a noise-limited magnetic-field detection-limit characterization methodology (spectral-density based) for a 2DEG-type Hall sensor across temperature/field conditions, a benchmark methodology transferable to noise/detectivity claims for AlGaN/GaN 2DEG Hall sensors.","Independently verified this session (global attempt 4) via a live Crossref API works/10.1038/s41467-020-18007-5 fetch performed by a dedicated model=sonnet verification subagent (batch 5); title, author list, venue/container-title, year, and volume/issue/pages all checked against the candidate claim. Lead researcher additionally fetched the live Crossref abstract field directly this session to confirm the specific claim in the notes column (not delegated, not carried over from the quarantined attempt's claim).",abstract_metadata,"Abstract fetched and read directly this session (lead researcher): confirms field detection limits of 700 nT/sqrt(Hz) at room temperature, 80 nT/sqrt(Hz) at 4.2 K, and 3 uT/sqrt(Hz) in a 3 T background field at 4.2 K, for hBN-encapsulated graphene Hall devices. Different 2DEG material system (graphene, not AlGaN/GaN) but a directly comparable detectivity benchmarking approach."
A0059,"Cong Wang; Nam-Young Kim, ""Electrical characterization and nanoscale surface morphology of optimized Ti/Al/Ta/Au ohmic contact for AlGaN/GaN HEMT,"" Nanoscale Research Letters, vol. 7, no. 1, pp. 107, 2012.",Electrical characterization and nanoscale surface morphology of optimized Ti/Al/Ta/Au ohmic contact for AlGaN/GaN HEMT,Cong Wang; Nam-Young Kim,2012,Nanoscale Research Letters,10.1186/1556-276x-7-107,https://doi.org/10.1186/1556-276x-7-107,journal_article,verified_peer_reviewed,B,algan-gan-2deg;ohmic-contacts;gan-sic-wbg-device,"Ohmic contact technology for AlGaN/GaN devices, electrical/morphological characterization of a Ti/Al/Ta/Au contact scheme directly relevant to the ohmic-contact coverage bullet for AlGaN/GaN Hall-sensor fabrication.","Independently verified this session (global attempt 4) via a live Crossref API works/10.1186/1556-276x-7-107 fetch performed by a dedicated model=sonnet verification subagent (batch 5); title, author list, venue/container-title, year, and volume/issue/pages all checked against the candidate claim.",metadata_only,Abstract not independently read this session (publisher access-gate encountered); metadata_only accordingly.
A0060,"Y. Yamada; Y. Takaku; Y. Yagi; I. Nakagawa; T. Atsumi; M. Shirai; I. Ohnuma; K. Ishida, ""Reliability of wire-bonding and solder joint for high temperature operation of power semiconductor device,"" Microelectronics Reliability, vol. 47, no. 12, pp. 2147-2151, 2007.",Reliability of wire-bonding and solder joint for high temperature operation of power semiconductor device,Y. Yamada; Y. Takaku; Y. Yagi; I. Nakagawa; T. Atsumi; M. Shirai; I. Ohnuma; K. Ishida,2007,Microelectronics Reliability,10.1016/j.microrel.2007.07.102,https://doi.org/10.1016/j.microrel.2007.07.102,journal_article,verified_peer_reviewed,B,wire-bonds;temperature-coefficient;harsh-temperature,"Wire-bond (and solder-joint) reliability under high-temperature operation for power semiconductor devices, directly supporting the wire-bond-reliability-at-high-temperature coverage bullet.","Independently verified this session (global attempt 4) via a live Crossref API works/10.1016/j.microrel.2007.07.102 fetch performed by a dedicated model=sonnet verification subagent (batch 5); title, author list, venue/container-title, year, and volume/issue/pages all checked against the candidate claim.",metadata_only,"Frequently cited foundational reliability paper on Al/Ag wire-bond and solder-joint failure mechanisms (CTE mismatch, thermal cycling) at elevated operating temperature."
A0061,"A.A. Nevzorov; A.A. Orlov; V.K. Ignatjev; A.A. Bardin, ""Calibration algorithm of Hall magnetometer in visible coordinate system,"" Measurement, vol. 134, pp. 939-946, 2019.",Calibration algorithm of Hall magnetometer in visible coordinate system,A.A. Nevzorov; A.A. Orlov; V.K. Ignatjev; A.A. Bardin,2019,Measurement,10.1016/j.measurement.2018.11.065,https://doi.org/10.1016/j.measurement.2018.11.065,journal_article,verified_peer_reviewed,B,calibration;hall-sensor-review,"Calibration methodology for Hall-based magnetometers, supporting the calibration-methodology-and-traceability coverage bullet.","Independently verified this session (global attempt 4) via a live Crossref API works/10.1016/j.measurement.2018.11.065 fetch performed by a dedicated model=sonnet verification subagent (batch 5); title, author list, venue/container-title, year, and volume/issue/pages all checked against the candidate claim.",metadata_only,Full 4-author list confirmed via Crossref this session.
A0062,"Satish Shetty; Fernando Maia de Oliveira; Yuriy I. Mazur; H. Alan Mantooth; Gregory J. Salamo, ""Sensitivity of Novel Micro-AlN/GaN/AlN Quantum Well Hall Sensors,"" IEEE Sensors Journal, vol. 24, no. 4, pp. 4343-4349, 2024.",Sensitivity of Novel Micro-AlN/GaN/AlN Quantum Well Hall Sensors,Satish Shetty; Fernando Maia de Oliveira; Yuriy I. Mazur; H. Alan Mantooth; Gregory J. Salamo,2024,IEEE Sensors Journal,10.1109/jsen.2023.3347687,https://doi.org/10.1109/jsen.2023.3347687,journal_article,verified_peer_reviewed,B,algan-gan-2deg;sensitivity;temperature-coefficient;extreme-environment-instrumentation;gan-sic-wbg-device;fusion-diagnostics-context,"Sensitivity characterization of an AlN/GaN/AlN quantum-well Hall sensor, a prior-art comparator device for the sensitivity coverage bullet within the AlGaN/GaN-family Hall-sensor literature.","Independently verified this session (global attempt 4) via a live Crossref API works/10.1109/jsen.2023.3347687 fetch performed by a dedicated model=sonnet verification subagent (batch 5); title, author list, venue/container-title, year, and volume/issue/pages all checked against the candidate claim.",metadata_only,"Same University of Arkansas group (Mantooth, Salamo) as A0018 and A0021; DOI year token (2023) reflects online-first date, Crossref-confirmed print year is 2024."
A0063,"L. Bouguen; L. Konczewicz; S. Contreras; B. Jouault; J. Camassel; Y. Cordier, ""High temperature behaviour of AlGaN/AlN/GaN Hall-FET sensors,"" Materials Science and Engineering: B, vol. 165, no. 1-2, pp. 1-4, 2009.",High temperature behaviour of AlGaN/AlN/GaN Hall-FET sensors,L. Bouguen; L. Konczewicz; S. Contreras; B. Jouault; J. Camassel; Y. Cordier,2009,Materials Science and Engineering: B,10.1016/j.mseb.2008.11.041,https://doi.org/10.1016/j.mseb.2008.11.041,journal_article,verified_peer_reviewed,B,algan-gan-2deg;temperature-coefficient;harsh-temperature;gan-sic-wbg-device,"High-temperature behavior characterization of an AlGaN/AlN/GaN Hall-FET sensor, directly on-point prior art for the temperature-coefficient-characterization coverage bullet.","Independently verified this session (global attempt 4) via a live Crossref API works/10.1016/j.mseb.2008.11.041 fetch performed by a dedicated model=sonnet verification subagent (batch 5); title, author list, venue/container-title, year, and volume/issue/pages all checked against the candidate claim.",metadata_only,"French group (Montpellier/CRHEA), distinct from the Arkansas and Senesky-group papers, adding geographic/institutional diversity to the AlGaN/GaN Hall-sensor prior-art landscape."
A0064,"Ho-Young Kim; Ray-Hua Horng; Hiroshi Amano; Tae-Yeon Seong, ""Advancements in ohmic contact technology for AlGaN/GaN high-electron-mobility transistors,"" Progress in Quantum Electronics, vol. 102, pp. 100578, 2025.",Advancements in ohmic contact technology for AlGaN/GaN high-electron-mobility transistors,Ho-Young Kim; Ray-Hua Horng; Hiroshi Amano; Tae-Yeon Seong,2025,Progress in Quantum Electronics,10.1016/j.pquantelec.2025.100578,https://doi.org/10.1016/j.pquantelec.2025.100578,review_article,verified_peer_reviewed,B,algan-gan-2deg;ohmic-contacts;gan-sic-wbg-device;hall-sensor-review,"Recent (2025) comprehensive review of ohmic-contact technology for AlGaN/GaN HEMTs, strong current review-article support for the ohmic-contact-technology coverage bullet.","Independently verified this session (global attempt 4) via a live Crossref API works/10.1016/j.pquantelec.2025.100578 fetch performed by a dedicated model=sonnet verification subagent (batch 5); title, author list, venue/container-title, year, and volume/issue/pages all checked against the candidate claim.",metadata_only,"Co-authored by Hiroshi Amano (Nobel laureate, GaN pioneer) and Tae-Yeon Seong, established contact-metallurgy researchers."
A0065,"Quanwei Zhang; Yan Liu; Huafeng Li; Jue Wang; Yuan Wang; Fabin Cheng; Haijun Han; Peng Zhang, ""A Review of SiC Sensor Applications in High-Temperature and Radiation Extreme Environments,"" Sensors, vol. 24, no. 23, pp. 7731, 2024.",A Review of SiC Sensor Applications in High-Temperature and Radiation Extreme Environments,Quanwei Zhang; Yan Liu; Huafeng Li; Jue Wang; Yuan Wang; Fabin Cheng; Haijun Han; Peng Zhang,2024,Sensors,10.3390/s24237731,https://doi.org/10.3390/s24237731,review_article,verified_peer_reviewed,C,algan-gan-2deg;drift;packaging;temperature-coefficient;harsh-temperature;radiation-tolerance;extreme-environment-instrumentation;gan-sic-wbg-device,"Review of wide-bandgap (SiC) sensor packaging and performance under high-temperature and radiation extreme environments, supporting the extreme-environment-packaging coverage bullet as a closely analogous WBG-semiconductor-sensor platform to AlGaN/GaN.","Independently verified this session (global attempt 4) via a live Crossref API works/10.3390/s24237731 fetch performed by a dedicated model=sonnet verification subagent (batch 5); title, author list, venue/container-title, year, and volume/issue/pages all checked against the candidate claim. Lead researcher additionally fetched the live Crossref abstract field directly this session to confirm the specific claim in the notes column (not delegated, not carried over from the quarantined attempt's claim).",abstract_metadata,"Abstract fetched and read directly this session (lead researcher): confirms the review identifies radiation-resistance research on SiC sensors as comparatively limited/underdeveloped relative to high-temperature performance research, framing it as a future direction."
A0066,"Hao Xie; Sichao Du; Bo Pu; Jun Hu; Yu Zhang; Wei Qi; Hong Liu; Shuo Zhang; Duo Xiao, ""Electrothermal Responses of Bonding Wire Arrays in GaN Power Amplifier,"" IEEE Access, vol. 11, pp. 57556-57563, 2023.",Electrothermal Responses of Bonding Wire Arrays in GaN Power Amplifier,Hao Xie; Sichao Du; Bo Pu; Jun Hu; Yu Zhang; Wei Qi; Hong Liu; Shuo Zhang; Duo Xiao,2023,IEEE Access,10.1109/access.2023.3283600,https://doi.org/10.1109/access.2023.3283600,journal_article,verified_peer_reviewed,B,drift;wire-bonds;packaging;temperature-coefficient;harsh-temperature;gan-sic-wbg-device,"Wire-bond electrothermal reliability behavior specifically in a GaN device package, directly supporting the wire-bond-reliability-at-high-temperature bullet with a GaN-specific case.","Independently verified this session (global attempt 4) via a live Crossref API works/10.1109/access.2023.3283600 fetch performed by a dedicated model=sonnet verification subagent (batch 5); title, author list, venue/container-title, year, and volume/issue/pages all checked against the candidate claim.",metadata_only,Complements A0060's more generic power-semiconductor wire-bond reliability study with a GaN-specific packaging/electrothermal reliability case.
A0067,"S. J. Pearton; Xinyi Xia; Fan Ren; Md Abu Jafar Rasel; Sergei Stepanoff; Nahid Al-Mamun; Aman Haque; Douglas E. Wolfe, ""Radiation damage in GaN/AlGaN and SiC electronic and photonic devices,"" Journal of Vacuum Science & Technology B, vol. 41, no. 3, pp. 030802, 2023.",Radiation damage in GaN/AlGaN and SiC electronic and photonic devices,S. J. Pearton; Xinyi Xia; Fan Ren; Md Abu Jafar Rasel; Sergei Stepanoff; Nahid Al-Mamun; Aman Haque; Douglas E. Wolfe,2023,Journal of Vacuum Science & Technology B,10.1116/6.0002628,https://doi.org/10.1116/6.0002628,review_article,verified_peer_reviewed,A,radiation-tolerance;gan-sic-wbg-device;hall-sensor-review,"Broad review of radiation damage (TID, displacement damage, single-event effects) in GaN/AlGaN and SiC devices, directly supporting the radiation-tolerance-on-GaN/SiC-devices and harsh-environment-survivability bullets.","Independently verified this session (global attempt 4) via a live Crossref API works/10.1116/6.0002628 fetch performed by a dedicated model=sonnet verification subagent (batch 5); title, author list, venue/container-title, year, and volume/issue/pages all checked against the candidate claim. Lead researcher additionally fetched the live Crossref abstract field directly this session to confirm the specific claim in the notes column (not delegated, not carried over from the quarantined attempt's claim).",abstract_metadata,"Abstract fetched and read directly this session (lead researcher): confirms heavy-ion-induced single-event burnout in SiC/GaN power devices commonly occurs near ~50% of rated voltage. Useful outlook citation only, not an experimental radiation claim for Tim's own work (no neutron/gamma experiments are planned by this research group)."
A0068,"S. J. Pearton; F. Ren; Erin Patrick; M. E. Law; Alexander Y. Polyakov, ""Review-Ionizing Radiation Damage Effects on GaN Devices,"" ECS Journal of Solid State Science and Technology, vol. 5, no. 2, pp. Q35-Q60, 2016.",Review-Ionizing Radiation Damage Effects on GaN Devices,S. J. Pearton; F. Ren; Erin Patrick; M. E. Law; Alexander Y. Polyakov,2016,ECS Journal of Solid State Science and Technology,10.1149/2.0251602jss,https://doi.org/10.1149/2.0251602jss,review_article,verified_peer_reviewed,A,radiation-tolerance;gan-sic-wbg-device;hall-sensor-review,"Foundational, highly-cited review of ionizing radiation damage mechanisms in GaN devices, supporting radiation-context background/outlook framing.","Independently verified this session (global attempt 4) via a live Crossref API works/10.1149/2.0251602jss fetch performed by a dedicated model=sonnet verification subagent (batch 5); title, author list, venue/container-title, year, and volume/issue/pages all checked against the candidate claim.",metadata_only,Companion/earlier review to A0067; useful as the mid-decade anchor review.
A0069,"Huixiang Huang; Zhipeng Wu; Chao Peng; Hanxin Shen; Xiaoqiang Wu; Jianqun Yang; Zhifeng Lei; Xiuhai Cui; Teng Ma; Zhangang Zhang; Yujuan He; Yiqiang Chen; Guoguang Lu, ""Comprehensive Study of Proton and Heavy Ion-Induced Damages for Cascode GaN-Based HEMTs,"" Electronics, vol. 14, no. 13, pp. 2653, 2025.",Comprehensive Study of Proton and Heavy Ion-Induced Damages for Cascode GaN-Based HEMTs,Huixiang Huang; Zhipeng Wu; Chao Peng; Hanxin Shen; Xiaoqiang Wu; Jianqun Yang; Zhifeng Lei; Xiuhai Cui; Teng Ma; Zhangang Zhang; Yujuan He; Yiqiang Chen; Guoguang Lu,2025,Electronics,10.3390/electronics14132653,https://doi.org/10.3390/electronics14132653,journal_article,verified_peer_reviewed,C,algan-gan-2deg;radiation-tolerance;extreme-environment-instrumentation;gan-sic-wbg-device;hall-sensor-review;fusion-diagnostics-context,"Recent (2025) displacement-damage study (proton and heavy ion) on GaN HEMTs, supporting the radiation-tolerance/displacement-damage bullet with current literature.","Independently verified this session (global attempt 4) via a live Crossref API works/10.3390/electronics14132653 fetch performed by a dedicated model=sonnet verification subagent (batch 5); title, author list, venue/container-title, year, and volume/issue/pages all checked against the candidate claim.",metadata_only,"MDPI Electronics, peer-reviewed journal, confirmed via Crossref journal-article type."
A0070,"Qizheng Ji; Jun Liu; Ming Yang; Xiaofeng Hu; Guangfu Wang; Menglin Qiu; Shanghe Liu, ""Influence of Proton Irradiation Energy on Gate-Channel Low-Field Electron Mobility in AlGaN/GaN HEMTs,"" Electronics, vol. 12, no. 6, pp. 1473, 2023.",Influence of Proton Irradiation Energy on Gate-Channel Low-Field Electron Mobility in AlGaN/GaN HEMTs,Qizheng Ji; Jun Liu; Ming Yang; Xiaofeng Hu; Guangfu Wang; Menglin Qiu; Shanghe Liu,2023,Electronics,10.3390/electronics12061473,https://doi.org/10.3390/electronics12061473,journal_article,verified_peer_reviewed,C,algan-gan-2deg;sensitivity;radiation-tolerance;gan-sic-wbg-device,"Displacement-damage/proton-irradiation study directly on AlGaN/GaN heterostructure electron transport, relevant background for AlGaN/GaN Hall sensor radiation outlook.","Independently verified this session (global attempt 4) via a live Crossref API works/10.3390/electronics12061473 fetch performed by a dedicated model=sonnet verification subagent (batch 5); title, author list, venue/container-title, year, and volume/issue/pages all checked against the candidate claim.",metadata_only,"Directly relevant to 2DEG mobility degradation under irradiation, mechanistically adjacent to Hall-sensor sensitivity (which depends on 2DEG mobility/carrier density)."
A0071,"A. C. Ahyi; S. Dhar; Z. Dilli; A. Akturk; N. Goldsman; A. Ghanbari, ""Reliability Testing of SiC MOS Devices at 500C,"" 2019 IEEE International Reliability Physics Symposium (IRPS), pp. 1-4, 2019.",Reliability Testing of SiC MOS Devices at 500C,A. C. Ahyi; S. Dhar; Z. Dilli; A. Akturk; N. Goldsman; A. Ghanbari,2019,2019 IEEE International Reliability Physics Symposium (IRPS),10.1109/irps.2019.8720571,https://doi.org/10.1109/irps.2019.8720571,conference_paper,verified_peer_reviewed,C,temperature-coefficient;harsh-temperature;extreme-environment-instrumentation;gan-sic-wbg-device;fusion-diagnostics-context,"Direct experimental evidence of SiC device operation/reliability at 500C, core to the high-temperature (>300C, up to 500-600C) survivability bullet.","Independently verified this session (global attempt 4) via a live Crossref API works/10.1109/irps.2019.8720571 fetch performed by a dedicated model=sonnet verification subagent (batch 5); title, author list, venue/container-title, year, and volume/issue/pages all checked against the candidate claim.",metadata_only,"IRPS independently confirmed as the premiere peer-reviewed IEEE microelectronics reliability conference (est. 1963), proceedings on IEEE Xplore."
A0072,"Liangchun C. Yu; Greg T. Dunne; Kevin S. Matocha; Kin P. Cheung; John S. Suehle; Kuang Sheng, ""Reliability Issues of SiC MOSFETs: A Technology for High-Temperature Environments,"" IEEE Transactions on Device and Materials Reliability, vol. 10, no. 4, pp. 418-426, 2010.",Reliability Issues of SiC MOSFETs: A Technology for High-Temperature Environments,Liangchun C. Yu; Greg T. Dunne; Kevin S. Matocha; Kin P. Cheung; John S. Suehle; Kuang Sheng,2010,IEEE Transactions on Device and Materials Reliability,10.1109/tdmr.2010.2077295,https://doi.org/10.1109/tdmr.2010.2077295,journal_article,verified_peer_reviewed,B,temperature-coefficient;harsh-temperature;gan-sic-wbg-device,"Foundational SiC MOSFET high-temperature reliability study, supporting the >150C harsh-environment survivability bullet with a well-cited (IEEE TDMR) primary source.","Independently verified this session (global attempt 4) via a live Crossref API works/10.1109/tdmr.2010.2077295 fetch performed by a dedicated model=sonnet verification subagent (batch 6); title, author list, venue/container-title, year, and volume/issue/pages all checked against the candidate claim.",metadata_only,Frequently cited baseline reference for SiC high-temperature gate-oxide/threshold-voltage reliability issues.
A0073,"Xiaorui Guo; Qian Xun; Zuxin Li; Shuxin Du, ""Silicon Carbide Converters and MEMS Devices for High-temperature Power Electronics: A Critical Review,"" Micromachines, vol. 10, no. 6, pp. 406, 2019.",Silicon Carbide Converters and MEMS Devices for High-temperature Power Electronics: A Critical Review,Xiaorui Guo; Qian Xun; Zuxin Li; Shuxin Du,2019,Micromachines,10.3390/mi10060406,https://doi.org/10.3390/mi10060406,review_article,verified_peer_reviewed,C,temperature-coefficient;harsh-temperature;gan-sic-wbg-device;hall-sensor-review,"Critical review of SiC high-temperature power converters and MEMS devices, supporting the >150C SiC reliability bullet with a review-level source.","Independently verified this session (global attempt 4) via a live Crossref API works/10.3390/mi10060406 fetch performed by a dedicated model=sonnet verification subagent (batch 6); title, author list, venue/container-title, year, and volume/issue/pages all checked against the candidate claim.",metadata_only,MDPI Micromachines peer-reviewed journal.
A0074,"John Niroula; Qingyun Xie; Nitul S. Rajput; Patrick K. Darmawi-Iskandar; Sheikh Ifatur Rahman; Shisong Luo; Rafid Hassan Palash; Bejoy Sikder; Mengyang Yuan; Pradyot Yadav; Gillian K. Micale; Nadim Chowdhury; Yuji Zhao; Siddharth Rajan; Tomas Palacios, ""High temperature stability of regrown and alloyed Ohmic contacts to AlGaN/GaN heterostructure up to 500C,"" Applied Physics Letters, vol. 124, no. 20, pp. 202103, 2024.",High temperature stability of regrown and alloyed Ohmic contacts to AlGaN/GaN heterostructure up to 500C,John Niroula; Qingyun Xie; Nitul S. Rajput; Patrick K. Darmawi-Iskandar; Sheikh Ifatur Rahman; Shisong Luo; Rafid Hassan Palash; Bejoy Sikder; Mengyang Yuan; Pradyot Yadav; Gillian K. Micale; Nadim Chowdhury; Yuji Zhao; Siddharth Rajan; Tomas Palacios,2024,Applied Physics Letters,10.1063/5.0191297,https://doi.org/10.1063/5.0191297,journal_article,verified_peer_reviewed,B,algan-gan-2deg;offset;drift;ohmic-contacts;temperature-coefficient;harsh-temperature;gan-sic-wbg-device,"Direct AlGaN/GaN heterostructure ohmic-contact stability data up to 500C, supporting the >300C AlGaN/GaN device survivability bullet with 2024 primary data.","Independently verified this session (global attempt 4) via a live Crossref API works/10.1063/5.0191297 fetch performed by a dedicated model=sonnet verification subagent (batch 6); title, author list, venue/container-title, year, and volume/issue/pages all checked against the candidate claim.",metadata_only,MIT/Ohio State/ASU collaboration; ohmic contact stability is directly relevant to long-term drift/offset stability of any AlGaN/GaN Hall device at elevated temperature. Full 15-author list confirmed via Crossref this session.
A0075,"Jordan D. Greenlee; Petra Specht; Travis J. Anderson; Andrew D. Koehler; Bradley D. Weaver; Martina Luysberg; Oscar D. Dubon; Francis J. Kub; Todd R. Weatherford; Karl D. Hobart, ""Degradation mechanisms of 2 MeV proton irradiated AlGaN/GaN HEMTs,"" Applied Physics Letters, vol. 107, no. 8, pp. 083504, 2015.",Degradation mechanisms of 2 MeV proton irradiated AlGaN/GaN HEMTs,Jordan D. Greenlee; Petra Specht; Travis J. Anderson; Andrew D. Koehler; Bradley D. Weaver; Martina Luysberg; Oscar D. Dubon; Francis J. Kub; Todd R. Weatherford; Karl D. Hobart,2015,Applied Physics Letters,10.1063/1.4929583,https://doi.org/10.1063/1.4929583,journal_article,verified_peer_reviewed,B,algan-gan-2deg;radiation-tolerance;gan-sic-wbg-device,"Mechanistic (TEM-supported) displacement-damage study of proton-irradiated AlGaN/GaN HEMTs, supporting the displacement-damage-on-GaN bullet.","Independently verified this session (global attempt 4) via a live Crossref API works/10.1063/1.4929583 fetch performed by a dedicated model=sonnet verification subagent (batch 6); title, author list, venue/container-title, year, and volume/issue/pages all checked against the candidate claim.",metadata_only,Naval Research Laboratory/UC Berkeley collaboration; identifies point-defect vs. extended-defect degradation mechanisms.
A0076,"Frank H. Ruddy; Laurent Ottaviani; Abdallah Lyoussi; Christophe Destouches; Olivier Palais; Christelle Reynard-Carette, ""Silicon Carbide Neutron Detectors for Harsh Nuclear Environments: A Review of the State of the Art,"" IEEE Transactions on Nuclear Science, vol. 69, no. 4, pp. 792-803, 2022.",Silicon Carbide Neutron Detectors for Harsh Nuclear Environments: A Review of the State of the Art,Frank H. Ruddy; Laurent Ottaviani; Abdallah Lyoussi; Christophe Destouches; Olivier Palais; Christelle Reynard-Carette,2022,IEEE Transactions on Nuclear Science,10.1109/tns.2022.3144125,https://doi.org/10.1109/tns.2022.3144125,review_article,verified_peer_reviewed,B,iii-v-hall-platform;radiation-tolerance;extreme-environment-instrumentation;gan-sic-wbg-device;hall-sensor-review;fusion-diagnostics-context,"Review of SiC neutron detectors for nuclear-reactor/harsh-radiation-environment instrumentation, supporting the WBG-sensors-in-extreme-environment-instrumentation bullet (nuclear application).","Independently verified this session (global attempt 4) via a live Crossref API works/10.1109/tns.2022.3144125 fetch performed by a dedicated model=sonnet verification subagent (batch 6); title, author list, venue/container-title, year, and volume/issue/pages all checked against the candidate claim.",metadata_only,"IEEE TNS is a top venue for radiation-effects/radiation-detector literature; background-only citation, not tied to Tim's own experiments (no neutron/gamma experiments are planned by this research group)."
A0077,"M.C. Jimenez-Ramos; J. Garcia Lopez; A. Garcia Osuna; M. Rodriguez-Ramos; A. Villalpando Barroso; M. Garcia Munoz; E. Andrade; G. Pellegrini; S. Otero Ugobono; P. Godignon; J.M. Rafi; G. Rius, ""IBIC analysis of SiC detectors developed for fusion applications,"" Radiation Physics and Chemistry, vol. 177, pp. 109100, 2020.",IBIC analysis of SiC detectors developed for fusion applications,M.C. Jimenez-Ramos; J. Garcia Lopez; A. Garcia Osuna; M. Rodriguez-Ramos; A. Villalpando Barroso; M. Garcia Munoz; E. Andrade; G. Pellegrini; S. Otero Ugobono; P. Godignon; J.M. Rafi; G. Rius,2020,Radiation Physics and Chemistry,10.1016/j.radphyschem.2020.109100,https://doi.org/10.1016/j.radphyschem.2020.109100,journal_article,verified_peer_reviewed,B,radiation-tolerance;extreme-environment-instrumentation;gan-sic-wbg-device;fusion-diagnostics-context,"SiC radiation-detector development explicitly for fusion diagnostic applications, directly supporting the fusion/plasma-instrumentation WBG-sensor bullet.","Independently verified this session (global attempt 4) via a live Crossref API works/10.1016/j.radphyschem.2020.109100 fetch performed by a dedicated model=sonnet verification subagent (batch 6); title, author list, venue/container-title, year, and volume/issue/pages all checked against the candidate claim.",metadata_only,"Multi-institution (CNA Seville, CNM Barcelona) fusion-diagnostics-focused SiC detector characterization, background context only."
A0078,"Ivana Capan, ""Wide-Bandgap Semiconductors for Radiation Detection: A Review,"" Materials, vol. 17, no. 5, pp. 1147, 2024.",Wide-Bandgap Semiconductors for Radiation Detection: A Review,Ivana Capan,2024,Materials,10.3390/ma17051147,https://doi.org/10.3390/ma17051147,review_article,verified_peer_reviewed,C,radiation-tolerance;gan-sic-wbg-device;hall-sensor-review,"Broad review of WBG semiconductor radiation-detection physics (SiC, GaN, Ga2O3, diamond), supporting the general WBG-radiation-tolerance background bullet.","Independently verified this session (global attempt 4) via a live Crossref API works/10.3390/ma17051147 fetch performed by a dedicated model=sonnet verification subagent (batch 6); title, author list, venue/container-title, year, and volume/issue/pages all checked against the candidate claim.",metadata_only,MDPI Materials peer-reviewed review; single-author (Rudjer Boskovic Institute) survey.
A0079,"Anuj Kumar; R. Muralidharan; G. Narayanan, ""Comparison of GaN and GaAs based Hall Magnetic Sensor for Power Applications,"" 2022 IEEE International Symposium on Smart Electronic Systems (iSES), pp. 316-320, 2022.",Comparison of GaN and GaAs based Hall Magnetic Sensor for Power Applications,Anuj Kumar; R. Muralidharan; G. Narayanan,2022,2022 IEEE International Symposium on Smart Electronic Systems (iSES),10.1109/ises54909.2022.00071,https://doi.org/10.1109/ises54909.2022.00071,conference_paper,verified_peer_reviewed,C,algan-gan-2deg;iii-v-hall-platform;gan-sic-wbg-device;novelty-comparison,"Direct GaN-vs-GaAs Hall magnetic sensor comparison for power applications, closely adjacent to the AlGaN/GaN Hall sensing lineage and material-choice rationale.","Independently verified this session (global attempt 4) via a live Crossref API works/10.1109/ises54909.2022.00071 fetch performed by a dedicated model=sonnet verification subagent (batch 6); title, author list, venue/container-title, year, and volume/issue/pages all checked against the candidate claim.",metadata_only,iSES is an IEEE-sponsored symposium with peer-reviewed proceedings published via IEEE-CS/CPS and indexed on IEEE Xplore.
A0080,"J. Lenz; S. Edelstein, ""Magnetic sensors and their applications,"" IEEE Sensors Journal, vol. 6, no. 3, pp. 631-649, 2006.",Magnetic sensors and their applications,J. Lenz; S. Edelstein,2006,IEEE Sensors Journal,10.1109/jsen.2006.874493,https://doi.org/10.1109/jsen.2006.874493,review_article,verified_peer_reviewed,A,sensitivity;bandwidth;extreme-environment-instrumentation;gan-sic-wbg-device;hall-sensor-review;novelty-comparison;fusion-diagnostics-context,"Seminal, widely-cited review surveying magnetic sensing technologies (Hall, AMR/GMR, fluxgate, SQUID, etc.), the canonical cross-technology comparison reference for the review-article coverage bullet.","Independently verified this session (global attempt 4) via a live Crossref API works/10.1109/jsen.2006.874493 fetch performed by a dedicated model=sonnet verification subagent (batch 6); title, author list, venue/container-title, year, and volume/issue/pages all checked against the candidate claim.",metadata_only,"Predates GaN Hall-sensor literature (2006), so does not itself contain a GaN row, but establishes the standard technology-comparison framework (sensitivity/range/bandwidth per sensing principle)."
A0081,"Pavel Ripka; Michal Janosek, ""Advances in Magnetic Field Sensors,"" IEEE Sensors Journal, vol. 10, no. 6, pp. 1108-1116, 2010.",Advances in Magnetic Field Sensors,Pavel Ripka; Michal Janosek,2010,IEEE Sensors Journal,10.1109/jsen.2010.2043429,https://doi.org/10.1109/jsen.2010.2043429,review_article,verified_peer_reviewed,A,sensitivity;offset;noise;bandwidth;hall-sensor-review;novelty-comparison,"Second major cross-technology review (Hall, fluxgate, magnetoresistive, SQUID, resonant) with quantitative resolution/bandwidth comparisons, supporting the review-articles-comparing-sensitivity/offset/noise/bandwidth coverage bullet.","Independently verified this session (global attempt 4) via a live Crossref API works/10.1109/jsen.2010.2043429 fetch performed by a dedicated model=sonnet verification subagent (batch 6); title, author list, venue/container-title, year, and volume/issue/pages all checked against the candidate claim.",metadata_only,"General magnetic-sensor review, not GaN-specific; useful as the comparison-table backbone into which GaN-specific numbers from other rows would be inserted."
A0082,"Rongkun Han; Qiqi Wei; Hailong Wang; Gangxu Gu; Dahai Wei; Peng Xiong; Jianhua Zhao, ""High Field Resolution Hall Sensor Based on AlSb/InAs 2DEG for Magnetic Particle Detection,"" IEEE Sensors Journal, vol. 25, no. 2, pp. 2487-2493, 2025.",High Field Resolution Hall Sensor Based on AlSb/InAs 2DEG for Magnetic Particle Detection,Rongkun Han; Qiqi Wei; Hailong Wang; Gangxu Gu; Dahai Wei; Peng Xiong; Jianhua Zhao,2025,IEEE Sensors Journal,10.1109/jsen.2024.3507799,https://doi.org/10.1109/jsen.2024.3507799,journal_article,verified_peer_reviewed,B,algan-gan-2deg;iii-v-hall-platform;sensitivity;noise;gan-sic-wbg-device;novelty-comparison,"Recent (2025) high-field-resolution 2DEG Hall sensor in a non-GaN III-V material (AlSb/InAs), giving a contemporary non-GaN comparator for the cross-material sensitivity/noise comparison table.","Independently verified this session (global attempt 4) via a live Crossref API works/10.1109/jsen.2024.3507799 fetch performed by a dedicated model=sonnet verification subagent (batch 6); title, author list, venue/container-title, year, and volume/issue/pages all checked against the candidate claim.",metadata_only,"III-V 2DEG Hall sensor family (like AlGaN/GaN) but a different heterostructure; useful for showing that 2DEG Hall-sensor high-sensitivity work is an active, multi-material research area, not GaN-exclusive."
A0083,"Vlad Marsic; Soroush Faramehr; Isha Maini; David A. J. Moran; Petar Igic, ""Study of GaN Hall Effect Magnetic Sensors,"" IEEE Access, vol. 13, pp. 25622-25636, 2025.",Study of GaN Hall Effect Magnetic Sensors,Vlad Marsic; Soroush Faramehr; Isha Maini; David A. J. Moran; Petar Igic,2025,IEEE Access,10.1109/access.2025.3539435,https://doi.org/10.1109/access.2025.3539435,journal_article,verified_peer_reviewed,B,offset;offset-cancellation;extreme-environment-instrumentation;gan-sic-wbg-device;novelty-comparison;fusion-diagnostics-context,"Novelty-relevant recent (2025) GaN Hall-sensor paper: reports fabrication, testing, and in-situ condition-monitoring integration of a three-terminal Hall-effect sensor on GaN for GaN power transistors. Directly bears on whether the manuscript's device/approach is novel relative to the most recent published GaN Hall-sensor claims.","Independently verified this session (global attempt 4) via a live Crossref API works/10.1109/access.2025.3539435 fetch performed by a dedicated model=sonnet verification subagent (batch 6); title, author list, venue/container-title, year, and volume/issue/pages all checked against the candidate claim. Lead researcher additionally fetched the live Crossref abstract field directly this session to confirm the specific claim in the notes column (not delegated, not carried over from the quarantined attempt's claim).",abstract_metadata,"The Crossref record for this DOI contains no machine-readable abstract field; the lead researcher instead corroborated the abstract content this session via a targeted web search returning the paper's own institutional-repository (Coventry University PurePortal) listing, which describes the sensor as a three-terminal Hall-effect device on GaN for in-situ condition monitoring integrated on GaN power transistors, boosting device reliability. Different application (on-chip GaN-transistor condition monitoring, not fusion-plasma in-vessel deployment) and different topology (three-terminal) from the manuscript's current-spinning offset-cancelled device; this session did NOT independently confirm the specific superlative wording ('the first ... reported in literature') claimed by the quarantined attempt-3 draft, so that superlative is deliberately omitted here as unverified."
A0084,"Hesham Okeil; Tobias Erlbacher; Gerhard Wachutka, ""Very High Temperature Hall Sensors in a Wafer-Scale 4H-SiC Technology,"" Advanced Materials Technologies, vol. 10, no. 1, pp. 2400046, 2025.",Very High Temperature Hall Sensors in a Wafer-Scale 4H-SiC Technology,Hesham Okeil; Tobias Erlbacher; Gerhard Wachutka,2025,Advanced Materials Technologies,10.1002/admt.202400046,https://doi.org/10.1002/admt.202400046,journal_article,verified_peer_reviewed,B,temperature-coefficient;harsh-temperature;gan-sic-wbg-device;novelty-comparison,"Recent wide-bandgap (4H-SiC, not GaN) Hall-sensor performance paper aimed at very-high-temperature operation, giving a competing wide-bandgap-material comparator (SiC vs. GaN) needed for the cross-material comparison table.","Independently verified this session (global attempt 4) via a live Crossref API works/10.1002/admt.202400046 fetch performed by a dedicated model=sonnet verification subagent (batch 6); title, author list, venue/container-title, year, and volume/issue/pages all checked against the candidate claim.",metadata_only,SiC rather than GaN; useful specifically for contrasting the two wide-bandgap Hall-sensor material tracks in a comparison table row.
A0085,"Jakub Jankowski; Semir El-Ahmar; Maciej Oszwaldowski, ""Hall Sensors for Extreme Temperatures,"" Sensors, vol. 11, no. 1, pp. 876-885, 2011.",Hall Sensors for Extreme Temperatures,Jakub Jankowski; Semir El-Ahmar; Maciej Oszwaldowski,2011,Sensors,10.3390/s110100876,https://doi.org/10.3390/s110100876,review_article,verified_peer_reviewed,C,algan-gan-2deg;iii-v-hall-platform;harsh-temperature;extreme-environment-instrumentation;gan-sic-wbg-device;hall-sensor-review;novelty-comparison;fusion-diagnostics-context,"Review of Hall-sensor materials (Si, GaAs, InSb, InAs, and other narrow/wide-gap semiconductors) for extreme-temperature operation, directly supporting the cross-material performance-review coverage bullet, though it predates the AlGaN/GaN 2DEG Hall-sensor literature.","Independently verified this session (global attempt 4) via a live Crossref API works/10.3390/s110100876 fetch performed by a dedicated model=sonnet verification subagent (batch 6); title, author list, venue/container-title, year, and volume/issue/pages all checked against the candidate claim.",metadata_only,"Published 2011, before AlGaN/GaN 2DEG Hall sensors were mainstream, so no GaN row is expected; useful as the material-comparison baseline (InSb/GaAs/Si/InAs) that GaN-specific papers in this ledger extend."
A0086,"Slavomir Entler; Zbynek Soban; Ivan Duran; Karel Kovarik; Karel Vyborny; Josef Sebek; Stana Tazlaru; Jan Strelecek; Petr Sladek, ""Ceramic-Chromium Hall Sensors for Environments with High Temperatures and Neutron Radiation,"" Sensors, vol. 21, no. 3, pp. 721, 2021.",Ceramic-Chromium Hall Sensors for Environments with High Temperatures and Neutron Radiation,Slavomir Entler; Zbynek Soban; Ivan Duran; Karel Kovarik; Karel Vyborny; Josef Sebek; Stana Tazlaru; Jan Strelecek; Petr Sladek,2021,Sensors,10.3390/s21030721,https://doi.org/10.3390/s21030721,journal_article,verified_peer_reviewed,C,iii-v-hall-platform;temperature-coefficient;harsh-temperature;radiation-tolerance;extreme-environment-instrumentation;novelty-comparison;fusion-diagnostics-context,"Prior published Hall-sensor development explicitly for magnetic-field measurement in a fusion/tokamak-relevant harsh environment (high temperature + neutron flux), directly relevant application-domain prior art for assessing novelty of in-vessel fusion-plasma Hall sensor deployment, even though the sensing material is ceramic-chromium rather than GaN.","Independently verified this session (global attempt 4) via a live Crossref API works/10.3390/s21030721 fetch performed by a dedicated model=sonnet verification subagent (batch 6); title, author list, venue/container-title, year, and volume/issue/pages all checked against the candidate claim.",metadata_only,"Cited strictly as literature evidence of pre-existing fusion-diagnostics Hall-sensor work by a different group (IPP Czech Republic, COMPASS tokamak); a literature citation only, not a proposal or claim of neutron/gamma experiments for Tim's own project. Full 9-author list confirmed via Crossref this session."
