"source_id","citation","title","authors","year","venue","doi","url","source_type","peer_review_status","quality_tier","topic_tags","claims_supported","verification_basis","access_level","notes"
"H001","Kim, Kim, Ghim & Bak, Nucl. Fusion 65 (2025) 046008","Sensor fusion and magnetic drift estimation in magnetic measurements using Kalman filter for long-duration plasma operations","Jaewook Kim; Jayhyun Kim; Y.-c. Ghim; Jun-Gyo Bak","2025","Nuclear Fusion, vol. 65, 046008","10.1088/1741-4326/adb599","https://doi.org/10.1088/1741-4326/adb599","journal_article","verified_peer_reviewed","A","quota_hybrid_coil;quota_calibration_observability;direct_hybrid;calibration_or_observer;coil_or_integrator","Kalman filter models coil-integrator bias as a Wiener process and fuses it with a DC Hall reading to reconstruct field with suppressed drift; ~3 orders-of-magnitude drift reduction claimed.","Read abstract on IOPscience publisher page; Crossref metadata confirmed. Stage 10D: DOI record independently re-verified against the live Crossref API (title/year match) 2026-07-27.","abstract_metadata","ESTIMATES coil/integrator bias (additive), using Hall as DC anchor; does NOT estimate Hall gain/sensitivity. Demonstrated on SYNTHETIC Hall/coil data per abstract, not real tokamak discharge data -- simulation demonstration, not experimental validation. DUPLICATE of folder 06 ledger row S0118 (same DOI) -- do not count as new-vs-06 at merge stage. LITERATURE_SEEDS direct seed #1."
"H002","Ivanek et al., Fusion Eng. Des. 217 (2025) 115180","Data fusion of magnetic coils and Hall sensors using Kalman filtering","Matej Ivanek; Ivan Duran; Slavomir Entler; Andre Torres; Alfredo Pironti; Antonio Quercia; Petr Sladek; Marek Simonovsky; Jan Reboun; Pavel Turjanica","2025","Fusion Engineering and Design, vol. 217, 115180","10.1016/j.fusengdes.2025.115180","https://doi.org/10.1016/j.fusengdes.2025.115180","journal_article","verified_peer_reviewed","B","quota_hybrid_coil;quota_calibration_observability;direct_hybrid;calibration_or_observer;coil_or_integrator","Kalman-filter fusion of broadband dB/dt coil signal (10s-100s kHz) with narrowband/DC Hall signal for tokamak field estimation; abstract states validation but source basis for real-vs-synthetic data was not independently confirmed.","Crossref/DOI metadata confirmed (title/authors/venue/vol/article no.); ScienceDirect abstract page returned HTTP 403 on fetch, content drawn from secondary search-engine summary only, NOT independently read. Stage 10D: DOI record independently re-verified against the live Crossref API (title/year match) 2026-07-27.","metadata_only","ESTIMATES coil/integrator bias using Hall as DC anchor (same architecture family as H001; author overlap with H003/H007). DUPLICATE of folder 06 ledger row S0122 (same DOI). LITERATURE_SEEDS direct seed #2. Validation claim (real vs synthetic data) is UNCONFIRMED -- flagged, do not overstate in synthesis."
"H003","Quercia et al., Nucl. Fusion 62 (2022) 106032","Long term operation of the radiation-hard Hall probes system and the path toward a high performance hybrid magnetic field sensor","A. Quercia; A. Pironti; I. Bolshakova; R. Holyaka; I. Duran; A. Murari; JET Contributors","2022","Nuclear Fusion, vol. 62, 106032","10.1088/1741-4326/ac8aad","https://doi.org/10.1088/1741-4326/ac8aad","journal_article","verified_peer_reviewed","A","quota_hybrid_coil;quota_calibration_observability;direct_hybrid;calibration_or_observer;coil_or_integrator;hall_reference","OBSERVED: 11.5-year (2009-2021, >19,000 pulses) JET operational record of InSb radiation-hard Hall probes (RHP), including a D-T campaign, with in-situ microsolenoid self-recalibration preserving sensitivity (SD ~0.07% over 11 yr). PROPOSED (not built/tested): a coil+Hall Luenberger-Kalman 'hybrid probe' concept.","Read abstract on IOPscience publisher page; Crossref metadata confirmed. Stage 10D: DOI record independently re-verified against the live Crossref API (title/year match) 2026-07-27. Stage 70: IOP open-access full text (PDF) retrieved and read end-to-end during the red-team audit.","full_text","Two claims must be kept separate: (1) OBSERVED -- Hall SENSITIVITY stability verified via same-technology in-situ AC test-field injection (microsolenoid on the same die), not a cross-technology/material-diverse check; (2) PROPOSED -- the coil+Hall hybrid observer is a forward-looking design in this paper, not a tested system. DUPLICATE of folder 06 ledger row S0068. LITERATURE_SEEDS direct seed #3 (\2022 JET hybrid paper\"")."". Stage-70 full-text findings: section 5 explicitly proposes BOTH active recalibration (RHP-style microsolenoid) AND passive in-situ recalibration of Hall sensitivity against the coil ('by exploiting standard dry runs of the machine, dedicated dry runs and plasma pulses and the plasma ramp-up phase'); the paper itself cites the 2005 JET collar probe as earlier combined-probe prior art and 2009/2010 patents (refs 66-67, formats matching GB2427700/FR2887991) on combined sensors for in-situ Hall calibration."
"H004","Arpaia, Buzio, Di Capua, Grassini, Parvis & Pentella, Sensors 22 (2022) 182","Drift-Free Integration in Inductive Magnetic Field Measurements Achieved by Kalman Filtering","Pasquale Arpaia; Marco Buzio; Vincenzo Di Capua; Sabrina Grassini; Marco Parvis; Mariano Pentella","2022","Sensors, vol. 22, no. 1, 182","10.3390/s22010182","https://doi.org/10.3390/s22010182","journal_article","verified_peer_reviewed","A","quota_hybrid_coil;quota_calibration_observability;direct_hybrid;coil_or_integrator;calibration_or_observer;hall_reference","Kalman filter treats coil-integrated field as the state and uses either a Hall probe (CS1) or magnet excitation current (CS2) as measurement update; drift reduced from 59.9-120 ppm/s to 0.02-0.08 ppm/s on a real CERN accelerator-magnet bench (hardware-validated, not synthetic).","Read full text (PMC open access, PMC8749566). Stage 10D: DOI record independently re-verified against the live Crossref API (title/year match) 2026-07-27.","full_text","ESTIMATES/corrects coil integrator bias (drift) using Hall field or magnet current as an absolute reference; does NOT estimate or correct Hall sensitivity/gain or any radiation-induced Hall parameter. Non-fusion (CERN accelerator) context -- architecturally transferable per MISSION scope. DUPLICATE of folder 06 ledger row S0179. LITERATURE_SEEDS direct seed #4. Online-first 2021, issue year 2022 (normal MDPI behavior, not a seed error)."
"H005","Amodeo, Arpaia & Buzio, Sensors 19 (2019) 5455","Integrator Drift Compensation of Magnetic Flux Transducers by Feed-Forward Correction","Maria Amodeo; Pasquale Arpaia; Marco Buzio","2019","Sensors, vol. 19, no. 24, 5455","10.3390/s19245455","https://doi.org/10.3390/s19245455","journal_article","verified_peer_reviewed","B","quota_hybrid_coil;quota_calibration_observability;coil_or_integrator;calibration_or_observer","Analytical feed-forward (non-Kalman) correction of magnetic-flux integrator drift using a 5-ppm NMR transducer (Metrolab PT2026) as reference on CERN ELENA/PSB magnets; ~3 orders-of-magnitude drift reduction, 1 uT stability over 120 s cycles.","Read full text (PMC open access, PMC6960720). Stage 10D: DOI record independently re-verified against the live Crossref API (title/year match) 2026-07-27.","full_text","SEED-LIST TITLE ERROR RESOLVED: LITERATURE_SEEDS.md lists this DOI under the title 'Integrator Drift Compensation of Magnetic Flux Measurements by Extended Kalman Filtering' -- that title does NOT match this DOI (confirmed via Crossref + PMC full text). The seed description appears to conflate this paper's DOI/venue with the Kalman-filter methodology that actually belongs to H003/H004. Reference sensor here is an NMR probe, NOT Hall -- do not tag hall_reference. Corrects coil/integrator bias only. DUPLICATE of folder 06 ledger row S0180 (06's title is already correct)."
"H006","Bolshakova, Duran, Holyaka, Hristoforou & Marusenkov, Sensor Letters 5 (2007) 283","Performance of Hall Sensor-Based Devices for Magnetic Field Diagnosis at Fusion Reactors","I. Bolshakova; I. Duran; R. Holyaka; E. Hristoforou; A. Marusenkov","2007","Sensor Letters, vol. 5, no. 1, pp. 283-288","10.1166/sl.2007.004","https://doi.org/10.1166/sl.2007.004","journal_article","peer_review_uncertain","C","quota_hybrid_coil;quota_calibration_observability;direct_hybrid;calibration_or_observer","FULL-TEXT CONFIRMED (stage 70): discloses an integrated magnetic transducer combining Hall sensor + copper microsolenoid actuator in one 10x10x6 mm package; AC excitation of the winding with DC Hall bias; synchronous (lock-in-equivalent) detection with frequency separation of differential/integral signal components; ~5 mT test field at 10 mA; correction error <=0.1%; winding dual-used as thermoresistor (0.1 C); argues the test field is radiation-dose-invariant if the winding current is held stable; deployed at Tore Supra and JET (ex-vessel).","DOI/title/authors/venue/vol/issue/pages confirmed via Crossref (legitimate ASP-registered DOI, not fabricated); original PDF (CTU Golem mirror) password-protected, Ingenta Connect publisher page returned HTTP 403 -- content description rests on consistent multi-source search-engine snippets only, NOT independently read. Stage 10D: DOI record independently re-verified against the live Crossref API (title/year match) 2026-07-27. Stage 70: full text obtained and read via the public CTU golem mirror (golem.fjfi.cvut.cz/wiki/Library/others/BolshakovaI_Hall_Sensors_07.pdf) - the PDF extracted cleanly this session; all quoted disclosures verified verbatim.","full_text","Downgraded to peer_review_uncertain: Sensor Letters (American Scientific Publishers) has raised venue-quality concerns in the literature-integrity community independent of the DOI's legitimacy; full text could not be obtained by any search pass to confirm rigor. Treat as the earliest CONCEPTUAL disclosure of the Hall sensing+actuation self-test idea, but rely on H007 (IEEE TNS 2012, same author group, unambiguously rigorous venue) as the stronger evidentiary source for the same architecture in actual JET operation. Do not substitute one for the other -- different maturity stages of the same idea. LITERATURE_SEEDS flags this as important prior art; content NOT full-text-confirmed, so no strong novelty claim should rest on this row alone. Stage 70: peer_review_uncertain RETAINED (venue-quality concern is about the journal, not the content, and is unchanged by full-text access). Companion patents GB2427700 (2009) and FR2887991 (2010) on combined sensors for in-situ Hall calibration are cited in H003 refs 66-67 (patents are discovery-level prior art, not peer-reviewed rows)."
"H007","Bolshakova et al., IEEE Trans. Nucl. Sci. 59 (2012) 1224","Magnetic Measuring Instrumentation With Radiation-Resistant Hall Sensors for Fusion Reactors: Experience of Testing at JET","I. Bolshakova; A. Quercia; V. Coccorese; A. Murari; R. Holyaka; I. Duran; L. Viererbl; R. Konopleva; V. Yerashok","2012","IEEE Transactions on Nuclear Science, vol. 59, no. 4, pp. 1224-1231","10.1109/TNS.2012.2188816","https://doi.org/10.1109/TNS.2012.2188816","journal_article","verified_peer_reviewed","A","quota_hybrid_coil;quota_calibration_observability;direct_hybrid;calibration_or_observer;hall_reference;direct_hall_neutron;fusion_qualification","Documents the JET ex-vessel radiation-resistant Hall probe (RHP) instrumentation in which embedded microsolenoids serve a dual role: inject an AC test field for in-situ Hall self-recalibration, and (during pulses) act as inductive pickup coils whose signals are also recorded.","Crossref/DOI metadata confirmed (title/authors/venue/vol/issue/pages); content corroborated by consistent independent search snippets and a EUROfusion preprint listing (scipub.euro-fusion.org/EFDP11054), but that preprint PDF is password-protected -- NOT independently full-text read. Stage 10D: DOI record independently re-verified against the live Crossref API (title/year match) 2026-07-27.","metadata_only","Best-verified, operationally-deployed embodiment of the sensor+actuator self-diagnostic concept (stronger venue than H006). IEEE TNS is a rigorous peer-reviewed venue. Corrects/verifies Hall SENSITIVITY via same-technology embedded self-test winding; the same winding doubling as a coil pickup is the clearest documented precedent for a literal Hall+coil single-transducer hybrid in a fusion machine. MERGED at stage 10D with 10B row R005 (same DOI, independently found by the radiation lane): radiation-lane framing adds that the RHP instrumentation was operated in-situ ex-vessel on JET during a deuterium campaign (mixed n/gamma field) with supplementary research-reactor tests under ITER-relevant conditions; no numeric fluence/sensitivity figures were verifiable from accessible text."
"H008","Hosozawa, Sekiguchi, Asai & Takahashi, Rev. Sci. Instrum. 89 (2018) 10J120","Application of a Hall sensor for pulsed magnetic field measurement in the FAT-CM FRC experiments","A. Hosozawa; J. Sekiguchi; T. Asai; T. Takahashi","2018","Review of Scientific Instruments, vol. 89, no. 10, 10J120","10.1063/1.5039356","https://doi.org/10.1063/1.5039356","journal_article","verified_peer_reviewed","B","quota_hybrid_coil;direct_hybrid;coil_or_integrator;hall_reference","Combines a Hall sensor (covers the low-frequency/quasi-static band where coil-probe integration errors dominate) with a magnetic coil probe (covers high-frequency pulsed transients) for a field-reversed-configuration (FRC) plasma-merging experiment; paper states the combination 'ensures a comprehensive measurement of the magnetic field.'","Read abstract via publisher/PubMed page fetch; Crossref metadata confirmed. Stage 10D: DOI record independently re-verified against the live Crossref API (title/year match) 2026-07-27.","abstract_metadata","Genuine DC+AC complementary Hall+coil combination in an operating magneto-fusion-relevant device (FRC, not mainstream tokamak -- falls under MISSION's 'technically transferable' scope). Could NOT confirm from the abstract whether this is a formal Kalman/Luenberger/complementary observer or a simpler frequency-band hand-off scheme -- do not assume estimator sophistication beyond stated text. DUPLICATE of folder 06 ledger row S0173."
"H009","Bak, Lee, Son & KSTAR Project Team, Rev. Sci. Instrum. 75 (2004) 4305","Performance of the magnetic sensor and the integrator for the KSTAR magnetic diagnostics","J. G. Bak; S. G. Lee; DeRac Son; KSTAR Project Team","2004","Review of Scientific Instruments, vol. 75, no. 10, pp. 4305-4307","10.1063/1.1789620","https://doi.org/10.1063/1.1789620","journal_article","verified_peer_reviewed","C","quota_hybrid_coil;coil_or_integrator;context_only","Characterizes Mirnov/pickup-coil frequency response (10 kHz-15 MHz) and an analog integrator with automatic drift compensation for KSTAR.","Search-engine snippet describing publisher abstract (AIP page returned HTTP 403); Crossref metadata confirmed. Stage 10D: DOI record independently re-verified against the live Crossref API (title/year match) 2026-07-27.","metadata_only","NOT a Hall+coil hybrid paper -- coil/integrator only, no Hall sensor found in the available description. Retained only as historical KSTAR context motivating the long-pulse drift problem later addressed by H001 (same institutional lineage). Do not count as direct hybrid evidence. DUPLICATE of folder 06 ledger row S0105."
"H010","Shen, Xi, Qian, Sun & Fan, Fusion Eng. Des. 84 (2009) 19","The magnetic field configuration measurement on EAST tokamak","B. Shen; W. B. Xi; J. P. Qian; Y. W. Sun; H. Y. Fan","2009","Fusion Engineering and Design, vol. 84, no. 1, pp. 19-23","10.1016/j.fusengdes.2008.07.045","https://doi.org/10.1016/j.fusengdes.2008.07.045","journal_article","verified_peer_reviewed","C","context_only","Bibliographic record confirmed; an AI-search summary claimed the method jointly uses magnetic (coil) probes and Hall probes to reconstruct EAST TF/PF field configuration, but this claim was NOT independently verified from the actual abstract or text.","Crossref bibliographic metadata confirmed; ScienceDirect abstract page returned HTTP 403 on every attempt -- the 'combines Hall probes' content claim is search-snippet-only and UNVERIFIED. Stage 10D: DOI record independently re-verified against the live Crossref API (title/year match) 2026-07-27.","metadata_only","LOW CONFIDENCE, deliberately not dropped per instructions: bibliographic record is solid, but the direct_hybrid content claim rests entirely on unverified AI-search synthesis. Tagged context_only, NOT direct_hybrid, until a direct read is obtained. DUPLICATE of folder 06 ledger row S0069."
"H011","Bolshakova et al., Nucl. Fusion 55 (2015) 083006","Experimental evaluation of stable long term operation of semiconductor magnetic sensors at ITER relevant environment","I. Bolshakova; S. Belyaev; M. Bulavin; et al. (22 authors incl. Ph. Moreau; A. Murari; A. Quercia; I. Duran)","2015","Nuclear Fusion, vol. 55, no. 8, 083006","10.1088/0029-5515/55/8/083006","https://doi.org/10.1088/0029-5515/55/8/083006","journal_article","verified_peer_reviewed","B","hall_reference;context_only","Stage-70 verified (IOP abstract + partial body via article page): periodic in-situ calibration via copper-wire microsolenoid test field used for continuous sensitivity monitoring; performed DURING fission-reactor irradiation campaigns (IBR-2, LVR-15, WWR-m) to fluence >1e18 n/cm2; JET deployment showed Hall voltages within +/-0.1% of initial values over ~5 years / ~8000 pulses; JET Hall measurements cross-compared against model calculations driven by the machine pick-up-coil diagnostics.","Crossref bibliographic metadata confirmed; abstract not independently read. Stage 10D: DOI record independently re-verified against the live Crossref API (title/year match) 2026-07-27. Stage 70: IOP article page fetched; abstract verbatim and body excerpts read (body quotes via page summarizer - flagged); DOI/authors re-confirmed via Crossref this session.","abstract_metadata","Same author network as H003/H006/H007. Stage-70 role change: upgraded from lineage/context-only to LOAD-BEARING COUNTEREVIDENCE for any loose 'in-situ radiation-aware Hall recalibration is unreported' claim - it demonstrates the ACTUATOR-based (known-current copper winding) variant under neutron irradiation; the open gap is specifically the PASSIVE witness-sensor variant (see corrected C21/C36). DUPLICATE of folder 06 ledger row S0111."
"H012","Higgins, IEEE Trans. Aerosp. Electron. Syst. 11 (1975) 321","A Comparison of Complementary and Kalman Filtering","W. T. Higgins","1975","IEEE Transactions on Aerospace and Electronic Systems, vol. 11, no. 3, pp. 321-325","10.1109/TAES.1975.308081","https://doi.org/10.1109/TAES.1975.308081","journal_article","verified_peer_reviewed","A","quota_calibration_observability;calibration_or_observer;enabling_only","Proves the classical complementary filter (low-pass on an absolute/DC channel + high-pass on a rate/derivative channel) is mathematically equivalent to a steady-state Kalman filter under stated noise assumptions -- the foundational theory link between complementary filtering and Kalman fusion of a DC-type and a rate-type sensor, directly analogous to Hall(DC)+coil(dB/dt).","Crossref/DOI metadata confirmed; abstract not independently retrieved (IEEE Xplore page not fetchable) -- content characterization from secondary search-engine summary. Stage 10D: DOI record independently re-verified against the live Crossref API (title/year match) 2026-07-27.","metadata_only","Theory only, no hardware. Does NOT address joint gain+bias+state identifiability -- assumes both channels already have known/unit gain and treats only noise-optimal blending, not confounding of unknown gain/bias with true state. Foundational enabling prior art, not a substitute for an identifiability proof."
"H013","Mahony, Hamel & Pflimlin, IEEE Trans. Autom. Control 53 (2008) 1203","Nonlinear Complementary Filters on the Special Orthogonal Group","Robert Mahony; Tarek Hamel; Jean-Michel Pflimlin","2008","IEEE Transactions on Automatic Control, vol. 53, no. 5, pp. 1203-1218","10.1109/TAC.2008.923738","https://doi.org/10.1109/TAC.2008.923738","journal_article","verified_peer_reviewed","A","quota_calibration_observability;calibration_or_observer;enabling_only","Nonlinear observer fusing a low-frequency absolute reference (accelerometer/vector measurements) with a high-frequency rate sensor (gyro); derives direct/passive/explicit complementary filters, proves Lyapunov (almost-global) stability, extends to online gyro-bias estimation; validated on real UAV/robot hardware.","Read abstract via Semantic Scholar metadata aggregator plus Crossref bibliographic metadata. Stage 10D: DOI record independently re-verified against the live Crossref API (title/year match) 2026-07-27.","abstract_metadata","Jointly estimates state (attitude) AND rate-sensor bias, showing local/almost-global observability given persistent excitation from the absolute reference -- a rigorous nonlinear-observer analog to coil-drift+Hall-reference, but ASSUMES known gain on the absolute sensor (does not treat unknown Hall-like gain), so it is only a partial analog. Hardware-validated, not simulation only."
"H014","Madgwick, Harrison & Vaidyanathan, ICORR 2011","Estimation of IMU and MARG Orientation Using a Gradient Descent Algorithm","Sebastian O. H. Madgwick; Andrew J. L. Harrison; Ravi Vaidyanathan","2011","Proc. 2011 IEEE International Conference on Rehabilitation Robotics (ICORR), pp. 1-7","10.1109/ICORR.2011.5975346","https://doi.org/10.1109/ICORR.2011.5975346","conference_paper","verified_peer_reviewed","B","quota_calibration_observability;calibration_or_observer;enabling_only","Widely-adopted ('Madgwick filter') gradient-descent fusion of accelerometer/magnetometer (absolute, low-frequency) with gyroscope (rate, drift-prone) for orientation, including online gyro-bias/drift correction; hardware-validated against a commercial optical system.","Crossref/DOI metadata confirmed (title/authors/venue/DOI/PubMed ID); abstract text itself not retrieved (marked unavailable by aggregator). Stage 10D: DOI record independently re-verified against the live Crossref API (title/year match) 2026-07-27.","metadata_only","Engineering-practice analog, not a formal identifiability proof -- no observability/rank argument for jointly recovering sensor gain, bias, and state. Useful as enabling/heuristic-fusion context, not identifiability evidence."
"H015","Friedland, IEEE Trans. Autom. Control AC-14 (1969) 359","Treatment of Bias in Recursive Filtering","Bernard Friedland","1969","IEEE Transactions on Automatic Control, vol. AC-14, no. 4, pp. 359-367","10.1109/TAC.1969.1099223","https://doi.org/10.1109/TAC.1969.1099223","journal_article","verified_peer_reviewed","A","quota_calibration_observability;calibration_or_observer","Classical result: for a linear system with an unknown constant bias, the optimal state estimate decomposes into a bias-free estimate plus a correction term driven by a separately-estimated bias -- the foundational 'separate-bias filter' underlying later joint state+bias observers.","Crossref/DOI metadata confirmed; content description from secondary search-engine summary, not a directly read abstract or full text. Stage 10D: DOI record independently re-verified against the live Crossref API (title/year match) 2026-07-27.","metadata_only","Theory only. Establishes state and constant bias are jointly estimable and computationally separable under a stated observability condition -- relevant groundwork for testing S_H/b_H/B or K_C/b_C confounding, but does not itself analyze a two-heterogeneous-sensor (absolute+derivative) architecture."
"H016","Kitanidis, Automatica 23 (1987) 775","Unbiased Minimum-Variance Linear State Estimation","P. K. Kitanidis","1987","Automatica, vol. 23, no. 6, pp. 775-778","10.1016/0005-1098(87)90037-9","https://doi.org/10.1016/0005-1098(87)90037-9","journal_article","verified_peer_reviewed","A","quota_calibration_observability;calibration_or_observer","Foundational unknown-input, unbiased minimum-variance recursive filter: derives a state estimator exactly decoupled from an unknown (possibly non-Gaussian) input/disturbance term -- direct ancestor of modern joint state+bias+unknown-input observers.","Crossref/DOI + Semantic Scholar metadata only; abstract not retrieved (restricted by publisher/aggregator). Stage 10D: DOI record independently re-verified against the live Crossref API (title/year match) 2026-07-27.","metadata_only","Theory only, no hardware. Provides the algebraic machinery (existence/rank conditions for unbiasedness) later extended (H017, H021) to the 'state + sensor bias + unknown input from heterogeneous sensors' identifiability question central to this project."
"H017","Darouach & Zasadzinski, Automatica 33 (1997) 717","Unbiased Minimum Variance Estimation for Systems with Unknown Exogenous Inputs","M. Darouach; M. Zasadzinski","1997","Automatica, vol. 33, no. 4, pp. 717-719","10.1016/S0005-1098(96)00217-8","https://doi.org/10.1016/S0005-1098(96)00217-8","journal_article","verified_peer_reviewed","B","quota_calibration_observability;calibration_or_observer","Generalizes Kitanidis's parameterized unbiased minimum-variance filter to linear systems with unknown exogenous inputs, giving explicit existence/rank conditions for a valid unbiased observer.","Crossref/DOI metadata confirmed (title/authors/year/pages/DOI; venue confirmed via Crossref container-title, disregarding a Semantic Scholar venue-field artifact). Abstract not retrieved. Stage 10D: DOI record independently re-verified against the live Crossref API (title/year match) 2026-07-27.","metadata_only","Theory only. States an explicit rank/existence condition for unbiased joint state+unknown-input observability -- the same class of test (rank of an augmented observability matrix) the Decision Framework requires for Hall gain/bias + coil gain/drift + true field."
"H018","Rhee, Abdel-Hafez & Speyer, IEEE Trans. Aerosp. Electron. Syst. 40 (2004) 526","Observability of an Integrated GPS/INS during Maneuvers","Ilkyu Rhee; Mohammad F. Abdel-Hafez; Jason L. Speyer","2004","IEEE Transactions on Aerospace and Electronic Systems, vol. 40, no. 2, pp. 526-535","10.1109/TAES.2004.1310002","https://doi.org/10.1109/TAES.2004.1310002","journal_article","verified_peer_reviewed","A","quota_calibration_observability;calibration_or_observer;enabling_only","Formal observability analysis of a loosely-coupled GPS (absolute-position sensor) + INS (integrating/rate sensor with gyro/accelerometer bias) architecture; identifies which bias/error states are observable vs. unobservable under straight-line flight vs. maneuvering, and derives the excitation condition required for full observability.","Crossref/DOI metadata confirmed (cross-checked twice); IEEE Xplore abstract page not fetchable (JS-rendered) -- content description drawn from the well-established, consistently-reported scope of this paper across secondary sources, NOT independently read in full. Stage 10D: DOI record independently re-verified against the live Crossref API (title/year match) 2026-07-27.","metadata_only","Closest published analog to this project's central question: absolute/DC-type sensor (GPS) fused with an integrating rate sensor (INS) with unknown biases, analyzed via an explicit observability-matrix argument, showing bias/state confounding is resolved only under specific excitation (maneuvering) -- i.e., conditional, NOT automatic identifiability. Pure navigation-systems theory, no radiation/temperature context."
"H019","Hong, Lee, Chun, Kwon & Speyer, IEEE Trans. Veh. Technol. 54 (2005) 731","Observability of Error States in GPS/INS Integration","Sinpyo Hong; Man Hyung Lee; Ho-Hwan Chun; Sun-Hong Kwon; Jason L. Speyer","2005","IEEE Transactions on Vehicular Technology, vol. 54, no. 2, pp. 731-743","10.1109/TVT.2004.841540","https://doi.org/10.1109/TVT.2004.841540","journal_article","verified_peer_reviewed","B","quota_calibration_observability;calibration_or_observer;enabling_only","Companion observability study to H018: decomposes the GPS/INS error-state observability matrix into observable/unobservable subspaces, showing attitude, gyro-bias, and lever-arm uncertainty determine which position/velocity/accelerometer-bias errors remain unobservable absent maneuvering.","Crossref/DOI + Semantic Scholar metadata confirmed; abstract not retrieved directly -- content drawn from a secondary aggregator summary explicitly attributed to this paper. Stage 10D: DOI record independently re-verified against the live Crossref API (title/year match) 2026-07-27.","metadata_only","Independent confirmation (via subspace decomposition rather than a simple rank test) that gain/bias/state confounding in absolute+rate sensor fusion is structurally real and excitation-dependent, not merely a modeling inconvenience."
"H020","Alonso & Shuster, J. Astronaut. Sci. 51 (2003) 133","Centering and Observability in Attitude-Independent Magnetometer-Bias Determination","Roberto Alonso; Malcolm D. Shuster","2003","The Journal of the Astronautical Sciences, vol. 51, no. 2, pp. 133-141","10.1007/BF03546305","https://doi.org/10.1007/BF03546305","journal_article","verified_peer_reviewed","B","quota_calibration_observability;calibration_or_observer;enabling_only","Analyzes exactly when a magnetometer's own bias is observable without independent attitude/state knowledge, using a 'centering' transformation of the measurement geometry, and identifies degenerate (unobservable) geometries.","Crossref/DOI + Semantic Scholar metadata confirmed; abstract not retrieved (restricted by publisher). Stage 10D: DOI record independently re-verified against the live Crossref API (title/year match) 2026-07-27.","metadata_only","Directly on point for the 'Hall offset vs. slowly-changing/degenerate field' confound: shows bias-only identifiability of an absolute-type sensor is geometry/trajectory dependent and can degenerate -- a cautionary structural result, theory only."
"H021","Zhou, Liang, Yang, Xu & Pan, Sensors 16 (2016) 1407","Multi-Sensor Consensus Estimation of State, Sensor Biases and Unknown Input","Jie Zhou; Yan Liang; Feng Yang; Linfeng Xu; Quan Pan","2016","Sensors, vol. 16, no. 9, 1407","10.3390/s16091407","https://doi.org/10.3390/s16091407","journal_article","verified_peer_reviewed","A","quota_calibration_observability;calibration_or_observer","Derives a heterogeneous multi-sensor architecture jointly estimating system state, per-sensor (and network-consensus) biases, and a common unknown input, with an explicit necessary-and-sufficient RANK CONDITION (paper's Eq. 10) for feasibility -- a structural identifiability proof, not an assumption.","Read full text (open-access PMC copy, PMC5038685), including method section and stated rank condition. Stage 10D: DOI record independently re-verified against the live Crossref API (title/year match) 2026-07-27.","full_text","Strongest identifiability match found across all search domains: proves (via rank condition on augmented measurement/dynamics matrices) rather than assumes when state + sensor bias + unknown common input are jointly identifiable from heterogeneous sensors -- structurally the same question as jointly identifying B(t), S_H, b_H, K_C, b_C from Hall+coil. Does NOT include a sensor GAIN term (additive bias + unknown input only), so it does not close the gain-identifiability half of the Hall problem -- this gap must be stated explicitly. Simulation-only validation (target-tracking scenario), not hardware."
"H022","Ranasingh, Pradhan & Raju, IEEE Sens. J. 22 (2022) 20626","Contactless Current Sensor With Novel Coil Designs and Hall-Effect Based Electron Device for Dynamic Precision Adjustment","Soumyaranjan Ranasingh; Tapan Pradhan; D. Koteswara Raju","2022","IEEE Sensors Journal, vol. 22, no. 21, pp. 20626-20634","10.1109/JSEN.2022.3207276","https://doi.org/10.1109/JSEN.2022.3207276","journal_article","verified_peer_reviewed","C","quota_hybrid_coil;direct_hybrid;coil_or_integrator;hall_reference","Combines a novel induction-coil geometry (contactless current sensing) with a Hall-plate-based electronic device used to dynamically adjust the coil sensor's precision/impedance; reports 5.76 mV/A sensitivity and 0.09% nonlinearity, improved rise/settling time vs. conventional Rogowski designs.","Read abstract via Semantic Scholar metadata aggregator (quoted performance figures) plus Crossref bibliographic metadata. Stage 10D: DOI record independently re-verified against the live Crossref API (title/year match) 2026-07-27.","abstract_metadata","Genuine Hall+coil hybrid in power-electronics current sensing, but a HARDWARE/GEOMETRY design paper, not an observer/estimation paper -- no gain/bias/state observability condition is formulated or tested. Treat as adjacent-field feasibility evidence, not identifiability evidence. Independently found by two separate search domains (observer-theory and non-fusion-applications), reinforcing verification confidence."
"H023","Ziegler, Woodward, Iu & Borle, IEEE Sens. J. 9 (2009) 354","Current Sensing Techniques: A Review","S. Ziegler; R. C. Woodward; H. H. Iu; L. J. Borle","2009","IEEE Sensors Journal, vol. 9, no. 4, pp. 354-376","10.1109/JSEN.2009.2013914","https://doi.org/10.1109/JSEN.2009.2013914","journal_article","verified_peer_reviewed","B","quota_hybrid_coil;context_only;enabling_only;hall_reference;coil_or_integrator","Widely-cited review cataloguing current-sensing principles (Hall-effect, fluxgate, Rogowski/CT, shunt, magnetoresistive, fiber-optic) by underlying physics, discussing the DC-capable-but-bandwidth-limited (Hall) vs. AC-only-but-wide-bandwidth (Rogowski/CT) complementarity motivating hybrid architectures.","Crossref/DOI + Semantic Scholar metadata confirmed; abstract not directly retrieved -- content description drawn from a search-engine summary of the review's stated scope. Stage 10D: DOI record independently re-verified against the live Crossref API (title/year match) 2026-07-27.","metadata_only","Review article, not original evidence (per SOURCE_POLICY, reviews map the field but do not replace original work). No observer/identifiability analysis; retained only as terminology/context mapping for why Hall+Rogowski/CT pairing is a well-developed adjacent field."
"H024","Giannone et al., Fusion Eng. Des. 166 (2021) 112276","Shunt and Rogowski coil measurements on ASDEX Upgrade in support of DEMO detachment control","L. Giannone; S. El Shawish; A. Herrmann; A. Kallenbach; K. H. Schuhbeck; G. Vayakis; C. Watts; I. Zammuto","2021","Fusion Engineering and Design, vol. 166, 112276","10.1016/j.fusengdes.2021.112276","https://doi.org/10.1016/j.fusengdes.2021.112276","journal_article","verified_peer_reviewed","B","quota_hybrid_coil;quota_calibration_observability;coil_or_integrator;calibration_or_observer","Rogowski-coil vs. shunt cross-calibration and stray-field (mutual coupling) compensation on ASDEX Upgrade -- a major device not otherwise represented in this evidence chain.","Crossref/DOI metadata confirmed; descriptive content from general WebSearch snippet aggregation (publisher page returned HTTP 403), NOT independently confirmed against the full abstract. Stage 10D: DOI record independently re-verified against the live Crossref API (title/year match) 2026-07-27.","metadata_only","Targets Rogowski coil accuracy via cross-check against an independent shunt reference and compensation of stray/coupled fields from PF/TF coil currents -- this is coil cross-calibration/stray-field compensation, NOT classical open-loop integrator drift correction; the two must not be conflated."
"H025","Strait, Broesch, Snider & Walker, Rev. Sci. Instrum. 68 (1997) 381","A hybrid digital-analog long pulse integrator","E. J. Strait; J. D. Broesch; R. T. Snider; M. L. Walker","1997","Review of Scientific Instruments, vol. 68, no. 1, pp. 381-384","10.1063/1.1147835","https://doi.org/10.1063/1.1147835","journal_article","verified_peer_reviewed","A","quota_hybrid_coil;coil_or_integrator","Foundational DIII-D hybrid analog/digital long-pulse integrator, alternating ADC sampling of the sensor and a dummy-load (zero) reference for continuous offset compensation.","Crossref/DOI metadata confirmed; abstract content from WebSearch synthesis (AIP publisher page returned HTTP 403), not directly loaded. Stage 10D: DOI record independently re-verified against the live Crossref API (title/year match) 2026-07-27.","metadata_only","Targets integrator DC-offset/drift (not coil gain/effective area), corrected by periodically substituting a known-zero ('dummy load') reference channel -- an early, distinct reference-substitution drift-correction precedent, separate from the EAST/KSTAR integrators already in folder 06."
"H026","Bak, Lee, Son & Ga, Rev. Sci. Instrum. 78 (2007) 043504","Analog integrator for the Korea Superconducting Tokamak Advanced Research magnetic diagnostics","J. G. Bak; S. G. Lee; D. Son; E. M. Ga","2007","Review of Scientific Instruments, vol. 78, no. 4, 043504","10.1063/1.2721405","https://doi.org/10.1063/1.2721405","journal_article","verified_peer_reviewed","B","quota_hybrid_coil;coil_or_integrator","Third, distinct KSTAR integrator-generation paper (ADC-register-DAC periodic correction of an analog integrator's drift), separate from the 2004 sensor/integrator (H009) and later digital-integrator KSTAR papers already in folder 06.","Crossref metadata confirmed; abstract-level description obtained via a WebSearch query explicitly attributed to this DOI, publisher page not directly loaded. Stage 10D: DOI record independently re-verified against the live Crossref API (title/year match) 2026-07-27.","abstract_metadata","Targets integrator DC drift via periodic digital (ADC-DAC) correction of an otherwise-analog integrator -- same problem class as folder-06 KSTAR integrator papers but a genuinely separate DOI/publication documenting a different integrator generation."
"H027","Gavin, Morales & Reilly, Rev. Sci. Instrum. 69 (1998) 2171","Drift-free integrators","Henri P. Gavin; Rodrigo Morales; Kathryn Reilly","1998","Review of Scientific Instruments, vol. 69, no. 5, pp. 2171-2175","10.1063/1.1148918","https://doi.org/10.1063/1.1148918","journal_article","verified_peer_reviewed","B","quota_hybrid_coil;coil_or_integrator;enabling_only","General (non-fusion) feedback-stabilized hybrid digital-analog integrator design, demonstrated on synthesized signals and an accelerometer, not a magnetic coil.","Crossref metadata confirmed; descriptive content from a WebSearch snippet drawing on the authors' Duke University publication-listing page, not the publisher page directly. Stage 10D: DOI record independently re-verified against the live Crossref API (title/year match) 2026-07-27.","abstract_metadata","Targets generic op-amp integrator DC bias/drift stabilization via feedback -- a transferable circuit technique, explicitly NOT magnetics- or coil-specific in its demonstrated application; must be cited as enabling/general prior art, not direct coil evidence."
"H028","Arpaia, Masi & Spiezia, IEEE Trans. Instrum. Meas. 56 (2007) 216","Digital Integrator for Fast Accurate Measurement of Magnetic Flux by Rotating Coils","P. Arpaia; A. Masi; G. Spiezia","2007","IEEE Transactions on Instrumentation and Measurement, vol. 56, no. 2, pp. 216-220","10.1109/TIM.2007.890787","https://doi.org/10.1109/TIM.2007.890787","journal_article","verified_peer_reviewed","B","quota_hybrid_coil;coil_or_integrator","Digital integrator for rotating search-coil magnetic-flux measurement of superconducting accelerator magnets, benchmarked against a state-of-the-art portable digital integrator.","Crossref metadata confirmed bibliographic details; descriptive content from a WebSearch snippet (an initial DOI supplied by the search tool was mismatched and was corrected via direct Crossref bibliographic query). Stage 10D: DOI record independently re-verified against the live Crossref API (title/year match) 2026-07-27.","metadata_only","Targets flux-integrator dynamic accuracy/drift in rotating-coil accelerator-magnet metrology (non-fusion). Same CERN author lineage (Arpaia) as H004/H005 -- this is their earlier, foundational hardware-integrator work, a genuinely different DOI/paper."
"H029","Xue et al., Fusion Eng. Des. 140 (2019) 11","Fiber-optic current sensor for plasma current on experimental advanced superconducting tokamak","M. M. Xue; B. Shen; D. L. Chen; Y. Wang; T. H. Shi; H. H. Wang; Y. W. Sun; J. P. Qian; H. Xiao; B. J. Xiao","2019","Fusion Engineering and Design, vol. 140, pp. 11-15","10.1016/j.fusengdes.2019.01.070","https://doi.org/10.1016/j.fusengdes.2019.01.070","journal_article","verified_peer_reviewed","B","quota_hybrid_coil;coil_or_integrator;enabling_only","EAST deployment of a Faraday-effect fiber-optic current sensor (FOCS) as a non-Rogowski, self-integrating alternative for plasma current measurement.","Crossref metadata confirmed bibliographic details only; quantitative/comparative drift claims come from general WebSearch synthesis across several FOCS papers, not confirmed as specific to this DOI. Stage 10D: DOI record independently re-verified against the live Crossref API (title/year match) 2026-07-27.","metadata_only","Targets elimination of the coil+integrator drift problem by substituting a self-integrating optical (Faraday-rotation) sensor for the Rogowski coil, rather than correcting drift within an existing coil/integrator chain -- an alternative-technology counterpoint, not a Hall+coil hybrid."
"H030","Leysen et al., Fusion Eng. Des. 160 (2020) 111754","Plasma current measurement at JET using polarimetry-based fibre optic current sensor","W. Leysen; A. Gusarov; M. Wuilpart; P. Beaumont; A. Boboc; D. Croft; N. Bekris; P. Batistoni","2020","Fusion Engineering and Design, vol. 160, 111754","10.1016/j.fusengdes.2020.111754","https://doi.org/10.1016/j.fusengdes.2020.111754","journal_article","verified_peer_reviewed","A","quota_hybrid_coil;coil_or_integrator;enabling_only","JET fiber-optic current sensor (FOCS) cross-validated against the Rogowski/Continuous-External-Rogowski-based plasma current reference.","Crossref metadata confirmed bibliographic details only; descriptive/quantitative content from general WebSearch synthesis, publisher page returned HTTP 403 -- not independently confirmed against full text. Stage 10D: DOI record independently re-verified against the live Crossref API (title/year match) 2026-07-27.","metadata_only","Targets a drift-free alternative to Rogowski-coil integration for plasma current, cross-checked against the existing Rogowski-based reference -- complementary to, not a duplicate of, ITER Continuous External Rogowski work already in folder 06."
"H031","Gusarov et al., Fusion Eng. Des. 165 (2021) 112228","Performance assessment of plasma current measurement at JET using fibre optics current sensor","A. Gusarov; W. Leysen; P. Beaumont; M. Wuilpart; P. Dandu; A. Boboc; D. Croft; N. Bekris; P. Batistoni","2021","Fusion Engineering and Design, vol. 165, 112228","10.1016/j.fusengdes.2021.112228","https://doi.org/10.1016/j.fusengdes.2021.112228","journal_article","verified_peer_reviewed","B","quota_hybrid_coil;coil_or_integrator;fusion_qualification;measurement_chain_coil","Follow-on long-term/operational performance and stability assessment of the JET FOCS versus the Rogowski-based reference introduced in H030.","Crossref metadata confirmed bibliographic details only; not independently verified against full abstract text (publisher page inaccessible). Stage 10D: DOI record independently re-verified against the live Crossref API (title/year match) 2026-07-27.","metadata_only","Targets long-term stability/performance of the drift-free optical alternative relative to the incumbent Rogowski/integrator chain -- genuinely distinct DOI/paper from H030, a follow-up assessment rather than a duplicate. MERGED at stage 10D with 10B row R077 (same DOI, independently found by the radiation lane): radiation-lane framing adds that this is the documented pre-DTE2 baseline calibration of FOCS against the Continuous External Rogowski (CER) reference, with FOCS crosstalk sensitivity at background level, i.e. the pre-irradiation baseline step for the D-T campaign assessment in R063."
"H032","Hamad & Macnae, Sensors 25 (2025) 1646","A Current Sensing Cross-Component Induction Magnetometer for Use in Time-Domain Borehole Geophysical Electromagnetic Surveys","J. Hamad; J. Macnae","2025","Sensors, vol. 25, no. 6, 1646","10.3390/s25061646","https://doi.org/10.3390/s25061646","journal_article","verified_peer_reviewed","B","quota_hybrid_coil;coil_or_integrator;enabling_only","Non-fusion (geophysics) search-coil/induction magnetometer using an active current-sensing feedback topology to improve low-frequency response and noise vs. a standard air-core search coil, calibrated against Helmholtz coils; reports a -3 dB low-cut corner frequency of 3.5 Hz.","Read full text via open-access PMC page. Stage 10D: DOI record independently re-verified against the live Crossref API (title/year match) 2026-07-27.","full_text","Targets low-frequency bandwidth/noise-floor and absolute sensitivity calibration of a search-coil magnetometer via a current-feedback (transimpedance) design that sidesteps rather than post-hoc corrects classical open-loop voltage-integrator drift -- do not describe as 'integrator drift correction' in the strict sense used elsewhere in this ledger."
"H033","Ray, EPE Journal 3 (1993) 116","Wide Bandwidth Rogowski Current Transducers: Part II -- The Integrator","W. F. Ray","1993","EPE Journal, vol. 3, no. 2, pp. 116-122","10.1080/09398368.1993.11463318","https://doi.org/10.1080/09398368.1993.11463318","journal_article","verified_peer_reviewed","A","quota_hybrid_coil;coil_or_integrator;enabling_only","Foundational (non-fusion, power-electronics) treatment of Rogowski-coil integrator design: active-electronic vs. passive/self-integrating topologies and their bandwidth/offset/drift trade-offs.","Crossref/DOI metadata confirmed (title/authors/journal/volume/issue/page/year/DOI); full text/abstract not directly retrieved. Stage 10D: DOI record independently re-verified against the live Crossref API (title/year match) 2026-07-27.","metadata_only","Targets the fundamental design trade-off between active-integrator DC-offset/drift and passive self-integrating (high-L/R) Rogowski designs. Companion 'Part I: The Rogowski Coil' (10.1080/09398368.1993.11463312) covers coil geometry/sensitivity, not integrator drift, and was intentionally excluded to keep this row focused on the integrator-relevant half of the pair."
"H034","Munter, Sens. Actuators A 22 (1990) 743","A low-offset spinning-current Hall plate","P. J. A. Munter","1990","Sensors and Actuators A: Physical, vol. 22, pp. 743-746","10.1016/0924-4247(89)80069-x","https://doi.org/10.1016/0924-4247(89)80069-x","journal_article","verified_peer_reviewed","A","hall_reference;enabling_only","Introduces the spinning-current (current-spinning) principle: rotating the Hall-plate bias-current direction and time-averaging the output over multiple orientations cancels the geometric Hall offset; reports ~10x lower residual offset than commercial Si Hall plates.","Crossref/DOI metadata confirmed; abstract not independently read (elided by aggregator). Stage 10D: DOI record independently re-verified against the live Crossref API (title/year match) 2026-07-27.","metadata_only","Corrects Hall OFFSET only -- does not touch Hall sensitivity drift, coil gain, or integrator drift. Foundational device-physics paper underlying nearly every later Hall self-test/offset-cancellation scheme. DUPLICATE of folder 06 ledger row S0033."
"H035","Ausserlechner, IEEE Sensors 2004, pp. 1117-1120","Limits of offset cancellation by the principle of spinning current Hall probe","U. Ausserlechner","2004","Proceedings of IEEE Sensors 2004, pp. 1117-1120","10.1109/icsens.2004.1426372","https://doi.org/10.1109/icsens.2004.1426372","conference_paper","verified_peer_reviewed","A","hall_reference;enabling_only","Analyzes the theoretical/practical bound on spinning-current offset cancellation, i.e., which residual-offset mechanisms (contact/geometry asymmetry, nonlinearity) survive current spinning.","Crossref/DOI metadata confirmed; abstract not independently read. Stage 10D: DOI record independently re-verified against the live Crossref API — exact title and author match; the Crossref proceedings record carries no year field, so the year rests on the lane's original verification (2026-07-27).","metadata_only","Identifies the RESIDUAL, un-cancelled Hall offset floor after spinning current is applied -- directly relevant to identifiability: spinning current is not a perfect offset-nulling technique, so a residual Hall offset remains a free parameter even with current spinning active, and an external reference is still needed. DUPLICATE of folder 06 ledger row S0041."
"H036","Steiner, Schneider & Baltes, IEDM 1997, pp. 911-914","Double-Hall sensor with self-compensated offset","R. Steiner; M. Schneider; H. Baltes","1997","International Electron Devices Meeting (IEDM) Technical Digest, pp. 911-914","10.1109/iedm.1997.650529","https://doi.org/10.1109/iedm.1997.650529","conference_paper","verified_peer_reviewed","B","quota_calibration_observability;hall_reference;calibration_or_observer","Two Hall devices sharing one active area, with nearly equal offset but opposite-sign magnetic response; differencing the two outputs cancels offset by design, giving offset below ~2 mT-equivalent at room temperature and <11 uT/degC drift.","Search snippet only, NOT independently verified; DOI/venue confirmed via Crossref but abstract itself withheld by aggregator. Stage 10D: DOI record independently re-verified against the live Crossref API — exact title and author match; the Crossref proceedings record carries no year field, so the year rests on the lane's original verification (2026-07-27).","metadata_only","Corrects Hall OFFSET via redundant-plate differencing -- a hardware redundant-Hall-plate-comparison self-test-adjacent architecture, not an active fault-detection algorithm and not a sensitivity or coil/integrator correction."
"H037","Motz, Draxelmayr, Werth & Forster, IEEE J. Solid-State Circuits 40 (2005) 1533","A chopped Hall sensor with small jitter and programmable True Power-on function","M. Motz; D. Draxelmayr; T. Werth; B. Forster","2005","IEEE Journal of Solid-State Circuits, vol. 40, no. 7, pp. 1533-1540","10.1109/jssc.2005.847488","https://doi.org/10.1109/jssc.2005.847488","journal_article","verified_peer_reviewed","B","quota_calibration_observability;hall_reference;calibration_or_observer","Combines chopping with spinning current in an integrated Hall IC and adds a True Power-on function giving a correct, self-checked switch state immediately at power-up for gear/camshaft sensing.","Search snippet only, NOT independently verified. Stage 10D: DOI record independently re-verified against the live Crossref API (title/year match) 2026-07-27.","metadata_only","Corrects Hall offset and 1/f noise (chop+spin) plus a start-up plausibility self-test -- not a metrological gain self-calibration and no interaction with a coil/integrator channel. Automotive IC context, not fusion instrumentation."
"H038","Demierre, Pesenti, Frounchi, Besse & Popovic, Sens. Actuators A 97-98 (2002) 39","Reference magnetic actuator for self-calibration of a very small Hall sensor array","M. Demierre; S. Pesenti; J. Frounchi; P.-A. Besse; R. S. Popovic","2002","Sensors and Actuators A: Physical, vol. 97-98, pp. 39-46","10.1016/s0924-4247(01)00857-3","https://doi.org/10.1016/s0924-4247(01)00857-3","journal_article","verified_peer_reviewed","A","quota_hybrid_coil;quota_calibration_observability;direct_hybrid;calibration_or_observer","Reports an on-chip integrated coil ('reference magnetic actuator') next to a small Hall sensor array that injects a known reference field for in-situ self-calibration without an external field source; measured efficiency 392 mT/A per coil, up to ~2000 mT/A with 4 series coils plus a ferromagnetic concentrator.","Search snippet only, NOT independently verified; bibliographic data Crossref-confirmed. Stage 10D: DOI record independently re-verified against the live Crossref API (title/year match) 2026-07-27.","metadata_only","Corrects Hall SENSITIVITY drift via an embedded calibration winding as the known-field injection reference. Closest literature match found to the proposed embedded-calibration-winding self-test concept. Does not address Hall offset or coil/integrator drift. Recommend full-text read before citing quantitative numbers precisely in the final report."
"H039","Ionescu, Bodner, Dineci & Brezeanu, CAS 2009","Self test system for integrated hall effect sensors","M.-A. Ionescu; C. Bodner; S. Dineci; G. Brezeanu","2009","2009 International Semiconductor Conference (CAS)","10.1109/smicnd.2009.5336656","https://doi.org/10.1109/smicnd.2009.5336656","conference_paper","verified_peer_reviewed","C","quota_calibration_observability;calibration_or_observer;enabling_only","Proposes converting internal Hall-IC parameters into more easily/quickly measurable proxy parameters to enable a built-in self-test.","Search snippet only, NOT independently verified. Stage 10D: DOI record independently re-verified against the live Crossref API (title/year match) 2026-07-27.","metadata_only","Checks functional health of internal analog parameters (production/BIT diagnostic), not a metrological correction of offset, sensitivity, or coil/integrator drift. Short conference paper; discovery-level evidence only for the built-in-self-test category."
"H040","Shiraki et al., Rev. Sci. Instrum. 84 (2013) 063502","In situ 'artificial plasma' calibration of tokamak magnetic sensors","D. Shiraki; J. P. Levesque; J. Bialek; P. J. Byrne; B. A. DeBono; M. E. Mauel; D. A. Maurer; G. A. Navratil; T. S. Pedersen; N. Rath","2013","Review of Scientific Instruments, vol. 84, no. 6, 063502","10.1063/1.4808366","https://doi.org/10.1063/1.4808366","journal_article","verified_peer_reviewed","A","quota_hybrid_coil;quota_calibration_observability;direct_hybrid;calibration_or_observer;coil_or_integrator","On HBT-EP, energizing dedicated in-situ calibration coils near the nominal plasma-current centroid ('artificial plasma') to determine the spatial position/response and conducting-wall eddy-current behavior of 216 Mirnov (B-dot) coils, and to calibrate a non-uniformly-wound Fourier Rogowski coil, by comparison against the known calibration-coil-driven current/field.","Read abstract on publisher page. Stage 10D: DOI record independently re-verified against the live Crossref API (title/year match) 2026-07-27.","abstract_metadata","Corrects coil sensor POSITION/geometric response and wall eddy-current model -- not Hall offset or sensitivity (no Hall device involved). Best direct fusion-diagnostics precedent found for a known-injected-field / current-model reference used for online calibration, but it calibrates inductive (Mirnov/Rogowski) sensors against a driven reference current, not a Hall+coil hybrid pair."
"H041","Schott, Popovic, Alberti & Tran, Rev. Sci. Instrum. 70 (1999) 2703","High accuracy magnetic field measurements with a Hall probe","C. Schott; R. S. Popovic; S. Alberti; M. Q. Tran","1999","Review of Scientific Instruments, vol. 70, no. 6, pp. 2703-2707","10.1063/1.1149831","https://doi.org/10.1063/1.1149831","journal_article","verified_peer_reviewed","A","quota_calibration_observability;calibration_or_observer;hall_reference","Temperature-stabilized silicon Hall probe calibrated against an NMR probe achieves +/-140 ppm absolute accuracy over 0-6 T, and maps inhomogeneous fields (gradients to 30 T/m) in a 5 T superconducting magnet to better than +/-100 ppm overall, where conventional NMR probes cannot be used.","Read abstract on publisher page. Stage 10D: DOI record independently re-verified against the live Crossref API (title/year match) 2026-07-27.","abstract_metadata","Corrects absolute HALL SENSITIVITY/gain calibration via NMR as the metrological truth reference -- canonical Hall-vs-NMR traceability chain. Does not address radiation-induced drift or coil/integrator terms; NMR itself needs a reasonably homogeneous field over the probe volume, so this is a bench/magnet-lab technique, not an in-situ machine calibration during a plasma shot."
"H042","Gerken et al., J. Sens. Sens. Syst. 9 (2020) 391","Traceably calibrated scanning Hall probe microscopy at room temperature","M. Gerken; A. Solignac; D. Momeni Pakdehi; A. Manzin; T. Weimann; K. Pierz; S. Sievers; H. W. Schumacher","2020","Journal of Sensors and Sensor Systems, vol. 9, pp. 391-399","10.5194/jsss-9-391-2020","https://doi.org/10.5194/jsss-9-391-2020","journal_article","verified_peer_reviewed","B","quota_calibration_observability;calibration_or_observer;hall_reference","Fabricates gold and graphene micro/nano Hall sensors and calibrates them by simultaneously measuring the field with a traceably calibrated commercial reference Hall probe; reports sensitivities (3.2 mV/A/T gold; 1615 V/A/T graphene) and a full measurement uncertainty budget of +/-(7 mT + 13%).","Read abstract on publisher page. Stage 10D: DOI record independently re-verified against the live Crossref API (title/year match) 2026-07-27.","abstract_metadata","Corrects Hall SENSITIVITY calibration and its uncertainty budget via traceability to a reference (secondary-standard) Hall probe rather than directly to NMR/Helmholtz. Useful methodological template for building/reporting a calibration uncertainty budget even though the scanning-microscopy application differs from a fusion diagnostic. DUPLICATE of folder 06 ledger row S0051."
"H043","Appelo, Groenenboom & Lisser, IEEE Trans. Nucl. Sci. 24 (1977) 1810","The Zero-Flux DC Current Transformer, a High Precision Bipolar Wide-Band Measuring Device","H. C. Appelo; M. Groenenboom; J. Lisser","1977","IEEE Transactions on Nuclear Science, vol. 24, no. 3, pp. 1810-1811","10.1109/tns.1977.4329095","https://doi.org/10.1109/tns.1977.4329095","journal_article","verified_peer_reviewed","B","quota_hybrid_coil;coil_or_integrator;enabling_only","Describes the zero-flux DC current transformer (DCCT): a feedback ampere-turn-balance transducer in which a compensating winding current is servoed (via a null-flux detector) to exactly cancel the flux from an unknown current, so the unknown current is read out as a precisely known compensating current through a calibrated resistor.","Crossref/DOI metadata confirmed; abstract not independently read. Stage 10D: DOI record independently re-verified against the live Crossref API (title/year match) 2026-07-27.","metadata_only","Provides a CURRENT-MODEL-REFERENCE concept: the compensating current is a metrologically traceable proxy for the true current, independent of core/winding gain drift, because it operates at zero net flux. Early zero-flux DCCT null detectors were often Hall generators, making this a direct ancestor of 'external circuit current as truth reference.' A current-sensing architecture, not itself a Hall-offset or coil-integrator-drift calibration method -- verify against modern DCCT implementations before treating as state of the art."
"H044","Kajmakovic, Diwold, Romer, Pestana & Kajtazovic, Sensors 22 (2022) 4649","Degradation Detection in a Redundant Sensor Architecture","A. Kajmakovic; K. Diwold; K. Romer; J. Pestana; N. Kajtazovic","2022","Sensors, vol. 22, no. 12, 4649","10.3390/s22124649","https://doi.org/10.3390/s22124649","journal_article","verified_peer_reviewed","C","enabling_only;context_only","Analyzes discrepancy-signal trends in a one-out-of-two (1oo2) redundant safety-sensor architecture and proposes a fault-prognosis algorithm forecasting when the discrepancy will cross a failure threshold, enabling predictive maintenance instead of only a binary safe-state trip.","Read abstract on publisher page. Stage 10D: DOI record independently re-verified against the live Crossref API (title/year match) 2026-07-27.","abstract_metadata","Detects generic sensor DEGRADATION/FAULT via redundant-pair discrepancy tracking; the sensor type studied is generic industrial redundant sensing, NOT Hall- or coil-specific. Included only as a candidate health-monitoring/fault-detection algorithm template for a redundant Hall+coil pair -- do not cite as fusion- or Hall-specific evidence."
"H045","Tan et al., Sensors 22 (2022) 7979","Contactless AC/DC Wide-Bandwidth Current Sensor Based on Composite Measurement Principle","Xiangyu Tan; Wenyun Li; Xiaowei Xu; Gang Ao; Fangrong Zhou; Jingjing Zhao; Qinghua Tan; Wenbin Zhang","2022","Sensors, vol. 22, no. 20, 7979","10.3390/s22207979","https://doi.org/10.3390/s22207979","journal_article","verified_peer_reviewed","B","quota_hybrid_coil;direct_hybrid;coil_or_integrator","Bandwidth-overlap/crossover design between a low-frequency channel and a Rogowski coil in a composite current sensor.","Crossref/DOI metadata confirmed; abstract content from search snippets, NOT independently verified full text (MDPI page fetch returned 403). Stage 10D: DOI record independently re-verified against the live Crossref API (title/year match) 2026-07-27.","metadata_only","Low-frequency channel is TMR (tunnel magnetoresistive), NOT Hall -- a close analog, explicitly flagged as not a true Hall+coil instance. Error mode characterized: bandwidth overlap/crossover frequency between a DC-accurate and an AC channel."
"H046","Suomalainen & Hallstrom, IEEE Trans. Instrum. Meas. 58 (2009) 1054","Onsite Calibration of a Current Transformer Using a Rogowski Coil","E.-P. Suomalainen; J. K. Hallstrom","2009","IEEE Transactions on Instrumentation and Measurement, vol. 58, no. 4, pp. 1054-1058","10.1109/TIM.2008.2007031","https://doi.org/10.1109/TIM.2008.2007031","journal_article","verified_peer_reviewed","B","quota_hybrid_coil;quota_calibration_observability;calibration_or_observer;coil_or_integrator","Rogowski coil plus an independent reference (calibrated current shunt) used for onsite current-transformer calibration in a 400 kV substation; reports ratio error 300 uA/A, phase error 1 arcmin.","Crossref/DOI metadata confirmed; abstract content from search snippets, NOT independently verified full text. Stage 10D: DOI record independently re-verified against the live Crossref API (title/year match) 2026-07-27.","metadata_only","Power-engineering case. Independent reference is a precision current shunt, not Hall/fluxgate -- demonstrates the general 'Rogowski + independent reference' calibration architecture requested by the stage prompt, but is not a Hall-specific instance."
"H047","Beran, Stahl-Offergeld, Peters, Krause & Hohe, IEEE Trans. Magn. 55 (2019) 1","Impact of Contact Misalignment on Magnetic Cross Sensitivity of Integrated Vertical Hall Sensors","Philip Beran; Markus Stahl-Offergeld; Volker Peters; Dennis Krause; Hans-Peter Hohe","2019","IEEE Transactions on Magnetics, vol. 55, no. 1, pp. 1-4","10.1109/TMAG.2018.2873238","https://doi.org/10.1109/TMAG.2018.2873238","journal_article","verified_peer_reviewed","B","hall_reference;enabling_only","Cross-axis sensitivity of integrated vertical Hall elements caused by fabrication contact misalignment.","Crossref/DOI metadata confirmed; abstract content from search snippets, NOT independently verified full text. Stage 10D: DOI record independently re-verified against the live Crossref API (title/year match) 2026-07-27.","metadata_only","Error mode: cross-axis sensitivity (0-10% wafer-to-wafer) from lithographic contact-position misalignment -- a fabrication/geometric mechanism at the per-die sensitivity-axis level, not multi-die assembly alignment."
"H048","Pons-Villalonga et al., Rev. Sci. Instrum. 96 (2025) 063502","Exploring the operational limits of poloidal and helical arrays of Mirnov coils in stellarators by means of a synthetic diagnostic","P. Pons-Villalonga; A. Cappa; J. Martinez-Fernandez; O. S. Kozachok; E. Ascasibar; the TJ-II Team","2025","Review of Scientific Instruments, vol. 96, no. 6, 063502","10.1063/5.0244636","https://doi.org/10.1063/5.0244636","journal_article","verified_peer_reviewed","A","quota_hybrid_coil;coil_or_integrator;context_only","Detection/resolution limits of poloidal and helical Mirnov coil arrays in a stellarator (TJ-II).","Read abstract on preprint page (arXiv:2409.04221, companion of the published RSI article); RSI version-of-record page fetch was blocked, full text not independently opened. Stage 10D: DOI record independently re-verified against the live Crossref API (title/year match) 2026-07-27.","abstract_metadata","Error mode: array mode-identification/aliasing limit -- core-localized modes indistinguishable, low-n/low-m mode ID subject to off-by-one errors, worsened by plasma shielding. Directly on-topic for Mirnov-coil bandwidth/limitation in stellarator diagnostics (relevant to HSX-context work). DUPLICATE of folder 06 ledger row S0074."
"H049","Everson et al., Rev. Sci. Instrum. 80 (2009) 113505","Design, construction, and calibration of a three-axis, high-frequency magnetic probe (B-dot probe) as a diagnostic for exploding plasmas","E. T. Everson; P. Pribyl; C. G. Constantin; A. Zylstra; D. Schaeffer; N. L. Kugland; C. Niemann","2009","Review of Scientific Instruments, vol. 80, no. 11, 113505","10.1063/1.3246785","https://doi.org/10.1063/1.3246785","journal_article","verified_peer_reviewed","A","quota_hybrid_coil;coil_or_integrator;context_only","Three-axis B-dot probe design/calibration; measured frequency response 10 kHz-50 MHz.","Crossref/DOI metadata confirmed; abstract content from search snippets. A full-text PDF was fetched from an author institutional mirror but returned only unparsed binary/encoded content, NOT independently verified. Stage 10D: DOI record independently re-verified against the live Crossref API (title/year match) 2026-07-27.","metadata_only","Bandwidth-limitation/design paper for a three-axis Mirnov/B-dot probe (laser/exploding-plasma context, not tokamak/stellarator). Relevant to bandwidth limitation and, via its orthogonal three-axis construction, cross-axis geometry -- does not itself analyze saturation or aliasing. DUPLICATE of folder 06 ledger row S0076."
"H050","Scelba, De Donato, Pulvirenti, Giulii Capponi & Scarcella, IEEE Trans. Ind. Appl. 52 (2016) 1542","Hall-Effect Sensor Fault Detection, Identification, and Compensation in Brushless DC Drives","Giacomo Scelba; Giulio De Donato; Mario Pulvirenti; Fabio Giulii Capponi; Giuseppe Scarcella","2016","IEEE Transactions on Industry Applications, vol. 52, no. 2, pp. 1542-1554","10.1109/TIA.2015.2506139","https://doi.org/10.1109/TIA.2015.2506139","journal_article","verified_peer_reviewed","B","hall_reference;enabling_only","Detection, identification, and compensation of binary Hall-sensor faults in a multi-sensor array.","Crossref/DOI metadata confirmed; abstract content from search snippets, NOT independently verified full text. Stage 10D: DOI record independently re-verified against the live Crossref API (title/year match) 2026-07-27.","metadata_only","Error mode characterized is binary stuck-high/stuck-low/short-pulse dropout of discrete commutation Hall sensors, NOT continuous-signal saturation of a linear Hall sensor. Closest verified peer-reviewed analog for Hall-array fault detection/flagging; the distinction from linear-Hall saturation must be kept explicit."
"H051","Lee, Lee, Won, Lee, Crossley & Kang, Energies 7 (2014) 4571","Saturation Detection-Based Blocking Scheme for Transformer Differential Protection","Byung Eun Lee; Jinsik Lee; Sung Hoon Won; Byong Jun Lee; Peter A. Crossley; Yong Cheol Kang","2014","Energies, vol. 7, no. 7, pp. 4571-4587","10.3390/en7074571","https://doi.org/10.3390/en7074571","journal_article","verified_peer_reviewed","B","quota_hybrid_coil;coil_or_integrator;enabling_only","Detection of current-transformer (coil) core saturation from the third-difference function of differential current, used to block relay mis-operation.","Crossref/DOI metadata confirmed; abstract content from search snippets, full-text MDPI page fetch returned 403. Stage 10D: DOI record independently re-verified against the live Crossref API (title/year match) 2026-07-27.","metadata_only","Error mode: coil (CT) core saturation onset/end detected via inflection points in differential current, flagged to block a protection relay -- direct analog of coil core-saturation detection/flagging, in a power-protection rather than sensor-array context."
"H052","Odinaev et al., Heliyon 10 (2024) e37960","Restoration of the current transformer secondary current under core saturation conditions based on ANN","Ismoil Odinaev; Abdel-Haleem Abdel-Aty; Andrey Pazderin; Murodbek Safaraliev; Pavel Matrenin; Mihail Senyuk; Amir Abdel Menaem; Mohammad Kanan","2024","Heliyon, vol. 10, e37960","10.1016/j.heliyon.2024.e37960","https://doi.org/10.1016/j.heliyon.2024.e37960","journal_article","verified_peer_reviewed","B","quota_hybrid_coil;coil_or_integrator;enabling_only","Real-time ANN-based restoration of CT secondary current distorted by core saturation, without requiring explicit saturation-instant detection.","Read full text (PMC open-access article). Stage 10D: DOI record independently re-verified against the live Crossref API (title/year match) 2026-07-27.","full_text","Error mode: coil (CT) core-saturation waveform distortion; corrected quantity is the secondary current. Complements H051 (detection) with a correction method; reported ANN variant ~1.3x more accurate than the paper's own comparison baseline."
"H053","Julier & Uhlmann, ACC 2005, pp. 4028-4033","Fusion of Time Delayed Measurements with Uncertain Time Delays","S. J. Julier; J. K. Uhlmann","2005","Proceedings of the 2005 American Control Conference (Portland, OR), pp. 4028-4033","10.1109/ACC.2005.1470607","https://doi.org/10.1109/ACC.2005.1470607","conference_paper","verified_peer_reviewed","C","quota_calibration_observability;calibration_or_observer;context_only","Effect of uncertain/unmodeled inter-channel time delay on fused (Kalman-type) state estimates; incorporates delay uncertainty into fusion covariance.","Crossref/DOI metadata confirmed; a DTIC-hosted full-text PDF exists but returned HTTP 403, NOT independently verified. Stage 10D: DOI record independently re-verified against the live Crossref API — exact title and author match; the Crossref proceedings record carries no year field, so the year rests on the lane's original verification (2026-07-27).","metadata_only","General (non-magnetic) sensor-fusion theory on timing/phase misalignment between channels and its effect on fused estimates. No Hall/coil-specific paper on this exact mechanism was found across any search domain in this lane -- flagged explicitly as an evidence gap rather than papered over."
"H054","Garcia-Martin & Gomez-Gil, Russian J. Nondestruct. Test. 49 (2013) 482","Comparative evaluation of coil and hall probes in hole detection and thickness measurement on aluminum plates using eddy current testing","J. Garcia-Martin; J. Gomez-Gil","2013","Russian Journal of Nondestructive Testing, vol. 49, no. 8, pp. 482-491","10.1134/S1061830913080044","https://doi.org/10.1134/S1061830913080044","journal_article","verified_peer_reviewed","C","quota_hybrid_coil;hall_reference;coil_or_integrator;context_only","Comparative defect-detection/thickness-measurement performance of inductive coil probes vs. Hall probes in eddy-current NDT.","Crossref/DOI metadata confirmed; abstract not independently read, search snippet was minimal. Stage 10D: DOI record independently re-verified against the live Crossref API (title/year match) 2026-07-27.","metadata_only","A head-to-head performance COMPARISON, NOT a calibration/drift-correction fusion of coil+Hall -- does not support a 'Rogowski/coil + independent Hall reference for calibration' claim as strongly as the title suggests. Retained only as general-NDT context on complementary Hall/coil use."
"H055","Karrer & Hofer-Noser, ISPSD 1999","A new current measuring principle for power electronic applications (HOKA)","N. Karrer; P. Hofer-Noser","1999","Proceedings of the 11th International Symposium on Power Semiconductor Devices and ICs (ISPSD '99), Toronto","10.1109/ISPSD.1999.764117","https://doi.org/10.1109/ISPSD.1999.764117","conference_paper","verified_peer_reviewed","A","quota_hybrid_coil;direct_hybrid","Introduces 'HOKA,' a 200 A current probe combining a Hall sensor with an air-core coil in one sensor head; demonstrated DC plus 2.5 kA/us transient measurement at ~5% error.","Search snippet only (title/authors/venue/DOI confirmed via IEEE metadata; technical description from a search-engine summary of the paper, not a direct full-text read). Stage 10D: DOI record independently re-verified against the live Crossref API — exact title and author match; the Crossref proceedings record carries no year field, so the year rests on the lane's original verification (2026-07-27).","metadata_only","Foundational, widely-cited hybrid current-sensor architecture: Hall element = DC/low-frequency channel, air coil = high-frequency/di-dt channel, outputs summed (bandwidth-fusion, not redundancy). Directly transferable topology to the proposed Hall+coil probe. Power-electronics current sensing, not fusion."
"H056","Leroy, Coillot, Mosser, Roux & Chanteur, Sens. Actuators A 142 (2008) 503","An ac/dc magnetometer for space missions: Improvement of a Hall sensor by the magnetic flux concentration of the magnetic core of a searchcoil","P. Leroy; C. Coillot; V. Mosser; A. Roux; G. Chanteur","2008","Sensors and Actuators A: Physical, vol. 142, no. 2, pp. 503-510","10.1016/j.sna.2007.08.030","https://doi.org/10.1016/j.sna.2007.08.030","journal_article","verified_peer_reviewed","B","quota_hybrid_coil;direct_hybrid","A single sensor head places a thinned (~70 um) Hall element between the two halves of a search-coil's soft-magnetic core; the core's flux concentration raises Hall sensitivity by roughly two orders of magnitude, giving one instrument with DC-to-few-Hz response from the Hall element and few-Hz-to-few-kHz response from the coil winding.","Search snippet only (bibliographic fields confirmed via Crossref; mechanism/performance description from search-engine synthesis, not independently read in full text). Stage 10D: DOI record independently re-verified against the live Crossref API (title/year match) 2026-07-27.","abstract_metadata","Space/geophysical magnetometry. A literal single-device hybrid (Hall sensor physically inside the search-coil core), not two separate channels merged in software -- architecturally close to a magnetic-concentrator version of the proposed Hall+coil probe. Bandwidth fusion."
"H057","Mirzaeva & Saad, AUPEC 2013","AC motor instrumentation and main air gap flux measurement for fault diagnostics","Galina Mirzaeva; Khalid Saad","2013","2013 Australasian Universities Power Engineering Conference (AUPEC), Hobart","10.1109/AUPEC.2013.6725460","https://doi.org/10.1109/AUPEC.2013.6725460","conference_paper","verified_peer_reviewed","C","quota_hybrid_coil;direct_hybrid","Instruments an induction motor with both coil-type sensors and Hall-effect sensors to record main air-gap flux and leakage flux simultaneously, extracting fault signatures (inter-turn short, eccentricity) from both signal types.","Search snippet only, NOT independently verified against full text. Stage 10D: DOI record independently re-verified against the live Crossref API (title/year match) 2026-07-27.","abstract_metadata","Rotating-machinery (motor) condition monitoring. Coil and Hall channels appear to be used as parallel/redundant flux sensors for fault-signature extraction rather than a single fused estimate -- treat as redundancy/cross-check, not bandwidth complementarity, pending full-text confirmation."
"H058","Mazaheri-Tehrani & Faiz, IET Electr. Power Appl. 16 (2022) 269","Airgap and stray magnetic flux monitoring techniques for fault diagnosis of electrical machines: An overview","Ehsan Mazaheri-Tehrani; Jawad Faiz","2022","IET Electric Power Applications, vol. 16, no. 3, pp. 269-291","10.1049/elp2.12157","https://doi.org/10.1049/elp2.12157","review_article","verified_peer_reviewed","B","context_only","Review classifying flux-based motor/generator fault-diagnosis methods into internal (airgap, often Hall-sensor-based) and external (stray-flux, often search-coil-based) sensing, comparing strengths/limitations of each family.","Read Crossref abstract. Stage 10D: DOI record independently re-verified against the live Crossref API (title/year match) 2026-07-27.","abstract_metadata","Not a single combined-system paper; a mapping/context review confirming Hall sensors and search coils are independently mature, competing/complementary sensing families in rotating-machinery fault diagnosis. Review article per SOURCE_POLICY -- maps the field, does not replace original evidence."
"H059","Petrone et al., IEEE Trans. Appl. Supercond. 28 (2018) 1","Measurement and Analysis of the Dynamic Effects in an HTS Dipole Magnet","Carlo Petrone; Jeroen van Nugteren; Hugues Bajas; Luca Bottura; Glyn Kirby; Lucio Rossi; Stephan Russenschuck","2018","IEEE Transactions on Applied Superconductivity, vol. 28, no. 4, pp. 1-5","10.1109/TASC.2018.2801325","https://doi.org/10.1109/TASC.2018.2801325","journal_article","verified_peer_reviewed","A","quota_hybrid_coil;quota_calibration_observability;direct_hybrid;calibration_or_observer","Reports the 'Feather-M2' REBCO/Roebel-cable HTS accelerator-magnet demonstrator instrumented with cryogenic Hall sensors cross-calibrated in situ against induction-coil sensors, used to characterize transfer function and dynamic (persistent-current) field effects.","Search snippet only (bibliographic fields confirmed via Crossref; combination claim from search-engine synthesis, not independently read in full text). Stage 10D: DOI record independently re-verified against the live Crossref API; full abstract additionally retrieved via the Semantic Scholar API and read directly — it states the magnet 'was instrumented with cryogenic Hall-Sensors, which are cross-calibrated in situ using induction-coil sensors', CONFIRMING the previously search-snippet-only combination claim (2026-07-27).","abstract_metadata","Superconducting accelerator magnet (non-fusion, CERN/EuCARD-2 R&D dipole) field monitoring. Explicit example of coil-based measurement used to calibrate/validate Hall-sensor output in situ at cryogenic temperature -- a calibration/observability architecture directly analogous to the mutual-calibration question this mission poses. Recommend full-text confirmation before relying on this for a strong novelty claim. CLAIM CONFIRMED at stage 10D: the abstract (read via Semantic Scholar) explicitly states cryogenic Hall sensors were cross-calibrated in situ using induction-coil sensors — the earlier 'recommend full-text confirmation' caveat now applies only to quantitative details, not to the existence of the coil-calibrates-Hall architecture. Note the excitation context: a driven accelerator-magnet ramp (known dB/dt), not a fusion or radiation environment."
"H060","Teyber, Marchevsky, Prestemon, Weiss & van der Laan, Supercond. Sci. Technol. 33 (2020) 095009","CORC cable terminations with integrated Hall arrays for quench detection","Reed Teyber; Maxim Marchevsky; Soren Prestemon; Jeremy Weiss; Danko van der Laan","2020","Superconductor Science and Technology, vol. 33, no. 9, 095009","10.1088/1361-6668/ab9ef3","https://doi.org/10.1088/1361-6668/ab9ef3","journal_article","verified_peer_reviewed","B","hall_reference","Demonstrates Hall-sensor arrays at CORC cable terminations detecting normal-zone (quench) transitions with magnitude/temporal resolution comparable to voltage-tap measurements, up to 10 kA/s ramp rates.","Read Crossref abstract. Stage 10D: DOI record independently re-verified against the live Crossref API (title/year match) 2026-07-27.","abstract_metadata","Superconducting magnet quench detection. Hall-only architecture (compared against voltage taps, not a pickup/search coil) -- included to show the current state of the art does NOT yet combine Hall arrays with an inductive pickup coil in this sub-domain. Target application is a fusion-reactor conductor, so this is magnet/conductor instrumentation, not a plasma-facing diagnostic."
"H061","Marchevsky, Hafalia, Cheng, Prestemon, Sabbi, Bajas & Chlachidze, IEEE Trans. Appl. Supercond. 25 (2015) 1","Axial-Field Magnetic Quench Antenna for the Superconducting Accelerator Magnets","Maxim Marchevsky; Aurelio R. Hafalia; Daniel Cheng; Soren Prestemon; Gianluca Sabbi; Hugo Bajas; Guram Chlachidze","2015","IEEE Transactions on Applied Superconductivity, vol. 25, no. 3, pp. 1-5","10.1109/TASC.2014.2374536","https://doi.org/10.1109/TASC.2014.2374536","journal_article","verified_peer_reviewed","B","quota_hybrid_coil;coil_or_integrator","Describes a nested-coil inductive 'quench antenna' (induction-coil magnetometer) used to localize incipient quenches and quench-propagation velocity in HL-LHC Nb3Sn inner-triplet quadrupole magnets.","Crossref metadata confirmed. Stage 10D: DOI record independently re-verified against the live Crossref API (title/year match) 2026-07-27.","metadata_only","Superconducting accelerator magnet (non-fusion) quench-precursor detection. Coil-only architecture; paired with H060 to show that, in this sub-domain, Hall-array and induction-coil (quench antenna) approaches to quench detection currently exist as parallel, not fused, research lines -- a relevant negative/counter-finding for the mutual-calibration novelty question."
"H062","Beltran, Bordas, Campmany, Molins, Perlas & Traveria, Nucl. Instrum. Methods A 459 (2001) 306","An instrument for precision magnetic measurements of large magnetic structures","D. Beltran; J. Bordas; J. Campmany; A. Molins; J. A. Perlas; M. Traveria","2001","Nuclear Instruments and Methods in Physics Research A, vol. 459, no. 1-2, pp. 306-312","10.1016/S0168-9002(00)01008-1","https://doi.org/10.1016/S0168-9002(00)01008-1","journal_article","verified_peer_reviewed","B","hall_reference","Describes a moving-arm 3D Hall-probe scanner for volumetric mapping of large accelerator-type magnet structures, absolutely calibrated against an NMR probe, achieving ~2 G (2e-4 relative) precision at 1 T.","Crossref metadata confirmed. Stage 10D: DOI record independently re-verified against the live Crossref API (title/year match) 2026-07-27.","metadata_only","Particle-accelerator magnet field mapping. Reference/calibration standard here is NMR, not an inductive coil -- could NOT confirm (full text not accessed) that this specific instrument also incorporates a rotating/search coil, despite rotating coils and Hall probes being widely documented as complementary accelerator magnetic-measurement techniques generally. Best-verified single accelerator-domain source found; weaker evidence for direct_hybrid than H055/H056/H059 -- tagged hall_reference only."
"H063","Funk & Wicht, CICC 2018","A fully integrated DC to 75 MHz current sensing circuit with on-chip Rogowski coil","Tobias Funk; Bernhard Wicht","2018","2018 IEEE Custom Integrated Circuits Conference (CICC)","10.1109/CICC.2018.8357028","https://doi.org/10.1109/CICC.2018.8357028","conference_paper","verified_peer_reviewed","C","enabling_only","An initial search-engine summary claimed this circuit adds an integrated Hall sensor to an on-chip Rogowski coil to extend range to DC; this could NOT be confirmed on repeated attempts (IEEE Xplore blocked automated access; Crossref/Semantic Scholar returned no abstract).","Search snippet only, NOT independently verified -- title/authors/venue/DOI confirmed via Crossref, but the specific Hall-sensor claim is UNCONFIRMED and may be inaccurate. Stage 10D: DOI record independently re-verified against the live Crossref API (title/year match) 2026-07-27.","metadata_only","Power-electronics current sensing. Retained only as a flagged, low-confidence lead requiring full-text (IEEE Xplore) verification before any use; do NOT cite the Hall-sensor claim without independent confirmation."
"H064","Flay et al., J. Instrum. 16 (2021) P12041","High-accuracy absolute magnetometry with application to the Fermilab Muon g-2 experiment","D. Flay; D. Kawall; T. Chupp; S. Corrodi; M. Farooq; M. Fertl; J. George; J. Grange; R. Hong; R. Osofsky; S. Ramachandran; E. Swanson; P. Winter","2021","Journal of Instrumentation, vol. 16, no. 12, P12041","10.1088/1748-0221/16/12/P12041","https://doi.org/10.1088/1748-0221/16/12/P12041","journal_article","verified_peer_reviewed","B","hall_reference;context_only","Pulsed-proton-NMR absolute scalar magnetometer used to calibrate other NMR magnetometers, reaching 19 ppb absolute accuracy at 1.45 T (tested 1-3 T range).","Read abstract on IOPscience publisher page. Stage 10D: DOI record independently re-verified against the live Crossref API (title/year match) 2026-07-27.","abstract_metadata","Not a Hall device and not combined with a coil in this paper -- included as the strongest peer-reviewed instance of the 'independent absolute-field standard (NMR) calibrates a working field sensor' pattern named in DECISION_FRAMEWORK.md's bench-calibration row. Anchors what an SI-traceable DC/absolute reference looks like in practice; does not itself bear on Hall-vs-coil confounding. Enabling analogy, not direct hybrid evidence."
"H065","Entler et al., Fusion Eng. Des. 146 (2019) 851","Prospects for the steady-state magnetic diagnostic based on antimony Hall sensors for future fusion power reactors","S. Entler; I. Duran; M. Kocan; G. Vayakis; M. Kohout; J. Sebek; P. Sladek; O. Grover; K. Vyborny","2019","Fusion Engineering and Design, vol. 146, pp. 851-855","10.1016/j.fusengdes.2019.01.013","https://doi.org/10.1016/j.fusengdes.2019.01.013","journal_article","verified_peer_reviewed","A","hall_reference","States directly: 'In fusion devices with extended operation, conventional inductive sensors require supplementation by steady-state magnetic field sensors'; reviews ceramic-metal antimony Hall sensors engineered into DEMO's diagnostic set, sensing-layer requirements, assembly design, and preliminary test results.","Read abstract via Semantic Scholar/Crossref aggregated metadata (ScienceDirect page returned HTTP 402/403, not directly loaded). Stage 10D: DOI record independently re-verified against the live Crossref API (title/year match) 2026-07-27.","abstract_metadata","States the DC-anchor rationale directly as the design driver: Mirnov/flux-loop coils are structurally blind to the steady/DC field component over long-pulse or steady-state operation (integrator drift grows unbounded with pulse length), so DEMO is adding Hall sensors specifically to supply the missing component. Status/review paper, not a new hybrid experimental demonstration; material choice (Sb) is driven by radiation/temperature survivability, not cross-technology drift detection. DUPLICATE of folder 06 ledger row S0067."
"H066","Bowen et al., J. Geophys. Res. Space Phys. 125 (2020) e2020JA027813","A Merged Search-Coil and Fluxgate Magnetometer Data Product for Parker Solar Probe FIELDS","T. A. Bowen; S. D. Bale; J. W. Bonnell; T. Dudok de Wit; K. Goetz; K. Goodrich; J. Gruesbeck; P. R. Harvey; G. Jannet; A. Koval; R. J. MacDowall; D. M. Malaspina; M. Pulupa; C. Revillet; D. Sheppard; A. Szabo","2020","Journal of Geophysical Research: Space Physics, vol. 125, e2020JA027813","10.1029/2020JA027813","https://doi.org/10.1029/2020JA027813","journal_article","verified_peer_reviewed","B","hall_reference;context_only","Two fluxgate magnetometers (MAG, DC-capable) merged with a search-coil magnetometer (SCM, induction-based, AC-only) into one DC-1 MHz dataset; MAG is 'the only remaining 3-axis measurement below ~150 Hz,' SCM covers roughly >600 Hz.","Read abstract via Semantic Scholar aggregated metadata (Wiley/AGU page returned HTTP 402, not directly loaded). Stage 10D: DOI record independently re-verified against the live Crossref API (title/year match) 2026-07-27.","abstract_metadata","Not Hall or fusion, but the cleanest peer-reviewed material-diverse (fluxgate vs. induction-coil) DC/AC anchor architecture: the search coil is structurally insensitive to steady/DC field for the same physics reason a Mirnov coil is, so the fluxgate is required to anchor everything below its crossover frequency. Transferable non-fusion analog for the proposed Hall+coil architecture and for the material-diverse-reference question; domain (heliophysics spacecraft, no radiation-drift discussion) is only loosely transferable."
"R001","Duran et al., Rev. Sci. Instrum. 81 (2010) 10E122","Irradiation tests of ITER candidate Hall sensors using two types of neutron spectra","I. Duran; I. Bolshakova; L. Viererbl; J. Sentkerestiyova; R. Holyaka; Z. Lahodova; P. Bem","2010","Review of Scientific Instruments, vol. 81, issue 10, article 10E122","10.1063/1.3479115","https://doi.org/10.1063/1.3479115","journal_article","verified_peer_reviewed","A","quota_radiation;direct_hall_neutron;fusion_qualification","species/spectrum: (1) fission-reactor spectrum with significant thermal-neutron component; (2) purely fast-neutron field, two separate facilities. fluence: ~1e16 n/cm^2 total, both facilities. fluence_rate/temperature/bias_state/annealing: not stated. device_material: InSb-based ITER-candidate Hall sensors. quantity_changed: sensitivity showed a significant drop under the thermal-inclusive fission spectrum; stable performance under the purely fast-neutron spectrum; magnitude not given numerically in the abstract. mechanism_stated (authors' inference): degradation attributed dominantly to transmutation (In/Sb thermal-neutron capture), not displacement damage. measurement_reference/uncertainty: not stated. reversibility: not measured/not reported.","DOI resolved via Crossref API confirming exact title/authors/journal/volume/issue/article number/publisher (AIP); cross-checked against PubMed record (PMID 21033987), verbatim abstract read there. Stage 10D: DOI record independently re-verified against the live Crossref API (title/year match) 2026-07-27.","abstract_metadata","Required LITERATURE_SEEDS.md seed; DOI confirmed to resolve to exactly this paper. Full text paywalled."
"R002","Jankowski, Prokopowicz, Pytel & El-Ahmar, IEEE Trans. Nucl. Sci. 66 (2019) 926-931","Toward the Development of an InSb-Based Neutron-Resistant Hall Sensor","Jakub Jankowski; Rafal Prokopowicz; Krzysztof Pytel; Semir El-Ahmar","2019","IEEE Transactions on Nuclear Science, vol. 66, issue 6, pp. 926-931","10.1109/TNS.2019.2912720","https://doi.org/10.1109/TNS.2019.2912720","journal_article","verified_peer_reviewed","A","quota_radiation;direct_hall_neutron;enabling_physics_iii_v","species/spectrum: two spectra compared -- (1) natural spectrum of a thermal-type fission reactor, (2) a purely fast-neutron field. fluence: sequential exposures 8.7e17 and 1.2e18 n/cm^2, total >2e18 n/cm^2. fluence_rate/temperature/bias_state: not stated. annealing: pre-irradiation thermal stabilization anneal used, plus post-irradiation heat treatments to distinguish neutron-induced from pre-existing defects. device_material: mono- and polycrystalline InSb thin-film Hall structures, initial n = 1e16-1e18 cm^-3. quantity_changed: electrical/Hall parameters vs thermal-neutron fluence; sensitivity drop tracked to the thermal-neutron/transmutation component of the spectrum rather than total fast fluence alone (consistent with R001's mechanism finding) -- exact % not obtained. measurement_reference/uncertainty: not stated. reversibility: partially addressed via post-irradiation anneal step, not fully quantified.","DOI and full bibliographic record confirmed via Crossref API (exact match). Abstract-level content from secondary aggregation; direct IEEE Xplore fetch blocked, so access recorded as abstract_metadata. Stage 10D: DOI record independently re-verified against the live Crossref API (title/year match) 2026-07-27.","abstract_metadata","Independently found by two research passes (direct-Hall-neutron and III-V-enabling-physics domains) with consistent content -- merged into a single row per DOI-dedup policy."
"R003","El-Ahmar et al., Sensors 22 (2022) 5258","The Comparison of InSb-Based Thin Films and Graphene on SiC for Magnetic Diagnostics under Extreme Conditions","Semir El-Ahmar; Michal Przychodnia; Jakub Jankowski; Rafal Prokopowicz; Maciej Ziemba; Maciej J. Szary; Wojciech Reddig; Jakub Jagiello; Artur Dobrowolski; Tymoteusz Ciuk","2022","Sensors, vol. 22, issue 14, article 5258","10.3390/s22145258","https://www.mdpi.com/1424-8220/22/14/5258","journal_article","verified_peer_reviewed","A","quota_radiation;direct_hall_neutron;fusion_qualification;temperature_radiation_interaction","species/spectrum: fast-neutron irradiation, MARIA research reactor (Poland). fluence: 6.6-7.0e17 n/cm^2 (+/-5%). temperature: sample ~200C (container held 130+/-20C). bias_state: not specified. device_material: (a) 9 InSb thin-film Hall samples spanning doping range, (b) 1 graphene-on-SiC Hall sample. quantity_changed: InSb -- mobility decreased 75-90% (avg 83%) across 9 samples; carrier density direction doping-dependent (increase below n=3.7e17 cm^-3, decrease above; sample I5 changed -22%). Graphene-on-SiC -- mobility decreased 43% (900->500 cm^2/V-s); sheet carrier density decreased 39% (1.7e13->1.0e13 cm^-2). measurement_reference/uncertainty: fluence +/-5%; other uncertainties not stated. reversibility: not measured.","Fetched and read open-access PMC full-text mirror (PMC9321318), structured results table. Stage 10D: DOI record independently re-verified against the live Crossref API (title/year match) 2026-07-27.","full_text","Strongest, most granular direct-neutron Hall dataset found; distinguishes InSb semiconductor response from graphene 2D-material response under identical exposure."
"R004","El-Ahmar et al., Appl. Surf. Sci. 590 (2022) 152992","Graphene on SiC as a promising platform for magnetic field detection under neutron irradiation","Semir El-Ahmar; Maciej J. Szary; Tymoteusz Ciuk; Rafal Prokopowicz; Artur Dobrowolski; Jakub Jagiello; Maciej Ziemba","2022","Applied Surface Science, vol. 590, article 152992","10.1016/j.apsusc.2022.152992","https://doi.org/10.1016/j.apsusc.2022.152992","journal_article","verified_peer_reviewed","B","quota_radiation;direct_hall_neutron;fusion_qualification;temperature_radiation_interaction","species/spectrum: MARIA research reactor (NCBJ, Poland) neutron field. fluence: ~1e17 n/cm^2 over >120 h (secondary-source figure, not independently confirmed against primary abstract). temperature: not stated during exposure; post-irradiation anneal studied 100-350C. device_material: hydrogen-intercalated quasi-free-standing graphene on 4H-SiC(0001), Al2O3-passivated. quantity_changed: estimated defect density ~4e10 cm^-2 post-irradiation; carrier density decreased; magnetic-field sensitivity reported preserved. reversibility: partial -- hydrogen-intercalation damage self-heals via H diffusion above ~200C, but most graphene-lattice structural damage persisted (not annealed out).","DOI/authors/journal/volume/article number confirmed via Crossref API. Content from NCBJ institutional press release plus secondary aggregation; ScienceDirect blocked (403), not independently read. Stage 10D: DOI record independently re-verified against the live Crossref API (title/year match) 2026-07-27.","abstract_metadata","First reported direct experimental (non-simulated) neutron test of graphene-on-SiC for magnetic sensing per authors. Fluence figure is lower-confidence (press release, not publisher abstract)."
"R006","Bolshakova et al., Phys. Solid State 56 (2014) 157-160","Application of reactor neutrons to the investigation of the radiation resistance of semiconductor materials of Group III-V and sensors","I. A. Bolshakova; S. A. Kulikov; R. F. Konopleva; V. A. Chekanov; I. S. Vasilevskii; F. M. Shurygin; E. Yu. Makido; I. Duran; A. P. Moroz; A. P. Shtabalyuk","2014","Physics of the Solid State, vol. 56, issue 1, pp. 157-160","10.1134/S1063783414010089","https://link.springer.com/article/10.1134/S1063783414010089","journal_article","verified_peer_reviewed","B","quota_radiation;direct_hall_neutron;fusion_qualification","species/spectrum: reactor neutrons (facility not independently confirmed; co-author overlap with LVR-15/IBR-2 work in R001/R005). device_material: Group III-V semiconductors -- InSb, InAs, InAs_xSb_(1-x) solid solutions used in magnetic sensors for thermonuclear-reactor magnetomeasuring systems. quantity_changed: neutron irradiation forms structural defects altering carrier concentration, mobility, and resistance, determined via conductivity and Hall-effect measurement under applied field; specific magnitude/direction not obtainable. fluence/temperature/bias/annealing: not stated.","DOI and bibliographic record confirmed via Crossref API. Content from secondary synthesis; Springer page redirected to a paywall, not independently read. Stage 10D: DOI record independently re-verified against the live Crossref API (title/year match) 2026-07-27.","abstract_metadata","Same core author/collaboration group as R001; likely an overlapping campaign written for a materials-physics audience. Thin numeric detail -- flagged for full-text follow-up before quantitative use."
"R007","Biggeri, Borchi, Bruzzi & Lazanu, Nucl. Instrum. Methods A 360 (1995) 131-133","Hall effect analysis on neutron irradiated high resistivity silicon","U. Biggeri; E. Borchi; M. Bruzzi; S. Lazanu","1995","Nuclear Instruments and Methods in Physics Research Section A, vol. 360, pp. 131-133","10.1016/0168-9002(94)01710-7","https://www.sciencedirect.com/science/article/abs/pii/0168900294017107","journal_article","verified_peer_reviewed","C","quota_radiation;direct_hall_neutron","species/spectrum: fast neutrons, reactor-channel irradiation (facility not confirmed). device_material: bulk high-resistivity n-type silicon (detector-grade, not a packaged magnetic-field sensor); passive bulk characterization, not biased. quantity_changed: Hall coefficient and resistivity vs fluence; authors model fluence dependence via shallow-donor removal and deep-center creation to extract initial dopant concentration and donor/acceptor modification parameters. fluence/temperature/bias/annealing: not confirmed for this specific paper -- deliberately not attributed from other papers by the same group to avoid conflation.","DOI and bibliographic record confirmed via Crossref API. Content from secondary synthesis of citing literature; ScienceDirect blocked (403), not independently read. Stage 10D: DOI record independently re-verified against the live Crossref API (title/year match) 2026-07-27.","abstract_metadata","Bulk radiation-detector-grade Si (RD48/particle-physics context), not a packaged Hall sensor -- included because Si is an explicitly named candidate material and this is a genuine direct-neutron Hall-effect measurement paper, but materially different in purpose from the fusion Hall-probe papers above; not tagged fusion_qualification."
"R008","Wang & Yang, Nucl. Instrum. Methods B 266 (2008) 3583-3587","Effects of irradiation with gamma and beta rays on semiconductor Hall effect devices","Jun Wang; Wei Yang","2008","Nuclear Instruments and Methods in Physics Research Section B, vol. 266, issue 16, pp. 3583-3587","10.1016/j.nimb.2008.06.017","https://doi.org/10.1016/j.nimb.2008.06.017","journal_article","verified_peer_reviewed","B","quota_radiation;direct_hall_gamma","species: gamma rays and beta rays, two separate short-duration low-dose-rate exposures (isotope/energy not confirmed). dose/dose_rate: not stated numerically; qualitatively 'low dose rate'. temperature/bias_state: not stated. device_material: InSb, GaAs, Si, and Ge Hall devices compared side by side. quantity_changed: input resistance (no field) increases approximately linearly with irradiation time under both gamma and beta; with field applied, output Hall voltage and input resistance increase nonlinearly under gamma; Ge and Si reported more radiation-resistant than InSb and GaAs, attributed to larger displacement threshold energy. reversibility: effects reported to persist after irradiation ends, no annealing/recovery observed -- persistent.","Bibliographic record confirmed via Crossref and Semantic Scholar APIs (DOI match, abstract elided by publisher). ScienceDirect/ResearchGate blocked (403); findings from secondary aggregation. Stage 10D: DOI record independently re-verified against the live Crossref API (title/year match) 2026-07-27.","metadata_only","Gamma and beta results reported distinctly by the source but per-species magnitudes not independently verified -- do not merge numerically."
"R009","Karlova & Gradoboev, 2013 Int. Siberian Conf. on Control and Communications (SIBCON), pp. 1-3","Radiation characteristics of hall-sensor on the base of gallium arsenide","G. F. Karlova; A. V. Gradoboev","2013","2013 International Siberian Conference on Control and Communications (SIBCON), pp. 1-3","10.1109/SIBCON.2013.6693581","https://doi.org/10.1109/SIBCON.2013.6693581","conference_paper","verified_peer_reviewed","C","quota_radiation;direct_hall_gamma","species: Co-60 gamma quanta. dose: qualitative -- stabilizing effect near (8-10)e3 Gy cumulative, destroying/degrading effect above that threshold; exact steps beyond not confirmed. dose_rate: not stated. temperature: room temperature. bias_state: passive, no electrical bias during irradiation. device_material: GaAs Hall sensors by three fabrication routes -- vapor-phase epitaxy (VPE), molecular beam epitaxy (MBE), ion implantation. quantity_changed: I-V characteristics and noise spectral density measured before/after; per-method magnitudes not separately quantified beyond the stabilizing/destroying threshold. reversibility: not stated.","Bibliographic record confirmed via Crossref API. IEEE Xplore abstract not directly retrievable; content from secondary aggregation. Stage 10D: DOI record independently re-verified against the live Crossref API (title/year match) 2026-07-27.","metadata_only","Same author group and apparent campaign as R010 (IOP Conf. Ser. 2015) -- distinct DOI/venue, kept as a separate row per dedup rule, but likely the same underlying dataset, not an independent replication."
"R010","Gradoboev & Karlova, IOP Conf. Ser.: Mater. Sci. Eng. 81 (2015) 012027","Stability of the GaAs based Hall sensors irradiated by gamma quanta","A. V. Gradoboev; G. F. Karlova","2015","IOP Conference Series: Materials Science and Engineering, vol. 81, article 012027","10.1088/1757-899X/81/1/012027","https://doi.org/10.1088/1757-899X/81/1/012027","conference_paper","verified_peer_reviewed","B","quota_radiation;direct_hall_gamma","species: Co-60 gamma quanta. dose: not given as a single number; low-dose stabilizing vs high-dose degrading regime (same order as R009, ~(8-10)e3 Gy, not re-confirmed here). temperature: room temperature. bias_state: explicitly passive -- 'without imposition of an electrical bias' (direct quote). device_material: GaAs Hall sensors (VPE, MBE, ion implantation). quantity_changed: I-V characteristics degraded at high dose; electron mobility/concentration measured via Van der Pauw; noise spectral density increased at high dose; VPE structures showed periodic relaxation processes hypothesized to be deep-level-center related. reversibility: relaxation processes over time discussed but reversible-vs-permanent not explicitly stated.","Bibliographic record confirmed via Crossref. Abstract text (incl. the bias-state quote) read directly from the IOPscience article page. Stage 10D: DOI record independently re-verified against the live Crossref API (title/year match) 2026-07-27.","abstract_metadata","Companion/expanded report of the same Co-60/GaAs campaign as R009. IOP Conf. Ser.: Mater. Sci. Eng. has variable peer-review rigor by sponsoring conference -- scored B rather than A despite detailed quantitative content."
"R011","Li, Zhang, Yin & Chen, IEEE Trans. Nucl. Sci. 71 (2024) 888-894","Design and Implementation of a High-Voltage Radiation-Hard Hall Switch Sensor","Guofeng Li; Shuo Zhang; Longjing Yin; Zhuojun Chen","2024","IEEE Transactions on Nuclear Science, vol. 71, issue 4, pp. 888-894","10.1109/TNS.2024.3362999","https://doi.org/10.1109/TNS.2024.3362999","journal_article","verified_peer_reviewed","B","quota_radiation;direct_hall_gamma","species: total ionizing dose (TID) testing; gamma source not confirmed (e.g. Co-60 typical but unconfirmed). dose: device demonstrated to withstand TID to 100 krad(Si) (pass/fail limit vs max tested level not disambiguated). dose_rate/temperature/bias_state: not stated for the TID portion. device_material: 28-V Hall switch sensor IC, 0.35 micron BCD process, radiation-hardened by design (dual-path correlated-double-sampling, narrow pulse filters at sensitive nodes, hardened LDMOS). quantity_changed: device tolerates TID to 100 krad(Si); separately tolerates SEB and SEU/SET behavior under pulsed-laser irradiation at 1600 pJ (distinct, non-gamma mechanism, not merged with the TID finding). reversibility: not stated.","Bibliographic record confirmed via Crossref API. Abstract text (100 krad(Si), CDS hardening, NPFs, LDMOS, 1600 pJ) retrieved directly via Semantic Scholar API abstract field. Stage 10D: DOI record independently re-verified against the live Crossref API (title/year match) 2026-07-27.","abstract_metadata","Most recent (2024) integrated radiation-hard Hall-IC design paper found; complements R011's context papers R018/R019 as evidence TID qualification of Hall ICs is an active literature. Exact TID source/dose-rate/methodology should be confirmed from full text before precise numeric citation. TIER RE-EVALUATED at stage 10D (A->B): direct, recent, quantified Hall-IC TID design+test evidence, but the device is a digital Hall SWITCH (threshold output), not a metrological linear Hall sensor, so its direct relevance to Hall gain/offset drift calibration for field measurement is one step removed."
"R012","Abderrahmane et al., Applied Physics Letters 102 (2013) 193510","Effect of proton irradiation on AlGaN/GaN micro-Hall sensors","A. Abderrahmane; S. Koide; H. Okada; H. Takahashi; S. Sato; T. Ohshima; A. Sandhu","2013","Applied Physics Letters, vol. 102, article 193510","10.1063/1.4805357","https://doi.org/10.1063/1.4805357","journal_article","verified_peer_reviewed","A","quota_radiation;direct_hall_proton_electron_heavyion;temperature_radiation_interaction","species: protons, ~380 keV (converging secondary summaries, not independently read from primary abstract). fluence: reported range 1e13-1e16 p/cm^2 across sources, exact single-run values not confirmed. dose_rate/temperature_during/bias_state: not stated. device_material: AlGaN/GaN heterostructure (2DEG) micro-Hall sensor. quantity_changed: electron mobility and sheet electron density 'only slightly affected' at ~1e13 cm^-2 per secondary summaries; degradation reported at higher fluence, direction/magnitude not independently confirmed. reversibility: addressed in the 2014 follow-up (R013, partial recovery via annealing), implying persistent absent annealing -- inferred, not directly read here.","Bibliographic record (title, authors, journal, volume, article number, year, publisher) confirmed directly via Crossref API. This is the required LITERATURE_SEEDS.md seed; DOI confirmed to resolve to exactly this paper. AIP publisher page returned HTTP 403; quantitative conditions from converging secondary summaries only, not read directly. Stage 10D: DOI record independently re-verified against the live Crossref API (title/year match) 2026-07-27.","metadata_only","SEED PAPER -- bibliographic identity solid; quantitative claims (energy, fluence, magnitude) are secondary-source-derived and flagged as inferred/unconfirmed pending full-text access."
"R013","Abderrahmane et al., Applied Physics Letters 104 (2014) 023508","Partial recovery of the magnetoelectrical properties of AlGaN/GaN-based micro-Hall sensors irradiated with protons","A. Abderrahmane; T. Tashiro; H. Takahashi; P. J. Ko; H. Okada; S. Sato; T. Ohshima; A. Sandhu","2014","Applied Physics Letters, vol. 104, article 023508","10.1063/1.4861902","https://doi.org/10.1063/1.4861902","journal_article","verified_peer_reviewed","A","quota_radiation;direct_hall_proton_electron_heavyion;temperature_radiation_interaction","species: protons, ~380 keV per secondary summaries, 'very high' fluences not independently confirmed. temperature_during/bias_state: not stated. device_material: AlGaN/GaN micro-Hall sensor, same platform as R012. quantity_changed: post-irradiation thermal annealing reported to recover electron mobility, decrease sheet resistance, and enhance magnetic sensitivity, with trap removal/improved crystal quality (Raman) per secondary summaries. reversibility: explicitly PARTIAL recovery via annealing -- proton-induced degradation is partially, not fully, reversible; anneal temperature/duration not independently confirmed.","Bibliographic record confirmed directly via Crossref API: exact title, full author list, journal, volume, article number, year. Direct sequel to R012, same author group/platform. AIP page blocked (403); content from secondary summaries. Stage 10D: DOI record independently re-verified against the live Crossref API (title/year match) 2026-07-27.","metadata_only","Directly relevant to the identifiability/compensation question: reports an annealing (temperature) recovery pathway for proton-induced Hall degradation -- a candidate mechanism-specific compensation datum."
"R014","Abderrahmane, Ko, Okada, Sato, Ohshima & Sandhu, IEEE Electron Device Letters 35 (2014) 1130-1132","Proton Irradiation Enhancement of Low-Field Negative Magnetoresistance Sensitivity of AlGaN/GaN-Based Magnetic Sensor at Cryogenic Temperature","Abdelkader Abderrahmane; Pil Ju Ko; Hiroshi Okada; Shin-Ichiro Sato; Takeshi Ohshima; Adarsh Sandhu","2014","IEEE Electron Device Letters, vol. 35, issue 11, pp. 1130-1132","10.1109/LED.2014.2358613","https://doi.org/10.1109/LED.2014.2358613","journal_article","verified_peer_reviewed","B","quota_radiation;direct_hall_proton_electron_heavyion;temperature_radiation_interaction","species: protons; energy/fluence not independently confirmed (paywalled). temperature_during_test: explicitly cryogenic per title, exact value not confirmed. bias_state: not stated. device_material: AlGaN/GaN-based magnetic (Hall/magnetoresistance) sensor. quantity_changed: title states proton irradiation ENHANCES low-field negative magnetoresistance sensitivity at cryogenic temperature (direction given in title); exact magnitude/fluence dependence not independently confirmed (IEEE Xplore blocked). reversibility: not stated.","Bibliographic record confirmed directly via Crossref API: exact title, full author list, journal, volume, issue, pages, year. IEEE Xplore blocked (403); no full-text/abstract read. Stage 10D: DOI record independently re-verified against the live Crossref API (title/year match) 2026-07-27.","metadata_only","Same author group as R012/R013, extending the proton-irradiation Hall/magnetoresistance line of work to cryogenic operating temperature -- directly relevant to temperature-radiation interaction in the calibration model."
"R015","Abderrahmane et al., AIP Conference Proceedings 1585 (2014) 123-127","Effect of annealing on proton irradiated AlGaN/GaN based micro-Hall sensors","A. Abderrahmane; H. Takahashi; T. Tashiro; P. J. Ko; H. Okada; S. Sato; T. Ohshima; A. Sandhu","2014","AIP Conference Proceedings, vol. 1585, pp. 123-127","10.1063/1.4866629","https://doi.org/10.1063/1.4866629","conference_paper","peer_review_uncertain","C","quota_radiation;direct_hall_proton_electron_heavyion;temperature_radiation_interaction","species: proton (380 keV per group's standard protocol elsewhere, not independently confirmed for this specific paper). device_material: AlGaN/GaN micro-Hall sensor. quantity_changed: title indicates annealing effects on proton-irradiated micro-Hall sensors, consistent with R013's 'partial recovery' result; exact magnitudes not independently confirmed. reversibility: entire subject is thermal (annealing) reversibility of proton damage.","Bibliographic record (title, full author list, venue, volume, pages, year, Crossref type 'proceedings-article') confirmed directly via Crossref API. No abstract or full text read. Stage 10D: DOI record independently re-verified against the live Crossref API (title/year match) 2026-07-27.","metadata_only","AIP Conference Proceedings entries receive lighter editorial review than a full AIP journal article -- marked peer_review_uncertain rather than verified. Likely a proceedings companion/expanded version of R013 from the same group -- treat as low-independence evidence relative to R013."
"R016","Abderrahmane, Koide, Tahara, Sato, Ohshima, Okada & Sandhu, J. Phys.: Conf. Ser. 433 (2013) 012011","Effect of Proton Irradiation on 2DEG in AlGaN/GaN Heterostructures","A. Abderrahmane; S. Koide; T. Tahara; S. Sato; T. Ohshima; H. Okada; A. Sandhu","2013","Journal of Physics: Conference Series, vol. 433, article 012011","10.1088/1742-6596/433/1/012011","https://doi.org/10.1088/1742-6596/433/1/012011","conference_paper","peer_review_uncertain","C","quota_radiation;direct_hall_proton_electron_heavyion","species: proton; energy/fluence not independently confirmed. device_material: AlGaN/GaN heterostructure 2DEG, characterized via Hall-effect (Hall-bar/van der Pauw) measurement -- same platform as the group's micro-Hall-sensor papers but framed as materials/2DEG-transport physics. quantity_changed/temperature/bias/annealing: not independently confirmed (title only).","Bibliographic record confirmed directly via Crossref API: exact title, full author list, journal, volume, page, year. No abstract or full text read. Stage 10D: DOI record independently re-verified against the live Crossref API (title/year match) 2026-07-27.","metadata_only","IOP Conference Series papers typically receive conference-presentation review rather than full independent journal peer review -- marked peer_review_uncertain. Framed as 2DEG transport-physics evidence (enabling/mechanistic) rather than device-level sensor performance."
"R017","Bando, Ohashi, Dede, Akram, Oral, Park, Shibasaki, Handa & Sandhu, J. Appl. Phys. 105 (2009) 07E909","High sensitivity and multifunctional micro-Hall sensors fabricated using InAlSb/InAsSb/InAlSb heterostructures","M. Bando; T. Ohashi; M. Dede; R. Akram; A. Oral; S. Y. Park; I. Shibasaki; H. Handa; A. Sandhu","2009","Journal of Applied Physics, vol. 105, article 07E909","10.1063/1.3074513","https://doi.org/10.1063/1.3074513","journal_article","verified_peer_reviewed","B","quota_radiation;direct_hall_proton_electron_heavyion","species: protons, 380 keV (consistent across secondary summaries, not independently read). fluence: reported range 1e11-1e16 p/cm^2, magnetic-sensitivity degradation reported to begin ~1e13 p/cm^2, sensors still operable at 1e16 p/cm^2 per secondary summaries. temperature/bias_during: not stated. device_material: AlInSb/InAsSb/AlInSb (InAsSb quantum-well) micro-Hall sensor, 30 nm InAsSb channel; as-fabricated room-temperature mobility ~36,500 cm^2/V-s, sheet carrier density ~2.5e11 cm^-2 (per secondary summary). quantity_changed: proton-induced defects/deep levels decrease mobility and degrade magnetic sensitivity with increasing fluence; exact magnitudes and sheet-carrier-density-change direction not independently confirmed. reversibility/annealing: not stated.","Bibliographic record confirmed directly via Crossref API. AIP page and a repository PDF mirror both failed (403/400); quantitative claims from converging secondary summaries only. Stage 10D: DOI record independently re-verified against the live Crossref API (title/year match) 2026-07-27.","metadata_only","A separately-titled item ('High Proton Radiation Tolerance of InAsSb Quantum-Well-Based micro-Hall Sensors') circulates on academia.edu with matching fluence figures; no distinct peer-reviewed DOI could be confirmed for it, so treated as the same underlying dataset as this JAP paper rather than a second row."
"R018","Adamiec, Barbero, Cordero, Dainesi & Steiner, IEEE Trans. Nucl. Sci. 63 (2016) 2971-2978","Radiation Hard Contactless Angular Position Sensor Based on Hall Effect","Pawel Adamiec; Juan Barbero; Enrique Cordero; Paolo Dainesi; Nicolas Steiner","2016","IEEE Transactions on Nuclear Science, vol. 63, issue 6, pp. 2971-2978","10.1109/TNS.2016.2615888","https://doi.org/10.1109/TNS.2016.2615888","journal_article","verified_peer_reviewed","A","quota_radiation;direct_hall_proton_electron_heavyion;direct_hall_gamma;temperature_radiation_interaction","TWO DISTINCT EXPOSURES, kept separate: (1) HEAVY-ION SEE testing up to LET=67.7 MeV*cm^2/mg -- no single-event latch-up (SEL) or single-event transient (SET) observed at that LET; species/facility, fluence, dose_rate, temperature not stated; bias present per standard SEE protocol, exact level not confirmed. (2) GAMMA/TID testing (source/energy not confirmed) -- device resistant to gamma radiation, supply current increase <=1% of initial value; SPI/analog output errors observed but recovered to initial values after high-temperature annealing (reversible). device_material (both): commercial contactless Hall-effect angular position sensor IC (packaged device, not a bare Hall element). Proton SEE testing not confirmed as part of this study -- not stated.","Bibliographic record confirmed directly via Crossref API. ResearchGate/IEEE abstract pages blocked (403); quantitative claims (67.7 MeV*cm^2/mg, <=1% current shift) from converging secondary summaries. Stage 10D: DOI record independently re-verified against the live Crossref API (title/year match) 2026-07-27.","metadata_only","Independently found by two research passes (proton/electron/heavy-ion domain and gamma/TID domain) with consistent content -- merged into one row, dual-tagged per SOURCE_POLICY species-separation rule (the two exposure types must not be numerically merged, only co-listed)."
"R019","Sanders, Kim & Phan, 2008 IEEE Radiation Effects Data Workshop, pp. 148-151","TID and SEE Response of Optek Hall Effect Sensors","A. B. Sanders; H. S. Kim; A. Phan","2008","2008 IEEE Radiation Effects Data Workshop (REDW), Tucson, AZ, pp. 148-151","10.1109/REDW.2008.33","https://doi.org/10.1109/REDW.2008.33","conference_paper","verified_peer_reviewed","B","quota_radiation;direct_hall_gamma;direct_hall_proton_electron_heavyion","TWO DISTINCT TEST CAMPAIGNS reported by title, species not fully confirmed for either: (1) TID testing -- gamma source not independently confirmed (Co-60 is standard REDW practice but not confirmed for this paper); one secondary summary states all tested parameters were within limits up to 40 krad(Si). (2) SEE testing -- particle species (proton and/or heavy ion) could NOT be confirmed from any accessible source; REDW SEE methodology conventionally uses particle-beam irradiation, but this is an inference about conventional practice, not a confirmed fact about this specific paper. device_material: Optek commercial Hall-effect sensor IC intended for deep-space missions. dose/fluence/temperature/bias/annealing: not stated beyond the 40 krad(Si) TID figure.","Bibliographic record confirmed directly via Crossref API; page range from a secondary conference-index source. IEEE Xplore full text not accessible (paywalled). Stage 10D: DOI record independently re-verified against the live Crossref API (title/year match) 2026-07-27.","metadata_only","Independently found by two research passes (gamma/TID and proton/electron/heavy-ion domains) -- merged into one row, dual-tagged. IMPORTANT CAVEAT: SEE-portion particle species is genuinely unconfirmed (not merely unread) -- if species cannot later be confirmed via full text, the SEE half should be treated as uncertain-species rather than confirmed proton/heavy-ion evidence."
"R020","Mekys, Rumbauskas, Storasta, Makarenko & Vaitkus, Nucl. Instrum. Methods B 338 (2014) 95-100","Defect analysis in fast electron irradiated silicon by Hall and magnetoresistivity means","Algirdas Mekys; Vytautas Rumbauskas; Jurgis Storasta; Leonid Makarenko; Juozas Vidmantis Vaitkus","2014","Nuclear Instruments and Methods in Physics Research Section B, vol. 338, pp. 95-100","10.1016/j.nimb.2014.08.007","https://doi.org/10.1016/j.nimb.2014.08.007","journal_article","verified_peer_reviewed","B","quota_radiation;direct_hall_proton_electron_heavyion","species: electrons, ~6.6 MeV per secondary summary, not independently read from primary text. fluence: not independently confirmed for this exact paper. device_material: p- and n-type silicon, measured by Hall effect and magnetoresistivity (materials-characterization Hall-bar/van der Pauw structures, not a packaged commercial sensor). quantity_changed: defect analysis via Hall/magnetoresistivity technique; specific carrier-concentration/mobility magnitudes not independently confirmed. temperature/bias/annealing: not stated.","Bibliographic record confirmed directly via Crossref API. ScienceDirect abstract not fetched directly; quantitative details from secondary summary only. Stage 10D: DOI record independently re-verified against the live Crossref API (title/year match) 2026-07-27.","metadata_only","Direct experimental electron-irradiation study using Hall-effect measurement on silicon; included under the Si material clause even though the device is a characterization structure rather than a marketed sensor."
"R021","Mekys, Makarenko, Vaitekonis & Vaitkus, Materials Science in Semiconductor Processing 200 (2025) 109926","Hall and magnetoresistivity measurements in high energy electron irradiated p-type silicon","Algirdas Mekys; Leonid Makarenko; Sarunas Vaitekonis; Juozas V. Vaitkus","2025","Materials Science in Semiconductor Processing, vol. 200, article 109926","10.1016/j.mssp.2025.109926","https://doi.org/10.1016/j.mssp.2025.109926","journal_article","verified_peer_reviewed","B","quota_radiation;direct_hall_proton_electron_heavyion","species: electrons, 'high energy' per title, specific MeV not independently confirmed. device_material: p-type silicon, Hall-effect and magnetoresistivity measurement structures. quantity_changed: not independently confirmed beyond stated method (Hall/magnetoresistivity-based defect/carrier characterization). fluence/temperature/bias/annealing: not stated. Explicitly references and builds on R020 (same lead authors).","Bibliographic record confirmed directly via Crossref API. Abstract/full text not directly read; framing as a follow-on to R020 corroborated by secondary summary. Stage 10D: DOI record independently re-verified against the live Crossref API (title/year match) 2026-07-27.","metadata_only","Very recent (2025) direct electron-irradiation Hall-effect measurement study, same Lithuanian author group as R020 -- distinct DOI/title, not a duplicate."
"R022","Greenlee et al., Applied Physics Letters 107 (2015) 083504","Degradation mechanisms of 2 MeV proton irradiated AlGaN/GaN HEMTs","Jordan D. Greenlee; Petra Specht; Travis J. Anderson; Alan G. Baca; Boris N. Feygelson; Karl D. Hobart; Fritz J. Kub; Eugene A. Fitzgerald","2015","Applied Physics Letters, vol. 107, issue 8, article 083504","10.1063/1.4929583","https://doi.org/10.1063/1.4929583","journal_article","verified_peer_reviewed","A","quota_radiation;enabling_physics_wbg","species: protons, 2 MeV monoenergetic. fluence: 6e14 H+/cm^2; dose_rate not stated. temperature/bias_state during exposure: not stated. annealing: not measured (no anneal/recovery study reported). device_material: AlGaN/GaN HEMT (AlGaN barrier/GaN channel heterostructure). quantity_changed: electron mobility decreased 28.9%; 2DEG sheet carrier density decreased 12.1%; ON-resistance degraded; AlGaN/GaN interface broadened by 2.2 nm (EDS-measured Al interdiffusion/surface roughening), correlated to the electrical degradation. measurement_reference: EDS, TEM, Monte Carlo damage simulation, Hall-effect electrical measurements. reversibility: not measured.","Crossref DOI-record direct lookup returned full abstract text confirming title/authors/journal/volume/issue/article number/year and the exact quantitative figures (28.9%, 12.1%, 6e14 H+/cm^2, 2 MeV, 2.2 nm), quoted directly from the Crossref-hosted abstract. Stage 10D: DOI record independently re-verified against the live Crossref API (title/year match) 2026-07-27.","abstract_metadata","Direct primary irradiation data (not simulation). Strong enabling-physics comparator for the user's own AlGaN/GaN 2DEG Hall-plate device family -- mobility/carrier-density degradation directly relevant to Hall sensitivity (S_H) drift under proton exposure."
"R023","Kalavagunta, Touboul, Shen, Zhao, Reed, Fleetwood, Jain & Mishra, IEEE Trans. Nucl. Sci. 55 (2008) 2106-2112","Electrostatic Mechanisms Responsible for Device Degradation in Proton Irradiated AlGaN/AlN/GaN HEMTs","A. Kalavagunta; A. Touboul; L. Shen; Peixiong Zhao; R. A. Reed; D. M. Fleetwood; R. K. Jain; U. K. Mishra","2008","IEEE Transactions on Nuclear Science, vol. 55, issue 4, pp. 2106-2112","10.1109/tns.2008.2001705","https://doi.org/10.1109/tns.2008.2001705","journal_article","verified_peer_reviewed","A","quota_radiation;enabling_physics_wbg","species: protons, 1.8 MeV. fluence: up to 3e15 cm^-2; dose_rate not stated. temperature/bias_state/annealing: not stated in accessible summary. device_material: AlGaN/AlN/GaN HEMT with polarization-induced 2DEG (AlN interlayer present). quantity_changed: decreased sheet carrier mobility (attributed to increased scattering from radiation-induced defects); decreased 2DEG sheet carrier density (attributed to carrier removal/compensation in the unintentionally-doped AlGaN layer, altering space charge/band bending); reduced drain current -- direction given, magnitude not captured. reversibility: not measured/not reported.","Crossref DOI-record direct lookup confirmed title/8-author list/journal/volume/issue/pages/year; Semantic Scholar cross-check confirmed identical bibliographic fields (abstract elided by publisher). Quantitative mechanism description from WebSearch-aggregated summary, not primary text. Stage 10D: DOI record independently re-verified against the live Crossref API (title/year match) 2026-07-27.","metadata_only","Identity independently confirmed via two metadata sources; full text paywalled everywhere attempted. Distinguishes proton-specific displacement damage in an AlN-interlayer HEMT structure closer to the user's AlGaN/AlN/GaN family than plain AlGaN/GaN."
"R024","Sun, Saadat, Chen, Zhang, Cui, Palacios, Fleetwood & Ma, IEEE Trans. Nucl. Sci. 60 (2013) 4074-4079","Total-Ionizing-Dose Radiation Effects in AlGaN/GaN HEMTs and MOS-HEMTs","Xiao Sun; Omair I. Saadat; Jin Chen; En Xia Zhang; Sharon Cui; Tomas Palacios; Daniel M. Fleetwood; T. P. Ma","2013","IEEE Transactions on Nuclear Science, vol. 60, issue 6, pp. 4074-4079","10.1109/tns.2013.2278314","https://doi.org/10.1109/tns.2013.2278314","journal_article","verified_peer_reviewed","A","quota_radiation;enabling_physics_wbg","species: 10 keV X-rays (ionizing-dose surrogate, NOT gamma/neutron -- do not conflate). dose: swept from <3 krad(SiO2) to at least 2 Mrad; dose_rate not stated. bias_state during exposure: swept as a study variable, specific values not captured. temperature: not stated. device_material: AlGaN/GaN HEMT and AlGaN/GaN MOS-HEMT (gate-architecture comparison). quantity_changed: threshold-voltage shift in two dose regimes -- rapid shift at low dose (<3 krad(SiO2)) common to both device types, attributed to hole trapping in the AlGaN barrier; additional MOS-HEMT-only shift extending to at least 2 Mrad, attributed to hole trapping in the gate oxide; direction/magnitude in volts not captured. reversibility: the low-dose shift 'anneals quickly' (reversible); the high-dose MOS-HEMT-only shift's persistence not explicitly stated.","Crossref DOI-record direct lookup confirmed title/8-author list/journal/volume/issue/pages/year; Semantic Scholar cross-check confirmed identical fields (abstract elided). Mechanism/dose-regime description from WebSearch-aggregated summary, not primary text. Stage 10D: DOI record independently re-verified against the live Crossref API (title/year match) 2026-07-27.","metadata_only","Directly separates a reversible (annealing) TID mechanism from a persistent oxide-trapping mechanism in the same device family -- relevant to whether radiation-induced Hall offset/gain drift in a GaN device would self-anneal or persist."
"R025","Barber, Nguyen, Brockman, Gahl & Kwon, Scientific Reports 10 (2020) 16295","Thermal neutron transmutation doping of GaN semiconductors","R. Barber; Q. Nguyen; J. Brockman; J. Gahl; J. Kwon","2020","Scientific Reports, vol. 10, article 16295","10.1038/s41598-020-72862-2","https://doi.org/10.1038/s41598-020-72862-2","journal_article","verified_peer_reviewed","B","quota_radiation;enabling_physics_wbg;temperature_radiation_interaction","species: thermal neutrons, reactor field (spectrum not further specified). fluence: not stated as an atoms/cm^2-equivalent figure; doping outcome reported instead -- Ge concentrations 1e16-1e18 cm^-3, via the 71Ga(n,gamma)72Ga->72Ge thermal-neutron transmutation pathway converting Ga to Ge. temperature_during: not stated (reactor irradiation, ambient not specified). post-exposure anneal: 950C for 30 min in N2, explicitly required to activate/uniformize the transmutation-doping result. bias_state: not applicable (unbiased bulk material). device_material: bulk GaN wafers/substrate (not a fabricated HEMT/Hall device). quantity_changed: transmutation-induced n-type Ge doping concentration and spatial uniformity through wafer depth (a beneficial-doping demonstration, not a degradation metric). measurement_reference: gamma-ray spectroscopy cross-confirmed by SIMS depth profiling. reversibility: not applicable -- permanent nuclear transmutation, not a trapping/charging effect.","Crossref DOI-record direct lookup returned full abstract text confirming title/5-author list/journal/CC-BY license/publisher/date, and the SIMS/gamma-spectroscopy metrology plus 950C/30 min N2 anneal step, quoted directly from the Crossref-hosted abstract. Stage 10D: DOI record independently re-verified against the live Crossref API (title/year match) 2026-07-27.","abstract_metadata","Transmutation-doping demonstration, not a device-degradation study -- included per the explicit transmutation-effects scope. Directly evidences the isotopic transmutation mechanism (Ga->Ge) that would occur as an unavoidable side effect of thermal-neutron exposure of a GaN Hall/HEMT device, distinct from trap-formation/ionization mechanisms elsewhere in this ledger."
"R026","Ngoepe, Meyer, Auret, Omotoso, Hlatshwayo, Skuratov & Diale, Nucl. Instrum. Methods B 409 (2017) 69-71","Deep level transient spectroscopy characterisation of Xe irradiated GaN","P. N. M. Ngoepe; W. E. Meyer; F. D. Auret; E. Omotoso; T. T. Hlatshwayo; V. A. Skuratov; M. Diale","2017","Nuclear Instruments and Methods in Physics Research Section B, vol. 409, pp. 69-71","10.1016/j.nimb.2017.05.032","https://doi.org/10.1016/j.nimb.2017.05.032","journal_article","verified_peer_reviewed","B","quota_radiation;enabling_physics_wbg","species: Xe26+ heavy ions, 167 MeV. fluence: 1e10 cm^-2; dose_rate not stated. temperature_during: room temperature; after: not stated beyond room temperature. bias_state: not stated (diode/Schottky-type test structure implied, not confirmed). annealing: not measured. device_material: n-type GaN (bulk/epilayer test structure suitable for DLTS, not a full HEMT). quantity_changed: two new deep-level traps by DLTS, activation energies 0.07 eV and 0.48 eV below the conduction band; reverse leakage current increased ~10 orders of magnitude, attributed to generation-recombination centers formed during irradiation. measurement_reference: DLTS, I-V leakage measurement. reversibility: not measured/not reported.","Crossref DOI-record direct lookup confirmed title/7-author list/journal/volume/pages/year; Semantic Scholar cross-check confirmed identical fields (abstract elided). Trap-energy and leakage figures from WebSearch-aggregated summary, not primary text -- flagged for re-verification before precise numeric citation. Stage 10D: DOI record independently re-verified against the live Crossref API (title/year match) 2026-07-27.","metadata_only","Heavy-ion (Xe) result -- must not be merged with proton, electron, or neutron trap data elsewhere in this ledger per species-separation rule."
"R027","Goodman, Auret, Myburg, Legodi, Gibart & Beaumont, Materials Science and Engineering: B 82 (2001) 95-97","Deep levels introduced in n-GaN grown by the ELOG technique by high-energy electron irradiation","S. A. Goodman; F. D. Auret; G. Myburg; M. J. Legodi; P. Gibart; B. Beaumont","2001","Materials Science and Engineering: B, vol. 82, issues 1-3, pp. 95-97","10.1016/s0921-5107(00)00746-7","https://doi.org/10.1016/s0921-5107(00)00746-7","journal_article","verified_peer_reviewed","B","quota_radiation;enabling_physics_wbg","species: high-energy electrons -- a secondary summary attributes a 90Sr beta source, NOT independently confirmed, treat with caution; exact MeV not confirmed. fluence/dose_rate/temperature/bias/annealing: not stated. device_material: n-type GaN grown by epitaxial lateral overgrowth (ELOG). quantity_changed: DLTS identified a major electron trap at 0.20 eV below the conduction band (proposed nitrogen-vacancy-related, V_N) plus >=4 additional traps centered ~0.90+/-0.15 eV; direction = traps introduced (density not captured). measurement_reference: DLTS, capture-cross-section modeling (temperature-independent capture cross sections extracted). reversibility: not measured/not reported.","Crossref DOI-record direct lookup confirmed title/6-author list/journal/volume/pages/year; Semantic Scholar cross-check confirmed identical fields (abstract elided). Trap-energy/source-particle details from WebSearch-aggregated summary, with the electron-source detail specifically flagged unconfirmed. Stage 10D: DOI record independently re-verified against the live Crossref API (title/year match) 2026-07-27.","metadata_only","Early (2001) foundational DLTS baseline for electron-irradiation trap levels in GaN, useful for cross-comparison against R026 (Xe) and R031 (He-ion) trap results in the same Auret-group research lineage."
"R028","Chen, Liang, Han, Lu, Chen, Wang, Wang, Wang & Yuan, Nanomaterials 12 (2022) 2126","Research on the Synergistic Effect of Total Ionization and Displacement Dose in GaN HEMT Using Neutron and Gamma-Ray Irradiation","Rui Chen; Yanan Liang; Jianwei Han; Qihong Lu; Qian Chen; Ziyu Wang; Hao Wang; Xuan Wang; Runjie Yuan","2022","Nanomaterials, vol. 12, issue 13, article 2126","10.3390/nano12132126","https://doi.org/10.3390/nano12132126","journal_article","verified_peer_reviewed","B","quota_radiation;enabling_physics_wbg","species: two co-tested fields, kept distinct -- (a) 14 MeV neutrons, (b) Co-60 gamma rays; combined/synergistic exposure is the paper's actual design. fluence/dose: neutron fluence 1.3e12 and 3e12 n/cm^2 (two levels); gamma accumulated dose up to 800 krad(Si). dose_rate/temperature/bias/annealing: not stated. device_material: enhancement-mode GaN HEMT, two structures compared -- p-GaN-gate HEMT and a cascode-structure GaN HEMT. quantity_changed: leakage-current degradation under combined exposure was LOWER than the arithmetic sum of the separately-applied effects (sub-additive/antagonistic synergy); threshold-voltage shift of the cascode-structure device was HIGHER under combined exposure than the sum of separate effects (super-additive/synergistic, that structure only). reversibility: not measured.","Crossref DOI-record direct lookup returned full abstract text confirming title/9-author list/journal/CC-BY license/date/funding, and the exact fluence/dose figures, quoted directly from the Crossref-hosted abstract. Stage 10D: DOI record independently re-verified against the live Crossref API (title/year match) 2026-07-27.","abstract_metadata","Important counterevidence/nuance: combined neutron+gamma damage in GaN HEMTs is NOT simply additive, and the direction of non-additivity depends on the electrical quantity and gate/channel structure examined -- directly relevant to any radiation-compensation model assuming independent, summable damage mechanisms. Neutron and gamma results kept explicitly separate above; only the combined-exposure comparison is merged, matching the paper's own experimental design."
"R029","Bikhert, Kozlovskiy, Popov & Zdorovets, Materials 16 (2023) 5225","Study of the Influence of the Irradiation Flux Density on the Formation of a Defect Structure in AlN in the Case of the Effect of Overlapping of the Heavy Ion Motion Trajectories in the Near-Surface Layer","Yeugeniy V. Bikhert; Artem L. Kozlovskiy; Anatoli I. Popov; Maxim V. Zdorovets","2023","Materials, vol. 16, issue 15, article 5225","10.3390/ma16155225","https://doi.org/10.3390/ma16155225","journal_article","verified_peer_reviewed","B","quota_radiation;enabling_physics_wbg","species: Xe23+ heavy ions, 230 MeV. fluence: held constant across the flux-density comparison (exact cm^-2 not captured -- independent variable is beam current/flux density, not fluence). dose_rate: varied ion-beam current explicitly as the study variable (values not captured). temperature/bias: not stated/not applicable (ceramic material, not a biased electronic device). device_material: AlN ceramic (bulk nitride ceramic, not a GaN heterostructure device -- direct AlN member of the III-nitride family). quantity_changed: structural/defect changes in the near-surface damaged layer depend on damage-accumulation rate (flux density), not just total fluence; at high flux the dominant mechanism was vacancy-defect formation from nitrogen-atom replacement by oxygen, forming O_N-V_Al complexes. measurement_reference: XRD, Raman, UV-Vis, photoluminescence. reversibility: not measured (structural, not electrical, characterization).","Crossref DOI-record direct lookup returned full abstract text confirming title/4-author list/journal/CC-BY license/date, and the ion species/energy plus O_N-V_Al mechanism, quoted directly from the Crossref-hosted abstract. Stage 10D: DOI record independently re-verified against the live Crossref API (title/year match) 2026-07-27.","abstract_metadata","AlN is a barrier/interlayer material in the user's own AlGaN/GaN device family -- a directly relevant AlN-specific primary damage-mechanism paper. Flux-density (rate) dependence is a distinct enabling-physics variable from total fluence/dose and should not be conflated with dose-only comparisons elsewhere in this ledger."
"R030","Kozlovskiy, Shlimas, Borgekov & Zdorovets, Solid State Sciences 107 (2020) 106367","The influence of the energy of incident protons on the defect formation and radiation resistance of AlN ceramics","A. L. Kozlovskiy; D. I. Shlimas; D. B. Borgekov; M. V. Zdorovets","2020","Solid State Sciences, vol. 107, article 106367","10.1016/j.solidstatesciences.2020.106367","https://doi.org/10.1016/j.solidstatesciences.2020.106367","journal_article","verified_peer_reviewed","B","quota_radiation;enabling_physics_wbg","species: protons, 0.5-1.5 MeV swept as the independent variable. fluence: 1e17 protons/cm^2; dose_rate not stated. temperature/bias: not stated/not applicable (ceramic, unbiased). device_material: AlN ceramic (bulk nitride ceramic). quantity_changed: degree of crystal-structure deformation GREATEST at lowest incident proton energies (defects concentrated in a small surface-layer volume); as proton energy increases, path length increases, surface-layer damage DECREASES but damage depth increases -- an explicit energy-dependent depth/severity trade-off, not a simple monotonic dose-response. reversibility: not measured.","Crossref DOI-record direct lookup confirmed title/4-author list/journal/article number/publisher/date (abstract elided by Crossref/publisher). Energy/fluence/depth-vs-surface trade-off from WebSearch-aggregated summary, not primary text. Stage 10D: DOI record independently re-verified against the live Crossref API (title/year match) 2026-07-27.","metadata_only","Same author group as R029 (heavy-ion AlN) -- together the two give proton vs heavy-ion damage-mechanism contrast in the same AlN ceramic material, illustrating that displacement-damage depth/severity in AlN depends strongly on incident-particle species/energy, not just dose."
"R031","Hayes, Goodman & Auret, Nucl. Instrum. Methods B 148 (1999) 437","Electrical characterization of low temperature He-ion irradiated GaN","M. Hayes; S. A. Goodman; F. D. Auret","1999","Nuclear Instruments and Methods in Physics Research Section B, vol. 148, issues 1-4, p. 437","10.1016/s0168-583x(98)00722-8","https://doi.org/10.1016/s0168-583x(98)00722-8","journal_article","verified_peer_reviewed","B","quota_radiation;enabling_physics_wbg;temperature_radiation_interaction","species: He ions, 5.4 MeV. fluence/dose_rate: not stated. temperature_during_exposure: 25 K (low-temperature irradiation, the paper's distinguishing condition). post-exposure: isochronal anneal performed up to 443 K, produced very little recovery of mobility or carrier concentration -- defects described as thermally stable up to the anneal temperatures used. bias_state: not stated. device_material: n-type GaN. quantity_changed: electron mobility and free-carrier concentration both REDUCED by He-ion irradiation; magnitude not captured. measurement_reference: Hall-effect/resistivity electrical characterization. reversibility: persistent -- did not substantially recover under anneal to 443 K.","Crossref DOI-record direct lookup confirmed title/3-author list/journal/volume/issue/year (abstract elided). Semantic Scholar cross-check confirmed identical fields. The 25 K temperature, 5.4 MeV energy, and 443 K anneal/persistence details from WebSearch-aggregated summary, not primary text. Stage 10D: DOI record independently re-verified against the live Crossref API (title/year match) 2026-07-27.","metadata_only","One of the only entries in this ledger with an explicit LOW-TEMPERATURE (25 K) irradiation condition and an explicit anneal-temperature ceiling (443 K) with a stated persistence outcome -- directly relevant to the temperature-radiation interaction question, and a contrast case against R026 (Xe-ion, room temperature) in the same GaN/Auret-group lineage."
"R032","Anderson, Khafizov & Chernatynskiy, Nucl. Instrum. Methods B 547 (2024) 165228","Threshold displacement energies and primary radiation damage in AlN from molecular dynamics simulations","Sean Anderson; Marat Khafizov; Aleksandr Chernatynskiy","2024","Nuclear Instruments and Methods in Physics Research Section B, vol. 547, article 165228","10.1016/j.nimb.2023.165228","https://doi.org/10.1016/j.nimb.2023.165228","journal_article","verified_peer_reviewed","B","quota_radiation;enabling_physics_wbg","SIMULATION ONLY -- molecular-dynamics knock-on-atom simulation, not a real-particle irradiation experiment. No fluence/dose/temperature/bias (not applicable to this computational method). device_material: bulk AlN crystal lattice (MD model, not a fabricated device). quantity_changed: threshold displacement energies computed for Al and N sublattices via MD knock-on-atom simulations; averaged/reported AlN displacement threshold ~110 eV, described as slightly greater than isostructural GaN's threshold and lower than oxide materials used in radiation environments; defects after initial knock-on events are predominantly point defects and small defect complexes. reversibility: not applicable.","Crossref DOI-record direct lookup confirmed title/3-author list/journal/volume/publisher/DOE funding award (abstract field not populated in the Crossref record). The ~110 eV figure and GaN-comparison statement from WebSearch-aggregated summary, not primary text. Stage 10D: DOI record independently re-verified against the live Crossref API (title/year match) 2026-07-27.","metadata_only","SIMULATION_ONLY -- must not be described as experimental/measured data in downstream synthesis. Useful as the AlN-specific companion to any GaN threshold-displacement-energy value used in a NIEL/damage-equivalence calculation for the user's AlGaN/GaN device stack."
"R033","Yadav et al., ECS Transactions 61 (2014) 171-177 (paper 06104.0171)","(Invited) Effect of Annealing on Electronic Carrier Transport Properties of Gamma-Irradiated AlGaN/GaN High Electron Mobility Transistors","Anupama Yadav; Casey Schwarz; Max Shatkhin; Luther Wang; Elena Flitsiyan; Leonid Chernyak; Lu Liu; Y. H. Hwang; Fan Ren; Stephen J. Pearton; Igor Lubomirsky","2014","ECS Transactions, vol. 61, issue 4, paper 06104.0171","10.1149/06104.0171ecst","https://doi.org/10.1149/06104.0171ecst","conference_paper","peer_review_uncertain","C","quota_radiation;enabling_physics_wbg;temperature_radiation_interaction","species: gamma irradiation (isotope/source/spectrum not stated -- do not conflate with any Co-60-specific result elsewhere in this ledger since the source is unconfirmed here). dose/dose_rate/temperature_during: not stated. post-exposure anneal: 200C for 25 minutes, produced PARTIAL recovery of electronic carrier-transport properties/device performance. bias_state: not stated. device_material: AlGaN/GaN HEMT. quantity_changed: electronic carrier-transport properties degraded by gamma irradiation, partially recovered by the stated anneal; specific mobility/carrier-density numbers not captured. reversibility: explicitly PARTIAL (not full) recovery after the stated anneal.","Crossref bibliographic query matched both the meeting-abstract DOI and the 06104.0171ecst full-paper DOI, confirming title/full 11-author list/journal short-title/volume-issue/publisher/date. Abstract/full text not independently read; content from WebSearch-aggregated summary. Stage 10D: DOI record independently re-verified against the live Crossref API (title/year match) 2026-07-27.","metadata_only","ECS Transactions is a conference-proceedings series (invited-talk paper) with lighter review than the ECS Journal of Solid State Science and Technology -- marked peer_review_uncertain rather than verified. One of the few candidates found that directly studies post-irradiation annealing/recovery in an AlGaN/GaN HEMT specifically (vs AlN ceramics or generic III-V material)."
"R034","Liu, Singh, Kennedy, Huang, Fluckey, Matthews & Uberuaga, J. Appl. Phys. 138 (2025) 070701","Review of radiation-induced defects in GaAs","X.-Y. Liu; C. N. Singh; E. R. Kennedy; S. Huang; S. P. Fluckey; C. Matthews; B. P. Uberuaga","2025","Journal of Applied Physics, vol. 138, issue 7, article 070701","10.1063/5.0279267","https://doi.org/10.1063/5.0279267","journal_article","verified_peer_reviewed","A","quota_radiation;enabling_physics_iii_v","Review synthesizing electron, proton, neutron, and gamma damage in GaAs (species not separated per-result in the review's own framing). Covers intrinsic point defects (vacancies, interstitials, As-antisites), defect clusters/amorphization zones, deep-level donors (EL2), divacancies. quantity_changed: carrier removal and general electrical-property degradation discussed qualitatively, no single numeric value extracted. measurement_reference: DLTS cited as primary experimental method plus MD/DFT computation. reversibility: paper explicitly flags an unresolved gap connecting computational defect-evolution predictions to experimental (including annealing/recovery) observations.","Crossref DOI-record confirmed title/7-author list/journal/volume/issue/article number/year. OSTI accepted-manuscript abstract page (osti.gov/pages/biblio/2588077) independently fetched and read, corroborating title/author list/content description. Stage 10D: DOI record independently re-verified against the live Crossref API (title/year match) 2026-07-27.","abstract_metadata","Review article (not primary experimental data) -- labeled per rule 6 as a synthesis, not a new measurement. LANL-authored, most current (2025) synthesis of GaAs radiation-defect literature. Also indexed as OSTI LA-UR-25-20417."
"R035","Pons & Bourgoin, J. Phys. C: Solid State Phys. 18 (1985) 3839-3871","Irradiation-induced defects in GaAs","D. Pons; J. C. Bourgoin","1985","Journal of Physics C: Solid State Physics, vol. 18, issue 20, pp. 3839-3871","10.1088/0022-3719/18/20/012","https://doi.org/10.1088/0022-3719/18/20/012","journal_article","verified_peer_reviewed","A","quota_radiation;enabling_physics_iii_v","species: electron irradiation (energy not confirmed). fluence/dose_rate/temperature/bias: not stated/not independently confirmed. annealing: paper explicitly addresses both defect creation AND annealing/recovery (per abstract-level description); specific temperatures not confirmed. device_material: bulk n- and p-type GaAs. quantity_changed: defects identified as a distribution of vacancy-interstitial (Frenkel) pairs on the As sublattice; Ga-sublattice Frenkel pairs found to recombine immediately after creation. reversibility: Ga-sublattice damage self-anneals/recombines immediately; As-sublattice defects persist as the stable, characterized defect distribution.","Crossref DOI-record confirmed title/2-author list/journal/volume/issue/pages/year. Defect-mechanism description corroborated via WebSearch summary of the IOPscience abstract (direct fetch returned HTTP 403). Stage 10D: DOI record independently re-verified against the live Crossref API (title/year match) 2026-07-27.","abstract_metadata","Classic/foundational GaAs irradiation-defect paper, frequently cited as the origin of the vacancy-interstitial-pair defect model for electron-irradiated GaAs -- companion/context for R034. Exact electron energy/fluence not independently confirmed, treat as indicative pending full-text read."
"R036","Walukiewicz, Phys. Rev. B 37 (1988) 4760-4763","Mechanism of Fermi-level stabilization in semiconductors","W. Walukiewicz","1988","Physical Review B, vol. 37, issue 9, pp. 4760-4763","10.1103/PhysRevB.37.4760","https://doi.org/10.1103/PhysRevB.37.4760","journal_article","verified_peer_reviewed","A","quota_radiation;enabling_physics_iii_v","THEORY paper, not device-specific: interprets the empirically observed Fermi-level position in heavily radiation-damaged semiconductors generally (compound semiconductors including GaAs explicitly discussed per secondary description). Not applicable: fluence/dose/dose_rate/temperature/bias/annealing/reversibility (theoretical, not a single irradiation experiment). Proposes the mechanism by which a radiation-defect-saturated material's Fermi level 'pins' at a material-specific stabilization energy, correlated with the Fermi level found at metal-semiconductor interfaces.","Crossref DOI-record confirmed title/author/journal/volume/issue/pages/year; direct APS abstract fetch returned HTTP 403; Semantic Scholar confirmed same title/DOI/year but abstract elided by publisher. Stage 10D: DOI record independently re-verified against the live Crossref API (title/year match) 2026-07-27.","metadata_only","Foundational, highly-cited theoretical mechanism paper underlying the 'limiting Fermi level position' language used in R037/R038's Brudnyi papers -- an explicit mechanism-based (not merely empirical) link, labeled per the mission's requirement to flag mechanism-based extrapolation. Abstract text itself could not be independently retrieved; treat characterization with corresponding caution."
"R037","Brudnyi, Kolin & Potapov, Semiconductors 37 (2003) 390-395","Electrical properties of InAs irradiated with protons","V. N. Brudnyi; N. G. Kolin; A. I. Potapov","2003","Semiconductors, vol. 37, issue 4, pp. 390-395","10.1134/1.1568456","https://doi.org/10.1134/1.1568456","journal_article","verified_peer_reviewed","A","quota_radiation;enabling_physics_iii_v;temperature_radiation_interaction","species: 5-MeV protons. fluence: 2e16 cm^-2; dose_rate not stated. temperature_during: not stated (room temperature implied, not confirmed). bias_state: not stated. annealing: post-irradiation isochronal annealing studied up to 800C. device_material: bulk InAs, both n- and p-type as-grown material, varying doping level. quantity_changed: regardless of starting doping level/conductivity type, irradiated material converts to n+-type conductivity (direction given; magnitude as a numeric carrier-removal rate not independently confirmed). reversibility: annealing studied to 800C, but full-vs-persistent recovery at that temperature not independently confirmed -- left as not stated rather than assumed.","Crossref DOI-record confirmed title/3-author list/journal/volume/issue/pages/year. Quantitative conditions (5 MeV, 2e16 cm^-2, n+ conversion, annealing to 800C) from WebSearch summary of the Springer/Pleiades abstract, not independently re-fetched. Stage 10D: DOI record independently re-verified against the live Crossref API (title/year match) 2026-07-27.","abstract_metadata","Direct InAs proton-irradiation enabling-physics paper matching an explicitly named candidate material. Tomsk State University group (Brudnyi), same lineage as the Fermi-level-stabilization literature (R036)."
"R038","Brudnyi, Boiko, Kamenskaya & Kolin, Semiconductors 38 (2004) 769-774","Electrical properties and limiting position of the Fermi level in InSb irradiated with protons","V. N. Brudnyi; V. M. Boiko; I. V. Kamenskaya; N. G. Kolin","2004","Semiconductors, vol. 38, issue 7, pp. 769-774","10.1134/1.1777597","https://doi.org/10.1134/1.1777597","journal_article","verified_peer_reviewed","A","quota_radiation;enabling_physics_iii_v;temperature_radiation_interaction","species: 10-MeV protons. fluence: 2e16 cm^-2; dose_rate not stated. temperature_during: 300 K. bias_state: not stated. annealing: isochronal annealing studied across 20-500C, 'special features' of defect annealing reported (recovery stages not independently confirmed). device_material: both metallurgically-doped and transmutation-doped bulk InSb. quantity_changed: limiting (saturated) electrical parameters of heavily irradiated InSb correspond to p-type material regardless of starting doping/conductivity type -- radiation drives the Fermi level to a material-specific limiting position (direction given; exact carrier-removal rate not confirmed). reversibility: partial recovery implied by the 20-500C anneal study, full-vs-persistent at the upper end not stated.","Crossref DOI-record confirmed title/4-author list/journal/volume/issue/pages/year. Quantitative conditions from WebSearch summary of the Springer/Pleiades abstract; a direct Crossref re-fetch for this DOI returned HTTP 429 rate-limit, retried successfully for bibliographic fields only. Stage 10D: DOI record independently re-verified against the live Crossref API (title/year match) 2026-07-27.","abstract_metadata","InSb is the actual sensing material used in the JET/ITER Hall probes referenced in the 06 baseline ledger (InSb on semi-insulating GaAs substrate) -- direct enabling-physics evidence for that exact material system's PROTON response, distinct from the 06 baseline's device-level NEUTRON-fluence-tolerance claims; do not conflate species."
"R039","Brudnyi & Potapov, Semiconductors 35 (2001) 1361-1365","Electrical properties of the proton-irradiated semi-insulating GaAs:Cr","V. N. Brudnyi; A. I. Potapov","2001","Semiconductors, vol. 35, issue 12, pp. 1361-1365","10.1134/1.1427970","https://doi.org/10.1134/1.1427970","journal_article","verified_peer_reviewed","B","quota_radiation;enabling_physics_iii_v;temperature_radiation_interaction","species: proton irradiation (energy not independently confirmed). fluence/dose_rate/temperature_during: not stated; measurement reported at 300 K for over-irradiated samples. bias_state/annealing: not stated. device_material: chromium-doped semi-insulating GaAs (GaAs:Cr). quantity_changed: for proton-over-irradiated GaAs:Cr, electrical conduction over a wide temperature range (including 300 K) is controlled by carrier hopping conduction over deep radiation-induced states rather than band conduction (mechanism/direction given; no numeric resistivity/carrier-removal value confirmed). reversibility: not measured/not stated.","Crossref DOI-record confirmed title/2-author list/journal/volume/issue/pages/year. Hopping-conduction mechanism corroborated via WebSearch summary; primary abstract not directly fetched (only an unopened ResearchGate PDF link located). Stage 10D: DOI record independently re-verified against the live Crossref API (title/year match) 2026-07-27.","abstract_metadata","Semi-insulating Cr-doped GaAs is one compensation route for the same substrate-material class (semi-insulating GaAs) underlying JET's InSb-on-GaAs Hall probes in the 06 baseline (which use undoped/EL2-compensated SI-GaAs, not Cr-doped) -- included as substrate-material-class enabling-physics context, not a claim that JET's probes use Cr-doped GaAs."
"R040","Moll, Fretwurst & Lindstrom, Nucl. Instrum. Methods A 426 (1999) 87-93","Leakage current of hadron irradiated silicon detectors -- material dependence","M. Moll; E. Fretwurst; G. Lindstrom","1999","Nuclear Instruments and Methods in Physics Research Section A, vol. 426, issue 1, pp. 87-93","10.1016/S0168-9002(98)01475-2","https://doi.org/10.1016/S0168-9002(98)01475-2","journal_article","verified_peer_reviewed","A","quota_radiation;enabling_physics_si_soi;temperature_radiation_interaction","species: fast reactor neutrons. fluence: 1e11 to 1e15 cm^-2 (range studied); dose_rate/temperature_during/bias: not stated. annealing: universal (material-independent) annealing behavior observed after irradiation, indicating the leakage-current-generating microdefects are intrinsic in origin (exact schedule not independently confirmed). device_material: silicon detector-grade material spanning oxygen 9e17 down to <2e14 cm^-3, carbon 2e16 down to <5e15 cm^-3, resistivity 100 ohm-cm to 20 kohm-cm (n-type) and 400 ohm-cm to 2 kohm-cm (p-type). quantity_changed: leakage-current damage parameter (alpha) found almost independent of initial resistivity/impurity concentration up to the highest fluence tested (specific numeric alpha not independently confirmed). reversibility: leakage current displays a universal (material-independent) annealing/recovery behavior across the full material set tested.","Crossref DOI-record confirmed title/3-author list/journal/volume/issue/pages/year. Quantitative fluence/resistivity/oxygen-concentration content from WebSearch summary corroborating the ScienceDirect abstract, not independently re-fetched. Stage 10D: DOI record independently re-verified against the live Crossref API (title/year match) 2026-07-27.","abstract_metadata","One of the most highly cited silicon radiation-damage papers (CERN RD48/ROSE collaboration lineage); establishes the material-independence of the leakage-current damage parameter, a key enabling-physics input for any Si-based readout electronics or Si Hall-plate reliability argument under neutron fluence."
"R041","Summers, Burke, Shapiro, Messenger & Walters, IEEE Trans. Nucl. Sci. 40 (1993) 1372-1379","Damage correlations in semiconductors exposed to gamma, electron and proton radiations","G. P. Summers; E. A. Burke; P. Shapiro; S. R. Messenger; R. J. Walters","1993","IEEE Transactions on Nuclear Science, vol. 40, issue 6, pp. 1372-1379","10.1109/23.273529","https://doi.org/10.1109/23.273529","journal_article","verified_peer_reviewed","B","quota_radiation;enabling_physics_iii_v;enabling_physics_si_soi","species: gamma, electron, and proton, all three explicitly compared per title (isotope/energies not independently confirmed). fluence/dose/dose_rate/temperature/bias/annealing/device_structure/exact quantity changed: not stated -- abstract/full text could not be independently retrieved (publisher elided the abstract field in every metadata source checked). reversibility: not stated.","Crossref DOI-record independently confirmed title/5-author list/journal/volume/issue/pages/year. Semantic Scholar confirmed matching title/DOI/year but abstract field withheld by publisher in every attempt. Stage 10D: DOI record independently re-verified against the live Crossref API (title/year match) 2026-07-27.","metadata_only","Foundational, widely-cited paper establishing a displacement-damage-dose-based correlation method across gamma, electron, and proton exposure for semiconductor materials -- flagged here only as a bibliographically-verified citation per rule 5 (no quantitative claims asserted beyond the bibliographic record since content could not be independently read). Downstream use should re-verify content before relying on it for a specific numeric claim."
"R042","Logan, Short, Helms, Newell, Alsaad, Carrasco, Webster, Maestas & Morath, J. Appl. Phys. 139 (2026) 125707","Damage generation efficiency of protons and 60Co gammas in III-V infrared semiconductors","J. V. Logan; M. P. Short; W. L. Helms; A. T. Newell; Z. M. Alsaad; R. A. Carrasco; P. T. Webster; D. Maestas; C. P. Morath","2026","Journal of Applied Physics, vol. 139, issue 12, article 125707","10.1063/5.0318998","https://doi.org/10.1063/5.0318998","journal_article","verified_peer_reviewed","A","quota_radiation;enabling_physics_iii_v","species: TWO separate campaigns compared, kept distinct -- 54.3-MeV protons and 60Co gamma rays. fluence/dose/dose_rate/temperature/bias/annealing: not independently confirmed as specific numbers. device_material: InAs/InAsSb type-II superlattice and bulk InAsSb infrared-detector material. quantity_changed: minority-carrier lifetime degradation compared between the two particle types -- the 60Co lifetime damage factor was found to be ~14x higher than would be predicted by scaling from the proton-derived (NIEL-based) damage factor. mechanism: protons produce large, spatially concentrated displacement cascades where a larger fraction of defects self-anneal/recombine; 60Co gammas produce spatially isolated Frenkel-pair-type defects that recombine less efficiently, yielding disproportionately higher damage per unit NIEL for gammas. reversibility: cascade-defect recombination is an explicit intra-irradiation recovery mechanism for protons; not stated for gammas beyond the efficiency comparison.","Crossref DOI-record confirmed title/9-author list/journal/volume/issue/article number/year; Semantic Scholar returned a directly quoted abstract passage confirming the '~14x higher' headline result. Open access (CC BY) per the same record. Stage 10D: DOI record independently re-verified against the live Crossref API (title/year match) 2026-07-27.","abstract_metadata","Very recent (2026) LANL-authored experimental paper on InAs-family III-V infrared semiconductor material. Important cross-species caution for any radiation-compensation strategy assuming proton-test data extrapolates to a gamma or mixed-field fusion environment via NIEL scaling alone -- this paper shows that assumption can under-predict gamma-induced lifetime damage by roughly an order of magnitude for this material class. Not a neutron result -- do not conflate with fission-spectrum findings elsewhere in this ledger."
"R043","Bohacek, Morvic, Betko, Dubecky & Huran, Proc. SIMC-XII (2002), pp. 31-34","Electrical properties of semi-insulating GaAs irradiated with neutrons","P. Bohacek; M. Morvic; J. Betko; F. Dubecky; J. Huran","2002","12th International Conference on Semiconducting and Insulating Materials (SIMC-XII-2002), pp. 31-34","10.1109/SIM.2002.1242720","https://doi.org/10.1109/SIM.2002.1242720","conference_paper","verified_peer_reviewed","C","quota_radiation;enabling_physics_iii_v;temperature_radiation_interaction","species: reactor (fission-spectrum) neutrons. fluence: 1e13 to 3e15 cm^-2 (range studied); dose_rate not stated. temperature: measurements taken across 300-420 K. bias_state/annealing: not stated. device_material: undoped semi-insulating bulk GaAs. quantity_changed: conductivity and apparent Hall mobility both decrease with increasing neutron fluence; magnetoresistance increases with increasing fluence; electron-to-hole concentration ratio (n/p) decreases with fluence, falling below 1 (majority-carrier-type-like inversion signature) at the highest fluences tested. measurement_reference: conductivity, Hall-effect, and magnetoresistance measurements. reversibility: not measured (no annealing study reported).","Crossref DOI-record confirmed title/5-author list/conference name/pages/year/IEEE publisher. Quantitative fluence/temperature/Hall-mobility/magnetoresistance content from WebSearch summary of the abstract, not independently re-fetched. Stage 10D: DOI record independently re-verified against the live Crossref API — exact title and author match; the Crossref proceedings record carries no year field, so the year rests on the lane's original verification (2026-07-27).","abstract_metadata","IEEE Xplore-indexed conference paper (peer-reviewed proceedings series); specific peer-review process of this conference series not independently audited beyond its IEEE Xplore listing -- flagged lower-tier (C) given age, narrow scope, and conference (not journal) format. Directly matches the requested GaAs neutron carrier-transport/Hall-mobility priority with real quantitative fluence dependence."
"R044","Fan, Bi, Xi & Yan, Sensors 20 (2020) 3946","Investigation of Radiation Effects on FD-SOI Hall Sensors by TCAD Simulations","Linjie Fan; Jinshun Bi; Kai Xi; Gangping Yan","2020","Sensors, vol. 20, issue 14, article 3946","10.3390/s20143946","https://doi.org/10.3390/s20143946","journal_article","verified_peer_reviewed","C","quota_radiation;enabling_physics_si_soi","SIMULATION ONLY (TCAD/Sentaurus Device) -- not an experimental irradiation measurement. Simulated conditions: TID via insulator fixed-charge modeling; transient dose rate (TDR) gamma pulses 5e8-5e12 rad(Si)/s over 20 ns; single-event transient (SET) from simulated heavy-ion strikes, LET 0-100 MeV*cm^2/mg. Bias states modeled: off-state (Vg=0V) and on-state (Vg=3V), Vbias=2V typical. Temperature: not specified. Simulated TID outcome: Hall voltage increased 86.49 to 111.75 mV/T (+29% sensitivity); efficiency decreased 479.2 to 314.7 V/W*T; offset voltage decreased 4.45 to 2.1 mV. Annealing/recovery: not investigated. Uncertainty: not applicable -- no physical measurement performed.","Fetched the PMC7412317 open-access mirror directly (full text read); confirmed via DOI resolution (10.3390/s20143946 -> mdpi.com/1424-8220/20/14/3946) and independently via the Crossref works API (title/authors/container-title/volume/issue/article number/year/type all match, journal-article). Stage 10D: DOI record independently re-verified against the live Crossref API (title/year match) 2026-07-27.","full_text","CRITICAL SEED CORRECTION: LITERATURE_SEEDS.md's PMC7412317 URL was described as 'Effects of ionizing radiation on Hall sensors based on fully depleted silicon-on-insulator technology.' Independent verification (per LITERATURE_SEEDS.md's own instruction not to assume the URL alone is sufficient) found NO paper with that exact title exists -- a targeted Crossref bibliographic search returned no match. The paper actually at that PMC URL has this different title and is confirmed SIMULATION-ONLY (Synopsys Sentaurus), with no physical irradiation of a real device performed. Per project rule against describing simulation as experimental, this source is excluded from any direct-experimental gamma/TID claim and is retained only as enabling/simulation-mechanism evidence with the correction documented. Independently found and cross-confirmed by two separate research passes (SOI-enabling-physics domain and gamma/TID domain) with identical conclusions -- merged into one row. A companion paper by an overlapping author group (Fan, Bi, Xi, Majumdar & Li, 'Performance Optimization of FD-SOI Hall Sensors Via 3D TCAD Simulations,' Sensors 20(10):2751 (2020), DOI 10.3390/s20102751) was also checked and found to be simulation-only with no radiation content at all -- not included as a separate row."
"R045","Zhang, Huang, Bi, Tang & Zhang, Nucl. Instrum. Methods A 745 (2014) 128-132","Investigation of unique total ionizing dose effects in 0.2 micron partially-depleted silicon-on-insulator technology","YanWei Zhang; HuiXiang Huang; DaWei Bi; MingHua Tang; ZhengXuan Zhang","2014","Nuclear Instruments and Methods in Physics Research Section A, vol. 745, pp. 128-132","10.1016/j.nima.2014.01.052","https://doi.org/10.1016/j.nima.2014.01.052","journal_article","verified_peer_reviewed","B","quota_radiation;enabling_physics_si_soi","species: total ionizing dose irradiation (specific source, e.g. Co-60, not independently confirmed). fluence/dose/dose_rate/temperature: not independently confirmed. bias_state during exposure: multiple configurations tested; the 'ON' bias configuration identified as worst-case for both front-gate and back-gate transistor characteristics. annealing: not stated. device_material: 0.2 micron commercial partially-depleted silicon-on-insulator (PD-SOI) process, front-gate and back-gate transistors, short- vs long-channel comparison. quantity_changed: degradation attributed to radiation-induced POSITIVE charge trapped at the bottom corner of the shallow-trench-isolation (STI) oxide (an STI-oxide-corner mechanism, distinct from buried-oxide/BOX charge trapping); short-channel transistors show larger leakage-current/threshold-voltage degradation than long-channel devices, explained via a dipole-charge model for TID-enhanced short-channel effects. reversibility: not measured (no annealing study reported).","Crossref DOI-record confirmed title/5-author list/journal/volume/pages/year. Semantic Scholar and WebSearch corroborated the same mechanistic abstract content (ON-bias worst case, STI-oxide-corner positive charge, short-channel dipole explanation); an arXiv preprint of the same title (1307.0327) exists but was not used for verification. Stage 10D: DOI record independently re-verified against the live Crossref API (title/year match) 2026-07-27.","abstract_metadata","Dominant mechanism reported is STI-oxide-corner charge trapping, NOT buried-oxide(BOX)/silicon-interface trapping specifically -- flagged so this is not conflated with true BOX-interface trap-state evidence when used in the SOI radiation-compensation discussion. Same PD-SOI technology family as R044's FD-SOI Hall-sensor simulation (partially overlapping author group: Zhang/Bi appear on both)."
"R046","Liu, Chen, Yang, Jin & He, Nucl. Instrum. Methods A 831 (2016) 334-338","Synergistic effect of mixed neutron and gamma irradiation in bipolar operational amplifier OP07","Liu Yan; Chen Wei; Yang Shanchao; Jin Xiaoming; He Chaohui","2016","Nuclear Instruments and Methods in Physics Research Section A, vol. 831, pp. 334-338","10.1016/j.nima.2016.05.072","https://doi.org/10.1016/j.nima.2016.05.072","journal_article","verified_peer_reviewed","B","quota_radiation;measurement_chain_electronics","component: OP07 bipolar precision operational amplifier (a classic instrumentation/bias-chain building block). species: mixed reactor neutron + gamma, with separate neutron-only and gamma-only runs also performed for comparison. dose/fluence/dose_rate/temperature/bias_state: not independently confirmed (full text not accessed). quantity_changed: input offset voltage shift and input bias current increase, plus degraded frequency behavior, reported qualitatively. mechanism finding: combined neutron+gamma degradation is NOT a simple linear sum of individual TID and displacement-damage effects -- synergistic enhancement reported, input bipolar transistor stage identified as most radiation-sensitive. reversibility: not stated.","DOI/title/full author list/journal/volume/pages confirmed directly via Crossref API. Technical substance from secondary search-engine summaries; ScienceDirect blocked (403), not independently read. Stage 10D: DOI record independently re-verified against the live Crossref API (title/year match) 2026-07-27.","metadata_only","Directly relevant because OP07 is a precision instrumentation/bias-chain op-amp; different failure mechanism (active-device gain/offset degradation) from the mineral-insulated-cable thermoelectric evidence elsewhere in this ledger. Numeric dose/fluence values could not be independently verified beyond a search-engine paraphrase."
"R047","Petrov, Tapero & Ulimov, Microelectronics Reliability 54 (2014) 1745-1748","Influence of temperature and dose rate on the degradation of BiCMOS operational amplifiers during total ionizing dose testing","A.S. Petrov; K.I. Tapero; V.N. Ulimov","2014","Microelectronics Reliability, vol. 54, pp. 1745-1748","10.1016/j.microrel.2014.07.091","https://doi.org/10.1016/j.microrel.2014.07.091","journal_article","verified_peer_reviewed","B","quota_radiation;measurement_chain_electronics;temperature_radiation_interaction","component: BiCMOS rail-to-rail-I/O operational amplifier with bipolar input stage (a specific part number circulates in secondary summaries but is NOT independently confirmed from primary text -- flagged unverified). species: Co-60 gamma (TID) per secondary summary, unverified against primary text. dose_rate: secondary summary reports 0.01, 7.8, 11.2, and 15.7 rad(Si)/s tested -- unverified against primary text. temperature: secondary summary states room- plus elevated-temperature comparison -- unverified. quantity_changed: input bias current identified in general BiCMOS/ELDRS literature as the most dose-rate/temperature-sensitive parameter; this paper's own specific numeric result was not independently read. reversibility/annealing: not stated.","DOI/title/full author list/journal/volume/pages confirmed directly via Crossref API. ScienceDirect blocked (403); quantitative details are from an AI-generated web-search synthesis only and are explicitly flagged as unverified pending full-text access. Stage 10D: DOI record independently re-verified against the live Crossref API (title/year match) 2026-07-27.","metadata_only","Bibliographic identity solid and topic match (BiCMOS op-amp, dose-rate/temperature interaction -- an ELDRS-relevant analog front-end failure mode) is exact, but quantitative claims above are lower-confidence than usual and should be re-verified from the PDF before citing numbers."
"R048","Vermeeren & Weber, Fusion Engineering and Design 82 (2007) 1185-1191","Induced voltages and currents in copper and stainless steel core mineral insulated cables due to radiation and thermal gradients","L. Vermeeren; M. Weber","2007","Fusion Engineering and Design, vol. 82, pp. 1185-1191 (Proc. 24th Symp. on Fusion Technology)","10.1016/j.fusengdes.2007.05.024","https://doi.org/10.1016/j.fusengdes.2007.05.024","journal_article","verified_peer_reviewed","B","quota_radiation;measurement_chain_electronics;fusion_qualification;temperature_radiation_interaction","component/material: mineral-insulated (MgO) cable, copper-core and stainless-steel-core variants, for ITER magnetic-diagnostic coil leads. stressor: combined BR2 reactor neutron/gamma irradiation AND an imposed thermal gradient (scanning-oven-characterized double-wall guide tube) -- explicitly a joint radiation+temperature study, not radiation alone. species/spectrum: mixed reactor neutron-gamma (energy breakdown not stated). dose/fluence: not stated. quantity_changed: thermally induced EMF (TIEMF) voltages measured on unirradiated cable via scanning oven; core-to-sheath current asymmetry measured under combined irradiation+thermal-gradient. key finding: no correlation found between core-to-core voltage and core-to-sheath current asymmetry -- the two induced-signal pathways are reported as separable/non-confounded. reversibility: not stated.","DOI/title/authors/journal/volume/pages confirmed via Crossref API. Abstract content from secondary aggregator; ScienceDirect blocked (403), not read directly. Stage 10D: DOI record independently re-verified against the live Crossref API (title/year match) 2026-07-27.","abstract_metadata","Distinct from the 06-baseline mineral-insulated-cable thermoelectric-sensitivity paper (jnucmat 2004.04.252) -- isolates the radiation+thermal-gradient interaction and core-to-sheath current asymmetry rather than pure thermoelectric sensitivity, using a different measurement setup. Companion/earlier paper by the same group is R049."
"R049","Vermeeren, Fusion Engineering and Design 74 (2005) 885-889","Experimental study of radiation-induced currents in copper and stainless steel core mineral-insulated cables in the BR2 research reactor","L. Vermeeren","2005","Fusion Engineering and Design, vol. 74, pp. 885-889 (Proc. 23rd Symp. on Fusion Technology)","10.1016/j.fusengdes.2005.06.010","https://doi.org/10.1016/j.fusengdes.2005.06.010","journal_article","verified_peer_reviewed","B","quota_radiation;measurement_chain_electronics;fusion_qualification","component/material: six MgO mineral-insulated cables, copper-core and stainless-steel-core variants. species/spectrum: combined neutron-gamma field of the BR2 research reactor (energy breakdown not stated). dose/fluence/rate/temperature/bias: not stated. quantity_changed: induced current between inner conductor and sheath; copper-core cables showed markedly higher induced current than stainless-steel-core cables. mechanism: attributed specifically to beta decay of neutron-activation product 66Cu in the copper core -- a distinct, identified activation mechanism (not generic RIC/thermoelectric). measurement_reference: results compared against Monte-Carlo-code theoretical predictions. reversibility: not stated.","DOI/title/author/journal/volume/pages confirmed via Crossref bibliographic search (exact match). Abstract substance from secondary aggregator, not the primary ScienceDirect page (blocked, 403). Stage 10D: DOI record independently re-verified against the live Crossref API (title/year match) 2026-07-27.","abstract_metadata","Complements the excluded 06-baseline duplicate and R048 by isolating a specific, named activation mechanism (66Cu beta decay) as a driver of core-material-dependent induced current -- directly useful for choosing cable core material in a rad-tolerant readout chain."
"R050","Jeong, Ro, Lee, Kang & Lee, Electronics 7 (2018) 429","A Radiation-Hardened Instrumentation Amplifier for Sensor Readout Integrated Circuits in Nuclear Fusion Applications","Kyungsoo Jeong; Duckhoon Ro; Gwanho Lee; Myounggon Kang; Hyung-Min Lee","2018","Electronics, vol. 7, issue 12, article 429","10.3390/electronics7120429","https://doi.org/10.3390/electronics7120429","journal_article","verified_peer_reviewed","B","quota_radiation;measurement_chain_electronics;fusion_qualification","SIMULATION/DESIGN study, NOT an experimental irradiation measurement -- abstract states the design 'was verified through simulation using 65 nm CMOS technology.' component: proposed instrumentation-amplifier (IA) topology for a sensor-readout IC for nuclear-fusion-reactor diagnostics. method: SPICE circuit simulation using TID-degraded compact BSIM4 transistor models (parameters degraded by TID fed into the transistor model, not physical irradiation of a fabricated chip). target/claimed tolerance: stable simulated performance quoted up to 1 MGy TID. reported simulated performance: voltage gain adjustable 3-15, bandwidth up to 400 kHz, power consumption 34.6 uW. The IA includes TID-effect monitoring and adaptive-reference-control functions intended to compensate drift. Not applicable: species/dose_rate/temperature/bias_state during 'exposure' (no physical irradiation).","Full record including abstract text retrieved directly from Crossref (publisher-supplied abstract). Follow-up search corroborated the SPICE/BSIM4-with-TID-degraded-parameters verification method. Stage 10D: DOI record independently re-verified against the live Crossref API (title/year match) 2026-07-27.","abstract_metadata","SIMULATION_ONLY -- must not be cited as experimental validation. Relevant as an example of radiation-hardened analog front-end design practice specifically for fusion sensor-readout ICs, and as a design target (1 MGy) against which any hybrid Hall+coil readout electronics budget should be compared."
"R051","Chen, Chen, Kierstead, Takai, Rescia, Hu, Xu, Mead, Lanni & Minelli, J. Instrum. 10 (2015) P08009","Evaluation of commercial ADC radiation tolerance for accelerator experiments","K. Chen; H. Chen; J. Kierstead; H. Takai; S. Rescia; X. Hu; H. Xu; J. Mead; F. Lanni; M. Minelli","2015","Journal of Instrumentation, vol. 10, article P08009","10.1088/1748-0221/10/08/p08009","https://doi.org/10.1088/1748-0221/10/08/P08009","journal_article","verified_peer_reviewed","A","quota_radiation;measurement_chain_electronics","component: 17 commercial ADCs evaluated for TID tolerance, with extensive single-event-upset (SEU) testing performed specifically on 12-bit and 14-bit parts. species/source for SEE testing: not stated in the abstract text inspected. TID source/dose/dose_rate/temperature/bias: not stated in the abstract text inspected. quantity_changed: paper reports development of a test technique for ADC radiation-tolerance evaluation and SEE mitigation strategies; exact numeric TID thresholds or SEU cross-sections were not present in the abstract text retrieved. reversibility: not stated.","Abstract page fetched directly from the publisher (IOPscience); DOI/journal/volume/article number confirmed on the same page. Only abstract-level text inspected (confirmed: 'A total of seventeen commercial ADCs were evaluated for ionizing dose tolerance and extensive SEU measurements performed on a twelve and fourteen bit ADCs'); full text with numeric results not accessed. Stage 10D: DOI record independently re-verified against the live Crossref API (title/year match) 2026-07-27.","abstract_metadata","JINST is the standard peer-reviewed venue for HEP/accelerator instrumentation; a widely-applicable evaluation of COTS ADC radiation tolerance directly relevant to the digitizer stage of a hybrid Hall+coil readout chain. Full-text retrieval needed before citing specific TID/SEU numbers."
"R052","Boulghassoul et al., IEEE Trans. Nucl. Sci. 51 (2004) 3529-3536","Investigation of millisecond-long analog single-event transients in the LM6144 op amp","Y. Boulghassoul; S. Buchner; D. McMorrow; V. Pouget; L.W. Massengill; P. Fouillat; W.T. Holman; C. Poivey; J.W. Howard; M. Savage; M.C. Maher","2004","IEEE Transactions on Nuclear Science, vol. 51, pp. 3529-3536","10.1109/tns.2004.839196","https://doi.org/10.1109/TNS.2004.839196","journal_article","verified_peer_reviewed","A","quota_radiation;measurement_chain_electronics","component: LM6144 low-power CMOS operational amplifier (representative low-frequency precision analog front-end device). phenomenon: single-event transients (SET) with millisecond-scale pulse durations, described as unprecedented duration for a linear IC at time of publication (up to ~3 orders of magnitude longer than previously reported analog-IC SETs per secondary description). method: heavy-ion broadbeam testing, picosecond pulsed-laser mapping, circuit-level modeling. localization: root cause traced to the bias/startup circuitry block within the op amp being sensitive to a single ionizing-particle strike, which can corrupt overall circuit operation. species/LET/dose/temperature/bias: not independently confirmed from primary text. annealing/persistence: transient by definition (SET); exact recovery timescale distribution not confirmed beyond 'millisecond-long.'","DOI/title/full 11-author list/journal/volume/pages confirmed directly via Crossref API. Mechanism/finding description from a secondary web-search synthesis, not an independently read full-text PDF. Stage 10D: DOI record independently re-verified against the live Crossref API (title/year match) 2026-07-27.","metadata_only","Directly relevant to SEE risk in a precision DC/low-frequency analog front end -- a single particle strike in bias/startup circuitry can produce a millisecond-scale output corruption, a distinct failure mode from TID drift, to be treated separately in the measurement-chain risk model. A companion paper on the LM124 op amp by an overlapping group (DOI 10.1109/tns.2004.835111) was identified but not included separately to avoid redundancy."
"R053","Tyutnev, Saenko, Pozhidaev & Abrameshin, Results in Physics 28 (2021) 104672","Radiation-induced conductivity in polyethyleneterephthalate and polyimide: Trap distribution effects","Andrey Tyutnev; Vladimir Saenko; Evgenii Pozhidaev; Andrey Abrameshin","2021","Results in Physics, vol. 28, article 104672","10.1016/j.rinp.2021.104672","https://doi.org/10.1016/j.rinp.2021.104672","journal_article","verified_peer_reviewed","B","quota_radiation;measurement_chain_electronics","material: polyethyleneterephthalate (PET) and polyimide (Kapton-type -- a common cable/wire insulation and flex-circuit substrate). phenomenon: radiation-induced conductivity (RIC), a transient increase in dielectric leakage conductivity during/after ionizing irradiation. model: aggregate two-exponential trap-distribution model proposed to explain non-standard temporal RIC behavior (deep-trap contribution), extending the conventional single-exponential trap-distribution law. species/dose/dose_rate/temperature/bias: not independently confirmed (ScienceDirect blocked, 403; not read directly -- appears from context to be an electron-beam/lab-source study typical of this author group's prior work, but the specific species/dose for THIS paper was not confirmed). quantity_changed: electrical conductivity (magnitude not confirmed). reversibility: RIC is inherently a during-and-shortly-after-irradiation phenomenon by definition; explicit persistence data for this paper not confirmed.","DOI/title/authors/journal/volume/article number confirmed via Crossref API bibliographic search. Content from secondary synthesis of secondary listings (DOAJ record title/venue confirmed, but DOAJ abstract page also blocked, 403). Stage 10D: DOI record independently re-verified against the live Crossref API (title/year match) 2026-07-27.","metadata_only","Genuinely different mechanism from the mineral-insulated-cable thermoelectric-sensitivity evidence elsewhere in this ledger: addresses polymer (organic-insulation) RIC leakage-current physics rather than metal/MgO-cable thermoelectric EMF -- relevant to any polymer-insulated wiring or flex-circuit substrate in the readout chain (as opposed to the mineral-insulated coil leads covered by R048/R049/R056-R060)."
"R054","Gonzalez-Teodoro, Martin, Edlington, Martin, Millot, Baross, Palankai, Szalardy, Korossy-khayll & Nagy, Fusion Engineering and Design 127 (2018) 99-105","In vessel electrical integration in ITER -- Requirements & solutions","Jorge R. Gonzalez-Teodoro; Patrick Martin; Trevor Edlington; Alex Martin; Charles Millot; Teteny Baross; Miklos Palankai; Sandor Szalardy; Andras Korossy-khayll; Daniel Nagy","2018","Fusion Engineering and Design, vol. 127, pp. 99-105","10.1016/j.fusengdes.2017.12.001","https://doi.org/10.1016/j.fusengdes.2017.12.001","journal_article","verified_peer_reviewed","A","quota_radiation;measurement_chain_electronics;fusion_qualification","scope: engineering requirements and solutions for ITER's in-vessel electrical infrastructure -- in-vessel cabling (IVC), in-vessel supports (IVS), in-divertor electrical services (IDES), in-vessel electrical feedthroughs (IV-EFT), i.e. cabling/connector/feedthrough hardware for the diagnostic/instrumentation chain rather than the sensor die itself. environment: combined radiation, high-temperature, vacuum, and electromagnetic (disruption/EM) stress of the ITER vacuum vessel. specific numeric dose/fluence/temperature limits/pass-fail criteria: not independently confirmed (topical/programmatic description only, full text not accessed). component detail: cables predominantly mineral-insulated (MI), multiple configurations (twisted pair, quad core, triaxial, coaxial), routed from sensor through the in-vessel loom to vacuum feedthroughs.","DOI/title/full 10-author list/journal/volume/pages confirmed directly via Crossref API. Programmatic/architectural description from search-engine synthesis; ScienceDirect abstract not independently read. Stage 10D: DOI record independently re-verified against the live Crossref API (title/year match) 2026-07-27.","metadata_only","Clearest available peer-reviewed engineering reference specifically on ITER in-vessel connector/feedthrough/cabling integration (distinct from bare cable material physics) -- fills the connectors-and-packaging part of the measurement-chain scope that pure cable-physics papers do not cover. Quantitative qualification numbers should be pulled from the full text before use."
"R055","Aksteiner & Budroweit, Proc. 2021 RADECS, pp. 1-4","Total Ionizing Dose Effects on Current Sense Amplifiers","N. Aksteiner; J. Budroweit","2021","2021 21st European Conference on Radiation and Its Effects on Components and Systems (RADECS), pp. 1-4","10.1109/radecs53308.2021.9954538","https://doi.org/10.1109/RADECS53308.2021.9954538","conference_paper","verified_peer_reviewed","C","quota_radiation;measurement_chain_electronics","component: current sense amplifier(s), a direct analog of a Hall-bias/excitation current-sensing front-end element. phenomenon: total ionizing dose (TID) effects on device performance. specific device model/species/dose/dose_rate/temperature/bias/exact quantities changed (offset, gain error): not independently confirmed -- only the Crossref bibliographic record was retrieved; abstract text was not accessed.","DOI/title/both authors (DLR Institute for Space Systems, Bremen)/conference venue/page range confirmed directly via Crossref API. Abstract/full text not retrieved; no secondary summary found either, so no technical claims beyond bibliographic identity are asserted. Stage 10D: DOI record independently re-verified against the live Crossref API (title/year match) 2026-07-27.","metadata_only","RADECS is an established peer-reviewed radiation-effects conference (IEEE-published proceedings), used alongside NSREC/REDW as a primary venue for component-level TID/SEE data -- included at tier C because content beyond the title could not be verified. Current sense amplifiers are a direct analog of a Hall-sensor bias/excitation-current front end. A related 2024 REDW paper by an overlapping group (DOI 10.1109/redw61286.2024.10759185) was identified via Crossref but not included separately to avoid near-duplicate citation without independent content verification."
"R056","Van Nieuwenhove & Vermeeren, Fusion Engineering and Design 66-68 (2003) 821-825","Study of the radiation induced electromotive force effect on mineral insulated cables for magnetic diagnostics in ITER","R. Van Nieuwenhove; L. Vermeeren","2003","Fusion Engineering and Design, vol. 66-68, pp. 821-825","10.1016/s0920-3796(03)00328-4","https://doi.org/10.1016/s0920-3796(03)00328-4","journal_article","verified_peer_reviewed","A","quota_hybrid_coil;quota_radiation;measurement_chain_coil;fusion_qualification","material: MgO mineral-insulated (MI) cable for ITER magnetic-diagnostic coils, copper vs stainless-steel core variants reportedly compared (per aggregated secondary summary, not independently confirmed against this exact DOI's text). species: combined neutron-gamma reactor field (spectrum not confirmed for this DOI). dose/fluence/rate/temperature/bias/annealing: not independently confirmed. quantity_changed: radiation-induced electromotive force (RIEMF)/non-inductive voltage in MI cable signal loops. direction/magnitude: ITER requirement is to keep such non-inductive voltage well below 1 microvolt to support 3000 s long-pulse operation (per aggregated secondary summary). reversibility: not stated.","DOI/title/authors/journal/volume/pages/year confirmed via Crossref bibliographic query (exact match). ScienceDirect and ResearchGate blocked (403); content from an aggregated multi-result WebSearch summary covering this paper and closely related companion papers, not disambiguated field-by-field to this specific DOI's abstract. Stage 10D: DOI record independently re-verified against the live Crossref API (title/year match) 2026-07-27.","metadata_only","Foundational, most-cited paper establishing RIEMF as a real quantitative constraint on ITER Mirnov/flux-loop-type MI-cable coils. Companion/cluster papers R057-R060 address the same phenomenon with different material/reactor combinations -- full-text retrieval needed before citing exact dose/fluence numbers."
"R057","Vila & Hodgson, Journal of Nuclear Materials 329-333 (2004) 1524-1528","RIEMF in MgO and Al2O3 insulated MI cable ITER magnetic diagnostic coils","R. Vila; E. R. Hodgson","2004","Journal of Nuclear Materials, vol. 329-333, pp. 1524-1528","10.1016/j.jnucmat.2004.04.253","https://doi.org/10.1016/j.jnucmat.2004.04.253","journal_article","verified_peer_reviewed","B","quota_hybrid_coil;quota_radiation;measurement_chain_coil;fusion_qualification","material: mineral-insulated (MI) cable for ITER magnetic-diagnostic coils, comparing MgO vs Al2O3 (alumina) insulation. species/dose/fluence/rate/temperature/bias/annealing: not independently confirmed (title/topic indicates reactor irradiation consistent with the RIEMF program). quantity_changed: radiation-induced electromotive force (RIEMF), compared across the two insulator chemistries; direction/magnitude not confirmed (abstract not retrieved). reversibility: not stated.","DOI/title/authors/journal/volume/pages/year confirmed via Crossref bibliographic query and direct DOI lookup (consistent). ScienceDirect page and Semantic Scholar both returned no retrievable abstract (Semantic Scholar explicitly reported 'abstract elided by publisher'). Stage 10D: DOI record independently re-verified against the live Crossref API (title/year match) 2026-07-27.","metadata_only","Distinct DOI from the excluded 06-baseline duplicate (10.1016/j.jnucmat.2004.04.252, Nishitani et al., same J. Nucl. Mater. issue) -- verified these are two separate papers in the same conference-proceedings volume, not the same article. Companion/cluster paper to R056."
"R058","Shikama, Narui & Sagawa, Nucl. Instrum. Methods B 122 (1997) 650-656","Radiation induced electromotive force in mineral insulated cable under reactor irradiation","Tatsuo Shikama; Minoru Narui; Tsutomu Sagawa","1997","Nuclear Instruments and Methods in Physics Research Section B, vol. 122, pp. 650-656","10.1016/s0168-583x(96)00786-0","https://doi.org/10.1016/s0168-583x(96)00786-0","journal_article","verified_peer_reviewed","B","quota_hybrid_coil;quota_radiation;measurement_chain_coil;fusion_qualification","material: mineral-insulated (MI) cable (composition not confirmed, likely MgO given the same research lineage as the ITER RIEMF program). species: 'reactor irradiation' (mixed neutron-gamma test-reactor field, exact spectrum not confirmed). dose/fluence/rate/temperature/bias/annealing: not independently confirmed. quantity_changed: radiation-induced electromotive force (RIEMF) in the cable signal loop; direction/magnitude not confirmed (abstract not retrieved). reversibility: not stated.","DOI/title/authors/journal/volume/pages/year confirmed via two independent Crossref bibliographic queries (consistent) and Semantic Scholar metadata lookup (title/authors/year match; abstract explicitly 'elided by the publisher'). Elsevier page blocked (403). Stage 10D: DOI record independently re-verified against the live Crossref API (title/year match) 2026-07-27.","metadata_only","Earlier (1997) Tohoku-University-group precursor to the ITER-specific RIEMF papers (R056/R057/R059/R060); establishes RIEMF as a general MI-cable phenomenon under reactor irradiation before the ITER-targeted studies. Prior art, not a duplicate (different authors, DOI, date)."
"R059","Vermeeren & Van Nieuwenhove, Review of Scientific Instruments 74 (2003) 4667-4674","Theoretical study of radiation induced electromotive force effects on mineral insulated cables","L. Vermeeren; R. Van Nieuwenhove","2003","Review of Scientific Instruments, vol. 74, issue 11, pp. 4667-4674","10.1063/1.1622976","https://doi.org/10.1063/1.1622976","journal_article","verified_peer_reviewed","A","quota_hybrid_coil;quota_radiation;measurement_chain_coil;fusion_qualification","SIMULATION/THEORETICAL paper (companion to the experimental R060), per its own title. material: mineral-insulated (MI) cable as used in ITER magnetic-diagnostic coils. Exposure conditions modeled/parametric rather than a single fixed experimental condition -- not independently confirmed in detail. quantity addressed: analytical/numerical model of the RIEMF generation mechanism in MI cable. reversibility: not applicable (theoretical paper).","DOI/title/authors/journal/volume/issue/pages/year confirmed via Crossref bibliographic query. doi.org redirect confirmed target publisher page exists, but page itself returned HTTP 403; Semantic Scholar confirmed title/authors/year, abstract publisher-restricted. Stage 10D: DOI record independently re-verified against the live Crossref API (title/year match) 2026-07-27.","metadata_only","SIMULATION_ONLY per its own title -- must not be described as an experimental/measured result. Direct companion to R060 (same issue, same DOI prefix, next page range)."
"R060","Van Nieuwenhove & Vermeeren, Review of Scientific Instruments 74 (2003) 4675-4682","Experimental study of radiation induced electromotive force effects on mineral insulated cables","R. Van Nieuwenhove; L. Vermeeren","2003","Review of Scientific Instruments, vol. 74, issue 11, pp. 4675-4682","10.1063/1.1622977","https://doi.org/10.1063/1.1622977","journal_article","verified_peer_reviewed","A","quota_hybrid_coil;quota_radiation;measurement_chain_coil;fusion_qualification","EXPERIMENTAL companion to R059 (confirmed). material: mineral-insulated (MI) cable, ITER-relevant magnetic-diagnostic-coil configuration. species/dose/fluence/rate/temperature/bias/annealing: none independently confirmed -- full text/abstract not retrievable (AIP page 403, Semantic Scholar abstract elided). quantity_changed: measured RIEMF validating the companion theoretical model (R059); direction/magnitude not confirmed. reversibility: not stated.","DOI/title/authors/journal/volume/issue/pages/year confirmed via Crossref bibliographic query; doi.org redirect confirmed to the correct AIP page (URL slug corroborates title match), but page content returned HTTP 403; Semantic Scholar confirmed title/authors/year, abstract publisher-restricted. Stage 10D: DOI record independently re-verified against the live Crossref API (title/year match) 2026-07-27.","metadata_only","Genuine hardware-based EXPERIMENTAL result (not simulation) -- title and URL slug independently corroborate this -- but quantitative dose/temperature/EMF-magnitude details could not be extracted from any accessible source and must be treated as unconfirmed until full text is obtained."
"R061","Megusar, Journal of Nuclear Materials 245 (1997) 185-190","Low temperature fast-neutron and gamma irradiation of Kapton polyimide films","Janez Megusar","1997","Journal of Nuclear Materials, vol. 245, pp. 185-190","10.1016/s0022-3115(97)00012-3","https://doi.org/10.1016/s0022-3115(97)00012-3","journal_article","verified_peer_reviewed","B","quota_hybrid_coil;quota_radiation;measurement_chain_coil;temperature_radiation_interaction","material: Kapton (polyimide) film -- organic insulation, the class used for coil winding/cable insulation in lower-radiation-tolerance applications. species: fast neutrons and gamma rays (combined/separate irradiation per title, split not confirmed). fluence/dose_rate: not independently confirmed. temperature_during: explicitly 'low temperature' per title (likely cryogenic, consistent with superconducting-magnet-insulation testing context; exact value not confirmed). bias_state: not applicable (passive material sample). quantity_changed: mechanical/structural degradation of the polyimide film (specific property not confirmed). reversibility: not stated.","DOI/title/author/journal/volume/pages/year confirmed via Crossref bibliographic query. Publisher abstract not independently retrieved this session (consistent Elsevier 403 pattern established elsewhere). Stage 10D: DOI record independently re-verified against the live Crossref API (title/year match) 2026-07-27.","metadata_only","Directly on point for the organic-vs-mineral/ceramic insulation radiation-resistance comparison required by this stage's scope. Companion paper (same author, same low-temperature irradiation program, different material) is R062."
"R062","Megusar, Cryogenics 38 (1998) 91-97","Low-temperature fast-neutron and gamma irradiation of alumina","J. Megusar","1998","Cryogenics, vol. 38, pp. 91-97","10.1016/s0011-2275(97)00116-1","https://doi.org/10.1016/s0011-2275(97)00116-1","journal_article","verified_peer_reviewed","B","quota_hybrid_coil;quota_radiation;measurement_chain_coil;temperature_radiation_interaction","material: alumina (Al2O3) -- the ceramic/mineral-class insulator identified elsewhere in this ledger as a preferred near-first-wall electrical insulator for ITER-class radiation levels. species: fast neutrons and gamma rays. fluence/dose_rate: not independently confirmed. temperature: 'low temperature' per title (cryogenic, exact value not confirmed). bias_state: not applicable. quantity_changed: mechanical/structural property of alumina (specific parameter not confirmed, abstract not retrieved). reversibility: not stated.","DOI/title/author/journal/volume/pages/year confirmed via Crossref bibliographic query. Abstract/full text not independently retrieved. Stage 10D: DOI record independently re-verified against the live Crossref API (title/year match) 2026-07-27.","metadata_only","Direct ceramic-insulator counterpart to R061 (Kapton, organic insulator), same author and irradiation program -- together the pair supports the organic-vs-ceramic insulation comparison required by this stage. Cryogenic-temperature condition is a caveat: results may not directly transfer to room/elevated-temperature coil operation without explicit extrapolation."
"R063","Gusarov, Beaumont & JET Contributors, Sensors 25 (2025) 6552","Assessment of Neutron Radiation Effects on the Fiber Optics Current Sensor Performance During JET DTE2 Experimental Campaign","Andrei Gusarov; Perry Beaumont; JET Contributors","2025","Sensors, vol. 25, issue 21, article 6552","10.3390/s25216552","https://doi.org/10.3390/s25216552","journal_article","verified_peer_reviewed","A","quota_hybrid_coil;quota_radiation;measurement_chain_coil;fusion_qualification","species: primary 14 MeV D-T fusion neutrons plus secondary gamma radiation from activated JET components/prompt reactions during JET DTE2 -- real in-machine mixed field, not a surrogate source. fluence: total D-T neutron fluence during DTE2 ~8.5e20 n; peak neutron flux at the FOCS location ~1.5e12 n/cm^2/s; dose rate to silicon ~4.13e-19 Gy per source neutron; displacement damage ~2e-27 DPA per source particle in SiO2. temperature: not explicitly stated. bias_state: not applicable -- passive Faraday-effect optical sensor, not a biased semiconductor. device: Fibre Optics Current Sensor (FOCS), the ITER-baseline plasma-current diagnostic intended to substitute/complement Rogowski-type magnetic current measurement under D-T conditions. quantity_changed: Verdet constant +/-4% shot-to-shot variation, a possible slow ~0.7% increase across the 2021 campaign fit but with low statistical confidence (R^2); degree of polarization showed a small but detectable decrease correlated with plasma-operation periods; signal amplitude varied ~3x long-term, attributed to laser-source fluctuation, not radiation. measurement_reference: continuous comparison against the Continuous External Rogowski (CER) coil signal, corrected for toroidal-field-coil cross-sensitivity. calibration: continuous in-situ comparative validation against the CER reference throughout exposure, no separate discrete pre-/post step described. reversibility: not directly addressed; authors conclude FOCS 'will effectively perform current measurements during ITER nuclear operation' -- no disqualifying degradation found.","Read full open-access article via PubMed Central (PMC12609596), including abstract and quoted results figures; metadata cross-checked against the MDPI article page. Stage 10D: DOI record independently re-verified against the live Crossref API (title/year match) 2026-07-27.","full_text","Not a Hall-effect magnetic sensor, but a fiber-optic Faraday-effect current sensor that is functionally the ITER-baseline alternative to a magnetic (Rogowski) plasma-current diagnostic and is explicitly calibrated/cross-checked against a Rogowski-type magnetic reference channel -- included as real, recent (2025), in-machine D-T radiation-field evidence for how a magnetic-diagnostic-adjacent measurement chain is validated under actual fusion neutron/gamma exposure. Companion pre-DTE2 paper is R077. Independently found by two research passes (coil/integrator domain and fusion-qualification domain) -- merged into one row."
"R064","Gusarov, Terentyev & Wuilpart, Photonics 13 (2026) 277","Gamma Irradiation Effect on the Verdet Constant of Standard Single-Mode Ge-Doped Optical Fibre","Andrei Gusarov; Dmitry Terentyev; Marc Wuilpart","2026","Photonics, vol. 13, issue 3, article 277","10.3390/photonics13030277","https://doi.org/10.3390/photonics13030277","journal_article","verified_peer_reviewed","B","quota_hybrid_coil;quota_radiation;measurement_chain_coil;fusion_qualification","material/component: standard single-mode Ge-doped optical fiber (per WebSearch-aggregated summary, Corning SMF-28e), the fiber type used in Faraday-effect current/field sensors (FOCS). species: gamma irradiation (isotope/spectrum not confirmed beyond 'gamma'). dose/fluence/rate/temperature/bias: not independently confirmed. quantity_changed: Verdet constant -- the magneto-optic coefficient that directly sets Faraday-sensor gain/sensitivity, the fiber-optic analog of coil effective-area/gain stability; direction/magnitude not independently confirmed (only a partial WebSearch-aggregated summary obtained). reversibility: not stated.","DOI/title/authors/journal/volume/article number/year confirmed via Crossref bibliographic query (direct match, single result). Full abstract not independently retrieved; content limited to a WebSearch-aggregated summary explicitly attributed to this title. Stage 10D: DOI record independently re-verified against the live Crossref API (title/year match) 2026-07-27.","metadata_only","Directly relevant because Verdet-constant drift under radiation is the fiber-optic-sensor equivalent of effective-area/gain stability under radiation required by this stage's scope. Very recent (2026 cover date), same lead author (Gusarov) as R063 -- an active, coherent research program on this exact question."
"R065","Maslov, Kos, Ghani, Milocco, Huang, Gray & Ipatova, Fusion Engineering and Design 215 (2025) 115011","Radiation effects in optical fibres measured during JET DT plasma experiments","M. Maslov; D. Kos; Z. Ghani; A. Milocco; Z. Huang; B. Gray; I. Ipatova","2025","Fusion Engineering and Design, vol. 215, article 115011","10.1016/j.fusengdes.2025.115011","https://doi.org/10.1016/j.fusengdes.2025.115011","journal_article","verified_peer_reviewed","B","quota_hybrid_coil;quota_radiation;measurement_chain_coil;fusion_qualification","material/component: 60 m pure fused-silica optical fiber (general radiation-hardness test sample, not a specific current sensor); high-OH radiation-resistant fiber used for a remote-readout link. species: 14 MeV D-T fusion neutrons plus gamma, from real JET D-T plasma pulses (2021 and 2023 DTE campaigns) -- a real fusion-neutron spectrum, not a fission-reactor proxy. fluence: accumulated in situ during the campaigns, exact numeric value not independently confirmed. dose_rate: pulsed, tied to individual JET plasma pulses (real-time monitoring during and between pulses per abstract). temperature: not stated. bias_state: fiber passively monitored optically in real time, not carrying a magnetic-field signal itself. annealing: real-time change tracked during and between plasma pulses, implying some inter-pulse partial-recovery behavior was observable, but not explicitly quantified. quantity_changed: optical properties of the fiber (radiation-induced attenuation, by implication of the setup); exact metric/magnitude not independently confirmed. reversibility: partially addressed by the real-time between-pulse monitoring design, not quantified.","DOI/title/authors/journal/volume/article number/year confirmed via Crossref bibliographic query. Abstract content from a WebSearch-aggregated summary explicitly attributed to this title/DOI; ScienceDirect blocked (403), not independently read in full. Stage 10D: DOI record independently re-verified against the live Crossref API (title/year match) 2026-07-27.","metadata_only","Real, in-situ, real-D-T-neutron EXPERIMENTAL measurement (not simulation) of optical-fiber radiation response under actual fusion-relevant conditions -- directly relevant to the reliability of any fiber-optic (Faraday) coil-adjacent sensor or fiber-based readout link."
"R066","Baruzzo, Artaserse, Henriques, Gerasimov, Lam, Lomas, Otin, Rimini, Tsalas & Van Boxel, Fusion Engineering and Design 150 (2020) 110863","Fault analysis and improved design of JET in-vessel Mirnov coils","M. Baruzzo; G. Artaserse; R. B. Henriques; S. Gerasimov; N. Lam; P. J. Lomas; R. Otin; F. Rimini; M. Tsalas; S. Van Boxel","2020","Fusion Engineering and Design, vol. 150, article 110863","10.1016/j.fusengdes.2019.02.123","https://doi.org/10.1016/j.fusengdes.2019.02.123","journal_article","verified_peer_reviewed","A","quota_hybrid_coil;quota_radiation;measurement_chain_coil;fusion_qualification","component: JET in-vessel Mirnov (B-dot) coils; original design used high-bandwidth titanium (Ti) wire windings, replaced with copper-alloy (Cu alloy) wire, remote-handling-replaceable, installed 2016-17. environment: high-radiation, high-electromagnetic-force in-vessel environment of JET with the ITER-like wall (mixed neutron/gamma plus large disruption-induced electromagnetic loads -- the two stressors are NOT disaggregated in the available summary). dose/fluence/temperature: not independently confirmed. bias_state: coils in normal diagnostic operation (energized/read out) during the fault period. quantity_changed: coil winding integrity -- 'severe faults' in the original Ti-wire high-bandwidth coils reported, attributed by the paper's scope to combined radiation environment and large electromagnetic-force (pulsed operation/disruption) stress, motivating a change in conductor material and mechanical design. reversibility: NOT reversible -- coils required physical replacement via remote handling.","DOI/title/authors/journal/volume/article number/year confirmed via Crossref bibliographic query. Content (failure narrative, Ti-to-Cu-alloy redesign, remote-handling replacement) from a WebSearch-aggregated summary explicitly attributed to this paper's abstract; ScienceDirect not fetched. Stage 10D: DOI record independently re-verified against the live Crossref API (title/year match) 2026-07-27.","abstract_metadata","Genuine documented in-vessel Mirnov-coil FAILURE case at an operating tokamak -- directly relevant to coil qualification and to the failure-mode/limitations section of the broader mission. Caution: the paper attributes the fault to combined radiation environment AND electromagnetic/disruption forces; do not attribute the failure to radiation alone without the full text disaggregating the two stressors. DUPLICATE of folder 06 ledger row S0082 (same DOI) -- do not count as new-vs-06 at final-ledger-merge stage."
"R067","Hotting, Kroninger, Mentzel, Weingarten, Markgraf, Pitann & Sporl, 2020 WiSEE, pp. 24-28","Study of radiation-induced frequency shifts in quarz crystal oscillators","Marius Hotting; Kevin Kroninger; Florian Mentzel; Jens Weingarten; Markus Markgraf; Jan Pitann; Andreas Sporl","2020","2020 IEEE International Conference on Wireless for Space and Extreme Environments (WiSEE), pp. 24-28","10.1109/wisee44079.2020.9262639","https://doi.org/10.1109/wisee44079.2020.9262639","conference_paper","verified_peer_reviewed","B","quota_hybrid_coil;quota_radiation;measurement_chain_integrator","component: quartz crystal oscillators -- the timing/reference-clock element relevant to digital-integrator sample-clock accuracy. species/dose/fluence/rate/temperature: not independently confirmed for this specific paper (general topic per title is radiation-induced frequency shift). bias_state: oscillators presumably powered/operating to measure frequency shift, inferred from measurement type, not confirmed from text. quantity_changed: oscillator output frequency; direction/magnitude not independently confirmed (only the title-level topic confirmed). reversibility: not stated.","DOI/title/full author list/conference name/location/dates/pages/year confirmed directly via Crossref DOI record lookup (type: proceedings-article), confirming a genuine peer-reviewed IEEE conference paper. Abstract/full text not independently retrieved. Stage 10D: DOI record independently re-verified against the live Crossref API (title/year match) 2026-07-27.","metadata_only","Space/general-electronics context, not fusion-specific -- included as the most directly on-topic verified peer-reviewed source found for timing/reference oscillator radiation effects relevant to integration accuracy, a domain element explicitly listed in this stage's scope."
"R068","Akiyama, Akazawa, Kunitoku, Manabe, Sato, Iwamoto, Imagawa & Nishijima, Radiation Physics and Chemistry 199 (2022) 110372","Study on irradiation effect of insulating materials for fusion superconducting magnets -interlaminar shear strength at liquid helium temperature-","Yoko Akiyama; Nobuto Akazawa; Yuta Kunitoku; Yuichiro Manabe; Fuminobu Sato; Akifumi Iwamoto; Shinsaku Imagawa; Shigehiro Nishijima","2022","Radiation Physics and Chemistry, vol. 199, article 110372","10.1016/j.radphyschem.2022.110372","https://doi.org/10.1016/j.radphyschem.2022.110372","journal_article","verified_peer_reviewed","B","quota_hybrid_coil;quota_radiation;measurement_chain_coil;fusion_qualification;temperature_radiation_interaction","material: fiber-reinforced-plastic (FRP)-class insulating materials used in fusion superconducting-magnet coil winding (specific resin/reinforcement not confirmed). species/dose/fluence/rate: not independently confirmed. temperature_during_test: liquid helium temperature (cryogenic, ~4 K), explicit per title. bias_state: not applicable (mechanical test coupon). quantity_changed: interlaminar shear strength (mechanical/structural property of the coil-winding insulation); direction/magnitude not confirmed. reversibility: not applicable/not stated (mechanical degradation generally treated as persistent, not confirmed for this specific paper).","DOI/title/full 8-author list/journal/volume/article number/year confirmed via Crossref bibliographic query; an SSRN preprint of the same title/authors (10.2139/ssrn.4066439) was also found and explicitly excluded from citation -- only the peer-reviewed journal version is used. Stage 10D: DOI record independently re-verified against the live Crossref API (title/year match) 2026-07-27.","metadata_only","Addresses coil-winding insulation under a combined radiation-plus-cryogenic-temperature condition (fusion superconducting magnets), adjacent to but distinct from a Mirnov/flux-loop signal coil -- relevant primarily to the temperature-radiation interaction and insulation-embrittlement elements of this stage's scope, not to signal-coil effective-area stability directly."
"R069","Moreau, Spuig, Le-luyer, Malard, Cantone, Pastor, Saint-Laurent, Vayakis, Delhom, Arshad, Lister, Toussaint, Marmillod, Testa, Schlatter & Peruzzo, Fusion Engineering and Design 96-97 (2015) 878-881","Development of the ITER Continuous External Rogowski: From conceptual design to final design","Philippe Moreau; Pascal Spuig; Alain Le-luyer; Philippe Malard; Bruno Cantone; Patrick Pastor; Francois Saint-Laurent; George Vayakis; Dominique Delhom; Shakeib Arshad; Jonathan Lister; Matthieu Toussaint; Philippe Marmillod; Duccio Testa; Christian Schlatter; Simone Peruzzo","2015","Fusion Engineering and Design, vol. 96-97, pp. 878-881","10.1016/j.fusengdes.2015.04.047","https://doi.org/10.1016/j.fusengdes.2015.04.047","journal_article","verified_peer_reviewed","A","quota_hybrid_coil;quota_radiation;quota_calibration_observability;measurement_chain_coil;fusion_qualification","component: ITER Continuous External Rogowski (CER) -- the primary plasma-current diagnostic coil built into the ITER toroidal-field (TF) coils. location/environment: mounted inside the TF coils, where neutron flux/nuclear radiation is stated (per WebSearch-aggregated summary) to be reduced to levels 'acceptable for most materials' -- i.e., explicitly sited to avoid the harshest in-vessel radiation zone rather than to withstand it. species/dose/fluence/rate/temperature: not independently confirmed numerically. quantity addressed: effective-area/orientation calibration -- a specially designed calibration rig records each sensor's effective axis to ~0.1 mrad; 'calibration of the effective area with frequency' stated to be in preparation at time of writing. bias_state: not applicable (passive winding, calibrated with a driven reference). reversibility: not applicable (design/qualification paper, not a degradation study).","DOI/full 16-author list/journal/volume/pages/year confirmed via Crossref bibliographic query (exact single-result match). ScienceDirect not independently read in full; content from a WebSearch-aggregated summary attributed to this paper and the CER program generally. Stage 10D: DOI record independently re-verified against the live Crossref API (title/year match) 2026-07-27.","metadata_only","A coil EFFECTIVE-AREA/geometric-calibration reference for the primary ITER plasma-current diagnostic, directly relevant to the effective-area/turns-ratio-stability element of this stage's scope, though the paper is a design/development paper documenting the calibration method rather than reporting a radiation-induced effective-area drift value. Companion qualification/integration follow-up is R070. DUPLICATE of folder 06 ledger row S0151 (same DOI) -- do not count as new-vs-06 at final-ledger-merge stage."
"R070","Ma et al., Fusion Engineering and Design 196 (2023) 113984","Procedure qualification and integration of the continuous external Rogowski diagnostics to the superconducting magnets of ITER tokamak","Y. Ma; M. Nakamoto; T. Sakurai; Y. Kiyoshi; M. Iguchi; Y. Hong; B. Bellesia; P. Aprili; C. Luongo; S. Koczorowski; K. Gomikawa; V. Tronza; H. Nishino; B. Peluso; G. Gros; F. Pelcot; A. Hattat; S. Huguenot; F. Bony; J. Lama; E. Fujiwara; Y. Okada; M. Yamane; A. Baratta; D. Battaglia; H. Marteil; G. Counsell; G. Vayakis; M. Walsh","2023","Fusion Engineering and Design, vol. 196, article 113984","10.1016/j.fusengdes.2023.113984","https://doi.org/10.1016/j.fusengdes.2023.113984","journal_article","verified_peer_reviewed","B","quota_hybrid_coil;quota_radiation;measurement_chain_coil;fusion_qualification","component: ITER Continuous External Rogowski (CER) diagnostics, physically integrated (resin-encapsulated) onto the ITER superconducting TF coils. process: qualification of the manufacturing/installation procedure and dimensional/electrical-performance verification. species/dose/fluence/temperature: not stated/not applicable (installation/procedure-qualification paper, not an irradiation study). bias_state: not applicable. quantity addressed: dimensional accuracy and electrical performance of the installed CER winding meeting design targets (per aggregated summary). reversibility: not applicable.","DOI/full 29-author list/journal/volume/article number/year confirmed via Crossref bibliographic query (exact single-result match). ScienceDirect not independently read in full; content from a WebSearch-aggregated summary attributed to the CER installation/integration program. Stage 10D: DOI record independently re-verified against the live Crossref API (title/year match) 2026-07-27.","metadata_only","Real-hardware INTEGRATION/qualification milestone (installed and resin-encapsulated onto actual ITER TF coils) rather than a radiation-exposure test -- relevant to fusion-diagnostic-specific coil qualification practice, but does not itself report a radiation-induced degradation measurement. Pair with R069 for the full CER design-to-installation lineage."
"R071","Sentkerestiova, Ceran, Kovarik, Viererbl & Kohout, Fusion Engineering and Design 88 (2013) 1310-1314","Performance of metal Hall sensors based on copper","Jana Sentkerestiova; Ivan Ceran; Karel Kovarik; Ladislav Viererbl; Michal Kohout","2013","Fusion Engineering and Design, vol. 88, issue 6-8, pp. 1310-1314","10.1016/j.fusengdes.2013.02.055","https://doi.org/10.1016/j.fusengdes.2013.02.055","journal_article","verified_peer_reviewed","B","quota_radiation;direct_hall_neutron;fusion_qualification;temperature_radiation_interaction","species: neutrons, fission-reactor spectrum, LVR-15 light-water tank reactor, irradiation channel near reactor core. fluence: up to ~1e18 n/cm^2 in a run of several hours, post-irradiation characterization reported to a cumulative 2e18 n/cm^2. fluence_rate/bias_state/annealing: not stated. temperature: sensitivity reported constant over 100-250C (ITER-relevant range) -- not confirmed whether this is irradiation temperature or only post-irradiation test temperature. device_material: thin (<1 micron) copper active-layer Hall element on Al2O3 direct-bond-copper (DBC) ceramic substrate, etched 0.127 mm Cu contacts, ceramic-adhesive encapsulation, fabricated by vapor deposition or magnetron sputtering. quantity_changed: Hall sensitivity -- no measurable effect of neutron irradiation on sensitivity reported up to the fluences tested (stable/persistent null result). measurement_reference/uncertainty: not stated. calibration: post-irradiation characterization vs an un-irradiated baseline; in-situ/in-irradiation monitoring not stated.","Crossref metadata confirmed (title, 5 authors, journal, vol 88 issue 6-8, pp 1310-1314, year 2013). Technical content from indexed abstract/summary text (ScienceDirect, ResearchGate); full text not accessed (ScienceDirect 403). Stage 10D: DOI record independently re-verified against the live Crossref API (title/year match) 2026-07-27.","abstract_metadata","Same research group (IPP Prague/Nuclear Physics Institute Rez) as R001 (Duran RSI 2010) and the 06-baseline Quercia 2022 duplicate. A companion piece, 'Stability of the Hall sensors performance under neutron irradiation' (IAEA INIS record / HAL hal-00001781), reports dual-spectrum LVR-15/IBR-2 results but could not be confirmed as peer-reviewed journal content (HAL blocked 403, INIS is a repository index not proof of peer review) -- NOT submitted as its own row."
"R072","Vasilopoulou, Stamatelatos, Batistoni, Colangeli, Flammini, Fonnesu, Loreti, Obryk, Pillon & Villari, Fusion Engineering and Design 139 (2019) 109-114","Improved neutron activation dosimetry for fusion","T. Vasilopoulou; I.E. Stamatelatos; P. Batistoni; A. Colangeli; D. Flammini; N. Fonnesu; S. Loreti; B. Obryk; M. Pillon; R. Villari","2019","Fusion Engineering and Design, vol. 139, pp. 109-114","10.1016/j.fusengdes.2019.01.002","https://doi.org/10.1016/j.fusengdes.2019.01.002","journal_article","verified_peer_reviewed","B","quota_radiation;quota_calibration_observability;fusion_qualification","species: two distinct fields, kept separate -- (a) 14 MeV D-T neutrons at the ENEA Frascati Neutron Generator (FNG) reference field used to calibrate activation-foil assemblies; (b) D-D neutrons (2.45 MeV) during an actual JET D-D campaign, where the calibrated foils were applied. dose/fluence: not stated numerically in accessible text. device: activation-foil dosimetry assemblies, same design as used operationally at JET. quantity verified: neutron fluence measurement accuracy; activation-foil-derived fluence at JET compared against independent thermoluminescent-dosimeter (TLD) measurements, reported 'satisfactory agreement' (no numeric percentage found in accessible text). calibration: explicit two-step protocol -- pre-deployment calibration at a reference D-T field, then field validation against an independent dosimetry method at JET.","Crossref metadata confirmed (title, 10 authors, journal, vol 139, pp 109-114, year 2019, DOI). Methodology description from indexed abstract/summary snippets (ScienceDirect, HAL, EPFL infoscience, VTT, ENEA IRIS repository listings); full text not accessed. Stage 10D: DOI record independently re-verified against the live Crossref API (title/year match) 2026-07-27.","abstract_metadata","Directly answers the dosimetry/fluence-monitoring-practice and pre-irradiation-calibration-protocol requirements of this stage. Confirmed absent from the 06 baseline ledger and from this run's own 10A hybrid ledger by DOI."
"R073","Klix, Domula, Fischer, Gehre, Pereslavtsev & Rovni, Fusion Engineering and Design 87 (2012) 1301-1306","Neutronics diagnostics for European ITER TBMs: Activation foil spectrometer for short measurement cycles","A. Klix; A. Domula; U. Fischer; D. Gehre; P. Pereslavtsev; I. Rovni","2012","Fusion Engineering and Design, vol. 87, pp. 1301-1306","10.1016/j.fusengdes.2012.02.129","https://doi.org/10.1016/j.fusengdes.2012.02.129","journal_article","verified_peer_reviewed","B","quota_radiation;fusion_qualification","species: D-T 14 MeV neutrons from the TU Dresden intensive DT neutron generator, used as a surrogate/test field for the ITER Test Blanket Module (TBM) neutron environment. dose/fluence: not stated in accessible metadata. device: activation-foil-package spectrometer with automated/short-cycle measurement capability for spectral neutron-flux time profiles in the ITER TBM. quantity verified: feasibility/time-resolution of the foil-activation method for TBM neutronics diagnostics. measurement_reference: high-purity Ge gamma spectrometer for foil-activity readout. calibration: facility-based method development/qualification test.","Crossref metadata confirmed (title, 6 authors, journal, vol 87, pp 1301-1306, year 2012, DOI). Content from TU Dresden institutional research-portal listing and search-snippet text; full text not accessed (ScienceDirect 403). Stage 10D: DOI record independently re-verified against the live Crossref API (title/year match) 2026-07-27.","abstract_metadata","Companion to R074 (2011 facility paper, same author group, same TU Dresden DT generator)."
"R074","Klix, Domula, Fischer, Gehre, Pereslavtsev & Rovni, Fusion Engineering and Design 86 (2011) 2322-2325","Test facility for a neutron flux spectrometer system based on the foil activation technique for neutronics experiments with the ITER TBM","A. Klix; A. Domula; U. Fischer; D. Gehre; P. Pereslavtsev; I. Rovni","2011","Fusion Engineering and Design, vol. 86, issue 9-11, pp. 2322-2325","10.1016/j.fusengdes.2011.02.090","https://doi.org/10.1016/j.fusengdes.2011.02.090","journal_article","verified_peer_reviewed","C","quota_radiation;fusion_qualification","species: D-T 14 MeV neutrons, TU Dresden Neutron Laboratory intensive DT generator. facility: paper describes/commissions the test facility (pneumatic sample-transport system, HPGe gamma spectrometer for activated foil packages) used to develop/qualify a neutron-flux spectrometer for the ITER TBM. flux: irradiation-position flux reported as three to five orders of magnitude below the flux expected in the ITER TBM under full-power D-T operation. dose/fluence/temperature/bias/annealing: not stated beyond the relative-flux figure. quantity verified: facility commissioning/method development, precursor to R073's qualification campaign.","Crossref metadata confirmed (title, 6 authors, journal, vol 86 issue 9-11, pp 2322-2325, year 2011, DOI). Facility description corroborated by TU Dresden institutional publication record and search-snippet abstract text; full text not accessed. Stage 10D: DOI record independently re-verified against the live Crossref API (title/year match) 2026-07-27.","abstract_metadata","Precisely matches the neutron/gamma test-facility-paper-describing-a-facility-used-to-qualify-fusion-diagnostics evidence class requested by this stage."
"R075","Savva, Vasilopoulou, Stamatelatos, Mergia, Messoloras, Michelakaki, Ghani, Nobs & Packer, Fusion Engineering and Design 166 (2021) 112286","Application of VERDI detectors for neutron fluence measurements during the JET 2019 Deuterium-Deuterium campaign","M.I. Savva; T. Vasilopoulou; I.E. Stamatelatos; K. Mergia; S. Messoloras; I. Michelakaki; Z. Ghani; C.R. Nobs; L.W. Packer","2021","Fusion Engineering and Design, vol. 166, article 112286","10.1016/j.fusengdes.2021.112286","https://doi.org/10.1016/j.fusengdes.2021.112286","journal_article","verified_peer_reviewed","A","quota_radiation;quota_calibration_observability;fusion_qualification","species: D-D neutrons (2.45 MeV), real in-machine field at the JET Long Term Irradiation Station (LTIS) during the 2019 D-D campaign. dose/fluence: integrated neutron fluence/energy spectrum derived by multi-foil (Ag, Mn, Nb, Ni, Rh, Ti, Y) activation plus gamma-spectrometric unfolding; exact fluence not stated in accessible text. device: VERDI passive activation detector, two capsule-material variants tested (graphite; carbon-fibre-reinforced SiC composite). quantity verified: total integrated neutron fluence -- 8% difference found between VERDI-derived and an independently determined total integrated neutron flux; first operational deployment of VERDI in a real fusion device rather than a reference generator field. temperature/bias/annealing: not stated. calibration: in-machine (real radiation field) validation of a dosimetry instrument against an independent flux determination.","Crossref metadata confirmed (title, 9 authors, journal, vol 166, article 112286, year 2021, DOI). Result figures (8% difference, capsule materials, foil list) from indexed abstract/search-snippet text; full text not accessed (ScienceDirect 403). Stage 10D: DOI record independently re-verified against the live Crossref API (title/year match) 2026-07-27.","abstract_metadata","Companion to R076 (same VERDI detector, benchmarked at ENEA FNG before this JET deployment)."
"R076","Savva, Vasilopoulou, Nobs, Batistoni, Colling, Ghani, Gilbert, Loreti, Mergia, Messoloras, Michelakaki, Packer, Pillon, Stamatelatos & Triantou, Fusion Engineering and Design 146 (2019) 1877-1881","VERDI detector benchmark experiment at the ENEA 14 MeV Frascati Neutron Generator","M.I. Savva; T. Vasilopoulou; C.R. Nobs; P. Batistoni; B. Colling; Z. Ghani; M.R. Gilbert; S. Loreti; K. Mergia; S. Messoloras; I. Michelakaki; L.W. Packer; M. Pillon; I.E. Stamatelatos; K. Triantou","2019","Fusion Engineering and Design, vol. 146, pp. 1877-1881","10.1016/j.fusengdes.2019.03.055","https://doi.org/10.1016/j.fusengdes.2019.03.055","journal_article","verified_peer_reviewed","B","quota_radiation;quota_calibration_observability;fusion_qualification","species: 14 MeV D-T neutrons at the ENEA Frascati Neutron Generator (FNG) reference field. dose/fluence: not stated numerically in accessible text. device: VERDI passive multi-foil (Ag, Mn, Nb, Ni, Rh, Ti, Y) neutron activation detector, prototype units. quantity verified: measured activation-product activities vs FISPACT-II calculated predictions; average calculated-to-experimental (C/E) agreement of 1.05 +/- 0.13. temperature/bias/annealing: not stated. calibration: facility-based (reference D-T generator field) pre-deployment benchmark/qualification of the dosimetry instrument before its use in the real JET field (R075).","Crossref metadata confirmed (title, 15 authors, journal, vol 146, pp 1877-1881, year 2019, DOI). C/E agreement figure and facility description from indexed abstract/search-snippet text (including EUROfusion scientific-publications archive listing); full text not accessed. Stage 10D: DOI record independently re-verified against the live Crossref API (title/year match) 2026-07-27.","abstract_metadata","Companion facility-benchmark paper to R075's real-machine deployment."
"R078","Cheon, Lee, England, Kim, Pak, Seon & Lee, Journal of Instrumentation 7 (2012) C05009","Diagnostic neutron activation system for KSTAR","M. Cheon; Y.S. Lee; A.C. England; H. Kim; S. Pak; C.R. Seon; H.G. Lee","2012","Journal of Instrumentation, vol. 7, article C05009","10.1088/1748-0221/7/05/c05009","https://doi.org/10.1088/1748-0221/7/05/C05009","journal_article","verified_peer_reviewed","C","quota_radiation;fusion_qualification","species: fusion-produced neutrons (predominantly D-D, KSTAR being a deuterium tokamak) monitored via pneumatically-transferred encapsulated metal (activation) foil samples. dose/fluence/temperature/bias/annealing: not stated in accessible text. device: neutron activation dosimetry system for KSTAR, used to monitor fusion neutron source strength and total fusion power. quantity verified: neutron source-strength/fusion-power inference from foil activation -- a dosimetry-practice instrument rather than a magnetic-sensor calibration result.","Crossref/IOPscience metadata confirmed (title, 7 authors, journal Journal of Instrumentation, vol 7, article C05009, year 2012, DOI); system description from indexed abstract/search-snippet text (IOPscience, ResearchGate, Semantic Scholar); full text not accessed. Stage 10D: DOI record independently re-verified against the live Crossref API (title/year match) 2026-07-27.","abstract_metadata","Dosimetry/fluence-monitoring practice evidence for a tokamak outside the ITER/JET/DEMO/W7-X set that saturates the 06 baseline. Not itself a magnetic-diagnostic paper, but this stage explicitly requests dosimetry/fluence monitoring practice as its own evidence class."
"R079","Takechi, Matsunaga, Sakurai, Sasajima, Yagyu, Hoshi, Kawamata, Kurihara, Nishikawa, Ryo, Kagamihara & Nakamura, Fusion Engineering and Design 96-97 (2015) 985-988","Development of magnetic sensors for JT-60SA","M. Takechi; G. Matsunaga; S. Sakurai; T. Sasajima; J. Yagyu; R. Hoshi; Y. Kawamata; K. Kurihara; T. Nishikawa; T. Ryo; S. Kagamihara; K. Nakamura","2015","Fusion Engineering and Design, vol. 96-97, pp. 985-988","10.1016/j.fusengdes.2015.06.108","https://doi.org/10.1016/j.fusengdes.2015.06.108","journal_article","verified_peer_reviewed","C","quota_hybrid_coil;quota_radiation;fusion_qualification;measurement_chain_coil","device: magnetic-sensor suite for the JT-60SA superconducting tokamak. Title-level scope only confirmed; a secondary, non-primary-source web summary in the JT-60SA diagnostics context states in-vessel materials must tolerate temperatures up to 200C and radiation doses up to ~9 MGy, with mineral-insulated cable (MIC) used for in-vessel signal cabling for temperature/radiation resistance and low outgassing -- this figure is UNCONFIRMED as belonging to this DOI's full text specifically and must NOT be treated as a verified extracted result without follow-up. species/fluence/temperature/bias/annealing specific to this paper: not confirmed.","Crossref metadata confirmed (title, 12 authors, journal, vol 96-97, pp 985-988, year 2015, DOI). Technical content NOT independently confirmed beyond title/authors/venue -- both ScienceDirect and ResearchGate returned access errors (403). Stage 10D: DOI record independently re-verified against the live Crossref API (title/year match) 2026-07-27.","metadata_only","Weakest-verified entry in this ledger, retained because JT-60SA is a distinct, ITER-scale superconducting machine not covered by the ITER/JET/DEMO/W7-X-saturated 06 baseline, and this stage explicitly wants campaigns not already in that baseline. Recommend a follow-up full-text check before relying on any specific numeric claim from it."
"P001","Peruzzo, S., Arshad, S., Brombin, M., Chitarin, G., Gonzalez, W., Grando, L., Portales, M., Rizzolo, A., Vayakis, G., Vermeeren, L., Massaut, V., ""R&D on ITER in-vessel magnetic sensors,"" Fusion Engineering and Design 88 (2013) 1302-1305.","R&D on ITER in-vessel magnetic sensors","S. Peruzzo, S. Arshad, M. Brombin, G. Chitarin, W. Gonzalez, L. Grando, M. Portales, A. Rizzolo, G. Vayakis, L. Vermeeren, V. Massaut","2013","Fusion Engineering and Design","10.1016/j.fusengdes.2013.02.018","https://doi.org/10.1016/j.fusengdes.2013.02.018","journal_article","verified_peer_reviewed","B","quota_applications_alternatives;tokamak_diagnostics;iter;in_vessel_sensor;installation_constraints;survivability","Spatial/installation and environmental constraints for in-vessel equilibrium magnetic sensors at reactor scale (ITER).","doi_metadata (Crossref). Stage 10D: DOI record independently re-verified against the live Crossref API (title/year match) 2026-07-27.","abstract_metadata","Part of a multi-year ITER in-vessel sensor R&D series."
"P002","Ma, Y., Vayakis, G., Carmona, J-M., Pascual, Q., Walton, R., Walsh, M., ""Design and development of the mechanical support structure for ITER in-vessel magnetic sensors,"" Fusion Engineering and Design (2019).","Design and development of the mechanical support structure for ITER in-vessel magnetic sensors","Y. Ma, G. Vayakis, J-M. Carmona, Q. Pascual, R. Walton, M. Walsh","2019","Fusion Engineering and Design","10.1016/j.fusengdes.2019.01.106","https://doi.org/10.1016/j.fusengdes.2019.01.106","journal_article","verified_peer_reviewed","B","quota_applications_alternatives;tokamak_diagnostics;iter;in_vessel_sensor;installation_constraints","Modular remote-handling-compatible mounting for ITER in-vessel magnetic sensors.","doi_metadata (Crossref). Stage 10D: DOI record independently re-verified against the live Crossref API (title/year match) 2026-07-27.","abstract_metadata",""
"P003","Duran, I., Entler, S., Kohout, M., Kocan, M., Vayakis, G., ""High magnetic field test of bismuth Hall sensors for ITER steady state magnetic diagnostic,"" Review of Scientific Instruments 87 (2016) 11D446.","High magnetic field test of bismuth Hall sensors for ITER steady state magnetic diagnostic","I. Duran, S. Entler, M. Kohout, M. Kocan, G. Vayakis","2016","Review of Scientific Instruments","10.1063/1.4964435","https://doi.org/10.1063/1.4964435","journal_article","verified_peer_reviewed","A","quota_hybrid_coil;quota_applications_alternatives;quota_calibration_observability;tokamak_diagnostics;iter;hall_sensor;steady_state;integrator_drift_correction;hybrid_sensor_fusion;calibration","Stage-70 corrected (abstract retrieved and read this session): high-field (+/-7 T) characterization of bismuth Hall sensors developed for the ITER steady-state magnetic diagnostic; response nonlinear particularly within +/-1 T; significant planar-Hall-effect cross-field sensitivity identified; mitigation demonstrated by sensor geometry/alignment optimization and current-spinning. The former claim on this row (OVSS system-level Hall+coil pairing used to correct coil drift) is NOT in the abstract and is re-anchored to H067/H068 (see 07_CORRECTION_LOG.md).","doi_metadata (Crossref). Stage 10D: DOI record independently re-verified against the live Crossref API (title/year match) 2026-07-27. Stage 70: Semantic Scholar abstract retrieved and read; content claim corrected accordingly.","abstract_metadata","Distinct from already-baselined companion RSI 2018 papers (same series, different DOIs). Stage-70 note: the planar-Hall cross-field sensitivity finding newly supports the cross-axis uncertainty discipline (stage-20 section 2.4, stage-30 section 6.3)."
"P004","Moreau, P., Le-Luyer, A., Spuig, P., Malard, P., Saint-Laurent, F., et al., ""The new magnetic diagnostics in the WEST tokamak,"" Review of Scientific Instruments 89 (2018) 10J109.","The new magnetic diagnostics in the WEST tokamak","P. Moreau, A. Le-Luyer, P. Spuig, P. Malard, F. Saint-Laurent, et al.","2018","Review of Scientific Instruments","10.1063/1.5036537","https://doi.org/10.1063/1.5036537","journal_article","verified_peer_reviewed","A","quota_hybrid_coil;quota_applications_alternatives;tokamak_diagnostics;west;long_pulse;mirnov_coil;flux_loop;rogowski_coil;installation_constraints","469-sensor magnetic diagnostic suite (421 pickup coils, 36 flux loops, 12 Rogowski coils) rebuilt for long-pulse (~1000s) WEST divertor operation; ~0.5 mT/2.0 mWb noise, few-mm boundary accuracy on 2 ms cycle.","doi_metadata (Crossref). Stage 10D: DOI record independently re-verified against the live Crossref API (title/year match) 2026-07-27.","abstract_metadata","Distinct from already-baselined S0084 (integrator hardware only)."
"P005","Vierle, T., Streibl, B., Rott, M., Seidel, U., Herrmann, A., Neubauer, O., Suttrop, W., ASDEX Upgrade Team, ""Design and stress analysis of in-vessel saddle coils for MHD control in ASDEX Upgrade,"" Fusion Engineering and Design 84 (2009) 290-294.","Design and stress analysis of in-vessel saddle coils for MHD control in ASDEX Upgrade","T. Vierle, B. Streibl, M. Rott, U. Seidel, A. Herrmann, O. Neubauer, W. Suttrop, ASDEX Upgrade Team","2009","Fusion Engineering and Design","10.1016/j.fusengdes.2008.12.014","https://doi.org/10.1016/j.fusengdes.2008.12.014","journal_article","verified_peer_reviewed","B","quota_applications_alternatives;tokamak_diagnostics;asdex_upgrade;saddle_coil;installation_constraints;in_vessel_actuator","DC+AC in-vessel saddle-coil design (ELM mitigation/RWM control); concrete field/frequency and thermal/mechanical installation constraints.","doi_metadata (Crossref). Stage 10D: DOI record independently re-verified against the live Crossref API (title/year match) 2026-07-27.","abstract_metadata","Actuator/sensor-context coil design paper, not a passive diagnostic paper."
"P006","Takechi, M., Matsunaga, G., Sakurai, S., Sasajima, T., Yagyu, J., Kawamata, Y., Kurihara, K., Nakamura, K., ""Progress of the magnetic sensor development for JT-60SA,"" Fusion Engineering and Design (2017).","Progress of the magnetic sensor development for JT-60SA","M. Takechi, G. Matsunaga, S. Sakurai, T. Sasajima, J. Yagyu, Y. Kawamata, K. Kurihara, K. Nakamura","2017","Fusion Engineering and Design","10.1016/j.fusengdes.2017.03.010","https://doi.org/10.1016/j.fusengdes.2017.03.010","journal_article","verified_peer_reviewed","B","quota_hybrid_coil;quota_radiation;quota_applications_alternatives;tokamak_diagnostics;jt-60sa;mirnov_coil;rogowski_coil;temperature;radiation;installation_constraints","Survivability requirements for a next-generation superconducting tokamak's in-vessel magnetic sensor set.","doi_metadata (Crossref). Stage 10D: DOI record independently re-verified against the live Crossref API (title/year match) 2026-07-27.","metadata_only","Reported temperature/dose figures (200 degC, 9 MGy) are from a companion 2019 paper per search summary, unconfirmed full text -- treat those specific numbers as unverified pending full-text check."
"P007","Chitarin, G., Grando, L., Peruzzo, S., Taccon, M., ""Design developments for the ITER in-vessel equilibrium pick-up coils and halo current sensors,"" Fusion Engineering and Design 82 (2007) 1237-1243.","Design developments for the ITER in-vessel equilibrium pick-up coils and halo current sensors","G. Chitarin, L. Grando, S. Peruzzo, M. Taccon","2007","Fusion Engineering and Design","10.1016/j.fusengdes.2007.07.045","https://doi.org/10.1016/j.fusengdes.2007.07.045","journal_article","verified_peer_reviewed","B","quota_hybrid_coil;quota_applications_alternatives;tokamak_diagnostics;iter;halo_current;pickup_coil;installation_constraints","Early ITER design-basis paper on combined halo-current/equilibrium in-vessel pickup coil sensor systems.","doi_metadata (Crossref). Stage 10D: DOI record independently re-verified against the live Crossref API (title/year match) 2026-07-27.","metadata_only",""
"P008","""Chen, D.L., Shen, B., Granetz, R.S., Sun, Y., Qian, J.P., Wang, Y., Xiao, B.J., ""Halo current diagnostic system of experimental advanced superconducting tokamak,"" Review of Scientific Instruments 86 (2015) 103506.","Halo current diagnostic system of experimental advanced superconducting tokamak","D. L. Chen; B. Shen; R. S. Granetz; Y. Sun; J. P. Qian; Y. Wang; B. J. Xiao","2015","Review of Scientific Instruments","10.1063/1.4932545","https://doi.org/10.1063/1.4932545","journal_article","verified_peer_reviewed","B","quota_hybrid_coil;quota_applications_alternatives;tokamak_diagnostics;east;halo_current;rogowski_coil;disruption;incumbent_diagnostic","Rogowski-coil-based halo-current sensor design/calibration/installation on EAST (superconducting long-pulse tokamak).","doi_metadata (Crossref). Stage 10D: DOI record independently re-verified against the live Crossref API (title match 1.0); full author list retrieved and first-author error corrected (2026-07-27).","abstract_metadata","Full author list not independently confirmed beyond first author. METADATA CORRECTED at stage 10D: lane 10C recorded first author as 'Y. Chen'; the Crossref record for this DOI gives D. L. Chen as first author (D. L. Chen; B. Shen; R. S. Granetz; Y. Sun; J. P. Qian; Y. Wang; B. J. Xiao). Title/venue/year match exactly, so this was an author-metadata error, not a wrong paper."
"P009","Turjanica, P., Reboun, J., Duran, I., Entler, S., Viererbl, L., Simonovsky, M., ""Advanced magnetic diagnostic coils based on TPC technology for COMPASS-U and EU-DEMO,"" Fusion Engineering and Design (2025).","Advanced magnetic diagnostic coils based on TPC technology for COMPASS-U and EU-DEMO","Pavel Turjanica, Jan Reboun, Ivan Duran, Slavomir Entler, Ladislav Viererbl, Marek Simonovsky","2025","Fusion Engineering and Design","10.1016/j.fusengdes.2025.115070","https://doi.org/10.1016/j.fusengdes.2025.115070","journal_article","verified_peer_reviewed","B","quota_hybrid_coil;quota_radiation;quota_applications_alternatives;tokamak_diagnostics;demo;compass-u;pickup_coil;radiation;temperature;survivability","DEMO-class reactor-relevant survivability benchmark: thick-printed-copper pickup coils qualified for >=500 degC and intense neutron radiation.","doi_metadata (Crossref). Stage 10D: DOI record independently re-verified against the live Crossref API (title/year match) 2026-07-27.","abstract_metadata","Pure inductive-coil qualification paper, no hybrid Hall content."
"P010","Fiorenza, F., De Tommasi, G., Frattolillo, D., Ingesson, C., Inoue, S., Kojima, S., Mattei, M., Mele, A., Miyata, Y., Neto, A., Pironti, A., Sauter, O., Takechi, M., Urano, H., ""Preliminary validation of ITER magnetic diagnostic algorithms by using JT-60SA magnetic measurements,"" Fusion Engineering and Design (2026).","Preliminary validation of ITER magnetic diagnostic algorithms by using JT-60SA magnetic measurements","F. Fiorenza, G. De Tommasi, D. Frattolillo, C. Ingesson, S. Inoue, S. Kojima, M. Mattei, A. Mele, Y. Miyata, A. Neto, A. Pironti, O. Sauter, M. Takechi, H. Urano","2026","Fusion Engineering and Design","10.1016/j.fusengdes.2025.115486","https://doi.org/10.1016/j.fusengdes.2025.115486","journal_article","verified_peer_reviewed","B","quota_applications_alternatives;quota_calibration_observability;tokamak_diagnostics;iter;jt-60sa;equilibrium_reconstruction;calibration_reference","ITER-targeted equilibrium reconstruction algorithms cross-validated against an operating superconducting long-pulse machine (JT-60SA).","doi_metadata (Crossref). Stage 10D: DOI record independently re-verified against the live Crossref API (title/year match) 2026-07-27.","metadata_only","Very recent; content description inferred largely from title/Crossref metadata."
"P011","Zhang, et al., ""Bayesian Experimental Design of Magnetic Diagnostics on the WEST Tokamak,"" Plasma Physics and Controlled Fusion (2026).","Bayesian Experimental Design of Magnetic Diagnostics on the WEST Tokamak","Y. Zhang; J. De Rycke; D. Mazon; P. Moreau; J. Morales; G. Verdoolaege","2026","Plasma Physics and Controlled Fusion","10.1088/1361-6587/ae7719","https://doi.org/10.1088/1361-6587/ae7719","journal_article","verified_peer_reviewed","B","quota_hybrid_coil;quota_applications_alternatives;quota_calibration_observability;tokamak_diagnostics;west;calibration;sensor_placement;pickup_coil","Bayesian/mutual-information sensor-placement optimization for equilibrium reconstruction on WEST; calibration/observability-adjacent.","doi_metadata (Crossref). Stage 10D: DOI record independently re-verified against the live Crossref API (title match 1.0); named author list resolved (2026-07-27).","abstract_metadata","Full author list not independently confirmed from a single search snippet. METADATA COMPLETED at stage 10D: author list resolved from the live Crossref record (six named authors; the Crossref record carries one additional empty/collaboration author entry)."
"P012","Kisslinger, J., Andreeva, T., ""Correction possibilities of magnetic field errors in WENDELSTEIN 7-X,"" Fusion Engineering and Design 74(1-4), 623-626 (2005).","Correction possibilities of magnetic field errors in WENDELSTEIN 7-X","J. Kisslinger, T. Andreeva","2005","Fusion Engineering and Design","10.1016/j.fusengdes.2005.06.124","https://doi.org/10.1016/j.fusengdes.2005.06.124","journal_article","verified_peer_reviewed","B","quota_applications_alternatives;stellarator_field_mapping;error_field;w7-x;trim_coils;coil_geometry","Design-stage correction-coil strategy for W7-X non-planar coil manufacturing/alignment errors.","doi_metadata (Crossref). Stage 10D: DOI record independently re-verified against the live Crossref API (title/year match) 2026-07-27.","metadata_only",""
"P013","Lazerson, S.A., Bozhenkov, S., Israeli, B., Otte, M., Niemann, H., Bykov, V., Endler, M., Andreeva, T., Ali, A., Drewelow, P., Jakubowski, M., Puig Sitjes, A., Pisano, F., Cannas, B., and the W7-X Team, ""Error fields in the Wendelstein 7-X stellarator,"" Plasma Physics and Controlled Fusion 60(12), 124002 (2018).","Error fields in the Wendelstein 7-X stellarator","Samuel A. Lazerson, Sergey Bozhenkov, Ben Israeli, Matthias Otte, Holger Niemann, Victor Bykov, Michael Endler, Tamara Andreeva, Adnan Ali, Peter Drewelow, Marcin Jakubowski, Aleix Puig Sitjes, Fabio Pisano, Barbara Cannas, W7-X Team","2018","Plasma Physics and Controlled Fusion","10.1088/1361-6587/aae96b","https://doi.org/10.1088/1361-6587/aae96b","journal_article","verified_peer_reviewed","A","quota_applications_alternatives;quota_calibration_observability;stellarator_field_mapping;error_field;w7-x;trim_coils;flux_surface_mapping;calibration_reference","Quantifies observed W7-X error fields (correctable with ~5% of rated trim-coil current) via flux-surface measurement + divertor thermocouple + field-line diffusion modeling.","abstract read (IOPscience). Stage 10D: DOI record independently re-verified against the live Crossref API (title/year match) 2026-07-27.","abstract_metadata","Distinct from already-baselined Otte 2016 (first error-field measurement)."
"P014","Fullenbach, F., Risse, K., Rummel, T., Fricke, M., Koster, E., Bosch, H.-S., Lazerson, S., ""The Wendelstein 7-X trim coil system commissioning and first operational results,"" Fusion Engineering and Design 124, 94-98 (2017).","The Wendelstein 7-X trim coil system commissioning and first operational results","F. Fullenbach, K. Risse, T. Rummel, M. Fricke, E. Koster, H.-S. Bosch, S. Lazerson","2017","Fusion Engineering and Design","10.1016/j.fusengdes.2017.03.104","https://doi.org/10.1016/j.fusengdes.2017.03.104","journal_article","verified_peer_reviewed","B","quota_applications_alternatives;stellarator_field_mapping;error_field;w7-x;trim_coils;coil_current_validation","Trim-coil actuation hardware commissioning/validation used to correct W7-X error fields identified by flux-surface mapping.","doi_metadata (Crossref). Stage 10D: DOI record independently re-verified against the live Crossref API (title/year match) 2026-07-27.","metadata_only",""
"P015","Risse, K., Birus, D., Bosch, S., Bykov, V., Carls, A., Dhard, C.P., Fellinger, J., Monnich, T., Nagel, M., Otte, M., Rummel, T., Schneider, M., ""Wendelstein 7-X - Commissioning of the Superconducting Magnet System,"" IEEE Transactions on Applied Superconductivity 26(4), 1-4 (2016).","Wendelstein 7-X - Commissioning of the Superconducting Magnet System","Konrad Risse, Dietrich Birus, Stephan Bosch, Victor Bykov, Andre Carls, Chandra P. Dhard, Joris Fellinger, Thomas Monnich, Michael Nagel, Matthias Otte, Thomas Rummel, Matthias Schneider","2016","IEEE Transactions on Applied Superconductivity","10.1109/tasc.2016.2527245","https://doi.org/10.1109/tasc.2016.2527245","journal_article","verified_peer_reviewed","C","quota_applications_alternatives;stellarator_field_mapping;coil_geometry;installation_constraints;w7-x;coil_current_validation","Non-planar coil winding-pack tolerances/cryostat integration constraints driving need for post-construction field/current verification.","doi_metadata (Crossref). Stage 10D: DOI record independently re-verified against the live Crossref API (title/year match) 2026-07-27.","metadata_only","Magnet-engineering/commissioning paper, not a sensor-diagnostic paper."
"P016","Yamazaki, K., Yanagi, N., Ji, H., Kaneko, H., Ohyabu, N., Satow, T., Morimoto, S., Yamamoto, J., Motojima, O., and the LHD Design Group, ""Requirements for accuracy of superconducting coils in the Large Helical Device,"" Fusion Engineering and Design 20, 79-86 (1993).","Requirements for accuracy of superconducting coils in the Large Helical Device","K. Yamazaki, N. Yanagi, H. Ji, H. Kaneko, N. Ohyabu, T. Satow, S. Morimoto, J. Yamamoto, O. Motojima, LHD Design Group","1993","Fusion Engineering and Design","10.1016/0920-3796(93)90027-f","https://doi.org/10.1016/0920-3796(93)90027-f","journal_article","verified_peer_reviewed","B","quota_applications_alternatives;stellarator_field_mapping;error_field;lhd;coil_geometry;installation_constraints","LHD magnetic-accuracy design criterion (~1e-4 relative field accuracy); enumerates stellarator-specific coil error sources.","doi_metadata (Crossref). Stage 10D: DOI record independently re-verified against the live Crossref API (title/year match) 2026-07-27.","metadata_only",""
"P017","Ascasibar, E., Lapayese, F., Soleto, A., Jimenez-Denche, A., Cappa, A., Pons-Villalonga, P., Portas, A.B., Martin, G., Barcala, J.M., Garcia-Gomez, R., Chamorro, M., Cebrian, L., Anton, R., Bueno, L., Reynoso, C., Guisse, V., Lopez-Fraguas, A., ""Measurements of magnetic field fluctuations in TJ-II plasmas with new in-vessel helical arrays of magnetic coils,"" Review of Scientific Instruments 93, 093508 (2022).","Measurements of magnetic field fluctuations in TJ-II plasmas with new in-vessel helical arrays of magnetic coils","E. Ascasibar, F. Lapayese, A. Soleto, A. Jimenez-Denche, A. Cappa, P. Pons-Villalonga, A.B. Portas, G. Martin, J.M. Barcala, R. Garcia-Gomez, M. Chamorro, L. Cebrian, R. Anton, L. Bueno, C. Reynoso, V. Guisse, A. Lopez-Fraguas","2022","Review of Scientific Instruments","10.1063/5.0102037","https://doi.org/10.1063/5.0102037","journal_article","verified_peer_reviewed","A","quota_applications_alternatives;stellarator_field_mapping;tj-ii;in_vessel_probe_array;installation_constraints;coil_sensor_fusion","New in-vessel helical Mirnov-coil array at TJ-II; installation constraints for probe arrays routed to match a non-axisymmetric heliac vessel.","doi_metadata (Crossref). Stage 10D: DOI record independently re-verified against the live Crossref API (title/year match) 2026-07-27.","metadata_only",""
"P018","Rizkallah, R., Marcinko, S., Curreli, D., Parsons, M.S., Bartlett, N., Gluck, R., Shone, A., Andruczyk, D., ""Mapping of the HIDRA stellarator magnetic flux surfaces,"" Physics of Plasmas 26(9), 092503 (2019).","Mapping of the HIDRA stellarator magnetic flux surfaces","Rabel Rizkallah, Steven Marcinko, Davide Curreli, Matthew S. Parsons, Nathan Bartlett, Raanan Gluck, Andrew Shone, Daniel Andruczyk","2019","Physics of Plasmas","10.1063/1.5100744","https://doi.org/10.1063/1.5100744","journal_article","verified_peer_reviewed","B","quota_applications_alternatives;stellarator_field_mapping;error_field;flux_surface_mapping;electron_beam_technique;hidra","Pre-plasma vacuum flux-surface mapping on HIDRA (electron-gun/fluorescent-detector method); found an n=1 error field intrinsic to the vacuum vessel; FIELDLINES code comparison.","abstract read (search summary of publisher abstract). Stage 10D: DOI record independently re-verified against the live Crossref API (title/year match) 2026-07-27.","abstract_metadata",""
"P019","Coto-Vilchez, F., Vargas, V.I., Barillas, L., Sanchez-Castro, J., Queral, V., et al., ""Vacuum magnetic flux surface measurements on the SCR-1 Stellarator,"" in 2017 16th Latin American Workshop on Plasma Physics (LAWPP), IEEE (2017).","Vacuum magnetic flux surface measurements on the SCR-1 Stellarator","F. Coto-Vilchez, V.I. Vargas, L. Barillas, J. Sanchez-Castro, V. Queral, et al.","2017","2017 16th Latin American Workshop on Plasma Physics (LAWPP), IEEE","10.1109/lawpp.2017.8692203","https://doi.org/10.1109/lawpp.2017.8692203","conference_paper","verified_peer_reviewed","C","quota_applications_alternatives;stellarator_field_mapping;flux_surface_mapping;electron_beam_technique;scr-1;installation_constraints","Three fluorescent-screen detector geometries for a small modular stellarator (R=247.7mm, B~42mT); installation-space/detector-design constraints in a tight vacuum vessel.","doi_metadata (Crossref). Stage 10D: DOI record independently re-verified against the live Crossref API (title/year match) 2026-07-27.","metadata_only","IEEE conference paper (peer-reviewed proceedings); author-list duplication artifact in Crossref record not independently resolved."
"P020","Brenner, P.W., Pedersen, T.S., Berkery, J.W., Marksteiner, Q.R., Hahn, M.S., ""Magnetic Surface Visualizations in the Columbia Non-Neutral Torus,"" IEEE Transactions on Plasma Science 36(4), 1108-1109 (2008).","Magnetic Surface Visualizations in the Columbia Non-Neutral Torus","P.W. Brenner, T.S. Pedersen, J.W. Berkery, Q.R. Marksteiner, M.S. Hahn","2008","IEEE Transactions on Plasma Science","10.1109/tps.2008.920215","https://doi.org/10.1109/tps.2008.920215","journal_article","verified_peer_reviewed","C","quota_applications_alternatives;stellarator_field_mapping;flux_surface_mapping;electron_beam_technique;probe_alignment;cnt","Electron-beam/neutral-gas visualization of CNT's 3-D magnetic surfaces, used explicitly for probe alignment and topology confirmation.","doi_metadata (Crossref). Stage 10D: DOI record independently re-verified against the live Crossref API (title/year match) 2026-07-27.","metadata_only","Small stellarator (CNT, Columbia University)."
"P021","Webb, T.J., Bliss, D.E., Chandler, G.A., Dolan, D.H., Dunham, G., Edens, A., Harding, E., Johnston, M.D., Jones, M.C., Langendorf, S., Mangan, M., Maurer, A.J., McCoy, C.A., Moore, N.W., Presura, R., Steiner, A.M., Wu, M., Yager-Elorriaga, D.A., Yates, K.C., ""Radiation, optical, power flow, and electrical diagnostics at the Z facility: Layout and techniques utilized to operate in the harsh environment,"" Review of Scientific Instruments 94, 031102 (2023).","Radiation, optical, power flow, and electrical diagnostics at the Z facility: Layout and techniques utilized to operate in the harsh environment","T. J. Webb, D. E. Bliss, G. A. Chandler, D. H. Dolan, G. Dunham, A. Edens, E. Harding, M. D. Johnston, M. C. Jones, S. Langendorf, M. Mangan, A. J. Maurer, C. A. McCoy, N. W. Moore, R. Presura, A. M. Steiner, M. Wu, D. A. Yager-Elorriaga, K. C. Yates","2023","Review of Scientific Instruments","10.1063/5.0123448","https://doi.org/10.1063/5.0123448","journal_article","verified_peer_reviewed","A","quota_radiation;quota_applications_alternatives;zpinch;pulsed_power;harsh_environment;radiation_environment;survivability;current_diagnostic_overview;sandia_z","Facility-level requirements at Sandia Z (30 MA in 100 ns); EMI/radiation/blast threats to diagnostics and documented mitigation strategies across the electrical-diagnostic suite.","OSTI abstract + Crossref metadata. Stage 10D: DOI record independently re-verified against the live Crossref API (title/year match) 2026-07-27.","abstract_metadata","Comprehensive facility diagnostic-suite review."
"P022","Wagoner, T.C., Stygar, W.A., Ives, H.C., Gilliland, T.L., Spielman, R.B., et al., ""Differential-output B-dot and D-dot monitors for current and voltage measurements on a 20-MA, 3-MV pulsed-power accelerator,"" Physical Review Special Topics - Accelerators and Beams 11, 100401 (2008).","Differential-output B-dot and D-dot monitors for current and voltage measurements on a 20-MA, 3-MV pulsed-power accelerator","T. C. Wagoner, W. A. Stygar, H. C. Ives, T. L. Gilliland, R. B. Spielman, et al.","2008","Physical Review Special Topics - Accelerators and Beams","10.1103/physrevstab.11.100401","https://doi.org/10.1103/PhysRevSTAB.11.100401","journal_article","verified_peer_reviewed","A","quota_hybrid_coil;quota_applications_alternatives;quota_calibration_observability;zpinch;pulsed_power;bdot_probe;current_viewing_resistor;calibration;mitl;sandia_z","B-dot/D-dot monitor design for MITL current/voltage measurement on the Z accelerator; calibrated against a current-viewing-resistor (CVR) reference on a radial transmission-line test stand.","doi_metadata (Crossref). Stage 10D: DOI record independently re-verified against the live Crossref API (title/year match) 2026-07-27.","abstract_metadata","Large multi-author paper; only first 5 authors independently confirmed."
"P023","Shipley, G.A., Awe, T.J., Hutsel, B.T., Slutz, S.A., Lamppa, D.C., Greenly, J.B., Hutchinson, T.M., ""Megagauss-level magnetic field production in cm-scale auto-magnetizing helical liners pulsed to 500 kA in 125 ns,"" Physics of Plasmas 25, 052703 (2018).","Megagauss-level magnetic field production in cm-scale auto-magnetizing helical liners pulsed to 500 kA in 125 ns","G. A. Shipley, T. J. Awe, B. T. Hutsel, S. A. Slutz, D. C. Lamppa, J. B. Greenly, T. M. Hutchinson","2018","Physics of Plasmas","10.1063/1.5028142","https://doi.org/10.1063/1.5028142","journal_article","verified_peer_reviewed","B","quota_hybrid_coil;quota_applications_alternatives;zpinch;pulsed_power;maglif;bdot_probe;field_magnitude;fast_transient;sandia_z","Megagauss-level (>100T) internal axial field from 500kA/125ns pulse, diagnosed with a miniature microBdot probe.","doi_metadata (Crossref). Stage 10D: DOI record independently re-verified against the live Crossref API (title/year match) 2026-07-27.","abstract_metadata","Small-scale (cm-liner) precursor experiment."
"P024","Shipley, G.A., Awe, T.J., Hutsel, B.T., Greenly, J.B., Jennings, C.A., Slutz, S.A., ""Implosion of auto-magnetizing helical liners on the Z facility,"" Physics of Plasmas 26, 052705 (2019).","Implosion of auto-magnetizing helical liners on the Z facility","G. A. Shipley, T. J. Awe, B. T. Hutsel, J. B. Greenly, C. A. Jennings, S. A. Slutz","2019","Physics of Plasmas","10.1063/1.5089468","https://doi.org/10.1063/1.5089468","journal_article","verified_peer_reviewed","B","quota_hybrid_coil;quota_applications_alternatives;zpinch;pulsed_power;maglif;bdot_probe;field_magnitude;sandia_z;full_scale","Full Sandia-Z-scale (multi-MA) auto-magnetizing liner implosion, ~150T precompressed internal axial field measured in situ.","doi_metadata (Crossref). Stage 10D: DOI record independently re-verified against the live Crossref API (title/year match) 2026-07-27.","abstract_metadata","Companion/follow-on to the 2018 Shipley cm-scale paper."
"P025","Moffett, M.B., Chesny, D.L., Cole, J.M., Hatfield, K.W., Rusovici, R., ""Bdot probe and Rogowski coil cross-calibration and sensor fusion in pulsed direct current capacitor discharges,"" Review of Scientific Instruments 93, 034707 (2022).","Bdot probe and Rogowski coil cross-calibration and sensor fusion in pulsed direct current capacitor discharges","M. B. Moffett, D. L. Chesny, J. M. Cole, K. W. Hatfield, R. Rusovici","2022","Review of Scientific Instruments","10.1063/5.0076741","https://doi.org/10.1063/5.0076741","journal_article","verified_peer_reviewed","A","quota_hybrid_coil;quota_applications_alternatives;quota_calibration_observability;bdot_probe;rogowski_coil;sensor_fusion;cross_calibration;pulsed_power;capacitor_discharge;hall_sensor_limitation","B-dot + Rogowski cross-calibration/sensor-fusion protocol (+/-13-15% error) for pulsed capacitor discharges, explicitly framed against Hall-sensor bandwidth/sensitivity limits for ns-us pulses; a working inductive-inductive fusion precedent that avoids Hall sensors entirely.","doi_metadata (Crossref) + PubMed listing. Stage 10D: DOI record independently re-verified against the live Crossref API (title/year match) 2026-07-27.","abstract_metadata","Important prior-art item bearing on the mission's novelty question for this application."
"P026","Conti, F., Williams, A., Rahman, H.U., Fadeev, V., Higginson, D.P., Youmans, A., Aybar, N., Ruskov, E., Beg, F.N., ""Neutron-producing gas puff Z-pinch experiments on a fast, low-impedance, 0.5 MA linear transformer driver,"" Journal of Applied Physics 136, 095901 (2024).","Neutron-producing gas puff Z-pinch experiments on a fast, low-impedance, 0.5 MA linear transformer driver","F. Conti, A. Williams, H. U. Rahman, V. Fadeev, D. P. Higginson, A. Youmans, N. Aybar, E. Ruskov, F. N. Beg","2024","Journal of Applied Physics","10.1063/5.0218390","https://doi.org/10.1063/5.0218390","journal_article","verified_peer_reviewed","B","quota_hybrid_coil;quota_applications_alternatives;gas_puff_zpinch;pulsed_power;linear_transformer_driver;bdot_probe;current_diagnostic;field_magnitude","University/lab-scale gas-puff z-pinch on a linear transformer driver (~0.45MA, ~170ns rise), using calibrated differential B-dot probes for generator current.","doi_metadata (Crossref). Stage 10D: DOI record independently re-verified against the live Crossref API (title/year match) 2026-07-27.","abstract_metadata","Broadens z-pinch lane beyond Sandia-Z scale."
"P027","Halliday, J.W.D., Crilly, A., Chittenden, J., Mancini, R.C., Merlini, S., Rose, S., Russell, D.R., Suttle, L.G., Valenzuela-Villaseca, V., Bland, S.N., Lebedev, S.V., ""Investigating radiatively driven, magnetized plasmas with a university scale pulsed-power generator,"" Physics of Plasmas 29, 042107 (2022).","Investigating radiatively driven, magnetized plasmas with a university scale pulsed-power generator","J. W. D. Halliday, A. Crilly, J. Chittenden, R. C. Mancini, S. Merlini, S. Rose, D. R. Russell, L. G. Suttle, V. Valenzuela-Villaseca, S. N. Bland, S. V. Lebedev","2022","Physics of Plasmas","10.1063/5.0084550","https://doi.org/10.1063/5.0084550","journal_article","verified_peer_reviewed","B","quota_applications_alternatives;zpinch;wire_array;pulsed_power;magpie;field_magnitude;laboratory_astrophysics","MAGPIE (Imperial College) facility platform paper: 1.4MA, 240ns rise-time wire-array z-pinch driving a ~5T ambient field environment.","doi_metadata (Crossref). Stage 10D: DOI record independently re-verified against the live Crossref API (title/year match) 2026-07-27.","abstract_metadata","Physics-application paper, cited for MAGPIE facility parameters/regime."
"P028","Aiello, O., ""Hall-Effect Current Sensors Susceptibility to EMI: Experimental Study,"" Electronics 8, article 1310 (2019).","Hall-Effect Current Sensors Susceptibility to EMI: Experimental Study","O. Aiello","2019","Electronics (MDPI)","10.3390/electronics8111310","https://doi.org/10.3390/electronics8111310","journal_article","verified_peer_reviewed","B","quota_applications_alternatives;hall_sensor_limitation;emi;power_electronics;bulk_current_injection;susceptibility","Experimentally quantifies Hall-effect current-sensor error under EMI stress (BCI/TEM-cell/DPI tests), particularly susceptible to a tangential RF E-field.","doi_metadata (Crossref). Stage 10D: DOI record independently re-verified against the live Crossref API (title/year match) 2026-07-27.","abstract_metadata","General power-electronics EMI study, not a z-pinch-facility paper; extrapolation to z-pinch severity is an inference, not a direct measurement."
"P029","Hong, Y., Wei, H., Wang, J., Wu, H., Wang, L., Cheng, C., Li, M., Qiu, A., ""Current loss experiments of a conical MITL and PHC system on a megaampere-class LTD module,"" Physics of Plasmas 31, 092103 (2024).","Current loss experiments of a conical MITL and PHC system on a megaampere-class LTD module","Y. Hong, H. Wei, J. Wang, H. Wu, L. Wang, C. Cheng, M. Li, A. Qiu","2024","Physics of Plasmas","10.1063/5.0220464","https://doi.org/10.1063/5.0220464","journal_article","verified_peer_reviewed","C","quota_applications_alternatives;pulsed_power;mitl;linear_transformer_driver;current_diagnostic;post_hole_convolute","Current-transport diagnostics on a 12-stage LTD (0.5-0.8MA, ~120ns) conical MITL and post-hole convolute; independent (non-Sandia) MITL/PHC facility example.","doi_metadata (Crossref). Stage 10D: DOI record independently re-verified against the live Crossref API (title/year match) 2026-07-27.","abstract_metadata","Weakest-fit source in the z-pinch set; included for facility/environment breadth."
"P030","Hansen, S.B., Gomez, M.R., Sefkow, A.B., Slutz, S.A., Sinars, D.B., Hahn, K.D., Harding, E.C., Knapp, P.F., Schmit, P.F., Awe, T.J., McBride, R.D., Jennings, C.A., Geissel, M., Harvey-Thompson, A.J., Peterson, K.J., Rovang, D.C., Chandler, G.A., Cooper, G.W., Cuneo, M.E., Herrmann, M.C., Hess, M.H., Johns, O., Lamppa, D.C., Martin, M.R., Porter, J.L., Robertson, G.K., Rochau, G.A., Ruiz, C.L., Savage, M.E., Smith, I.C., Stygar, W.A., Vesey, R.A., Blue, B.E., Ryutov, D., Schroen, D.G., Tomlinson, K., ""Diagnosing magnetized liner inertial fusion experiments on Z,"" Phys. Plasmas 22, 056313 (2015).","Diagnosing magnetized liner inertial fusion experiments on Z","S.B. Hansen, M.R. Gomez, A.B. Sefkow, et al.","2015","Physics of Plasmas","10.1063/1.4921217","https://doi.org/10.1063/1.4921217","journal_article","verified_peer_reviewed","A","quota_applications_alternatives;quota_calibration_observability;mif;maglif;liner_implosion;magnetic_diagnostics;radiation_neutron_yield;calibration","Full diagnostic suite (B-dot/current, Faraday rotation, imaging, spectroscopy) for single-shot MagLIF liner implosions at Sandia Z; documented DD neutron yields (~1e12), highest-radiation MIF-adjacent platform in this domain.","AIP abstract-level search results + OSTI record. Stage 10D: DOI record independently re-verified against the live Crossref API (title/year match) 2026-07-27.","abstract_metadata","Distinguish MagLIF (significant neutron yield) from lower-radiation PLX/ZaP work; do not merge radiation context."
"P031","Hess, M.H., Peterson, K.J., Ampleford, D.J., Hutsel, B.T., Jennings, C.A., Gomez, M.R., Dolan, D.H., Robertson, G.K., Payne, S.L., Stygar, W.A., Martin, M.R., Sinars, D.B., ""Design and testing of a magnetically driven implosion peak current diagnostic,"" Phys. Plasmas 25, 042702 (2018).","Design and testing of a magnetically driven implosion peak current diagnostic","M.H. Hess, K.J. Peterson, D.J. Ampleford, B.T. Hutsel, C.A. Jennings, M.R. Gomez, D.H. Dolan, G.K. Robertson, S.L. Payne, W.A. Stygar, M.R. Martin, D.B. Sinars","2018","Physics of Plasmas","10.1063/1.5024374","https://doi.org/10.1063/1.5024374","journal_article","verified_peer_reviewed","B","quota_applications_alternatives;mif;maglif;liner_implosion;current_diagnostic;pulsed_power;single_shot","Near the power-feed/load region of a liner implosion, the incumbent peak-current diagnostic is optical (PDV) rather than magnetic (B-dot) -- negative-case evidence that magnetic probes face severe survivability limits at the highest-field/EMI location.","AIP/OSTI abstract-level description. Stage 10D: DOI record independently re-verified against the live Crossref API (title/year match) 2026-07-27.","abstract_metadata",""
"P032","Golingo, R.P., Shumlak, U., Den Hartog, D.J., ""Note: Zeeman splitting measurements in a high-temperature plasma,"" Rev. Sci. Instrum. 81, 126104 (2010).","Note: Zeeman splitting measurements in a high-temperature plasma","R.P. Golingo, U. Shumlak, D.J. Den Hartog","2010","Review of Scientific Instruments","10.1063/1.3509400","https://doi.org/10.1063/1.3509400","journal_article","verified_peer_reviewed","C","quota_applications_alternatives;quota_calibration_observability;z_pinch;zap;magnetic_diagnostics;spectroscopic_alternative;calibration","Incumbent in-plasma field diagnostic for the UW ZaP flow Z-pinch is spectroscopic Zeeman splitting, not embedded probes, since probes cannot survive inside the dense hot pinch column.","AIP RSI abstract + PubMed record. Stage 10D: DOI record independently re-verified against the live Crossref API (title/year match) 2026-07-27.","abstract_metadata","Short Note format, narrow scope."
"P033","Rousskikh, A.G., Zhigalin, A.S., Oreshkin, V.I., Baksht, R.B., ""Using of B-dot probe for z-pinch plasma diagnostics,"" J. Phys.: Conf. Ser. 1115, 022012 (2018).","Using of B-dot probe for z-pinch plasma diagnostics","A.G. Rousskikh, A.S. Zhigalin, V.I. Oreshkin, R.B. Baksht","2018","Journal of Physics: Conference Series","10.1088/1742-6596/1115/2/022012","https://doi.org/10.1088/1742-6596/1115/2/022012","conference_paper","verified_peer_reviewed","C","quota_hybrid_coil;quota_applications_alternatives;quota_calibration_observability;z_pinch;bdot_probe;pulsed_power;magnetic_diagnostics;calibration","B-dot probe use for pinch-radius/field inference in a metallic gas-puff Z-pinch (450kA/450ns) with embedded bias field for cross-validation against circuit models.","IOPscience landing page (abstract-level). Stage 10D: DOI record independently re-verified against the live Crossref API (title/year match) 2026-07-27.","abstract_metadata","IOP Conf. Series peer review is lighter than a full journal."
"P034","Hsu, S.C., Moser, A.L., Merritt, E.C., Adams, C.S., Dunn, J.P., Brockington, S., Case, A., Gilmore, M., Lynn, A.G., Messer, S.J., Witherspoon, F.D., ""Laboratory plasma physics experiments using merging supersonic plasma jets,"" J. Plasma Phys. 81, 345810201 (2015).","Laboratory plasma physics experiments using merging supersonic plasma jets","S.C. Hsu, A.L. Moser, E.C. Merritt, C.S. Adams, J.P. Dunn, S. Brockington, A. Case, M. Gilmore, A.G. Lynn, S.J. Messer, F.D. Witherspoon","2015","Journal of Plasma Physics","10.1017/s0022377814001184","https://doi.org/10.1017/s0022377814001184","journal_article","verified_peer_reviewed","A","quota_hybrid_coil;quota_applications_alternatives;plasma_jet;mif;plx;bdot_array;installation_constraints;single_shot","LANL Plasma Liner Experiment (PLX): movable B-dot probe array tracking jet/liner merging dynamics; 36-gun quasi-spherical chamber geometry (severe spatial/access constraints); single-shot/low-repetition operation.","Crossref + arXiv 1408.0323 abstract cross-check. Stage 10D: DOI record independently re-verified against the live Crossref API (title/year match) 2026-07-27.","abstract_metadata",""
"P035","Shumlak, U., ""Z-pinch fusion,"" J. Appl. Phys. 127, 200901 (2020).","Z-pinch fusion","U. Shumlak","2020","Journal of Applied Physics","10.1063/5.0004228","https://doi.org/10.1063/5.0004228","review_article","verified_peer_reviewed","B","quota_applications_alternatives;z_pinch;zap;review;field_magnitude;pulse_duration;incumbent_diagnostics","Review of sheared-flow-stabilized Z-pinch physics (ZaP/ZaP-HD/FuZE); field magnitude and pulse-duration context (up to ~8 microsecond sustained neutron production over a 50cm pinch).","AIP JAP landing page (abstract-level). Stage 10D: DOI record independently re-verified against the live Crossref API (title/year match) 2026-07-27.","abstract_metadata","Review article, used for mapping/context."
"P036","Hsu, S.C., Merritt, E.C., Moser, A.L., Awe, T.J., Brockington, S.J.E., Davis, J.S., Adams, C.S., Case, A., Cassibry, J.T., Dunn, J.P., Gilmore, M.A., Lynn, A.G., Messer, S.J., Witherspoon, F.D., ""Experimental characterization of railgun-driven supersonic plasma jets motivated by high energy density physics applications,"" Phys. Plasmas 19, 123514 (2012).","Experimental characterization of railgun-driven supersonic plasma jets motivated by high energy density physics applications","S.C. Hsu, E.C. Merritt, A.L. Moser, T.J. Awe, S.J.E. Brockington, J.S. Davis, C.S. Adams, A. Case, J.T. Cassibry, J.P. Dunn, M.A. Gilmore, A.G. Lynn, S.J. Messer, F.D. Witherspoon","2012","Physics of Plasmas","10.1063/1.4773320","https://doi.org/10.1063/1.4773320","journal_article","verified_peer_reviewed","B","quota_applications_alternatives;plasma_jet;hyperv;plx;field_magnitude;pulse_duration","Foundational HyperV/PLX railgun plasma-jet source characterization (density ~2e16 cm^-3, velocity ~30 km/s); establishes plasma-parameter/self-generated-field regime.","AIP landing-page abstract + arXiv 1210.5791 cross-check. Stage 10D: DOI record independently re-verified against the live Crossref API (title/year match) 2026-07-27.","abstract_metadata","Jet source physics paper, not itself a magnetic-diagnostic design paper."
"P037","Thompson, M., Nalajala, V., Kelleher, B., et al., ""Century: Zap Energy's 100-kW-Scale Repetitive Sheared-Flow-Stabilized Z-Pinch System with Liquid Metal Cooling,"" Fusion Sci. Technol. 82(1-2) (2025).","Century: Zap Energy's 100-kW-Scale Repetitive Sheared-Flow-Stabilized Z-Pinch System with Liquid Metal Cooling","Matthew Thompson, Vidya Nalajala, Brian Kelleher, et al.","2025","Fusion Science and Technology","10.1080/15361055.2025.2532331","https://doi.org/10.1080/15361055.2025.2532331","journal_article","verified_peer_reviewed","C","quota_applications_alternatives;z_pinch;zap_energy;repetitive_operation;engineering_platform","Zap Energy's Century platform: repetitively pulsed (0.2Hz, >100 shots), 500kA sheared-flow Z-pinch testbed -- the one MIF-adjacent facility in this domain that is not single-shot.","Crossref bibliographic record only (abstract/full text blocked). Stage 10D: DOI record independently re-verified against the live Crossref API (title/year match) 2026-07-27.","metadata_only","Verification is bibliographic only; specific technical claims about probe installation seen in secondary sources were NOT confirmed and are not asserted here."
"P038","Huang, K.Y., Shi, Y., Srpcic, J., Ainslie, M.D., Namburi, D.K., Dennis, A.R., Zhou, D., Boll, M., Filipenko, M., Jaroszynski, J., Hellstrom, E.E., Cardwell, D.A., Durrell, J.H., ""Composite stacks for reliable >17 T trapped fields in bulk superconductor magnets,"" Supercond. Sci. Technol. 33 (2020) 02LT01.","Composite stacks for reliable >17 T trapped fields in bulk superconductor magnets","K Y Huang, Y Shi, J Srpcic, M D Ainslie, D K Namburi, A R Dennis, D Zhou, M Boll, M Filipenko, J Jaroszynski, E E Hellstrom, D A Cardwell, J H Durrell","2020","Superconductor Science and Technology","10.1088/1361-6668/ab5e12","https://doi.org/10.1088/1361-6668/ab5e12","journal_article","verified_peer_reviewed","A","quota_applications_alternatives;hts_magnet;trapped_field;bulk_superconductor;field_cooled_magnetization;cryogenic_hall;flux_creep","Up to ~17.6T trapped-field record; linear Hall-sensor array embedded in the stack measures field during/after magnetization; documented flux-creep decay over ~100min.","IOPscience article page (full text). Stage 10D: DOI record independently re-verified against the live Crossref API (title/year match) 2026-07-27.","full_text","Record-class trapped-field paper."
"P039","Zhou, D., Shi, Y., Dennis, A.R., Cardwell, D.A., Durrell, J.H., ""Flux jumps in ring-shaped and assembled bulk superconductors during pulsed field magnetization,"" Supercond. Sci. Technol. 33 (2020) 034001.","Flux jumps in ring-shaped and assembled bulk superconductors during pulsed field magnetization","Difan Zhou, Yunhua Shi, Anthony R Dennis, David A Cardwell, John H Durrell","2020","Superconductor Science and Technology","10.1088/1361-6668/ab66e7","https://doi.org/10.1088/1361-6668/ab66e7","journal_article","verified_peer_reviewed","A","quota_applications_alternatives;hts_magnet;trapped_field;pulsed_field_magnetization;flux_jump;hall_array;transient","Pulsed-field (transient/high-dB/dt) magnetization regime; 5-sensor Hall array at 2000Hz during the pulse -- Hall used even during rapid transients because sensors are fixed-point, not integrating.","IOPscience article page (full text). Stage 10D: DOI record independently re-verified against the live Crossref API (title/year match) 2026-07-27.","full_text",""
"P040","Patel, A., Baskys, A., Mitchell-Williams, T., McCaul, A., Coniglio, W., Hanisch, J., Lao, M., Glowacki, B.A., ""A trapped field of 17.7 T in a stack of high temperature superconducting tape,"" Supercond. Sci. Technol. 31 (2018) 09LT01.","A trapped field of 17.7 T in a stack of high temperature superconducting tape","Anup Patel, Algirdas Baskys, Tom Mitchell-Williams, Aoife McCaul, William Coniglio, Jens Hanisch, Mayraluna Lao, Bartek A Glowacki","2018","Superconductor Science and Technology","10.1088/1361-6668/aad34c","https://doi.org/10.1088/1361-6668/aad34c","journal_article","verified_peer_reviewed","A","quota_applications_alternatives;hts_magnet;trapped_field;field_cooled_magnetization;t_class_field;cryogenic","17.7T trapped-field record at 8K, sustained to 14K on warming; DC/persistent T-class field magnitude and cryogenic temperature range (4-20K).","web search cross-check (IOPscience/arXiv/Cambridge repository) + Crossref author-list confirmation. Stage 10D: DOI record independently re-verified against the live Crossref API (title/year match) 2026-07-27.","abstract_metadata",""
"P041","Durrell, J.H., Dennis, A.R., Jaroszynski, J., Ainslie, M.D., Palmer, K.G.B., Shi, Y-H., Campbell, A.M., Hull, J., Strasik, M., Hellstrom, E.E., Cardwell, D.A., ""A trapped field of 17.6 T in melt-processed, bulk Gd-Ba-Cu-O reinforced with shrink-fit steel,"" Supercond. Sci. Technol. 27 (2014) 082001.","A trapped field of 17.6 T in melt-processed, bulk Gd-Ba-Cu-O reinforced with shrink-fit steel","J H Durrell, A R Dennis, J Jaroszynski, M D Ainslie, K G B Palmer, Y-H Shi, A M Campbell, J Hull, M Strasik, E E Hellstrom, D A Cardwell","2014","Superconductor Science and Technology","10.1088/0953-2048/27/8/082001","https://doi.org/10.1088/0953-2048/27/8/082001","journal_article","verified_peer_reviewed","A","quota_applications_alternatives;hts_magnet;trapped_field;bulk_superconductor;field_cooled_magnetization;portable_high_field","Prior field-magnitude record (17.6T, field-cooled); frames trapped-field magnets as needing no external current supply post-magnetization -- the operating state a coil cannot sense.","IOPscience article page (title/author list/DOI confirmed). Stage 10D: DOI record independently re-verified against the live Crossref API (title/year match) 2026-07-27.","abstract_metadata",""
"P042","Yanagisawa, Y., Piao, R., Suetomi, Y., Yamazaki, T., Yamagishi, K., Ueno, T., Takao, T., Ohki, K., Yamaguchi, T., Nagaishi, T., Kitaguchi, H., Miyoshi, Y., Yoshikawa, M., Hamada, M., Saito, K., Hachitani, K., Ishii, Y., Maeda, H., ""Development of a persistent-mode NMR magnet with superconducting joints between high-temperature superconductors,"" Supercond. Sci. Technol. 34 (2021) 115006.","Development of a persistent-mode NMR magnet with superconducting joints between high-temperature superconductors","Y Yanagisawa, R Piao, Y Suetomi, T Yamazaki, K Yamagishi, T Ueno, T Takao, K Ohki, T Yamaguchi, T Nagaishi, H Kitaguchi, Y Miyoshi, M Yoshikawa, M Hamada, K Saito, K Hachitani, Y Ishii, H Maeda","2021","Superconductor Science and Technology","10.1088/1361-6668/ac2120","https://doi.org/10.1088/1361-6668/ac2120","journal_article","verified_peer_reviewed","A","quota_applications_alternatives;quota_calibration_observability;hts_magnet;persistent_mode;calibration_reference;nmr_crosscheck;cryogenic_hall;field_drift","Field held in true DC persistent mode >2 years (drift ~0.03e-3 ppm/h); Hall sensor used only for initial coarse tracking, precision reference/cross-check performed by an NMR Teslameter and room-temp solution-NMR probe -- no induction coil used for the static-field measurement.","IOPscience article page (full text). Stage 10D: DOI record independently re-verified against the live Crossref API (title/year match) 2026-07-27.","full_text","Best single source for the persistent-mode/coil-blindness/NMR-reference claims together."
"P043","Tsui, Y., Moseley, D.A., Dennis, A.R., Shi, Y-H., Beck, M.R., Cientanni, V., Cardwell, D.A., Durrell, J.H., Ainslie, M.D., ""Portable, desktop high-field magnet systems using bulk, single-grain RE-Ba-Cu-O high-temperature superconductors,"" Supercond. Sci. Technol. 35 (2022) 084004.","Portable, desktop high-field magnet systems using bulk, single-grain RE-Ba-Cu-O high-temperature superconductors","Y Tsui, D A Moseley, A R Dennis, Y-H Shi, M R Beck, V Cientanni, D A Cardwell, J H Durrell, M D Ainslie","2022","Superconductor Science and Technology","10.1088/1361-6668/ac74e7","https://doi.org/10.1088/1361-6668/ac74e7","journal_article","verified_peer_reviewed","A","quota_applications_alternatives;hts_magnet;trapped_field;pulsed_field_magnetization;hall_array;cryostat;portable_system","Compact desktop cryostat (~41K base, ~1h cooldown, 800x450x400mm footprint); rotating array of 18 Hall sensors and a linear array of 6 Hall probes for trapped-field mapping; capacitor-discharge pulsed magnetization.","IOPscience article page (full text). Stage 10D: DOI record independently re-verified against the live Crossref API (title/year match) 2026-07-27.","full_text","Good source for cryostat/installation-constraint claims."
"P044","Wang, Q., Zhang, H., Hao, L., Hu, J., Wei, H., Patel, I., Shah, A., Coombs, T., ""Magnetisation and demagnetisation of trapped field stacks in a superconducting machine for electric aircraft,"" Supercond. Sci. Technol. 36 (2023) 115023.","Magnetisation and demagnetisation of trapped field stacks in a superconducting machine for electric aircraft","Qi Wang, Hongye Zhang, Luning Hao, Jintao Hu, Haigening Wei, Ismail Patel, Adil Shah, Tim Coombs","2023","Superconductor Science and Technology","10.1088/1361-6668/acfcdf","https://doi.org/10.1088/1361-6668/acfcdf","journal_article","verified_peer_reviewed","B","quota_applications_alternatives;superconducting_motor;trapped_field;pulsed_field_magnetization;electric_aircraft;rotor","Superconducting motor/rotor trapped-field magnetization (iteratively magnetizing reduced-amplitude pulse sequence, 77K nominal); validated against back-EMF/simulation, not direct in-situ Hall/coil field data.","IOPscience article page (full text). Stage 10D: DOI record independently re-verified against the live Crossref API (title/year match) 2026-07-27.","full_text","Diagnostic gap: field mapping during rotation validated via back-EMF/FEM, not a direct sensor."
"P045","Watasaki, M., Izumi, M., Miki, M., Bocquel, C., Shaanika, E., Yamaguchi, K., Ida, T., Englebretson, S., Chin, R., Morita, M., Teshima, H., ""Stability model of bulk HTS field pole of a synchronous rotating machine under load conditions,"" Supercond. Sci. Technol. 34 (2021) 035015.","Stability model of bulk HTS field pole of a synchronous rotating machine under load conditions","Masahiro Watasaki, Mitsuru Izumi, Motohiro Miki, Clement Bocquel, Erasmus Shaanika, Kota Yamaguchi, Tetsuya Ida, Steven Englebretson, Robert Chin, Mitsuru Morita, Hidekazu Teshima","2021","Superconductor Science and Technology","10.1088/1361-6668/abda5b","https://doi.org/10.1088/1361-6668/abda5b","journal_article","verified_peer_reviewed","A","quota_applications_alternatives;superconducting_motor;trapped_field;field_pole;hall_array;cryogenic;long_duration_stability","Superconducting-motor field-pole diagnostic (5 Hall sensors on armature teeth, before/after load-test comparison); cryogenic range 35-40K held to +/-2K; documented long-duration (360h) trapped-flux decay <1%.","IOPscience article page (full text). Stage 10D: DOI record independently re-verified against the live Crossref API (title/year match) 2026-07-27.","full_text","Field measured before/after, not continuously during rotation; static-mount Hall sensors, no dB/dt for a coil to sense."
"P046","Climente-Alarcon, V., Smara, A., Tomkow, L., Glowacki, B.A., Reis, T., ""Testing of Surface Mounted Superconducting Stacks as Trapped-Flux Magnets in a Synchronous Machine,"" IEEE Trans. Appl. Supercond. 30(5) (2020) 1-8.","Testing of Surface Mounted Superconducting Stacks as Trapped-Flux Magnets in a Synchronous Machine","Vicente Climente-Alarcon, Anis Smara, Lukasz Tomkow, Bartek A Glowacki, Thomas Reis","2020","IEEE Transactions on Applied Superconductivity","10.1109/tasc.2020.2976603","https://doi.org/10.1109/tasc.2020.2976603","journal_article","verified_peer_reviewed","A","quota_applications_alternatives;superconducting_motor;superconducting_generator;trapped_field;in_machine_electromagnetic_environment;magnetization","In-machine survivability of trapped-flux stacks under realistic stator-induced currents and generator load -- addresses whether trapped field survives realistic EMI/mechanical/thermal machine environment.","Crossref bibliographic record + search-result abstract summary. Stage 10D: DOI record independently re-verified against the live Crossref API (title/year match) 2026-07-27.","abstract_metadata",""
"P047","Perkins, G.K., Bugoslavsky, Yu.V., Qi, X., MacManus-Driscoll, J.L., Caplin, A.D., ""High field scanning Hall probe imaging of high temperature superconductors,"" IEEE Trans. Appl. Supercond. 11(1) (2001) 3186-3189.","High field scanning Hall probe imaging of high temperature superconductors","G K Perkins, Yu V Bugoslavsky, X Qi, J L MacManus-Driscoll, A D Caplin","2001","IEEE Transactions on Applied Superconductivity","10.1109/77.919740","https://doi.org/10.1109/77.919740","journal_article","verified_peer_reviewed","B","quota_applications_alternatives;hall_probe_imaging;hts_material;high_field;bandwidth;spatial_resolution","Scanning Hall probe imaging as the incumbent technique for spatially resolved field/current-flow mapping of HTS materials at high field.","Crossref bibliographic record. Stage 10D: DOI record independently re-verified against the live Crossref API (title/year match) 2026-07-27.","metadata_only","Materials-characterization (microscopy) scale rather than full-magnet mapping."
"P048","Hengstberger, F., Eisterer, M., Zehetmayer, M., Weber, H.W., ""Assessing the spatial and field dependence of the critical current density in YBCO bulk superconductors by scanning Hall probes,"" Supercond. Sci. Technol. 22 (2009) 025011.","Assessing the spatial and field dependence of the critical current density in YBCO bulk superconductors by scanning Hall probes","F Hengstberger, M Eisterer, M Zehetmayer, H W Weber","2009","Superconductor Science and Technology","10.1088/0953-2048/22/2/025011","https://doi.org/10.1088/0953-2048/22/2/025011","journal_article","verified_peer_reviewed","B","quota_applications_alternatives;hall_probe_mapping;bulk_superconductor;critical_current_density;field_mapping;inversion_method","Standard scanning-Hall-probe field-mapping procedure (motorized xy stage, discrete-point B-field maps, Biot-Savart inversion) as the incumbent diagnostic for bulk HTS characterization.","Crossref bibliographic record + arXiv 0811.4279 abstract cross-check. Stage 10D: DOI record independently re-verified against the live Crossref API (title/year match) 2026-07-27.","abstract_metadata",""
"P049","Eckert, D., Grossinger, R., Doerr, M., Fischer, F., Handstein, A., Hinz, D., Siegel, H., Verges, P., Muller, K-H., ""High precision pick-up coils for pulsed field magnetization measurements,"" Physica B: Condensed Matter 294-295 (2001) 705-708.","High precision pick-up coils for pulsed field magnetization measurements","D Eckert, R Grossinger, M Doerr, F Fischer, A Handstein, D Hinz, H Siegel, P Verges, K-H Muller","2001","Physica B: Condensed Matter","10.1016/s0921-4526(00)00748-1","https://doi.org/10.1016/s0921-4526(00)00748-1","journal_article","verified_peer_reviewed","B","quota_hybrid_coil;quota_applications_alternatives;quota_calibration_observability;pickup_coil;pulsed_field_magnetization;calibration_reference;transient_diagnostic","Pick-up coils as standard diagnostic during the pulsed-field-magnetization transient, calibrated against an independent reference (metamagnetic transition of a MnF2 single crystal).","Crossref bibliographic record. Stage 10D: DOI record independently re-verified against the live Crossref API (title/year match) 2026-07-27.","metadata_only","Complements trapped-field papers by covering the coil-appropriate transient sub-regime."
"P050","Oszwaldowski, M., Berus, T., ""Hall sensors made of n-InSb/GaAs epitaxial layers for low temperature applications,"" Thin Solid Films 515(4) (2006) 2692-2695.","Hall sensors made of n-InSb/GaAs epitaxial layers for low temperature applications","M Oszwaldowski, T Berus","2006","Thin Solid Films","10.1016/j.tsf.2006.07.023","https://doi.org/10.1016/j.tsf.2006.07.023","journal_article","verified_peer_reviewed","B","quota_applications_alternatives;cryogenic_hall;insb_hall_sensor;temperature_coefficient;sensitivity_drift","n-InSb/GaAs epitaxial Hall sensors operating 1.8-250K, doped to reduce temperature coefficient of sensitivity to as low as 0.001%/K.","Crossref bibliographic record. Stage 10D: DOI record independently re-verified against the live Crossref API (title/year match) 2026-07-27.","metadata_only",""
"P051","Oszwaldowski, M., Berus, T., ""Temperature coefficients of Hall sensors made of InSb/GaAs epitaxial layers,"" Sensors and Actuators A: Physical 133(1) (2007) 23-26.","Temperature coefficients of Hall sensors made of InSb/GaAs epitaxial layers","M Oszwaldowski, T Berus","2007","Sensors and Actuators A: Physical","10.1016/j.sna.2006.03.037","https://doi.org/10.1016/j.sna.2006.03.037","journal_article","verified_peer_reviewed","B","quota_applications_alternatives;cryogenic_hall;insb_hall_sensor;temperature_coefficient;offset_drift","Companion paper quantifying temperature coefficients of both sensitivity and offset/resistance for the same InSb/GaAs cryogenic Hall sensor family.","Crossref bibliographic record. Stage 10D: DOI record independently re-verified against the live Crossref API (title/year match) 2026-07-27.","metadata_only",""
"P052","Arpaia, P., Caiafa, G., Russenschuck, S., ""A Rotating-Coil Magnetometer for Scanning Transversal Field Harmonics in Accelerator Magnets,"" Scientific Reports, 9, 1620 (2019).","A Rotating-Coil Magnetometer for Scanning Transversal Field Harmonics in Accelerator Magnets","Pasquale Arpaia, Gianni Caiafa, Stephan Russenschuck","2019","Scientific Reports","10.1038/s41598-018-37371-3","https://doi.org/10.1038/s41598-018-37371-3","journal_article","verified_peer_reviewed","A","quota_hybrid_coil;quota_applications_alternatives;accelerator_magnet;rotating_coil;hall_mapping_bench;field_harmonics;pcb_coil","State-of-the-art local rotating-coil (PCB flexible-coil) transducer for scanning transversal field harmonics in accelerator magnets; rotating-coil remains dominant precision technique over Hall-only mapping.","nature.com publisher metadata + abstract read. Stage 10D: DOI record independently re-verified against the live Crossref API (title/year match) 2026-07-27.","abstract_metadata","CERN group (Russenschuck)."
"P053","Lauria, A., Arpaia, P., Buzio, M., Gilardi, A., Parvis, M., Pentella, M., Sabbatini, L., Simoni, E., Vannozzi, A., ""Rotating-Coil Measurement System for Small-Bore-Diameter Magnet Characterization,"" Sensors 22(21), 8359 (2022).","Rotating-Coil Measurement System for Small-Bore-Diameter Magnet Characterization","Anna Lauria, Pasquale Arpaia, Marco Buzio, Antonio Gilardi, Marco Parvis, Mariano Pentella, Lucia Sabbatini, Enzo Simoni, Alessandro Vannozzi","2022","Sensors (MDPI)","10.3390/s22218359","https://doi.org/10.3390/s22218359","journal_article","verified_peer_reviewed","B","quota_hybrid_coil;quota_applications_alternatives;quota_calibration_observability;accelerator_magnet;rotating_coil;narrow_bore;mechanical_rotation_reference;calibration","Narrow-bore/small-gap installation constraint for rotating-coil systems in accelerator magnets and the mechanical-rotation-reference precision this technique demands.","MDPI/Crossref metadata. Stage 10D: DOI record independently re-verified against the live Crossref API (title/year match) 2026-07-27.","abstract_metadata","CERN/Politecnico di Torino collaboration."
"P054","Rogacki, P., Fiscarelli, L., Russenschuck, S., Hameyer, K., ""A Rotating-Coil Scanner for the Precise Magnetic Characterization of Superconducting Accelerator Magnets at Ambient Temperature,"" IEEE Transactions on Magnetics, 57(2) (2021).","A Rotating-Coil Scanner for the Precise Magnetic Characterization of Superconducting Accelerator Magnets at Ambient Temperature","Piotr Rogacki, Lucio Fiscarelli, Stephan Russenschuck, Kay Hameyer","2021","IEEE Transactions on Magnetics","10.1109/tmag.2020.3005722","https://doi.org/10.1109/TMAG.2020.3005722","journal_article","verified_peer_reviewed","A","quota_hybrid_coil;quota_applications_alternatives;accelerator_magnet;rotating_coil;hl_lhc;ppm_precision;field_harmonics","HL-LHC inner-triplet-quadrupole rotating-coil scanner; reported accuracy requirements (main field strength ~100ppm, angular alignment 0.1mrad, position 0.1mm).","Crossref metadata; numeric figures from search-surfaced abstract, not independently re-verified against full text. Stage 10D: DOI record independently re-verified against the live Crossref API (title/year match) 2026-07-27.","abstract_metadata","Numeric precision claims should be re-confirmed against full text before being quoted as hard values."
"P055","Vella Wallbank, J., Amodeo, M., Beaumont, A., Buzio, M., Di Capua, V., Grech, C., Sammut, N., Giloteaux, D., ""Development of a Real-Time Magnetic Field Measurement System for Synchrotron Control,"" Electronics, 10(17), 2140 (2021).","Development of a Real-Time Magnetic Field Measurement System for Synchrotron Control","Joseph Vella Wallbank, Maria Amodeo, Anthony Beaumont, Marco Buzio, Vincenzo Di Capua, Christian Grech, Nicholas Sammut, David Giloteaux","2021","Electronics (MDPI)","10.3390/electronics10172140","https://doi.org/10.3390/electronics10172140","journal_article","verified_peer_reviewed","B","quota_applications_alternatives;quota_calibration_observability;accelerator_magnet;nmr_reference;real_time_measurement;synchrotron;iron_dominated_magnet","Real-time NMR-referenced field measurement for synchrotron (iron-dominated, ramped/quasi-static) magnets at CERN.","Crossref metadata + WebFetch abstract-level content. Stage 10D: DOI record independently re-verified against the live Crossref API (title/year match) 2026-07-27.","abstract_metadata","Supports ramped/quasi-static (not fast-pulsed) framing distinguishing accelerator-magnet duty cycle."
"P056","Zhang, X., Wu, Z., Jin, L., Yang, J., Ou, X., Ni, D., Cheng, Y., Zhao, L., Tong, Y., Dong, W., Wu, B., Li, G., Yao, Q., ""Portable Magnetic Field Mapping Measurement System Based on Large-Scale Dipole Magnets in HIAF,"" Metrology, 5(2), 22 (2025).","Portable Magnetic Field Mapping Measurement System Based on Large-Scale Dipole Magnets in HIAF","Xiang Zhang, Zidi Wu, Li'an Jin, Jing Yang, Xianjin Ou, Dongsheng Ni, Yue Cheng, Lixia Zhao, Yujin Tong, Weigang Dong, Beimin Wu, Guohong Li, Qinggao Yao","2025","Metrology (MDPI)","10.3390/metrology5020022","https://doi.org/10.3390/metrology5020022","journal_article","verified_peer_reviewed","B","quota_applications_alternatives;accelerator_magnet;hall_mapping_bench;dipole_magnet;high_field;fragment_separator","Traditional Hall probe mapping documented as incumbent baseline for large dipole magnets (up to/around 7T region, fragment-separator dipoles at HIAF) with limitations (disassembly time/cost/error) motivating a new scanning approach.","Crossref metadata + WebFetch abstract. Stage 10D: DOI record independently re-verified against the live Crossref API (title/year match) 2026-07-27.","abstract_metadata","Non-Western facility (HIAF, China); included per SOURCE_POLICY no-geographic-exclusion rule."
"P057","Arpaia, P., Buzio, M., Golluccio, G., Walckiers, L., ""In situ calibration of rotating sensor coils for magnet testing,"" Review of Scientific Instruments, 83(1), 013306 (2012).","In situ calibration of rotating sensor coils for magnet testing","Pasquale Arpaia, Marco Buzio, Giancarlo Golluccio, Louis Walckiers","2012","Review of Scientific Instruments","10.1063/1.3675578","https://doi.org/10.1063/1.3675578","journal_article","verified_peer_reviewed","A","quota_hybrid_coil;quota_applications_alternatives;quota_calibration_observability;accelerator_magnet;rotating_coil;calibration;reference_quadrupole;mechanical_rotation_reference","In-situ method for calibrating a rotating coil's equivalent magnetic area and rotation radius using a reference quadrupole magnet -- alternative calibration path (reference magnet, not NMR).","Crossref metadata + WebFetch abstract. Stage 10D: DOI record independently re-verified against the live Crossref API (title/year match) 2026-07-27.","abstract_metadata",""
"P058","Prigl, R., Haeberlen, U., Jungmann, K., zu Putlitz, G., von Walter, P., ""A high precision magnetometer based on pulsed NMR,"" Nuclear Instruments and Methods in Physics Research Section A, 374(1), 118-126 (1996).","A high precision magnetometer based on pulsed NMR","R. Prigl, U. Haeberlen, K. Jungmann, G. zu Putlitz, P. von Walter","1996","Nuclear Instruments and Methods in Physics Research Section A","10.1016/0168-9002(96)37493-7","https://doi.org/10.1016/0168-9002(96)37493-7","journal_article","verified_peer_reviewed","A","quota_applications_alternatives;quota_calibration_observability;nmr_reference;accelerator_magnet;absolute_calibration;ppm_precision;muon_g-2","Foundational NMR magnetometer paper (BNL muon g-2, 1.45T region, 1e-7 relative accuracy target, achieved ~1e-8 precision); NMR as gold-standard absolute reference for accelerator-environment calibration.","Crossref bibliographic search (matched twice independently); direct doi.org resolution not completed in this session. Stage 10D: DOI record independently re-verified against the live Crossref API (title/year match) 2026-07-27.","metadata_only","DOI format flagged by researching agent as unusual; recommend direct doi.org resolution check before final commitment (performed in this compilation step, see verification log)."
"P059","Rodriguez, G.G., Forte, G., Anoardo, E., ""Using Proton Nuclear Magnetic Resonance (NMR) as a calibrating reference for magnetic field measurement instruments: Sensitive volume and magnetic field homogeneity,"" Measurement, 151, 107228 (2020).","Using Proton Nuclear Magnetic Resonance (NMR) as a calibrating reference for magnetic field measurement instruments: Sensitive volume and magnetic field homogeneity","Gonzalo G. Rodriguez, Guillermo Forte, Esteban Anoardo","2020","Measurement","10.1016/j.measurement.2019.107228","https://doi.org/10.1016/j.measurement.2019.107228","journal_article","verified_peer_reviewed","B","quota_applications_alternatives;quota_calibration_observability;nmr_reference;calibration;field_homogeneity;metrology","Practical limits of proton NMR as an absolute calibration reference (sensitive-volume size and field-inhomogeneity effects).","Crossref metadata. Stage 10D: DOI record independently re-verified against the live Crossref API (title/year match) 2026-07-27.","abstract_metadata","Generic metrology grounding, not accelerator-specific."
"P060","Greene, K., Hansen, C.T., Miles, D.M., ""On the Impact of Thermal Gradients Across Fluxgate Sensors on In Situ Magnetic Field Measurements,"" Journal of Geophysical Research: Space Physics, 128 (2023).","On the Impact of Thermal Gradients Across Fluxgate Sensors on In Situ Magnetic Field Measurements","K. Greene, C. T. Hansen, D. M. Miles","2023","Journal of Geophysical Research: Space Physics","10.1029/2023ja031369","https://doi.org/10.1029/2023ja031369","journal_article","verified_peer_reviewed","B","quota_applications_alternatives;fluxgate;alternative_sensor;temperature_dependence;space_application;field_range_comparison","Fluxgate DC/low-frequency sensitivity is sensitive to sensor-body thermal gradients, not just bulk temperature.","Crossref metadata (publisher abstract blocked, HTTP 402). Stage 10D: DOI record independently re-verified against the live Crossref API (title/year match) 2026-07-27.","metadata_only",""
"P061","Wei, S., Liao, X., Zhang, H., Pang, J., Zhou, Y., ""Recent Progress of Fluxgate Magnetic Sensors: Basic Research and Application,"" Sensors, 21(4), 1500 (2021).","Recent Progress of Fluxgate Magnetic Sensors: Basic Research and Application","Songrui Wei, Xiaoqi Liao, Han Zhang, Jianhua Pang, Yan Zhou","2021","Sensors (MDPI)","10.3390/s21041500","https://doi.org/10.3390/s21041500","review_article","verified_peer_reviewed","B","quota_applications_alternatives;quota_calibration_observability;fluxgate;alternative_sensor;review;noise_floor;field_range_comparison;calibration","Review-level mapping of fluxgate noise floor, core geometry, excitation-scheme sensitivity, and application domains.","Crossref metadata + abstract-level search summary. Stage 10D: DOI record independently re-verified against the live Crossref API (title/year match) 2026-07-27.","abstract_metadata","Review article, labeled as such."
"P062","Sanz, R., Fernandez, A.B., Dominguez, J.A., Martin, B., Michelena, M.D., ""Gamma Irradiation of Magnetoresistive Sensors for Planetary Exploration,"" Sensors, 12(4), 4447-4465 (2012).","Gamma Irradiation of Magnetoresistive Sensors for Planetary Exploration","Ruy Sanz, Ana B. Fernandez, Jose A. Dominguez, Boris Martin, Marina D. Michelena","2012","Sensors (MDPI)","10.3390/s120404447","https://doi.org/10.3390/s120404447","journal_article","verified_peer_reviewed","A","quota_radiation;quota_applications_alternatives;amr;gmr;alternative_sensor;radiation_tolerance;gamma_irradiation;space_application","AMR sensors without integrated front-end electronics tolerate gamma doses up to 200 krad(Si) at 5 krad(Si)/hr with tens-of-nT resolution retained; front-end electronics is the more radiation-vulnerable element.","Open-access PMC full text available; DOI/venue confirmed. Stage 10D: DOI record independently re-verified against the live Crossref API (title/year match) 2026-07-27.","abstract_metadata","INTA (Spain) group; gamma only, not neutron -- must not be generalized to displacement damage."
"P063","(2025). ""Radiation tolerance of tunneling magnetoresistance sensors under bias voltage,"" Science China Physics, Mechanics & Astronomy, 68, 127512.","Radiation tolerance of tunneling magnetoresistance sensors under bias voltage","Yingqian Xu; Peng Chen; Yizhan Wang; Jiafeng Feng; Jianing Lin; Jinghong Guo; Shuaipeng Wang; Hui Huang; Caihua Wan; Houfang Liu; Hongxiang Wei; Xingyao Zhang; Jing Sun; Qi Guo; Xiufeng Han","2025","Science China Physics, Mechanics & Astronomy","10.1007/s11433-025-2784-y","https://doi.org/10.1007/s11433-025-2784-y","journal_article","verified_peer_reviewed","B","quota_radiation;quota_applications_alternatives;tmr;alternative_sensor;radiation_tolerance;gamma;x-ray;current_sensing","TMR magnetic sensors (418mV/(V*Oe) sensitivity, ~200pT/rtHz noise) showed no degradation in key performance indicators under gamma/X-ray dose 0-5Mrad(Si) when biased during irradiation.","Crossref/Springer metadata; author list unresolved. Stage 10D: DOI record independently re-verified against the live Crossref API (title match 1.0); complete 15-author list retrieved from the Crossref record (2026-07-27).","abstract_metadata","Downgraded to peer_review_uncertain pending full author-list confirmation; gamma/X-ray only, not neutron. STATUS UPGRADED at stage 10D (peer_review_uncertain -> verified_peer_reviewed): the sole blocker was an unresolved author list; the live Crossref record returns the complete 15-author list (Xu ... Han), resolving it. Venue-level peer review (Science China Phys. Mech. Astron.) was never in doubt. Gamma/X-ray-only caveat unchanged."
"P064","An, Z., Zhang, L., Fan, Y., Li, Q., Li, D., ""A comprehensive review of TMR current sensors for smart grids: Materials, optimization methods, and applications,"" Sensors and Actuators A: Physical, 382, 116174 (2025).","A comprehensive review of TMR current sensors for smart grids: Materials, optimization methods, and applications","Zhengang An, Lei Zhang, Yanyun Fan, Qingtong Li, Dachao Li","2025","Sensors and Actuators A: Physical","10.1016/j.sna.2024.116174","https://doi.org/10.1016/j.sna.2024.116174","review_article","verified_peer_reviewed","B","quota_applications_alternatives;tmr;alternative_sensor;review;current_sensing;field_range_comparison;bandwidth","TMR current sensors offer wide linear range, low power, and DC-through-broadband current sensing -- a genuine single-channel DC+AC competitor to a Hall+coil hybrid.","Crossref metadata + abstract-level search summary. Stage 10D: DOI record independently re-verified against the live Crossref API (title/year match) 2026-07-27.","abstract_metadata","Review article, labeled as such."
"P065","Lahav, D., Schultz, M., Amrusi, S., Grosz, A., Klein, L., ""Planar Hall Effect Magnetic Sensors with Extended Field Range,"" Sensors, 24(13), 4384 (2024).","Planar Hall Effect Magnetic Sensors with Extended Field Range","Daniel Lahav, Moty Schultz, Shai Amrusi, Asaf Grosz, Lior Klein","2024","Sensors (MDPI)","10.3390/s24134384","https://doi.org/10.3390/s24134384","journal_article","verified_peer_reviewed","B","quota_applications_alternatives;planar_hall;alternative_sensor;field_range;noise_floor;original_evidence","Sub-mT field range for pT/rtHz-class noise performance; anisotropy-engineering method to extend field range.","Crossref metadata; PMC open-access full-text availability confirmed. Stage 10D: DOI record independently re-verified against the live Crossref API (title/year match) 2026-07-27.","abstract_metadata",""
"P066","Karabulut, D., Miazin, A., Gusarov, A., Moreau, P., Leysen, W., Megret, P., Wuilpart, M., ""Effect of Faraday mirror imperfections in a fiber optic current sensor dedicated to ITER,"" Fusion Engineering and Design, 146, 1176-1179 (2019).","Effect of Faraday mirror imperfections in a fiber optic current sensor dedicated to ITER","Dogus Karabulut, Anton Miazin, Andrei Gusarov, Philippe Moreau, Willem Leysen, Patrice Megret, Marc Wuilpart","2019","Fusion Engineering and Design","10.1016/j.fusengdes.2018.11.011","https://doi.org/10.1016/j.fusengdes.2018.11.011","journal_article","verified_peer_reviewed","A","quota_applications_alternatives;quota_calibration_observability;fiber_optic_current_sensor;faraday_effect;alternative_sensor;fusion_application;iter;calibration","ITER-class FOCS accuracy presently limited by Faraday-mirror imperfections/detuning; compensation formula plus mirror-detuning metrology can meet ITER plasma-current-range requirements.","Crossref metadata + abstract-level search summary. Stage 10D: DOI record independently re-verified against the live Crossref API (title/year match) 2026-07-27.","abstract_metadata","Distinct from a similar, already-baselined DOI one digit off (verified as genuinely distinct via Crossref)."
"P067","Sarancha, G.A., Drozd, A.S., Kudashev, M.S., Sergeev, D.S., ""Fiber-Optic Current Sensor Concept for the T-15MD Tokamak,"" Physics of Atomic Nuclei, 88 (2025).","Fiber-Optic Current Sensor Concept for the T-15MD Tokamak","G. A. Sarancha, A. S. Drozd, M. S. Kudashev, D. S. Sergeev","2025","Physics of Atomic Nuclei","10.1134/s1063778825130101","https://doi.org/10.1134/s1063778825130101","journal_article","verified_peer_reviewed","B","quota_applications_alternatives;fiber_optic_current_sensor;faraday_effect;alternative_sensor;fusion_application;tokamak","Independent tokamak-application context for Faraday-effect fiber-optic current sensors (T-15MD), broadening applications base beyond ITER/EAST/JET.","Crossref metadata (journal-article version distinguished from a conference-proceedings preprint of the same work). Stage 10D: DOI record independently re-verified against the live Crossref API (title/year match) 2026-07-27.","metadata_only",""
"P068","Blumler, P., Fertl, M., Grafe, H-J., Graf, R., Heil, W., ""Precision magnetometry at cryogenic temperatures with gaseous 3He NMR probes,"" Review of Scientific Instruments, 96 (2025).","Precision magnetometry at cryogenic temperatures with gaseous 3He NMR probes","P. Blumler, M. Fertl, H.-J. Grafe, R. Graf, W. Heil","2025","Review of Scientific Instruments","10.1063/5.0258240","https://doi.org/10.1063/5.0258240","journal_article","verified_peer_reviewed","A","quota_applications_alternatives;quota_calibration_observability;nmr;alternative_sensor;precision_magnetometry;cryogenic;calibration_reference","In-situ optically-pumped 3He NMR probes reach ~1e-12 relative precision at cryogenic temperature -- practical high-precision, DC-only ceiling for NMR-based calibration references.","Crossref metadata (RSI journal-article record distinguished from arXiv preprint). Stage 10D: DOI record independently re-verified against the live Crossref API (title/year match) 2026-07-27.","abstract_metadata","Cryogenic, not room-temperature, operating condition."
"P069","Fagaly, R.L., ""Superconducting quantum interference device instruments and applications,"" Review of Scientific Instruments, 77(10), 101101 (2006).","Superconducting quantum interference device instruments and applications","R. L. Fagaly","2006","Review of Scientific Instruments","10.1063/1.2354545","https://doi.org/10.1063/1.2354545","review_article","verified_peer_reviewed","A","quota_applications_alternatives;squid;alternative_sensor;review;cryogenic;biomagnetism;geophysics;sensitivity","Foundational review of SQUID design/fabrication/operation and application domains; extreme (fT/rtHz-class) sensitivity vs mandatory cryogenic cooling and narrow dynamic/field range.","Crossref/AIP publisher metadata + abstract-level content. Stage 10D: DOI record independently re-verified against the live Crossref API (title/year match) 2026-07-27.","abstract_metadata","Review article, labeled as such."
"P070","Goree, W.S., Fuller, M., ""Magnetometers using rf-driven SQUIDs and their applications in rock magnetism and paleomagnetism,"" Reviews of Geophysics, 14(4), 591-608 (1976).","Magnetometers using rf-driven SQUIDs and their applications in rock magnetism and paleomagnetism","W. S. Goree, M. Fuller","1976","Reviews of Geophysics","10.1029/rg014i004p00591","https://doi.org/10.1029/rg014i004p00591","review_article","verified_peer_reviewed","C","quota_applications_alternatives;squid;alternative_sensor;review;geophysics;application_context","Concrete non-biomagnetism SQUID use case (paleomagnetism/rock magnetism) with quantitative sensitivity figure.","Crossref metadata + abstract-level content. Stage 10D: DOI record independently re-verified against the live Crossref API (title/year match) 2026-07-27.","abstract_metadata","Historical (1976); cited for foundational application context."
"P071","Rondin, L., Tetienne, J-P., Hingant, T., Roch, J-F., Maletinsky, P., Jacques, V., ""Magnetometry with nitrogen-vacancy defects in diamond,"" Reports on Progress in Physics, 77(5), 056503 (2014).","Magnetometry with nitrogen-vacancy defects in diamond","L. Rondin, J.-P. Tetienne, T. Hingant, J.-F. Roch, P. Maletinsky, V. Jacques","2014","Reports on Progress in Physics","10.1088/0034-4885/77/5/056503","https://doi.org/10.1088/0034-4885/77/5/056503","review_article","verified_peer_reviewed","A","quota_applications_alternatives;nv_center;quantum_magnetometry;alternative_sensor;review;sensitivity;bandwidth","Field-leading review of NV-center magnetometry principles, sensitivity regimes (down to fT/rtHz-class in ensemble configurations), DC/quasi-static-to-moderate-bandwidth operating envelope.","Crossref/IOP metadata + multiple independent search-result mentions. Stage 10D: DOI record independently re-verified against the live Crossref API (title/year match) 2026-07-27.","abstract_metadata","Review article; does not itself address radiation tolerance or fusion applicability."
"P072","Doherty, M.W., Manson, N.B., Delaney, P., Jelezko, F., Wrachtrup, J., Hollenberg, L.C.L., ""The nitrogen-vacancy colour centre in diamond,"" Physics Reports, 528(1), 1-45 (2013).","The nitrogen-vacancy colour centre in diamond","M. W. Doherty, N. B. Manson, P. Delaney, F. Jelezko, J. Wrachtrup, L. C. L. Hollenberg","2013","Physics Reports","10.1016/j.physrep.2013.02.001","https://doi.org/10.1016/j.physrep.2013.02.001","review_article","verified_peer_reviewed","A","quota_applications_alternatives;nv_center;quantum_magnetometry;alternative_sensor;review;temperature_dependence;material_physics","Comprehensive foundational review of NV-center physics including temperature-dependent spin properties.","Crossref/ScienceDirect metadata + search-result summary. Stage 10D: DOI record independently re-verified against the live Crossref API (title/year match) 2026-07-27.","abstract_metadata","Review article; predates fusion/radiation applicability discussion."
"P073","Ripka, P., Janosek, M., ""Advances in Magnetic Field Sensors,"" IEEE Sensors Journal, 10(6), 1108-1116 (2010).","Advances in Magnetic Field Sensors","Pavel Ripka, Michal Janosek","2010","IEEE Sensors Journal","10.1109/jsen.2010.2043429","https://doi.org/10.1109/jsen.2010.2043429","review_article","verified_peer_reviewed","A","quota_applications_alternatives;alternative_sensor;review;hall;fluxgate;amr;gmr;field_range_comparison;standalone_sensor_baseline","Cross-technology comparative review (Hall, fluxgate, AMR/GMR/TMR, magnetoresistive, resonant sensors); single authoritative cross-technology baseline.","Crossref metadata. Stage 10D: DOI record independently re-verified against the live Crossref API (title/year match) 2026-07-27.","metadata_only","Widely cited review; used as a cross-technology anchor."
"P074","Yager-Elorriaga, D.A., Gomez, M.R., Ruiz, D.E., Slutz, S.A., Harvey-Thompson, A.J., et al., ""An overview of magneto-inertial fusion on the Z machine at Sandia National Laboratories,"" Nuclear Fusion, 62(4), 042015 (2022).","An overview of magneto-inertial fusion on the Z machine at Sandia National Laboratories","D.A. Yager-Elorriaga, M.R. Gomez, D.E. Ruiz, S.A. Slutz, A.J. Harvey-Thompson, et al.","2022","Nuclear Fusion","10.1088/1741-4326/ac2dbe","https://doi.org/10.1088/1741-4326/ac2dbe","journal_article","verified_peer_reviewed","B","quota_applications_alternatives;applications;pulsed_power;z_pinch;magneto_inertial_fusion;magnetic_diagnostics","Sandia Z/Mykonos program overview confirming an active facility fielding magnetic (B-dot) diagnostics for MIF; used as group-landscape supporting evidence.","Crossref metadata + IOPscience abstract/author-affiliation independently confirmed. Stage 10D: DOI record independently re-verified against the live Crossref API (title/year match) 2026-07-27.","abstract_metadata","Overview/review-style paper; B-dot diagnostics are one part of broader scope."
"P075","Fry, J.R., Ruggiero, G., Bergsma, F., ""Precision magnetic field mapping for CERN experiment NA62,"" Journal of Physics G: Nuclear and Particle Physics, 43(12), 125004 (2016).","Precision magnetic field mapping for CERN experiment NA62","John R. Fry, Giuseppe Ruggiero, Felix Bergsma","2016","Journal of Physics G: Nuclear and Particle Physics","10.1088/0954-3899/43/12/125004","https://doi.org/10.1088/0954-3899/43/12/125004","journal_article","verified_peer_reviewed","C","quota_applications_alternatives;applications;accelerator_metrology;hall_probe;field_mapping","CERN accelerator-magnet Hall-probe field-mapping methodology for NA62; mature precision-metrology comparison case for Hall-probe use outside fusion.","Crossref metadata; IOPscience article page independently confirmed. Stage 10D: DOI record independently re-verified against the live Crossref API (title/year match) 2026-07-27.","abstract_metadata","Non-fusion accelerator context."
"P076","Shi, Y., Ainslie, M.D., Dennis, A.R., Durrell, J.H., Cardwell, D.A., ""Optimisation of stacked, bulk high temperature superconductors for trapped-field magnet applications,"" Superconductor Science and Technology, 36(8), 085018 (2023).","Optimisation of stacked, bulk high temperature superconductors for trapped-field magnet applications","Yunhua Shi, Mark D. Ainslie, Anthony R. Dennis, John H. Durrell, David A. Cardwell","2023","Superconductor Science and Technology","10.1088/1361-6668/ace2ef","https://doi.org/10.1088/1361-6668/ace2ef","journal_article","verified_peer_reviewed","C","quota_applications_alternatives;applications;superconducting_magnets;hts;hall_probe;trapped_field","18-probe rotating Hall array (1.5mm standoff) used for trapped-field HTS magnet characterization; supports the superconducting/HTS application lane and standalone-Hall alternative-technology mapping.","IOPscience full abstract/methods excerpt independently confirmed via WebFetch; Crossref metadata confirmed. Stage 10D: DOI record independently re-verified against the live Crossref API (title/year match) 2026-07-27.","abstract_metadata",""
"H067","Entler, Duran, Kocan, Vayakis, Sladek & Grover, Fusion Eng. Des. 168 (2021) 112398","Calibration of the ITER outer vessel steady-state magnetic sensors","Slavomir Entler; Ivan Duran; Martin Kocan; George Vayakis; Petr Sladek; Vlastimil Grover","2021","Fusion Engineering and Design, vol. 168, 112398","10.1016/j.fusengdes.2021.112398","https://doi.org/10.1016/j.fusengdes.2021.112398","journal_article","verified_peer_reviewed","A","quota_hybrid_coil;quota_calibration_observability;direct_hybrid;calibration_or_observer;coil_or_integrator;hall_reference","Abstract-verified: 60 OVSS units (bismuth Hall pairs + onboard thermocouple) on the ITER vacuum vessel outer shell; pre-installation calibration chain designed to meet 4 mT (2-sigma) accuracy over 0-2.5 T. Body-level (search-index snippet, flagged, consistent across two independent queries): plan to readjust slowly-reducing OVSS sensitivity over the ITER lifetime by CROSS-CALIBRATING OVSS AGAINST THE OUTER-VESSEL INDUCTIVE COILS during plasma current ramp-up/ramp-down - published coil-to-Hall reverse-direction plan in a tokamak.","Stage 70: DOI/title/authors/venue/volume verified via live Crossref; abstract independently retrieved via Semantic Scholar and read; the cross-calibration sentence is body text seen only in search-index snippets (publisher page HTTP 403) - NOT full-text-read, flagged everywhere it is used.","abstract_metadata","Added at stage 70 (red team) to carry the OVSS-pairing/reverse-calibration evidence formerly mis-anchored on P003. Same normalized DOI as folder-06 row S0148 (counts as overlap, not new, in the folder-06 delta)."
"H068","Kocan, Duran, Entler, Vayakis, Carmona, Gitton et al., Fusion Eng. Des. 123 (2017) 936-939","Final design of the ITER outer vessel steady-state magnetic sensors","Martin Kocan; Ivan Duran; Slavomir Entler; George Vayakis; et al.","2017","Fusion Engineering and Design, vol. 123, pp. 936-939","10.1016/j.fusengdes.2017.03.043","https://doi.org/10.1016/j.fusengdes.2017.03.043","journal_article","verified_peer_reviewed","A","quota_hybrid_coil;quota_calibration_observability;direct_hybrid;calibration_or_observer;coil_or_integrator;hall_reference","Abstract-verified: OVSS final design - poloidal array of 60 sensors welded to the vacuum vessel outer surface, each a PAIR of bismuth Hall sensors (poloidal-plane parallel + normal axes); sensors tested under ITER-relevant conditions (neutron irradiation, bakeout) to at least +/-7 T; AC analogue lock-in current-spinning electronics to eliminate offset and planar-Hall spurious voltage.","Stage 70: DOI/title/authors/venue/volume/pages verified via live Crossref; abstract independently retrieved via Semantic Scholar and read.","abstract_metadata","Added at stage 70 (red team). Same normalized DOI as folder-06 row S0149 (counts as overlap, not new, in the folder-06 delta). Establishes OVSS as design/manufacture-stage: ITER is not operating - no OVSS pairing direction has operating-tokamak experience."
"P077","England, Yoon, Kim, Lee et al., Fusion Eng. Des. 86 (2011) 20-26","Tokamak field error measurements with an electron beam in KSTAR","A.C. England; S.W. Yoon; W.C. Kim; D.K. Lee; et al.","2011","Fusion Engineering and Design, vol. 86, pp. 20-26","10.1016/j.fusengdes.2010.07.021","https://doi.org/10.1016/j.fusengdes.2010.07.021","journal_article","verified_peer_reviewed","B","quota_applications_alternatives;quota_calibration_observability;stellarator_field_mapping;error_field;w7-x;trim_coils;flux_surface_mapping;calibration_reference","Metadata-verified; content at snippet level (flagged): KSTAR commissioning measured vertical-field/field-null errors with a movable electron beam probe PLUS Hall sensor arrays IN ADDITION TO pickup coils - adjacent (tokamak) prior practice of combining Hall arrays and coils for vacuum/error-field commissioning; must be cited-and-distinguished by any stellarator-niche novelty claim (C32/C36d).","Stage 70: DOI/title/authors/venue/volume/pages verified via live Crossref and OpenAlex; abstract/body not independently read (publisher 403) - content characterization from search-snippet level only, flagged.","metadata_only","Added at stage 70 (red team) as counterevidence adjacency for the stellarator-mapping novelty claim. No folder-06 duplicate (checked by normalized DOI/title)."
