source_id,citation,title,authors,year,venue,doi,url,source_type,peer_review_status,quality_tier,topic_tags,claims_supported,verification_basis,access_level,notes
S0001,"Koide et al., J. Phys.: Conf. Ser. 352, 012009 (2012)",High Temperature Hall sensors using AlGaN/GaN HEMT Structures,S. Koide; H. Takahashi; A. Abderrahmane; I. Shibasaki; A. Sandhu,2012,Journal of Physics: Conference Series,10.1088/1742-6596/352/1/012009,https://doi.org/10.1088/1742-6596/352/1/012009,conference_paper,verified_peer_reviewed,B,AlGaN/GaN;HEMT;Hall sensor;high temperature;current-related sensitivity,Prior GaN Hall sensitivity vs. temperature baseline for novelty comparison table,WebFetch of IOPscience article page confirmed title/authors/journal/vol/DOI and abstract results,abstract_metadata,"Reports 77 V/A/T at RT, 67 V/A/T at 400C (13% drop); mobility 1360 cm2/Vs, 2DEG density 1.0e13 cm-2. JPCS is a peer-reviewed conference-proceedings series. [Provenance: A0001]"
S0002,"Abderrahmane et al., IEEE Trans. Magn. 48(11), 4421-4423 (2012)",Robust Hall Effect Magnetic Field Sensors for Operation at High Temperatures and in Harsh Radiation Environments,Abdelkader Abderrahmane; Shota Koide; Shin-Ichiro Sato; Takeshi Ohshima; Adarsh Sandhu; Hiroshi Okada,2012,IEEE Transactions on Magnetics,10.1109/TMAG.2012.2196986,https://doi.org/10.1109/TMAG.2012.2196986,journal_article,verified_peer_reviewed,B,AlGaN/GaN;2DEG;Hall sensor;radiation tolerance;high temperature;harsh environment,GaN Hall sensor radiation tolerance and 400C operation precedent for harsh-environment/novelty framing,"Crossref DOI-record confirmed title/authors/journal/vol/issue/pages/year; abstract-level proton-irradiation result corroborated via independent search snippet, not by direct IEEE Xplore fetch (blocked)",abstract_metadata,"Reports tolerance to 1e13 cm-2 at 380 keV proton dose plus 400C operation, vs. GaAs/InSb degrading near 120C. [Provenance: A0002]"
S0003,"Schoche et al., Appl. Phys. Lett. 98(9), 092103 (2011)",Terahertz optical-Hall effect characterization of two-dimensional electron gas properties in AlGaN/GaN high electron mobility transistor structures,S. Schoche; Junxia Shi; A. Boosalis; P. Kuhne; C. M. Herzinger; J. A. Woollam; W. J. Schaff; L. F. Eastman; M. Schubert; T. Hofmann,2011,Applied Physics Letters,10.1063/1.3556617,https://doi.org/10.1063/1.3556617,journal_article,verified_peer_reviewed,A,AlGaN/GaN;2DEG;carrier density;electron mobility;optical Hall effect,"Independent (non-electrical) carrier density/mobility characterization for AlGaN/GaN 2DEG, cross-validates Hall-sensitivity baseline",Crossref DOI-record confirmed title/10-author list/journal/vol/issue/article no./year,metadata_only,Bibliographic record confirmed via Crossref only; abstract content not independently isolated this session. [Provenance: A0003]
S0004,"Alpert et al., IEEE Sensors J. 19(10), 3640-3646 (2019)",Effect of Geometry on Sensitivity and Offset of AlGaN/GaN and InAlN/GaN Hall-Effect Sensors,Hannah S. Alpert; Karen M. Dowling; Caitlin A. Chapin; Ananth Saran Yalamarthy; Savannah R. Benbrook; Helmut Koeck; Udo Ausserlechner; Debbie G. Senesky,2019,IEEE Sensors Journal,10.1109/JSEN.2019.2895546,https://doi.org/10.1109/JSEN.2019.2895546,journal_article,verified_peer_reviewed,A,AlGaN/GaN;InAlN/GaN;2DEG;Hall geometry;current-related sensitivity;voltage-related sensitivity;offset,Direct Senesky-group prior art on GaN Hall sensor geometry/sensitivity/offset trade-offs -- key novelty comparator for the submitted manuscript's offset-cancellation gap,Independently re-verified this session: Crossref DOI-record fetch confirmed title/full 8-author list/journal/vol 19/issue 10/pages 3640-3646/2019; matches arXiv:1812.01078 preprint of same title/authors,abstract_metadata,"Point contacts: 68.9 V/A/T current-scaled sensitivity; equal-side contacts: 86.9 mV/V/T voltage-scaled; consistently low offsets across geometries. Co-authored by D. G. Senesky, Tim's own PhD advisor -- direct lab lineage, not independent third-party corroboration. [Provenance: A0004]"
S0005,"Dowling et al., IEEE Sensors Lett. 3(3), 1-4 (2019)",Micro-Tesla Offset in Thermally Stable AlGaN/GaN 2DEG Hall Plates Using Current Spinning,Karen M. Dowling; Hannah S. Alpert; Ananth Saran Yalamarthy; Peter F. Satterthwaite; Sai Kumar; Helmut Koeck; Udo Ausserlechner; Debbie G. Senesky,2019,IEEE Sensors Letters,10.1109/LSENS.2019.2898157,https://doi.org/10.1109/LSENS.2019.2898157,journal_article,verified_peer_reviewed,A,AlGaN/GaN;2DEG;current spinning;offset cancellation;GaN;WBG,Direct GaN-specific current-spinning offset-cancellation prior art -- the exact technique underlying project 02's calibrated readout and the core comparator for the submitted manuscript's uncalibrated status,Crossref DOI-record confirmed title/8-author list/journal/vol 3/issue 3/pages/2019; corroborated by matching arXiv:1812.00363 preprint,abstract_metadata,"Reports 4-phase current spinning reducing offset to ~3.4 +/- 2 uT residual (~20 nV), comparable to best current-spun Si plates, over -100 to 200C; co-authored by D. G. Senesky (Tim's advisor) -- direct lab lineage, published in the same IEEE Sensors Letters venue as the submitted manuscript. [Provenance: A0005]"
S0006,"Alpert et al., Rev. Sci. Instrum. 91(2), 025003 (2020)",Sensitivity of 2DEG-based Hall-effect sensors at high temperatures,Hannah S. Alpert; Caitlin A. Chapin; Karen M. Dowling; Savannah R. Benbrook; Helmut Koeck; Udo Ausserlechner; Debbie G. Senesky,2020,Review of Scientific Instruments,10.1063/1.5139911,https://doi.org/10.1063/1.5139911,journal_article,verified_peer_reviewed,A,AlGaN/GaN;InAlN/GaN;2DEG;Hall sensitivity;high temperature;RSI venue,Direct RSI-venue precedent from the same lab lineage that project 03's RSI2026 paper targets -- supports venue-fit and prior-art framing,WebFetch of PubMed record (PMID 32113418) confirmed title/7-author list/journal/vol/issue/article no./year/DOI; corroborated by matching arXiv:1912.00977 preprint,abstract_metadata,"Voltage-scaled sensitivity AlGaN/GaN 89->8.5 mV/V/T, InAlN/GaN 53->8.3 mV/V/T from RT to 576C; current-scaled sensitivity far more stable (AlGaN/GaN mean 60.2 V/A/T +/-10.5%; InAlN/GaN mean 26.3 V/A/T +/-13.1%). Co-authored by D. G. Senesky -- same lab lineage as A0004/A0005. [Provenance: A0006]"
S0007,"Kumar, Muralidharan & Narayanan, IET Circuits Devices Syst. 15(8), 772-786 (2021)",Hall-effect sensors based on AlGaN/GaN heterojunctions on Si substrates for a wide temperature range,Sagnik Kumar; R. Muralidharan; G. Narayanan,2021,"IET Circuits, Devices & Systems",10.1049/cds2.12067,https://doi.org/10.1049/cds2.12067,journal_article,verified_peer_reviewed,B,AlGaN/GaN;Hall sensor;wide temperature range;Si substrate,Broad operating-range (cryogenic through high-temperature) precedent for AlGaN/GaN-on-Si Hall sensors,Crossref DOI-record confirmed title/3-author list/journal/vol/issue/pages/DOI; Wiley full-text page returned HTTP 402 (paywalled); independently re-verified at stage 10D by the merge session via the Crossref API (title/authors/venue/volume/year match),abstract_metadata,"Search-snippet description indicates stable performance ~75-500K (geometrical correction factor ~0.97, ~2% variation); numbers not independently confirmed from primary text. [Provenance: A0007]"
S0008,"Nguyen et al., IEEE Trans. Electron Devices 68(4), 1495-1500 (2021)",AlGaN/GaN 2-D Electron Gas for Highly Sensitive and High-Temperature Current Sensing,Hong Quan Nguyen; Toan Dinh; Hamid Amini Moghadam; Tuan Khoa Nguyen; Thanh Nguyen; Jisheng Han; Sima Dimitrijev; Yong Zhu; Nam-Trung Nguyen; Dzung Viet Dao,2021,IEEE Transactions on Electron Devices,10.1109/TED.2021.3054360,https://doi.org/10.1109/TED.2021.3054360,journal_article,verified_peer_reviewed,B,AlGaN/GaN;2DEG;current sensing;high temperature,Independent (non-Senesky-lab) precedent for AlGaN/GaN 2DEG current/field sensing at high temperature -- broadens prior-art landscape beyond the Stanford lineage,Crossref DOI-record confirmed title/10-author list/journal/vol/issue/pages/2021/DOI,metadata_only,Bibliographic metadata confirmed via Crossref only; abstract content not independently retrieved this session. [Provenance: A0008]
S0009,"Kumar, Muralidharan & Narayanan, Proc. IEEE iSES 2022, pp. 316-320",Comparison of GaN and GaAs based Hall Magnetic Sensor for Power Applications,Anuj Kumar; R. Muralidharan; G. Narayanan,2022,2022 IEEE International Symposium on Smart Electronic Systems (iSES),10.1109/ises54909.2022.00071,https://doi.org/10.1109/ises54909.2022.00071,conference_paper,verified_peer_reviewed,C,AlGaN/GaN;GaAs;Hall sensor;comparison;power applications,Direct GaN-vs-GaAs sensitivity/temperature-stability comparison -- supports novelty statements contrasting GaN against GaAs incumbents,Crossref DOI-record confirmed title/3-author list/conference name/year/DOI; abstract-level figures obtained via WebSearch summary keyed to this exact title; independently re-verified at stage 10D by the merge session via the Crossref API (title/authors/venue/volume/year match),abstract_metadata,"Reports GaN current-relative sensitivity ~40-50 V/A/T vs. GaAs >500 V/A/T at high temp, with GaN showing far less temperature variation, over 300-500K up to 2T. [Provenance: A0009]"
S0010,"Marsic et al., IEEE Access 13, 25622-25636 (2025)",Study of GaN Hall Effect Magnetic Sensors,Vlad Marsic; Soroush Faramehr; Isha Maini; David A. J. Moran; Petar Igic,2025,IEEE Access,10.1109/ACCESS.2025.3539435,https://doi.org/10.1109/ACCESS.2025.3539435,journal_article,verified_peer_reviewed,B,GaN;Hall sensor;three-terminal;current sensing;power transistor integration,Most recent pre-2026 GaN Hall sensor demonstrator -- establishes currency of the state-of-the-art landscape for the novelty argument,Crossref DOI-record and Coventry University PurePortal record both confirmed title/5-author list/journal/vol/pages/year/DOI,abstract_metadata,"Authors describe it as the first three-terminal current-sensing GaN Hall sensor reported in literature, integrated on a GaN power transistor for condition monitoring (not a fusion/plasma context). [Provenance: A0010]"
S0011,"Han et al., IEEE Sensors J. 25(2), 2487-2493 (2025)",High Field Resolution Hall Sensor Based on AlSb/InAs 2DEG for Magnetic Particle Detection,Rongkun Han; Qiqi Wei; Hailong Wang; Gangxu Gu; Dahai Wei; Peng Xiong; Jianhua Zhao,2025,IEEE Sensors Journal,10.1109/JSEN.2024.3507799,https://doi.org/10.1109/JSEN.2024.3507799,journal_article,verified_peer_reviewed,A,InAs;AlSb;2DEG;Hall sensor;field resolution;III-V comparison,Comparable high-mobility III-V (InAs) 2DEG Hall platform benchmark for GaN-vs-InAs sensitivity/resolution trade-off discussion,Crossref DOI-record confirmed title/7-author list/journal/vol/issue/pages/2025/DOI,abstract_metadata,"Reports sensitivity ~570 V/(A.T), noise floor 0.25 uT/sqrt(Hz) at 3kHz (0.027 uT/sqrt(Hz) with gate-suppressed 1/f noise), >99% linearity to +/-4T. [Provenance: A0011]"
S0012,"Shetty et al., Appl. Phys. Lett. 128(7), 072105 (2026)",Dual-channel 2DEG micro-Hall effect sensor for extreme environments,Satish Shetty; Fernando Maia de Oliveira; Savannah R. Eisner; Hryhorii Stanchu; Anand Lalwani; Dinesh Baral; Yuriy I. Mazur; Debbie G. Senesky; H. Alan Mantooth; Gregory J. Salamo,2026,Applied Physics Letters,10.1063/5.0305414,https://doi.org/10.1063/5.0305414,journal_article,verified_peer_reviewed,A,AlN/GaN;2DEG;dual-channel;Hall sensor;extreme environment;high temperature,Most recent (2026) prior art extending the AlGaN/GaN Hall-plate line to dual-channel extreme-environment sensing -- closest recent novelty comparator,Independently re-verified this session via Crossref DOI-record API: confirmed title/10-author list/journal/vol 128/issue 7/article 072105/Feb-2026 publication date; direct AIP Publishing page returned HTTP 403 to WebFetch,abstract_metadata,"AlN/GaN/AlN/GaN heterostructure; supply-voltage sensitivity ~0.058 T^-1, supply-current sensitivity ~37.1 V/A/T, linear response -193 to 407C. Co-authored by D. G. Senesky -- same lab lineage as A0004/A0005/A0006, not independent third-party corroboration. [Provenance: A0012]"
S0013,"Kazakova et al., IEEE Trans. Magn. 44(11), 4480-4483 (2008)",Optimization of 2DEG InAs/GaSb Hall Sensors for Single Particle Detection,O. Kazakova; J. C. Gallop; D. C. Cox; E. Brown; A. Cuenat; K. Suzuki,2008,IEEE Transactions on Magnetics,10.1109/TMAG.2008.2003507,https://doi.org/10.1109/TMAG.2008.2003507,journal_article,verified_peer_reviewed,B,InAs;GaSb;2DEG;Hall sensor;single particle detection;magnetic sensitivity,"Older/foundational comparable III-V (InAs/GaSb) 2DEG Hall-sensor precedent, broadens historical material-comparison baseline",Crossref DOI-record confirmed title/6-author list/journal/vol/issue/pages/DOI; cross-listed in NPL ePrints repository under matching title/venue,abstract_metadata,Reports magnetic field sensitivity better than 0.5 uT/sqrt(Hz) at RT near 3kHz (UK National Physical Laboratory group). [Provenance: A0013]
S0014,"Sadeghi et al., IEEE Sensors J. 15(3), 1817-1824 (2015)",Highly Sensitive Nanotesla Quantum-Well Hall-Effect Integrated Circuit Using GaAs-InGaAs-AlGaAs 2DEG,Mohammadreza Sadeghi; James Sexton; Chen-Wei Liang; Mohamed Missous,2015,IEEE Sensors Journal,10.1109/JSEN.2014.2368074,https://doi.org/10.1109/JSEN.2014.2368074,journal_article,verified_peer_reviewed,A,GaAs;InGaAs;AlGaAs;2DEG;quantum well;nanotesla sensitivity;Hall IC,Comparable GaAs-based III-V 2DEG Hall IC benchmark (nanotesla-class sensitivity) for sensitivity-comparison table entries against GaN,Crossref DOI-record confirmed title/4-author list/journal/vol/issue/pages/2015/DOI,abstract_metadata,"Reports low-power (~10.4 mW) unipolar DC Hall IC, sensitivity 533 uV/uT, detecting fields down to 177 nT in a 10 Hz bandwidth, 500Hz-200kHz range. [Provenance: A0014]"
S0015,"Jankowski, El-Ahmar & Oszwaldowski, Sensors 11(1), 876-885 (2011)",Hall Sensors for Extreme Temperatures,Jakub Jankowski; Semir El-Ahmar; Maciej Oszwaldowski,2011,Sensors,10.3390/s110100876,https://doi.org/10.3390/s110100876,review_article,verified_peer_reviewed,B,InSb;GaAs;Si;Hall sensor;extreme temperature;review,Review-level baseline of Hall-sensor extreme-temperature performance across InSb/GaAs/Si for background/related-work framing before GaN,Crossref DOI-record confirmed title/3-author list/journal/vol/issue/pages/2011/DOI; cross-listed on PubMed Central (PMC3274123) under matching title,abstract_metadata,"Review covering InSb-based high-temperature Hall sensors (K>0.1 V/T, to 573K/300C); open-access MDPI journal. [Provenance: A0015]"
S0016,"Zhang et al., Meas. Sci. Technol. 32(11), 115114 (2021)",AlGaN/GaN magnetic sensors featuring heterojunction 2DEG channel,Hui Zhang; Huolin Huang; Kaiming Ma; Nannan Ding; Jianxun Dai; Zhonghao Sun; Nan Sun; Kairong Qin,2021,Measurement Science and Technology,10.1088/1361-6501/ac12fe,https://doi.org/10.1088/1361-6501/ac12fe,journal_article,verified_peer_reviewed,A,AlGaN/GaN;2DEG;sensitivity;noise;offset;current-related sensitivity;voltage-related sensitivity,Direct novelty comparator with a full quantitative sensitivity/noise/offset dataset for an AlGaN/GaN Hall sensor,"Independently re-verified this session: direct WebFetch of IOPscience article page confirmed title/8-author list/journal/vol 32/issue 11/article 115114/23-Jul-2021 publication date, and explicitly noted 'Single Anonymous' peer-review with one revision cycle",full_text,"Current-related sensitivity 94.6 V/A/T at RT; voltage-related sensitivity 0.093 V/T; operating range 300-573K; temp coefficient <745 ppm/K (403-500K); peak-to-peak noise 44.3 uV, RMS noise 15.7 uV; residual offset field-equivalent 0.070 T at 1.0 mA. [Provenance: A0016]"
S0017,"Lu, Sandvik, Vertiatchikh, Tucker & Elasser, J. Appl. Phys. 99(11) (2006)",High Temperature Hall Effect Sensors Based on AlGaN/GaN Heterojunctions,Hai Lu; Peter Sandvik; Alexei Vertiatchikh; Jesse Tucker; Ahmed Elasser,2006,Journal of Applied Physics,10.1063/1.2201339,https://doi.org/10.1063/1.2201339,journal_article,verified_peer_reviewed,A,AlGaN/GaN;temperature coefficient;sensitivity;high temperature,"Frequently-cited AlGaN/GaN Hall-sensor temperature-coefficient benchmark, direct comparator for the HSX GaN sensor's temperature coefficient",Crossref DOI-record confirmed title/5-author list/journal/vol/issue/2006/DOI; abstract-derived quantitative snippet corroborated via WebSearch; independently re-verified at stage 10D by the merge session via the Crossref API (title/authors/venue/volume/year match),abstract_metadata,Reports 55 V/(A.T) sensitivity with 103 ppm/C temperature cross-sensitivity up to 300C. [Provenance: A0017]
S0018,"Bouguen et al., Mater. Sci. Eng. B 165(1-2), 1-4 (2009)",High temperature behaviour of AlGaN/AlN/GaN Hall-FET sensors,L. Bouguen; L. Konczewicz; S. Contreras; B. Jouault; J. Camassel; Y. Cordier,2009,Materials Science and Engineering: B,10.1016/j.mseb.2008.11.041,https://doi.org/10.1016/j.mseb.2008.11.041,journal_article,verified_peer_reviewed,B,AlGaN/AlN/GaN;Hall-FET;high temperature,Early high-temperature AlGaN/GaN Hall-FET comparator for the novelty/prior-art timeline,Crossref DOI-record confirmed title/6-author list/journal/vol/pages/2009/DOI; ScienceDirect page returned HTTP 403 to WebFetch,metadata_only,"Search-snippet description indicates buffer/2DEG stability studied 300-500C, with carrier concentration rising above ~360C; not independently confirmed from primary text. [Provenance: A0018]"
S0019,"White, Shetty, Ware, Mantooth & Salamo, IEEE Sensors J. 18(7) (2018)",AlGaN/GaN Micro-Hall Effect Devices for Simultaneous Current and Temperature Measurements From Line Currents,Thomas P. White; Satish Shetty; Morgan E. Ware; H. Alan Mantooth; Gregory J. Salamo,2018,IEEE Sensors Journal,10.1109/JSEN.2018.2794264,https://doi.org/10.1109/JSEN.2018.2794264,journal_article,verified_peer_reviewed,B,AlGaN/GaN;micro-Hall;temperature coefficient;calibration;combined sensing,GaN-specific combined field/temperature sensing precedent,Crossref DOI-record confirmed title/5-author list/journal/vol/issue/2018/DOI,metadata_only,Bibliographic metadata confirmed via Crossref only; abstract content not independently retrieved this session. [Provenance: A0019]
S0020,"Chwang, Smith & Crowell, Solid-State Electron. (1974)",Contact size effects on the van der Pauw method for resistivity and Hall coefficient measurement,Ronald Chwang; B. J. Smith; C. R. Crowell,1974,Solid-State Electronics,10.1016/0038-1101(74)90001-x,https://doi.org/10.1016/0038-1101(74)90001-x,journal_article,verified_peer_reviewed,A,Hall geometry;van der Pauw;correction factor,Seminal quantitative treatment of finite-contact-size correction factors in Hall-plate geometry,Crossref DOI-record confirmed title/3-author list/journal/year matching publisher record; cross-checked against multiple secondary citations,metadata_only,Foundational reference almost universally cited for van der Pauw contact-size corrections. [Provenance: A0020]
S0021,"Versnel, Solid-State Electron. 23(6) (1980)",Analysis of Hall-plate shaped Van der Pauw structures,W. Versnel,1980,Solid-State Electronics,10.1016/0038-1101(80)90037-4,https://doi.org/10.1016/0038-1101(80)90037-4,journal_article,verified_peer_reviewed,A,Hall geometry;van der Pauw;correction factor,Analytical geometrical correction factors for Hall-plate-shaped structures,Crossref DOI-record confirmed title/author/journal/volume 23 issue 6,metadata_only,Companion classic to Chwang et al. (A0020); treats plate shape effects rather than just contact size. [Provenance: A0021]
S0022,"Mani, von Klitzing et al., Appl. Phys. Lett. (1995)",Method for simultaneously reducing the misalignment offset and separating the Hall voltage from the off-diagonal piezoresistive voltage in Hall effect and piezoresistive devices based on silicon,R. G. Mani; K. von Klitzing; F. Jost; K. Marx; S. Lindenkreuz; H. P. Trah,1995,Applied Physics Letters,10.1063/1.115110,https://doi.org/10.1063/1.115110,journal_article,verified_peer_reviewed,A,Hall geometry;offset;misalignment offset,"Origin and cancellation method for geometric misalignment offset, separated from piezoresistive cross-terms",Crossref DOI-record confirmed title/6-author list/journal/year; consistent with independently hosted copy of same paper; independently re-verified at stage 10D by the merge session via the Crossref API (title/authors/venue/volume/year match),metadata_only,"Co-authored by K. von Klitzing (Nobel laureate, quantum Hall effect); directly on the misalignment-offset mechanism. [Provenance: A0022]"
S0023,"Ausserlechner, Motz & Holliber, IEEE Sensors J. (2007)",Compensation of the Piezo-Hall Effect in Integrated Hall Sensors on (100)-Si,Udo Ausserlechner; Mario Motz; Michael Holliber,2007,IEEE Sensors Journal,10.1109/jsen.2007.907039,https://doi.org/10.1109/jsen.2007.907039,journal_article,verified_peer_reviewed,A,Hall geometry;offset;piezo-Hall effect;packaging;calibration,Piezo-Hall coefficients vs. doping/temperature and compensation scheme for stress-induced offset,Crossref DOI-record confirmed title/3-author list/journal/year; abstract-level content corroborated by independent secondary descriptions,abstract_metadata,"Coefficient definitions given for doping range 1e14-1e16 cm-3, -80 to +100C. Ausserlechner (Infineon) is a leading authority on Hall-sensor offset physics; also co-author on A0004, A0005, A0032, A0041. [Provenance: A0023]"
S0024,"Cerchez & Heinzel, Appl. Phys. Lett. (2011)",Correction factor in nondiffusive Hall magnetometry,M. Cerchez; T. Heinzel,2011,Applied Physics Letters,10.1063/1.3597619,https://doi.org/10.1063/1.3597619,journal_article,verified_peer_reviewed,B,Hall geometry;correction factor,Geometry-dependent correction factor for Hall voltage outside the diffusive (Ohmic) transport regime,Crossref DOI-record confirmed title/2-author list/journal/year,metadata_only,Extends classical geometrical-correction-factor treatment beyond diffusive transport; useful contrast case. [Provenance: A0024]
S0025,"Grosz et al., IEEE Magn. Lett. (2013)",Planar Hall Effect Sensors With Subnanotesla Resolution,A. Grosz; V. Mor; E. Paperno; S. Amrusi; I. Faivinov; M. Schultz; L. Klein,2013,IEEE Magnetics Letters,10.1109/lmag.2013.2276551,https://doi.org/10.1109/lmag.2013.2276551,journal_article,verified_peer_reviewed,B,planar Hall effect;sensitivity,High-sensitivity planar Hall effect sensor design achieving sub-nT resolution,Crossref DOI-record confirmed title/7-author list/journal/year,metadata_only,Klein/Paperno group is a recurring name in planar Hall sensor literature. [Provenance: A0025]
S0026,"Paun, Sallese & Kayal, Sensors 13(2), 2093 (2013)",Comparative Study on the Performance of Five Different Hall Effect Devices,Maria-Alexandra Paun; Jean-Michel Sallese; Maher Kayal,2013,Sensors,10.3390/s130202093,https://doi.org/10.3390/s130202093,journal_article,verified_peer_reviewed,B,Hall geometry;current-related sensitivity;voltage-related sensitivity,Cross-comparison of sensitivity/offset figures of merit across five Hall-cell geometries,Crossref DOI-record confirmed title/3-author list/journal/year,metadata_only,Same first-author group as several other geometry/offset papers on this topic. [Provenance: A0026]
S0027,"Wouters et al., Sens. Actuators A 237, (2016)",Design and fabrication of an innovative three-axis Hall sensor,C. Wouters; V. Vrankovic; C. Roessler; S. Sidorov; K. Ensslin; W. Wegscheider; C. Hierold,2016,Sensors and Actuators A: Physical,10.1016/j.sna.2015.11.022,https://doi.org/10.1016/j.sna.2015.11.022,journal_article,verified_peer_reviewed,B,cross-axis;multi-axis Hall sensor,"Single-chip 3-axis Hall sensor design with discussion of cross-axis coupling limits, relevant to project 03's vector probe",Crossref DOI-record confirmed title/7-author list/journal/volume 237/year,metadata_only,ETH Zurich (Hierold/Ensslin groups); active device volume as small as 200um cube reported in search summary. [Provenance: A0027]
S0028,"Xu, Hu & Jiang, Sensors 19(11), 2490 (2019)",An Analytical Geometry Optimization Model for Current-Mode Cross-Like Hall Plates,Yue Xu; Xingxing Hu; Lei Jiang,2019,Sensors,10.3390/s19112490,https://doi.org/10.3390/s19112490,journal_article,verified_peer_reviewed,B,Hall geometry;current-related sensitivity,Closed-form geometry optimization for cross-like Hall plates operated in current-biased mode,Crossref DOI-record confirmed title/3-author list/journal/year; cross-checked against PubMed listing of same title,metadata_only,Complements A0004 with an analytical (rather than empirical) treatment of current-mode cross-plate geometry. [Provenance: A0028]
S0029,"Granell et al., npj Flex. Electron. 3 (2019)",Highly compliant planar Hall effect sensor with sub 200 nT sensitivity,Pablo Nicolas Granell; Guoliang Wang; Gilbert Santiago Canon Bermudez; Tobias Kosub; Federico Golmar; Laura Steren; Juergen Fassbender; Denys Makarov,2019,npj Flexible Electronics,10.1038/s41528-018-0046-9,https://doi.org/10.1038/s41528-018-0046-9,journal_article,verified_peer_reviewed,B,planar Hall effect;sensitivity,Flexible/compliant planar Hall sensor achieving sub-200 nT field resolution,Crossref DOI-record confirmed title/8-author list/journal vol. 3/year/DOI,metadata_only,Nature-family journal (npj series); Makarov group is prominent in flexible magnetoelectronics. [Provenance: A0029]
S0030,"Schaefer et al., Nat. Commun. 11 (2020)",Magnetic field detection limits for ultraclean graphene Hall sensors,Brian T. Schaefer; Lei Wang; Alexander Jarjour; Kenji Watanabe; Takashi Taniguchi; Paul L. McEuen; Katja C. Nowack,2020,Nature Communications,10.1038/s41467-020-18007-5,https://doi.org/10.1038/s41467-020-18007-5,journal_article,verified_peer_reviewed,A,carrier density;mobility;Hall sensitivity;detection limit,"Demonstrates how carrier density and mobility set Hall-sensor sensitivity and noise-floor detection limit, general physics baseline (not GaN-specific)",Crossref DOI-record confirmed title/7-author list/journal/volume 11/year,metadata_only,Not GaN-specific but directly supports the general carrier-density/mobility-sets-sensitivity claim. [Provenance: A0030]
S0031,"Elzwawy et al., J. Phys. D: Appl. Phys. 54(35), 353002 (2021)","Current trends in planar Hall effect sensors: evolution, optimization, and applications",Amir Elzwawy; Hasan Piskin; Numan Akdogan; Marius Volmer; Guenter Reiss; Luca Marnitz; Anastasiia Moskaltsova; Ogan Gurel; Jan-Michael Schmalhorst,2021,Journal of Physics D: Applied Physics,10.1088/1361-6463/abfbfb,https://doi.org/10.1088/1361-6463/abfbfb,review_article,verified_peer_reviewed,A,planar Hall effect;Hall geometry;review,Topical review of planar Hall sensor geometry evolution (disk/cross/bridge/ring/ellipse) and sensitivity optimization,Direct WebFetch of IOPscience article page confirmed title/9-author list/'Topical Review' article type/vol 54 no 35/article 353002/DOI,abstract_metadata,Directly fetched from IOP publisher page (not just Crossref); article explicitly labeled a peer-reviewed Topical Review. [Provenance: A0031]
S0032,"Ruggeri, Ausserlechner, Koeck & Dowling, Microsyst. Nanoeng. 11, 26 (2025)",Inverted pyramid 3-axis silicon Hall-effect magnetic sensor with offset cancellation,Jacopo Ruggeri; Udo Ausserlechner; Helmut Koeck; Karen M. Dowling,2025,Microsystems & Nanoengineering,10.1038/s41378-025-00876-9,https://doi.org/10.1038/s41378-025-00876-9,journal_article,verified_peer_reviewed,A,cross-axis;multi-axis Hall sensor;offset cancellation;spinning current,Novel 3-axis single-chip Hall geometry with integrated spinning-current-style offset cancellation and reduced cross-axis coupling -- topically close to project 03's vector probe,WebFetch of PMC record (PMC11828992) and Crossref DOI-record both confirmed title/4-author list/journal vol 11 article 26/year,abstract_metadata,"Very recent (2025); K. M. Dowling is also first author of A0005 (Senesky-group GaN spinning-current paper), providing methodological continuity into this Si 3-axis design. [Provenance: A0032]"
S0033,"Munter, Sens. Actuators A 21-23, 743-746 (1990)",A low-offset spinning-current Hall plate,P.J.A. Munter,1990,Sensors and Actuators A: Physical,10.1016/0924-4247(89)80069-X,https://doi.org/10.1016/0924-4247(89)80069-X,journal_article,verified_peer_reviewed,A,spinning current;offset cancellation;foundational,"Foundational spinning-current principle (contact commutation, ~10x offset reduction vs. commercial Si plates); origin of the technique used in project 02's calibrated readout",Independently re-verified this session via Crossref DOI-record API: confirmed title/author/journal/volume 22/pages 743-746/June 1990,abstract_metadata,The original spinning-current paper; widely cited as the origin of the technique. [Provenance: A0033]
S0034,"Munter, Sens. Actuators A 27 (1991)",Electronic circuitry for a smart spinning-current Hall plate with low offset,P.J.A. Munter,1991,Sensors and Actuators A: Physical,10.1016/0924-4247(91)87081-D,https://doi.org/10.1016/0924-4247(91)87081-D,journal_article,verified_peer_reviewed,A,spinning current;offset cancellation;readout circuit,Companion circuit-implementation paper: practical electronics for contact commutation and Hall-voltage averaging,Crossref DOI-record confirmed title/author/journal/volume/pages/year,metadata_only,Companion paper to A0033; the seminal pair usually cited together as the origin of spinning-current Hall readout. [Provenance: A0034]
S0035,"Steiner, Maier, Haeberli, Steiner & Baltes, Sens. Actuators A 66(1-3), 167-172 (1998)",Offset reduction in Hall devices by continuous spinning current method,R. Steiner; Ch. Maier; A. Haeberli; F.-P. Steiner; H. Baltes,1998,Sensors and Actuators A: Physical,10.1016/S0924-4247(98)00003-X,https://doi.org/10.1016/S0924-4247(98)00003-X,journal_article,verified_peer_reviewed,A,spinning current;continuous spinning;offset reduction,Continuous (non-discrete) spinning-current variant further reduces residual offset vs. standard 4-phase spinning,Crossref DOI-record confirmed title/5-author list/journal/volume/issue/pages/year,metadata_only,ETH Zurich (Baltes group); journal version of a Transducers '97 conference paper. [Provenance: A0035]
S0036,"Bellekom & Sarro, Sens. Actuators A 66(1-3), 23-28 (1998)",Offset reduction of Hall plates in three different crystal planes,Sandra Bellekom; P.M. Sarro,1998,Sensors and Actuators A: Physical,10.1016/S0924-4247(97)01700-7,https://doi.org/10.1016/S0924-4247(97)01700-7,journal_article,verified_peer_reviewed,A,spinning current;offset origins;crystal orientation,Crystal-plane dependence of residual offset in spinning-current Hall plates,Crossref DOI-record confirmed title/2-author list/journal/volume/issue/pages/year,metadata_only,Same Bellekom as the classic Bellekom & Munter offset-origin lineage (Delft TU). [Provenance: A0036]
S0037,"Randjelovic, Kayal, Popovic & Blanchard, IEEE JSSC 37(2), 151-159 (2002)",Highly Sensitive Hall Magnetic Sensor Microsystem in CMOS Technology,Z.B. Randjelovic; M. Kayal; R. Popovic; H. Blanchard,2002,IEEE Journal of Solid-State Circuits,10.1109/4.982421,https://doi.org/10.1109/4.982421,journal_article,verified_peer_reviewed,A,spinning current;CMOS microsystem;offset cancellation,Integrated CMOS spinning-current Hall microsystem achieving microtesla-level offset/sensitivity,Crossref DOI-record confirmed bibliographic fields; abstract-level architecture description corroborated via WebSearch,abstract_metadata,Highly cited CMOS spinning-current implementation (EPFL Popovic group). [Provenance: A0037]
S0038,"Bilotti, Monreal & Vig, IEEE JSSC 32(6), 829-836 (1997)",Monolithic Magnetic Hall Sensor Using Dynamic Quadrature Offset Cancellation,A. Bilotti; G. Monreal; R. Vig,1997,IEEE Journal of Solid-State Circuits,10.1109/4.585275,https://doi.org/10.1109/4.585275,journal_article,verified_peer_reviewed,A,spinning current;dynamic offset cancellation;chopper;offset;1/f noise,Industrial (Allegro) chopper/current-permutation Hall IC; foundational reference used by nearly all modern Hall ICs' offset/1-f-noise cancellation,Crossref DOI-record confirmed bibliographic fields; abstract-level permutation-scheme/chip-spec description corroborated via WebSearch,abstract_metadata,Residual offset drift 5-10x smaller than DC quadrature cancellation; industry-standard reference for dynamic quadrature offset cancellation. [Provenance: A0038]
S0039,"Riem, Raman & Rombouts, Sensors 22(16), 6069 (2022)",A 2 MS/s Full Bandwidth Hall System with Low Offset Enabled by Randomized Spinning,Robbe Riem; Johan Raman; Pieter Rombouts,2022,Sensors,10.3390/s22166069,https://doi.org/10.3390/s22166069,journal_article,verified_peer_reviewed,B,spinning current;randomized spinning;residual offset;bandwidth,Modern state-of-the-art on switching/demodulation residual offset; randomized 4-phase spinning enables notch-free 820kHz bandwidth,Fetched PMC full text (PMC9416114) directly; read methodology/results beyond abstract; confirmed journal/volume/article number/DOI,full_text,"Randomized spinning removes demodulated-spike offset components, cutting residual offset from 130+/-22uT to 23+/-22uT while enabling full 2 MS/s bandwidth. [Provenance: A0039]"
S0040,"Lee, Oh, Oh & Chae, Sensors 20(18), 5285 (2020)",Low Power CMOS-Based Hall Sensor with Simple Structure Using Double-Sampling Delta-Sigma ADC,Ju Yong Lee; Younggyun Oh; Sein Oh; Hyungil Chae,2020,Sensors,10.3390/s20185285,https://doi.org/10.3390/s20185285,journal_article,verified_peer_reviewed,B,spinning current;double sampling;delta-sigma ADC;offset cancellation,"Current-spinning Hall front end plus double-sampling delta-sigma ADC readout architecture, relevant to project 02's readout-chain design",Fetched PMC full text (PMC7570856) directly; read circuit description/results beyond abstract; confirmed journal/volume/article number/DOI,full_text,"4.9 mW, 110 uV/mT; correlated-double-sampling-style readout applied to a spinning-current Hall front end. [Provenance: A0040]"
S0041,"Ausserlechner, Proc. IEEE Sensors 2004, 1117-1120",Limits of offset cancellation by the principle of spinning current Hall probe,U. Ausserlechner,2004,"Proceedings of IEEE Sensors 2004 (Vienna, Austria)",10.1109/ICSENS.2004.1426372,https://doi.org/10.1109/ICSENS.2004.1426372,conference_paper,verified_peer_reviewed,B,spinning current;residual offset;nonlinearity;theory,Theoretical limit of spinning-current offset cancellation from Hall-plate electrical nonlinearity -- sets an expectation ceiling for project 02's offset-cancellation results,Crossref DOI-record confirmed bibliographic fields; equivalent-circuit-model/nonlinearity-limit description corroborated via WebSearch,abstract_metadata,"Monte Carlo bound of ~100 nT residual offset from nonlinearity; Ausserlechner (Infineon) is also co-author on A0004, A0005, A0023, A0032 -- same residual-offset-theory lineage. [Provenance: A0041]"
S0042,"Steiner, Maier, Mayer, Bellekom & Baltes, J. Microelectromech. Syst. 8(4), 466-472 (1999)",Influence of mechanical stress on the offset voltage of Hall devices operated with spinning current method,R. Steiner; C. Maier; M. Mayer; S. Bellekom; H. Baltes,1999,Journal of Microelectromechanical Systems,10.1109/84.809062,https://doi.org/10.1109/84.809062,journal_article,verified_peer_reviewed,A,spinning current;mechanical stress;residual offset;packaging,"Packaging/mechanical-stress-induced residual offset in spinning-current Hall devices, relevant to HSX in-vessel packaging/thermal stress",Crossref DOI-record confirmed title/5-author list/journal/volume/issue/pages/year,metadata_only,Same ETH Zurich group as A0035/A0036; extends spinning-current offset analysis to packaging/thermal stress. [Provenance: A0042]
S0043,"Yang & Ran, Proc. 7th Int. Conf. on ASIC (ASICON), 439-441 (2007)",CMOS chopper amplifier for monolithic magnetic hall sensor,Wen-Rong Yang; Feng Ran,2007,2007 7th International Conference on ASIC (ASICON),10.1109/ICASIC.2007.4415661,https://doi.org/10.1109/ICASIC.2007.4415661,conference_paper,verified_peer_reviewed,C,chopper stabilization;offset cancellation;demodulation,Chopper-stabilized CMOS Hall amplifier using double track-and-hold demodulation to eliminate residual switching-spike offset,Crossref DOI-record confirmed bibliographic fields; double track-and-hold demodulation description corroborated via WebSearch,abstract_metadata,Lower-tier conference; supporting rather than primary citation for chopper-stabilization/switching-residual-offset claims. [Provenance: A0043]
S0044,"Chovet & Mathieu, Sens. Actuators A (1992)",Noise and resolution of semiconductor integrated magnetic sensors,A. Chovet; N. Mathieu,1992,Sensors and Actuators A: Physical,10.1016/0924-4247(92)80064-A,https://doi.org/10.1016/0924-4247(92)80064-A,review_article,verified_peer_reviewed,A,1/f noise;thermal noise;resolution;semiconductor Hall;review,Establishes the thermal (Johnson) vs. 1/f noise-floor framework used to interpret GaN Hall-sensor noise measurements,Crossref DOI-record confirmed title/2-author list/journal/year,metadata_only,"Classic, widely cited noise-mechanism review; frames the noise-budget section. [Provenance: A0044]"
S0045,"Zhang, Hao & Xiao, Sensors 19(16), 3537 (2019)",Low-Frequency Noise of Magnetic Sensors Based on the Anomalous Hall Effect in Fe-Pt Alloys,Yiou Zhang; Qiang Hao; Gang Xiao,2019,Sensors,10.3390/s19163537,https://doi.org/10.3390/s19163537,journal_article,verified_peer_reviewed,A,1/f noise;thermal noise;detectivity;anomalous Hall effect,"Quantitative 1/f-vs-Johnson-noise crossover and field-detectivity benchmark for a Hall-family (ferromagnetic anomalous Hall, not ordinary/semiconductor Hall) sensor",Independently re-verified this session via Crossref DOI-record API: confirmed title/3-author list (Brown University Physics)/journal/vol 19/issue 16/article 3537/13-Aug-2019 date,full_text,"50 nT/sqrt(Hz) at 1kHz, 7 uT/sqrt(Hz) at 1Hz field detectivity vs. commercial Hall sensors. Note: this is the ANOMALOUS Hall effect in a ferromagnetic alloy, a different physical mechanism from the ordinary/semiconductor Hall effect used in GaN devices -- included only as a noise-benchmarking comparator, not a GaN-comparable device. [Provenance: A0045]"
S0046,"Schurig, Schott, Besse, Demierre & Popovic, Sens. Actuators A (2004)",0.2 mT Residual Offset of CMOS Integrated Vertical Hall Sensors,E. Schurig; C. Schott; P.-A. Besse; M. Demierre; R.S. Popovic,2004,Sensors and Actuators A: Physical,10.1016/j.sna.2003.10.001,https://doi.org/10.1016/j.sna.2003.10.001,journal_article,verified_peer_reviewed,A,offset;linearity;CMOS Hall;spinning current,Residual-offset limits practically achievable with current spinning in integrated Hall devices,Crossref DOI-record confirmed title/5-author list/journal/year,metadata_only,Popovic-group benchmark for the practically achievable offset floor with spinning-current techniques. [Provenance: A0046]
S0047,"Blanchard, de Raad Iseli & Popovic, Sens. Actuators A (1997)",Compensation of the Temperature-Dependent Offset Drift of a Hall Sensor,Hubert Blanchard; Christina de Raad Iseli; Rade S. Popovic,1997,Sensors and Actuators A: Physical,10.1016/S0924-4247(96)01411-2,https://doi.org/10.1016/S0924-4247(96)01411-2,journal_article,verified_peer_reviewed,A,drift;temperature coefficient;offset;compensation,"Direct method for compensating temperature-dependent offset drift, core citation for temperature-coefficient/offset-drift compensation claims",Crossref DOI-record confirmed title/3-author list/journal/year,metadata_only,— [Provenance: A0047]
S0048,"Mosser et al., Sens. Actuators A 43, 135-140 (1994)",High Sensitivity Hall Sensors with Low Thermal Drift Using AlGaAs/InGaAs/GaAs Heterostructures,V. Mosser; S. Contreras; S. Aboulhouda; Ph. Lorenzini; F. Kobbi; J.L. Robert; K. Zekentes,1994,Sensors and Actuators A: Physical,10.1016/0924-4247(93)00680-3,https://doi.org/10.1016/0924-4247(93)00680-3,journal_article,verified_peer_reviewed,B,temperature coefficient;drift;2DEG;sensitivity,"Low thermal-drift III-V heterostructure Hall-sensor benchmark, comparable to GaN as a non-Si 2DEG analog",Crossref DOI-record confirmed title/7-author list/journal/volume/pages,metadata_only,"III-V (non-Si) drift benchmark, relevant analog for GaN comparison despite not being GaN itself. [Provenance: A0048]"
S0049,"Mo, Wei, Zeng & He, Microelectronics J. (2021)",A Multiple-Sensitivity Hall Sensor Featuring a Low-Cost Temperature Compensation Circuit,Shaoqing Mo; Rongshan Wei; Zhuoqu Zeng; Minghua He,2021,Microelectronics Journal,10.1016/j.mejo.2021.105067,https://doi.org/10.1016/j.mejo.2021.105067,journal_article,verified_peer_reviewed,B,temperature coefficient;compensation;calibration,Practical low-cost circuit-level temperature compensation technique relevant to project 02's readout design,Crossref DOI-record confirmed title/4-author list/journal/year,metadata_only,"Recent (2021), circuit-level compensation approach for readout design discussion. [Provenance: A0049]"
S0050,"Huber, Schott & Paul, IEEE Sensors J. (2013)",Package Stress Monitor to Compensate for the Piezo-Hall Effect in CMOS Hall Sensors,Samuel Huber; Christian Schott; Oliver Paul,2013,IEEE Sensors Journal,10.1109/JSEN.2013.2264805,https://doi.org/10.1109/JSEN.2013.2264805,journal_article,verified_peer_reviewed,A,packaging;piezo-Hall effect;parasitics;calibration,"Package/mounting-stress-induced sensitivity error and on-chip compensation, relevant to HSX in-vessel wire-bond/packaging concerns",Crossref DOI-record confirmed bibliographic fields; abstract-level content corroborated via publisher search snippet,abstract_metadata,Reports ~5x reduction in package-stress-induced sensitivity error via on-chip monitor. [Provenance: A0050]
S0051,"Gerken et al., J. Sensors Sensor Syst. 9(2), 391-398 (2020)",Traceably Calibrated Scanning Hall Probe Microscopy at Room Temperature,Manuela Gerken; Aurelie Solignac; Davood Momeni Pakdehi; Alessandra Manzin; Thomas Weimann; Klaus Pierz; Sibylle Sievers; Hans Werner Schumacher,2020,Journal of Sensors and Sensor Systems,10.5194/jsss-9-391-2020,https://doi.org/10.5194/jsss-9-391-2020,journal_article,verified_peer_reviewed,A,calibration;traceability;uncertainty budget;sensitivity,"Full traceable calibration methodology and uncertainty budget template for Hall-probe field measurement, directly usable for stage 40's calibration plan",Read full open-access text (Copernicus jsss.copernicus.org); confirmed title/8-author list/journal/DOI; extracted sensitivity value and uncertainty budget,full_text,Reports +/-(7 mT + 13%) calibration uncertainty and a 5-term uncertainty budget -- directly usable as a calibration-methodology template. [Provenance: A0051]
S0052,"Lyu et al., Sensors 22(15), 5734 (2022)",A New Design of a CMOS Vertical Hall Sensor with a Low Offset,Fei Lyu; Shuo Huang; Chaoran Wu; Xingcheng Liang; Pengzhan Zhang; Yuxuan Wang; Hongbing Pan; Yu Wang,2022,Sensors,10.3390/s22155734,https://doi.org/10.3390/s22155734,journal_article,verified_peer_reviewed,B,offset;linearity;CMOS Hall;vertical Hall,"Contact-geometry redesign cutting offset by ~90% vs. conventional 5-contact vertical Hall, a recent offset-reduction design benchmark","Read PMC full text (PMC9371000) directly; confirmed title/8-author list/journal/volume/DOI, extracted quantitative offset-reduction results",full_text,~90% offset reduction vs. conventional 5-contact vertical Hall design. [Provenance: A0052]
S0053,"Xu, Pan, He & Li, Sensors 12(2), 2162 (2012)",A Highly Sensitive CMOS Digital Hall Sensor for Low Magnetic Field Applications,Yue Xu; Hong-Bin Pan; Shu-Zhuan He; Li Li,2012,Sensors,10.3390/s120202162,https://doi.org/10.3390/s120202162,journal_article,verified_peer_reviewed,B,1/f noise;offset;spinning current;temperature range,"Spinning-current plus high-pass filtering to reject offset/1-f noise over a wide temperature range, concrete readout-circuit precedent","Read PMC full text (PMC3304160) directly; confirmed title/4-author list/journal/volume/DOI, extracted quantitative performance numbers",full_text,"+/-2mT sensitivity, 4mT hysteresis, -40 to 120C operating range. [Provenance: A0053]"
S0054,"Pearton et al., ECS J. Solid State Sci. Technol. 5(2), Q35 (2016)",Review--Ionizing Radiation Damage Effects on GaN Devices,S. J. Pearton; F. Ren; Erin Patrick; M. E. Law; Alexander Y. Polyakov,2016,ECS Journal of Solid State Science and Technology,10.1149/2.0251602jss,https://doi.org/10.1149/2.0251602jss,review_article,verified_peer_reviewed,A,GaN;radiation tolerance;radiation effects;review;harsh environment,"Radiation-damage mechanisms and dose thresholds in GaN devices, background for near-vessel harsh-environment deployment discussion (literature context only, no radiation experiments planned by this mission)",WebFetch of IOPscience article page confirmed title/5-author list/journal/vol/DOI,abstract_metadata,Open-access ECS journal; distinguishes point-defect (proton/electron/gamma) vs. disordered-region (neutron) damage mechanisms in GaN. [Provenance: A0054]
S0055,"Polyakov et al., J. Mater. Chem. C 1, 877-887 (2013)",Radiation effects in GaN materials and devices,A. Y. Polyakov; S. J. Pearton; Patrick Frenzer; Fan Ren; Lu Liu; Jihyun Kim,2013,Journal of Materials Chemistry C,10.1039/C2TC00039C,https://doi.org/10.1039/C2TC00039C,review_article,verified_peer_reviewed,A,GaN;radiation effects;radiation tolerance;review;HEMT,"GaN radiation hardness review vs. GaAs, background for harsh-environment framing (literature context only)",doi.org redirect resolved to RSC article page; bibliographic details corroborated by independent search snippet quoting the RSC record,abstract_metadata,RSC pages returned HTTP 403 to direct WebFetch; relied on redirect resolution plus independent snippet corroboration. [Provenance: A0055]
S0056,"Guo, Xun, Li & Du, Micromachines 10(6), 406 (2019)",Silicon Carbide Converters and MEMS Devices for High-temperature Power Electronics: A Critical Review,Xiaorui Guo; Qian Xun; Zuxin Li; Shuxin Du,2019,Micromachines,10.3390/mi10060406,https://doi.org/10.3390/mi10060406,review_article,verified_peer_reviewed,A,SiC;high temperature electronics;power electronics;MEMS;review,SiC device operation to 600C; establishes the broader WBG harsh-temperature-electronics landscape the Senesky group works in,WebFetch of PMC full-text mirror (PMC6631602) confirmed title/4-author list/journal/volume/article no./DOI,abstract_metadata,MDPI page returned 403 to direct WebFetch; PMC open-access mirror confirmed identical metadata. [Provenance: A0056]
S0057,"Fraga, Furlan, Pessoa & Massi, Microsyst. Technol. 20(1), 9-21 (2013)",Wide bandgap semiconductor thin films for piezoelectric and piezoresistive MEMS sensors applied at high temperatures: an overview,M. A. Fraga; H. Furlan; R. S. Pessoa; M. Massi,2013,Microsystem Technologies,10.1007/s00542-013-2029-z,https://doi.org/10.1007/s00542-013-2029-z,review_article,verified_peer_reviewed,B,AlN;ZnO;SiC;MEMS;piezoresistive;piezoelectric;harsh environment;review,"WBG thin-film MEMS sensors for harsh environments, Senesky-adjacent MEMS field context",Springer page redirected to a login wall for WebFetch; bibliographic record confirmed via independent search-engine-indexed Springer citation snippet; independently re-verified at stage 10D by the merge session via the Crossref API (title/authors/venue/volume/year match),metadata_only,"Could not read abstract content directly; metadata only, not content. [Provenance: A0057]"
S0058,"Capan, Materials 17(5), 1147 (2024)",Wide-Bandgap Semiconductors for Radiation Detection: A Review,Ivana Capan,2024,Materials,10.3390/ma17051147,https://doi.org/10.3390/ma17051147,review_article,verified_peer_reviewed,A,4H-SiC;GaN;Ga2O3;radiation detection;review;harsh environment,"Maturity comparison of 4H-SiC/GaN/Ga2O3 radiation detectors, background context (literature only, no radiation experiments planned by this mission)","WebFetch of PMC full-text page (PMC10934017) confirmed title/author/journal/vol/article no./DOI, read abstract-level content; independently re-verified at stage 10D by the merge session via the Crossref API (title/authors/venue/volume/year match)",abstract_metadata,Open access; author preprint also exists on arXiv (2402.05496) with the same content. [Provenance: A0058]
S0059,"De Napoli, Front. Phys. 10, 898833 (2022)",SiC detectors: A review on the use of silicon carbide as radiation detection material,Marzio De Napoli,2022,Frontiers in Physics,10.3389/fphy.2022.898833,https://doi.org/10.3389/fphy.2022.898833,review_article,verified_peer_reviewed,A,SiC;radiation detection;review;harsh environment,"SiC radiation-detector performance from electrons to neutrons, harsh-environment WBG background context",WebFetch of Frontiers article page confirmed title/author/journal/vol/DOI and named handling editor plus two reviewers,abstract_metadata,"Page explicitly lists editor/reviewer names, directly evidencing peer review. [Provenance: A0059]"
S0060,"Liu et al., Nat. Electron. 9(2), 127-139 (2026)",High-temperature operation of group-III nitride high-electron-mobility transistors,Yi-Chen Liu; Jacklyn Zhu; John Niroula; Hridibrata Pal; Tomas Palacios; Savannah R. Eisner,2026,Nature Electronics,10.1038/s41928-026-01570-y,https://doi.org/10.1038/s41928-026-01570-y,review_article,verified_peer_reviewed,A,GaN;III-nitride;high temperature electronics;HEMT;review,"High-temperature GaN/III-nitride HEMT device engineering review, most current (2026) WBG harsh-environment context",Independently re-verified this session via Crossref DOI-record API: confirmed title/6-author list/journal/vol 9/issue 2/pages 127-139/20-Feb-2026 date,abstract_metadata,Nature.com login-walled for direct WebFetch; Crossref record is the authoritative confirmation. Companion arXiv preprint (2607.05314) also exists. [Provenance: A0060]
S0061,"Grant et al., Nucl. Instrum. Methods A 546(1-2), 213-217 (2005)",Wide bandgap semiconductor detectors for harsh radiation environments,J. Grant; W. Cunningham; A. Blue; V. O'Shea; J. Vaitkus; E. Gaubas; M. Rahman,2005,Nuclear Instruments and Methods in Physics Research Section A,10.1016/j.nima.2005.03.038,https://doi.org/10.1016/j.nima.2005.03.038,journal_article,verified_peer_reviewed,B,SiC;GaN;radiation detection;harsh environment,"Early comparative SiC/GaN performance data in harsh radiation fields, historical WBG harsh-environment baseline",Crossref DOI-record confirmed title/7-author list/journal/vol/issue/pages/DOI,metadata_only,"ScienceDirect blocked WebFetch (403); relied on Crossref metadata, not abstract text. [Provenance: A0061]"
S0062,"Senesky, Jamshidi, Cheng & Pisano, IEEE Sensors J. 9(11), 1472-1478 (2009)",Harsh Environment Silicon Carbide Sensors for Health and Performance Monitoring of Aerospace Systems: A Review,D. G. Senesky; B. Jamshidi; K. B. Cheng; A. P. Pisano,2009,IEEE Sensors Journal,10.1109/JSEN.2009.2026996,https://doi.org/10.1109/JSEN.2009.2026996,review_article,verified_peer_reviewed,A,SiC;harsh environment;MEMS;aerospace;review,Foundational SiC harsh-environment sensor review; direct Senesky-group prior art establishing the advisor's core technical field,Crossref DOI-record match cross-checked against IEEE Xplore document listing and an ADS abstract record,metadata_only,"First author D. G. Senesky is the PI of the Stanford group this mission belongs to -- foundational advisor-lab prior art, not independent third-party corroboration. [Provenance: A0062]"
S0063,"Liu et al., Sci. Rep. 7, 13715 (2017)",Radiation Resistance of Silicon Carbide Schottky Diode Detectors in D-T Fusion Neutron Detection,Linyue Liu; Ao Liu; Song Bai; Ling Lv; Peng Jin; Xiaoping Ouyang,2017,Scientific Reports,10.1038/s41598-017-13715-3,https://doi.org/10.1038/s41598-017-13715-3,journal_article,verified_peer_reviewed,A,SiC;fusion;neutron detection;radiation tolerance;D-T fusion,"Experimental SiC radiation-resistance data under D-T fusion neutron fluence -- literature precedent for WBG-in-fusion instrumentation (literature only, not this mission's experimental work; no neutron/gamma experiments are in scope for this mission)",Crossref DOI-record confirmed title/6-author list/journal/vol/DOI; PMC open-access listing corroborates quantitative abstract-level results,abstract_metadata,Directly supports the WBG-for-fusion-instrumentation literature landscape claim. [Provenance: A0063]
S0064,"Jimenez-Ramos et al., Radiat. Phys. Chem. 177, 109100 (2020)",IBIC analysis of SiC detectors developed for fusion applications,M.C. Jimenez-Ramos; J. Garcia Lopez; A. Garcia Osuna; M. Rodriguez-Ramos; A. Villalpando Barroso; M. Garcia Munoz; E. Andrade; G. Pellegrini; S. Otero Ugobono; P. Godignon; J.M. Rafi; G. Rius,2020,Radiation Physics and Chemistry,10.1016/j.radphyschem.2020.109100,https://doi.org/10.1016/j.radphyschem.2020.109100,journal_article,verified_peer_reviewed,B,SiC;fusion;detector characterization;IBIC,"SiC detector development specifically framed for fusion diagnostics, literature precedent",Crossref DOI-record confirmed title/12-author list/journal/vol/DOI,metadata_only,ScienceDirect abstract page not directly fetched; ion-beam-induced-charge (IBIC) SiC detector work explicitly framed for fusion applications. [Provenance: A0064]
S0065,"Khan, Sun, Li, Przybysz & Kosel, Eng. Res. Express 3(2), 022005 (2021)",Magnetic sensors -- A review and recent technologies,Mohammed Asadullah Khan; Jian Sun; Bodong Li; Alexander Przybysz; Juergen Kosel,2021,Engineering Research Express,10.1088/2631-8695/ac0838,https://doi.org/10.1088/2631-8695/ac0838,review_article,verified_peer_reviewed,B,Hall sensor review;magnetic sensor technologies;material comparison;sensitivity;resolution,General magnetic-sensor-technology review giving cross-material sensitivity/resolution/offset figures for background/landscape framing,WebFetch of IOPscience article page confirmed title/5-author list/journal/DOI; explicitly checked for and did not find a dedicated GaN row or temperature-range comparison,full_text,"Approximate figures given: Si Hall sensitivity 100-1000 V/A/T, resolution ~1000 nT/sqrt(Hz); III-V Hall sensitivity >1000 V/A/T, resolution ~100 nT/sqrt(Hz); graphene prototype 5700 V/A/T, 50 nT/sqrt(Hz). Weaker fit than other lane-6 sources: no dedicated GaN row and no temperature-range comparison, flagged honestly rather than overclaiming its relevance. [Provenance: A0065]"
S0066,"Bolshakova et al., Nucl. Fusion 57(11), 116042 (2017)",Metal Hall sensors for the new generation fusion reactors of DEMO scale,I. Bolshakova; M. Bulavin; N. Kargin; Ya. Kost; T. Kuech; S. Kulikov; M. Radishevskiy; F. Shurygin; M. Strikhanov; I. Vasil'evskii; A. Vasyliev,2017,Nuclear Fusion,10.1088/1741-4326/aa7867,https://doi.org/10.1088/1741-4326/aa7867,journal_article,verified_peer_reviewed,A,Hall sensor;fusion reactor;DEMO;in-vessel;radiation hardness;magnetic-confinement-fusion,"Direct magnetic-confinement-fusion in-vessel Hall-sensor comparator (metal, not semiconductor) -- key contrast case for GaN's semiconductor-Hall advantages in the novelty argument","WebFetch of IOPscience article page directly confirmed title/11-author list/journal/DOI, quantitative sensitivity/radiation data; independently re-verified at stage 10D by the merge session via the Crossref API (title/authors/venue/volume/year match)",full_text,"Gold-nanofilm (~50-70nm) metal Hall sensors, sensitivity ~1 mV/A/T, tested to neutron fluence 1e24 n/m^2 with <1% sensitivity change, 1 mT resolution. [Provenance: A0066]"
S0067,"Entler et al., Fusion Eng. Des. 146, 526-530 (2019)",Prospects for the steady-state magnetic diagnostic based on antimony Hall sensors for future fusion power reactors,S. Entler; I. Duran; M. Kocan; G. Vayakis; M. Kohout; J. Sebek; P. Sladek; O. Grover; K. Vyborny,2019,Fusion Engineering and Design,10.1016/j.fusengdes.2019.01.013,https://doi.org/10.1016/j.fusengdes.2019.01.013,journal_article,verified_peer_reviewed,A,Hall sensor;fusion diagnostics;ITER;DEMO;in-vessel;magnetic-confinement-fusion;steady-state,"Direct precedent for Hall-sensor-based steady-state in-vessel fusion magnetic diagnostics -- strengthens the 'prior art exists but not GaN, and not stellarator' novelty framing",Crossref DOI-record confirmed title/9-author list/journal/volume/pages; topic/abstract-level description corroborated via WebSearch,abstract_metadata,Ceramics-metal Hall sensors with an antimony sensing layer for DEMO/ITER near-DC poloidal/radial field measurement along the vacuum vessel wall. [Provenance: A0067]
S0068,"Quercia et al., Nucl. Fusion 62(10), 106032 (2022)",Long term operation of the radiation-hard Hall probes system and the path toward a high performance hybrid magnetic field sensor,A. Quercia; A. Pironti; I. Bolshakova; R. Holyaka; I. Duran; A. Murari; JET Contributors,2022,Nuclear Fusion,10.1088/1741-4326/ac8aad,https://doi.org/10.1088/1741-4326/ac8aad,journal_article,verified_peer_reviewed,A,Hall sensor;tokamak;JET;in-vessel;radiation hardness;long-duration;magnetic-confinement-fusion;InSb;long-pulse;sensor fusion,"Strong direct tokamak in-vessel Hall-probe long-duration operational comparator (InSb, not GaN) -- directly informs repeatability/calibration-stability targets for HSX experiment planning",Independently re-verified this session via direct WebFetch of IOPscience article page: confirmed title/7-author list (incl. JET Contributors)/journal vol 62 no 10/22-Sep-2022 date/DOI; independently re-verified at stage 10D by the merge session via the Crossref API (title/authors/venue/volume/year match),full_text,"InSb Hall probes on JET, 11+ years (2009-2021), >19,000 pulses (15,473 useful); calibration stability std. dev. ~+/-0.07%; correct operation under neutron flux ~1e13 cm^-2 s^-1 (ITER-relevant). Proposes a hybrid coil+Hall Luenberger-Kalman sensor to address drift. [10D merge] Found independently by three lanes: 10A (A0068), 10B (B0041, which additionally framed the hybrid coil+Hall architecture as the field's own answer to long-pulse drift), and a 10C lane (excluded there as a cross-stage duplicate). Kept once here; the triple independent discovery marks it as one of the most load-bearing precedents in the whole ledger. [Provenance: A0068 (also B0041)]"
S0069,"Shen, Xi, Qian, Sun & Fan, Fusion Eng. Des. 84(1), 19-23 (2009)",The magnetic field configuration measurement on EAST tokamak,B. Shen; W. B. Xi; J. P. Qian; Y. W. Sun; H. Y. Fan,2009,Fusion Engineering and Design,10.1016/j.fusengdes.2008.07.045,https://doi.org/10.1016/j.fusengdes.2008.07.045,journal_article,verified_peer_reviewed,B,Hall probe;tokamak;EAST;in-vessel;toroidal field;magnetic-confinement-fusion,Direct in-vessel tokamak Hall-probe precedent (toroidal field measurement) for the fusion Hall-diagnostics prior-art landscape,Crossref DOI-record confirmed title/5-author list/journal/volume/issue/pages; topical description corroborated via WebSearch summary,metadata_only,"Per search-snippet description, Hall probes used for toroidal-field measurement inside the EAST vacuum vessel; Hall probe material system not confirmed from available snippets (likely commercial Si or InSb, not GaN). [Provenance: A0069]"
S0070,"Kovarik, Bolshakova et al., Czechoslovak J. Phys. 56(Suppl. 2), B104-B110 (2006)",Measurement of safety factor using Hall probes on CASTOR tokamak,K. Kovarik; I. Duran; I. Bolshakova; R. Holyaka; V. Erashok,2006,Czechoslovak Journal of Physics,10.1007/s10582-006-0185-4,https://doi.org/10.1007/s10582-006-0185-4,journal_article,verified_peer_reviewed,C,Hall probe;tokamak;CASTOR;in-vessel;safety factor;magnetic-confinement-fusion;CASTOR tokamak;small tokamak,Early (2006) direct precedent for Hall-probe magnetic measurement (safety factor q) inside a tokamak -- shows a long non-GaN lineage that a GaN sensor would need to distinguish itself from,"Independently re-verified this session via Crossref DOI-record API: confirmed title/journal/volume 56/issue S2/pages B104-B110/Oct-2006 date, matching the reporting agent's record; independently re-verified at stage 10D by the merge session via the Crossref API (title/authors/venue/volume/year match)",metadata_only,"Author-name rendering is inconsistent across sources for this record: Crossref itself returns two different transliterations in separate queries ('I. Duran'/'I. Curan' and 'I. Bolshakova'/'I. Boshakova'), most likely a diacritic-encoding artifact in the Czech-journal metadata rather than two different papers -- DOI, title, venue, volume, and page range are consistent and independently confirmed, so this is flagged as a metadata-quality caveat, not a verification failure. Same Duran/Bolshakova/Holyaka research lineage as A0066-A0068. [10D merge] Found independently by three lanes: 10A (A0070), 10B (B0054), and a 10C lane (excluded there as a cross-stage duplicate). Author rendering resolved at 10D against the Crossref record, which returns 'K. Kovarik; I. Duran (Crossref diacritic form Curan/Duran); I. Bolshakova (Crossref typo form Boshakova); R. Holyaka; V. Erashok' -- the ASCII forms Kovarik/Duran/Bolshakova used here are the standard transliterations of this well-documented Czech/Ukrainian author group (same lineage as the JET/ITER Hall-probe rows). [Provenance: A0070 (also B0054)]"
S0071,"Mirnov & Semenov, Sov. At. Energy 30(1), 22-29 (1971)",Investigation of the instabilities of the plasma string in the Tokamak-3 system by means of a correlation method,S. V. Mirnov; I. B. Semenov,1971,Soviet Atomic Energy,10.1007/BF01788387,https://doi.org/10.1007/BF01788387,journal_article,verified_peer_reviewed,A,Mirnov coil;foundational;magnetic probe;tokamak instability;correlation method,Original Mirnov-coil paper establishing magnetic-probe detection of large-scale MHD instabilities in tokamaks; the historical baseline for any newer sensing modality including a Hall-effect probe.,Crossref API DOI-record independently confirmed by this session (title/authors/journal/vol/issue/pages/year match),metadata_only,Foundational/seminal reference; translated Soviet-era journal article; no abstract available online to read. [Provenance: B0001]
S0072,"Hole, Appel & Martin, Rev. Sci. Instrum. 80(12), 123507 (2009)",A high resolution Mirnov array for the Mega Ampere Spherical Tokamak,M. J. Hole; L. C. Appel; R. Martin,2009,Review of Scientific Instruments,10.1063/1.3272713,https://doi.org/10.1063/1.3272713,journal_article,verified_peer_reviewed,A,Mirnov array;spherical tokamak;MAST;spatial resolution;high-frequency design,Modern high-spatial-resolution Mirnov array design and engineering trade-offs (coil density vs. bandwidth vs. mode-number resolution) comparable to spatial-resolution limits of a single/few-axis Hall sensor.,Crossref DOI-record API confirmed title/authors/journal/volume/issue/page/year,metadata_only,No abstract independently read; no specific numeric bandwidth/turn-count figures claimed here. [Provenance: B0002]
S0073,"Buschel et al., Rev. Sci. Instrum. 95(2), 023506 (2024)",Synthetic Mirnov diagnostic for the validation of experimental observations,C. Buschel; R. Kleiber; A. Koenies; M. Drevlak; M. Borchardt; K. Rahbarnia; H. Thomsen; S. Vaz Mendes; C. Brandt; J. Knauer; K. J. Brunner; Wendelstein 7-X Team,2024,Review of Scientific Instruments,10.1063/5.0190619,https://doi.org/10.1063/5.0190619,journal_article,verified_peer_reviewed,A,Mirnov coil;synthetic diagnostic;W7-X;stellarator;MHD mode validation,"Modern stellarator (W7-X) Mirnov-array validation methodology via synthetic (forward-model) diagnostic, the closest non-axisymmetric-device analogue to how HSX quasi-symmetric geometry complicates magnetic-mode diagnosis relative to a localized Hall probe.",Crossref DOI-record API confirmed title/authors/journal/volume/issue/page/year,metadata_only,Confirms a full in-vessel Mirnov array at W7-X used with a synthetic-diagnostic forward model for validation. [Provenance: B0003]
S0074,"Pons-Villalonga et al., Rev. Sci. Instrum. 96(6), 063502 (2025)",Exploring the operational limits of poloidal and helical arrays of Mirnov coils in stellarators by means of a synthetic diagnostic,P. Pons-Villalonga; A. Cappa; J. Martinez-Fernandez; O. S. Kozachok; E. Ascasibar; TJ-II Team,2025,Review of Scientific Instruments,10.1063/5.0244636,https://doi.org/10.1063/5.0244636,journal_article,verified_peer_reviewed,A,Mirnov coil array;stellarator;TJ-II;operational limits;mode-number resolution;synthetic diagnostic,Quantifies where poloidal/helical Mirnov-array designs in a non-axisymmetric (TJ-II) stellarator break down for mode-number identification -- the clearest literature analogue for arguing HSX (also quasi-symmetric/non-axisymmetric) has fundamentally limited Mirnov-array mode resolution that a localized vector Hall probe does not share.,Crossref DOI-record API confirmed title/authors/journal/volume/issue/page/year,abstract_metadata,Studies a poloidal array of single-axis coils and two helical arrays of tri-axial coils installed on TJ-II. Also independently found by the stellarator/HSX-specific lane; single row here. [Provenance: B0004]
S0075,"Rahbarnia et al., Plasma Phys. Control. Fusion 63(1), 015005 (2021)",Alfvenic fluctuations measured by in-vessel Mirnov coils at the Wendelstein 7-X stellarator,K. Rahbarnia; H. Thomsen; J. Schilling; S. Vaz Mendes; M. Endler; R. Kleiber; A. Koenies; M. Borchardt; C. Slaby; T. Bluhm; M. Zilker; B. B. Carvalho; Wendelstein 7-X Team,2021,Plasma Physics and Controlled Fusion,10.1088/1361-6587/abc395,https://doi.org/10.1088/1361-6587/abc395,journal_article,verified_peer_reviewed,A,Mirnov coil;W7-X;stellarator;Alfven eigenmodes;in-vessel array,"Full-scale operating stellarator in-vessel Mirnov system (125 coils) with measured mode frequencies -- the strongest available benchmark for what a large Mirnov array can/cannot resolve in stellarator geometry, contrasted against a compact HSX Hall probe's coverage.",Independently re-verified this session via Crossref API (title/6-author-prefix/journal/vol 63/issue 1/article 015005/2021 confirmed exactly),abstract_metadata,125 Mirnov coils on the inner W7-X vessel wall; reports broadband fluctuations near ~180 kHz interpreted as possible ellipticity-induced Alfven eigenmodes. [Provenance: B0005]
S0076,"Everson et al., Rev. Sci. Instrum. 80(11), 113505 (2009)","Design, construction, and calibration of a three-axis, high-frequency magnetic probe (B-dot probe) as a diagnostic for exploding plasmas",E. T. Everson; P. Pribyl; C. G. Constantin; A. Zylstra; D. Schaeffer; N. L. Kugland; C. Niemann,2009,Review of Scientific Instruments,10.1063/1.3246785,https://doi.org/10.1063/1.3246785,journal_article,verified_peer_reviewed,A,B-dot probe;three-axis magnetic probe;bandwidth;calibration;high-frequency response,Standard modern reference for B-dot-probe design/construction/calibration methodology and quantified bandwidth -- the direct inductive-sensor counterpart to a Hall sensor's bandwidth characterization.,Independently re-verified this session via Crossref API (title/7-author list/journal/vol 80/issue 11/article 113505/2009 confirmed exactly),abstract_metadata,2.5 mm-diameter three-axis differential B-dot probe; five turns of twisted-pair 40 AWG wire per axis; frequency response characterized 10 kHz-50 MHz. [Provenance: B0006]
S0077,"Tan et al., IEEE Trans. Plasma Sci. 47(7), 3298-3304 (2019)",MHD Mode Analysis Using the Unevenly Spaced Mirnov Coils in the Keda Torus eXperiment,Mingsheng Tan; Hong Li; Cui Tu; Tijian Deng; Zichao Li; Bing Luo; Jinlin Xie; Tao Lan; Adi Liu; Wenzhe Mao; Weixing Ding; Chijin Xiao; Ge Zhuang; Wandong Liu,2019,IEEE Transactions on Plasma Science,10.1109/TPS.2019.2918300,https://doi.org/10.1109/TPS.2019.2918300,journal_article,verified_peer_reviewed,B,Mirnov coil array;unevenly spaced coils;MHD mode number;spatial aliasing;tokamak,Addresses how non-ideal (unevenly spaced) real-world Mirnov coil geometry degrades mode-number determination -- a concrete spatial-resolution limitation relevant to arguing point-sensor placement flexibility as a Hall-sensor advantage.,Crossref DOI-record API confirmed title/authors/journal/volume/issue/page/year,metadata_only,Quantitative aliasing figures not independently confirmed beyond the bibliographic record. [Provenance: B0007]
S0078,"Klein et al., Plasma Phys. Control. Fusion 50(12), 125005 (2008)",A sparsity-based method for the analysis of magnetic fluctuations in unevenly-spaced Mirnov coils,A. Klein; H. Carfantan; D. Testa; A. Fasoli; J. Snipes; JET EFDA Contributors,2008,Plasma Physics and Controlled Fusion,10.1088/0741-3335/50/12/125005,https://doi.org/10.1088/0741-3335/50/12/125005,journal_article,verified_peer_reviewed,A,Mirnov coil;JET;unevenly-spaced array;sparsity method;toroidal mode number,"JET-scale evidence that real Mirnov arrays are irregularly spaced and require dedicated signal-processing (sparse-recovery) methods to extract mode numbers reliably, a limitation not shared by a single localized Hall sensor's direct field readout.",Crossref DOI-record API confirmed title/authors/journal/volume/issue/page/year,metadata_only,Confirms JET's toroidal Mirnov array is unevenly spaced and needed a purpose-built analysis method for reliable mode-number extraction. [Provenance: B0008]
S0079,"Tobin, Roche & Matsumoto, Rev. Sci. Instrum. 92(4), 043510 (2021)",MHD mode identification by higher order singular value decomposition of C-2W Mirnov probe data,M. Tobin; T. Roche; T. Matsumoto; TAE Team,2021,Review of Scientific Instruments,10.1063/5.0043802,https://doi.org/10.1063/5.0043802,journal_article,verified_peer_reviewed,B,Mirnov probe;field-reversed configuration;higher-order SVD;mode identification,"Even on a modern non-tokamak magnetic-confinement device (C-2W FRC), Mirnov-probe-array mode identification requires advanced multivariate decomposition post-processing, reinforcing that array-based inductive diagnostics carry an analysis burden single-point vector sensing avoids.",Crossref DOI-record API confirmed title/authors/journal/volume/issue/article number/year,metadata_only,No numeric results independently confirmed beyond bibliographic record. [Provenance: B0009]
S0080,"Wang et al., AIP Advances 13(10), 105125 (2023)",Magnetic pickup coil systems on the HL-3 tokamak,A. Wang; S. Y. Liang; T. F. Sun; M. Y. He; J. M. Gao; J. Z. Zhang; R. Ma; X. Q. Ji; W. Chen,2023,AIP Advances,10.1063/5.0174405,https://doi.org/10.1063/5.0174405,journal_article,verified_peer_reviewed,B,Mirnov coil;pickup coil;HL-3 tokamak;integrator;calibration,"Current (2023) full pickup-coil-system design paper on a major operating tokamak, giving a modern integrator-drift baseline to contrast against a DC-coupled Hall sensor with no integration-drift term.",Crossref DOI-record API confirmed title/authors/journal/volume/issue/article number/year,abstract_metadata,"Reported analog-integrator drift below ~2 mV/30 s, stated as negligible over HL-3's ~2 s pulsed discharge. [Provenance: B0010]"
S0081,"Ouyang et al., AIP Advances 12(1), 015314 (2022)",Design and construction of magnetic diagnostics on NanChang spherical tokamak,T. B. Ouyang; Y. Z. Qian; S. Q. Liu; X. S. Yang; X. C. Chen,2022,AIP Advances,10.1063/5.0074127,https://doi.org/10.1063/5.0074127,journal_article,verified_peer_reviewed,B,Mirnov coil;magnetic diagnostics;spherical tokamak;integrator drift;calibration,"A second concrete, quantified example of integrator-drift magnitude in a modern small tokamak's magnetic-diagnostic suite, a data point for the integration-drift limitation category being compared against Hall-sensor DC response.",Crossref DOI-record API confirmed title/authors/journal/volume/issue/page/year,abstract_metadata,"Reported integrator drift below ~1 mV/10 s, negligible within NCST's ~100 ms pulsed discharge; illustrates drift becomes proportionally more significant as discharge duration increases. [Provenance: B0011]"
S0082,"Baruzzo et al., Fusion Eng. Des. 150, 110863 (2020)",Fault analysis and improved design of JET in-vessel Mirnov coils,M. Baruzzo; G. Artaserse; R. B. Henriques; S. Gerasimov; N. Lam; P. J. Lomas; R. Otin; F. Rimini; M. Tsalas; S. Van Boxel,2020,Fusion Engineering and Design,10.1016/j.fusengdes.2019.02.123,https://doi.org/10.1016/j.fusengdes.2019.02.123,journal_article,verified_peer_reviewed,A,Mirnov coil;JET;fault analysis;coil failure;in-vessel design;reliability,Direct major-tokamak evidence of real in-service Mirnov-coil failure modes and the redesign needed to fix them -- a documented known-limitation case for comparison against a solid-state Hall sensor's different failure-mode profile.,Crossref DOI-record API confirmed title/authors/journal/volume/issue/page/year,metadata_only,Fault/failure-mode analysis of JET's in-vessel Mirnov coils leading to an improved design; specific fault statistics not independently confirmed. [Provenance: B0012]
S0083,"Ye, Peng, Fransico & Endler, Fusion Eng. Des. 88(9-10), 1844-1847 (2013)",Thermal analysis of the Mirnov coils of Wendelstein 7-X,M. Y. Ye; X. B. Peng; L. Fransico; M. Endler,2013,Fusion Engineering and Design,10.1016/j.fusengdes.2013.05.087,https://doi.org/10.1016/j.fusengdes.2013.05.087,journal_article,verified_peer_reviewed,B,Mirnov coil;W7-X;thermal analysis;in-vessel heat load;coil survivability,Thermal-environment design constraint specific to in-vessel Mirnov coils (heat loads from plasma-facing installation) in a stellarator directly comparable to HSX; relevant to comparing sensor survivability/packaging constraints against a Hall-sensor die.,Crossref DOI-record API confirmed title/authors/journal/volume/issue/page/year,metadata_only,Peer-reviewed engineering-design study of thermal loading on W7-X's in-vessel Mirnov coils; no specific temperature/heat-flux numbers independently confirmed. [Provenance: B0013]
S0084,"Spuig et al., Fusion Eng. Des. 96-97, 966-969 (2015)",Enhanced integrators for WEST magnetic diagnostics,Pascal Spuig; Praveena Kumari; Michel Moreau; Philippe Moreau; Alain Le-luyer; Philippe Malard,2015,Fusion Engineering and Design,10.1016/j.fusengdes.2015.06.047,https://doi.org/10.1016/j.fusengdes.2015.06.047,journal_article,verified_peer_reviewed,B,Mirnov coil;integrator drift;long-pulse;WEST tokamak;drift correction;CMRR,WEST is a long-pulse (steady-state-relevant) tokamak; documents integrator-drift mitigation engineering specifically motivated by pulse-length limitations of inductive B-dot/Mirnov measurement -- a central known-limitation contrast point against a Hall sensor's inherently DC-capable readout.,Independently re-verified this session via Crossref API: confirmed pages 966-969 (one search lane had mis-cited 505-508 for the same DOI; the Crossref record settles it at 966-969),metadata_only,Also independently found by the flux-loop and integrator-drift lanes (same DOI); single row here. Two enhanced analogue-integrator prototypes targeting lower drift and higher CMRR for long-pulse operation. [Provenance: B0014]
S0085,"Chitarin, Delogu, Gallo & Peruzzo, Fusion Eng. Des. 84(2-6), 593-598 (2009)",Technology developments for ITER in-vessel equilibrium magnetic sensors,G. Chitarin; R. Delogu; A. Gallo; S. Peruzzo,2009,Fusion Engineering and Design,10.1016/j.fusengdes.2008.11.022,https://doi.org/10.1016/j.fusengdes.2008.11.022,journal_article,verified_peer_reviewed,B,magnetic sensor;ITER;in-vessel;radiation environment;equilibrium diagnostic,Documents the radiation/thermal-hardening engineering burden required to keep inductive coil-based magnetic sensors viable in a harsh (ITER-like) nuclear environment -- context for comparing radiation tolerance/packaging complexity against a GaN Hall sensor (literature-context only; no experimental radiation work is in this mission's scope).,Crossref DOI-record API confirmed title/authors/journal/volume/issue/page/year,metadata_only,Specific radiation-induced EMF figures not independently confirmed beyond bibliographic record. [Provenance: B0015]
S0086,"Rahbarnia et al., Nucl. Fusion 58(9), 096023 (2018)",Diamagnetic energy measurement during the first operational phase at the Wendelstein 7-X stellarator,K. Rahbarnia; H. Thomsen; U. Neuner; J. Schilling; J. Geiger; G. Fuchert; T. Andreeva; M. Endler; D. Hathiramani; T. Bluhm; M. Zilker; B. B. Carvalho; A. Werner; Wendelstein 7-X Team,2018,Nuclear Fusion,10.1088/1741-4326/aacab0,https://doi.org/10.1088/1741-4326/aacab0,journal_article,verified_peer_reviewed,A,diamagnetic loop;stellarator;W7-X;stored energy;compensation coils,"Direct precedent for the exact class of comparator diagnostic (stellarator diamagnetic loop) the HSX manuscript benchmarks the Hall sensor against, including engineering of eddy-current/compensation-coil corrections for a steady-state-capable stellarator.",Crossref DOI-record API confirmed title/authors/journal/year,metadata_only,W7-X fielded two (later three) diamagnetic loops; the triangular loop carries four compensation coils to null errors from fluctuating superconducting-coil currents and eddy currents in adjacent structures. [Provenance: B0016]
S0087,"Fuchert et al., Nucl. Fusion 58(10), 106029 (2018)",Global energy confinement in the initial limiter configuration of Wendelstein 7-X,G. Fuchert; S. A. Bozhenkov; N. Pablant; K. Rahbarnia; Y. Turkin; A. Alonso; T. Andreeva; C. D. Beidler; M. Beurskens; A. Dinklage; J. Geiger; M. Hirsch; U. Hoefel; J. Knauer; A. Langenberg; H. P. Laqua; H. Niemann; E. Pasch; T. Sunn Pedersen; T. Stange; J. Svensson; H. Trimino Mora; G. A. Wurden; D. Zhang; R. C. Wolf; W7-X Team,2018,Nuclear Fusion,10.1088/1741-4326/aad78b,https://doi.org/10.1088/1741-4326/aad78b,journal_article,verified_peer_reviewed,A,stellarator;W7-X;diamagnetic stored energy;energy confinement time;scaling,"Shows the diamagnetic-loop-derived stored energy used as the primary input to energy confinement scaling in a stellarator, the same quantity class the HSX Hall sensor's temporal signal is cross-checked against.",Crossref DOI-record API confirmed title/authors/journal/year,metadata_only,Uses W7-X diamagnetic stored-energy measurements as the basis for confinement-time analysis. [Provenance: B0017]
S0088,"Sakakibara, Yamada & LHD Experiment Group, Fusion Sci. Technol. 58(1), 471-481 (2010)",Magnetic Measurements in LHD,S. Sakakibara; H. Yamada; LHD Experiment Group,2010,Fusion Science and Technology,10.13182/fst10-a10833,https://doi.org/10.13182/fst10-a10833,journal_article,verified_peer_reviewed,A,stellarator;LHD;diamagnetic loop;MHD magnetic diagnostics;stored energy,"Dedicated overview of the full magnetic-diagnostic suite (diamagnetic flux measurement plus MHD mode analysis) used for global-parameter estimation on a major stellarator (LHD), directly parallel to the HSX diamagnetic-loop role.",Crossref DOI-record API confirmed title/authors/journal/volume/pages/year,metadata_only,Covers diamagnetic flux measurement technique and its use for stored-energy/confinement-time estimation on LHD. [Provenance: B0018]
S0089,"Besshou et al., Rev. Sci. Instrum. 72(10), 3859-3862 (2001)",Diamagnetic double-loop method for a highly sensitive measurement of energy stored in a Stellarator plasma,S. Besshou; K. Aizawa; K. Tomiyama; K. Kondo; T. Mizuuchi; K. Nagasaki; T. Obiki; H. Okada; F. Sano,2001,Review of Scientific Instruments,10.1063/1.1400155,https://doi.org/10.1063/1.1400155,journal_article,verified_peer_reviewed,A,diamagnetic loop;double-loop method;stellarator;heliotron;stored energy;eddy-current rejection,Foundational technique paper for the double-loop diamagnetic method (two concentric loops enclosing the plasma column) used to reject background field and eddy-current contamination -- the core physics behind any diamagnetic-loop comparator measurement such as HSX's.,Crossref API bibliographic match confirmed DOI/journal/year; direct AIP abstract fetch returned HTTP 403,metadata_only,Independently found by both the flux-loop lane and the stellarator/HSX lane (same DOI); single row here. Kyoto heliotron-program authorship (Mizuuchi/Nagasaki/Okada/Sano). [Provenance: B0019]
S0090,"Pustovitov, Plasma Fusion Res. 5, S2054 (2010)",Theory of Diamagnetic Signal in Current-Free Stellarators,Vladimir D. Pustovitov,2010,Plasma and Fusion Research,10.1585/pfr.5.s2054,https://doi.org/10.1585/pfr.5.s2054,journal_article,verified_peer_reviewed,A,diamagnetic signal theory;stellarator;beta measurement;current-free equilibrium,Analytic theoretical basis relating the diamagnetic-loop signal to plasma beta in current-free stellarators of arbitrary geometry -- the physics underpinning why the diamagnetic loop is a valid stored-energy/beta comparator in a device like HSX.,Crossref DOI-record API confirmed title/author/journal/year,metadata_only,Derives toroidal magnetic flux through the plasma column analytically for current-free stellarators without restrictive shape/aspect-ratio assumptions. [Provenance: B0020]
S0091,"Pustovitov, Fusion Eng. Des. 138, 51-58 (2019)",Extended theory of diamagnetic measurements with account of the wall currents in tokamaks,V. D. Pustovitov,2019,Fusion Engineering and Design,10.1016/j.fusengdes.2018.11.001,https://doi.org/10.1016/j.fusengdes.2018.11.001,journal_article,verified_peer_reviewed,B,diamagnetic loop theory;eddy currents;resistive wall;systematic error;transient events,"Quantifies how vessel eddy/wall currents systematically distort the diamagnetic-loop signal during transients, relevant to assessing when the diamagnetic loop is (or is not) a clean comparator for a faster, unfiltered Hall sensor signal.",Crossref API bibliographic match confirmed DOI/journal/year; ScienceDirect abstract fetch returned HTTP 403,metadata_only,"Secondary search summary (not independently fetched) indicates the wall-current-induced discrepancy between measured signal and true flux change can exceed 10%, up to ~100% in rapid-quench cases -- treat as indicative pending full-text confirmation. [Provenance: B0021]"
S0092,"Moret, Buhlmann & Tonetti, Rev. Sci. Instrum. 74(11), 4634-4643 (2003)",Fast single loop diamagnetic measurements on the TCV tokamak,J.-M. Moret; F. Buhlmann; G. Tonetti,2003,Review of Scientific Instruments,10.1063/1.1614856,https://doi.org/10.1063/1.1614856,journal_article,verified_peer_reviewed,A,diamagnetic loop;single-loop method;vessel eddy currents;signal processing;bandwidth,"Foundational engineering solution for diamagnetic measurement on a low-resistivity vessel with strong image currents, showing how bandwidth and eddy-current compensation trade off in loop diagnostics.",Crossref DOI-record API confirmed title/authors/journal/year,metadata_only,Secondary search summary (not independently fetched): single loop with signal processing to match the fast component of induced vessel current achieving ~10 kHz bandwidth; treat quantitative figure as indicative. [Provenance: B0022]
S0093,"Strait, Rev. Sci. Instrum. 77(2), 023502 (2006)",Magnetic diagnostic system of the DIII-D tokamak,E. J. Strait,2006,Review of Scientific Instruments,10.1063/1.2166493,https://doi.org/10.1063/1.2166493,journal_article,verified_peer_reviewed,A,magnetic diagnostics;flux loops;diamagnetic loop;Rogowski loop;Mirnov coils;tokamak,"Standard reference describing an integrated flux-loop/diamagnetic-loop/Rogowski-loop/probe system on a major tokamak, a baseline for what a complete inductive magnetic-diagnostic suite looks like against which a single-axis Hall sensor is compared.",Crossref DOI-record API confirmed title/author/journal/year,metadata_only,"Widely cited overview of DIII-D's ~250-sensor inductive magnetic-diagnostic system; exact sensor count from secondary description, not independently re-verified via full text. [Provenance: B0023]"
S0094,"Quercia et al., Nucl. Fusion 57(8), 086004 (2017)",Performance analysis of Rogowski coils and the measurement of the total toroidal current in the ITER machine,A. Quercia; R. Albanese; R. Fresa; S. Minucci; S. Arshad; G. Vayakis,2017,Nuclear Fusion,10.1088/1741-4326/aa86fd,https://doi.org/10.1088/1741-4326/aa86fd,journal_article,verified_peer_reviewed,B,Rogowski coil;plasma current;error analysis;ITER;inductive sensing;uncertainty budget,"Rigorous, quantitative error budget for inductive-loop plasma-current sensing (Rogowski-type), a concrete accuracy benchmark to contrast against the Hall sensor's direct-field-sensing approach, and a methodology template for presenting an uncertainty budget.",Crossref DOI-record API confirmed title/authors/journal/year; IOPscience abstract page independently fetched,abstract_metadata,Target accuracy for the ITER Continuous External Rogowski: measurement error 2-sigma <=0.5% (high range) / <=1.0% (low range); joint-effect and cross-talk error sources quantified. Also independently found by the calibration/packaging lane; single row here. [Provenance: B0024]
S0095,"Inoue et al., Nucl. Fusion 65(3) (2025)",Diamagnetic energy measurements and evaluation of poloidal beta and internal inductance during the first operational phase at JT-60SA,S. Inoue; N. Oyama; M. Takechi; S. Tsuji-Iio; Y. Ohtani; R. Sano; S. Kojima; Y. Miyata; H. Yamazaki; T. Koabashi; T. Wakatsuki; H. Urano; M. Yoshida; T. Suzuki,2025,Nuclear Fusion,10.1088/1741-4326/adaed0,https://doi.org/10.1088/1741-4326/adaed0,journal_article,verified_peer_reviewed,B,diamagnetic loop;tokamak;stored energy;poloidal beta;internal inductance;commissioning,"Newest (2025) diamagnetic-loop stored-energy result set from first-commissioning data on a large superconducting tokamak, giving current-generation quantitative accuracy/drift figures for comparison against a Hall sensor's own reported drift/offset behavior.",Crossref DOI-record API confirmed title/authors/journal/year; IOPscience abstract page independently fetched; independently re-verified at stage 10D by the merge session via the Crossref API (title/authors/venue/volume/year match),abstract_metadata,Diamagnetic stored energy ~200-225 kJ in 1 MA flat-top; reported measurement error ~5%; static error bar 7.0 kJ; time-dependent drift rate 0.14 kJ/s. [10D enrichment] Volume/issue 65(3) added per the Crossref record fetched at 10D. [Provenance: B0025]
S0096,"Ji et al., Rev. Sci. Instrum. 84(9), 093504 (2013)",Diamagnetic measurements by concentric loops in the HL-2A tokamak,X. Q. Ji; Q. W. Yang; Y. Xu; T. F. Sun; B. S. Yuan; B. B. Feng; Y. Liu; Z. Y. Cui; J. Lu,2013,Review of Scientific Instruments,10.1063/1.4816842,https://doi.org/10.1063/1.4816842,journal_article,verified_peer_reviewed,B,diamagnetic loop;concentric loop;tokamak;ELM;stored energy resolution;integrator drift,"Concrete, quantitative concentric-loop diamagnetic system with a stated resolution and drift-compensation figure, a numeric benchmark for how well a well-engineered diamagnetic comparator diagnostic resolves fast stored-energy changes such as ELMs.",PubMed record (PMID 24007065) confirmed title/authors/journal/year/DOI; abstract independently fetched,abstract_metadata,Integrator output 0.1-0.2 V with RC time constant 0.5 ms; integration drift compensated to within 5 mV/10 s; overall system resolution +/-0.2 kJ. [Provenance: B0026]
S0097,"Aich et al., Radiat. Eff. Defects Solids 180(3-4) (2024)",Design and measurements of the diamagnetic loop in Aditya-U tokamak,S. Aich; T. M. Macwan; K. Galodiya; K. Singh; S. Dolui; J. Ghosh; R. L. Tanna; Abhijeet Kumar; H. Mandliya; E. V. Praveenlal; B. Hegde; R. Kumar; A. Kumar; H. Raj; A. Kumawat; K. A. Jadeja; K. Patel,2024,Radiation Effects and Defects in Solids,10.1080/10420150.2024.2378424,https://doi.org/10.1080/10420150.2024.2378424,journal_article,verified_peer_reviewed,B,diamagnetic loop;tokamak;compensation loop;calibration;poloidal beta;stored energy,"Recent complete design-to-data-interpretation case study of building and calibrating a diamagnetic loop with in-situ TF-coil-current compensation, illustrative of the design/calibration burden a Hall-sensor approach would replace or simplify.",Crossref DOI-record API confirmed title/authors/journal/year; independently re-verified at stage 10D by the merge session via the Crossref API (title/authors/venue/volume/year match),metadata_only,Compensating loop placed inside the diamagnetic loop assembly removes toroidal-field-coil-current pickup; calibrated in the presence of all discharge-carrying coils before use. [Provenance: B0027]
S0098,"Liu et al., Rev. Sci. Instrum. 80(5), 053506 (2009)",A new low drift integrator system for the Experiment Advanced Superconductor Tokamak,D. M. Liu; B. N. Wan; Y. Wang; Y. C. Wu; B. Shen; Z. S. Ji; J. R. Luo,2009,Review of Scientific Instruments,10.1063/1.3131627,https://doi.org/10.1063/1.3131627,journal_article,verified_peer_reviewed,B,integrator drift;long-pulse;magnetic diagnostics;EAST;tokamak,Addresses the long-pulse integrator-drift limitation intrinsic to any inductive (flux-loop/diamagnetic-loop) diagnostic -- the specific weakness a directly calibrated Hall sensor avoids by not requiring time integration.,Crossref API bibliographic match confirmed DOI/journal/year; direct abstract fetch returned HTTP 403,metadata_only,Part of an EAST integrator-development line for long-pulse operation; specific drift figure for this exact paper not independently confirmed by direct fetch. [Provenance: B0028]
S0099,"Werner, Rev. Sci. Instrum. 77(10), 10E307 (2006)",W7-X magnetic diagnostics: Performance of the digital integrator,Andreas Werner,2006,Review of Scientific Instruments,10.1063/1.2220073,https://doi.org/10.1063/1.2220073,journal_article,verified_peer_reviewed,A,integrator drift;digital integrator;W7-X;stellarator;long pulse,"States and addresses the fundamental integrator problem -- pickup coils/flux loops measure dB/dt and must be time-integrated, a fundamental challenge for long-pulse magnetic fusion diagnostics -- and reports a lock-in digital integrator built to suppress the resulting drift.",Crossref DOI-record API confirmed title/author/journal/volume/issue/article number; abstract text independently fetched,abstract_metadata,Abstract confirms the integrator-problem framing; lock-in digital integrator required ~100 ms processing latency per the follow-on Seo et al. 2010 KSTAR paper. [Provenance: B0029]
S0100,"Werner, Endler, Geiger & Koenig, Rev. Sci. Instrum. 79(10), 10F122 (2008)",W7-X magnetic diagnostics: Rogowski coil performance for very long pulses,Andreas Werner; Michael Endler; Joachim Geiger; Ralf Koenig,2008,Review of Scientific Instruments,10.1063/1.2957933,https://doi.org/10.1063/1.2957933,journal_article,verified_peer_reviewed,A,Rogowski coil;integrator;W7-X;long pulse;current measurement,"Quantifies the accuracy demanded of an inductive (Rogowski) plasma-current sensor under W7-X's long-pulse requirement, illustrating the engineering burden long-pulse operation places on inductive current sensors.",Independently re-verified this session via Crossref API (title/4-author list/journal/vol 79/issue 10/article 10F122/2008 confirmed exactly),abstract_metadata,Abstract: net-current stabilization should be reliable even after 2000 s of plasma operation. Also independently found by the stellarator/HSX-specific lane; single row here. [Provenance: B0030]
S0101,"Nakanishi et al., Fusion Eng. Des. 66-68, 827-832 (2003)",Steady-state data acquisition method for LHD diagnostics,Hideya Nakanishi; Mamoru Kojima; Masaki Ohsuna; Seiji Komada; Miki Nonomura; Masanobu Yoshida; Setsuo Imazu; Shigeru Sudo,2003,Fusion Engineering and Design,10.1016/S0920-3796(03)00329-6,https://doi.org/10.1016/S0920-3796(03)00329-6,journal_article,verified_peer_reviewed,B,LHD;steady-state;data acquisition;long pulse;diagnostics infrastructure,Documents the diagnostic-acquisition redesign LHD needed once its discharges moved from short transients toward steady-state operation -- evidence that conventional short-pulse-oriented diagnostic schemes break down as pulse length grows.,"Crossref DOI-record API confirmed title/authors/journal/volume/pages/year; no abstract returned, ScienceDirect blocked automated fetch",metadata_only,Secondary search indexing (not independently verified) describes a cyclic acquisition scheme for a ~30-minute quasi-steady-state LHD campaign; treat duration numbers as indicative. [Provenance: B0031]
S0102,"Chen et al., Plasma Sci. Technol. 25(12), 125102 (2023)",The advance of magnetic diagnostics system in support of EAST long-pulsed operation,Dalong Chen; Biao Shen; Tonghui Shi; Bihao Guo; Tingyu Li; Lixing Chen; Minmin Xue; Nan Chu,2023,Plasma Science and Technology,10.1088/2058-6272/ace87d,https://doi.org/10.1088/2058-6272/ace87d,journal_article,verified_peer_reviewed,A,EAST;integrator drift;long pulse;fiber-optic current sensor;calibration,"States that integrator drift must be bench-tested and actively subtracted by the plasma control system for EAST's hundred-second-class discharges, and that a non-inductive Faraday-effect fiber-optic current sensor was built specifically to avoid inductive current-measurement drift -- a close structural analogue to the direct-sensing (Hall) argument.",Crossref DOI-record API confirmed title/authors/journal/year; full abstract text independently fetched,abstract_metadata,Faraday-effect fiber-optic current sensor: relative accuracy within 0.5%; magnetic-measurement calibration max relative error <1%; abstract states long-pulse integrator drift error must be subtracted in the plasma control system. [Provenance: B0032]
S0103,"Wang et al., Fusion Eng. Des. 89(5), 618-622 (2014)",A digital long pulse integrator for EAST Tokamak,Y. Wang; Z. S. Ji; G. J. Xu; F. Wang; S. Li; X. Y. Sun; Z. C. Zhang,2014,Fusion Engineering and Design,10.1016/j.fusengdes.2014.02.019,https://doi.org/10.1016/j.fusengdes.2014.02.019,journal_article,verified_peer_reviewed,B,EAST;digital integrator;chopper modulation;drift compensation;FPGA,"Chopper-modulated, FPGA-based real-time digital integrator built specifically to counter drift in EAST's long-pulse magnetic diagnostics, with a near-linear drift model used for active compensation.","Crossref DOI-record API confirmed title/authors/journal/volume/issue/pages/year; no abstract returned, ScienceDirect blocked automated fetch",metadata_only,Secondary search indexing (not independently confirmed) describes a demonstrated 411 s EAST discharge; treat as indicative pending direct full-text confirmation. [Provenance: B0033]
S0104,"Liu et al., Fusion Eng. Des. 165, 112255 (2021)",An analog-digital integrator for EAST long pulse discharge,D. M. Liu; X. Wang; B. Shen; J. P. Qian; X. Z. Gong; B. Chen; G. Z. Miao,2021,Fusion Engineering and Design,10.1016/j.fusengdes.2021.112255,https://doi.org/10.1016/j.fusengdes.2021.112255,journal_article,verified_peer_reviewed,A,EAST;integrator drift;drift compensation;alternating integrator;quantified drift rate,Directly quantifies integrator drift (<8 mV over 1000 s bench test at 20 ms integration time constant) and demonstrates stable real-time-compensated operation to a 1284 s EAST discharge -- one of the strongest quantitative data points for the argument that inductive sensors need continual drift correction.,Crossref DOI-record API confirmed bibliographic fields; abstract independently retrieved via Semantic Scholar Graph API keyed to the same DOI,abstract_metadata,Abstract: alternating method plus integrator drift correction algorithm keeps the system stable to 1284 s; bench-test integration drift within 1000 s is <8 mV at 20 ms time constant. [Provenance: B0034]
S0105,"Bak, Lee & Son, Rev. Sci. Instrum. 75(10), 4305-4307 (2004)",Performance of the magnetic sensor and the integrator for the KSTAR magnetic diagnostics,J. G. Bak; S. G. Lee; DeRac Son,2004,Review of Scientific Instruments,10.1063/1.1789620,https://doi.org/10.1063/1.1789620,journal_article,verified_peer_reviewed,B,KSTAR;analog integrator;drift compensation;magnetic sensor;superconducting tokamak,"Documents an early automatically drift-compensating analog integrator for KSTAR's magnetic diagnostics and its bench performance under an RF-noise environment, baseline evidence that even a newly designed superconducting-tokamak magnetics system required active drift compensation from the outset.",Crossref DOI-record API confirmed title/authors/journal/year; abstract text retrieved from the Crossref record,abstract_metadata,"Abstract: analog integrator automatically compensating drift, tested connected with a magnetic sensor under an RF environment; sensor frequency response characterized over 10 kHz-15 MHz. [Provenance: B0035]"
S0106,"Seo, Werner & Marquardt, Rev. Sci. Instrum. 81(12), 123507 (2010)",Development of a digital integrator for the KSTAR device,Seong-Heon Seo; Andreas Werner; M. Marquardt,2010,Review of Scientific Instruments,10.1063/1.3519303,https://doi.org/10.1063/1.3519303,journal_article,verified_peer_reviewed,A,KSTAR;digital integrator;FPGA;drift suppression;long pulse,"Explicitly frames integrator development as increasingly critical as fusion-device pulse length gets longer, states a small DC offset produces significant drift over long pulses, and adapts the W7-X lock-in digital-integrator concept to an FPGA implementation -- direct cross-machine (W7-X-to-KSTAR) evidence for both the drift problem and its mitigation.",Crossref DOI-record API confirmed title/authors/journal/volume/issue/article number/year; full abstract text independently fetched,abstract_metadata,Abstract (verbatim): a small offset in the signal can cause a significant drift in the integrator output for long pulse experiments; the FPGA-based approach allows real-time integration. [Provenance: B0036]
S0107,"Xu et al., Rev. Sci. Instrum. 87(2), 023507 (2016)",Development of a low-drift integrator system on the HL-2A tokamak,Yuan Xu; Xiaoquan Ji; Qingwei Yang; Tengfei Sun; Baoshan Yuan; Shaoyong Liang; Leilei Ren; Jian Zhou,2016,Review of Scientific Instruments,10.1063/1.4940027,https://doi.org/10.1063/1.4940027,journal_article,verified_peer_reviewed,A,HL-2A;low-drift integrator;hybrid analog-digital;quantified drift rate,"Provides another directly quantified drift figure for a hybrid analog-drift-cancellation-plus-digital-correction integrator, reinforcing that mV/s-scale residual drift persists even in purpose-built low-drift designs and must be actively tracked/subtracted.",Crossref DOI-record API confirmed title/authors/journal/volume/issue/article number/year; full abstract text independently fetched,abstract_metadata,Dual-integrator analog drift cancellation combined with FPGA-based real-time digital correction of residual drift; integral drift compensated within 10 mV/10 s at RC = 0.5 ms. [Provenance: B0037]
S0108,"Strait, Fredrickson, Moret & Takechi, Fusion Sci. Technol. 53(2), 304-334 (2008)",Chapter 2: Magnetic Diagnostics,E. J. Strait; E. D. Fredrickson; J.-M. Moret; M. Takechi,2008,Fusion Science and Technology,10.13182/fst08-a1674,https://doi.org/10.13182/fst08-a1674,review_article,verified_peer_reviewed,A,magnetic diagnostics;review;Mirnov coils;flux loops;Hall probes;equilibrium reconstruction,"Standard peer-reviewed review of magnetic diagnostics for magnetically confined plasmas, covering the principles and limitations of inductive pickup coils/flux loops (including the integration requirement) alongside Hall-effect probes as an established alternative -- the authoritative framing citation for the inductive-vs-direct-sensing comparison at the heart of this evidence batch.",Crossref DOI-record API confirmed title/authors/journal/volume/issue/pages/year/type,metadata_only,"Widely cited as the standard review covering inductive loops and Hall-effect probes used in nearly all present devices; page-level content not independently retrieved, so specific quantitative claims are not attributed to it here. [Provenance: B0038]"
S0109,"Nishitani et al., J. Nucl. Mater. 329-333, 1461-1465 (2004)",Radiation-induced thermoelectric sensitivity in the mineral-insulated cable of magnetic diagnostic coils for ITER,T. Nishitani; G. Vayakis; M. Yamauchi; T. Sugie; T. Kondoh; T. Shikama; E. Ishitsuka; H. Kawashima,2004,Journal of Nuclear Materials,10.1016/j.jnucmat.2004.04.252,https://doi.org/10.1016/j.jnucmat.2004.04.252,journal_article,verified_peer_reviewed,A,radiation effects;mineral-insulated cable;thermoelectric EMF;ITER;environmental constraints,"Direct evidence for the radiation/thermal environmental-constraint sub-topic: quantifies spurious radiation- and temperature-induced EMFs in the mineral-insulated cabling of in-vessel inductive magnetic coils under reactor-relevant irradiation, a systematic error source with no analogue for a compact solid-state (Hall) sensor with short leads.","Crossref DOI-record API confirmed title/authors/journal/volume/pages/year; no abstract returned, ScienceDirect/Semantic Scholar blocked",metadata_only,"Companion to Vayakis et al. RSI 75, 4324 (2004) RITES paper (not separately counted here); related literature reports radiation-induced EMFs of order ~1 V, not independently re-derived from this DOI's unretrieved abstract. [Provenance: B0039]"
S0110,"Vayakis et al., J. Nucl. Mater. 417(1-3), 780-786 (2011)",Nuclear technology aspects of ITER vessel-mounted diagnostics,George Vayakis; Luciano Bertalot; Anna Encheva; Chris Walker; Benoit Brichard; M. S. Cheon; G. Chitarin; Eric Hodgson; Christian Ingesson; M. Ishikawa; T. Kondoh; Hans Meister; Philippe Moreau; Simone Peruzzo; S. Pak; German Perez-Pichel; Roger Reichle; Duccio Testa; Matthieu Toussaint; Ludo Vermeeren; Vladimir Vershkov,2011,Journal of Nuclear Materials,10.1016/j.jnucmat.2011.01.081,https://doi.org/10.1016/j.jnucmat.2011.01.081,journal_article,verified_peer_reviewed,A,ITER;radiation environment;nuclear heating;in-vessel diagnostics;environmental constraints,"Comprehensive, multi-author, peer-reviewed treatment of the neutron/gamma/nuclear-heating environment that any in-vessel diagnostic (inductive coil or candidate solid-state sensor alike) must survive on a burning-plasma device -- the primary citable source for radiation/thermal/vacuum environmental constraints on in-vessel magnetic sensors.","Crossref DOI-record API confirmed title/21-author list/journal/volume/issue/pages/year; no abstract returned, ScienceDirect/Semantic Scholar blocked",metadata_only,Related search-indexed context (not independently confirmed from this abstract): in-vessel components face fast neutron flux of order 5e23 n/m2/s and ionizing dose rate ~100 Gy/s near the first wall; treat as indicative of this author group's broader ITER-diagnostics findings. [Provenance: B0040]
S0111,"Bolshakova et al., Nucl. Fusion 55(8), 083006 (2015)",Experimental evaluation of stable long term operation of semiconductor magnetic sensors at ITER relevant environment,I. Bolshakova; S. Belyaev; M. Bulavin; V. Brudnyi; V. Chekanov; V. Coccorese; I. Duran; S. Gerasimov; R. Holyaka; N. Kargin; R. Konopleva; Ya. Kost; T. Kuech; S. Kulikov; O. Makido; Ph. Moreau; A. Murari; A. Quercia; F. Shurygin; M. Strikhanov; S. Timoshyn; I. Vasilevskii; A. Vinichenko,2015,Nuclear Fusion,10.1088/0029-5515/55/8/083006,https://doi.org/10.1088/0029-5515/55/8/083006,journal_article,verified_peer_reviewed,A,Hall sensor;InSb;JET;Tore Supra;radiation testing;neutron fluence,Establishes the accumulated multi-year radiation/qualification test base for InSb-based Hall sensors targeting ITER -- the standing prior art any new fusion Hall-sensor material claim (including GaN) must be compared against.,Crossref DOI-record API confirmed title/23-author list/journal/volume/issue/page/year,metadata_only,InSb Hall sensors on GaAs substrate tested to total neutron fluence ~1e16 cm^-2; prototype probes installed/tested at Tore Supra and JET; no GaN material used or discussed. [Provenance: B0042]
S0112,"Duran et al., Plasma Phys. Control. Fusion 68(6) (2026)",Antimony Hall sensors with W-Ti diffusion barriers for long-pulse operations in ITER and DEMO,I. Duran; S. Entler; M. Vilemova; M. Ivanek; P. Sladek; J. Reboun; P. Turjanica; M. Simonovsky; L. Stepan; O. Bares; Y. Ma,2026,Plasma Physics and Controlled Fusion,10.1088/1361-6587/ae6c59,https://doi.org/10.1088/1361-6587/ae6c59,journal_article,verified_peer_reviewed,A,Hall sensor;antimony;ITER;DEMO;radiation hardness;long-pulse,"Most recent (2026) fusion Hall-sensor material-development paper -- confirms the current state of the art is antimony sensitive layers, not GaN, and quantifies neutron tolerance directly comparable to any GaN claim.",IOPscience DOI landing page independently fetched confirming full abstract/authors/special-issue volume-issue/publication status; independently re-verified at stage 10D by the merge session via the Crossref API (title/authors/venue/volume/year match),abstract_metadata,4th-generation antimony Hall sensor with 500 nm W-Ti diffusion barrier; sensitivity ~89.6 mV/A/T; linear range +/-2.5 T; only 2.3% sensitivity shift after 1.4e20 cm^-2 fast-neutron fluence. Published in a peer-reviewed special issue of the 6th European Conference on Plasma Diagnostics (ECPD 2025). [10D enrichment] Volume/issue 68(6) added per the Crossref record fetched at 10D. [Provenance: B0043]
S0113,"Vayakis et al., Rev. Sci. Instrum. 83(10), 10D712 (2012)",Development of the ITER magnetic diagnostic set and specification,G. Vayakis; S. Arshad; D. Delhom; A. Encheva; T. Giacomin; L. Jones; K. M. Patel; M. Perez-Lasala; M. Portales; D. Prieto; F. Sartori; S. Simrock; J. A. Snipes; V. S. Udintsev; C. Watts; A. Winter; L. Zabeo,2012,Review of Scientific Instruments,10.1063/1.4732077,https://doi.org/10.1063/1.4732077,journal_article,verified_peer_reviewed,A,ITER;magnetic diagnostic set;steady-state sensors;in-vessel coils;specification,Baseline ITER magnetic-diagnostic architecture paper defining where non-inductive (Hall) steady-state sensors sit relative to inductive coils -- context for any claim that a new sensor closes a gap in fusion magnetic diagnostics.,PubMed record (PMID 23126886) full abstract retrieved directly; cross-checked against Crossref API metadata,abstract_metadata,"Overview/specification paper covering in-vessel coils, steady-state (Hall) sensors, saddle loops, and divertor sensors for ITER; establishes the requirements context (long pulse, high neutron/gamma flux, high temperature) against which GaN Hall sensors would need to be evaluated. [Provenance: B0044]"
S0114,"Kocan et al., Rev. Sci. Instrum. 89(10) (2018)",Steady state magnetic sensors for ITER and beyond: Development and final design (invited),M. Kocan; I. Duran; S. Entler; G. Vayakis; P. Agostinetti; M. Brombin; J. M. Carmona; G. Gambetta; T. Jirman; N. Marconato; P. Moreau; S. Peruzzo; P. Spuig; M. Walsh,2018,Review of Scientific Instruments,10.1063/1.5038871,https://doi.org/10.1063/1.5038871,journal_article,verified_peer_reviewed,A,Hall sensor;bismuth;ITER;DEMO;final design;radiation/temperature testing,"Definitive final-design paper for the ITER steady-state (non-inductive) Hall-sensor array -- the most authoritative existing account of a semiconductor Hall sensor engineered for in-vessel deployment in a magnetic confinement device, the direct comparator for a GaN sensor's novelty claim.",PubMed record (PMID 30399664) full abstract retrieved directly; cross-checked against Crossref API metadata; independently re-verified at stage 10D by the merge session via the Crossref API (title/authors/venue/volume/year match),abstract_metadata,"60-sensor poloidal array on ITER vacuum vessel outer shell, each unit hosting a pair of bismuth Hall probes; R&D included neutron irradiation to 1e23 n/m^2, temperature cycling 73-473 K, field tests to 12 T. Sensor material is bismuth, not GaN. [Provenance: B0045]"
S0115,"Entler et al., Rev. Sci. Instrum. 89(10) (2018)",High magnetic field test of the ITER outer vessel steady-state magnetic field Hall sensors at ITER relevant temperature,S. Entler; J. Sebek; I. Duran; K. Vyborny; O. Grover; M. Kocan; G. Vayakis,2018,Review of Scientific Instruments,10.1063/1.5038812,https://doi.org/10.1063/1.5038812,journal_article,verified_peer_reviewed,A,Hall sensor;bismuth;ITER;high-field calibration;quantitative validation,Provides the quantitative calibration/validation methodology (Hall coefficient vs. field/temperature fits) used to qualify a non-GaN Hall sensor for ITER -- a template for the level of quantitative rigor a novelty claim about GaN calibration would be measured against.,PubMed record (PMID 30399944) full abstract retrieved directly; cross-checked against Crossref API metadata,abstract_metadata,Bismuth ceramic-metal Hall sensors tested from -12 T to +12 T at 27-127 C; Hall coefficient vs. temperature fit error <0.08%; vs. field fit error <0.11%; overall field-measurement fitting error 1.2 mT met ITER accuracy requirements. [Provenance: B0046]
S0116,"Chitarin, Marconato & Mayer, Sensors 23(3), 1492 (2023)",Realization and Tests of Prototype Fluxgate Magnetic Sensors for the ITER Neutral Beam Injectors,Giuseppe Chitarin; Nicolo Marconato; Stefan Mayer,2023,Sensors,10.3390/s23031492,https://doi.org/10.3390/s23031492,journal_article,verified_peer_reviewed,B,fluxgate sensor;ITER;NBI;radiation-hard;vacuum-compatible;DC field measurement,"Shows fluxgate sensors (a non-inductive-in-the-drift-sense, DC-capable direct sensor) as an alternative solid-state approach actively engineered for ITER, broadening the direct-sensing prior-art landscape beyond Hall-effect devices.",Crossref DOI-record API and PubMed record (PMID 36772531) confirmed title/authors/journal/year/DOI; full text available via PMC (PMC9919316),full_text,"Fluxgate prototypes for the Active Correction and Compensation Coils feedback loop inside the ITER neutral beam injector vessel; must be vacuum-compatible, radiation-hard, DC/slow-field capable. Caveat: NBI enclosure, not the main plasma-facing vessel. [Provenance: B0047]"
S0117,"Duran, Hronova, Stockel, Sentkerestiova & Havlicek, Rev. Sci. Instrum. 79(10), 10F123 (2008)",Magnetic measurements using array of integrated Hall sensors on the CASTOR tokamak,Ivan Duran; Olena Hronova; Jan Stockel; Jana Sentkerestiova; Josef Havlicek,2008,Review of Scientific Instruments,10.1063/1.2971209,https://doi.org/10.1063/1.2971209,journal_article,verified_peer_reviewed,A,Hall sensor;CASTOR tokamak;integrated Hall sensor array;small tokamak;in-vessel,"Direct precedent for exactly this evidence batch's core case -- an array of packaged/integrated Hall sensors physically mounted in-vessel on a small tokamak (CASTOR) for real-time, non-inductive magnetic field measurement, closely analogous in scale/ambition to a single-axis HSX deployment.",Crossref DOI-record API confirmed title/authors/journal/year,metadata_only,Eight integrated Hall sensors (commercial IC type) mounted on a stainless-steel ring encircling the CASTOR plasma poloidally; system bandwidth to 200 kHz; qualified for use only where radiation is not an issue and temperature stays below 150 C -- not GaN-based. [Provenance: B0048]
S0118,"Kim, Kim, Ghim & Bak, Nucl. Fusion 65(4), 046008 (2025)",Sensor fusion and magnetic drift estimation in magnetic measurements using Kalman filter for long-duration plasma operations,Jaewook Kim; Jayhyun Kim; Y.-c. Ghim; Jun-Gyo Bak,2025,Nuclear Fusion,10.1088/1741-4326/adb599,https://doi.org/10.1088/1741-4326/adb599,journal_article,verified_peer_reviewed,B,Hall sensor;magnetic coil;Kalman filter;sensor fusion;KSTAR;drift correction,"Demonstrates that combining a Hall sensor with inductive coils to solve long-pulse drift is an active, ongoing research thread at a major superconducting tokamak (KSTAR); a concrete cross-comparison/data-fusion technique for validating a single-axis GaN Hall channel against independent diagnostics.",Crossref DOI-record API confirmed full abstract/journal/volume/issue/article number and publication dates,abstract_metadata,"Kalman-filter method treating inductive-coil bias/drift as a Wiener process, fused with a Hall-sensor measurement to reconstruct a low-noise, low-bias field estimate; Kalman-filtered estimate keeps phase shift within +/-10 degrees of the true field. Also independently found by the calibration/packaging lane; single row here. [Provenance: B0049]"
S0119,"Entler et al., Fusion Eng. Des. (2023, antimony ITER/DEMO temperature testing)",Antimony Hall sensor testing at ITER and DEMO relevant temperatures,S. Entler; I. Duran; M. Simonovsky; J. Reboun; P. Turjanica; Z. Soban; P. Sladek; L. Viererbl,2023,Fusion Engineering and Design,10.1016/j.fusengdes.2023.113476,https://doi.org/10.1016/j.fusengdes.2023.113476,journal_article,verified_peer_reviewed,B,Hall sensor;antimony;ITER;DEMO;temperature testing,"Adds a temperature-qualification data point for the antimony-sensitive-layer Hall-sensor line targeting ITER/DEMO, part of the continuous non-GaN material-development trajectory a GaN novelty argument must be checked against.",Crossref DOI-record API confirmed title/authors/journal/year via title-match query,metadata_only,Antimony-based Hall sensitive layer tested at ITER/DEMO-relevant temperatures; abstract text not independently retrieved (ScienceDirect blocked direct fetch). [Provenance: B0050]
S0120,"Duran et al., Fusion Eng. Des. 123, 690-694 (2017)",Development of Bismuth Hall sensors for ITER steady state magnetic diagnostics,Ivan Duran; Slavomir Entler; Martin Kocan; Michal Kohout; Ladislav Viererbl; Radomir Musalek; Tomas Chraska; George Vayakis,2017,Fusion Engineering and Design,10.1016/j.fusengdes.2017.05.142,https://doi.org/10.1016/j.fusengdes.2017.05.142,journal_article,verified_peer_reviewed,A,Hall sensor;bismuth;radiation hardness;ITER;steady-state;ex-vessel;DC field measurement,"Directly supports the direct (non-inductive) sensing side of the argument: reports development and neutron-irradiation qualification of a metallic (bismuth) Hall sensor chosen specifically because it measures absolute/DC field without integration and can be made radiation-hard -- ITER's own chosen solution for steady-state magnetic measurement, and the manufacturing/process-development companion to B0045.","Independently re-verified this session via Crossref API (title exact match; DOI 10.1016/j.fusengdes.2017.05.142 confirmed). Note: two research lanes reported the lead author's given-name diacritics differently (Ivan Duran vs. Ivan Ceran) for this exact DOI/title -- most plausibly a source-metadata transliteration inconsistency, consistent with the same author-diacritic issue already flagged for Stage 10A row A0070, not evidence of two different papers.",abstract_metadata,Sensitivity-vs-temperature dependence reported as similar across sensitive-layer thicknesses; neutron-irradiation test showed sufficient radiation hardness with only modest sensitivity change over the sensor's full ITER lifetime. [Provenance: B0051]
S0121,"Duran et al., Fusion Eng. Des. (2019, DEMO Hall-sensor materials outlook)",Status of steady-state magnetic diagnostic for ITER and outlook for possible materials of Hall sensors for DEMO,Ivan Duran; Slavomir Entler; Ondrej Grover; Inessa Bolshakova; Karel Vyborny; Martin Kocan; Tomas Jirman; George Vayakis; Oleksandr Vasyliev; Maksym Radishevskyi; Zhenxing Wang; Daniel Neumaier,2019,Fusion Engineering and Design,10.1016/j.fusengdes.2019.03.201,https://doi.org/10.1016/j.fusengdes.2019.03.201,review_article,verified_peer_reviewed,A,Hall sensor;ITER status;DEMO materials outlook;bismuth;antimony;graphene,"Key materials-outlook/review paper for future DEMO-scale Hall sensors; its reference list cites bismuth/antimony/graphene candidates but not GaN, reinforcing that GaN is absent even from the forward-looking candidate-material discussion in the mainstream fusion Hall-sensor literature.",Crossref DOI-record API confirmed title/12-author list/journal/year; reference-list content (bismuth/antimony/graphene citations) retrieved from the same Crossref record; independently re-verified at stage 10D by the merge session via the Crossref API (title/authors/venue/volume/year match),metadata_only,Status update on ITER steady-state (bismuth) Hall sensor diagnostic plus a materials outlook toward DEMO; full abstract text not retrieved (ScienceDirect blocked). Also independently found by the calibration/packaging lane; single row here. [10D correction] Lead author fixed from the lane's 'Ivan Ceran' to Ivan Duran per the Crossref record (Ivan Ďuran) fetched at 10D. [Provenance: B0052]
S0122,"Ivanek et al., Fusion Eng. Des. 217, 115180 (2025)",Data fusion of magnetic coils and Hall sensors using Kalman filtering,Matej Ivanek; Ivan Duran; Slavomir Entler; Andre Torres; Alfredo Pironti; Antonio Quercia; Petr Sladek; Marek Simonovsky; Jan Reboun; Pavel Turjanica,2025,Fusion Engineering and Design,10.1016/j.fusengdes.2025.115180,https://doi.org/10.1016/j.fusengdes.2025.115180,journal_article,verified_peer_reviewed,B,Hall sensor;magnetic coil fusion;Kalman filter;COMPASS-U;long-pulse drift,"Joint Czech (COMPASS-U)/JET-affiliated author team combining Hall-sensor DC accuracy with coil bandwidth via a Kalman filter -- evidence that non-inductive Hall sensing is treated as a standard, complementary building block (not a novel standalone technology) in current European tokamak diagnostic design.",Crossref DOI-record API confirmed title/authors/journal/year; abstract content retrieved via WebSearch snippet referencing the publisher record since direct ScienceDirect fetch was blocked; independently re-verified at stage 10D by the merge session via the Crossref API (title/authors/venue/volume/year match),metadata_only,"Kalman-filter algorithm fusing magnetic-coil signals (broad bandwidth, DC drift) with Hall-sensor signals (narrow bandwidth, DC-accurate); exact test device not confirmed from available metadata. [10D correction] Second author fixed from the lane's 'Ivan Curan' to Ivan Duran and volume enriched to 217 per the Crossref record (Matěj Ivánek; Ivan Ďuran; ...) fetched at 10D. [Provenance: B0053]"
S0123,"Nuhrenberg & Zille, Phys. Lett. A 129(2), 113-117 (1988)",Quasi-helically symmetric toroidal stellarators,J. Nuhrenberg; R. Zille,1988,Physics Letters A,10.1016/0375-9601(88)90080-1,https://doi.org/10.1016/0375-9601(88)90080-1,journal_article,verified_peer_reviewed,A,quasi-helical symmetry;stellarator theory;HSX precedent,Foundational theoretical paper that first computationally demonstrated quasi-helically symmetric toroidal stellarator equilibria -- the concept HSX was later built to test.,Crossref DOI-record API confirmed title/authors/journal/year,metadata_only,"Design-concept origination paper, predating HSX; no facility-priority ('first') claim is made here. [Provenance: B0055]"
S0124,"Garren & Boozer, Phys. Fluids B 3(10), 2822-2834 (1991)",Existence of quasihelically symmetric stellarators,D. A. Garren; A. H. Boozer,1991,Physics of Fluids B: Plasma Physics,10.1063/1.859916,https://doi.org/10.1063/1.859916,journal_article,verified_peer_reviewed,A,quasi-helical symmetry;stellarator theory;HSX precedent,Establishes that exact quasi-helical symmetry cannot exist but close approximations can -- the theoretical basis directly relevant to HSX's design tolerances and to any claim that HSX achieves quasi-helical symmetry.,Crossref DOI-record API confirmed title/authors/journal/year,metadata_only,"Confirms quasi-helical symmetry is an approximation, not an exact property -- relevant caveat for the manuscript's 'first quasi-helically symmetric stellarator' framing (HSX is quasi-, not exactly, symmetric). [Provenance: B0056]"
S0125,"Boozer, Plasma Phys. Control. Fusion 37(11A), A103-A117 (1995)",Quasi-helical symmetry in stellarators,A. H. Boozer,1995,Plasma Physics and Controlled Fusion,10.1088/0741-3335/37/11a/007,https://doi.org/10.1088/0741-3335/37/11a/007,review_article,verified_peer_reviewed,A,quasi-helical symmetry;stellarator theory;HSX precedent,"Review-level treatment of quasi-helical symmetry theory, contemporaneous with HSX's design, situating HSX within the broader quasisymmetry research program.",Crossref DOI-record API confirmed title/author/journal/year,metadata_only,IOP special-issue review article; useful for framing why HSX was proposed as the first experimental test of the concept. [Provenance: B0057]
S0126,"Anderson et al., Fusion Technol. 27(3T), 273-277 (1995)","The Helically Symmetric Experiment, (HSX) Goals, Design and Status",F. Simon B. Anderson; Abdulgader F. Almagri; David T. Anderson; Peter G. Matthews; Joseph N. Talmadge; J. Leon Shohet,1995,Fusion Technology,10.13182/fst95-a11947086,https://doi.org/10.13182/fst95-a11947086,journal_article,verified_peer_reviewed,B,HSX design;quasi-helical symmetry;machine description,"Primary original HSX design/goals paper -- the closest reference to a founding design document for HSX (physics goals, QHS rationale).","Crossref DOI-record API confirmed title/6-author list/journal/year; OSTI abstract page (osti.gov/biblio/219775) independently fetched, reproducing full abstract text",abstract_metadata,"Abstract (verbatim excerpt): 'HSX is a quasi-helically symmetric (QHS) stellarator currently under construction... This device is unique in its magnetic design...' Does NOT use 'first' language -- calls HSX 'unique,' not 'first.' [Provenance: B0058]"
S0127,"Almagri et al., IEEE Trans. Plasma Sci. 27(1), 114-115 (1999)",A helically symmetric stellarator (HSX),A. F. Almagri; D. T. Anderson; F. S. B. Anderson; P. H. Probert; J. L. Shohet; J. N. Talmadge,1999,IEEE Transactions on Plasma Science,10.1109/27.763074,https://doi.org/10.1109/27.763074,journal_article,verified_peer_reviewed,C,HSX design;machine description,"Short status/construction-update paper on HSX, a secondary design/status citation alongside the 1995 Fusion Technology paper.",Crossref DOI-record API confirmed title/authors/journal/year,metadata_only,"Only 2 pages, consistent with a conference-digest-style paper published in the journal; full abstract could not be retrieved (IEEE Xplore blocked automated fetch) -- flagged as lower-confidence/Tier C, content inferred only from title/venue/length. [Provenance: B0059]"
S0128,"Garcia et al., Plasma Phys. Control. Fusion 67(3), 035011 (2025)",Resilient stellarator divertor characteristics in the Helically Symmetric eXperiment,K. A. Garcia; A. Bader; D. Boeyaert; A. H. Boozer; H. Frerichs; M. J. Gerard; A. Punjabi; O. Schmitz,2025,Plasma Physics and Controlled Fusion,10.1088/1361-6587/adb179,https://doi.org/10.1088/1361-6587/adb179,journal_article,verified_peer_reviewed,A,HSX design;quasi-helical symmetry;first-claim verification,"Directly supports/refines the manuscript's 'first quasi-helically symmetric stellarator' claim with a citable, peer-reviewed, recent (2025) explicit statement; recommended as the citation for this claim, with attention to its precise wording.",Independently re-verified this session via Crossref API (title/8-author list/journal/vol 67/issue 3/article 035011/2025-03-31 confirmed exactly); IOPscience article page fetched and Section 1 introduction sentence retrieved directly; independently re-verified at stage 10D by the merge session via the Crossref API (title/authors/venue/volume/year match),abstract_metadata,"Introduction states verbatim: 'HSX is the first and only stellarator experiment optimized for quasi-helical symmetry (QHS).' Precise wording is 'first...experiment optimized for QHS,' not literally 'first quasi-helically symmetric stellarator' -- the manuscript's claim should match this exact phrasing or be softened accordingly. [Provenance: B0060]"
S0129,"Zarnstorff et al., Plasma Phys. Control. Fusion 43(12A), A237-A249 (2001)",Physics of the compact advanced stellarator NCSX,M. C. Zarnstorff; L. A. Berry; A. Brooks; E. Fredrickson; G.-Y. Fu; S. Hirshman; et al.,2001,Plasma Physics and Controlled Fusion,10.1088/0741-3335/43/12a/318,https://doi.org/10.1088/0741-3335/43/12a/318,journal_article,verified_peer_reviewed,A,NCSX;quasi-axisymmetry;machine description,"Machine-description precedent for a second modular, optimized (quasi-axisymmetric, not quasi-helical) stellarator, contextualizing HSX among other optimized-symmetry devices.",Crossref DOI-record API confirmed title/authors/journal/year,metadata_only,"NCSX is quasi-axisymmetric, not quasi-helical -- cite carefully; do not conflate with HSX's quasi-helical symmetry. [Provenance: B0061]"
S0130,"Morisaki et al., Fusion Sci. Technol. 58(1), 465-470 (2010)",Flux Surface Mapping in LHD,T. Morisaki; M. Shoji; S. Masuzaki; S. Sakakibara; H. Yamada; A. Komori; LHD Experiment Group,2010,Fusion Science and Technology,10.13182/fst10-a10832,https://doi.org/10.13182/fst10-a10832,journal_article,verified_peer_reviewed,B,LHD;magnetic diagnostic;flux-surface mapping,"Stellarator magnetic-diagnostic precedent (electron-beam/fluorescent-screen flux-surface mapping) on the LHD heliotron, a comparator diagnostic technique for stellarator field verification.",Crossref DOI-record API confirmed title/authors/journal/volume/pages/year,metadata_only,LHD flux-surface mapping to 2.75 T; identified an m/n=1/1 island near the LCFS and terrestrial/ferromagnetic error-field sources. [Provenance: B0062]
S0131,"Endler et al., Fusion Eng. Des. 100, 468-494 (2015)",Engineering design for the magnetic diagnostics of Wendelstein 7-X,M. Endler; B. Brucker; V. Bykov; A. Cardella; A. Carls; F. Dobmeier; A. Dudek; J. Fellinger; J. Geiger; K. Grosser; O. Grulke; D. Hartmann; D. Hathiramani; K. Hoechel; M. Koeppen; R. Laube; U. Neuner; X. Peng; K. Rahbarnia; K. Rummel; T. Sieber; S. Thiel; A. Vorkoeper; A. Werner; T. Windisch; M. Y. Ye,2015,Fusion Engineering and Design,10.1016/j.fusengdes.2015.07.020,https://doi.org/10.1016/j.fusengdes.2015.07.020,journal_article,verified_peer_reviewed,A,W7-X;magnetic diagnostic;instrumentation engineering;in-vessel packaging,"Comprehensive, most-cited W7-X magnetic-diagnostic engineering reference covering diamagnetic loops, Rogowski coils, saddle coils, and Mirnov coils for the largest modular stellarator -- the key comparator device for a modern stellarator magnetic-diagnostic suite and packaging precedent for a stellarator in-vessel sensor.",Crossref DOI-record API confirmed title/lead author/journal/year; full 26-author list not independently reconstructed beyond the lead author in this pass (Crossref bibliographic-search response truncated it),metadata_only,Full sensor-suite description for W7-X (300+ 3D-shaped magnetic sensors); high thermal load and microwave stray radiation cited as key in-vessel design challenges. Also independently found by the calibration/packaging lane; single row here. [Provenance: B0063]
S0132,"Chlechowitz, Talmadge, Hanson, Anderson & Anderson, Nucl. Fusion 55(11), 113012 (2015)",Magnetic diagnostic optimization for plasma equilibrium reconstruction in the HSX stellarator,E. Chlechowitz; J. N. Talmadge; J. D. Hanson; F. S. B. Anderson; D. T. Anderson,2015,Nuclear Fusion,10.1088/0029-5515/55/11/113012,https://doi.org/10.1088/0029-5515/55/11/113012,journal_article,verified_peer_reviewed,A,HSX;magnetic diagnostics;diamagnetic loop;Rogowski coil;equilibrium reconstruction;V3FIT,The most directly relevant HSX-specific magnetic-diagnostic paper in this entire batch: describes HSX's existing diamagnetic-loop/Rogowski-coil/pickup-coil diagnostic suite (the manuscript's own comparator signal) and optimizes magnetic-sensor placement for HSX 3D equilibrium reconstruction via V3FIT.,Independently re-verified this session via Crossref API (title/5-author list/journal/vol 55/issue 11/article 113012/2015 confirmed exactly); IOPscience abstract page independently fetched for quantitative content; independently re-verified at stage 10D by the merge session via the Crossref API (title/authors/venue/volume/year match),abstract_metadata,"HSX diamagnetic loop is a 10-turn in-vessel loop measuring enclosed toroidal flux change; an optimized 80-coil set (39 radial + 38 poloidal + 3 helical reference coils), chosen from 2,300 candidate positions tested against 1,379 equilibria, reduced the population of acceptable reconstructed equilibria by ~7x (from ~20,690 to ~2,962 solutions) relative to the pre-existing non-optimized set. Should be a primary related-work citation for Tim's manuscript. [Provenance: B0064]"
S0133,"Pomphrey, Lazarus, Zarnstorff, Boozer & Brooks, Phys. Plasmas 14(5), 056103 (2007)",Novel design methods for magnetic flux loops in the National Compact Stellarator Experiment,N. Pomphrey; E. Lazarus; M. Zarnstorff; A. Boozer; A. Brooks,2007,Physics of Plasmas,10.1063/1.2472368,https://doi.org/10.1063/1.2472368,journal_article,verified_peer_reviewed,B,NCSX;magnetic diagnostic;flux-loop design,"NCSX flux-loop diagnostic design-methodology precedent, a comparator for optimized-stellarator magnetic-sensor placement methods alongside HSX's own (B0064).",Crossref DOI-record API confirmed title/authors/journal/year,metadata_only,"Companion paper to Stratton et al. 2006 (B0066); NCSX was canceled in 2008 before operation, so this documents design methodology rather than operational results. [Provenance: B0065]"
S0134,"Stratton et al., Rev. Sci. Instrum. 77(10), 10E314 (2006)",External magnetic diagnostics for the National Compact Stellarator Experiment,B. Stratton; A. Brooks; T. Brown; D. Johnson; G. Labik; E. Lazarus; N. Pomphrey; S. Raftopoulos; M. Zarnstorff,2006,Review of Scientific Instruments,10.1063/1.2229227,https://doi.org/10.1063/1.2229227,journal_article,verified_peer_reviewed,B,NCSX;magnetic diagnostic;instrumentation design,"Full NCSX external magnetic-diagnostic system design paper (flux loops, Rogowski/saddle coils), a second modular-stellarator diagnostic precedent alongside W7-X and HSX.",Crossref DOI-record API confirmed title/authors/journal/year,metadata_only,"NCSX project was canceled in 2008 before operation; documents the as-designed diagnostic suite, not operational data. [Provenance: B0066]"
S0135,"Lao et al., Nucl. Fusion 25(11), 1611-1622 (1985)",Reconstruction of current profile parameters and plasma shapes in tokamaks,L. L. Lao; H. St. John; R. D. Stambaugh; A. G. Kellman; W. Pfeiffer,1985,Nuclear Fusion,10.1088/0029-5515/25/11/007,https://doi.org/10.1088/0029-5515/25/11/007,journal_article,verified_peer_reviewed,A,EFIT;equilibrium reconstruction;tokamak;foundational method,Establishes the foundational magnetics-only equilibrium reconstruction algorithm (EFIT) against which any in-vessel magnetic sensor's contribution to plasma shape/position determination must be benchmarked.,Crossref DOI-record API confirmed title/authors/journal/year; IOPscience abstract page independently fetched,abstract_metadata,"Introduces a Picard-iteration current-profile parametrization solved from external magnetic measurements alone, demonstrated on Doublet III plasmas; still the base algorithm used at DIII-D, EAST, MAST-U, etc. [Provenance: B0067]"
S0136,"Lao et al., Nucl. Fusion 30(6), 1035-1049 (1990)",Equilibrium analysis of current profiles in tokamaks,L. L. Lao; J. R. Ferron; R. J. Groebner; W. Howl; H. St. John; E. J. Strait; T. S. Taylor,1990,Nuclear Fusion,10.1088/0029-5515/30/6/006,https://doi.org/10.1088/0029-5515/30/6/006,journal_article,verified_peer_reviewed,A,EFIT;kinetic-constrained equilibrium;MHD equilibrium;current profile,"Extends EFIT to combine external magnetic measurements with internal kinetic/MSE/SXR profile constraints, illustrating why magnetics-only current-profile reconstruction is non-unique -- the direct motivation for adding localized in-vessel field sensors.",Crossref DOI-record API confirmed title/full author list/journal/volume/issue/pages/year; abstract not independently retrieved (paywalled),metadata_only,Bibliographic record only independently confirmed; no quantitative figures reported here pending full-text access. [Provenance: B0068]
S0137,"Pedersen et al., Nat. Commun. 7, 13493 (2016)","Confirmation of the topology of the Wendelstein 7-X magnetic field to better than 1:100,000",T. Sunn Pedersen; M. Otte; S. Lazerson; P. Helander; S. Bozhenkov; C. Biedermann; T. Klinger; R. C. Wolf; H.-S. Bosch; Wendelstein 7-X Team,2016,Nature Communications,10.1038/ncomms13493,https://doi.org/10.1038/ncomms13493,journal_article,verified_peer_reviewed,A,W7-X;stellarator;vacuum flux surface;field-line mapping;topology verification,"Demonstrates the gold-standard method (electron-beam flux-surface mapping) for verifying an as-built stellarator's vacuum field against its design field, the same predicted-vs-measured paradigm relevant to validating an in-vessel Hall sensor's field readings.",Independently re-verified this session via Crossref API (title/9-author-plus-team list/journal/vol 7/2016-11-30 confirmed exactly); corroborated by indexed PubMed (PMID 27901043)/PMC (PMC5141350) records,abstract_metadata,"Measured deviations of the nested flux-surface topology from the design field are below 1 part in 100,000. A subsequent erratum (doi 10.1038/ncomms14491) exists and does not overturn the core result. [Provenance: B0069]"
S0138,"Lazerson et al., Nucl. Fusion 56(10), 106005 (2016)",First measurements of error fields on W7-X using flux surface mapping,Samuel A. Lazerson; Matthias Otte; Sergey Bozhenkov; Christoph Biedermann; Thomas Sunn Pedersen,2016,Nuclear Fusion,10.1088/0029-5515/56/10/106005,https://doi.org/10.1088/0029-5515/56/10/106005,journal_article,verified_peer_reviewed,A,W7-X;error field;flux surface mapping;stellarator,"Quantifies real as-built error fields on a stellarator via a magnetic/optical flux-mapping diagnostic, a concrete numeric benchmark for comparing predicted vacuum fields to in-vessel measurement -- directly analogous to an error-field-detection role for a Hall sensor.",Crossref DOI-record API confirmed title/authors/journal/year,abstract_metadata,"Reports a small intrinsic island chain (~0.04 m width) found in a low-field configuration chosen for error-field sensitivity, judged small and correctable by the trim-coil system. [Provenance: B0070]"
S0139,"Otte et al., Plasma Phys. Control. Fusion 58, 064003 (2016)",Setup and initial results from the magnetic flux surface diagnostics at Wendelstein 7-X,M. Otte; D. Assmus; C. Biedermann; S. Bozhenkov; T. Braeuer; A. Dudek; J. Geiger; G. Kocsis; S. Lazerson; T. Sunn Pedersen; F. Schauer; T. Szepesi; B. Standley; W7-X Team,2016,Plasma Physics and Controlled Fusion,10.1088/0741-3335/58/6/064003,https://doi.org/10.1088/0741-3335/58/6/064003,journal_article,verified_peer_reviewed,A,W7-X;flux surface diagnostic;electron beam mapping;commissioning,Describes the electron-beam/fluorescent-rod diagnostic hardware and method used to validate closed nested flux surfaces and detect coil-deformation effects -- the reference technique a magnetic-sensor-based approach to vacuum-field verification would complement.,Crossref DOI-record API confirmed title/full author list/journal/year,abstract_metadata,Confirmed closed/nested flux surfaces during commissioning; no significant field errors found beyond the expected effect of non-planar-coil elastic deformation. [Provenance: B0071]
S0140,"Barlow et al., Fusion Eng. Des. 58-59, 189-193 (2001)",The error field correction coils on the JET machine,I. Barlow; M. Bigi; J. Bird; G. Bonizzoni; R. Buttery; R. Clay; M. De Benedetti; T. Dobbing; T. Gallagher; G. Gervasini; G. Gittini; T. C. Hender; S. Hotchin; J. Last; E. Lazzaro; M. Lennholm; S. Peruzzo; V. Riccardo; L. Rossi; A. Santagiustina; D. Starkey; A. Stevens; M. Tabellini; A. Tanga; A. Terrington; M. Vincent; P. Watkins; M. Way; M. Williams,2001,Fusion Engineering and Design,10.1016/S0920-3796(01)00430-6,https://doi.org/10.1016/S0920-3796(01)00430-6,journal_article,verified_peer_reviewed,B,JET;error field correction coils;tokamak;locked mode,"Documents the engineering design of dedicated error-field correction coils driven by magnetic-sensor-derived error-field amplitude/phase measurements, the correction-actuator half of the detect-and-correct loop that magnetic sensing enables.",Crossref DOI-record API confirmed full author list/journal/year; ScienceDirect abstract page returned HTTP 403,metadata_only,"Coils designed to give two degrees of freedom for amplitude+phase correction of the (2,1) error-field harmonic; quantitative correction levels not independently verified beyond the bibliographic record. [Provenance: B0072]"
S0141,"Anand et al., Nucl. Fusion 64, 086051 (2024)",Real-time plasma equilibrium reconstruction and shape control for the MAST Upgrade tokamak,H. Anand; W. Wehner; D. Eldon; A. Welander; Z. Xing; A. Lvovskiy; J. Barr; E. Cho; B. Sammuli; D. Humphreys; N. Eidietis; A. Leonard; M. Kochan; C. Vincent; G. McArdle; G. Cunningham; A. Thornton; J. Harrison; V. Soukhanovskii; J. Lovell,2024,Nuclear Fusion,10.1088/1741-4326/ad5c80,https://doi.org/10.1088/1741-4326/ad5c80,journal_article,verified_peer_reviewed,A,MAST-U;real-time control;shape control;equilibrium reconstruction;divertor configurations,Shows current state-of-the-art real-time magnetic equilibrium reconstruction and closed-loop shape control driven entirely by magnetic diagnostics -- the live control-relevant counterpart to any in-vessel Hall sensor's potential real-time role.,Crossref DOI-record API confirmed full author list/journal/year,abstract_metadata,Demonstrates closed-loop real-time magnetic control of multiple plasma shape parameters during the 2022-2023 MAST-U campaign; illustrates the control-bandwidth requirement a magnetic sensor would need to meet for real-time use. [Provenance: B0073]
S0142,"Ma et al., Phys. Plasmas 22, 122509 (2015)",Non-axisymmetric equilibrium reconstruction of a current-carrying stellarator using external magnetic and soft x-ray inversion radius measurements,X. Ma; D. A. Maurer; S. F. Knowlton; M. C. ArchMiller; M. R. Cianciosa; D. A. Ennis; J. D. Hanson; G. J. Hartwell; J. D. Hebert; J. L. Herfindal; M. D. Pandya; N. A. Roberds; P. J. Traverso,2015,Physics of Plasmas,10.1063/1.4938031,https://doi.org/10.1063/1.4938031,journal_article,verified_peer_reviewed,B,CTH;stellarator;non-axisymmetric equilibrium reconstruction;V3FIT;external magnetics,Demonstrates 3D equilibrium reconstruction of a current-carrying stellarator-like device using external magnetic diagnostics plus SXR constraints -- a close methodological analogue for how a Hall-sensor-based diagnostic set would feed 3D reconstruction on HSX.,Crossref DOI-record API confirmed full author list/journal/year; direct AIP full-article fetch returned HTTP 403,metadata_only,"Secondary (not independently fetched) summary: ~50 external magnetic diagnostics with V3FIT used to estimate toroidal flux, edge safety factor, and plasma shape on the CTH device; treat quantitative specifics as unverified pending direct access. [Provenance: B0074]"
S0143,"Stevenson, Knowlton, Hartwell, Hanson & Maurer, Rev. Sci. Instrum. 85, 093502 (2014)",Hall probe measurements of the poloidal magnetic field in Compact Toroidal Hybrid plasmas,B. A. Stevenson; S. F. Knowlton; G. J. Hartwell; J. D. Hanson; D. A. Maurer,2014,Review of Scientific Instruments,10.1063/1.4894209,https://doi.org/10.1063/1.4894209,journal_article,verified_peer_reviewed,A,CTH;Hall effect sensor;internal magnetic probe;poloidal field measurement,"The closest direct methodological precedent in this batch for the HSX GaN Hall sensor project: a 16-element GaAs Hall-sensor array measuring internal poloidal field in a non-axisymmetric torsatron/tokamak, calibrated against Biot-Savart vacuum-field modeling -- the same measurement-vs-prediction verification paradigm proposed for the GaN sensor.",Independently re-verified this session via Crossref API (title/5-author list/journal/vol 85/article 093502/2014 confirmed exactly); PubMed record (PMID 25273721) independently fetched with abstract text; independently re-verified at stage 10D by the merge session via the Crossref API (title/authors/venue/volume/year match),abstract_metadata,"16 GaAs Hall sensors spaced 8 mm apart on a rotatable PCB inserted into the CTH vessel, bench- and in-situ calibrated; measured fields agreed with Biot-Savart vacuum-field predictions within tolerances usable for 3D equilibrium reconstruction. [Provenance: B0075]"
S0144,"Yuan et al., Nucl. Fusion 53, 043009 (2013)","Plasma current, position and shape feedback control on EAST",Q. P. Yuan; B. J. Xiao; Z. P. Luo; M. L. Walker; A. S. Welander; A. Hyatt; J. P. Qian; R. R. Zhang; D. A. Humphreys; J. A. Leuer; R. D. Johnson; B. G. Penaflor; D. Mueller,2013,Nuclear Fusion,10.1088/0029-5515/53/4/043009,https://doi.org/10.1088/0029-5515/53/4/043009,journal_article,verified_peer_reviewed,B,EAST;tokamak;real-time control;shape control;RZIP model,"Demonstrates real-time closed-loop plasma position/shape control driven purely by magnetic diagnostics, quantifying the control precision and actuator bandwidth magnetic sensors must support for a real-time role -- a numeric anchor for evaluating any new sensor's control-relevant bandwidth.",Crossref DOI-record API confirmed full author list/journal/year; IOPscience abstract page independently fetched,abstract_metadata,Vertical position control error ~1 mm; X-point position error <1 cm through flat-top; vertical instability growth rate 200-300/s requiring <3 ms active response. [Provenance: B0076]
S0145,"Chu et al., Plasma Phys. Control. Fusion (2025, MUSE error field)",Error field measurements and correction on MUSE permanent magnet stellarator,X. Chu; T. M. Qian; B. Berlinger; K. C. Hammond; M. Haque; S. M. Salia; D. J. Williams; E. Zhu; M. C. Zarnstorff,2025,Plasma Physics and Controlled Fusion,10.1088/1361-6587/ae1870,https://doi.org/10.1088/1361-6587/ae1870,journal_article,verified_peer_reviewed,B,MUSE;permanent-magnet stellarator;error field;electron beam mapping;quasi-symmetry,"Very recent small-scale stellarator error-field detection/correction study using electron-beam flux mapping, a state-of-the-art precision benchmark for vacuum-field verification on a small quasi-symmetric device (methodologically closer in scale to HSX than W7-X).",Crossref DOI-record API confirmed title/authors/journal/publication-status/year; IOPscience abstract page independently fetched; independently re-verified at stage 10D by the merge session via the Crossref API (title/authors/venue/volume/year match),abstract_metadata,"Resonant error fields reduced to ~3e-6 of the toroidal field after rigid-body adjustment of permanent-magnet holders. Caveat: MUSE is a small tabletop device, not a fusion-grade plasma experiment, so absolute precision is not directly transferable to HSX scale. [Provenance: B0077]"
S0146,"Piron et al., Nucl. Fusion (2024, error field detection ITER)",Error field detection and correction studies towards ITER operation,L. Piron; C. Paz-Soldan; L. Pigatto; P. Zanca; O. Sauter; T. Putterich; P. Bettini; M. Bonotto; G. Cunningham; G. De Tommasi; N. Ferron; M. Gambrioli; G. Graham; P. De Vries; Y. Gribov; Q. Hu; K. Kirov; N. C. Logan; M. Lennholm; M. Mattei; M. Maraschek; T. Markovic; G. Manduchi; P. Martin; A. Pironti; A. R. Polevoi; T. Ravensbergen; D. Ryan; B. Sieglin; W. Suttrop; D. Terranova; W. Teschke; D. F. Valcarcel; C. Vincent; JET Contributors; EUROfusion Tokamak Exploitation Team; ASDEX Upgrade Team; MAST-U Team,2024,Nuclear Fusion,10.1088/1741-4326/ad3fcd,https://doi.org/10.1088/1741-4326/ad3fcd,journal_article,verified_peer_reviewed,A,ITER;error field;multi-machine;JET;ASDEX Upgrade;MAST-U;locked mode avoidance,"Current, multi-tokamak synthesis of non-disruptive error-field detection/correction methods intended to inform ITER operation, framing the operational stakes (disruption/locked-mode avoidance) that magnetic-sensor-based error-field detection ultimately serves.",Crossref DOI-record API confirmed full author/collaboration list/journal/year; IOPscience abstract page independently fetched,abstract_metadata,Model-based error-field correction improved achievable beta_N by ~10% on ASDEX Upgrade; demonstrates a non-disruptive compass-scan error-field identification method portable across DIII-D/JET/MAST-U. [Provenance: B0078]
S0147,"Jiang et al., Nucl. Fusion (2025, DIII-D error field RMP)",Error field measurements with rotating RMP fields for DIII-D H-mode,Yanzheng Jiang; Edward J. Strait; Qiming Hu; Nikolas C. Logan; SeongMoo Yang; Colin Chrystal; Daisuke Shiraki; Jeremy Hanson; Shengyu Shi; Dmitri Orlov; Wilkie Choi,2025,Nuclear Fusion,10.1088/1741-4326/ae151c,https://doi.org/10.1088/1741-4326/ae151c,journal_article,verified_peer_reviewed,B,DIII-D;error field;rotating RMP;torque balance;magnetic sensors,"A 2025 tokamak study using magnetic-sensor-derived torque-balance analysis on rotating islands to measure error-field amplitude/phase with quantified uncertainty, demonstrating the achievable precision of magnetic-sensor-based error-field detection -- a realistic uncertainty budget against which a new sensor's error-field-detection claims can be compared.",Crossref DOI-record API confirmed full author list/journal/year; IOPscience abstract page independently fetched,abstract_metadata,Error-field amplitude uncertainty up to ~24% in L-mode (improves in H-mode) with ~6% phase uncertainty; field amplitude at the 2/1 surface agreed to within ~1.4 G between torque-balance measurement and SURFMN simulation. [Provenance: B0079]
S0148,"Entler et al., Fusion Eng. Des. 168, 112398 (2021)",Calibration of the ITER outer vessel steady-state magnetic sensors,Slavomir Entler; Ivan Duran; Martin Kocan; George Vayakis; Petr Sladek; Ondrej Grover; Josef Sebek; Karel Vyborny,2021,Fusion Engineering and Design,10.1016/j.fusengdes.2021.112398,https://doi.org/10.1016/j.fusengdes.2021.112398,journal_article,verified_peer_reviewed,A,calibration methodology;ITER;in-vessel packaging;Hall sensor;uncertainty budget,Directly analogous to Tim's uncalibrated-to-calibrated Hall sensor transition -- shows how a fusion-grade Hall sensor calibration campaign is structured and what accuracy is achievable in situ.,Crossref API works/10.1016/j.fusengdes.2021.112398 confirmed title/authors/journal/year/type,abstract_metadata,"ITER requires 4 mT (2-sigma) accuracy over 0-2.5 T; expected calibration error contributes ~2.5 mT; sensitivity calibration at 20 Hz, room temperature regulated to 0.1 C, to 0.1% accuracy; described as 'at the limit of technical feasibility.' [Provenance: B0080]"
S0149,"Kocan et al., Fusion Eng. Des. (2017, ITER OVSS final design)",Final design of the ITER outer vessel steady-state magnetic sensors,M. Kocan; I. Duran; S. Entler; G. Vayakis; J. M. Carmona; P. Gitton; J. Guirao; M. Gonzalez; S. Iglesias; Q. Pascual; G. Sandford; C. Vacas; M. Walsh; R. Walton,2017,Fusion Engineering and Design,10.1016/j.fusengdes.2017.03.043,https://doi.org/10.1016/j.fusengdes.2017.03.043,journal_article,verified_peer_reviewed,A,in-vessel packaging;ITER;Hall sensor;mechanical design;thermal design,"Documents the final engineering package (mounting, thermal, sensor-pair redundancy) for an in-vessel Hall sensor system -- a direct engineering-constraint reference point for HSX probe packaging choices.",Crossref API works/10.1016/j.fusengdes.2017.03.043 confirmed title/authors/journal/year/type,abstract_metadata,Each OVSS unit uses a bismuth Hall sensor pair plus onboard thermocouple; 60 units on the vacuum vessel outer shell; establishes paired-sensor redundancy as a design norm for radiation/vacuum survivability. [Provenance: B0081]
S0150,"Adaikkan et al., Fusion Eng. Des. (2022, LTCC sensors ITER)",Producing high quality LTCC sensors for ITER in-vessel magnetic diagnostics,Manikandan Adaikkan; Yunxing Ma; Ulrich Walach; Marc Bochard; Franz Bechtold; George Vayakis; Michael Walsh; Maria Paz Casas Lino; Glenn Counsell,2022,Fusion Engineering and Design,10.1016/j.fusengdes.2022.113316,https://doi.org/10.1016/j.fusengdes.2022.113316,journal_article,verified_peer_reviewed,A,packaging;radiation-hard;LTCC;ITER;manufacturing QA,"Describes ceramic (LTCC) co-fired sensor packaging chosen specifically to survive ITER's restricted space, high vacuum, high heat load, and high radiation simultaneously -- the closest published analog to the gen-2 ceramic LCC packaging planned for the HSX vector probe (project 03).",Crossref API works/10.1016/j.fusengdes.2022.113316 confirmed title/authors/journal/year/type,abstract_metadata,LTCC selected specifically for restricted space + high vacuum + high heat load + high radiation simultaneously; paper covers manufacturing quality control for co-fired ceramic modules. [Provenance: B0082]
S0151,"Moreau et al., Fusion Eng. Des. (2015, ITER Continuous External Rogowski)",Development of the ITER Continuous External Rogowski: From conceptual design to final design,Philippe Moreau; Pascal Spuig; Alain Le-luyer; Philippe Malard; Bruno Cantone; Patrick Pastor; Francois Saint-Laurent; George Vayakis; Dominique Delhom; Shakeib Arshad; Jonathan Lister; Matthieu Toussaint; Philippe Marmillod; Duccio Testa; Christian Schlatter; Simone Peruzzo,2015,Fusion Engineering and Design,10.1016/j.fusengdes.2015.04.047,https://doi.org/10.1016/j.fusengdes.2015.04.047,journal_article,verified_peer_reviewed,A,in-vessel packaging;ITER;Rogowski coil;vacuum qualification;thermal qualification,"A full engineering-qualification narrative (electrical, thermal, mechanical, vacuum testing) for a 40 m in-vessel magnetic sensor -- a template for how to document environmental qualification of a magnetic sensor package.",Crossref API works/10.1016/j.fusengdes.2015.04.047 confirmed title/authors/journal/year/type,abstract_metadata,"CER is ~40 m long with complex 3D routing inside the TF coil casing; prototypes passed electrical, thermal, mechanical, and vacuum characterization. [Provenance: B0083]"
S0152,"Shen, Fusion Eng. Des. (2016, EAST calibration/uncertainty)",Calibration and uncertainty analysis of magnetic measurement for plasma shape reconstruction on EAST,Biao Shen,2016,Fusion Engineering and Design,10.1016/j.fusengdes.2016.02.051,https://doi.org/10.1016/j.fusengdes.2016.02.051,journal_article,verified_peer_reviewed,A,calibration methodology;uncertainty analysis;tokamak;pickup coils;equilibrium reconstruction,"A full worked example of a magnetic-diagnostic uncertainty budget (sensor area error, integrator/acquisition error, cable attenuation, vacuum-shot cross-checks) on an operating superconducting tokamak -- directly transferable methodology for HSX Hall probe uncertainty reporting.",Crossref API works/10.1016/j.fusengdes.2016.02.051 confirmed title/author/journal/year/type,abstract_metadata,"Uncertainty sources itemized: diagnostic active-area error, integrator-acquisition system error, signal attenuation over 70 m twisted-pair cable, sensor imperfections; cross-checked against calibration shots and vacuum (no-plasma) shots. [Provenance: B0084]"
S0153,"Entler et al., Sensors 21(3), 721 (2021)",Ceramic-Chromium Hall Sensors for Environments with High Temperatures and Neutron Radiation,Slavomir Entler; Zbynek Soban; Ivan Duran; Karel Kovarik; Karel Vyborny; Josef Sebek; Stana Tazlaru; Jan Strelecek; Petr Sladek,2021,Sensors,10.3390/s21030721,https://doi.org/10.3390/s21030721,journal_article,verified_peer_reviewed,A,radiation-hard;Hall sensor;packaging;high temperature;neutron tolerance,"Direct, quantitative radiation-hardness/temperature-tolerance benchmark for a non-semiconductor Hall sensor alternative -- a strong contrast case for arguing GaN's own radiation/thermal margins.",Crossref API works/10.3390/s21030721 confirmed title/authors/journal/year/type; also cross-listed on PMC (PMC7865485),abstract_metadata,"Sensor tested to 550 C and 14 T; sensitivity 6.2 mV/A/T at 20 C vs. 4.6 mV/A/T at 500 C; after simulated 5.2 DEMO full-power-years, transmuted chromium fraction was 0.27% at the most-exposed location. Semiconductor Hall sensors noted elsewhere as limited to ~150 C -- a useful quantitative contrast point. [Provenance: B0085]"
S0154,"Knieps et al., Rev. Sci. Instrum. 91(7), 073506 (2020)",Design and characteristics of a low-frequency magnetic probe for magnetic profile measurements at Wendelstein 7-X,A. Knieps; Y. Liang; P. Drews; M. Endler; O. Grulke; Z. Huang; C. Killer; S. Liu; D. Nicolai; K. Rahbarnia; N. Sandri; G. Satheeswaran; Wendelstein 7-X Team,2020,Review of Scientific Instruments,10.1063/5.0002193,https://doi.org/10.1063/5.0002193,journal_article,verified_peer_reviewed,A,probe packaging;stellarator;W7-X;frequency response;in-vessel instrumentation,"A directly comparable RSI-published in-vessel magnetic probe for a stellarator (not tokamak), covering hardware design and frequency-response characterization/post-processing -- the closest published methodological analog available for an RSI submission on a stellarator magnetic probe.",Crossref API works/10.1063/5.0002193 confirmed title/authors/journal/year/type; also cross-listed on PubMed (PMID 32752844),abstract_metadata,Reciprocating in-vessel magnetic probe for W7-X scrape-off-layer measurements; presents a post-processing technique to extend the integration scheme's lower frequency cutoff -- relevant to low-frequency drift/offset handling in a current-spinning Hall readout. [Provenance: B0086]
S0155,"Biel et al., Fusion Eng. Des. 146, 465-472 (2019)",Diagnostics for plasma control - From ITER to DEMO,W. Biel; R. Albanese; R. Ambrosino; M. Ariola; and 55 additional co-authors (59 total),2019,Fusion Engineering and Design,10.1016/j.fusengdes.2018.12.092,https://doi.org/10.1016/j.fusengdes.2018.12.092,journal_article,verified_peer_reviewed,A,DEMO;ITER;engineering constraints;radiation;diagnostic suite review,A large-collaboration overview of which diagnostic principles (including magnetic coils and Hall sensors) survive the transition from ITER to DEMO radiation/remote-maintenance constraints -- a high-level framing citation for why calibrated Hall sensing matters for future devices.,Crossref API works/10.1016/j.fusengdes.2018.12.092 confirmed title/lead author/co-author count (59)/journal/year/type; published open access (CC BY 4.0),abstract_metadata,"Notes magnetic-coil- and Hall-sensor-based diagnostics as part of the initial DEMO diagnostic suite; identifies remote-maintenance compatibility and space constraints as key design-freedom reducers, not radiation alone. [Provenance: B0087]"
S0156,"Donne, Costley & Morris, Nucl. Fusion 52(7), 074015 (2012)",Diagnostics for plasma control on DEMO: challenges of implementation,A. J. H. Donne; A. E. Costley; A. W. Morris,2012,Nuclear Fusion,10.1088/0029-5515/52/7/074015,https://doi.org/10.1088/0029-5515/52/7/074015,journal_article,verified_peer_reviewed,A,DEMO;engineering constraints;diagnostic survey;radiation;nuclear environment,"An early, foundational statement of why fusion-reactor (as opposed to tokamak-experiment) diagnostics face qualitatively different engineering constraints -- historical anchor citation before the later Biel-led follow-up papers.",Crossref API works/10.1088/0029-5515/52/7/074015 confirmed title/3-author list/journal/year/type,abstract_metadata,"Frequently cited by the later Biel et al. Fusion Eng. Des. papers (2015, 2019, 2022) in this batch; overview/perspective piece on DEMO diagnostic challenges. [Provenance: B0088]"
S0157,"Biel et al., Fusion Eng. Des. (2022, DEMO diagnostic and control system)",Development of a concept and basis for the DEMO diagnostic and control system,W. Biel; M. Ariola; I. Bolshakova; K. J. Brunner; M. Cecconello; I. Duran; Th. Franke; L. Giacomelli; L. Giannone; F. Janky; A. Krimmer; R. Luis; A. Malaquias; G. Marchiori; O. Marchuk; D. Mazon; A. Pironti; A. Quercia; N. Rispoli; S. El Shawish; M. Siccinio; A. Silva; C. Sozzi; G. Tartaglione; T. Todd; W. Treutterer; H. Zohm,2022,Fusion Engineering and Design,10.1016/j.fusengdes.2022.113122,https://doi.org/10.1016/j.fusengdes.2022.113122,journal_article,verified_peer_reviewed,A,DEMO;radiation-induced effects;magnetic diagnostics;drift;engineering constraints,"Explicitly discusses radiation-induced thermoelectric drift (RITES) as a failure mode for magnetic-diagnostic conductors in a reactor environment -- a specific, citable mechanism for why offset/drift calibration (the exact gap project 02 closes for the HSX Hall sensor) matters increasingly at higher radiation fluence.",Crossref API works/10.1016/j.fusengdes.2022.113122 confirmed title/full 27-author list/journal/year/type,abstract_metadata,Projected DEMO neutron fluence behind the blanket ~1e25 n/m^2 per full-power year (~1 dpa); identifies radiation-induced thermoelectric sensitivity (RITES) as a specific mechanism producing spurious drift in magnetic signals requiring correction. [Provenance: B0089]
S0158,"Renaudin, Afzal & Lachapelle, J. Sensors 2010, 967245 (2010)",Complete Triaxis Magnetometer Calibration in the Magnetic Domain,Valerie Renaudin; Muhammad Haris Afzal; Gerard Lachapelle,2010,Journal of Sensors,10.1155/2010/967245,https://doi.org/10.1155/2010/967245,journal_article,verified_peer_reviewed,B,calibration matrix;triaxis magnetometer;ellipsoid fitting;cross-axis error;nonlinearity correction,"Full multi-parameter calibration-matrix methodology (scale factor, non-orthogonality, offset) for a 3-axis magnetic sensor solved entirely in the magnetic domain -- template for a rigorous matrix-based calibration contribution.",Crossref API works/<doi> lookup confirmed title/authors/journal/article ID/year.,abstract_metadata,Error model solved via adaptive least-squares/ellipsoid fit; no external attitude reference required. [Provenance: C0001]
S0159,"Fischer & Dinklage, Rev. Sci. Instrum. 75(10), 4237-4239 (2004)",Integrated data analysis of fusion diagnostics by means of the Bayesian probability theory,R. Fischer; A. Dinklage,2004,Review of Scientific Instruments,10.1063/1.1787607,https://doi.org/10.1063/1.1787607,journal_article,verified_peer_reviewed,A,Bayesian inference;integrated data analysis;uncertainty propagation;sensor fusion;fusion diagnostics,"Establishes Bayesian integrated data analysis (systematic combination of diagnostics + calibration + model uncertainty) as a rigorous, publishable RSI contribution -- direct precedent for a novelty-via-analysis-method argument in the RSI-targeted vector-probe paper.",Crossref API works/<doi> lookup confirmed title/authors/journal/volume/issue/pages/year.,abstract_metadata,"Defines integrated data analysis as requiring systematic, formalized statistical and systematic uncertainty treatment across diagnostics. [Provenance: C0002]"
S0160,"Svensson, Dinklage, Geiger, Werner & Fischer, Rev. Sci. Instrum. 75(10), 4219-4221 (2004)",Integrating diagnostic data analysis for W7-AS using Bayesian graphical models,J. Svensson; A. Dinklage; J. Geiger; A. Werner; R. Fischer,2004,Review of Scientific Instruments,10.1063/1.1789611,https://doi.org/10.1063/1.1789611,journal_article,verified_peer_reviewed,B,Bayesian graphical models;sensor fusion;stellarator diagnostics;equilibrium reconstruction;data integration,Bayesian-graphical-model integration of multiple diagnostics (incl. a diamagnetic loop) specifically on the W7-AS stellarator -- near-exact precedent for fusing the HSX Hall sensor with HSX's existing diagnostic suite via a formal probabilistic model.,Crossref API works/<doi> lookup confirmed title/authors/journal/volume/issue/pages/year.,abstract_metadata,Fuses diamagnetic-loop-type measurement among the integrated diagnostics -- same instrument type used for temporal correlation in the manuscript's 2023 result. [Provenance: C0003]
S0161,"Kennedy & O'Hagan, J. R. Stat. Soc. B 63(3), 425-464 (2001)",Bayesian Calibration of Computer Models,Marc C. Kennedy; Anthony O'Hagan,2001,Journal of the Royal Statistical Society: Series B,10.1111/1467-9868.00294,https://doi.org/10.1111/1467-9868.00294,journal_article,verified_peer_reviewed,A,Bayesian calibration;uncertainty quantification;model discrepancy;statistical methodology,"Foundational statistical framework separating model/measurement discrepancy from parameter uncertainty -- seminal citation for treating calibration itself, not sensor hardware, as the rigorous contribution.",Crossref API works/<doi> lookup confirmed title/authors/journal/volume/issue/pages/year; independently re-verified at stage 10D by the merge session via the Crossref API (title/authors/venue/volume/year match),abstract_metadata,"Models data as Y = m(theta,x) + delta(x) + epsilon, formally separating systematic model error from random measurement error -- applicable to framing V_off/offset uncertainty rigorously. [Provenance: C0004]"
S0162,"Hall & Llinas, Proc. IEEE 85(1), 6-23 (1997)",An Introduction to Multisensor Data Fusion,David L. Hall; James Llinas,1997,Proceedings of the IEEE,10.1109/5.554205,https://doi.org/10.1109/5.554205,journal_article,verified_peer_reviewed,A,sensor fusion;multisensor data fusion;estimation;process models,Foundational tutorial establishing formal sensor-fusion process models -- supports fusing the GaN Hall sensor with complementary HSX diagnostics (e.g. the diamagnetic loop) as a system-level methodological contribution.,Crossref API works/<doi> lookup confirmed title/authors/journal/volume/issue/pages/year.,abstract_metadata,"Widely cited tutorial covering fusion architectures, levels of fusion, and applicable estimation techniques. [Provenance: C0005]"
S0163,"Astrom & Eykhoff, Automatica 7(2), 123-162 (1971)",System identification -- A survey,K. J. Astrom; P. Eykhoff,1971,Automatica,10.1016/0005-1098(71)90059-8,https://doi.org/10.1016/0005-1098(71)90059-8,journal_article,verified_peer_reviewed,A,system identification;parameter estimation;least squares;instrumentation modeling,Foundational survey establishing system identification as a rigorous engineering discipline -- supports reframing sensor characterization/calibration as a formal system-ID problem rather than an ad hoc bench procedure.,Crossref API works/<doi> lookup confirmed title/authors/journal/volume/issue/pages/year.,abstract_metadata,Covers model-structure selection and least-squares estimators with correlated residuals -- relevant to demodulation/offset residual modeling. [Provenance: C0006]
S0164,"Svensson, Werner & JET-EFDA Contributors, Plasma Phys. Control. Fusion 50(8), 085002 (2008)",Current tomography for axisymmetric plasmas,J. Svensson; A. Werner; JET-EFDA Contributors,2008,Plasma Physics and Controlled Fusion,10.1088/0741-3335/50/8/085002,https://doi.org/10.1088/0741-3335/50/8/085002,journal_article,verified_peer_reviewed,B,Bayesian inference;inverse methods;current tomography;magnetic diagnostics;Gaussian process;MHD equilibrium,Full Bayesian inverse-method reconstruction of internal plasma current from external magnetic/flux measurements with an MHD force-balance prior -- direct template for an inverse-reconstruction algorithm built on HSX Hall-sensor magnetic data.,Crossref API works/<doi> lookup confirmed title/authors/journal/volume/issue/page/year.,abstract_metadata,"Current/flux profiles modeled as Gaussian processes with Occam's-razor smoothness selection; method later deployed on JET, MAST, WEST, HL-2A, EAST. [Provenance: C0007]"
S0165,"Vasconcelos, Elkaim, Silvestre, Oliveira & Cardeira, IEEE Trans. Aerosp. Electron. Syst. 47(2), 1293-1306 (2011)",A Geometric Approach to Strapdown Magnetometer Calibration in Sensor Frame,J. F. Vasconcelos; G. Elkaim; C. Silvestre; P. Oliveira; B. Cardeira,2011,IEEE Transactions on Aerospace and Electronic Systems,10.1109/TAES.2011.5751259,https://doi.org/10.1109/TAES.2011.5751259,journal_article,verified_peer_reviewed,B,self-calibration;magnetometer calibration;maximum likelihood estimation;nonorthogonality/bias compensation,"Rigorous maximum-likelihood, onboard self-calibration algorithm for tri-axis magnetic sensors requiring no external attitude reference -- close methodological analog for self-calibrating the GaN Hall sensor or future vector probe without new hardware.",Crossref API works/<doi> lookup confirmed title/authors/journal/volume/issue/pages/year.,abstract_metadata,"Compensates soft iron, hard iron, nonorthogonality, and bias via an MLE formulated purely from onboard sensor readings. [Provenance: C0008]"
S0166,"Ghezzi, Piva & Di Rienzo, IEEE Trans. Magn. 48(8), 2324-2333 (2012)",Current Density Reconstruction in Vacuum Arcs by Inverting Magnetic Field Data,Luca Ghezzi; Daniele Piva; Luca Di Rienzo,2012,IEEE Transactions on Magnetics,10.1109/TMAG.2012.2192287,https://doi.org/10.1109/TMAG.2012.2192287,journal_article,verified_peer_reviewed,C,inverse methods;current density reconstruction;magnetic sensor array;regularized SVD,"Reconstructs an unknown internal current distribution from an external magnetic-sensor-array measurement set via regularized least-squares (SVD) inversion, including how added sensors improve spatial resolution -- template for using a Hall-sensor array for field/current reconstruction rather than a single point value.",Crossref API works/<doi> lookup confirmed title/authors/journal/volume/issue/pages/year; content corroborated via independent abstract description.,abstract_metadata,Explicitly discusses adding more distant sensors to increase spatial resolution of the reconstructed current density. [Provenance: C0009]
S0167,"Dong, Zhang, Zhang, Geng & Wang, Math. Probl. Eng. 2018, 7452863 (2018)",Inverse Problem Solution and Regularization Parameter Selection for Current Distribution Reconstruction in Switching Arcs by Inverting Magnetic Fields,Jinlong Dong; Guogang Zhang; Zhiqiang Zhang; Yingsan Geng; Jianhua Wang,2018,Mathematical Problems in Engineering,10.1155/2018/7452863,https://doi.org/10.1155/2018/7452863,journal_article,verified_peer_reviewed,C,inverse methods;Tikhonov regularization;regularization parameter selection;ill-posed problems,"Rigorous methodology (Morozov discrepancy principle, L-curve, GCV, quasi-optimality) for selecting the regularization parameter in magnetic-field-inversion problems -- supports the defensibility of any regularized inverse method chosen for HSX field/current reconstruction.",Crossref API works/<doi> lookup confirmed title/authors/journal/article/pages/year.,abstract_metadata,Directly addresses the reviewer objection of justifying a regularization-parameter choice for a magnetic-inversion method. [Provenance: C0010]
S0168,"El-Sheimy, Hou & Niu, IEEE Trans. Instrum. Meas. 57(1), 140-149 (2008)",Analysis and Modeling of Inertial Sensors Using Allan Variance,Naser El-Sheimy; Haiying Hou; Xiaoji Niu,2008,IEEE Transactions on Instrumentation and Measurement,10.1109/TIM.2007.908635,https://doi.org/10.1109/TIM.2007.908635,journal_article,verified_peer_reviewed,A,system identification;Allan variance;noise characterization;drift characterization;sensor modeling,"Establishes Allan variance as a rigorous, standard method to decompose a sensor's stochastic error into named noise terms (random walk, bias instability, quantization) -- directly transferable to rigorously characterizing the GaN Hall sensor's offset drift/noise stability, the exact gap the manuscript's reviewers flagged.",Crossref API works/<doi> lookup confirmed title/authors/journal/volume/issue/pages/year; independently re-verified at stage 10D by the merge session via the Crossref API (title/authors/venue/volume/year match),abstract_metadata,Identifies five basic noise terms via Allan-variance slope analysis; extremely widely adopted standard method across precision-sensor instrumentation. [Provenance: C0011]
S0169,"Nilsson, Skog & Handel, IEEE Trans. Instrum. Meas. 63(10), 2498-2500 (2014)",Aligning the Forces -- Eliminating the Misalignments in IMU Arrays,John-Olof Nilsson; Isaac Skog; Peter Handel,2014,IEEE Transactions on Instrumentation and Measurement,10.1109/TIM.2014.2344332,https://doi.org/10.1109/TIM.2014.2344332,journal_article,verified_peer_reviewed,B,self-calibration;sensor array;blind system identification;misalignment;multi-axis calibration,Self-calibration procedure based on blind system identification that eliminates sensitivity-axis misalignment in a multi-sensor array without a precision mechanical rig -- directly supports a self-calibration methodology for the planned multi-axis vector Hall probe (project 03).,Crossref API works/<doi> lookup confirmed title/authors/journal/volume/issue/pages/year.,abstract_metadata,Uses a low-cost fixture plus blind system identification instead of a calibrated rotation rig. [Provenance: C0012]
S0170,"Sabatini, IEEE Trans. Biomed. Eng. 53(7), 1346-1356 (2006)",Quaternion-Based Extended Kalman Filter for Determining Orientation by Inertial and Magnetic Sensing,Angelo Maria Sabatini,2006,IEEE Transactions on Biomedical Engineering,10.1109/TBME.2006.875664,https://doi.org/10.1109/TBME.2006.875664,journal_article,verified_peer_reviewed,A,sensor fusion;extended Kalman filter;magnetic sensing;adaptive noise covariance,Rigorous EKF-based fusion of magnetic and inertial sensors with adaptive measurement-noise covariance to reject magnetic disturbance -- concrete estimation-theoretic template for fusing the Hall sensor with other HSX diagnostics for disturbance-robust estimation.,PubMed record (PMID 16830938) confirmed DOI/title/author/journal/volume/issue/pages/year.,abstract_metadata,Adapts measurement-noise covariance in real time to guard against transient magnetic disturbance corrupting the fused estimate. [Provenance: C0013]
S0171,"Kalman, J. Basic Eng. (Trans. ASME) 82(1), 35-45 (1960)",A New Approach to Linear Filtering and Prediction Problems,R. E. Kalman,1960,Journal of Basic Engineering (ASME Transactions),10.1115/1.3662552,https://doi.org/10.1115/1.3662552,journal_article,verified_peer_reviewed,A,recursive estimation;Kalman filter;state estimation;foundational filtering theory,The foundational recursive-estimation paper underlying essentially all modern sensor-fusion and calibration filters -- root citation for a filtering/estimation-based methodological novelty claim for the HSX readout system.,Crossref API works/<doi> lookup confirmed title/author/journal/volume/issue/pages/year.,abstract_metadata,One of the most-cited papers in engineering history; underlies the estimation-theoretic lineage of nearly every sensor-fusion paper in this batch. [Provenance: C0014]
S0172,"Li, Hu, Gao & Fang, Sensors 22(14), 5348 (2022)",Dynamic Calibration Method of Sensor Drift Fault in HVAC System Based on Bayesian Inference,Guannan Li; Haonan Hu; Jiajia Gao; Xi Fang,2022,Sensors,10.3390/s22145348,https://doi.org/10.3390/s22145348,journal_article,verified_peer_reviewed,C,Bayesian inference;sensor drift;dynamic calibration;uncertainty,"Concrete, quantified example of Bayesian-inference-based dynamic calibration correcting time-varying sensor drift (not a hardware fix) -- supports the 'algorithmic/statistical calibration as the novel contribution' framing with a specific accuracy figure to cite.",Crossref API works/<doi> lookup confirmed title/authors/journal/volume/issue/page/year; also cross-listed on PMC.,abstract_metadata,Reports MAPE between calibrated and ground-truth data of less than 5% using an EWMA + Bayesian-inference dynamic calibration method. [Provenance: C0015]
S0173,"Hosozawa, Sekiguchi, Asai & Takahashi, Rev. Sci. Instrum. 89(10), 10J120 (2018)",Application of a Hall sensor for pulsed magnetic field measurement in the FAT-CM FRC experiments,A. Hosozawa; J. Sekiguchi; T. Asai; T. Takahashi,2018,Review of Scientific Instruments,10.1063/1.5039356,https://doi.org/10.1063/1.5039356,journal_article,verified_peer_reviewed,A,Hall sensor;pulsed magnetic field;transient measurement;plasma diagnostic;FRC,"Direct prior-art precedent -- a Hall sensor used specifically to capture transient/pulsed magnetic fields in a magnetically confined plasma experiment (RSI, the project 03 target journal) -- supports a transient-B-field-capture novelty claim achieved via signal processing.",Crossref API works/<doi> lookup; cross-checked against PubMed abstract record (PMID 30399786); independently re-verified at stage 10D by the merge session via the Crossref API (title/authors/venue/volume/year match),abstract_metadata,"Hybrid Hall sensor + magnetic coil probe system for FRC merging experiments; calibrated for rise times ~240 microseconds, linear/unsaturated to 0.7 T. [Provenance: C0016]"
S0174,"Polley, Ramaswamy & Haroun, IEEE Sens. J. 20(19), 11283-11291 (2020)","Residual Offset in Silicon Hall-Effect Sensor: Analytical Formula, Stress Effects, and Implications for Octagonal Hall Plate Geometry",Arup Polley; Srinath M. Ramaswamy; Baher S. Haroun,2020,IEEE Sensors Journal,10.1109/JSEN.2020.2997292,https://doi.org/10.1109/JSEN.2020.2997292,journal_article,verified_peer_reviewed,A,spinning current;residual offset modeling;stress effects;octagonal Hall plate,"Residual offset after first-order (four-phase) spinning-current cancellation can be rigorously modeled analytically and further suppressed via higher-order (eight-phase) spinning -- a path to a quantified offset budget rather than a bare cancellation claim, directly answering the manuscript's 'insufficient calibration rigor' review criticism.",Crossref API works/<doi> lookup confirmed title/authors/journal/volume/issue/pages/year; abstract corroborated via independent search snippet.,abstract_metadata,"Eight-terminal octagonal Hall sensors with eight-phase spinning show second-order stress-offset cancellation, greater immunity than conventional four-phase spinning. [Provenance: C0017]"
S0175,"Liu, Skucha, Megens & Boser, IEEE Trans. Magn. 47(10), 3449-3451 (2011)",A CMOS Hall-Effect Sensor for the Characterization and Detection of Magnetic Nanoparticles for Biomedical Applications,Paul Liu; Karl Skucha; Mischa Megens; Bernhard Boser,2011,IEEE Transactions on Magnetics,10.1109/TMAG.2011.2158600,https://doi.org/10.1109/TMAG.2011.2158600,journal_article,verified_peer_reviewed,A,Hall sensor;chopper stabilization;transient field switching;biomedical magnetometry,"Shows a Hall-sensor readout chain combining offset-cancellation chopping with fast transient field-switching achieving transient-timescale performance exceeding older magnetometer technologies -- precedent for a transient-capture novelty claim achieved purely via signal processing, no new fabrication.",Crossref API works/<doi> lookup confirmed title/authors/journal/volume/issue/pages/year; abstract corroborated via independent search snippet.,abstract_metadata,Achieves >3 orders of magnitude better temporal resolution than prior SQUID/fluxgate-based relaxometry by rapidly switching a local magnetizing field and observing the Hall-sensed transient relaxation. [Provenance: C0018]
S0176,"Enz & Temes, Proc. IEEE 84(11), 1584-1614 (1996)","Circuit techniques for reducing the effects of op-amp imperfections: autozeroing, correlated double sampling, and chopper stabilization",C. C. Enz; G. C. Temes,1996,Proceedings of the IEEE,10.1109/5.542410,https://doi.org/10.1109/5.542410,journal_article,verified_peer_reviewed,A,chopper stabilization;correlated double sampling;autozeroing;1/f noise;op-amp offset,"Canonical foundational review establishing autozeroing, CDS, and chopper stabilization as rigorous, quantitatively analyzed methods for offset and 1/f-noise cancellation -- citable anchor for a signal-processing-only (no new fabrication) route to offset rigor.",Crossref API works/<doi> lookup confirmed title/authors/journal/volume/issue/pages/year.,abstract_metadata,"Unifies and quantitatively compares noise-folding, ripple, and residual-offset trade-offs of the three techniques; among the most-cited precision-analog-instrumentation references. [Provenance: C0019]"
S0177,"Scofield, Am. J. Phys. 62(2), 129-133 (1994)",Frequency-domain description of a lock-in amplifier,John H. Scofield,1994,American Journal of Physics,10.1119/1.17629,https://doi.org/10.1119/1.17629,journal_article,verified_peer_reviewed,B,lock-in amplifier;synchronous detection;phase-sensitive detection;noise rejection,Supports lock-in/synchronous (phase-sensitive) detection as a rigorously characterized foundational technique for offset and out-of-band noise rejection -- applicable to a current-spinning-plus-synchronous-demodulation readout scheme for the HSX Hall sensor.,Crossref API works/<doi> lookup confirmed title/author/journal/volume/issue/pages/year.,abstract_metadata,"Derives the frequency-domain transfer function of lock-in amplifiers, quantifying signal-to-noise gain and rejection of noise/offset outside the reference bandwidth. [Provenance: C0020]"
S0178,"Marconato, Cavazzana, Bettini & Rigoni, Sensors 20(10), 2929 (2020)",Accurate Magnetic Sensor System Integrated Design,Nicolo Marconato; Roberto Cavazzana; Paolo Bettini; Andrea Rigoni,2020,Sensors,10.3390/s20102929,https://doi.org/10.3390/s20102929,journal_article,verified_peer_reviewed,B,digital integration;real-time filtering;magnetic diagnostic;bandwidth;fusion instrumentation,"Direct system-level precedent: the RFX-mod2 fusion (RFP) magnetic-diagnostic upgrade replacing analog integrators with FPGA-based digital integration plus real-time filtering, fully quantified bandwidth/noise numbers -- closely analogous to a rigorous HSX-scale magnetic-diagnostic signal-chain upgrade.",Crossref API works/<doi> lookup confirmed title/authors/journal/volume/issue/pages/year; full text read via PMC.,full_text,"For RFX-mod2: FPGA numerical integration avoids analog integrator drift; bandwidth up to 200 kHz for in-vessel probes; noise floor 0.33 ADC-counts*s over 10 s integration; manages ~1,088 signals from 724 pickup coils. [Provenance: C0021]"
S0179,"Arpaia, Buzio, Di Capua, Grassini, Parvis & Pentella, Sensors 22(1), 182 (2021)",Drift-Free Integration in Inductive Magnetic Field Measurements Achieved by Kalman Filtering,Pasquale Arpaia; Marco Buzio; Vincenzo Di Capua; Sabrina Grassini; Marco Parvis; Mariano Pentella,2021,Sensors,10.3390/s22010182,https://doi.org/10.3390/s22010182,journal_article,verified_peer_reviewed,B,Kalman filter;integrator drift;inductive magnetic measurement;drift compensation,"Kalman-filter-based sensor fusion (coil + reference sensor) as a rigorous, quantitatively validated real-time drift-cancellation method -- transferable signal-processing concept for HSX offset/drift correction beyond simple spinning-current or feed-forward schemes.",Crossref API works/<doi> lookup confirmed title/authors/journal/volume/issue/article number/year.,abstract_metadata,A first-order linear Kalman filter fusing an inductive-coil signal with a second reference sensor experimentally reduces field drift by roughly three orders of magnitude. [Provenance: C0022]
S0180,"Amodeo, Arpaia & Buzio, Sensors 19(24), 5455 (2019)",Integrator Drift Compensation of Magnetic Flux Transducers by Feed-Forward Correction,Maria Amodeo; Pasquale Arpaia; Marco Buzio,2019,Sensors,10.3390/s19245455,https://doi.org/10.3390/s19245455,journal_article,verified_peer_reviewed,B,feed-forward correction;integrator drift;drift compensation;magnetic flux metrology,"Feed-forward drift correction referenced to a periodic absolute-field reading, rigorously quantified, real-time drift suppression -- transferable rigor argument for a calibration-referenced drift-correction scheme in the HSX GaN Hall readout. (Note: this CERN particle-accelerator application was excluded from Stage 10B's fusion-diagnostics-only lane as off-topic there; it is included here because Stage 10C's coverage is general offset/noise/drift signal processing, not fusion-context-restricted.)",Crossref API works/<doi> lookup confirmed title/authors/journal/volume/issue/article number/year; full text read via PMC.,full_text,"Feed-forward scheme periodically re-references an integrated-coil measurement against an NMR probe reading; achieves 1 microT field stability over a 120 s/50 mT plateau at CERN's ELENA ring, about three orders of magnitude improvement over raw drift rates of 3.9-9.7 microT/s. [Provenance: C0023]"
S0181,"Joung et al., Nucl. Fusion 60(1), 016034 (2020)",Deep neural network Grad-Shafranov solver constrained with measured magnetic signals,Semin Joung; Jaewook Kim; Sehyun Kwak; J. G. Bak; S. G. Lee; H. S. Han; H. S. Kim; Geunho Lee; Daeho Kwon; Y.-C. Ghim,2020,Nuclear Fusion,10.1088/1741-4326/ab555f,https://doi.org/10.1088/1741-4326/ab555f,journal_article,verified_peer_reviewed,A,physics-informed reconstruction;deep learning;Grad-Shafranov;real-time reconstruction;magnetic diagnostics;KSTAR,"A neural network trained only on Rogowski coil, pickup coil, and flux-loop signals reproduces offline-EFIT-quality equilibrium reconstruction in real time -- precedent for extracting more physics from an existing magnetic sensor suite via ML rather than new hardware.",Crossref API works/<doi> lookup plus IOPscience abstract page; independently re-verified at stage 10D by the merge session via the Crossref API (title/authors/venue/volume/year match),full_text,"Trained on 1118 KSTAR discharges (32 pickup coils, 22 flux loops); R^2 near unity for the reconstructed flux; full flux-surface reconstruction in <1 ms/frame; robust to loss of up to 9 simultaneous sensor channels. [Provenance: C0024]"
S0182,"Wai, Boyer & Kolemen, Nucl. Fusion 62(8), 086042 (2022)",Neural net modeling of equilibria in NSTX-U,J. T. Wai; M. D. Boyer; E. Kolemen,2022,Nuclear Fusion,10.1088/1741-4326/ac77e6,https://doi.org/10.1088/1741-4326/ac77e6,journal_article,verified_peer_reviewed,A,neural network surrogate;equilibrium reconstruction;real-time control;magnetic diagnostics;NSTX-U,NN surrogates trained on existing EFIT reconstructions and magnetics-derived plasma response models match/exceed real-time-EFIT accuracy at microsecond inference speed -- supports better inversion algorithms on existing coil/flux-loop data yielding diagnostic gains without new probes.,Crossref API works/<doi> lookup plus IOPscience abstract page.,full_text,Inference 810-940 microseconds; median geometric errors of a few mm; R^2 0.82-0.94 for control outputs; outperforms real-time EFIT during eddy-current transients. [Provenance: C0025]
S0183,"van Milligen, Tribaldos & Jimenez, Phys. Rev. Lett. 75(20), 3594-3597 (1995)",Neural Network Differential Equation and Plasma Equilibrium Solver,B. Ph. van Milligen; V. Tribaldos; J. A. Jimenez,1995,Physical Review Letters,10.1103/PhysRevLett.75.3594,https://doi.org/10.1103/PhysRevLett.75.3594,journal_article,verified_peer_reviewed,B,physics-informed neural network;PDE solver;plasma equilibrium;MHD,Pioneering proof-of-concept that a neural network can directly solve the 2D ideal-MHD equilibrium (Grad-Shafranov-type) differential equation via global error-functional minimization -- earliest PINN precedent underlying later PINN-equilibrium work in this batch.,Crossref API works/<doi> lookup confirmed title/authors/journal/volume/issue/pages/year.,full_text,Proof-of-principle only (toy 2D case); historically significant as the conceptual ancestor of PINN-Grad-Shafranov work. [Provenance: C0026]
S0184,"Ferron, Walker, Lao, St. John, Humphreys & Leuer, Nucl. Fusion 38(7), 1055-1066 (1998)",Real time equilibrium reconstruction for tokamak discharge control,J. R. Ferron; M. L. Walker; L. L. Lao; H. E. St. John; D. A. Humphreys; J. A. Leuer,1998,Nuclear Fusion,10.1088/0029-5515/38/7/308,https://doi.org/10.1088/0029-5515/38/7/308,journal_article,verified_peer_reviewed,A,real-time equilibrium reconstruction;EFIT;magnetic diagnostics;discharge control,Classic real-time Grad-Shafranov-constrained fit-to-magnetics method (rt-EFIT on DIII-D) -- the traditional baseline that later ML/PINN equilibrium papers in this batch benchmark against.,Crossref API works/<doi> lookup confirmed title/authors/journal/volume/issue/pages/year.,abstract_metadata,Established the real-time-rate constraint against which later neural-network real-time equilibrium solvers report speed/accuracy comparisons. [Provenance: C0027]
S0185,"Coccorese, Morabito & Martone, Nucl. Fusion 34(10), 1349-1363 (1994)",Identification of noncircular plasma equilibria using a neural network approach,E. Coccorese; C. Morabito; R. Martone,1994,Nuclear Fusion,10.1088/0029-5515/34/10/i05,https://doi.org/10.1088/0029-5515/34/10/i05,journal_article,verified_peer_reviewed,B,neural network;plasma boundary identification;magnetic flux measurements;shape parameters,Early demonstration that a backpropagation network maps external magnetic-flux-loop measurements directly to noncircular plasma shape parameters -- supports that shape/boundary information can be extracted from a fixed magnetic sensor set via a learned nonlinear mapping rather than new instrumentation.,Crossref API query-matched by title/authors/journal.,abstract_metadata,Trained/tested on simulated equilibria from a combined fixed+free-boundary MHD code; one of the earliest ML applications to tokamak magnetic-diagnostic inversion. [Provenance: C0028]
S0186,"Bishop, Haynes, Smith, Todd & Trotman, Neural Comput. 7(1), 206-217 (1995)",Real-Time Control of a Tokamak Plasma Using Neural Networks,Chris M. Bishop; Paul S. Haynes; Mike E. U. Smith; Tom N. Todd; David L. Trotman,1995,Neural Computation,10.1162/neco.1995.7.1.206,https://doi.org/10.1162/neco.1995.7.1.206,journal_article,verified_peer_reviewed,B,neural network;real-time control;magnetic diagnostics;hardware implementation,First reported real-hardware use of a neural network processing magnetic-diagnostic signals for live tokamak plasma control (COMPASS-C) -- precedent that a fixed magnetic sensor suite plus a learned model can substitute for/augment a conventional real-time algorithm in an operating device.,Crossref API works/<doi> lookup confirmed title/authors/journal/volume/issue/pages/year.,full_text,Describes a custom parallel digital/analogue MLP hardware implementation meeting hard real-time constraints; historically significant early in-vessel deployment precedent. [Provenance: C0029]
S0187,"Degrave et al., Nature 602(7897), 414-419 (2022)",Magnetic control of tokamak plasmas through deep reinforcement learning,Jonas Degrave; Federico Felici; Jonas Buchli; Michael Neunert; Brendan Tracey; Francesco Carpanese; Timo Ewalds; Roland Hafner; Abbas Abdolmaleki; Diego de las Casas; Craig Donner; Leslie Fritz; Cristian Galperti; Andrea Huber; James Keeling; Maria Tsimpoukelli; Jackie Kay; Antoine Merle; Jean-Marc Moret; Seb Noury; Federico Pesamosca; David Pfau; Olivier Sauter; Cristian Sommariva; Stefano Coda; Basil Duval; Ambrogio Fasoli; Pushmeet Kohli; Koray Kavukcuoglu; Demis Hassabis; Martin Riedmiller,2022,Nature,10.1038/s41586-021-04301-9,https://doi.org/10.1038/s41586-021-04301-9,journal_article,verified_peer_reviewed,A,deep reinforcement learning;magnetic control;shape reconstruction;TCV;magnetic diagnostics,"Flagship, top-tier-venue demonstration that a deep-learning controller receiving only real-time magnetic-coil measurements (no new sensors) can shape/maintain diverse plasma configurations on TCV -- high-impact precedent for 'existing magnetic hardware + better algorithm = novel capability' (control, not pure reconstruction; noted as a caveat).",Crossref API works/<doi> lookup plus PubMed record (PMID 35173339); independently re-verified at stage 10D by the merge session via the Crossref API (title/authors/venue/volume/year match),abstract_metadata,Achieved multiple novel plasma shapes purely from magnetic-measurement-driven closed-loop control. [Provenance: C0030]
S0188,"Hanson, Hirshman, Knowlton, Lao, Lazarus & Shields, Nucl. Fusion 49(7), 075031 (2009)",V3FIT: a code for three-dimensional equilibrium reconstruction,J. D. Hanson; S. P. Hirshman; S. F. Knowlton; L. L. Lao; E. A. Lazarus; J. M. Shields,2009,Nuclear Fusion,10.1088/0029-5515/49/7/075031,https://doi.org/10.1088/0029-5515/49/7/075031,journal_article,verified_peer_reviewed,A,stellarator;three-dimensional equilibrium reconstruction;function parameterization;magnetic diagnostics;singular value decomposition,"Directly analogous stellarator (not tokamak) 3D equilibrium reconstruction code fitting an arbitrary internal plasma state to externally measured magnetic signals via SVD-guided minimization -- validated on the CTH stellarator, a device of similar scale/class to HSX; closest existing methodological template for a rigorous magnetics-only 3D reconstruction novelty claim on HSX.",Crossref API works/<doi> lookup plus IOPscience abstract page.,full_text,SVD separates well-determined from near-singular reconstruction directions; demonstrated robust convergence and appropriate noise behavior on CTH stellarator data. [Provenance: C0031]
S0189,"Merlo, Bockenhoff, Schilling, Lazerson & Pedersen, Nucl. Fusion 63, 066020 (2023)",Physics-regularized neural network of the ideal-MHD solution operator in Wendelstein 7-X configurations,A. Merlo; D. Bockenhoff; J. Schilling; S. A. Lazerson; T. S. Pedersen,2023,Nuclear Fusion,10.1088/1741-4326/acc852,https://doi.org/10.1088/1741-4326/acc852,journal_article,verified_peer_reviewed,A,physics-informed neural network;stellarator;ideal MHD;Wendelstein 7-X;equilibrium surrogate;magnetic diagnostics,Directly relevant stellarator-class PINN precedent (same configuration family as HSX): a physics-regularized NN reproduces VMEC-quality 3D MHD equilibria at a fraction of traditional computational cost -- supports building a fast physics-informed surrogate for HSX-scale equilibrium/field reconstruction using existing magnetic data.,Crossref API works/<doi> lookup plus IOPscience abstract page; independently re-verified at stage 10D by the merge session via the Crossref API (title/authors/venue/volume/year match),full_text,"Flux-surface RMSE 0.616 mm, magnetic-axis RMSE 0.584 mm, iota-profile MAPE 9.31e-4, B-field RMSE 23.6 mT vs. VMEC ground truth; training ~8 days on one V100 GPU. [Provenance: C0032]"
S0190,"von Nessi, Hole, Svensson & Appel, Phys. Plasmas 19(1), 012506 (2012)",Evidence cross-validation and Bayesian inference of MAST plasma equilibria,G. T. von Nessi; M. J. Hole; J. Svensson; L. Appel,2012,Physics of Plasmas,10.1063/1.3677362,https://doi.org/10.1063/1.3677362,journal_article,verified_peer_reviewed,A,Bayesian inference;equilibrium reconstruction;magnetic diagnostics;current-beam model;MAST,"Rigorous Bayesian model-selection/cross-validation for equilibrium current-profile reconstruction using only pickup-coil, flux-loop, and MSE observations (no additional hardware) -- supports probabilistic model comparison to extract more physically meaningful, uncertainty-quantified information from an existing magnetic sensor set.",Crossref API works/<doi> lookup.,full_text,Represents toroidal current as axisymmetric current beams with q-profile computed via Biot-Savart; uses Bayesian evidence for cross-validating current-profile parameterizations. [Provenance: C0033]
S0191,"Joung, Ghim, Kim, Kwak, Kwon, Sung, Kim, Kim, Bak & Yoon, Sci. Rep. 13, 15799 (2023)",GS-DeepNet: mastering tokamak plasma equilibria with deep neural networks and the Grad-Shafranov equation,Semin Joung; Y.-C. Ghim; Jaewook Kim; Sehyun Kwak; Daeho Kwon; Cheonho Sung; Dongyoung Kim; Hyun-Seok Kim; J. G. Bak; S. W. Yoon,2023,Scientific Reports,10.1038/s41598-023-42991-5,https://doi.org/10.1038/s41598-023-42991-5,journal_article,verified_peer_reviewed,A,unsupervised deep learning;Grad-Shafranov;self-consistency;magnetic diagnostics;KSTAR,"A fully self-teaching (no EFIT training labels) coupled-network method reconstructs full 2D flux-surface equilibria using only measured magnetic boundary data -- strongest 'data-driven, magnetics-only, no external-solver-dependence' precedent in this batch, supporting a claim that new inversion architecture (not new hardware) is the novelty vector.",Crossref API works/<doi> lookup plus PMC full text; independently re-verified at stage 10D by the merge session via the Crossref API (title/authors/venue/volume/year match),full_text,R^2 close to unity for magnetic-field/flux fit to measurements; pitch-angle RMSE 0.024 validated across 50 KSTAR discharges; full flux-surface reconstruction in <1 ms on a single GPU. [Provenance: C0034]
S0192,"Jang, Kaptanoglu, Gaur, Pan, Landreman & Dorland, Phys. Plasmas 31(3), 032510 (2024)",Grad-Shafranov equilibria via data-free physics informed neural networks,Byoungchan Jang; Alan A. Kaptanoglu; Rahul Gaur; Shaowu Pan; Matt Landreman; William Dorland,2024,Physics of Plasmas,10.1063/5.0188634,https://doi.org/10.1063/5.0188634,journal_article,verified_peer_reviewed,A,physics-informed neural network;Grad-Shafranov;data-free;parameterized network;equilibrium reconstruction,"A 'data-free' PINN solves the Grad-Shafranov equation purely from the governing PDE and boundary conditions (no training database required), with a parameterized-input variant spanning multiple equilibrium classes -- supports building a physics-constrained field-inversion tool without needing a large labeled EFIT/magnetics training set.",Crossref API works/<doi> lookup plus arXiv abstract mirror.,full_text,Abstract claims accurate solutions across multiple boundary-condition classes without a precomputed solution database. [Provenance: C0035]
S0193,"Bockenhoff, Blatzheim, Holbe, Niemann, Pisano, Labahn, Pedersen & W7-X Team, Nucl. Fusion 58, 056009 (2018)",Reconstruction of magnetic configurations in W7-X using artificial neural networks,D. Bockenhoff; M. Blatzheim; H. Holbe; H. Niemann; F. Pisano; R. Labahn; T. S. Pedersen; the W7-X Team,2018,Nuclear Fusion,10.1088/1741-4326/aab22d,https://doi.org/10.1088/1741-4326/aab22d,journal_article,verified_peer_reviewed,A,stellarator;neural network;magnetic topology reconstruction;Wendelstein 7-X;infrared heat load,"Stellarator-specific precedent (same device class as HSX): ANNs reconstruct plasma-edge magnetic topology from existing diagnostic signals (simulated and measured IR heat-load patterns), generalizing between simulated and experimental domains -- supports applying a learned reconstruction model to HSX's own existing diagnostic set to recover otherwise-inaccessible field/topology detail.",Crossref API works/<doi> lookup plus IOPscience abstract page.,abstract_metadata,RMSE 0.010 on validation/test using IR-only data; combined simulated+measured training reduced experimental-domain RMSE from 0.029 to 0.023. [Provenance: C0036]
S0194,"Thun, Merlo, Conlin, Panici & Bockenhoff, Nucl. Fusion 66(2), 026029 (2026)",Improving ideal MHD equilibrium accuracy with physics-informed neural networks,Timo Thun; Andrea Merlo; Rory Conlin; Dario Panici; Daniel Bockenhoff,2026,Nuclear Fusion,10.1088/1741-4326/ae2937,https://doi.org/10.1088/1741-4326/ae2937,journal_article,verified_peer_reviewed,A,physics-informed neural network;ideal MHD;force residual minimization;equilibrium reconstruction;Fourier mode parameterization,"Most recent (2026) PINN-equilibrium result: NN-parameterized Fourier modes minimizing the full nonlinear MHD force residual match, and with more compute undercut, the residual floor of conventional solvers -- establishes the current state of the art any HSX-targeted PINN reconstruction proposal should be benchmarked against.",Crossref API works/<doi> lookup plus IOPscience abstract page; independently re-verified at stage 10D by the merge session via the Crossref API (title/authors/venue/volume/year match),metadata_only,"Reports competitive computational cost versus conventional solvers at matched residual; specific numeric residual/speed tables are in the full text, not the abstract. [Provenance: C0037]"
S0195,"Shousha, Seo, Erickson, Xing, Kim, Abbate & Kolemen, Nucl. Fusion 64(2), 026006 (2023)",Machine learning-based real-time kinetic profile reconstruction in DIII-D,Ricardo Shousha; Jaemin Seo; Keith Erickson; Zichuan Xing; SangKyeun Kim; Joseph Abbate; Egemen Kolemen,2023,Nuclear Fusion,10.1088/1741-4326/ad142f,https://doi.org/10.1088/1741-4326/ad142f,journal_article,verified_peer_reviewed,A,surrogate model;real-time estimation;kinetic profile reconstruction;tokamak;neural network,An ML surrogate reproduces full kinetic-equilibrium-quality profiles from only real-time-available diagnostic inputs -- direct template for extracting richer physics estimates from a limited existing sensor suite (analogous to a single-axis Hall probe) without new hardware.,Crossref API works/<doi> lookup.,abstract_metadata,Sub-millisecond inference latency compatible with DIII-D's real-time plasma control system. [Provenance: C0038]
S0196,"Battye & Perinpanayagam, IEEE Access 13, 75787-75821 (2025)",Digital Twins in Fusion Energy Research: Current State and Future Directions,Michael I. Battye; Suresh Perinpanayagam,2025,IEEE Access,10.1109/ACCESS.2025.3561920,https://doi.org/10.1109/ACCESS.2025.3561920,review_article,verified_peer_reviewed,A,digital twin;fusion energy;review;real-time control;data assimilation,"Comprehensive review establishing that digital-twin efforts in fusion are fragmented and constrained to isolated applications, explicitly identifying an unmet need for component-level, sensor-integrated digital twins -- frames a specific literature-supported gap a Hall-sensor-based digital twin/estimator for HSX magnetic diagnostics could fill.",Crossref API works/<doi> lookup; cross-checked against IEEE Xplore listing.,abstract_metadata,"Reviews DT applications to divertor, breeder blanket, and magnet subsystems; calls for an integrated, end-to-end DT framework unifying real-time data, simulation, and control. [Provenance: C0039]"
S0197,"Crassidis, Lai & Harman, J. Guid. Control Dyn. 28(1), 115-120 (2005)",Real-Time Attitude-Independent Three-Axis Magnetometer Calibration,John L. Crassidis; Kok-Lam Lai; Richard R. Harman,2005,"Journal of Guidance, Control, and Dynamics",10.2514/1.6278,https://doi.org/10.2514/1.6278,journal_article,verified_peer_reviewed,A,real-time estimation;magnetometer calibration;Kalman filter;offset estimation,"Classic, widely used recursive real-time calibration algorithm for correcting magnetometer bias/offset without a priori attitude knowledge -- directly applicable computational method for resolving the manuscript's 'V_off unknown' limitation flagged as future work.",Crossref API works/<doi> lookup.,abstract_metadata,Real-time (recursive) extension of the classic TWOSTEP batch calibration algorithm; widely cited baseline for onboard/in-situ bias estimation of 3-axis magnetic sensors. [Provenance: C0040]
S0198,"Stokolesov, Nurgaliev, Kharitonov, Adishchev, Sorokin, Clark & Orlov, J. Plasma Phys. 91 (2025)",Neural network reconstruction of the DIII-D tokamak plasma boundary using a reduced set of diagnostics,Maksim Stokolesov; Maxim Nurgaliev; Ivan Kharitonov; Evgeny Adishchev; Dmitry Sorokin; Randall Clark; Dmitri Orlov,2025,Journal of Plasma Physics,10.1017/s0022377825100962,https://doi.org/10.1017/s0022377825100962,journal_article,verified_peer_reviewed,B,surrogate model;real-time estimation;plasma boundary reconstruction;reduced diagnostics;neural network,Explicitly studies the accuracy/complexity tradeoff of NN-based state reconstruction as the diagnostic input set is reduced -- directly supports that a single-axis (or few-axis) Hall probe can still support meaningful ML-based state estimation.,Crossref API bibliographic query matched title/authors/journal/year/volume; independently re-verified at stage 10D by the merge session via the Crossref API (title/authors/venue/volume/year match),abstract_metadata,"Compares NN models trained on coil-currents-only vs. richer input sets, quantifying reconstruction-accuracy tradeoffs as diagnostic channel count is reduced. [Provenance: C0041]"
S0199,"Papafotis, Nikitas & Sotiriadis, Sensors 21(16), 5288 (2021)",Magnetic Field Sensors' Calibration: Algorithms' Overview and Comparison,Konstantinos Papafotis; Dimitris Nikitas; Paul P. Sotiriadis,2021,Sensors,10.3390/s21165288,https://doi.org/10.3390/s21165288,review_article,verified_peer_reviewed,B,sensor calibration;real-time estimation;magnetic field sensors;machine learning;review,"Peer-reviewed review comparing seven in-situ calibration algorithms (including an ML/particle-swarm-optimization method) for embedded 3-axis magnetic sensors by accuracy, robustness, and computational cost -- a citable menu of validated computational calibration approaches transferable to the GaN Hall sensor's uncalibrated-offset problem.",Crossref API bibliographic query; PMC record cross-referenced.,abstract_metadata,"Benchmarks 7 representative in-situ calibration algorithms including an ML-based estimator on accuracy, robustness, computational efficiency, and deployability. [Provenance: C0042]"
S0200,"Cascales Sandoval et al., J. Appl. Phys. 137(11), 113905 (2025)",Remote-sensing based control of 3D magnetic fields using machine learning for in operando applications,Miguel A. Cascales Sandoval; J. Jurczyk; L. Skoric; D. Sanz-Hernandez; N. Leo; A. Kovacs; T. Schrefl; A. Hierro-Rodriguez; A. Fernandez-Pacheco,2025,Journal of Applied Physics,10.1063/5.0249846,https://doi.org/10.1063/5.0249846,journal_article,verified_peer_reviewed,B,real-time estimation;machine learning;magnetic field control;sensor feedback;precision instrumentation,"An MLP-based real-time inference model captures nonlinear, time-dependent magnetic-field response from sensor feedback for high-precision in-operando field control -- concrete precedent for using ML to correct/estimate magnetic sensor response in real time outside the fusion context, generalizable to Hall-sensor response correction.",Crossref API bibliographic query confirmed title/authors/journal/year/volume/issue.,abstract_metadata,"MLP processing dynamic magnetic-field-sequence inputs achieves high-precision real-time field control, capturing nonlinear time-dependent sensor/field response. [Provenance: C0043]"
S0201,"Blanken, Felici, Rapson, de Baar & Heemels, Fusion Eng. Des. 126, 87-103 (2018)",Control-oriented modeling of the plasma particle density in tokamaks and application to real-time density profile reconstruction,T. C. Blanken; F. Felici; C. J. Rapson; M. R. de Baar; W. P. M. H. Heemels,2018,Fusion Engineering and Design,10.1016/j.fusengdes.2017.11.006,https://doi.org/10.1016/j.fusengdes.2017.11.006,journal_article,verified_peer_reviewed,B,real-time estimation;state observer;density profile reconstruction;tokamak;control-oriented model,A reduced control-oriented physics model plus real-time state observer reconstructs a full density profile from sparse interferometry-type measurements -- precedent for pairing a lightweight physics model with sparse existing sensor data (as in HSX magnetics) to obtain a real-time state estimate instead of adding sensors.,Crossref API bibliographic query confirmed title/authors/journal/year/volume.,abstract_metadata,"Part of the RAPDENS state-observer lineage, later deployed and tested in real time on TCV and ASDEX Upgrade. [Provenance: C0044]"
S0202,"Alves, Coelho & JET-EFDA Contributors, Plasma Phys. Control. Fusion 55(10), 105003 (2013)",Kalman filter methods for real-time frequency and mode number estimation of MHD activity in tokamak plasmas,D. Alves; R. Coelho; JET-EFDA Contributors,2013,Plasma Physics and Controlled Fusion,10.1088/0741-3335/55/10/105003,https://doi.org/10.1088/0741-3335/55/10/105003,journal_article,verified_peer_reviewed,B,Kalman filter;real-time estimation;MHD mode estimation;magnetic diagnostics;tokamak,"A two-stage (nonlinear + linear) Kalman-filter pipeline turns raw magnetic-sensor-array signals (Mirnov-coil-like) into real-time amplitude/phase/mode-number estimates on JET -- directly analogous real-time Kalman-filter estimation architecture built entirely from magnetic sensor signals, transferable to a Hall-sensor-array context.",Crossref API bibliographic query confirmed title/authors/journal/year/volume/issue.,abstract_metadata,Nonlinear KF isolates the dominant non-stationary signal component per sensor; linear KF projects across the sensor set onto a predefined mode-number basis; validated on real JET data. [Provenance: C0045]
S0203,"Van Mulders et al., Nucl. Fusion 65(6) (2025)",Model-based estimation of tokamak plasma profiles and physics parameters: algorithm overview and application to ITER,S. Van Mulders; F. Felici; S. C. McIntosh; F. Carpanese; C. E. Contres; R. Coosemans; O. Kudlacek; F. Pastore; S. D. Pinches; M. Reisner; O. Sauter,2025,Nuclear Fusion,10.1088/1741-4326/add16e,https://doi.org/10.1088/1741-4326/add16e,journal_article,verified_peer_reviewed,A,digital twin;real-time estimation;Kalman filter;profile estimation;tokamak;ITER,"A live dynamic-model + Extended Kalman Filter observer (RAPTOR) fuses a physics model with real-time diagnostic measurements to reconstruct profiles and physics parameters -- a textbook digital-twin architecture (model + real sensor data, continuously reconciled) directly citable as an estimation paradigm for HSX.",Crossref API bibliographic query confirmed title/authors/journal/year/volume/issue against IOPscience abstract text.,abstract_metadata,EKF also estimates model disturbances/parameters accounting for systematic model-reality mismatch; tested on synthetic ITER scenarios and real TCV/ASDEX-Upgrade/RFX data. [Provenance: C0046]
S0204,"Felici, de Baar & Steinbuch, 2014 American Control Conference, pp. 4816-4823 (2014)",A Dynamic State Observer for Real-Time Reconstruction of the Tokamak Plasma Profile State and Disturbances,Federico Felici; Marco de Baar; Maarten Steinbuch,2014,"2014 American Control Conference (IEEE, peer-reviewed proceedings)",10.1109/acc.2014.6858781,https://doi.org/10.1109/acc.2014.6858781,conference_paper,verified_peer_reviewed,C,Kalman filter;state observer;real-time estimation;tokamak;digital twin,Foundational methods paper establishing the EKF-based dynamic-state-observer approach later matured into the RAPTOR/RAPDENS real-time estimators -- original precedent citation for a 'physics model + sensor stream = real-time reconstructed state' architecture.,Crossref API bibliographic query confirmed title/authors/venue/year/pages/DOI.,metadata_only,"Original EKF-based observer methodology, later implemented in real-time control systems of TCV, ASDEX-Upgrade, and RFX. [Provenance: C0047]"
S0205,"Subbotin et al., Nucl. Fusion 66(2) (2026)",Demonstration of reconstruction-free static magnetic control of DIII-D plasma with deep reinforcement learning,G. F. Subbotin; D. I. Sorokin; M. R. Nurgaliev; A. A. Granovskiy; I. P. Kharitonov; E. V. Adishchev; E. N. Khairutdinov; R. Clark; H. Shen; W. Choi; J. Barr; D. M. Orlov,2026,Nuclear Fusion,10.1088/1741-4326/ae34c6,https://doi.org/10.1088/1741-4326/ae34c6,journal_article,verified_peer_reviewed,A,real-time control;deep reinforcement learning;magnetic control;tokamak;reconstruction-free,"A learned RL policy fed directly by magnetic measurements controls plasma shape/position without an intermediate equilibrium-reconstruction step -- cutting-edge example of ML performing a concrete real-time measurement/control role directly on raw magnetic-sensor signals, precisely the 'system-level novelty from existing sensor data' argument needed.",Crossref API bibliographic query confirmed title/authors/journal/year/DOI; independently re-verified at stage 10D by the merge session via the Crossref API (title/authors/venue/volume/year match),abstract_metadata,"Demonstrates real-time closed-loop plasma shape/position control on DIII-D bypassing traditional EFIT-style reconstruction, using deep RL trained directly on magnetic diagnostic signals. [10D enrichment] Volume/issue 66(2) added per the Crossref record fetched at 10D. [Provenance: C0048]"
S0206,"di Grazia, Mattei & Pironti, Fusion Eng. Des. 220, 115363 (2025)",An Extended Kalman Filter approach for tokamak plasma equilibrium reconstruction,Luigi Emanuel di Grazia; Massimiliano Mattei; Alfredo Pironti,2025,Fusion Engineering and Design,10.1016/j.fusengdes.2025.115363,https://doi.org/10.1016/j.fusengdes.2025.115363,journal_article,verified_peer_reviewed,B,Kalman filter;real-time estimation;equilibrium reconstruction;magnetic diagnostics;tokamak,"EKF reconstructs plasma shape, plasma parameters, and vessel passive currents purely from magnetic measurements in real time -- directly grounds the claim that a magnetics-only Kalman-filter estimator (the exact sensor modality of the HSX Hall probe) can deliver equilibrium-quality state estimates.",Crossref API bibliographic query confirmed title/authors/journal/year/volume/DOI.,abstract_metadata,EKF-based magnetics-only equilibrium reconstruction estimating plasma shape/parameters plus structural passive (eddy) currents in the tokamak vessel. [Provenance: C0049]
S0207,"Lakkundi & Kulkarni, Appl. Soft Comput. 198, 115267 (2026)",Physics-informed hybrid digital twin for real-time multi-sensor intelligence and adaptive control in wire electrical discharge machining,Anand R. Lakkundi; Vinayak N. Kulkarni,2026,Applied Soft Computing,10.1016/j.asoc.2026.115267,https://doi.org/10.1016/j.asoc.2026.115267,journal_article,verified_peer_reviewed,B,digital twin;precision instrumentation;multi-sensor fusion;real-time control;physics-informed ML,"Outside fusion, shows the general digital-twin template -- physics-informed model + multiple existing real-time sensor streams + ML inference -- driving adaptive control in a precision-machining context without new sensor hardware, a directly transferable pattern for a GaN Hall-sensor digital twin in HSX.",Crossref API bibliographic query confirmed title/authors/journal/year/volume/DOI; independently re-verified at stage 10D by the merge session via the Crossref API (title/authors/venue/volume/year match),abstract_metadata,"Hybrid digital twin with acquisition, signal-preprocessing, feature-correlation, and adaptive-learning-control layers, validated on 36 real wire-EDM runs. [Provenance: C0050]"
S0208,"Shiogai, Fujiwara, Nojima & Tsukazaki, Commun. Mater. 2, 102 (2021)",Three-dimensional sensing of the magnetic-field vector by a compact planar-type Hall device,Junichi Shiogai; Kohei Fujiwara; Tsutomu Nojima; Atsushi Tsukazaki,2021,Communications Materials,10.1038/s43246-021-00206-2,https://doi.org/10.1038/s43246-021-00206-2,journal_article,verified_peer_reviewed,A,vector Hall sensor;single-point 3D sensing;planar Hall device,"A single compact planar Hall device recovers the full 3D field vector at one point -- direct architectural precedent for compressing a 2-3 axis probe into minimal die area, supporting novelty in compact multi-axis GaN probe geometry.",Crossref API works/<doi> lookup confirmed title/authors/container-title/volume/issue/article number.,abstract_metadata,Single planar Hall chip senses all 3 field components without stacking orthogonal sensors. [Provenance: C0051]
S0209,"Chen, Hong, Hsieh & Wang, Sensors 24(5), 1659 (2024)",Three-Axis Vector Magnetometer with a Three-Dimensional Flux Concentrator,Shih-Jui Chen; Der-Tai Hong; Ping-Hsun Hsieh; Tse-Kang Wang,2024,Sensors,10.3390/s24051659,https://doi.org/10.3390/s24051659,journal_article,verified_peer_reviewed,B,vector magnetometer;flux concentrator;PCB fluxgate;3-axis sensing,"A 3D flux-concentrator approach routes out-of-plane field into planar sensing elements -- an alternative no-new-fabrication packaging route to vector sensing, relevant to combining existing single-axis GaN Hall dies into a vector probe.",Crossref API works/<doi> lookup confirmed title/authors/volume/issue/article number.,abstract_metadata,Uses flux concentration onto planar cores built on PCB to achieve 3-axis sensing without stacking orthogonal chips. [Provenance: C0052]
S0210,"Di Rienzo & Zhang, IEEE Trans. Magn. 46(1), 53-58 (2010)",Spatial Harmonic Expansion for Use With Magnetic Sensor Arrays,L. Di Rienzo; Z. Zhang,2010,IEEE Transactions on Magnetics,10.1109/TMAG.2009.2027899,https://doi.org/10.1109/TMAG.2009.2027899,journal_article,verified_peer_reviewed,A,sensor array;current reconstruction;D-optimality placement;model-based validation,Rigorous model-based framework (spatial harmonic expansion + D-optimality/particle-swarm placement) for validating sensor-array geometry against a field model -- directly transferable methodology for justifying HSX vector-probe placement choices.,Crossref API works/<doi> lookup confirmed title/authors/volume/pages match (an initially search-reported DOI was found incorrect and replaced with this Crossref-verified one).,abstract_metadata,"Optimizes magnetic-sensor position/orientation via D-optimality theory and particle swarm optimization for AC current reconstruction, quantifying external-field-rejection improvement from optimized vs. naive placement. [Provenance: C0053]"
S0211,"Lau, Petkovic & Haueisen, Sensors 16(6), 754 (2016)",Optimal Magnetic Sensor Vests for Cardiac Source Imaging,Stephan Lau; Bojana Petkovic; Jens Haueisen,2016,Sensors,10.3390/s16060754,https://doi.org/10.3390/s16060754,journal_article,verified_peer_reviewed,B,sensor array placement;model-based validation;biomagnetic imaging;lead-field optimization,"A rigorous, model-driven (lead-field/D-optimality) sensor-placement optimization workflow for a magnetic sensor array against a physical source model -- transferable rigor template for validating 2-3 axis HSX probe placement against a Biot-Savart plasma-current model.",Crossref API works/<doi> lookup confirmed title/authors/volume/issue/article number.,abstract_metadata,Optimized 32 sensor positions/orientations against a 13-dipole cardiac source model; optimization improved lead-field matrix condition number by ~2 orders of magnitude vs. a regular array. [Provenance: C0054]
S0212,"Beltrachini, von Ellenrieder, Eichardt & Haueisen, Hum. Brain Mapp. 42(15), 4869-4879 (2021)",Optimal design of on-scalp electromagnetic sensor arrays for brain source localisation,Leandro Beltrachini; Nicolas von Ellenrieder; Roland Eichardt; Jens Haueisen,2021,Human Brain Mapping,10.1002/hbm.25586,https://doi.org/10.1002/hbm.25586,journal_article,verified_peer_reviewed,A,optimal sensor placement;array design;source localization;model-based validation,"General, well-cited methodology for optimal magnetic/electromagnetic sensor-array design validated against a forward physics model -- supports rigorous array-placement optimization (not new fabrication) as a valid novelty axis for the HSX vector probe.",Crossref API works/<doi> lookup confirmed title/authors/volume/issue/pages.,abstract_metadata,"Compares optimized on-scalp sensor layouts against uniform arrays for source-localization error reduction, reporting quantitative localization-error improvement. [Provenance: C0055]"
S0213,"Hu, Li, Song, Yang, Zhang & Meng, IEEE Sens. J. 10(5), 903-913 (2010)",A Cubic 3-Axis Magnetic Sensor Array for Wirelessly Tracking Magnet Position and Orientation,Chao Hu; Mao Li; Shuang Song; Wan'an Yang; Rui Zhang; Max Q.-H. Meng,2010,IEEE Sensors Journal,10.1109/JSEN.2009.2035711,https://doi.org/10.1109/JSEN.2009.2035711,journal_article,verified_peer_reviewed,A,sensor array;3-axis magnetometer;localization;inverse problem,Combines many 3-axis magnetometer elements into a cubic array to solve an inverse (source position/orientation) problem -- methodological analog for using a multi-axis HSX probe array to localize/characterize plasma current features.,Crossref API works/<doi> lookup confirmed title/authors/volume/issue/pages.,abstract_metadata,Cubic array of up to 36 three-axis sensor elements tracks a permanent magnet's 6-DOF pose; localization accuracy ~2 mm with a 4x4 tri-axial configuration. [Provenance: C0056]
S0214,"Zhou, Cai & Zhu, Sensors 24(12), 3773 (2024)",An Advanced Hall Element Array-Based Device for High-Resolution Magnetic Field Mapping,Tan Zhou; Jiangwei Cai; Xin Zhu,2024,Sensors,10.3390/s24123773,https://doi.org/10.3390/s24123773,journal_article,verified_peer_reviewed,B,Hall array;spatial field mapping;interpolation reconstruction,A dense Hall-element array reconstructs 2D/3D spatial field maps from many existing (unpackaged) Hall elements -- supports the 'array of existing sensor elements + reconstruction algorithm = novelty' argument for spatial field mapping around HSX.,"Crossref API works/<doi> lookup confirmed twice independently (bibliographic search and direct query, consistent results).",abstract_metadata,256 unpackaged GaAs Hall elements in a 16x16 matrix (1.2 mm pitch) with cubic-spline interpolation validated against reference magnet/steel-plate-defect samples. [Provenance: C0057]
S0215,"Lee, Lin, Kuo & Fu, Micromachines 12(3), 299 (2021)",Design and Application of MEMS-Based Hall Sensor Array for Magnetic Field Mapping,Chia-Yen Lee; Yu-Ying Lin; Chung-Kang Kuo; Lung-Ming Fu,2021,Micromachines,10.3390/mi12030299,https://doi.org/10.3390/mi12030299,journal_article,verified_peer_reviewed,B,MEMS Hall array;spatial field mapping;array fabrication and validation,"Another array-of-existing-Hall-elements-plus-mapping-algorithm precedent, reinforcing that spatial field-mapping systems built from standard Hall sensors (no new device physics) are an established, publishable class of contribution.",Crossref API bibliographic query returned an exact title/author/journal/DOI match.,abstract_metadata,"MEMS-based Hall sensor array with reported spatial mapping resolution, validated against known reference field sources. [Provenance: C0058]"
S0216,"Balogh et al., Ann. Geophys. 19, 1207-1217 (2001)",The Cluster Magnetic Field Investigation: overview of in-flight performance and initial results,A. Balogh; C. M. Carr; M. H. Acuna; M. W. Dunlop; T. J. Beek; P. Brown; K.-H. Fornacon; E. Georgescu; K.-H. Glassmeier; J. Harris; G. Musmann; T. Oddy; K. Schwingenschuh,2001,Annales Geophysicae,10.5194/angeo-19-1207-2001,https://doi.org/10.5194/angeo-19-1207-2001,journal_article,verified_peer_reviewed,A,multi-point vector magnetometer;curlometer;spatial gradient reconstruction,Establishes the multi-point tri-axial fluxgate constellation ('curlometer') method for reconstructing local current density/spatial gradients from a small number of vector magnetometers -- well-cited methodological analog for what a 2-3 axis HSX probe (or small probe set) can resolve spatially beyond a single-axis sensor.,Crossref API bibliographic search returned an exact title/author/journal/page/DOI match.,abstract_metadata,Four tri-axial fluxgate magnetometers enable the Curlometer technique to derive current-density vectors and discontinuity normals from finite-difference spatial gradients. [Provenance: C0059]
S0217,"Yu, Qian, Liu & Qu, Sensors 18(2), 578 (2018)",Circular Array of Magnetic Sensors for Current Measurement: Analysis for Error Caused by Position of Conductor,Hao Yu; Zheng Qian; Huayi Liu; Jiaqi Qu,2018,Sensors,10.3390/s18020578,https://doi.org/10.3390/s18020578,journal_article,verified_peer_reviewed,B,sensor array;current reconstruction;model-based error analysis;Biot-Savart-adjacent,"Rigorous, physics-model-based (field-superposition) error analysis of a magnetic sensor array's current-reconstruction accuracy versus conductor position -- template for quantitatively validating an HSX vector-probe's field-source reconstruction accuracy against a Biot-Savart plasma-current model.",Crossref API works/<doi> lookup confirmed title/authors/volume/issue/article number; cross-checked against PMC record.,abstract_metadata,Analytically and experimentally quantifies current-measurement error of a circular magnetic-sensor array as a function of conductor off-center displacement. [Provenance: C0060]
S0218,"Paun, Sallese & Kayal, J. Sens. Actuator Netw. 2(1), 85-97 (2013)","Hall Effect Sensors Design, Integration and Behavior Analysis",Maria-Alexandra Paun; Jean-Michel Sallese; Maher Kayal,2013,Journal of Sensor and Actuator Networks,10.3390/jsan2010085,https://doi.org/10.3390/jsan2010085,journal_article,verified_peer_reviewed,B,device-to-device statistics;Hall sensor;geometry;offset;sensitivity,Shows how offset and sensitivity vary across multiple integrated Hall-cell geometries fabricated together -- supports a geometry/process-driven device-to-device variability narrative relevant to a Hall sensor batch study.,Crossref API works/<doi> lookup.,abstract_metadata,"Eight different integrated Hall cells (varying shape, contact placement/length) characterized on-chip for Hall voltage, sensitivity, and offset using 3D physical simulation plus measurement. [Provenance: C0061]"
S0219,"Coisson, Diaz De Aguilar Rois, Alvarez Sanmamed, Molto Gonzalez, Power, Walsh & Larmour, Acta IMEKO 13(4), 1-6 (2024)",Traceability routes for magnetic measurements: filling the gap between the magnetism community and the European NMIs offering,Marco Coisson; Javier Diaz De Aguilar Rois; Yolanda Alvarez Sanmamed; Sergio Molto Gonzalez; Oliver Power; Robert Walsh; Orrie Larmour,2024,Acta IMEKO,10.21014/actaimeko.v13i4.1762,https://doi.org/10.21014/actaimeko.v13i4.1762,journal_article,verified_peer_reviewed,B,traceability;metrology;NMI;magnetic field calibration,"Describes concrete methodology and infrastructure (NMR-based primary standards, Helmholtz-coil references, NMI-mediated calibration transfer) for a non-NMI lab to obtain traceable magnetic-field calibration -- a roadmap for establishing formal traceability for the HSX Hall sensor's field calibration.",Crossref API works/<doi> lookup; independently re-verified at stage 10D by the merge session via the Crossref API (title/authors/venue/volume/year match),abstract_metadata,Reports on the EU TRaMM project transferring magnetic-measurement calibration expertise from national metrology institutes to end users lacking in-house primary-standard access. [10D correction] First author fixed from the lane's 'Coesson' to Coisson per the Crossref record (Marco Coïsson) fetched at 10D. [Provenance: C0062]
S0220,"Zhao, Zhang, Ai, Tian & Wang, Sensors 25(5), 1633 (2025)",Comparison of Guide to Expression of Uncertainty in Measurement and Monte Carlo Method for Evaluating Gauge Factor Calibration Test Uncertainty of High-Temperature Wire Strain Gauge,Yazhi Zhao; Fengling Zhang; Yanting Ai; Jing Tian; Zhi Wang,2025,Sensors,10.3390/s25051633,https://doi.org/10.3390/s25051633,journal_article,verified_peer_reviewed,B,GUM;Monte Carlo method;uncertainty analysis;metrology;sensor calibration,"A rigorous, formal GUM-vs-Monte-Carlo uncertainty-evaluation framework for a precision sensor calibration test -- directly reusable methodology for building a formal uncertainty budget for the GaN Hall sensor's calibration, addressing the 'no formal metrology' gap in the declined manuscript.",Crossref API works/<doi> lookup.,abstract_metadata,"Finds the Monte Carlo Method uncertainty interval closer to the true (asymmetric) distribution than the GUM-derived symmetric interval for gauge-factor calibration; a general precision-instrumentation metrology methods paper, not magnetic-sensor-specific. [Provenance: C0063]"
S0221,"Sekhar, Billey, Begay, Thomas, Woody & Soundappan, ECS Sensors Plus 3(4), 046401 (2024)",Sensor Reproducibility Analysis: Challenges and Potential Solutions,Praveen Kumar Sekhar; Wayant Billey; Makeiyla Begay; Bradley Thomas; Clarencia Woody; Thiagarajan Soundappan,2024,ECS Sensors Plus,10.1149/2754-2726/ad9936,https://doi.org/10.1149/2754-2726/ad9936,review_article,verified_peer_reviewed,B,reproducibility;sensor methodology;FAIR data;review,"A field-wide review diagnosing exactly the reproducibility gap flagged by the manuscript's reviewers (single-device, single-campaign results) and proposing concrete remedies (FAIR data practices, standardized reporting) that could be cited to frame a rigor-focused follow-up study.",Crossref API works/<doi> lookup.,abstract_metadata,Review article surveying reproducibility challenges across the sensor field broadly; recommends open-data/FAIR frameworks and editorial reproducibility standards for sensor publications. [Provenance: C0064]
S0222,"Bourgade et al., Rev. Sci. Instrum. 79(10), 10F304 (2008)",Diagnostic components in harsh radiation environments: Possible overlap in R&D requirements of inertial confinement and magnetic fusion systems,J. L. Bourgade; A. E. Costley; R. Reichle; E. R. Hodgson; W. Hsing; V. Glebov; M. Decreton; R. Leeper; J. L. Leray; M. Dentan; T. Hutter; A. Morono; D. Eder; W. Shmayda; B. Brichard; J. Baggio; L. Bertalot; G. Vayakis; M. Moran; T. C. Sangster; L. Vermeeren; C. Stoeckl; S. Girard; G. Pien,2008,Review of Scientific Instruments,10.1063/1.2972024,https://doi.org/10.1063/1.2972024,journal_article,verified_peer_reviewed,A,instrument qualification;harsh environment;fusion diagnostics;radiation hardening,"Establishes formal, published precedent that harsh-environment diagnostic-component qualification (radiation, thermal, EM) is itself a legitimate, citable research contribution in fusion instrumentation -- supports framing an HSX Hall sensor qualification/robustness study as rigorous, novel work.",Crossref API works/<doi> lookup.,abstract_metadata,Invited review identifying common R&D/qualification requirements shared between inertial confinement (Laser Megajoule) and magnetic-fusion diagnostic systems. [Provenance: C0065]
S0223,"Gatu Johnson, Schlossberg, Appelbe et al., Rev. Sci. Instrum. 95(9), 093533 (2024)",Learning from each other: Cross-cutting diagnostic development activities between magnetic and inertial confinement fusion (invited),M. Gatu Johnson; D. Schlossberg; B. Appelbe; J. Ball; M. Bitter; D. T. Casey; A. Celora; L. Ceurvorst; H. Chen; S. Conroy; A. Crilly; G. Croci; A. Dal Molin; L. Delgado-Aparicio; P. Efthimion; B. Eriksson; J. Eriksson; C. Forrest; C. Fry; J. Frenje; L. Gao; H. Geppert-Kleinrath; V. Geppert-Kleinrath; E. Gilson; P. V. Heuer; K. Hill; H. Khater; F. Kraus; F. Laggner; Y. Lawrence; S. Mackie; K. Meaney; A. Milder; A. Moore; M. Nocente; N. Pablant; E. Panontin; M. Rebai; B. Reichelt; M. Reinke; D. Rigamonti; J. S. Ross; M. Rubery; L. Russell; M. Tardocchi; R. A. Tinguely; C. Wink,2024,Review of Scientific Instruments,10.1063/5.0218498,https://doi.org/10.1063/5.0218498,journal_article,verified_peer_reviewed,A,instrument qualification;fusion diagnostics;radiation-hard technology;cross-validation,"Recent (2024) invited RSI paper legitimizing 'cross-cutting diagnostic development' (incl. hardware qualification and cross-validation practices) as a first-class publishable topic in fusion instrumentation, reinforcing that a rigor/qualification-focused paper fits current field expectations.",Crossref API works/<doi> lookup.,abstract_metadata,Large multi-institution invited review covering shared diagnostic-development practices across ICF and magnetic confinement fusion. [Provenance: C0066]
S0224,"Entler, Duran, Kocan & Vayakis, J. Instrum. 12(07), C07007 (2017)",Investigation of linearity of the ITER outer vessel steady-state magnetic field sensors at high temperature,S. Entler; I. Duran; M. Kocan; G. Vayakis,2017,Journal of Instrumentation,10.1088/1748-0221/12/07/c07007,https://doi.org/10.1088/1748-0221/12/07/c07007,journal_article,verified_peer_reviewed,A,instrument qualification;Hall sensor;linearity;high temperature;ITER,A concrete quantitative-qualification-metric precedent (linearity error vs. temperature) for Hall sensors intended for long-term fusion in-vessel deployment -- directly usable as a methodological template for characterizing the HSX Hall sensor's linearity/temperature behavior.,Crossref API works/<doi> lookup.,metadata_only,Investigates nonlinearity of the ITER outer-vessel steady-state magnetic-field Hall sensors as a function of temperature; part of the ITER Hall-sensor qualification campaign. [Provenance: C0067]
S0225,"Wang, Ji, Liang, Sun, Gao, Zhang, He & Chen, Fusion Eng. Des. 199, 114115 (2024)",Development of bismuth metallic hall sensors for the HL-2A tokamak magnetic measurements,A. Wang; X. Q. Ji; S. Y. Liang; T. F. Sun; J. M. Gao; J. Z. Zhang; M. Y. He; W. Chen,2024,Fusion Engineering and Design,10.1016/j.fusengdes.2023.114115,https://doi.org/10.1016/j.fusengdes.2023.114115,journal_article,verified_peer_reviewed,B,fusion diagnostics;Hall sensor;HL-2A;tokamak;bismuth;application context,"Independent (non-ITER/JET) tokamak group publishing a Hall-sensor deployment paper titled explicitly around one named machine's magnetic-measurement need -- companion precedent that naming the target device/application, not a new sensor topology, is the stated contribution.",Crossref API bibliographic match.,metadata_only,Title itself is the novelty anchor ('for the HL-2A tokamak magnetic measurements'); abstract text not independently retrieved this session. [Provenance: C0068]
S0226,"Sheikh, Simons, Duval, Fevrier, Moret, Allegrucci, Bernert, Crisinel, Tersztyanszky & Villinger, Rev. Sci. Instrum. 93(11), 113513 (2022)","RADCAM -- A radiation camera system combining foil bolometers, AXUV diodes, and filtered soft x-ray diodes",U. A. Sheikh; L. Simons; B. P. Duval; O. Fevrier; D. Moret; A. Allegrucci; M. Bernert; F. Crisinel; T. Tersztyanszky; O. Villinger,2022,Review of Scientific Instruments,10.1063/5.0095907,https://doi.org/10.1063/5.0095907,journal_article,verified_peer_reviewed,A,RSI;system integration;AXUV diode;bolometer;tokamak;TCV,"Strong direct precedent that system-integration is the novelty: published in RSI, the contribution is explicitly combining three pre-existing detector technologies into one integrated diagnostic system on TCV, not inventing a new detector.",Crossref API works/<doi> lookup (abstract field retrieved).,abstract_metadata,Abstract: the RADCAM system 'is demonstrated to provide high resolution profiles of the radiated power in TCV' -- novelty is system architecture/integration using established diode and bolometer technology. [Provenance: C0069]
S0227,"Eastwood et al., Space Sci. Rev. 221, 45 (2025)",In Flight Performance of the MAGIC Magnetoresistive Magnetometer on the RadCube CubeSat,J. P. Eastwood; P. Brown; T. Oddy; M. O. Archer; R. Baughen; I. Belo Ferreira; C. Cobo Torres; E. Cupido; H. Eshbaugh; C. Palla; A. Vitkova; C. L. Waters; B. Whiteside; B. Zabori; A. Hirn; D. Nolbert; D. Milankovich; Z. G. Kovacs; G. Santin; R. Walker,2025,Space Science Reviews,10.1007/s11214-025-01170-w,https://doi.org/10.1007/s11214-025-01170-w,journal_article,verified_peer_reviewed,A,space instrumentation;AMR magnetometer;CubeSat;first flight;in-flight validation,"Direct space-instrumentation analogue: novelty is the first in-flight validation/performance characterization of an established magnetometer technology (AMR) on a new platform (CubeSat), meeting an agency's requirements -- parallels validating an established Hall-sensor readout on a new device (HSX).",Crossref API works/<doi> lookup (abstract field retrieved); independently re-verified at stage 10D by the merge session via the Crossref API (title/authors/venue/volume/year match),abstract_metadata,"Abstract frames success as 'meeting ESA space weather magnetic field measurement requirements' -- novelty is requirement-driven flight qualification of existing sensor technology, not new sensor design. [Provenance: C0070]"
S0228,"Strabel, Regoli, Moldwin, Ojeda, Shi, Thoma, Narrett, Bronner & Pellioni, Geosci. Instrum. Methods Data Syst. 11, 375-388 (2022)",Quad-Mag board for CubeSat applications,B. P. Strabel; L. H. Regoli; M. B. Moldwin; L. V. Ojeda; Y. Shi; J. D. Thoma; I. S. Narrett; B. Bronner; M. Pellioni,2022,"Geoscientific Instrumentation, Methods and Data Systems",10.5194/gi-11-375-2022,https://doi.org/10.5194/gi-11-375-2022,journal_article,verified_peer_reviewed,A,space instrumentation;magnetometer;COTS sensor;CubeSat;system integration,Explicit 'commercial off-the-shelf sensors for space applications' framing -- a peer-reviewed instrumentation-methods journal treating integration/qualification of existing sensor chips into a new mission-capable board as the full contribution.,Crossref API works/<doi> lookup (abstract field retrieved).,abstract_metadata,"Abstract highlights 'nearly 1 nT magnetic field measurements at 1 Hz using commercial off-the-shelf sensors for space applications' -- novelty is the engineering integration/oversampling architecture, not a new magnetometer principle. [Provenance: C0071]"
S0229,"Schulz, Heinisch & Richter, Sensors 19(8), 1850 (2019)",Calibration of Off-the-Shelf Anisotropic Magnetoresistance Magnetometers,L. Schulz; P. Heinisch; I. Richter,2019,Sensors,10.3390/s19081850,https://doi.org/10.3390/s19081850,journal_article,verified_peer_reviewed,A,space instrumentation;AMR magnetometer;COTS sensor;calibration;application enablement,"States the point of the paper is enabling 'implementation in demanding fields of application (such as in satellites)' for a commercial, non-novel sensor -- a clean precedent for 'the paper's contribution is qualifying an existing sensor for a demanding application,' directly analogous to calibrating/deploying a known Hall-sensor concept in HSX.",PMC full text.,full_text,"Quoted novelty phrase: 'the performance of each sensor can be improved significantly, enabling their implementation in demanding fields of application (such as in satellites).' [Provenance: C0072]"
S0230,"Scholderle, Lipus, Pfrang, Reinsch, Haberer, Einsiedl & Zosseder, Geotherm. Energy 9, 21 (2021)",Monitoring cold water injections for reservoir characterization using a permanent fiber optic installation in a geothermal production well in the Southern German Molasse Basin,F. Scholderle; M. Lipus; D. Pfrang; T. Reinsch; S. Haberer; F. Einsiedl; K. Zosseder,2021,Geothermal Energy,10.1186/s40517-021-00204-0,https://doi.org/10.1186/s40517-021-00204-0,journal_article,verified_peer_reviewed,A,harsh environment;fiber optic sensing;DTS;DAS;geothermal;first deployment,Explicit 'for the first time' first-deployment-in-environment framing using an established sensing technology (fiber-optic DAS/DTS) in a new harsh well environment -- a clean cross-domain precedent for 'first deployment in a new environment' as the stated novelty.,Crossref API works/<doi> lookup (abstract field retrieved).,abstract_metadata,"Quoted: 'The technically challenging installation of a permanent fiber optic monitoring system in a geothermal production well over the entire wellbore length was conducted for the first time at the geothermal site Schaftlarnstrasse in Munich, Germany.' [Provenance: C0073]"
S0231,"Krylov et al., Sensors 21(12), 3979 (2021)",Ocean-Bottom Seismographs Based on Broadband MET Sensors: Architecture and Deployment Case Study in the Arctic,A. A. Krylov; I. V. Egorov; S. A. Kovachev; D. A. Ilinskiy; O. Yu. Ganzha; G. K. Timashkevich; K. A. Roginskiy; M. E. Kulikov; M. A. Novikov; V. N. Ivanov; E. A. Radiuk; D. D. Rukavishnikova; A. V. Neeshpapa; G. O. Velichko; L. I. Lobkovsky; I. P. Medvedev; I. P. Semiletov,2021,Sensors,10.3390/s21123979,https://doi.org/10.3390/s21123979,journal_article,verified_peer_reviewed,B,harsh environment;deep sea;MET sensor;seismometer;Arctic;deployment case study,"A deployment case study of established molecular-electronic-transfer sensor architecture in a new harsh environment (Arctic seafloor) is treated as the full journal contribution -- supports the argument that a well-characterized sensing principle applied to a new, hard-to-access environment is independently publishable.",Crossref API works/<doi> lookup (abstract field retrieved).,abstract_metadata,"Abstract frames the contribution as demonstrating pilot deployments of the ocean-bottom seismograph in the Laptev Sea (2018-2020), concluding the sensor architecture was suitable for high-quality records under Arctic conditions. [Provenance: C0074]"
