"source_id","citation","title","authors","year","venue","doi","url","source_type","peer_review_status","quality_tier","topic_tags","claims_supported","verification_basis","access_level","notes"
"R001","Duran et al., Rev. Sci. Instrum. 81 (2010) 10E122","Irradiation tests of ITER candidate Hall sensors using two types of neutron spectra","I. Duran; I. Bolshakova; L. Viererbl; J. Sentkerestiyova; R. Holyaka; Z. Lahodova; P. Bem","2010","Review of Scientific Instruments, vol. 81, issue 10, article 10E122","10.1063/1.3479115","https://doi.org/10.1063/1.3479115","journal_article","verified_peer_reviewed","A","direct_hall_neutron;fusion_qualification","species/spectrum: (1) fission-reactor spectrum with significant thermal-neutron component; (2) purely fast-neutron field, two separate facilities. fluence: ~1e16 n/cm^2 total, both facilities. fluence_rate/temperature/bias_state/annealing: not stated. device_material: InSb-based ITER-candidate Hall sensors. quantity_changed: sensitivity showed a significant drop under the thermal-inclusive fission spectrum; stable performance under the purely fast-neutron spectrum; magnitude not given numerically in the abstract. mechanism_stated (authors' inference): degradation attributed dominantly to transmutation (In/Sb thermal-neutron capture), not displacement damage. measurement_reference/uncertainty: not stated. reversibility: not measured/not reported.","DOI resolved via Crossref API confirming exact title/authors/journal/volume/issue/article number/publisher (AIP); cross-checked against PubMed record (PMID 21033987), verbatim abstract read there.","abstract_metadata","Required LITERATURE_SEEDS.md seed; DOI confirmed to resolve to exactly this paper. Full text paywalled."
"R002","Jankowski, Prokopowicz, Pytel & El-Ahmar, IEEE Trans. Nucl. Sci. 66 (2019) 926-931","Toward the Development of an InSb-Based Neutron-Resistant Hall Sensor","Jakub Jankowski; Rafal Prokopowicz; Krzysztof Pytel; Semir El-Ahmar","2019","IEEE Transactions on Nuclear Science, vol. 66, issue 6, pp. 926-931","10.1109/TNS.2019.2912720","https://doi.org/10.1109/TNS.2019.2912720","journal_article","verified_peer_reviewed","A","direct_hall_neutron;enabling_physics_iii_v","species/spectrum: two spectra compared -- (1) natural spectrum of a thermal-type fission reactor, (2) a purely fast-neutron field. fluence: sequential exposures 8.7e17 and 1.2e18 n/cm^2, total >2e18 n/cm^2. fluence_rate/temperature/bias_state: not stated. annealing: pre-irradiation thermal stabilization anneal used, plus post-irradiation heat treatments to distinguish neutron-induced from pre-existing defects. device_material: mono- and polycrystalline InSb thin-film Hall structures, initial n = 1e16-1e18 cm^-3. quantity_changed: electrical/Hall parameters vs thermal-neutron fluence; sensitivity drop tracked to the thermal-neutron/transmutation component of the spectrum rather than total fast fluence alone (consistent with R001's mechanism finding) -- exact % not obtained. measurement_reference/uncertainty: not stated. reversibility: partially addressed via post-irradiation anneal step, not fully quantified.","DOI and full bibliographic record confirmed via Crossref API (exact match). Abstract-level content from secondary aggregation; direct IEEE Xplore fetch blocked, so access recorded as abstract_metadata.","abstract_metadata","Independently found by two research passes (direct-Hall-neutron and III-V-enabling-physics domains) with consistent content -- merged into a single row per DOI-dedup policy."
"R003","El-Ahmar et al., Sensors 22 (2022) 5258","The Comparison of InSb-Based Thin Films and Graphene on SiC for Magnetic Diagnostics under Extreme Conditions","Semir El-Ahmar; Michal Przychodnia; Jakub Jankowski; Rafal Prokopowicz; Maciej Ziemba; Maciej J. Szary; Wojciech Reddig; Jakub Jagiello; Artur Dobrowolski; Tymoteusz Ciuk","2022","Sensors, vol. 22, issue 14, article 5258","10.3390/s22145258","https://www.mdpi.com/1424-8220/22/14/5258","journal_article","verified_peer_reviewed","A","direct_hall_neutron;fusion_qualification;temperature_radiation_interaction","species/spectrum: fast-neutron irradiation, MARIA research reactor (Poland). fluence: 6.6-7.0e17 n/cm^2 (+/-5%). temperature: sample ~200C (container held 130+/-20C). bias_state: not specified. device_material: (a) 9 InSb thin-film Hall samples spanning doping range, (b) 1 graphene-on-SiC Hall sample. quantity_changed: InSb -- mobility decreased 75-90% (avg 83%) across 9 samples; carrier density direction doping-dependent (increase below n=3.7e17 cm^-3, decrease above; sample I5 changed -22%). Graphene-on-SiC -- mobility decreased 43% (900->500 cm^2/V-s); sheet carrier density decreased 39% (1.7e13->1.0e13 cm^-2). measurement_reference/uncertainty: fluence +/-5%; other uncertainties not stated. reversibility: not measured.","Fetched and read open-access PMC full-text mirror (PMC9321318), structured results table.","full_text","Strongest, most granular direct-neutron Hall dataset found; distinguishes InSb semiconductor response from graphene 2D-material response under identical exposure."
"R004","El-Ahmar et al., Appl. Surf. Sci. 590 (2022) 152992","Graphene on SiC as a promising platform for magnetic field detection under neutron irradiation","Semir El-Ahmar; Maciej J. Szary; Tymoteusz Ciuk; Rafal Prokopowicz; Artur Dobrowolski; Jakub Jagiello; Maciej Ziemba","2022","Applied Surface Science, vol. 590, article 152992","10.1016/j.apsusc.2022.152992","https://doi.org/10.1016/j.apsusc.2022.152992","journal_article","verified_peer_reviewed","B","direct_hall_neutron;fusion_qualification;temperature_radiation_interaction","species/spectrum: MARIA research reactor (NCBJ, Poland) neutron field. fluence: ~1e17 n/cm^2 over >120 h (secondary-source figure, not independently confirmed against primary abstract). temperature: not stated during exposure; post-irradiation anneal studied 100-350C. device_material: hydrogen-intercalated quasi-free-standing graphene on 4H-SiC(0001), Al2O3-passivated. quantity_changed: estimated defect density ~4e10 cm^-2 post-irradiation; carrier density decreased; magnetic-field sensitivity reported preserved. reversibility: partial -- hydrogen-intercalation damage self-heals via H diffusion above ~200C, but most graphene-lattice structural damage persisted (not annealed out).","DOI/authors/journal/volume/article number confirmed via Crossref API. Content from NCBJ institutional press release plus secondary aggregation; ScienceDirect blocked (403), not independently read.","abstract_metadata","First reported direct experimental (non-simulated) neutron test of graphene-on-SiC for magnetic sensing per authors. Fluence figure is lower-confidence (press release, not publisher abstract)."
"R005","Bolshakova et al., IEEE Trans. Nucl. Sci. 59 (2012) 1224-1231","Magnetic Measuring Instrumentation With Radiation-Resistant Hall Sensors for Fusion Reactors: Experience of Testing at JET","I. Bolshakova; A. Quercia; V. Coccorese; A. Murari; R. Holyaka; I. Duran; L. Viererbl; R. Konopleva; V. Yerashok","2012","IEEE Transactions on Nuclear Science, vol. 59, issue 4, pp. 1224-1231","10.1109/TNS.2012.2188816","https://doi.org/10.1109/TNS.2012.2188816","journal_article","verified_peer_reviewed","A","direct_hall_neutron;fusion_qualification","species/spectrum: (a) in-situ ex-vessel operation on JET during a deuterium campaign (mixed neutron/gamma); (b) supplementary tests at nuclear research reactors under ITER-relevant conditions, explicitly because ex-vessel neutron flux is much larger on ITER than achievable on JET. fluence/rate/temperature/bias/annealing: not stated in accessible material. device_material: radiation-resistant InSb-based Hall sensors packaged as ex-vessel magnetic measuring instrumentation. quantity_changed: not quantified numerically in accessible material -- reports operational performance/principles and JET application results.","DOI and bibliographic record confirmed via Crossref API. Abstract synthesized from secondary listings; direct fetch of IEEE Xplore/Semantic Scholar returned empty; a password-protected preprint (EFDP11054) was located but unreadable.","abstract_metadata","Distinct DOI from excluded IEEE Trans. Magn. paper (10.1109/TMAG.2012.2196986). Numeric fluence/sensitivity figures could not be verified -- left as not stated rather than inferred from companion papers. DUPLICATE of this mission's own evidence/10A_HYBRID_SOURCES.csv row H007 (same DOI, independently found by the hybrid lane) -- do not double-count at final-ledger-merge stage; radiation-lane framing here treats it as direct_hall_neutron fusion-qualification evidence, hybrid lane framed it under direct_hybrid/coil_or_integrator."
"R006","Bolshakova et al., Phys. Solid State 56 (2014) 157-160","Application of reactor neutrons to the investigation of the radiation resistance of semiconductor materials of Group III-V and sensors","I. A. Bolshakova; S. A. Kulikov; R. F. Konopleva; V. A. Chekanov; I. S. Vasilevskii; F. M. Shurygin; E. Yu. Makido; I. Duran; A. P. Moroz; A. P. Shtabalyuk","2014","Physics of the Solid State, vol. 56, issue 1, pp. 157-160","10.1134/S1063783414010089","https://link.springer.com/article/10.1134/S1063783414010089","journal_article","verified_peer_reviewed","B","direct_hall_neutron;fusion_qualification","species/spectrum: reactor neutrons (facility not independently confirmed; co-author overlap with LVR-15/IBR-2 work in R001/R005). device_material: Group III-V semiconductors -- InSb, InAs, InAs_xSb_(1-x) solid solutions used in magnetic sensors for thermonuclear-reactor magnetomeasuring systems. quantity_changed: neutron irradiation forms structural defects altering carrier concentration, mobility, and resistance, determined via conductivity and Hall-effect measurement under applied field; specific magnitude/direction not obtainable. fluence/temperature/bias/annealing: not stated.","DOI and bibliographic record confirmed via Crossref API. Content from secondary synthesis; Springer page redirected to a paywall, not independently read.","abstract_metadata","Same core author/collaboration group as R001; likely an overlapping campaign written for a materials-physics audience. Thin numeric detail -- flagged for full-text follow-up before quantitative use."
"R007","Biggeri, Borchi, Bruzzi & Lazanu, Nucl. Instrum. Methods A 360 (1995) 131-133","Hall effect analysis on neutron irradiated high resistivity silicon","U. Biggeri; E. Borchi; M. Bruzzi; S. Lazanu","1995","Nuclear Instruments and Methods in Physics Research Section A, vol. 360, pp. 131-133","10.1016/0168-9002(94)01710-7","https://www.sciencedirect.com/science/article/abs/pii/0168900294017107","journal_article","verified_peer_reviewed","C","direct_hall_neutron","species/spectrum: fast neutrons, reactor-channel irradiation (facility not confirmed). device_material: bulk high-resistivity n-type silicon (detector-grade, not a packaged magnetic-field sensor); passive bulk characterization, not biased. quantity_changed: Hall coefficient and resistivity vs fluence; authors model fluence dependence via shallow-donor removal and deep-center creation to extract initial dopant concentration and donor/acceptor modification parameters. fluence/temperature/bias/annealing: not confirmed for this specific paper -- deliberately not attributed from other papers by the same group to avoid conflation.","DOI and bibliographic record confirmed via Crossref API. Content from secondary synthesis of citing literature; ScienceDirect blocked (403), not independently read.","abstract_metadata","Bulk radiation-detector-grade Si (RD48/particle-physics context), not a packaged Hall sensor -- included because Si is an explicitly named candidate material and this is a genuine direct-neutron Hall-effect measurement paper, but materially different in purpose from the fusion Hall-probe papers above; not tagged fusion_qualification."
"R008","Wang & Yang, Nucl. Instrum. Methods B 266 (2008) 3583-3587","Effects of irradiation with gamma and beta rays on semiconductor Hall effect devices","Jun Wang; Wei Yang","2008","Nuclear Instruments and Methods in Physics Research Section B, vol. 266, issue 16, pp. 3583-3587","10.1016/j.nimb.2008.06.017","https://doi.org/10.1016/j.nimb.2008.06.017","journal_article","verified_peer_reviewed","B","direct_hall_gamma","species: gamma rays and beta rays, two separate short-duration low-dose-rate exposures (isotope/energy not confirmed). dose/dose_rate: not stated numerically; qualitatively 'low dose rate'. temperature/bias_state: not stated. device_material: InSb, GaAs, Si, and Ge Hall devices compared side by side. quantity_changed: input resistance (no field) increases approximately linearly with irradiation time under both gamma and beta; with field applied, output Hall voltage and input resistance increase nonlinearly under gamma; Ge and Si reported more radiation-resistant than InSb and GaAs, attributed to larger displacement threshold energy. reversibility: effects reported to persist after irradiation ends, no annealing/recovery observed -- persistent.","Bibliographic record confirmed via Crossref and Semantic Scholar APIs (DOI match, abstract elided by publisher). ScienceDirect/ResearchGate blocked (403); findings from secondary aggregation.","metadata_only","Gamma and beta results reported distinctly by the source but per-species magnitudes not independently verified -- do not merge numerically."
"R009","Karlova & Gradoboev, 2013 Int. Siberian Conf. on Control and Communications (SIBCON), pp. 1-3","Radiation characteristics of hall-sensor on the base of gallium arsenide","G. F. Karlova; A. V. Gradoboev","2013","2013 International Siberian Conference on Control and Communications (SIBCON), pp. 1-3","10.1109/SIBCON.2013.6693581","https://doi.org/10.1109/SIBCON.2013.6693581","conference_paper","verified_peer_reviewed","C","direct_hall_gamma","species: Co-60 gamma quanta. dose: qualitative -- stabilizing effect near (8-10)e3 Gy cumulative, destroying/degrading effect above that threshold; exact steps beyond not confirmed. dose_rate: not stated. temperature: room temperature. bias_state: passive, no electrical bias during irradiation. device_material: GaAs Hall sensors by three fabrication routes -- vapor-phase epitaxy (VPE), molecular beam epitaxy (MBE), ion implantation. quantity_changed: I-V characteristics and noise spectral density measured before/after; per-method magnitudes not separately quantified beyond the stabilizing/destroying threshold. reversibility: not stated.","Bibliographic record confirmed via Crossref API. IEEE Xplore abstract not directly retrievable; content from secondary aggregation.","metadata_only","Same author group and apparent campaign as R010 (IOP Conf. Ser. 2015) -- distinct DOI/venue, kept as a separate row per dedup rule, but likely the same underlying dataset, not an independent replication."
"R010","Gradoboev & Karlova, IOP Conf. Ser.: Mater. Sci. Eng. 81 (2015) 012027","Stability of the GaAs based Hall sensors irradiated by gamma quanta","A. V. Gradoboev; G. F. Karlova","2015","IOP Conference Series: Materials Science and Engineering, vol. 81, article 012027","10.1088/1757-899X/81/1/012027","https://doi.org/10.1088/1757-899X/81/1/012027","conference_paper","verified_peer_reviewed","B","direct_hall_gamma","species: Co-60 gamma quanta. dose: not given as a single number; low-dose stabilizing vs high-dose degrading regime (same order as R009, ~(8-10)e3 Gy, not re-confirmed here). temperature: room temperature. bias_state: explicitly passive -- 'without imposition of an electrical bias' (direct quote). device_material: GaAs Hall sensors (VPE, MBE, ion implantation). quantity_changed: I-V characteristics degraded at high dose; electron mobility/concentration measured via Van der Pauw; noise spectral density increased at high dose; VPE structures showed periodic relaxation processes hypothesized to be deep-level-center related. reversibility: relaxation processes over time discussed but reversible-vs-permanent not explicitly stated.","Bibliographic record confirmed via Crossref. Abstract text (incl. the bias-state quote) read directly from the IOPscience article page.","abstract_metadata","Companion/expanded report of the same Co-60/GaAs campaign as R009. IOP Conf. Ser.: Mater. Sci. Eng. has variable peer-review rigor by sponsoring conference -- scored B rather than A despite detailed quantitative content."
"R011","Li, Zhang, Yin & Chen, IEEE Trans. Nucl. Sci. 71 (2024) 888-894","Design and Implementation of a High-Voltage Radiation-Hard Hall Switch Sensor","Guofeng Li; Shuo Zhang; Longjing Yin; Zhuojun Chen","2024","IEEE Transactions on Nuclear Science, vol. 71, issue 4, pp. 888-894","10.1109/TNS.2024.3362999","https://doi.org/10.1109/TNS.2024.3362999","journal_article","verified_peer_reviewed","A","direct_hall_gamma","species: total ionizing dose (TID) testing; gamma source not confirmed (e.g. Co-60 typical but unconfirmed). dose: device demonstrated to withstand TID to 100 krad(Si) (pass/fail limit vs max tested level not disambiguated). dose_rate/temperature/bias_state: not stated for the TID portion. device_material: 28-V Hall switch sensor IC, 0.35 micron BCD process, radiation-hardened by design (dual-path correlated-double-sampling, narrow pulse filters at sensitive nodes, hardened LDMOS). quantity_changed: device tolerates TID to 100 krad(Si); separately tolerates SEB and SEU/SET behavior under pulsed-laser irradiation at 1600 pJ (distinct, non-gamma mechanism, not merged with the TID finding). reversibility: not stated.","Bibliographic record confirmed via Crossref API. Abstract text (100 krad(Si), CDS hardening, NPFs, LDMOS, 1600 pJ) retrieved directly via Semantic Scholar API abstract field.","abstract_metadata","Most recent (2024) integrated radiation-hard Hall-IC design paper found; complements R011's context papers R018/R019 as evidence TID qualification of Hall ICs is an active literature. Exact TID source/dose-rate/methodology should be confirmed from full text before precise numeric citation."
"R012","Abderrahmane et al., Applied Physics Letters 102 (2013) 193510","Effect of proton irradiation on AlGaN/GaN micro-Hall sensors","A. Abderrahmane; S. Koide; H. Okada; H. Takahashi; S. Sato; T. Ohshima; A. Sandhu","2013","Applied Physics Letters, vol. 102, article 193510","10.1063/1.4805357","https://doi.org/10.1063/1.4805357","journal_article","verified_peer_reviewed","A","direct_hall_proton_electron_heavyion;temperature_radiation_interaction","species: protons, ~380 keV (converging secondary summaries, not independently read from primary abstract). fluence: reported range 1e13-1e16 p/cm^2 across sources, exact single-run values not confirmed. dose_rate/temperature_during/bias_state: not stated. device_material: AlGaN/GaN heterostructure (2DEG) micro-Hall sensor. quantity_changed: electron mobility and sheet electron density 'only slightly affected' at ~1e13 cm^-2 per secondary summaries; degradation reported at higher fluence, direction/magnitude not independently confirmed. reversibility: addressed in the 2014 follow-up (R013, partial recovery via annealing), implying persistent absent annealing -- inferred, not directly read here.","Bibliographic record (title, authors, journal, volume, article number, year, publisher) confirmed directly via Crossref API. This is the required LITERATURE_SEEDS.md seed; DOI confirmed to resolve to exactly this paper. AIP publisher page returned HTTP 403; quantitative conditions from converging secondary summaries only, not read directly.","metadata_only","SEED PAPER -- bibliographic identity solid; quantitative claims (energy, fluence, magnitude) are secondary-source-derived and flagged as inferred/unconfirmed pending full-text access."
"R013","Abderrahmane et al., Applied Physics Letters 104 (2014) 023508","Partial recovery of the magnetoelectrical properties of AlGaN/GaN-based micro-Hall sensors irradiated with protons","A. Abderrahmane; T. Tashiro; H. Takahashi; P. J. Ko; H. Okada; S. Sato; T. Ohshima; A. Sandhu","2014","Applied Physics Letters, vol. 104, article 023508","10.1063/1.4861902","https://doi.org/10.1063/1.4861902","journal_article","verified_peer_reviewed","A","direct_hall_proton_electron_heavyion;temperature_radiation_interaction","species: protons, ~380 keV per secondary summaries, 'very high' fluences not independently confirmed. temperature_during/bias_state: not stated. device_material: AlGaN/GaN micro-Hall sensor, same platform as R012. quantity_changed: post-irradiation thermal annealing reported to recover electron mobility, decrease sheet resistance, and enhance magnetic sensitivity, with trap removal/improved crystal quality (Raman) per secondary summaries. reversibility: explicitly PARTIAL recovery via annealing -- proton-induced degradation is partially, not fully, reversible; anneal temperature/duration not independently confirmed.","Bibliographic record confirmed directly via Crossref API: exact title, full author list, journal, volume, article number, year. Direct sequel to R012, same author group/platform. AIP page blocked (403); content from secondary summaries.","metadata_only","Directly relevant to the identifiability/compensation question: reports an annealing (temperature) recovery pathway for proton-induced Hall degradation -- a candidate mechanism-specific compensation datum."
"R014","Abderrahmane, Ko, Okada, Sato, Ohshima & Sandhu, IEEE Electron Device Letters 35 (2014) 1130-1132","Proton Irradiation Enhancement of Low-Field Negative Magnetoresistance Sensitivity of AlGaN/GaN-Based Magnetic Sensor at Cryogenic Temperature","Abdelkader Abderrahmane; Pil Ju Ko; Hiroshi Okada; Shin-Ichiro Sato; Takeshi Ohshima; Adarsh Sandhu","2014","IEEE Electron Device Letters, vol. 35, issue 11, pp. 1130-1132","10.1109/LED.2014.2358613","https://doi.org/10.1109/LED.2014.2358613","journal_article","verified_peer_reviewed","B","direct_hall_proton_electron_heavyion;temperature_radiation_interaction","species: protons; energy/fluence not independently confirmed (paywalled). temperature_during_test: explicitly cryogenic per title, exact value not confirmed. bias_state: not stated. device_material: AlGaN/GaN-based magnetic (Hall/magnetoresistance) sensor. quantity_changed: title states proton irradiation ENHANCES low-field negative magnetoresistance sensitivity at cryogenic temperature (direction given in title); exact magnitude/fluence dependence not independently confirmed (IEEE Xplore blocked). reversibility: not stated.","Bibliographic record confirmed directly via Crossref API: exact title, full author list, journal, volume, issue, pages, year. IEEE Xplore blocked (403); no full-text/abstract read.","metadata_only","Same author group as R012/R013, extending the proton-irradiation Hall/magnetoresistance line of work to cryogenic operating temperature -- directly relevant to temperature-radiation interaction in the calibration model."
"R015","Abderrahmane et al., AIP Conference Proceedings 1585 (2014) 123-127","Effect of annealing on proton irradiated AlGaN/GaN based micro-Hall sensors","A. Abderrahmane; H. Takahashi; T. Tashiro; P. J. Ko; H. Okada; S. Sato; T. Ohshima; A. Sandhu","2014","AIP Conference Proceedings, vol. 1585, pp. 123-127","10.1063/1.4866629","https://doi.org/10.1063/1.4866629","conference_paper","peer_review_uncertain","C","direct_hall_proton_electron_heavyion;temperature_radiation_interaction","species: proton (380 keV per group's standard protocol elsewhere, not independently confirmed for this specific paper). device_material: AlGaN/GaN micro-Hall sensor. quantity_changed: title indicates annealing effects on proton-irradiated micro-Hall sensors, consistent with R013's 'partial recovery' result; exact magnitudes not independently confirmed. reversibility: entire subject is thermal (annealing) reversibility of proton damage.","Bibliographic record (title, full author list, venue, volume, pages, year, Crossref type 'proceedings-article') confirmed directly via Crossref API. No abstract or full text read.","metadata_only","AIP Conference Proceedings entries receive lighter editorial review than a full AIP journal article -- marked peer_review_uncertain rather than verified. Likely a proceedings companion/expanded version of R013 from the same group -- treat as low-independence evidence relative to R013."
"R016","Abderrahmane, Koide, Tahara, Sato, Ohshima, Okada & Sandhu, J. Phys.: Conf. Ser. 433 (2013) 012011","Effect of Proton Irradiation on 2DEG in AlGaN/GaN Heterostructures","A. Abderrahmane; S. Koide; T. Tahara; S. Sato; T. Ohshima; H. Okada; A. Sandhu","2013","Journal of Physics: Conference Series, vol. 433, article 012011","10.1088/1742-6596/433/1/012011","https://doi.org/10.1088/1742-6596/433/1/012011","conference_paper","peer_review_uncertain","C","direct_hall_proton_electron_heavyion","species: proton; energy/fluence not independently confirmed. device_material: AlGaN/GaN heterostructure 2DEG, characterized via Hall-effect (Hall-bar/van der Pauw) measurement -- same platform as the group's micro-Hall-sensor papers but framed as materials/2DEG-transport physics. quantity_changed/temperature/bias/annealing: not independently confirmed (title only).","Bibliographic record confirmed directly via Crossref API: exact title, full author list, journal, volume, page, year. No abstract or full text read.","metadata_only","IOP Conference Series papers typically receive conference-presentation review rather than full independent journal peer review -- marked peer_review_uncertain. Framed as 2DEG transport-physics evidence (enabling/mechanistic) rather than device-level sensor performance."
"R017","Bando, Ohashi, Dede, Akram, Oral, Park, Shibasaki, Handa & Sandhu, J. Appl. Phys. 105 (2009) 07E909","High sensitivity and multifunctional micro-Hall sensors fabricated using InAlSb/InAsSb/InAlSb heterostructures","M. Bando; T. Ohashi; M. Dede; R. Akram; A. Oral; S. Y. Park; I. Shibasaki; H. Handa; A. Sandhu","2009","Journal of Applied Physics, vol. 105, article 07E909","10.1063/1.3074513","https://doi.org/10.1063/1.3074513","journal_article","verified_peer_reviewed","B","direct_hall_proton_electron_heavyion","species: protons, 380 keV (consistent across secondary summaries, not independently read). fluence: reported range 1e11-1e16 p/cm^2, magnetic-sensitivity degradation reported to begin ~1e13 p/cm^2, sensors still operable at 1e16 p/cm^2 per secondary summaries. temperature/bias_during: not stated. device_material: AlInSb/InAsSb/AlInSb (InAsSb quantum-well) micro-Hall sensor, 30 nm InAsSb channel; as-fabricated room-temperature mobility ~36,500 cm^2/V-s, sheet carrier density ~2.5e11 cm^-2 (per secondary summary). quantity_changed: proton-induced defects/deep levels decrease mobility and degrade magnetic sensitivity with increasing fluence; exact magnitudes and sheet-carrier-density-change direction not independently confirmed. reversibility/annealing: not stated.","Bibliographic record confirmed directly via Crossref API. AIP page and a repository PDF mirror both failed (403/400); quantitative claims from converging secondary summaries only.","metadata_only","A separately-titled item ('High Proton Radiation Tolerance of InAsSb Quantum-Well-Based micro-Hall Sensors') circulates on academia.edu with matching fluence figures; no distinct peer-reviewed DOI could be confirmed for it, so treated as the same underlying dataset as this JAP paper rather than a second row."
"R018","Adamiec, Barbero, Cordero, Dainesi & Steiner, IEEE Trans. Nucl. Sci. 63 (2016) 2971-2978","Radiation Hard Contactless Angular Position Sensor Based on Hall Effect","Pawel Adamiec; Juan Barbero; Enrique Cordero; Paolo Dainesi; Nicolas Steiner","2016","IEEE Transactions on Nuclear Science, vol. 63, issue 6, pp. 2971-2978","10.1109/TNS.2016.2615888","https://doi.org/10.1109/TNS.2016.2615888","journal_article","verified_peer_reviewed","A","direct_hall_proton_electron_heavyion;direct_hall_gamma;temperature_radiation_interaction","TWO DISTINCT EXPOSURES, kept separate: (1) HEAVY-ION SEE testing up to LET=67.7 MeV*cm^2/mg -- no single-event latch-up (SEL) or single-event transient (SET) observed at that LET; species/facility, fluence, dose_rate, temperature not stated; bias present per standard SEE protocol, exact level not confirmed. (2) GAMMA/TID testing (source/energy not confirmed) -- device resistant to gamma radiation, supply current increase <=1% of initial value; SPI/analog output errors observed but recovered to initial values after high-temperature annealing (reversible). device_material (both): commercial contactless Hall-effect angular position sensor IC (packaged device, not a bare Hall element). Proton SEE testing not confirmed as part of this study -- not stated.","Bibliographic record confirmed directly via Crossref API. ResearchGate/IEEE abstract pages blocked (403); quantitative claims (67.7 MeV*cm^2/mg, <=1% current shift) from converging secondary summaries.","metadata_only","Independently found by two research passes (proton/electron/heavy-ion domain and gamma/TID domain) with consistent content -- merged into one row, dual-tagged per SOURCE_POLICY species-separation rule (the two exposure types must not be numerically merged, only co-listed)."
"R019","Sanders, Kim & Phan, 2008 IEEE Radiation Effects Data Workshop, pp. 148-151","TID and SEE Response of Optek Hall Effect Sensors","A. B. Sanders; H. S. Kim; A. Phan","2008","2008 IEEE Radiation Effects Data Workshop (REDW), Tucson, AZ, pp. 148-151","10.1109/REDW.2008.33","https://doi.org/10.1109/REDW.2008.33","conference_paper","verified_peer_reviewed","B","direct_hall_gamma;direct_hall_proton_electron_heavyion","TWO DISTINCT TEST CAMPAIGNS reported by title, species not fully confirmed for either: (1) TID testing -- gamma source not independently confirmed (Co-60 is standard REDW practice but not confirmed for this paper); one secondary summary states all tested parameters were within limits up to 40 krad(Si). (2) SEE testing -- particle species (proton and/or heavy ion) could NOT be confirmed from any accessible source; REDW SEE methodology conventionally uses particle-beam irradiation, but this is an inference about conventional practice, not a confirmed fact about this specific paper. device_material: Optek commercial Hall-effect sensor IC intended for deep-space missions. dose/fluence/temperature/bias/annealing: not stated beyond the 40 krad(Si) TID figure.","Bibliographic record confirmed directly via Crossref API; page range from a secondary conference-index source. IEEE Xplore full text not accessible (paywalled).","metadata_only","Independently found by two research passes (gamma/TID and proton/electron/heavy-ion domains) -- merged into one row, dual-tagged. IMPORTANT CAVEAT: SEE-portion particle species is genuinely unconfirmed (not merely unread) -- if species cannot later be confirmed via full text, the SEE half should be treated as uncertain-species rather than confirmed proton/heavy-ion evidence."
"R020","Mekys, Rumbauskas, Storasta, Makarenko & Vaitkus, Nucl. Instrum. Methods B 338 (2014) 95-100","Defect analysis in fast electron irradiated silicon by Hall and magnetoresistivity means","Algirdas Mekys; Vytautas Rumbauskas; Jurgis Storasta; Leonid Makarenko; Juozas Vidmantis Vaitkus","2014","Nuclear Instruments and Methods in Physics Research Section B, vol. 338, pp. 95-100","10.1016/j.nimb.2014.08.007","https://doi.org/10.1016/j.nimb.2014.08.007","journal_article","verified_peer_reviewed","B","direct_hall_proton_electron_heavyion","species: electrons, ~6.6 MeV per secondary summary, not independently read from primary text. fluence: not independently confirmed for this exact paper. device_material: p- and n-type silicon, measured by Hall effect and magnetoresistivity (materials-characterization Hall-bar/van der Pauw structures, not a packaged commercial sensor). quantity_changed: defect analysis via Hall/magnetoresistivity technique; specific carrier-concentration/mobility magnitudes not independently confirmed. temperature/bias/annealing: not stated.","Bibliographic record confirmed directly via Crossref API. ScienceDirect abstract not fetched directly; quantitative details from secondary summary only.","metadata_only","Direct experimental electron-irradiation study using Hall-effect measurement on silicon; included under the Si material clause even though the device is a characterization structure rather than a marketed sensor."
"R021","Mekys, Makarenko, Vaitekonis & Vaitkus, Materials Science in Semiconductor Processing 200 (2025) 109926","Hall and magnetoresistivity measurements in high energy electron irradiated p-type silicon","Algirdas Mekys; Leonid Makarenko; Sarunas Vaitekonis; Juozas V. Vaitkus","2025","Materials Science in Semiconductor Processing, vol. 200, article 109926","10.1016/j.mssp.2025.109926","https://doi.org/10.1016/j.mssp.2025.109926","journal_article","verified_peer_reviewed","B","direct_hall_proton_electron_heavyion","species: electrons, 'high energy' per title, specific MeV not independently confirmed. device_material: p-type silicon, Hall-effect and magnetoresistivity measurement structures. quantity_changed: not independently confirmed beyond stated method (Hall/magnetoresistivity-based defect/carrier characterization). fluence/temperature/bias/annealing: not stated. Explicitly references and builds on R020 (same lead authors).","Bibliographic record confirmed directly via Crossref API. Abstract/full text not directly read; framing as a follow-on to R020 corroborated by secondary summary.","metadata_only","Very recent (2025) direct electron-irradiation Hall-effect measurement study, same Lithuanian author group as R020 -- distinct DOI/title, not a duplicate."
"R022","Greenlee et al., Applied Physics Letters 107 (2015) 083504","Degradation mechanisms of 2 MeV proton irradiated AlGaN/GaN HEMTs","Jordan D. Greenlee; Petra Specht; Travis J. Anderson; Alan G. Baca; Boris N. Feygelson; Karl D. Hobart; Fritz J. Kub; Eugene A. Fitzgerald","2015","Applied Physics Letters, vol. 107, issue 8, article 083504","10.1063/1.4929583","https://doi.org/10.1063/1.4929583","journal_article","verified_peer_reviewed","A","enabling_physics_wbg","species: protons, 2 MeV monoenergetic. fluence: 6e14 H+/cm^2; dose_rate not stated. temperature/bias_state during exposure: not stated. annealing: not measured (no anneal/recovery study reported). device_material: AlGaN/GaN HEMT (AlGaN barrier/GaN channel heterostructure). quantity_changed: electron mobility decreased 28.9%; 2DEG sheet carrier density decreased 12.1%; ON-resistance degraded; AlGaN/GaN interface broadened by 2.2 nm (EDS-measured Al interdiffusion/surface roughening), correlated to the electrical degradation. measurement_reference: EDS, TEM, Monte Carlo damage simulation, Hall-effect electrical measurements. reversibility: not measured.","Crossref DOI-record direct lookup returned full abstract text confirming title/authors/journal/volume/issue/article number/year and the exact quantitative figures (28.9%, 12.1%, 6e14 H+/cm^2, 2 MeV, 2.2 nm), quoted directly from the Crossref-hosted abstract.","abstract_metadata","Direct primary irradiation data (not simulation). Strong enabling-physics comparator for the user's own AlGaN/GaN 2DEG Hall-plate device family -- mobility/carrier-density degradation directly relevant to Hall sensitivity (S_H) drift under proton exposure."
"R023","Kalavagunta, Touboul, Shen, Zhao, Reed, Fleetwood, Jain & Mishra, IEEE Trans. Nucl. Sci. 55 (2008) 2106-2112","Electrostatic Mechanisms Responsible for Device Degradation in Proton Irradiated AlGaN/AlN/GaN HEMTs","A. Kalavagunta; A. Touboul; L. Shen; Peixiong Zhao; R. A. Reed; D. M. Fleetwood; R. K. Jain; U. K. Mishra","2008","IEEE Transactions on Nuclear Science, vol. 55, issue 4, pp. 2106-2112","10.1109/tns.2008.2001705","https://doi.org/10.1109/tns.2008.2001705","journal_article","verified_peer_reviewed","A","enabling_physics_wbg","species: protons, 1.8 MeV. fluence: up to 3e15 cm^-2; dose_rate not stated. temperature/bias_state/annealing: not stated in accessible summary. device_material: AlGaN/AlN/GaN HEMT with polarization-induced 2DEG (AlN interlayer present). quantity_changed: decreased sheet carrier mobility (attributed to increased scattering from radiation-induced defects); decreased 2DEG sheet carrier density (attributed to carrier removal/compensation in the unintentionally-doped AlGaN layer, altering space charge/band bending); reduced drain current -- direction given, magnitude not captured. reversibility: not measured/not reported.","Crossref DOI-record direct lookup confirmed title/8-author list/journal/volume/issue/pages/year; Semantic Scholar cross-check confirmed identical bibliographic fields (abstract elided by publisher). Quantitative mechanism description from WebSearch-aggregated summary, not primary text.","metadata_only","Identity independently confirmed via two metadata sources; full text paywalled everywhere attempted. Distinguishes proton-specific displacement damage in an AlN-interlayer HEMT structure closer to the user's AlGaN/AlN/GaN family than plain AlGaN/GaN."
"R024","Sun, Saadat, Chen, Zhang, Cui, Palacios, Fleetwood & Ma, IEEE Trans. Nucl. Sci. 60 (2013) 4074-4079","Total-Ionizing-Dose Radiation Effects in AlGaN/GaN HEMTs and MOS-HEMTs","Xiao Sun; Omair I. Saadat; Jin Chen; En Xia Zhang; Sharon Cui; Tomas Palacios; Daniel M. Fleetwood; T. P. Ma","2013","IEEE Transactions on Nuclear Science, vol. 60, issue 6, pp. 4074-4079","10.1109/tns.2013.2278314","https://doi.org/10.1109/tns.2013.2278314","journal_article","verified_peer_reviewed","A","enabling_physics_wbg","species: 10 keV X-rays (ionizing-dose surrogate, NOT gamma/neutron -- do not conflate). dose: swept from <3 krad(SiO2) to at least 2 Mrad; dose_rate not stated. bias_state during exposure: swept as a study variable, specific values not captured. temperature: not stated. device_material: AlGaN/GaN HEMT and AlGaN/GaN MOS-HEMT (gate-architecture comparison). quantity_changed: threshold-voltage shift in two dose regimes -- rapid shift at low dose (<3 krad(SiO2)) common to both device types, attributed to hole trapping in the AlGaN barrier; additional MOS-HEMT-only shift extending to at least 2 Mrad, attributed to hole trapping in the gate oxide; direction/magnitude in volts not captured. reversibility: the low-dose shift 'anneals quickly' (reversible); the high-dose MOS-HEMT-only shift's persistence not explicitly stated.","Crossref DOI-record direct lookup confirmed title/8-author list/journal/volume/issue/pages/year; Semantic Scholar cross-check confirmed identical fields (abstract elided). Mechanism/dose-regime description from WebSearch-aggregated summary, not primary text.","metadata_only","Directly separates a reversible (annealing) TID mechanism from a persistent oxide-trapping mechanism in the same device family -- relevant to whether radiation-induced Hall offset/gain drift in a GaN device would self-anneal or persist."
"R025","Barber, Nguyen, Brockman, Gahl & Kwon, Scientific Reports 10 (2020) 16295","Thermal neutron transmutation doping of GaN semiconductors","R. Barber; Q. Nguyen; J. Brockman; J. Gahl; J. Kwon","2020","Scientific Reports, vol. 10, article 16295","10.1038/s41598-020-72862-2","https://doi.org/10.1038/s41598-020-72862-2","journal_article","verified_peer_reviewed","B","enabling_physics_wbg;temperature_radiation_interaction","species: thermal neutrons, reactor field (spectrum not further specified). fluence: not stated as an atoms/cm^2-equivalent figure; doping outcome reported instead -- Ge concentrations 1e16-1e18 cm^-3, via the 71Ga(n,gamma)72Ga->72Ge thermal-neutron transmutation pathway converting Ga to Ge. temperature_during: not stated (reactor irradiation, ambient not specified). post-exposure anneal: 950C for 30 min in N2, explicitly required to activate/uniformize the transmutation-doping result. bias_state: not applicable (unbiased bulk material). device_material: bulk GaN wafers/substrate (not a fabricated HEMT/Hall device). quantity_changed: transmutation-induced n-type Ge doping concentration and spatial uniformity through wafer depth (a beneficial-doping demonstration, not a degradation metric). measurement_reference: gamma-ray spectroscopy cross-confirmed by SIMS depth profiling. reversibility: not applicable -- permanent nuclear transmutation, not a trapping/charging effect.","Crossref DOI-record direct lookup returned full abstract text confirming title/5-author list/journal/CC-BY license/publisher/date, and the SIMS/gamma-spectroscopy metrology plus 950C/30 min N2 anneal step, quoted directly from the Crossref-hosted abstract.","abstract_metadata","Transmutation-doping demonstration, not a device-degradation study -- included per the explicit transmutation-effects scope. Directly evidences the isotopic transmutation mechanism (Ga->Ge) that would occur as an unavoidable side effect of thermal-neutron exposure of a GaN Hall/HEMT device, distinct from trap-formation/ionization mechanisms elsewhere in this ledger."
"R026","Ngoepe, Meyer, Auret, Omotoso, Hlatshwayo, Skuratov & Diale, Nucl. Instrum. Methods B 409 (2017) 69-71","Deep level transient spectroscopy characterisation of Xe irradiated GaN","P. N. M. Ngoepe; W. E. Meyer; F. D. Auret; E. Omotoso; T. T. Hlatshwayo; V. A. Skuratov; M. Diale","2017","Nuclear Instruments and Methods in Physics Research Section B, vol. 409, pp. 69-71","10.1016/j.nimb.2017.05.032","https://doi.org/10.1016/j.nimb.2017.05.032","journal_article","verified_peer_reviewed","B","enabling_physics_wbg","species: Xe26+ heavy ions, 167 MeV. fluence: 1e10 cm^-2; dose_rate not stated. temperature_during: room temperature; after: not stated beyond room temperature. bias_state: not stated (diode/Schottky-type test structure implied, not confirmed). annealing: not measured. device_material: n-type GaN (bulk/epilayer test structure suitable for DLTS, not a full HEMT). quantity_changed: two new deep-level traps by DLTS, activation energies 0.07 eV and 0.48 eV below the conduction band; reverse leakage current increased ~10 orders of magnitude, attributed to generation-recombination centers formed during irradiation. measurement_reference: DLTS, I-V leakage measurement. reversibility: not measured/not reported.","Crossref DOI-record direct lookup confirmed title/7-author list/journal/volume/pages/year; Semantic Scholar cross-check confirmed identical fields (abstract elided). Trap-energy and leakage figures from WebSearch-aggregated summary, not primary text -- flagged for re-verification before precise numeric citation.","metadata_only","Heavy-ion (Xe) result -- must not be merged with proton, electron, or neutron trap data elsewhere in this ledger per species-separation rule."
"R027","Goodman, Auret, Myburg, Legodi, Gibart & Beaumont, Materials Science and Engineering: B 82 (2001) 95-97","Deep levels introduced in n-GaN grown by the ELOG technique by high-energy electron irradiation","S. A. Goodman; F. D. Auret; G. Myburg; M. J. Legodi; P. Gibart; B. Beaumont","2001","Materials Science and Engineering: B, vol. 82, issues 1-3, pp. 95-97","10.1016/s0921-5107(00)00746-7","https://doi.org/10.1016/s0921-5107(00)00746-7","journal_article","verified_peer_reviewed","B","enabling_physics_wbg","species: high-energy electrons -- a secondary summary attributes a 90Sr beta source, NOT independently confirmed, treat with caution; exact MeV not confirmed. fluence/dose_rate/temperature/bias/annealing: not stated. device_material: n-type GaN grown by epitaxial lateral overgrowth (ELOG). quantity_changed: DLTS identified a major electron trap at 0.20 eV below the conduction band (proposed nitrogen-vacancy-related, V_N) plus >=4 additional traps centered ~0.90+/-0.15 eV; direction = traps introduced (density not captured). measurement_reference: DLTS, capture-cross-section modeling (temperature-independent capture cross sections extracted). reversibility: not measured/not reported.","Crossref DOI-record direct lookup confirmed title/6-author list/journal/volume/pages/year; Semantic Scholar cross-check confirmed identical fields (abstract elided). Trap-energy/source-particle details from WebSearch-aggregated summary, with the electron-source detail specifically flagged unconfirmed.","metadata_only","Early (2001) foundational DLTS baseline for electron-irradiation trap levels in GaN, useful for cross-comparison against R026 (Xe) and R031 (He-ion) trap results in the same Auret-group research lineage."
"R028","Chen, Liang, Han, Lu, Chen, Wang, Wang, Wang & Yuan, Nanomaterials 12 (2022) 2126","Research on the Synergistic Effect of Total Ionization and Displacement Dose in GaN HEMT Using Neutron and Gamma-Ray Irradiation","Rui Chen; Yanan Liang; Jianwei Han; Qihong Lu; Qian Chen; Ziyu Wang; Hao Wang; Xuan Wang; Runjie Yuan","2022","Nanomaterials, vol. 12, issue 13, article 2126","10.3390/nano12132126","https://doi.org/10.3390/nano12132126","journal_article","verified_peer_reviewed","B","enabling_physics_wbg","species: two co-tested fields, kept distinct -- (a) 14 MeV neutrons, (b) Co-60 gamma rays; combined/synergistic exposure is the paper's actual design. fluence/dose: neutron fluence 1.3e12 and 3e12 n/cm^2 (two levels); gamma accumulated dose up to 800 krad(Si). dose_rate/temperature/bias/annealing: not stated. device_material: enhancement-mode GaN HEMT, two structures compared -- p-GaN-gate HEMT and a cascode-structure GaN HEMT. quantity_changed: leakage-current degradation under combined exposure was LOWER than the arithmetic sum of the separately-applied effects (sub-additive/antagonistic synergy); threshold-voltage shift of the cascode-structure device was HIGHER under combined exposure than the sum of separate effects (super-additive/synergistic, that structure only). reversibility: not measured.","Crossref DOI-record direct lookup returned full abstract text confirming title/9-author list/journal/CC-BY license/date/funding, and the exact fluence/dose figures, quoted directly from the Crossref-hosted abstract.","abstract_metadata","Important counterevidence/nuance: combined neutron+gamma damage in GaN HEMTs is NOT simply additive, and the direction of non-additivity depends on the electrical quantity and gate/channel structure examined -- directly relevant to any radiation-compensation model assuming independent, summable damage mechanisms. Neutron and gamma results kept explicitly separate above; only the combined-exposure comparison is merged, matching the paper's own experimental design."
"R029","Bikhert, Kozlovskiy, Popov & Zdorovets, Materials 16 (2023) 5225","Study of the Influence of the Irradiation Flux Density on the Formation of a Defect Structure in AlN in the Case of the Effect of Overlapping of the Heavy Ion Motion Trajectories in the Near-Surface Layer","Yeugeniy V. Bikhert; Artem L. Kozlovskiy; Anatoli I. Popov; Maxim V. Zdorovets","2023","Materials, vol. 16, issue 15, article 5225","10.3390/ma16155225","https://doi.org/10.3390/ma16155225","journal_article","verified_peer_reviewed","B","enabling_physics_wbg","species: Xe23+ heavy ions, 230 MeV. fluence: held constant across the flux-density comparison (exact cm^-2 not captured -- independent variable is beam current/flux density, not fluence). dose_rate: varied ion-beam current explicitly as the study variable (values not captured). temperature/bias: not stated/not applicable (ceramic material, not a biased electronic device). device_material: AlN ceramic (bulk nitride ceramic, not a GaN heterostructure device -- direct AlN member of the III-nitride family). quantity_changed: structural/defect changes in the near-surface damaged layer depend on damage-accumulation rate (flux density), not just total fluence; at high flux the dominant mechanism was vacancy-defect formation from nitrogen-atom replacement by oxygen, forming O_N-V_Al complexes. measurement_reference: XRD, Raman, UV-Vis, photoluminescence. reversibility: not measured (structural, not electrical, characterization).","Crossref DOI-record direct lookup returned full abstract text confirming title/4-author list/journal/CC-BY license/date, and the ion species/energy plus O_N-V_Al mechanism, quoted directly from the Crossref-hosted abstract.","abstract_metadata","AlN is a barrier/interlayer material in the user's own AlGaN/GaN device family -- a directly relevant AlN-specific primary damage-mechanism paper. Flux-density (rate) dependence is a distinct enabling-physics variable from total fluence/dose and should not be conflated with dose-only comparisons elsewhere in this ledger."
"R030","Kozlovskiy, Shlimas, Borgekov & Zdorovets, Solid State Sciences 107 (2020) 106367","The influence of the energy of incident protons on the defect formation and radiation resistance of AlN ceramics","A. L. Kozlovskiy; D. I. Shlimas; D. B. Borgekov; M. V. Zdorovets","2020","Solid State Sciences, vol. 107, article 106367","10.1016/j.solidstatesciences.2020.106367","https://doi.org/10.1016/j.solidstatesciences.2020.106367","journal_article","verified_peer_reviewed","B","enabling_physics_wbg","species: protons, 0.5-1.5 MeV swept as the independent variable. fluence: 1e17 protons/cm^2; dose_rate not stated. temperature/bias: not stated/not applicable (ceramic, unbiased). device_material: AlN ceramic (bulk nitride ceramic). quantity_changed: degree of crystal-structure deformation GREATEST at lowest incident proton energies (defects concentrated in a small surface-layer volume); as proton energy increases, path length increases, surface-layer damage DECREASES but damage depth increases -- an explicit energy-dependent depth/severity trade-off, not a simple monotonic dose-response. reversibility: not measured.","Crossref DOI-record direct lookup confirmed title/4-author list/journal/article number/publisher/date (abstract elided by Crossref/publisher). Energy/fluence/depth-vs-surface trade-off from WebSearch-aggregated summary, not primary text.","metadata_only","Same author group as R029 (heavy-ion AlN) -- together the two give proton vs heavy-ion damage-mechanism contrast in the same AlN ceramic material, illustrating that displacement-damage depth/severity in AlN depends strongly on incident-particle species/energy, not just dose."
"R031","Hayes, Goodman & Auret, Nucl. Instrum. Methods B 148 (1999) 437","Electrical characterization of low temperature He-ion irradiated GaN","M. Hayes; S. A. Goodman; F. D. Auret","1999","Nuclear Instruments and Methods in Physics Research Section B, vol. 148, issues 1-4, p. 437","10.1016/s0168-583x(98)00722-8","https://doi.org/10.1016/s0168-583x(98)00722-8","journal_article","verified_peer_reviewed","B","enabling_physics_wbg;temperature_radiation_interaction","species: He ions, 5.4 MeV. fluence/dose_rate: not stated. temperature_during_exposure: 25 K (low-temperature irradiation, the paper's distinguishing condition). post-exposure: isochronal anneal performed up to 443 K, produced very little recovery of mobility or carrier concentration -- defects described as thermally stable up to the anneal temperatures used. bias_state: not stated. device_material: n-type GaN. quantity_changed: electron mobility and free-carrier concentration both REDUCED by He-ion irradiation; magnitude not captured. measurement_reference: Hall-effect/resistivity electrical characterization. reversibility: persistent -- did not substantially recover under anneal to 443 K.","Crossref DOI-record direct lookup confirmed title/3-author list/journal/volume/issue/year (abstract elided). Semantic Scholar cross-check confirmed identical fields. The 25 K temperature, 5.4 MeV energy, and 443 K anneal/persistence details from WebSearch-aggregated summary, not primary text.","metadata_only","One of the only entries in this ledger with an explicit LOW-TEMPERATURE (25 K) irradiation condition and an explicit anneal-temperature ceiling (443 K) with a stated persistence outcome -- directly relevant to the temperature-radiation interaction question, and a contrast case against R026 (Xe-ion, room temperature) in the same GaN/Auret-group lineage."
"R032","Anderson, Khafizov & Chernatynskiy, Nucl. Instrum. Methods B 547 (2024) 165228","Threshold displacement energies and primary radiation damage in AlN from molecular dynamics simulations","Sean Anderson; Marat Khafizov; Aleksandr Chernatynskiy","2024","Nuclear Instruments and Methods in Physics Research Section B, vol. 547, article 165228","10.1016/j.nimb.2023.165228","https://doi.org/10.1016/j.nimb.2023.165228","journal_article","verified_peer_reviewed","B","enabling_physics_wbg","SIMULATION ONLY -- molecular-dynamics knock-on-atom simulation, not a real-particle irradiation experiment. No fluence/dose/temperature/bias (not applicable to this computational method). device_material: bulk AlN crystal lattice (MD model, not a fabricated device). quantity_changed: threshold displacement energies computed for Al and N sublattices via MD knock-on-atom simulations; averaged/reported AlN displacement threshold ~110 eV, described as slightly greater than isostructural GaN's threshold and lower than oxide materials used in radiation environments; defects after initial knock-on events are predominantly point defects and small defect complexes. reversibility: not applicable.","Crossref DOI-record direct lookup confirmed title/3-author list/journal/volume/publisher/DOE funding award (abstract field not populated in the Crossref record). The ~110 eV figure and GaN-comparison statement from WebSearch-aggregated summary, not primary text.","metadata_only","SIMULATION_ONLY -- must not be described as experimental/measured data in downstream synthesis. Useful as the AlN-specific companion to any GaN threshold-displacement-energy value used in a NIEL/damage-equivalence calculation for the user's AlGaN/GaN device stack."
"R033","Yadav et al., ECS Transactions 61 (2014) 171-177 (paper 06104.0171)","(Invited) Effect of Annealing on Electronic Carrier Transport Properties of Gamma-Irradiated AlGaN/GaN High Electron Mobility Transistors","Anupama Yadav; Casey Schwarz; Max Shatkhin; Luther Wang; Elena Flitsiyan; Leonid Chernyak; Lu Liu; Y. H. Hwang; Fan Ren; Stephen J. Pearton; Igor Lubomirsky","2014","ECS Transactions, vol. 61, issue 4, paper 06104.0171","10.1149/06104.0171ecst","https://doi.org/10.1149/06104.0171ecst","conference_paper","peer_review_uncertain","C","enabling_physics_wbg;temperature_radiation_interaction","species: gamma irradiation (isotope/source/spectrum not stated -- do not conflate with any Co-60-specific result elsewhere in this ledger since the source is unconfirmed here). dose/dose_rate/temperature_during: not stated. post-exposure anneal: 200C for 25 minutes, produced PARTIAL recovery of electronic carrier-transport properties/device performance. bias_state: not stated. device_material: AlGaN/GaN HEMT. quantity_changed: electronic carrier-transport properties degraded by gamma irradiation, partially recovered by the stated anneal; specific mobility/carrier-density numbers not captured. reversibility: explicitly PARTIAL (not full) recovery after the stated anneal.","Crossref bibliographic query matched both the meeting-abstract DOI and the 06104.0171ecst full-paper DOI, confirming title/full 11-author list/journal short-title/volume-issue/publisher/date. Abstract/full text not independently read; content from WebSearch-aggregated summary.","metadata_only","ECS Transactions is a conference-proceedings series (invited-talk paper) with lighter review than the ECS Journal of Solid State Science and Technology -- marked peer_review_uncertain rather than verified. One of the few candidates found that directly studies post-irradiation annealing/recovery in an AlGaN/GaN HEMT specifically (vs AlN ceramics or generic III-V material)."
"R034","Liu, Singh, Kennedy, Huang, Fluckey, Matthews & Uberuaga, J. Appl. Phys. 138 (2025) 070701","Review of radiation-induced defects in GaAs","X.-Y. Liu; C. N. Singh; E. R. Kennedy; S. Huang; S. P. Fluckey; C. Matthews; B. P. Uberuaga","2025","Journal of Applied Physics, vol. 138, issue 7, article 070701","10.1063/5.0279267","https://doi.org/10.1063/5.0279267","journal_article","verified_peer_reviewed","A","enabling_physics_iii_v","Review synthesizing electron, proton, neutron, and gamma damage in GaAs (species not separated per-result in the review's own framing). Covers intrinsic point defects (vacancies, interstitials, As-antisites), defect clusters/amorphization zones, deep-level donors (EL2), divacancies. quantity_changed: carrier removal and general electrical-property degradation discussed qualitatively, no single numeric value extracted. measurement_reference: DLTS cited as primary experimental method plus MD/DFT computation. reversibility: paper explicitly flags an unresolved gap connecting computational defect-evolution predictions to experimental (including annealing/recovery) observations.","Crossref DOI-record confirmed title/7-author list/journal/volume/issue/article number/year. OSTI accepted-manuscript abstract page (osti.gov/pages/biblio/2588077) independently fetched and read, corroborating title/author list/content description.","abstract_metadata","Review article (not primary experimental data) -- labeled per rule 6 as a synthesis, not a new measurement. LANL-authored, most current (2025) synthesis of GaAs radiation-defect literature. Also indexed as OSTI LA-UR-25-20417."
"R035","Pons & Bourgoin, J. Phys. C: Solid State Phys. 18 (1985) 3839-3871","Irradiation-induced defects in GaAs","D. Pons; J. C. Bourgoin","1985","Journal of Physics C: Solid State Physics, vol. 18, issue 20, pp. 3839-3871","10.1088/0022-3719/18/20/012","https://doi.org/10.1088/0022-3719/18/20/012","journal_article","verified_peer_reviewed","A","enabling_physics_iii_v","species: electron irradiation (energy not confirmed). fluence/dose_rate/temperature/bias: not stated/not independently confirmed. annealing: paper explicitly addresses both defect creation AND annealing/recovery (per abstract-level description); specific temperatures not confirmed. device_material: bulk n- and p-type GaAs. quantity_changed: defects identified as a distribution of vacancy-interstitial (Frenkel) pairs on the As sublattice; Ga-sublattice Frenkel pairs found to recombine immediately after creation. reversibility: Ga-sublattice damage self-anneals/recombines immediately; As-sublattice defects persist as the stable, characterized defect distribution.","Crossref DOI-record confirmed title/2-author list/journal/volume/issue/pages/year. Defect-mechanism description corroborated via WebSearch summary of the IOPscience abstract (direct fetch returned HTTP 403).","abstract_metadata","Classic/foundational GaAs irradiation-defect paper, frequently cited as the origin of the vacancy-interstitial-pair defect model for electron-irradiated GaAs -- companion/context for R034. Exact electron energy/fluence not independently confirmed, treat as indicative pending full-text read."
"R036","Walukiewicz, Phys. Rev. B 37 (1988) 4760-4763","Mechanism of Fermi-level stabilization in semiconductors","W. Walukiewicz","1988","Physical Review B, vol. 37, issue 9, pp. 4760-4763","10.1103/PhysRevB.37.4760","https://doi.org/10.1103/PhysRevB.37.4760","journal_article","verified_peer_reviewed","A","enabling_physics_iii_v","THEORY paper, not device-specific: interprets the empirically observed Fermi-level position in heavily radiation-damaged semiconductors generally (compound semiconductors including GaAs explicitly discussed per secondary description). Not applicable: fluence/dose/dose_rate/temperature/bias/annealing/reversibility (theoretical, not a single irradiation experiment). Proposes the mechanism by which a radiation-defect-saturated material's Fermi level 'pins' at a material-specific stabilization energy, correlated with the Fermi level found at metal-semiconductor interfaces.","Crossref DOI-record confirmed title/author/journal/volume/issue/pages/year; direct APS abstract fetch returned HTTP 403; Semantic Scholar confirmed same title/DOI/year but abstract elided by publisher.","metadata_only","Foundational, highly-cited theoretical mechanism paper underlying the 'limiting Fermi level position' language used in R037/R038's Brudnyi papers -- an explicit mechanism-based (not merely empirical) link, labeled per the mission's requirement to flag mechanism-based extrapolation. Abstract text itself could not be independently retrieved; treat characterization with corresponding caution."
"R037","Brudnyi, Kolin & Potapov, Semiconductors 37 (2003) 390-395","Electrical properties of InAs irradiated with protons","V. N. Brudnyi; N. G. Kolin; A. I. Potapov","2003","Semiconductors, vol. 37, issue 4, pp. 390-395","10.1134/1.1568456","https://doi.org/10.1134/1.1568456","journal_article","verified_peer_reviewed","A","enabling_physics_iii_v;temperature_radiation_interaction","species: 5-MeV protons. fluence: 2e16 cm^-2; dose_rate not stated. temperature_during: not stated (room temperature implied, not confirmed). bias_state: not stated. annealing: post-irradiation isochronal annealing studied up to 800C. device_material: bulk InAs, both n- and p-type as-grown material, varying doping level. quantity_changed: regardless of starting doping level/conductivity type, irradiated material converts to n+-type conductivity (direction given; magnitude as a numeric carrier-removal rate not independently confirmed). reversibility: annealing studied to 800C, but full-vs-persistent recovery at that temperature not independently confirmed -- left as not stated rather than assumed.","Crossref DOI-record confirmed title/3-author list/journal/volume/issue/pages/year. Quantitative conditions (5 MeV, 2e16 cm^-2, n+ conversion, annealing to 800C) from WebSearch summary of the Springer/Pleiades abstract, not independently re-fetched.","abstract_metadata","Direct InAs proton-irradiation enabling-physics paper matching an explicitly named candidate material. Tomsk State University group (Brudnyi), same lineage as the Fermi-level-stabilization literature (R036)."
"R038","Brudnyi, Boiko, Kamenskaya & Kolin, Semiconductors 38 (2004) 769-774","Electrical properties and limiting position of the Fermi level in InSb irradiated with protons","V. N. Brudnyi; V. M. Boiko; I. V. Kamenskaya; N. G. Kolin","2004","Semiconductors, vol. 38, issue 7, pp. 769-774","10.1134/1.1777597","https://doi.org/10.1134/1.1777597","journal_article","verified_peer_reviewed","A","enabling_physics_iii_v;temperature_radiation_interaction","species: 10-MeV protons. fluence: 2e16 cm^-2; dose_rate not stated. temperature_during: 300 K. bias_state: not stated. annealing: isochronal annealing studied across 20-500C, 'special features' of defect annealing reported (recovery stages not independently confirmed). device_material: both metallurgically-doped and transmutation-doped bulk InSb. quantity_changed: limiting (saturated) electrical parameters of heavily irradiated InSb correspond to p-type material regardless of starting doping/conductivity type -- radiation drives the Fermi level to a material-specific limiting position (direction given; exact carrier-removal rate not confirmed). reversibility: partial recovery implied by the 20-500C anneal study, full-vs-persistent at the upper end not stated.","Crossref DOI-record confirmed title/4-author list/journal/volume/issue/pages/year. Quantitative conditions from WebSearch summary of the Springer/Pleiades abstract; a direct Crossref re-fetch for this DOI returned HTTP 429 rate-limit, retried successfully for bibliographic fields only.","abstract_metadata","InSb is the actual sensing material used in the JET/ITER Hall probes referenced in the 06 baseline ledger (InSb on semi-insulating GaAs substrate) -- direct enabling-physics evidence for that exact material system's PROTON response, distinct from the 06 baseline's device-level NEUTRON-fluence-tolerance claims; do not conflate species."
"R039","Brudnyi & Potapov, Semiconductors 35 (2001) 1361-1365","Electrical properties of the proton-irradiated semi-insulating GaAs:Cr","V. N. Brudnyi; A. I. Potapov","2001","Semiconductors, vol. 35, issue 12, pp. 1361-1365","10.1134/1.1427970","https://doi.org/10.1134/1.1427970","journal_article","verified_peer_reviewed","B","enabling_physics_iii_v;temperature_radiation_interaction","species: proton irradiation (energy not independently confirmed). fluence/dose_rate/temperature_during: not stated; measurement reported at 300 K for over-irradiated samples. bias_state/annealing: not stated. device_material: chromium-doped semi-insulating GaAs (GaAs:Cr). quantity_changed: for proton-over-irradiated GaAs:Cr, electrical conduction over a wide temperature range (including 300 K) is controlled by carrier hopping conduction over deep radiation-induced states rather than band conduction (mechanism/direction given; no numeric resistivity/carrier-removal value confirmed). reversibility: not measured/not stated.","Crossref DOI-record confirmed title/2-author list/journal/volume/issue/pages/year. Hopping-conduction mechanism corroborated via WebSearch summary; primary abstract not directly fetched (only an unopened ResearchGate PDF link located).","abstract_metadata","Semi-insulating Cr-doped GaAs is one compensation route for the same substrate-material class (semi-insulating GaAs) underlying JET's InSb-on-GaAs Hall probes in the 06 baseline (which use undoped/EL2-compensated SI-GaAs, not Cr-doped) -- included as substrate-material-class enabling-physics context, not a claim that JET's probes use Cr-doped GaAs."
"R040","Moll, Fretwurst & Lindstrom, Nucl. Instrum. Methods A 426 (1999) 87-93","Leakage current of hadron irradiated silicon detectors -- material dependence","M. Moll; E. Fretwurst; G. Lindstrom","1999","Nuclear Instruments and Methods in Physics Research Section A, vol. 426, issue 1, pp. 87-93","10.1016/S0168-9002(98)01475-2","https://doi.org/10.1016/S0168-9002(98)01475-2","journal_article","verified_peer_reviewed","A","enabling_physics_si_soi;temperature_radiation_interaction","species: fast reactor neutrons. fluence: 1e11 to 1e15 cm^-2 (range studied); dose_rate/temperature_during/bias: not stated. annealing: universal (material-independent) annealing behavior observed after irradiation, indicating the leakage-current-generating microdefects are intrinsic in origin (exact schedule not independently confirmed). device_material: silicon detector-grade material spanning oxygen 9e17 down to <2e14 cm^-3, carbon 2e16 down to <5e15 cm^-3, resistivity 100 ohm-cm to 20 kohm-cm (n-type) and 400 ohm-cm to 2 kohm-cm (p-type). quantity_changed: leakage-current damage parameter (alpha) found almost independent of initial resistivity/impurity concentration up to the highest fluence tested (specific numeric alpha not independently confirmed). reversibility: leakage current displays a universal (material-independent) annealing/recovery behavior across the full material set tested.","Crossref DOI-record confirmed title/3-author list/journal/volume/issue/pages/year. Quantitative fluence/resistivity/oxygen-concentration content from WebSearch summary corroborating the ScienceDirect abstract, not independently re-fetched.","abstract_metadata","One of the most highly cited silicon radiation-damage papers (CERN RD48/ROSE collaboration lineage); establishes the material-independence of the leakage-current damage parameter, a key enabling-physics input for any Si-based readout electronics or Si Hall-plate reliability argument under neutron fluence."
"R041","Summers, Burke, Shapiro, Messenger & Walters, IEEE Trans. Nucl. Sci. 40 (1993) 1372-1379","Damage correlations in semiconductors exposed to gamma, electron and proton radiations","G. P. Summers; E. A. Burke; P. Shapiro; S. R. Messenger; R. J. Walters","1993","IEEE Transactions on Nuclear Science, vol. 40, issue 6, pp. 1372-1379","10.1109/23.273529","https://doi.org/10.1109/23.273529","journal_article","verified_peer_reviewed","B","enabling_physics_iii_v;enabling_physics_si_soi","species: gamma, electron, and proton, all three explicitly compared per title (isotope/energies not independently confirmed). fluence/dose/dose_rate/temperature/bias/annealing/device_structure/exact quantity changed: not stated -- abstract/full text could not be independently retrieved (publisher elided the abstract field in every metadata source checked). reversibility: not stated.","Crossref DOI-record independently confirmed title/5-author list/journal/volume/issue/pages/year. Semantic Scholar confirmed matching title/DOI/year but abstract field withheld by publisher in every attempt.","metadata_only","Foundational, widely-cited paper establishing a displacement-damage-dose-based correlation method across gamma, electron, and proton exposure for semiconductor materials -- flagged here only as a bibliographically-verified citation per rule 5 (no quantitative claims asserted beyond the bibliographic record since content could not be independently read). Downstream use should re-verify content before relying on it for a specific numeric claim."
"R042","Logan, Short, Helms, Newell, Alsaad, Carrasco, Webster, Maestas & Morath, J. Appl. Phys. 139 (2026) 125707","Damage generation efficiency of protons and 60Co gammas in III-V infrared semiconductors","J. V. Logan; M. P. Short; W. L. Helms; A. T. Newell; Z. M. Alsaad; R. A. Carrasco; P. T. Webster; D. Maestas; C. P. Morath","2026","Journal of Applied Physics, vol. 139, issue 12, article 125707","10.1063/5.0318998","https://doi.org/10.1063/5.0318998","journal_article","verified_peer_reviewed","A","enabling_physics_iii_v","species: TWO separate campaigns compared, kept distinct -- 54.3-MeV protons and 60Co gamma rays. fluence/dose/dose_rate/temperature/bias/annealing: not independently confirmed as specific numbers. device_material: InAs/InAsSb type-II superlattice and bulk InAsSb infrared-detector material. quantity_changed: minority-carrier lifetime degradation compared between the two particle types -- the 60Co lifetime damage factor was found to be ~14x higher than would be predicted by scaling from the proton-derived (NIEL-based) damage factor. mechanism: protons produce large, spatially concentrated displacement cascades where a larger fraction of defects self-anneal/recombine; 60Co gammas produce spatially isolated Frenkel-pair-type defects that recombine less efficiently, yielding disproportionately higher damage per unit NIEL for gammas. reversibility: cascade-defect recombination is an explicit intra-irradiation recovery mechanism for protons; not stated for gammas beyond the efficiency comparison.","Crossref DOI-record confirmed title/9-author list/journal/volume/issue/article number/year; Semantic Scholar returned a directly quoted abstract passage confirming the '~14x higher' headline result. Open access (CC BY) per the same record.","abstract_metadata","Very recent (2026) LANL-authored experimental paper on InAs-family III-V infrared semiconductor material. Important cross-species caution for any radiation-compensation strategy assuming proton-test data extrapolates to a gamma or mixed-field fusion environment via NIEL scaling alone -- this paper shows that assumption can under-predict gamma-induced lifetime damage by roughly an order of magnitude for this material class. Not a neutron result -- do not conflate with fission-spectrum findings elsewhere in this ledger."
"R043","Bohacek, Morvic, Betko, Dubecky & Huran, Proc. SIMC-XII (2002), pp. 31-34","Electrical properties of semi-insulating GaAs irradiated with neutrons","P. Bohacek; M. Morvic; J. Betko; F. Dubecky; J. Huran","2002","12th International Conference on Semiconducting and Insulating Materials (SIMC-XII-2002), pp. 31-34","10.1109/SIM.2002.1242720","https://doi.org/10.1109/SIM.2002.1242720","conference_paper","verified_peer_reviewed","C","enabling_physics_iii_v;temperature_radiation_interaction","species: reactor (fission-spectrum) neutrons. fluence: 1e13 to 3e15 cm^-2 (range studied); dose_rate not stated. temperature: measurements taken across 300-420 K. bias_state/annealing: not stated. device_material: undoped semi-insulating bulk GaAs. quantity_changed: conductivity and apparent Hall mobility both decrease with increasing neutron fluence; magnetoresistance increases with increasing fluence; electron-to-hole concentration ratio (n/p) decreases with fluence, falling below 1 (majority-carrier-type-like inversion signature) at the highest fluences tested. measurement_reference: conductivity, Hall-effect, and magnetoresistance measurements. reversibility: not measured (no annealing study reported).","Crossref DOI-record confirmed title/5-author list/conference name/pages/year/IEEE publisher. Quantitative fluence/temperature/Hall-mobility/magnetoresistance content from WebSearch summary of the abstract, not independently re-fetched.","abstract_metadata","IEEE Xplore-indexed conference paper (peer-reviewed proceedings series); specific peer-review process of this conference series not independently audited beyond its IEEE Xplore listing -- flagged lower-tier (C) given age, narrow scope, and conference (not journal) format. Directly matches the requested GaAs neutron carrier-transport/Hall-mobility priority with real quantitative fluence dependence."
"R044","Fan, Bi, Xi & Yan, Sensors 20 (2020) 3946","Investigation of Radiation Effects on FD-SOI Hall Sensors by TCAD Simulations","Linjie Fan; Jinshun Bi; Kai Xi; Gangping Yan","2020","Sensors, vol. 20, issue 14, article 3946","10.3390/s20143946","https://doi.org/10.3390/s20143946","journal_article","verified_peer_reviewed","C","enabling_physics_si_soi","SIMULATION ONLY (TCAD/Sentaurus Device) -- not an experimental irradiation measurement. Simulated conditions: TID via insulator fixed-charge modeling; transient dose rate (TDR) gamma pulses 5e8-5e12 rad(Si)/s over 20 ns; single-event transient (SET) from simulated heavy-ion strikes, LET 0-100 MeV*cm^2/mg. Bias states modeled: off-state (Vg=0V) and on-state (Vg=3V), Vbias=2V typical. Temperature: not specified. Simulated TID outcome: Hall voltage increased 86.49 to 111.75 mV/T (+29% sensitivity); efficiency decreased 479.2 to 314.7 V/W*T; offset voltage decreased 4.45 to 2.1 mV. Annealing/recovery: not investigated. Uncertainty: not applicable -- no physical measurement performed.","Fetched the PMC7412317 open-access mirror directly (full text read); confirmed via DOI resolution (10.3390/s20143946 -> mdpi.com/1424-8220/20/14/3946) and independently via the Crossref works API (title/authors/container-title/volume/issue/article number/year/type all match, journal-article).","full_text","CRITICAL SEED CORRECTION: LITERATURE_SEEDS.md's PMC7412317 URL was described as 'Effects of ionizing radiation on Hall sensors based on fully depleted silicon-on-insulator technology.' Independent verification (per LITERATURE_SEEDS.md's own instruction not to assume the URL alone is sufficient) found NO paper with that exact title exists -- a targeted Crossref bibliographic search returned no match. The paper actually at that PMC URL has this different title and is confirmed SIMULATION-ONLY (Synopsys Sentaurus), with no physical irradiation of a real device performed. Per project rule against describing simulation as experimental, this source is excluded from any direct-experimental gamma/TID claim and is retained only as enabling/simulation-mechanism evidence with the correction documented. Independently found and cross-confirmed by two separate research passes (SOI-enabling-physics domain and gamma/TID domain) with identical conclusions -- merged into one row. A companion paper by an overlapping author group (Fan, Bi, Xi, Majumdar & Li, 'Performance Optimization of FD-SOI Hall Sensors Via 3D TCAD Simulations,' Sensors 20(10):2751 (2020), DOI 10.3390/s20102751) was also checked and found to be simulation-only with no radiation content at all -- not included as a separate row."
"R045","Zhang, Huang, Bi, Tang & Zhang, Nucl. Instrum. Methods A 745 (2014) 128-132","Investigation of unique total ionizing dose effects in 0.2 micron partially-depleted silicon-on-insulator technology","YanWei Zhang; HuiXiang Huang; DaWei Bi; MingHua Tang; ZhengXuan Zhang","2014","Nuclear Instruments and Methods in Physics Research Section A, vol. 745, pp. 128-132","10.1016/j.nima.2014.01.052","https://doi.org/10.1016/j.nima.2014.01.052","journal_article","verified_peer_reviewed","B","enabling_physics_si_soi","species: total ionizing dose irradiation (specific source, e.g. Co-60, not independently confirmed). fluence/dose/dose_rate/temperature: not independently confirmed. bias_state during exposure: multiple configurations tested; the 'ON' bias configuration identified as worst-case for both front-gate and back-gate transistor characteristics. annealing: not stated. device_material: 0.2 micron commercial partially-depleted silicon-on-insulator (PD-SOI) process, front-gate and back-gate transistors, short- vs long-channel comparison. quantity_changed: degradation attributed to radiation-induced POSITIVE charge trapped at the bottom corner of the shallow-trench-isolation (STI) oxide (an STI-oxide-corner mechanism, distinct from buried-oxide/BOX charge trapping); short-channel transistors show larger leakage-current/threshold-voltage degradation than long-channel devices, explained via a dipole-charge model for TID-enhanced short-channel effects. reversibility: not measured (no annealing study reported).","Crossref DOI-record confirmed title/5-author list/journal/volume/pages/year. Semantic Scholar and WebSearch corroborated the same mechanistic abstract content (ON-bias worst case, STI-oxide-corner positive charge, short-channel dipole explanation); an arXiv preprint of the same title (1307.0327) exists but was not used for verification.","abstract_metadata","Dominant mechanism reported is STI-oxide-corner charge trapping, NOT buried-oxide(BOX)/silicon-interface trapping specifically -- flagged so this is not conflated with true BOX-interface trap-state evidence when used in the SOI radiation-compensation discussion. Same PD-SOI technology family as R044's FD-SOI Hall-sensor simulation (partially overlapping author group: Zhang/Bi appear on both)."
"R046","Liu, Chen, Yang, Jin & He, Nucl. Instrum. Methods A 831 (2016) 334-338","Synergistic effect of mixed neutron and gamma irradiation in bipolar operational amplifier OP07","Liu Yan; Chen Wei; Yang Shanchao; Jin Xiaoming; He Chaohui","2016","Nuclear Instruments and Methods in Physics Research Section A, vol. 831, pp. 334-338","10.1016/j.nima.2016.05.072","https://doi.org/10.1016/j.nima.2016.05.072","journal_article","verified_peer_reviewed","B","measurement_chain_electronics","component: OP07 bipolar precision operational amplifier (a classic instrumentation/bias-chain building block). species: mixed reactor neutron + gamma, with separate neutron-only and gamma-only runs also performed for comparison. dose/fluence/dose_rate/temperature/bias_state: not independently confirmed (full text not accessed). quantity_changed: input offset voltage shift and input bias current increase, plus degraded frequency behavior, reported qualitatively. mechanism finding: combined neutron+gamma degradation is NOT a simple linear sum of individual TID and displacement-damage effects -- synergistic enhancement reported, input bipolar transistor stage identified as most radiation-sensitive. reversibility: not stated.","DOI/title/full author list/journal/volume/pages confirmed directly via Crossref API. Technical substance from secondary search-engine summaries; ScienceDirect blocked (403), not independently read.","metadata_only","Directly relevant because OP07 is a precision instrumentation/bias-chain op-amp; different failure mechanism (active-device gain/offset degradation) from the mineral-insulated-cable thermoelectric evidence elsewhere in this ledger. Numeric dose/fluence values could not be independently verified beyond a search-engine paraphrase."
"R047","Petrov, Tapero & Ulimov, Microelectronics Reliability 54 (2014) 1745-1748","Influence of temperature and dose rate on the degradation of BiCMOS operational amplifiers during total ionizing dose testing","A.S. Petrov; K.I. Tapero; V.N. Ulimov","2014","Microelectronics Reliability, vol. 54, pp. 1745-1748","10.1016/j.microrel.2014.07.091","https://doi.org/10.1016/j.microrel.2014.07.091","journal_article","verified_peer_reviewed","B","measurement_chain_electronics;temperature_radiation_interaction","component: BiCMOS rail-to-rail-I/O operational amplifier with bipolar input stage (a specific part number circulates in secondary summaries but is NOT independently confirmed from primary text -- flagged unverified). species: Co-60 gamma (TID) per secondary summary, unverified against primary text. dose_rate: secondary summary reports 0.01, 7.8, 11.2, and 15.7 rad(Si)/s tested -- unverified against primary text. temperature: secondary summary states room- plus elevated-temperature comparison -- unverified. quantity_changed: input bias current identified in general BiCMOS/ELDRS literature as the most dose-rate/temperature-sensitive parameter; this paper's own specific numeric result was not independently read. reversibility/annealing: not stated.","DOI/title/full author list/journal/volume/pages confirmed directly via Crossref API. ScienceDirect blocked (403); quantitative details are from an AI-generated web-search synthesis only and are explicitly flagged as unverified pending full-text access.","metadata_only","Bibliographic identity solid and topic match (BiCMOS op-amp, dose-rate/temperature interaction -- an ELDRS-relevant analog front-end failure mode) is exact, but quantitative claims above are lower-confidence than usual and should be re-verified from the PDF before citing numbers."
"R048","Vermeeren & Weber, Fusion Engineering and Design 82 (2007) 1185-1191","Induced voltages and currents in copper and stainless steel core mineral insulated cables due to radiation and thermal gradients","L. Vermeeren; M. Weber","2007","Fusion Engineering and Design, vol. 82, pp. 1185-1191 (Proc. 24th Symp. on Fusion Technology)","10.1016/j.fusengdes.2007.05.024","https://doi.org/10.1016/j.fusengdes.2007.05.024","journal_article","verified_peer_reviewed","B","measurement_chain_electronics;fusion_qualification;temperature_radiation_interaction","component/material: mineral-insulated (MgO) cable, copper-core and stainless-steel-core variants, for ITER magnetic-diagnostic coil leads. stressor: combined BR2 reactor neutron/gamma irradiation AND an imposed thermal gradient (scanning-oven-characterized double-wall guide tube) -- explicitly a joint radiation+temperature study, not radiation alone. species/spectrum: mixed reactor neutron-gamma (energy breakdown not stated). dose/fluence: not stated. quantity_changed: thermally induced EMF (TIEMF) voltages measured on unirradiated cable via scanning oven; core-to-sheath current asymmetry measured under combined irradiation+thermal-gradient. key finding: no correlation found between core-to-core voltage and core-to-sheath current asymmetry -- the two induced-signal pathways are reported as separable/non-confounded. reversibility: not stated.","DOI/title/authors/journal/volume/pages confirmed via Crossref API. Abstract content from secondary aggregator; ScienceDirect blocked (403), not read directly.","abstract_metadata","Distinct from the 06-baseline mineral-insulated-cable thermoelectric-sensitivity paper (jnucmat 2004.04.252) -- isolates the radiation+thermal-gradient interaction and core-to-sheath current asymmetry rather than pure thermoelectric sensitivity, using a different measurement setup. Companion/earlier paper by the same group is R049."
"R049","Vermeeren, Fusion Engineering and Design 74 (2005) 885-889","Experimental study of radiation-induced currents in copper and stainless steel core mineral-insulated cables in the BR2 research reactor","L. Vermeeren","2005","Fusion Engineering and Design, vol. 74, pp. 885-889 (Proc. 23rd Symp. on Fusion Technology)","10.1016/j.fusengdes.2005.06.010","https://doi.org/10.1016/j.fusengdes.2005.06.010","journal_article","verified_peer_reviewed","B","measurement_chain_electronics;fusion_qualification","component/material: six MgO mineral-insulated cables, copper-core and stainless-steel-core variants. species/spectrum: combined neutron-gamma field of the BR2 research reactor (energy breakdown not stated). dose/fluence/rate/temperature/bias: not stated. quantity_changed: induced current between inner conductor and sheath; copper-core cables showed markedly higher induced current than stainless-steel-core cables. mechanism: attributed specifically to beta decay of neutron-activation product 66Cu in the copper core -- a distinct, identified activation mechanism (not generic RIC/thermoelectric). measurement_reference: results compared against Monte-Carlo-code theoretical predictions. reversibility: not stated.","DOI/title/author/journal/volume/pages confirmed via Crossref bibliographic search (exact match). Abstract substance from secondary aggregator, not the primary ScienceDirect page (blocked, 403).","abstract_metadata","Complements the excluded 06-baseline duplicate and R048 by isolating a specific, named activation mechanism (66Cu beta decay) as a driver of core-material-dependent induced current -- directly useful for choosing cable core material in a rad-tolerant readout chain."
"R050","Jeong, Ro, Lee, Kang & Lee, Electronics 7 (2018) 429","A Radiation-Hardened Instrumentation Amplifier for Sensor Readout Integrated Circuits in Nuclear Fusion Applications","Kyungsoo Jeong; Duckhoon Ro; Gwanho Lee; Myounggon Kang; Hyung-Min Lee","2018","Electronics, vol. 7, issue 12, article 429","10.3390/electronics7120429","https://doi.org/10.3390/electronics7120429","journal_article","verified_peer_reviewed","B","measurement_chain_electronics;fusion_qualification","SIMULATION/DESIGN study, NOT an experimental irradiation measurement -- abstract states the design 'was verified through simulation using 65 nm CMOS technology.' component: proposed instrumentation-amplifier (IA) topology for a sensor-readout IC for nuclear-fusion-reactor diagnostics. method: SPICE circuit simulation using TID-degraded compact BSIM4 transistor models (parameters degraded by TID fed into the transistor model, not physical irradiation of a fabricated chip). target/claimed tolerance: stable simulated performance quoted up to 1 MGy TID. reported simulated performance: voltage gain adjustable 3-15, bandwidth up to 400 kHz, power consumption 34.6 uW. The IA includes TID-effect monitoring and adaptive-reference-control functions intended to compensate drift. Not applicable: species/dose_rate/temperature/bias_state during 'exposure' (no physical irradiation).","Full record including abstract text retrieved directly from Crossref (publisher-supplied abstract). Follow-up search corroborated the SPICE/BSIM4-with-TID-degraded-parameters verification method.","abstract_metadata","SIMULATION_ONLY -- must not be cited as experimental validation. Relevant as an example of radiation-hardened analog front-end design practice specifically for fusion sensor-readout ICs, and as a design target (1 MGy) against which any hybrid Hall+coil readout electronics budget should be compared."
"R051","Chen, Chen, Kierstead, Takai, Rescia, Hu, Xu, Mead, Lanni & Minelli, J. Instrum. 10 (2015) P08009","Evaluation of commercial ADC radiation tolerance for accelerator experiments","K. Chen; H. Chen; J. Kierstead; H. Takai; S. Rescia; X. Hu; H. Xu; J. Mead; F. Lanni; M. Minelli","2015","Journal of Instrumentation, vol. 10, article P08009","10.1088/1748-0221/10/08/p08009","https://doi.org/10.1088/1748-0221/10/08/P08009","journal_article","verified_peer_reviewed","A","measurement_chain_electronics","component: 17 commercial ADCs evaluated for TID tolerance, with extensive single-event-upset (SEU) testing performed specifically on 12-bit and 14-bit parts. species/source for SEE testing: not stated in the abstract text inspected. TID source/dose/dose_rate/temperature/bias: not stated in the abstract text inspected. quantity_changed: paper reports development of a test technique for ADC radiation-tolerance evaluation and SEE mitigation strategies; exact numeric TID thresholds or SEU cross-sections were not present in the abstract text retrieved. reversibility: not stated.","Abstract page fetched directly from the publisher (IOPscience); DOI/journal/volume/article number confirmed on the same page. Only abstract-level text inspected (confirmed: 'A total of seventeen commercial ADCs were evaluated for ionizing dose tolerance and extensive SEU measurements performed on a twelve and fourteen bit ADCs'); full text with numeric results not accessed.","abstract_metadata","JINST is the standard peer-reviewed venue for HEP/accelerator instrumentation; a widely-applicable evaluation of COTS ADC radiation tolerance directly relevant to the digitizer stage of a hybrid Hall+coil readout chain. Full-text retrieval needed before citing specific TID/SEU numbers."
"R052","Boulghassoul et al., IEEE Trans. Nucl. Sci. 51 (2004) 3529-3536","Investigation of millisecond-long analog single-event transients in the LM6144 op amp","Y. Boulghassoul; S. Buchner; D. McMorrow; V. Pouget; L.W. Massengill; P. Fouillat; W.T. Holman; C. Poivey; J.W. Howard; M. Savage; M.C. Maher","2004","IEEE Transactions on Nuclear Science, vol. 51, pp. 3529-3536","10.1109/tns.2004.839196","https://doi.org/10.1109/TNS.2004.839196","journal_article","verified_peer_reviewed","A","measurement_chain_electronics","component: LM6144 low-power CMOS operational amplifier (representative low-frequency precision analog front-end device). phenomenon: single-event transients (SET) with millisecond-scale pulse durations, described as unprecedented duration for a linear IC at time of publication (up to ~3 orders of magnitude longer than previously reported analog-IC SETs per secondary description). method: heavy-ion broadbeam testing, picosecond pulsed-laser mapping, circuit-level modeling. localization: root cause traced to the bias/startup circuitry block within the op amp being sensitive to a single ionizing-particle strike, which can corrupt overall circuit operation. species/LET/dose/temperature/bias: not independently confirmed from primary text. annealing/persistence: transient by definition (SET); exact recovery timescale distribution not confirmed beyond 'millisecond-long.'","DOI/title/full 11-author list/journal/volume/pages confirmed directly via Crossref API. Mechanism/finding description from a secondary web-search synthesis, not an independently read full-text PDF.","metadata_only","Directly relevant to SEE risk in a precision DC/low-frequency analog front end -- a single particle strike in bias/startup circuitry can produce a millisecond-scale output corruption, a distinct failure mode from TID drift, to be treated separately in the measurement-chain risk model. A companion paper on the LM124 op amp by an overlapping group (DOI 10.1109/tns.2004.835111) was identified but not included separately to avoid redundancy."
"R053","Tyutnev, Saenko, Pozhidaev & Abrameshin, Results in Physics 28 (2021) 104672","Radiation-induced conductivity in polyethyleneterephthalate and polyimide: Trap distribution effects","Andrey Tyutnev; Vladimir Saenko; Evgenii Pozhidaev; Andrey Abrameshin","2021","Results in Physics, vol. 28, article 104672","10.1016/j.rinp.2021.104672","https://doi.org/10.1016/j.rinp.2021.104672","journal_article","verified_peer_reviewed","B","measurement_chain_electronics","material: polyethyleneterephthalate (PET) and polyimide (Kapton-type -- a common cable/wire insulation and flex-circuit substrate). phenomenon: radiation-induced conductivity (RIC), a transient increase in dielectric leakage conductivity during/after ionizing irradiation. model: aggregate two-exponential trap-distribution model proposed to explain non-standard temporal RIC behavior (deep-trap contribution), extending the conventional single-exponential trap-distribution law. species/dose/dose_rate/temperature/bias: not independently confirmed (ScienceDirect blocked, 403; not read directly -- appears from context to be an electron-beam/lab-source study typical of this author group's prior work, but the specific species/dose for THIS paper was not confirmed). quantity_changed: electrical conductivity (magnitude not confirmed). reversibility: RIC is inherently a during-and-shortly-after-irradiation phenomenon by definition; explicit persistence data for this paper not confirmed.","DOI/title/authors/journal/volume/article number confirmed via Crossref API bibliographic search. Content from secondary synthesis of secondary listings (DOAJ record title/venue confirmed, but DOAJ abstract page also blocked, 403).","metadata_only","Genuinely different mechanism from the mineral-insulated-cable thermoelectric-sensitivity evidence elsewhere in this ledger: addresses polymer (organic-insulation) RIC leakage-current physics rather than metal/MgO-cable thermoelectric EMF -- relevant to any polymer-insulated wiring or flex-circuit substrate in the readout chain (as opposed to the mineral-insulated coil leads covered by R048/R049/R056-R060)."
"R054","Gonzalez-Teodoro, Martin, Edlington, Martin, Millot, Baross, Palankai, Szalardy, Korossy-khayll & Nagy, Fusion Engineering and Design 127 (2018) 99-105","In vessel electrical integration in ITER -- Requirements & solutions","Jorge R. Gonzalez-Teodoro; Patrick Martin; Trevor Edlington; Alex Martin; Charles Millot; Teteny Baross; Miklos Palankai; Sandor Szalardy; Andras Korossy-khayll; Daniel Nagy","2018","Fusion Engineering and Design, vol. 127, pp. 99-105","10.1016/j.fusengdes.2017.12.001","https://doi.org/10.1016/j.fusengdes.2017.12.001","journal_article","verified_peer_reviewed","A","measurement_chain_electronics;fusion_qualification","scope: engineering requirements and solutions for ITER's in-vessel electrical infrastructure -- in-vessel cabling (IVC), in-vessel supports (IVS), in-divertor electrical services (IDES), in-vessel electrical feedthroughs (IV-EFT), i.e. cabling/connector/feedthrough hardware for the diagnostic/instrumentation chain rather than the sensor die itself. environment: combined radiation, high-temperature, vacuum, and electromagnetic (disruption/EM) stress of the ITER vacuum vessel. specific numeric dose/fluence/temperature limits/pass-fail criteria: not independently confirmed (topical/programmatic description only, full text not accessed). component detail: cables predominantly mineral-insulated (MI), multiple configurations (twisted pair, quad core, triaxial, coaxial), routed from sensor through the in-vessel loom to vacuum feedthroughs.","DOI/title/full 10-author list/journal/volume/pages confirmed directly via Crossref API. Programmatic/architectural description from search-engine synthesis; ScienceDirect abstract not independently read.","metadata_only","Clearest available peer-reviewed engineering reference specifically on ITER in-vessel connector/feedthrough/cabling integration (distinct from bare cable material physics) -- fills the connectors-and-packaging part of the measurement-chain scope that pure cable-physics papers do not cover. Quantitative qualification numbers should be pulled from the full text before use."
"R055","Aksteiner & Budroweit, Proc. 2021 RADECS, pp. 1-4","Total Ionizing Dose Effects on Current Sense Amplifiers","N. Aksteiner; J. Budroweit","2021","2021 21st European Conference on Radiation and Its Effects on Components and Systems (RADECS), pp. 1-4","10.1109/radecs53308.2021.9954538","https://doi.org/10.1109/RADECS53308.2021.9954538","conference_paper","verified_peer_reviewed","C","measurement_chain_electronics","component: current sense amplifier(s), a direct analog of a Hall-bias/excitation current-sensing front-end element. phenomenon: total ionizing dose (TID) effects on device performance. specific device model/species/dose/dose_rate/temperature/bias/exact quantities changed (offset, gain error): not independently confirmed -- only the Crossref bibliographic record was retrieved; abstract text was not accessed.","DOI/title/both authors (DLR Institute for Space Systems, Bremen)/conference venue/page range confirmed directly via Crossref API. Abstract/full text not retrieved; no secondary summary found either, so no technical claims beyond bibliographic identity are asserted.","metadata_only","RADECS is an established peer-reviewed radiation-effects conference (IEEE-published proceedings), used alongside NSREC/REDW as a primary venue for component-level TID/SEE data -- included at tier C because content beyond the title could not be verified. Current sense amplifiers are a direct analog of a Hall-sensor bias/excitation-current front end. A related 2024 REDW paper by an overlapping group (DOI 10.1109/redw61286.2024.10759185) was identified via Crossref but not included separately to avoid near-duplicate citation without independent content verification."
"R056","Van Nieuwenhove & Vermeeren, Fusion Engineering and Design 66-68 (2003) 821-825","Study of the radiation induced electromotive force effect on mineral insulated cables for magnetic diagnostics in ITER","R. Van Nieuwenhove; L. Vermeeren","2003","Fusion Engineering and Design, vol. 66-68, pp. 821-825","10.1016/s0920-3796(03)00328-4","https://doi.org/10.1016/s0920-3796(03)00328-4","journal_article","verified_peer_reviewed","A","measurement_chain_coil;fusion_qualification","material: MgO mineral-insulated (MI) cable for ITER magnetic-diagnostic coils, copper vs stainless-steel core variants reportedly compared (per aggregated secondary summary, not independently confirmed against this exact DOI's text). species: combined neutron-gamma reactor field (spectrum not confirmed for this DOI). dose/fluence/rate/temperature/bias/annealing: not independently confirmed. quantity_changed: radiation-induced electromotive force (RIEMF)/non-inductive voltage in MI cable signal loops. direction/magnitude: ITER requirement is to keep such non-inductive voltage well below 1 microvolt to support 3000 s long-pulse operation (per aggregated secondary summary). reversibility: not stated.","DOI/title/authors/journal/volume/pages/year confirmed via Crossref bibliographic query (exact match). ScienceDirect and ResearchGate blocked (403); content from an aggregated multi-result WebSearch summary covering this paper and closely related companion papers, not disambiguated field-by-field to this specific DOI's abstract.","metadata_only","Foundational, most-cited paper establishing RIEMF as a real quantitative constraint on ITER Mirnov/flux-loop-type MI-cable coils. Companion/cluster papers R057-R060 address the same phenomenon with different material/reactor combinations -- full-text retrieval needed before citing exact dose/fluence numbers."
"R057","Vila & Hodgson, Journal of Nuclear Materials 329-333 (2004) 1524-1528","RIEMF in MgO and Al2O3 insulated MI cable ITER magnetic diagnostic coils","R. Vila; E. R. Hodgson","2004","Journal of Nuclear Materials, vol. 329-333, pp. 1524-1528","10.1016/j.jnucmat.2004.04.253","https://doi.org/10.1016/j.jnucmat.2004.04.253","journal_article","verified_peer_reviewed","B","measurement_chain_coil;fusion_qualification","material: mineral-insulated (MI) cable for ITER magnetic-diagnostic coils, comparing MgO vs Al2O3 (alumina) insulation. species/dose/fluence/rate/temperature/bias/annealing: not independently confirmed (title/topic indicates reactor irradiation consistent with the RIEMF program). quantity_changed: radiation-induced electromotive force (RIEMF), compared across the two insulator chemistries; direction/magnitude not confirmed (abstract not retrieved). reversibility: not stated.","DOI/title/authors/journal/volume/pages/year confirmed via Crossref bibliographic query and direct DOI lookup (consistent). ScienceDirect page and Semantic Scholar both returned no retrievable abstract (Semantic Scholar explicitly reported 'abstract elided by publisher').","metadata_only","Distinct DOI from the excluded 06-baseline duplicate (10.1016/j.jnucmat.2004.04.252, Nishitani et al., same J. Nucl. Mater. issue) -- verified these are two separate papers in the same conference-proceedings volume, not the same article. Companion/cluster paper to R056."
"R058","Shikama, Narui & Sagawa, Nucl. Instrum. Methods B 122 (1997) 650-656","Radiation induced electromotive force in mineral insulated cable under reactor irradiation","Tatsuo Shikama; Minoru Narui; Tsutomu Sagawa","1997","Nuclear Instruments and Methods in Physics Research Section B, vol. 122, pp. 650-656","10.1016/s0168-583x(96)00786-0","https://doi.org/10.1016/s0168-583x(96)00786-0","journal_article","verified_peer_reviewed","B","measurement_chain_coil;fusion_qualification","material: mineral-insulated (MI) cable (composition not confirmed, likely MgO given the same research lineage as the ITER RIEMF program). species: 'reactor irradiation' (mixed neutron-gamma test-reactor field, exact spectrum not confirmed). dose/fluence/rate/temperature/bias/annealing: not independently confirmed. quantity_changed: radiation-induced electromotive force (RIEMF) in the cable signal loop; direction/magnitude not confirmed (abstract not retrieved). reversibility: not stated.","DOI/title/authors/journal/volume/pages/year confirmed via two independent Crossref bibliographic queries (consistent) and Semantic Scholar metadata lookup (title/authors/year match; abstract explicitly 'elided by the publisher'). Elsevier page blocked (403).","metadata_only","Earlier (1997) Tohoku-University-group precursor to the ITER-specific RIEMF papers (R056/R057/R059/R060); establishes RIEMF as a general MI-cable phenomenon under reactor irradiation before the ITER-targeted studies. Prior art, not a duplicate (different authors, DOI, date)."
"R059","Vermeeren & Van Nieuwenhove, Review of Scientific Instruments 74 (2003) 4667-4674","Theoretical study of radiation induced electromotive force effects on mineral insulated cables","L. Vermeeren; R. Van Nieuwenhove","2003","Review of Scientific Instruments, vol. 74, issue 11, pp. 4667-4674","10.1063/1.1622976","https://doi.org/10.1063/1.1622976","journal_article","verified_peer_reviewed","A","measurement_chain_coil;fusion_qualification","SIMULATION/THEORETICAL paper (companion to the experimental R060), per its own title. material: mineral-insulated (MI) cable as used in ITER magnetic-diagnostic coils. Exposure conditions modeled/parametric rather than a single fixed experimental condition -- not independently confirmed in detail. quantity addressed: analytical/numerical model of the RIEMF generation mechanism in MI cable. reversibility: not applicable (theoretical paper).","DOI/title/authors/journal/volume/issue/pages/year confirmed via Crossref bibliographic query. doi.org redirect confirmed target publisher page exists, but page itself returned HTTP 403; Semantic Scholar confirmed title/authors/year, abstract publisher-restricted.","metadata_only","SIMULATION_ONLY per its own title -- must not be described as an experimental/measured result. Direct companion to R060 (same issue, same DOI prefix, next page range)."
"R060","Van Nieuwenhove & Vermeeren, Review of Scientific Instruments 74 (2003) 4675-4682","Experimental study of radiation induced electromotive force effects on mineral insulated cables","R. Van Nieuwenhove; L. Vermeeren","2003","Review of Scientific Instruments, vol. 74, issue 11, pp. 4675-4682","10.1063/1.1622977","https://doi.org/10.1063/1.1622977","journal_article","verified_peer_reviewed","A","measurement_chain_coil;fusion_qualification","EXPERIMENTAL companion to R059 (confirmed). material: mineral-insulated (MI) cable, ITER-relevant magnetic-diagnostic-coil configuration. species/dose/fluence/rate/temperature/bias/annealing: none independently confirmed -- full text/abstract not retrievable (AIP page 403, Semantic Scholar abstract elided). quantity_changed: measured RIEMF validating the companion theoretical model (R059); direction/magnitude not confirmed. reversibility: not stated.","DOI/title/authors/journal/volume/issue/pages/year confirmed via Crossref bibliographic query; doi.org redirect confirmed to the correct AIP page (URL slug corroborates title match), but page content returned HTTP 403; Semantic Scholar confirmed title/authors/year, abstract publisher-restricted.","metadata_only","Genuine hardware-based EXPERIMENTAL result (not simulation) -- title and URL slug independently corroborate this -- but quantitative dose/temperature/EMF-magnitude details could not be extracted from any accessible source and must be treated as unconfirmed until full text is obtained."
"R061","Megusar, Journal of Nuclear Materials 245 (1997) 185-190","Low temperature fast-neutron and gamma irradiation of Kapton polyimide films","Janez Megusar","1997","Journal of Nuclear Materials, vol. 245, pp. 185-190","10.1016/s0022-3115(97)00012-3","https://doi.org/10.1016/s0022-3115(97)00012-3","journal_article","verified_peer_reviewed","B","measurement_chain_coil;temperature_radiation_interaction","material: Kapton (polyimide) film -- organic insulation, the class used for coil winding/cable insulation in lower-radiation-tolerance applications. species: fast neutrons and gamma rays (combined/separate irradiation per title, split not confirmed). fluence/dose_rate: not independently confirmed. temperature_during: explicitly 'low temperature' per title (likely cryogenic, consistent with superconducting-magnet-insulation testing context; exact value not confirmed). bias_state: not applicable (passive material sample). quantity_changed: mechanical/structural degradation of the polyimide film (specific property not confirmed). reversibility: not stated.","DOI/title/author/journal/volume/pages/year confirmed via Crossref bibliographic query. Publisher abstract not independently retrieved this session (consistent Elsevier 403 pattern established elsewhere).","metadata_only","Directly on point for the organic-vs-mineral/ceramic insulation radiation-resistance comparison required by this stage's scope. Companion paper (same author, same low-temperature irradiation program, different material) is R062."
"R062","Megusar, Cryogenics 38 (1998) 91-97","Low-temperature fast-neutron and gamma irradiation of alumina","J. Megusar","1998","Cryogenics, vol. 38, pp. 91-97","10.1016/s0011-2275(97)00116-1","https://doi.org/10.1016/s0011-2275(97)00116-1","journal_article","verified_peer_reviewed","B","measurement_chain_coil;temperature_radiation_interaction","material: alumina (Al2O3) -- the ceramic/mineral-class insulator identified elsewhere in this ledger as a preferred near-first-wall electrical insulator for ITER-class radiation levels. species: fast neutrons and gamma rays. fluence/dose_rate: not independently confirmed. temperature: 'low temperature' per title (cryogenic, exact value not confirmed). bias_state: not applicable. quantity_changed: mechanical/structural property of alumina (specific parameter not confirmed, abstract not retrieved). reversibility: not stated.","DOI/title/author/journal/volume/pages/year confirmed via Crossref bibliographic query. Abstract/full text not independently retrieved.","metadata_only","Direct ceramic-insulator counterpart to R061 (Kapton, organic insulator), same author and irradiation program -- together the pair supports the organic-vs-ceramic insulation comparison required by this stage. Cryogenic-temperature condition is a caveat: results may not directly transfer to room/elevated-temperature coil operation without explicit extrapolation."
"R063","Gusarov, Beaumont & JET Contributors, Sensors 25 (2025) 6552","Assessment of Neutron Radiation Effects on the Fiber Optics Current Sensor Performance During JET DTE2 Experimental Campaign","Andrei Gusarov; Perry Beaumont; JET Contributors","2025","Sensors, vol. 25, issue 21, article 6552","10.3390/s25216552","https://doi.org/10.3390/s25216552","journal_article","verified_peer_reviewed","A","measurement_chain_coil;fusion_qualification","species: primary 14 MeV D-T fusion neutrons plus secondary gamma radiation from activated JET components/prompt reactions during JET DTE2 -- real in-machine mixed field, not a surrogate source. fluence: total D-T neutron fluence during DTE2 ~8.5e20 n; peak neutron flux at the FOCS location ~1.5e12 n/cm^2/s; dose rate to silicon ~4.13e-19 Gy per source neutron; displacement damage ~2e-27 DPA per source particle in SiO2. temperature: not explicitly stated. bias_state: not applicable -- passive Faraday-effect optical sensor, not a biased semiconductor. device: Fibre Optics Current Sensor (FOCS), the ITER-baseline plasma-current diagnostic intended to substitute/complement Rogowski-type magnetic current measurement under D-T conditions. quantity_changed: Verdet constant +/-4% shot-to-shot variation, a possible slow ~0.7% increase across the 2021 campaign fit but with low statistical confidence (R^2); degree of polarization showed a small but detectable decrease correlated with plasma-operation periods; signal amplitude varied ~3x long-term, attributed to laser-source fluctuation, not radiation. measurement_reference: continuous comparison against the Continuous External Rogowski (CER) coil signal, corrected for toroidal-field-coil cross-sensitivity. calibration: continuous in-situ comparative validation against the CER reference throughout exposure, no separate discrete pre-/post step described. reversibility: not directly addressed; authors conclude FOCS 'will effectively perform current measurements during ITER nuclear operation' -- no disqualifying degradation found.","Read full open-access article via PubMed Central (PMC12609596), including abstract and quoted results figures; metadata cross-checked against the MDPI article page.","full_text","Not a Hall-effect magnetic sensor, but a fiber-optic Faraday-effect current sensor that is functionally the ITER-baseline alternative to a magnetic (Rogowski) plasma-current diagnostic and is explicitly calibrated/cross-checked against a Rogowski-type magnetic reference channel -- included as real, recent (2025), in-machine D-T radiation-field evidence for how a magnetic-diagnostic-adjacent measurement chain is validated under actual fusion neutron/gamma exposure. Companion pre-DTE2 paper is R077. Independently found by two research passes (coil/integrator domain and fusion-qualification domain) -- merged into one row."
"R064","Gusarov, Terentyev & Wuilpart, Photonics 13 (2026) 277","Gamma Irradiation Effect on the Verdet Constant of Standard Single-Mode Ge-Doped Optical Fibre","Andrei Gusarov; Dmitry Terentyev; Marc Wuilpart","2026","Photonics, vol. 13, issue 3, article 277","10.3390/photonics13030277","https://doi.org/10.3390/photonics13030277","journal_article","verified_peer_reviewed","B","measurement_chain_coil;fusion_qualification","material/component: standard single-mode Ge-doped optical fiber (per WebSearch-aggregated summary, Corning SMF-28e), the fiber type used in Faraday-effect current/field sensors (FOCS). species: gamma irradiation (isotope/spectrum not confirmed beyond 'gamma'). dose/fluence/rate/temperature/bias: not independently confirmed. quantity_changed: Verdet constant -- the magneto-optic coefficient that directly sets Faraday-sensor gain/sensitivity, the fiber-optic analog of coil effective-area/gain stability; direction/magnitude not independently confirmed (only a partial WebSearch-aggregated summary obtained). reversibility: not stated.","DOI/title/authors/journal/volume/article number/year confirmed via Crossref bibliographic query (direct match, single result). Full abstract not independently retrieved; content limited to a WebSearch-aggregated summary explicitly attributed to this title.","metadata_only","Directly relevant because Verdet-constant drift under radiation is the fiber-optic-sensor equivalent of effective-area/gain stability under radiation required by this stage's scope. Very recent (2026 cover date), same lead author (Gusarov) as R063 -- an active, coherent research program on this exact question."
"R065","Maslov, Kos, Ghani, Milocco, Huang, Gray & Ipatova, Fusion Engineering and Design 215 (2025) 115011","Radiation effects in optical fibres measured during JET DT plasma experiments","M. Maslov; D. Kos; Z. Ghani; A. Milocco; Z. Huang; B. Gray; I. Ipatova","2025","Fusion Engineering and Design, vol. 215, article 115011","10.1016/j.fusengdes.2025.115011","https://doi.org/10.1016/j.fusengdes.2025.115011","journal_article","verified_peer_reviewed","B","measurement_chain_coil;fusion_qualification","material/component: 60 m pure fused-silica optical fiber (general radiation-hardness test sample, not a specific current sensor); high-OH radiation-resistant fiber used for a remote-readout link. species: 14 MeV D-T fusion neutrons plus gamma, from real JET D-T plasma pulses (2021 and 2023 DTE campaigns) -- a real fusion-neutron spectrum, not a fission-reactor proxy. fluence: accumulated in situ during the campaigns, exact numeric value not independently confirmed. dose_rate: pulsed, tied to individual JET plasma pulses (real-time monitoring during and between pulses per abstract). temperature: not stated. bias_state: fiber passively monitored optically in real time, not carrying a magnetic-field signal itself. annealing: real-time change tracked during and between plasma pulses, implying some inter-pulse partial-recovery behavior was observable, but not explicitly quantified. quantity_changed: optical properties of the fiber (radiation-induced attenuation, by implication of the setup); exact metric/magnitude not independently confirmed. reversibility: partially addressed by the real-time between-pulse monitoring design, not quantified.","DOI/title/authors/journal/volume/article number/year confirmed via Crossref bibliographic query. Abstract content from a WebSearch-aggregated summary explicitly attributed to this title/DOI; ScienceDirect blocked (403), not independently read in full.","metadata_only","Real, in-situ, real-D-T-neutron EXPERIMENTAL measurement (not simulation) of optical-fiber radiation response under actual fusion-relevant conditions -- directly relevant to the reliability of any fiber-optic (Faraday) coil-adjacent sensor or fiber-based readout link."
"R066","Baruzzo, Artaserse, Henriques, Gerasimov, Lam, Lomas, Otin, Rimini, Tsalas & Van Boxel, Fusion Engineering and Design 150 (2020) 110863","Fault analysis and improved design of JET in-vessel Mirnov coils","M. Baruzzo; G. Artaserse; R. B. Henriques; S. Gerasimov; N. Lam; P. J. Lomas; R. Otin; F. Rimini; M. Tsalas; S. Van Boxel","2020","Fusion Engineering and Design, vol. 150, article 110863","10.1016/j.fusengdes.2019.02.123","https://doi.org/10.1016/j.fusengdes.2019.02.123","journal_article","verified_peer_reviewed","A","measurement_chain_coil;fusion_qualification","component: JET in-vessel Mirnov (B-dot) coils; original design used high-bandwidth titanium (Ti) wire windings, replaced with copper-alloy (Cu alloy) wire, remote-handling-replaceable, installed 2016-17. environment: high-radiation, high-electromagnetic-force in-vessel environment of JET with the ITER-like wall (mixed neutron/gamma plus large disruption-induced electromagnetic loads -- the two stressors are NOT disaggregated in the available summary). dose/fluence/temperature: not independently confirmed. bias_state: coils in normal diagnostic operation (energized/read out) during the fault period. quantity_changed: coil winding integrity -- 'severe faults' in the original Ti-wire high-bandwidth coils reported, attributed by the paper's scope to combined radiation environment and large electromagnetic-force (pulsed operation/disruption) stress, motivating a change in conductor material and mechanical design. reversibility: NOT reversible -- coils required physical replacement via remote handling.","DOI/title/authors/journal/volume/article number/year confirmed via Crossref bibliographic query. Content (failure narrative, Ti-to-Cu-alloy redesign, remote-handling replacement) from a WebSearch-aggregated summary explicitly attributed to this paper's abstract; ScienceDirect not fetched.","abstract_metadata","Genuine documented in-vessel Mirnov-coil FAILURE case at an operating tokamak -- directly relevant to coil qualification and to the failure-mode/limitations section of the broader mission. Caution: the paper attributes the fault to combined radiation environment AND electromagnetic/disruption forces; do not attribute the failure to radiation alone without the full text disaggregating the two stressors. DUPLICATE of folder 06 ledger row S0082 (same DOI) -- do not count as new-vs-06 at final-ledger-merge stage."
"R067","Hotting, Kroninger, Mentzel, Weingarten, Markgraf, Pitann & Sporl, 2020 WiSEE, pp. 24-28","Study of radiation-induced frequency shifts in quarz crystal oscillators","Marius Hotting; Kevin Kroninger; Florian Mentzel; Jens Weingarten; Markus Markgraf; Jan Pitann; Andreas Sporl","2020","2020 IEEE International Conference on Wireless for Space and Extreme Environments (WiSEE), pp. 24-28","10.1109/wisee44079.2020.9262639","https://doi.org/10.1109/wisee44079.2020.9262639","conference_paper","verified_peer_reviewed","B","measurement_chain_integrator","component: quartz crystal oscillators -- the timing/reference-clock element relevant to digital-integrator sample-clock accuracy. species/dose/fluence/rate/temperature: not independently confirmed for this specific paper (general topic per title is radiation-induced frequency shift). bias_state: oscillators presumably powered/operating to measure frequency shift, inferred from measurement type, not confirmed from text. quantity_changed: oscillator output frequency; direction/magnitude not independently confirmed (only the title-level topic confirmed). reversibility: not stated.","DOI/title/full author list/conference name/location/dates/pages/year confirmed directly via Crossref DOI record lookup (type: proceedings-article), confirming a genuine peer-reviewed IEEE conference paper. Abstract/full text not independently retrieved.","metadata_only","Space/general-electronics context, not fusion-specific -- included as the most directly on-topic verified peer-reviewed source found for timing/reference oscillator radiation effects relevant to integration accuracy, a domain element explicitly listed in this stage's scope."
"R068","Akiyama, Akazawa, Kunitoku, Manabe, Sato, Iwamoto, Imagawa & Nishijima, Radiation Physics and Chemistry 199 (2022) 110372","Study on irradiation effect of insulating materials for fusion superconducting magnets -interlaminar shear strength at liquid helium temperature-","Yoko Akiyama; Nobuto Akazawa; Yuta Kunitoku; Yuichiro Manabe; Fuminobu Sato; Akifumi Iwamoto; Shinsaku Imagawa; Shigehiro Nishijima","2022","Radiation Physics and Chemistry, vol. 199, article 110372","10.1016/j.radphyschem.2022.110372","https://doi.org/10.1016/j.radphyschem.2022.110372","journal_article","verified_peer_reviewed","B","measurement_chain_coil;fusion_qualification;temperature_radiation_interaction","material: fiber-reinforced-plastic (FRP)-class insulating materials used in fusion superconducting-magnet coil winding (specific resin/reinforcement not confirmed). species/dose/fluence/rate: not independently confirmed. temperature_during_test: liquid helium temperature (cryogenic, ~4 K), explicit per title. bias_state: not applicable (mechanical test coupon). quantity_changed: interlaminar shear strength (mechanical/structural property of the coil-winding insulation); direction/magnitude not confirmed. reversibility: not applicable/not stated (mechanical degradation generally treated as persistent, not confirmed for this specific paper).","DOI/title/full 8-author list/journal/volume/article number/year confirmed via Crossref bibliographic query; an SSRN preprint of the same title/authors (10.2139/ssrn.4066439) was also found and explicitly excluded from citation -- only the peer-reviewed journal version is used.","metadata_only","Addresses coil-winding insulation under a combined radiation-plus-cryogenic-temperature condition (fusion superconducting magnets), adjacent to but distinct from a Mirnov/flux-loop signal coil -- relevant primarily to the temperature-radiation interaction and insulation-embrittlement elements of this stage's scope, not to signal-coil effective-area stability directly."
"R069","Moreau, Spuig, Le-luyer, Malard, Cantone, Pastor, Saint-Laurent, Vayakis, Delhom, Arshad, Lister, Toussaint, Marmillod, Testa, Schlatter & Peruzzo, Fusion Engineering and Design 96-97 (2015) 878-881","Development of the ITER Continuous External Rogowski: From conceptual design to final design","Philippe Moreau; Pascal Spuig; Alain Le-luyer; Philippe Malard; Bruno Cantone; Patrick Pastor; Francois Saint-Laurent; George Vayakis; Dominique Delhom; Shakeib Arshad; Jonathan Lister; Matthieu Toussaint; Philippe Marmillod; Duccio Testa; Christian Schlatter; Simone Peruzzo","2015","Fusion Engineering and Design, vol. 96-97, pp. 878-881","10.1016/j.fusengdes.2015.04.047","https://doi.org/10.1016/j.fusengdes.2015.04.047","journal_article","verified_peer_reviewed","A","measurement_chain_coil;fusion_qualification","component: ITER Continuous External Rogowski (CER) -- the primary plasma-current diagnostic coil built into the ITER toroidal-field (TF) coils. location/environment: mounted inside the TF coils, where neutron flux/nuclear radiation is stated (per WebSearch-aggregated summary) to be reduced to levels 'acceptable for most materials' -- i.e., explicitly sited to avoid the harshest in-vessel radiation zone rather than to withstand it. species/dose/fluence/rate/temperature: not independently confirmed numerically. quantity addressed: effective-area/orientation calibration -- a specially designed calibration rig records each sensor's effective axis to ~0.1 mrad; 'calibration of the effective area with frequency' stated to be in preparation at time of writing. bias_state: not applicable (passive winding, calibrated with a driven reference). reversibility: not applicable (design/qualification paper, not a degradation study).","DOI/full 16-author list/journal/volume/pages/year confirmed via Crossref bibliographic query (exact single-result match). ScienceDirect not independently read in full; content from a WebSearch-aggregated summary attributed to this paper and the CER program generally.","metadata_only","A coil EFFECTIVE-AREA/geometric-calibration reference for the primary ITER plasma-current diagnostic, directly relevant to the effective-area/turns-ratio-stability element of this stage's scope, though the paper is a design/development paper documenting the calibration method rather than reporting a radiation-induced effective-area drift value. Companion qualification/integration follow-up is R070. DUPLICATE of folder 06 ledger row S0151 (same DOI) -- do not count as new-vs-06 at final-ledger-merge stage."
"R070","Ma et al., Fusion Engineering and Design 196 (2023) 113984","Procedure qualification and integration of the continuous external Rogowski diagnostics to the superconducting magnets of ITER tokamak","Y. Ma; M. Nakamoto; T. Sakurai; Y. Kiyoshi; M. Iguchi; Y. Hong; B. Bellesia; P. Aprili; C. Luongo; S. Koczorowski; K. Gomikawa; V. Tronza; H. Nishino; B. Peluso; G. Gros; F. Pelcot; A. Hattat; S. Huguenot; F. Bony; J. Lama; E. Fujiwara; Y. Okada; M. Yamane; A. Baratta; D. Battaglia; H. Marteil; G. Counsell; G. Vayakis; M. Walsh","2023","Fusion Engineering and Design, vol. 196, article 113984","10.1016/j.fusengdes.2023.113984","https://doi.org/10.1016/j.fusengdes.2023.113984","journal_article","verified_peer_reviewed","B","measurement_chain_coil;fusion_qualification","component: ITER Continuous External Rogowski (CER) diagnostics, physically integrated (resin-encapsulated) onto the ITER superconducting TF coils. process: qualification of the manufacturing/installation procedure and dimensional/electrical-performance verification. species/dose/fluence/temperature: not stated/not applicable (installation/procedure-qualification paper, not an irradiation study). bias_state: not applicable. quantity addressed: dimensional accuracy and electrical performance of the installed CER winding meeting design targets (per aggregated summary). reversibility: not applicable.","DOI/full 29-author list/journal/volume/article number/year confirmed via Crossref bibliographic query (exact single-result match). ScienceDirect not independently read in full; content from a WebSearch-aggregated summary attributed to the CER installation/integration program.","metadata_only","Real-hardware INTEGRATION/qualification milestone (installed and resin-encapsulated onto actual ITER TF coils) rather than a radiation-exposure test -- relevant to fusion-diagnostic-specific coil qualification practice, but does not itself report a radiation-induced degradation measurement. Pair with R069 for the full CER design-to-installation lineage."
"R071","Sentkerestiova, Ceran, Kovarik, Viererbl & Kohout, Fusion Engineering and Design 88 (2013) 1310-1314","Performance of metal Hall sensors based on copper","Jana Sentkerestiova; Ivan Ceran; Karel Kovarik; Ladislav Viererbl; Michal Kohout","2013","Fusion Engineering and Design, vol. 88, issue 6-8, pp. 1310-1314","10.1016/j.fusengdes.2013.02.055","https://doi.org/10.1016/j.fusengdes.2013.02.055","journal_article","verified_peer_reviewed","B","direct_hall_neutron;fusion_qualification;temperature_radiation_interaction","species: neutrons, fission-reactor spectrum, LVR-15 light-water tank reactor, irradiation channel near reactor core. fluence: up to ~1e18 n/cm^2 in a run of several hours, post-irradiation characterization reported to a cumulative 2e18 n/cm^2. fluence_rate/bias_state/annealing: not stated. temperature: sensitivity reported constant over 100-250C (ITER-relevant range) -- not confirmed whether this is irradiation temperature or only post-irradiation test temperature. device_material: thin (<1 micron) copper active-layer Hall element on Al2O3 direct-bond-copper (DBC) ceramic substrate, etched 0.127 mm Cu contacts, ceramic-adhesive encapsulation, fabricated by vapor deposition or magnetron sputtering. quantity_changed: Hall sensitivity -- no measurable effect of neutron irradiation on sensitivity reported up to the fluences tested (stable/persistent null result). measurement_reference/uncertainty: not stated. calibration: post-irradiation characterization vs an un-irradiated baseline; in-situ/in-irradiation monitoring not stated.","Crossref metadata confirmed (title, 5 authors, journal, vol 88 issue 6-8, pp 1310-1314, year 2013). Technical content from indexed abstract/summary text (ScienceDirect, ResearchGate); full text not accessed (ScienceDirect 403).","abstract_metadata","Same research group (IPP Prague/Nuclear Physics Institute Rez) as R001 (Duran RSI 2010) and the 06-baseline Quercia 2022 duplicate. A companion piece, 'Stability of the Hall sensors performance under neutron irradiation' (IAEA INIS record / HAL hal-00001781), reports dual-spectrum LVR-15/IBR-2 results but could not be confirmed as peer-reviewed journal content (HAL blocked 403, INIS is a repository index not proof of peer review) -- NOT submitted as its own row."
"R072","Vasilopoulou, Stamatelatos, Batistoni, Colangeli, Flammini, Fonnesu, Loreti, Obryk, Pillon & Villari, Fusion Engineering and Design 139 (2019) 109-114","Improved neutron activation dosimetry for fusion","T. Vasilopoulou; I.E. Stamatelatos; P. Batistoni; A. Colangeli; D. Flammini; N. Fonnesu; S. Loreti; B. Obryk; M. Pillon; R. Villari","2019","Fusion Engineering and Design, vol. 139, pp. 109-114","10.1016/j.fusengdes.2019.01.002","https://doi.org/10.1016/j.fusengdes.2019.01.002","journal_article","verified_peer_reviewed","B","fusion_qualification","species: two distinct fields, kept separate -- (a) 14 MeV D-T neutrons at the ENEA Frascati Neutron Generator (FNG) reference field used to calibrate activation-foil assemblies; (b) D-D neutrons (2.45 MeV) during an actual JET D-D campaign, where the calibrated foils were applied. dose/fluence: not stated numerically in accessible text. device: activation-foil dosimetry assemblies, same design as used operationally at JET. quantity verified: neutron fluence measurement accuracy; activation-foil-derived fluence at JET compared against independent thermoluminescent-dosimeter (TLD) measurements, reported 'satisfactory agreement' (no numeric percentage found in accessible text). calibration: explicit two-step protocol -- pre-deployment calibration at a reference D-T field, then field validation against an independent dosimetry method at JET.","Crossref metadata confirmed (title, 10 authors, journal, vol 139, pp 109-114, year 2019, DOI). Methodology description from indexed abstract/summary snippets (ScienceDirect, HAL, EPFL infoscience, VTT, ENEA IRIS repository listings); full text not accessed.","abstract_metadata","Directly answers the dosimetry/fluence-monitoring-practice and pre-irradiation-calibration-protocol requirements of this stage. Confirmed absent from the 06 baseline ledger and from this run's own 10A hybrid ledger by DOI."
"R073","Klix, Domula, Fischer, Gehre, Pereslavtsev & Rovni, Fusion Engineering and Design 87 (2012) 1301-1306","Neutronics diagnostics for European ITER TBMs: Activation foil spectrometer for short measurement cycles","A. Klix; A. Domula; U. Fischer; D. Gehre; P. Pereslavtsev; I. Rovni","2012","Fusion Engineering and Design, vol. 87, pp. 1301-1306","10.1016/j.fusengdes.2012.02.129","https://doi.org/10.1016/j.fusengdes.2012.02.129","journal_article","verified_peer_reviewed","B","fusion_qualification","species: D-T 14 MeV neutrons from the TU Dresden intensive DT neutron generator, used as a surrogate/test field for the ITER Test Blanket Module (TBM) neutron environment. dose/fluence: not stated in accessible metadata. device: activation-foil-package spectrometer with automated/short-cycle measurement capability for spectral neutron-flux time profiles in the ITER TBM. quantity verified: feasibility/time-resolution of the foil-activation method for TBM neutronics diagnostics. measurement_reference: high-purity Ge gamma spectrometer for foil-activity readout. calibration: facility-based method development/qualification test.","Crossref metadata confirmed (title, 6 authors, journal, vol 87, pp 1301-1306, year 2012, DOI). Content from TU Dresden institutional research-portal listing and search-snippet text; full text not accessed (ScienceDirect 403).","abstract_metadata","Companion to R074 (2011 facility paper, same author group, same TU Dresden DT generator)."
"R074","Klix, Domula, Fischer, Gehre, Pereslavtsev & Rovni, Fusion Engineering and Design 86 (2011) 2322-2325","Test facility for a neutron flux spectrometer system based on the foil activation technique for neutronics experiments with the ITER TBM","A. Klix; A. Domula; U. Fischer; D. Gehre; P. Pereslavtsev; I. Rovni","2011","Fusion Engineering and Design, vol. 86, issue 9-11, pp. 2322-2325","10.1016/j.fusengdes.2011.02.090","https://doi.org/10.1016/j.fusengdes.2011.02.090","journal_article","verified_peer_reviewed","C","fusion_qualification","species: D-T 14 MeV neutrons, TU Dresden Neutron Laboratory intensive DT generator. facility: paper describes/commissions the test facility (pneumatic sample-transport system, HPGe gamma spectrometer for activated foil packages) used to develop/qualify a neutron-flux spectrometer for the ITER TBM. flux: irradiation-position flux reported as three to five orders of magnitude below the flux expected in the ITER TBM under full-power D-T operation. dose/fluence/temperature/bias/annealing: not stated beyond the relative-flux figure. quantity verified: facility commissioning/method development, precursor to R073's qualification campaign.","Crossref metadata confirmed (title, 6 authors, journal, vol 86 issue 9-11, pp 2322-2325, year 2011, DOI). Facility description corroborated by TU Dresden institutional publication record and search-snippet abstract text; full text not accessed.","abstract_metadata","Precisely matches the neutron/gamma test-facility-paper-describing-a-facility-used-to-qualify-fusion-diagnostics evidence class requested by this stage."
"R075","Savva, Vasilopoulou, Stamatelatos, Mergia, Messoloras, Michelakaki, Ghani, Nobs & Packer, Fusion Engineering and Design 166 (2021) 112286","Application of VERDI detectors for neutron fluence measurements during the JET 2019 Deuterium-Deuterium campaign","M.I. Savva; T. Vasilopoulou; I.E. Stamatelatos; K. Mergia; S. Messoloras; I. Michelakaki; Z. Ghani; C.R. Nobs; L.W. Packer","2021","Fusion Engineering and Design, vol. 166, article 112286","10.1016/j.fusengdes.2021.112286","https://doi.org/10.1016/j.fusengdes.2021.112286","journal_article","verified_peer_reviewed","A","fusion_qualification","species: D-D neutrons (2.45 MeV), real in-machine field at the JET Long Term Irradiation Station (LTIS) during the 2019 D-D campaign. dose/fluence: integrated neutron fluence/energy spectrum derived by multi-foil (Ag, Mn, Nb, Ni, Rh, Ti, Y) activation plus gamma-spectrometric unfolding; exact fluence not stated in accessible text. device: VERDI passive activation detector, two capsule-material variants tested (graphite; carbon-fibre-reinforced SiC composite). quantity verified: total integrated neutron fluence -- 8% difference found between VERDI-derived and an independently determined total integrated neutron flux; first operational deployment of VERDI in a real fusion device rather than a reference generator field. temperature/bias/annealing: not stated. calibration: in-machine (real radiation field) validation of a dosimetry instrument against an independent flux determination.","Crossref metadata confirmed (title, 9 authors, journal, vol 166, article 112286, year 2021, DOI). Result figures (8% difference, capsule materials, foil list) from indexed abstract/search-snippet text; full text not accessed (ScienceDirect 403).","abstract_metadata","Companion to R076 (same VERDI detector, benchmarked at ENEA FNG before this JET deployment)."
"R076","Savva, Vasilopoulou, Nobs, Batistoni, Colling, Ghani, Gilbert, Loreti, Mergia, Messoloras, Michelakaki, Packer, Pillon, Stamatelatos & Triantou, Fusion Engineering and Design 146 (2019) 1877-1881","VERDI detector benchmark experiment at the ENEA 14 MeV Frascati Neutron Generator","M.I. Savva; T. Vasilopoulou; C.R. Nobs; P. Batistoni; B. Colling; Z. Ghani; M.R. Gilbert; S. Loreti; K. Mergia; S. Messoloras; I. Michelakaki; L.W. Packer; M. Pillon; I.E. Stamatelatos; K. Triantou","2019","Fusion Engineering and Design, vol. 146, pp. 1877-1881","10.1016/j.fusengdes.2019.03.055","https://doi.org/10.1016/j.fusengdes.2019.03.055","journal_article","verified_peer_reviewed","B","fusion_qualification","species: 14 MeV D-T neutrons at the ENEA Frascati Neutron Generator (FNG) reference field. dose/fluence: not stated numerically in accessible text. device: VERDI passive multi-foil (Ag, Mn, Nb, Ni, Rh, Ti, Y) neutron activation detector, prototype units. quantity verified: measured activation-product activities vs FISPACT-II calculated predictions; average calculated-to-experimental (C/E) agreement of 1.05 +/- 0.13. temperature/bias/annealing: not stated. calibration: facility-based (reference D-T generator field) pre-deployment benchmark/qualification of the dosimetry instrument before its use in the real JET field (R075).","Crossref metadata confirmed (title, 15 authors, journal, vol 146, pp 1877-1881, year 2019, DOI). C/E agreement figure and facility description from indexed abstract/search-snippet text (including EUROfusion scientific-publications archive listing); full text not accessed.","abstract_metadata","Companion facility-benchmark paper to R075's real-machine deployment."
"R077","Gusarov, Leysen, Beaumont, Wuilpart, Dandu, Boboc, Croft, Bekris & Batistoni, Fusion Engineering and Design 165 (2021) 112228","Performance assessment of plasma current measurement at JET using fibre optics current sensor","A. Gusarov; W. Leysen; P. Beaumont; M. Wuilpart; P. Dandu; A. Boboc; D. Croft; N. Bekris; P. Batistoni","2021","Fusion Engineering and Design, vol. 165, article 112228","10.1016/j.fusengdes.2021.112228","https://doi.org/10.1016/j.fusengdes.2021.112228","journal_article","verified_peer_reviewed","B","fusion_qualification;measurement_chain_coil","Pre-DTE2 baseline performance/calibration-accuracy assessment of the FOCS at JET (radiation-environment stress-test is R063). device: polarimetric Fibre Optics Current Sensor (FOCS) at JET, operated in reflection with a Faraday mirror. measurement_reference: Continuous External Rogowski (CER) coils on the vacuum-vessel exterior, explicitly corrected for crosstalk between toroidal-field-coil currents and the Rogowski measurement (a correction NOT needed for FOCS, whose crosstalk sensitivity is at background level). quantity verified: agreement between FOCS-measured and CER-reference plasma current; 'good agreement' reported, no numeric accuracy percentage found in accessible text; response reported linear, not influenced by magnetic crosstalk. calibration: documented pre-irradiation/baseline calibration-against-reference step for the sensor chain later stress-tested under real D-T radiation in R063.","Crossref metadata confirmed (title, 9 authors, journal, vol 165, article 112228, year 2021, DOI). Comparison-methodology description from indexed abstract/search-snippet text; full text not accessed (ScienceDirect 403).","abstract_metadata","Read together with R063 (same instrument, same JET installation, pre- vs during-D-T-campaign). DUPLICATE of this mission's own evidence/10A_HYBRID_SOURCES.csv row H031 (same DOI, independently found by the hybrid lane) -- do not double-count at final-ledger-merge stage."
"R078","Cheon, Lee, England, Kim, Pak, Seon & Lee, Journal of Instrumentation 7 (2012) C05009","Diagnostic neutron activation system for KSTAR","M. Cheon; Y.S. Lee; A.C. England; H. Kim; S. Pak; C.R. Seon; H.G. Lee","2012","Journal of Instrumentation, vol. 7, article C05009","10.1088/1748-0221/7/05/c05009","https://doi.org/10.1088/1748-0221/7/05/C05009","journal_article","verified_peer_reviewed","C","fusion_qualification","species: fusion-produced neutrons (predominantly D-D, KSTAR being a deuterium tokamak) monitored via pneumatically-transferred encapsulated metal (activation) foil samples. dose/fluence/temperature/bias/annealing: not stated in accessible text. device: neutron activation dosimetry system for KSTAR, used to monitor fusion neutron source strength and total fusion power. quantity verified: neutron source-strength/fusion-power inference from foil activation -- a dosimetry-practice instrument rather than a magnetic-sensor calibration result.","Crossref/IOPscience metadata confirmed (title, 7 authors, journal Journal of Instrumentation, vol 7, article C05009, year 2012, DOI); system description from indexed abstract/search-snippet text (IOPscience, ResearchGate, Semantic Scholar); full text not accessed.","abstract_metadata","Dosimetry/fluence-monitoring practice evidence for a tokamak outside the ITER/JET/DEMO/W7-X set that saturates the 06 baseline. Not itself a magnetic-diagnostic paper, but this stage explicitly requests dosimetry/fluence monitoring practice as its own evidence class."
"R079","Takechi, Matsunaga, Sakurai, Sasajima, Yagyu, Hoshi, Kawamata, Kurihara, Nishikawa, Ryo, Kagamihara & Nakamura, Fusion Engineering and Design 96-97 (2015) 985-988","Development of magnetic sensors for JT-60SA","M. Takechi; G. Matsunaga; S. Sakurai; T. Sasajima; J. Yagyu; R. Hoshi; Y. Kawamata; K. Kurihara; T. Nishikawa; T. Ryo; S. Kagamihara; K. Nakamura","2015","Fusion Engineering and Design, vol. 96-97, pp. 985-988","10.1016/j.fusengdes.2015.06.108","https://doi.org/10.1016/j.fusengdes.2015.06.108","journal_article","verified_peer_reviewed","C","fusion_qualification;measurement_chain_coil","device: magnetic-sensor suite for the JT-60SA superconducting tokamak. Title-level scope only confirmed; a secondary, non-primary-source web summary in the JT-60SA diagnostics context states in-vessel materials must tolerate temperatures up to 200C and radiation doses up to ~9 MGy, with mineral-insulated cable (MIC) used for in-vessel signal cabling for temperature/radiation resistance and low outgassing -- this figure is UNCONFIRMED as belonging to this DOI's full text specifically and must NOT be treated as a verified extracted result without follow-up. species/fluence/temperature/bias/annealing specific to this paper: not confirmed.","Crossref metadata confirmed (title, 12 authors, journal, vol 96-97, pp 985-988, year 2015, DOI). Technical content NOT independently confirmed beyond title/authors/venue -- both ScienceDirect and ResearchGate returned access errors (403).","metadata_only","Weakest-verified entry in this ledger, retained because JT-60SA is a distinct, ITER-scale superconducting machine not covered by the ITER/JET/DEMO/W7-X-saturated 06 baseline, and this stage explicitly wants campaigns not already in that baseline. Recommend a follow-up full-text check before relying on any specific numeric claim from it."
