time [s] 	 density [10^18/m^-3]
0.79500 0.01983
0.79501 -0.04207
0.79501 -0.02531
0.79502 0.03648
0.79502 -0.00042
0.79503 -0.00667
0.79503 0.01112
0.79504 0.00013
0.79504 -0.03958
0.79505 0.00935
0.79505 -0.08541
0.79506 -0.08920
0.79506 0.01365
0.79507 -0.05820
0.79507 -0.00261
0.79508 0.00583
0.79508 -0.02070
0.79509 0.04744
0.79509 0.03758
0.79510 0.01730
0.79510 0.04102
0.79511 -0.00881
0.79511 -0.02069
0.79512 -0.02027
0.79512 0.01298
0.79513 0.07486
0.79513 0.04110
0.79514 -0.01683
0.79514 -0.03327
0.79515 -0.02589
0.79515 -0.01704
0.79516 -0.00233
0.79516 -0.00292
0.79517 -0.04611
0.79517 -0.05715
0.79518 0.08718
0.79518 0.03647
0.79519 -0.07586
0.79519 -0.05548
0.79520 -0.06385
0.79520 -0.00509
0.79521 -0.01860
0.79521 -0.01435
0.79522 0.04279
0.79522 0.03151
0.79523 -0.03030
0.79523 -0.06025
0.79524 -0.07702
0.79524 -0.03504
0.79525 0.00844
0.79525 -0.00833
0.79526 0.05870
0.79526 0.01269
0.79527 -0.07258
0.79527 0.00732
0.79528 0.02815
0.79528 -0.02151
0.79529 -0.02517
0.79529 0.04341
0.79530 -0.02633
0.79530 -0.08117
0.79531 0.03001
0.79531 0.01414
0.79532 -0.01948
0.79532 -0.02057
0.79533 -0.04810
0.79533 0.01426
0.79534 0.07610
0.79534 -0.01103
0.79535 0.02496
0.79535 -0.01505
0.79536 -0.07755
0.79536 0.00986
0.79537 0.02784
0.79537 0.02400
0.79538 0.01895
0.79538 -0.02990
0.79539 -0.05128
0.79539 0.02099
0.79540 0.06349
0.79540 -0.01961
0.79541 -0.09176
0.79541 0.00094
0.79542 -0.00980
0.79542 -0.01628
0.79543 0.03652
0.79543 -0.00182
0.79544 -0.03009
0.79544 -0.00628
0.79545 0.04845
0.79545 0.01804
0.79546 -0.05359
0.79546 -0.04082
0.79547 0.01255
0.79547 0.05314
0.79548 0.09952
0.79548 0.00919
0.79549 -0.07660
0.79549 -0.01846
0.79550 0.04861
0.79550 -0.00330
0.79551 0.02378
0.79551 0.08476
0.79552 -0.03342
0.79552 -0.05514
0.79553 -0.01178
0.79553 0.01248
0.79554 -0.03677
0.79554 -0.00989
0.79555 0.04209
0.79555 -0.04672
0.79556 0.02580
0.79556 0.03745
0.79557 0.00342
0.79557 0.03031
0.79558 0.01106
0.79558 0.00735
0.79559 -0.00563
0.79559 0.03938
0.79560 0.02969
0.79560 0.02381
0.79561 0.04633
0.79561 0.00019
0.79562 -0.01558
0.79562 -0.04575
0.79563 0.00969
0.79563 0.02260
0.79564 -0.00593
0.79564 0.02481
0.79565 -0.00642
0.79565 0.01503
0.79566 -0.04814
0.79566 -0.00542
0.79567 -0.00681
0.79567 -0.01815
0.79568 -0.00715
0.79568 -0.01231
0.79569 0.07000
0.79569 -0.02089
0.79570 0.00783
0.79570 -0.03127
0.79571 -0.09517
0.79571 -0.03498
0.79572 -0.02202
0.79572 0.05273
0.79573 -0.04616
0.79573 -0.01856
0.79574 -0.02076
0.79574 -0.03440
0.79575 0.04386
0.79575 0.00986
0.79576 0.06398
0.79576 0.00676
0.79577 -0.01531
0.79577 -0.02855
0.79578 -0.03005
0.79578 0.05759
0.79579 0.03712
0.79579 -0.01548
0.79580 -0.01031
0.79580 0.00929
0.79581 -0.00549
0.79581 0.01442
0.79582 0.03949
0.79582 0.00853
0.79583 0.02157
0.79583 0.02049
0.79584 0.00002
0.79584 -0.03266
0.79585 -0.00598
0.79585 0.01704
0.79586 0.01868
0.79586 0.03165
0.79587 0.02284
0.79587 -0.07007
0.79588 -0.05473
0.79588 -0.02058
0.79589 -0.02416
0.79589 0.06833
0.79590 0.04727
0.79590 -0.01749
0.79591 -0.10323
0.79591 -0.02058
0.79592 -0.00716
0.79592 -0.00161
0.79593 0.05838
0.79593 -0.01950
0.79594 -0.01499
0.79594 0.00146
0.79595 -0.07927
0.79595 -0.01631
0.79596 0.09415
0.79596 0.03917
0.79597 0.03662
0.79597 -0.01893
0.79598 -0.05545
0.79598 -0.02528
0.79599 -0.06146
0.79599 0.01176
0.79600 0.06458
0.79600 -0.03317
0.79601 -0.05870
0.79601 -0.05028
0.79602 -0.01209
0.79602 0.00275
0.79603 0.00027
0.79603 -0.00569
0.79604 0.02045
0.79604 -0.02791
0.79605 -0.07412
0.79605 0.05289
0.79606 0.05167
0.79606 0.01269
0.79607 0.00390
0.79607 -0.02024
0.79608 0.05552
0.79608 0.01209
0.79609 -0.05085
0.79609 -0.04251
0.79610 -0.03715
0.79610 -0.04258
0.79611 -0.01279
0.79611 0.04373
0.79612 0.02968
0.79612 0.01749
0.79613 -0.04144
0.79613 -0.01368
0.79614 0.00042
0.79614 0.04248
0.79615 0.02929
0.79615 -0.04786
0.79616 -0.01523
0.79616 -0.02217
0.79617 -0.00362
0.79617 -0.02293
0.79618 0.00390
0.79618 -0.02720
0.79619 -0.02984
0.79619 -0.00673
0.79620 -0.01032
0.79620 0.03063
0.79621 -0.04143
0.79621 -0.04271
0.79622 -0.00431
0.79622 -0.02672
0.79623 -0.05083
0.79623 -0.08776
0.79624 -0.03923
0.79624 0.00155
0.79625 0.01396
0.79625 0.00629
0.79626 -0.02190
0.79626 0.07414
0.79627 -0.01056
0.79627 0.00545
0.79628 0.04776
0.79628 -0.01162
0.79629 -0.00272
0.79629 -0.00620
0.79630 0.04493
0.79630 0.02037
0.79631 -0.02348
0.79631 0.06311
0.79632 0.02995
0.79632 0.06248
0.79633 0.05100
0.79633 0.00651
0.79634 0.10273
0.79634 0.02754
0.79635 -0.01878
0.79635 0.05524
0.79636 0.02623
0.79636 -0.01213
0.79637 0.03683
0.79637 0.00264
0.79638 -0.04056
0.79638 -0.05345
0.79639 0.03959
0.79639 0.04233
0.79640 -0.03078
0.79640 0.01076
0.79641 0.04358
0.79641 -0.00044
0.79642 0.00210
0.79642 0.02664
0.79643 0.04826
0.79643 0.07009
0.79644 -0.00233
0.79644 -0.03801
0.79645 -0.07908
0.79645 -0.06219
0.79646 0.01257
0.79646 0.04941
0.79647 0.06630
0.79647 -0.05203
0.79648 -0.01222
0.79648 -0.00152
0.79649 -0.04156
0.79649 -0.02362
0.79650 0.02733
0.79650 0.06151
0.79651 -0.03491
0.79651 -0.04104
0.79652 -0.07977
0.79652 -0.02706
0.79653 -0.00050
0.79653 -0.03693
0.79654 0.03676
0.79654 0.06095
0.79655 -0.04437
0.79655 -0.03125
0.79656 0.01451
0.79656 -0.01612
0.79657 0.00031
0.79657 -0.06390
0.79658 0.02691
0.79658 0.02501
0.79659 0.01750
0.79659 0.01104
0.79660 -0.04440
0.79660 0.05814
0.79661 0.01304
0.79661 -0.03379
0.79662 -0.00275
0.79662 -0.00526
0.79663 -0.06939
0.79663 -0.02128
0.79664 -0.05250
0.79664 -0.04500
0.79665 0.01972
0.79665 0.01642
0.79666 0.02880
0.79666 0.01356
0.79667 -0.04752
0.79667 -0.02236
0.79668 0.03352
0.79668 -0.02906
0.79669 0.02673
0.79669 0.03664
0.79670 -0.00757
0.79670 0.01392
0.79671 -0.01670
0.79671 -0.07472
0.79672 -0.00517
0.79672 -0.04321
0.79673 -0.03860
0.79673 0.02497
0.79674 0.01977
0.79674 0.03327
0.79675 -0.00674
0.79675 0.01314
0.79676 0.03057
0.79676 0.06708
0.79677 0.05858
0.79677 0.05357
0.79678 0.07414
0.79678 0.05449
0.79679 0.01218
0.79679 -0.01668
0.79680 -0.01429
0.79680 0.03491
0.79681 0.08444
0.79681 0.02435
0.79682 0.00075
0.79682 0.00410
0.79683 -0.04508
0.79683 0.05347
0.79684 0.06790
0.79684 -0.05132
0.79685 -0.06972
0.79685 -0.01644
0.79686 -0.01779
0.79686 -0.01449
0.79687 0.04013
0.79687 0.01612
0.79688 0.06460
0.79688 0.04105
0.79689 -0.01251
0.79689 0.02804
0.79690 -0.02130
0.79690 -0.03072
0.79691 0.01793
0.79691 0.02569
0.79692 0.04456
0.79692 0.02190
0.79693 -0.00023
0.79693 0.04806
0.79694 0.04353
0.79694 -0.06333
0.79695 -0.03923
0.79695 0.05486
0.79696 -0.00587
0.79696 -0.03624
0.79697 0.00462
0.79697 0.02266
0.79698 -0.00255
0.79698 -0.05352
0.79699 -0.04250
0.79699 0.01857
0.79700 0.00998
0.79700 -0.04908
0.79701 -0.03232
0.79701 0.00312
0.79702 0.04183
0.79702 0.00268
0.79703 0.01887
0.79703 0.01357
0.79704 -0.00348
0.79704 0.00971
0.79705 -0.01700
0.79705 -0.00216
0.79706 -0.04607
0.79706 -0.02170
0.79707 0.02444
0.79707 -0.00397
0.79708 -0.03538
0.79708 0.02706
0.79709 -0.02842
0.79709 -0.06512
0.79710 0.03295
0.79710 -0.03649
0.79711 0.01938
0.79711 0.07490
0.79712 0.00372
0.79712 0.08092
0.79713 0.03035
0.79713 -0.02362
0.79714 0.04902
0.79714 0.02210
0.79715 -0.00867
0.79715 -0.03256
0.79716 -0.00499
0.79716 0.05496
0.79717 0.01382
0.79717 0.04370
0.79718 0.03624
0.79718 -0.04465
0.79719 0.00291
0.79719 0.01151
0.79720 -0.00038
0.79720 0.03869
0.79721 0.01821
0.79721 -0.03077
0.79722 -0.00092
0.79722 -0.03170
0.79723 -0.08149
0.79723 0.00774
0.79724 -0.00624
0.79724 0.01074
0.79725 0.03385
0.79725 -0.04160
0.79726 0.01235
0.79726 -0.01014
0.79727 -0.01019
0.79727 0.02107
0.79728 0.01261
0.79728 0.09109
0.79729 0.03821
0.79729 0.04152
0.79730 0.05635
0.79730 0.05014
0.79731 0.01306
0.79731 -0.07803
0.79732 0.07230
0.79732 0.04729
0.79733 -0.01234
0.79733 0.01944
0.79734 -0.02747
0.79734 -0.02514
0.79735 -0.08013
0.79735 -0.04765
0.79736 -0.01119
0.79736 0.01753
0.79737 0.03964
0.79737 0.04079
0.79738 0.01664
0.79738 -0.09584
0.79739 -0.06960
0.79739 -0.05673
0.79740 -0.06030
0.79740 0.02035
0.79741 -0.00491
0.79741 -0.02013
0.79742 0.00646
0.79742 -0.06220
0.79743 -0.04511
0.79743 -0.06589
0.79744 -0.06981
0.79744 0.02546
0.79745 -0.02518
0.79745 -0.02295
0.79746 0.00928
0.79746 0.03708
0.79747 0.05173
0.79747 -0.01403
0.79748 -0.00879
0.79748 -0.03530
0.79749 -0.06734
0.79749 -0.03458
0.79750 0.01641
0.79750 -0.00283
0.79751 0.05018
0.79751 0.07463
0.79752 -0.05790
0.79752 -0.03282
0.79753 -0.00906
0.79753 0.04445
0.79754 0.04200
0.79754 0.05457
0.79755 0.10033
0.79755 -0.00132
0.79756 -0.02481
0.79756 0.01091
0.79757 0.02239
0.79757 0.04181
0.79758 -0.02375
0.79758 -0.07676
0.79759 0.03235
0.79759 0.07576
0.79760 0.03976
0.79760 0.05375
0.79761 -0.06470
0.79761 -0.10377
0.79762 -0.01192
0.79762 -0.00055
0.79763 0.07381
0.79763 0.07420
0.79764 0.01739
0.79764 0.00030
0.79765 -0.06266
0.79765 -0.04289
0.79766 0.05832
0.79766 -0.00607
0.79767 0.00050
0.79767 0.08247
0.79768 -0.03177
0.79768 -0.03814
0.79769 0.04656
0.79769 0.06279
0.79770 0.03213
0.79770 0.00932
0.79771 0.02412
0.79771 -0.02599
0.79772 0.00506
0.79772 0.01438
0.79773 0.01485
0.79773 0.06906
0.79774 0.05053
0.79774 -0.01189
0.79775 -0.03498
0.79775 0.03908
0.79776 -0.02864
0.79776 -0.12885
0.79777 -0.01040
0.79777 0.01844
0.79778 -0.00646
0.79778 0.01281
0.79779 0.02906
0.79779 0.05556
0.79780 -0.01633
0.79780 -0.02953
0.79781 -0.01190
0.79781 -0.02679
0.79782 0.00616
0.79782 0.02375
0.79783 0.01090
0.79783 0.02611
0.79784 -0.02394
0.79784 -0.01749
0.79785 0.01693
0.79785 -0.02774
0.79786 0.00076
0.79786 -0.00974
0.79787 0.00458
0.79787 0.03089
0.79788 0.01678
0.79788 0.06841
0.79789 -0.03254
0.79789 -0.03383
0.79790 -0.01522
0.79790 -0.03419
0.79791 -0.02397
0.79791 -0.07649
0.79792 -0.00339
0.79792 0.01425
0.79793 -0.00618
0.79793 0.01599
0.79794 0.04170
0.79794 -0.02156
0.79795 0.02424
0.79795 0.04180
0.79796 -0.03121
0.79796 -0.02429
0.79797 -0.07148
0.79797 -0.01412
0.79798 -0.02485
0.79798 -0.00827
0.79799 0.02801
0.79799 -0.10827
0.79800 -0.04598
0.79800 0.02886
0.79801 -0.01442
0.79801 -0.05009
0.79802 0.01066
0.79802 0.05058
0.79803 -0.01325
0.79803 0.03294
0.79804 0.03827
0.79804 -0.05629
0.79805 -0.00361
0.79805 0.03536
0.79806 0.02808
0.79806 -0.00297
0.79807 -0.07893
0.79807 -0.00439
0.79808 0.02228
0.79808 -0.00344
0.79809 -0.06830
0.79809 -0.02719
0.79810 0.01560
0.79810 -0.00934
0.79811 0.00174
0.79811 -0.00140
0.79812 -0.01733
0.79812 0.01680
0.79813 0.04262
0.79813 0.00618
0.79814 0.03152
0.79814 -0.04763
0.79815 -0.02525
0.79815 0.03317
0.79816 -0.00538
0.79816 -0.00359
0.79817 -0.00478
0.79817 0.02697
0.79818 -0.00296
0.79818 0.03479
0.79819 0.01735
0.79819 -0.04661
0.79820 0.00884
0.79820 0.03861
0.79821 -0.02426
0.79821 -0.02287
0.79822 0.00250
0.79822 -0.01244
0.79823 0.03588
0.79823 -0.06274
0.79824 -0.06831
0.79824 -0.03748
0.79825 0.02269
0.79825 0.04429
0.79826 0.03624
0.79826 0.03861
0.79827 0.01867
0.79827 0.00686
0.79828 -0.00514
0.79828 -0.00286
0.79829 -0.04369
0.79829 0.03956
0.79830 0.01729
0.79830 -0.00214
0.79831 0.03303
0.79831 0.03421
0.79832 -0.04442
0.79832 -0.05573
0.79833 -0.01266
0.79833 -0.01443
0.79834 -0.00494
0.79834 -0.03904
0.79835 0.01730
0.79835 0.00260
0.79836 -0.02139
0.79836 0.08768
0.79837 0.05304
0.79837 -0.08925
0.79838 -0.03144
0.79838 -0.00542
0.79839 0.01440
0.79839 0.05810
0.79840 -0.01719
0.79840 -0.02388
0.79841 -0.00198
0.79841 0.00336
0.79842 0.01002
0.79842 -0.02100
0.79843 -0.01557
0.79843 0.00034
0.79844 -0.02197
0.79844 0.02502
0.79845 0.05952
0.79845 -0.04472
0.79846 -0.06706
0.79846 0.00821
0.79847 -0.02466
0.79847 0.04281
0.79848 0.02798
0.79848 -0.01374
0.79849 0.05276
0.79849 0.02038
0.79850 0.01250
0.79850 -0.05781
0.79851 -0.00164
0.79851 0.04863
0.79852 -0.00109
0.79852 0.02317
0.79853 -0.03148
0.79853 0.01990
0.79854 0.02925
0.79854 0.02721
0.79855 -0.02404
0.79855 -0.04216
0.79856 0.03052
0.79856 0.03622
0.79857 0.02211
0.79857 0.01166
0.79858 0.07526
0.79858 0.00822
0.79859 -0.02749
0.79859 0.06070
0.79860 0.01562
0.79860 -0.04819
0.79861 0.02158
0.79861 0.03496
0.79862 -0.07999
0.79862 -0.06708
0.79863 0.02203
0.79863 -0.00762
0.79864 0.07025
0.79864 0.03717
0.79865 -0.06228
0.79865 -0.01934
0.79866 0.00069
0.79866 -0.01784
0.79867 -0.08036
0.79867 0.00454
0.79868 0.10955
0.79868 0.02936
0.79869 0.01139
0.79869 0.11046
0.79870 -0.01811
0.79870 0.01092
0.79871 0.05116
0.79871 -0.07201
0.79872 0.04797
0.79872 0.04371
0.79873 0.00441
0.79873 -0.07397
0.79874 -0.03665
0.79874 0.06427
0.79875 -0.00264
0.79875 0.06756
0.79876 0.05326
0.79876 -0.01785
0.79877 0.02061
0.79877 -0.00118
0.79878 0.02459
0.79878 0.03775
0.79879 0.04655
0.79879 0.07292
0.79880 -0.03274
0.79880 -0.02472
0.79881 -0.00408
0.79881 0.02540
0.79882 0.04781
0.79882 0.04315
0.79883 0.04518
0.79883 -0.05256
0.79884 -0.04403
0.79884 -0.02572
0.79885 -0.03237
0.79885 0.01484
0.79886 -0.03021
0.79886 0.02971
0.79887 0.03910
0.79887 -0.05134
0.79888 0.04983
0.79888 0.03969
0.79889 0.01695
0.79889 0.01871
0.79890 -0.01513
0.79890 0.06667
0.79891 -0.00536
0.79891 -0.02686
0.79892 0.01019
0.79892 -0.03531
0.79893 -0.03073
0.79893 -0.05097
0.79894 0.02405
0.79894 0.05247
0.79895 -0.00382
0.79895 -0.01293
0.79896 -0.02360
0.79896 0.00279
0.79897 0.00778
0.79897 0.06586
0.79898 0.08358
0.79898 -0.00613
0.79899 -0.01619
0.79899 -0.03464
0.79900 0.01216
0.79900 0.03472
0.79901 -0.04164
0.79901 0.02894
0.79902 0.02810
0.79902 -0.02892
0.79903 0.06246
0.79903 0.02784
0.79904 0.02548
0.79904 0.01784
0.79905 0.04518
0.79905 0.02735
0.79906 -0.00907
0.79906 -0.00327
0.79907 -0.02491
0.79907 0.08920
0.79908 0.08430
0.79908 -0.02708
0.79909 -0.04694
0.79909 0.02531
0.79910 0.00760
0.79910 -0.00563
0.79911 0.02907
0.79911 0.01360
0.79912 -0.05414
0.79912 0.04012
0.79913 0.06904
0.79913 -0.01098
0.79914 -0.01264
0.79914 -0.01537
0.79915 0.01098
0.79915 0.01776
0.79916 -0.01519
0.79916 -0.05536
0.79917 0.03413
0.79917 -0.02957
0.79918 -0.00175
0.79918 0.04413
0.79919 -0.03325
0.79919 -0.02605
0.79920 -0.06185
0.79920 0.01974
0.79921 0.08177
0.79921 0.08777
0.79922 -0.00581
0.79922 -0.04862
0.79923 -0.01838
0.79923 -0.08665
0.79924 -0.02430
0.79924 0.00014
0.79925 0.02119
0.79925 -0.01692
0.79926 -0.02160
0.79926 0.01721
0.79927 -0.03981
0.79927 0.01339
0.79928 -0.02314
0.79928 -0.08098
0.79929 0.00651
0.79929 -0.04597
0.79930 -0.01078
0.79930 0.05216
0.79931 0.02802
0.79931 0.01080
0.79932 -0.00873
0.79932 0.04801
0.79933 -0.01163
0.79933 0.00500
0.79934 0.00334
0.79934 -0.03699
0.79935 -0.04688
0.79935 -0.03511
0.79936 0.02219
0.79936 0.02419
0.79937 -0.05529
0.79937 0.06583
0.79938 0.06177
0.79938 -0.04528
0.79939 -0.02258
0.79939 -0.01534
0.79940 0.05877
0.79940 -0.00063
0.79941 -0.01244
0.79941 -0.00465
0.79942 -0.02262
0.79942 0.02989
0.79943 0.00499
0.79943 0.05155
0.79944 0.05220
0.79944 -0.03109
0.79945 -0.03686
0.79945 -0.00499
0.79946 -0.00359
0.79946 -0.02337
0.79947 0.00610
0.79947 -0.01283
0.79948 -0.02505
0.79948 -0.06703
0.79949 -0.05054
0.79949 -0.01639
0.79950 0.00020
0.79950 0.02780
0.79951 0.03358
0.79951 0.01841
0.79952 0.01847
0.79952 -0.03741
0.79953 -0.02176
0.79953 0.02664
0.79954 -0.00418
0.79954 0.05838
0.79955 0.03557
0.79955 -0.04395
0.79956 -0.03425
0.79956 -0.04775
0.79957 -0.02314
0.79957 0.03259
0.79958 -0.01546
0.79958 0.02245
0.79959 0.04676
0.79959 -0.01464
0.79960 -0.00589
0.79960 0.04544
0.79961 0.00289
0.79961 -0.04543
0.79962 0.08098
0.79962 0.01155
0.79963 -0.03573
0.79963 0.00731
0.79964 0.03658
0.79964 0.03819
0.79965 -0.02867
0.79965 -0.03169
0.79966 -0.02001
0.79966 -0.00670
0.79967 -0.00697
0.79967 -0.00426
0.79968 0.00392
0.79968 0.00243
0.79969 -0.06577
0.79969 -0.02076
0.79970 -0.00987
0.79970 -0.00416
0.79971 -0.01145
0.79971 -0.00432
0.79972 0.06904
0.79972 0.03759
0.79973 -0.00203
0.79973 -0.07262
0.79974 -0.04707
0.79974 -0.03078
0.79975 -0.02026
0.79975 -0.00187
0.79976 -0.01492
0.79976 -0.02335
0.79977 0.00701
0.79977 0.05437
0.79978 -0.00948
0.79978 -0.02264
0.79979 -0.06677
0.79979 0.00448
0.79980 0.03134
0.79980 -0.01739
0.79981 0.05988
0.79981 -0.05503
0.79982 -0.07513
0.79982 0.04727
0.79983 0.00395
0.79983 0.00020
0.79984 0.01154
0.79984 0.04831
0.79985 0.00034
0.79985 -0.09216
0.79986 0.01295
0.79986 0.01867
0.79987 -0.01295
0.79987 0.01513
0.79988 0.04349
0.79988 0.05422
0.79989 0.02382
0.79989 0.03051
0.79990 0.03147
0.79990 -0.02174
0.79991 -0.00721
0.79991 0.03182
0.79992 -0.06354
0.79992 0.01876
0.79993 0.05044
0.79993 -0.04509
0.79994 0.00826
0.79994 0.00890
0.79995 -0.01568
0.79995 -0.04487
0.79996 -0.05842
0.79996 -0.02081
0.79997 -0.03855
0.79997 -0.02647
0.79998 0.00444
0.79998 -0.02202
0.79999 -0.00715
0.79999 -0.00029
0.80000 0.00221
0.80000 -0.05813
0.80001 -0.04451
0.80001 -0.02150
0.80002 -0.00212
0.80002 0.00805
0.80003 0.01499
0.80003 0.00987
0.80004 -0.05084
0.80004 -0.05165
0.80005 -0.03279
0.80005 -0.02167
0.80006 -0.04095
0.80006 -0.00069
0.80007 0.02230
0.80007 0.01361
0.80008 0.04239
0.80008 0.03538
0.80009 -0.00875
0.80009 -0.01105
0.80010 0.04662
0.80010 0.06483
0.80011 -0.01254
0.80011 -0.00510
0.80012 0.04816
0.80012 0.02930
0.80013 0.05995
0.80013 0.01364
0.80014 -0.03146
0.80014 0.06322
0.80015 0.04942
0.80015 0.01446
0.80016 0.01158
0.80016 -0.01528
0.80017 -0.00074
0.80017 -0.04497
0.80018 -0.01604
0.80018 -0.05354
0.80019 -0.00697
0.80019 0.06017
0.80020 -0.01416
0.80020 0.00218
0.80021 -0.04597
0.80021 -0.06049
0.80022 -0.04410
0.80022 0.04844
0.80023 0.00622
0.80023 0.00155
0.80024 0.04215
0.80024 -0.05316
0.80025 -0.00730
0.80025 0.01415
0.80026 0.04717
0.80026 0.02348
0.80027 -0.05468
0.80027 -0.00838
0.80028 -0.03432
0.80028 0.01384
0.80029 0.07856
0.80029 -0.01933
0.80030 -0.02578
0.80030 0.02653
0.80031 -0.06921
0.80031 -0.03765
0.80032 0.02237
0.80032 -0.03785
0.80033 0.03858
0.80033 0.03551
0.80034 -0.03857
0.80034 -0.05308
0.80035 -0.01871
0.80035 0.05804
0.80036 0.00427
0.80036 -0.03990
0.80037 -0.03591
0.80037 -0.03308
0.80038 0.01598
0.80038 -0.00137
0.80039 0.06222
0.80039 0.02126
0.80040 -0.04642
0.80040 -0.00881
0.80041 0.01138
0.80041 0.03233
0.80042 -0.01304
0.80042 -0.01911
0.80043 0.00707
0.80043 0.03936
0.80044 0.07119
0.80044 0.00187
0.80045 -0.03162
0.80045 0.01090
0.80046 -0.00306
0.80046 0.02473
0.80047 0.06372
0.80047 -0.04249
0.80048 -0.02285
0.80048 -0.04738
0.80049 -0.02136
0.80049 0.07830
0.80050 0.06327
0.80050 0.08781
0.80051 -0.01884
0.80051 -0.00362
0.80052 0.03249
0.80052 0.02733
0.80053 0.00951
0.80053 0.00159
0.80054 -0.01044
0.80054 -0.01831
0.80055 -0.00959
0.80055 -0.06749
0.80056 -0.02239
0.80056 -0.02414
0.80057 0.01515
0.80057 0.00097
0.80058 -0.07298
0.80058 -0.06115
0.80059 -0.03320
0.80059 -0.03420
0.80060 -0.04864
0.80060 0.01312
0.80061 0.03322
0.80061 0.02690
0.80062 -0.05940
0.80062 -0.06814
0.80063 0.03066
0.80063 -0.02531
0.80064 0.00700
0.80064 -0.02126
0.80065 0.00067
0.80065 0.04710
0.80066 -0.00835
0.80066 0.04136
0.80067 0.00106
0.80067 0.01411
0.80068 -0.02306
0.80068 -0.00519
0.80069 0.04454
0.80069 0.00297
0.80070 -0.01277
0.80070 -0.00822
0.80071 -0.05172
0.80071 0.02212
0.80072 0.03602
0.80072 -0.04625
0.80073 -0.00375
0.80073 -0.01823
0.80074 0.02404
0.80074 -0.00704
0.80075 0.03179
0.80075 -0.00689
0.80076 -0.03563
0.80076 0.02668
0.80077 -0.04420
0.80077 0.02049
0.80078 -0.00265
0.80078 0.03939
0.80079 0.02901
0.80079 -0.00287
0.80080 0.05127
0.80080 -0.07910
0.80081 -0.02232
0.80081 -0.02165
0.80082 -0.00271
0.80082 0.06236
0.80083 -0.02325
0.80083 -0.02826
0.80084 0.05228
0.80084 0.02835
0.80085 0.01735
0.80085 0.02881
0.80086 -0.04090
0.80086 -0.02695
0.80087 -0.02676
0.80087 -0.03954
0.80088 0.01433
0.80088 -0.00518
0.80089 -0.04153
0.80089 -0.01151
0.80090 -0.00175
0.80090 0.01630
0.80091 0.02430
0.80091 0.00507
0.80092 0.02056
0.80092 0.02288
0.80093 0.03996
0.80093 0.02656
0.80094 -0.06667
0.80094 -0.03442
0.80095 0.04304
0.80095 -0.01008
0.80096 -0.02774
0.80096 -0.06124
0.80097 -0.01331
0.80097 0.02453
0.80098 -0.00848
0.80098 0.00374
0.80099 -0.02431
0.80099 -0.04786
0.80100 -0.09694
0.80100 -0.00529
0.80101 0.01035
0.80101 -0.02915
0.80102 0.07440
0.80102 -0.01234
0.80103 -0.06192
0.80103 0.01845
0.80104 -0.02404
0.80104 0.03453
0.80105 -0.00938
0.80105 -0.01614
0.80106 0.00407
0.80106 -0.05023
0.80107 0.05210
0.80107 0.04488
0.80108 0.01110
0.80108 -0.02666
0.80109 -0.01588
0.80109 0.02933
0.80110 -0.00573
0.80110 -0.00515
0.80111 -0.02750
0.80111 0.01894
0.80112 0.01088
0.80112 -0.03384
0.80113 0.04395
0.80113 0.05116
0.80114 -0.01363
0.80114 0.00275
0.80115 -0.00654
0.80115 -0.06325
0.80116 -0.03962
0.80116 0.07310
0.80117 -0.00206
0.80117 0.01932
0.80118 0.10096
0.80118 -0.04795
0.80119 0.00901
0.80119 -0.02568
0.80120 -0.03134
0.80120 0.09561
0.80121 -0.02088
0.80121 -0.04125
0.80122 0.07160
0.80122 0.05801
0.80123 0.00174
0.80123 0.05218
0.80124 0.03125
0.80124 -0.01957
0.80125 -0.04226
0.80125 -0.04936
0.80126 -0.08144
0.80126 -0.05055
0.80127 0.04457
0.80127 -0.00442
0.80128 -0.01819
0.80128 0.01555
0.80129 -0.01056
0.80129 -0.04385
0.80130 0.02311
0.80130 -0.04695
0.80131 0.00348
0.80131 0.03661
0.80132 -0.01002
0.80132 0.01255
0.80133 -0.04031
0.80133 -0.05690
0.80134 -0.01791
0.80134 0.06385
0.80135 0.04064
0.80135 -0.02245
0.80136 -0.00765
0.80136 -0.00103
0.80137 0.02916
0.80137 0.03199
0.80138 -0.00833
0.80138 0.01006
0.80139 -0.00624
0.80139 -0.04421
0.80140 -0.00979
0.80140 -0.00308
0.80141 0.02122
0.80141 0.05007
0.80142 -0.00958
0.80142 0.02992
0.80143 0.04529
0.80143 -0.03104
0.80144 0.07396
0.80144 0.06584
0.80145 -0.05728
0.80145 -0.04244
0.80146 -0.05971
0.80146 0.04938
0.80147 0.02257
0.80147 -0.01534
0.80148 0.07906
0.80148 0.01895
0.80149 0.02202
0.80149 0.01514
0.80150 -0.04511
0.80150 -0.01194
0.80151 -0.00745
0.80151 -0.01573
0.80152 0.03218
0.80152 0.08605
0.80153 -0.00635
0.80153 -0.06485
0.80154 0.01117
0.80154 0.01359
0.80155 -0.05286
0.80155 0.00287
0.80156 0.04045
0.80156 -0.00368
0.80157 0.00685
0.80157 -0.00381
0.80158 -0.01101
0.80158 -0.07424
0.80159 0.04632
0.80159 0.14801
0.80160 0.04616
0.80160 0.03538
0.80161 0.00355
0.80161 0.08055
0.80162 0.07080
0.80162 0.04543
0.80163 0.05109
0.80163 0.00719
0.80164 0.05618
0.80164 0.01646
0.80165 0.01108
0.80165 0.00654
0.80166 0.02034
0.80166 0.02980
0.80167 0.05540
0.80167 0.01637
0.80168 -0.00463
0.80168 0.04828
0.80169 0.05934
0.80169 0.05793
0.80170 0.01286
0.80170 0.04313
0.80171 -0.03622
0.80171 0.01072
0.80172 0.07493
0.80172 0.01832
0.80173 0.08550
0.80173 0.00061
0.80174 -0.02141
0.80174 -0.02514
0.80175 -0.05367
0.80175 0.01468
0.80176 0.02605
0.80176 -0.00244
0.80177 0.01308
0.80177 -0.00991
0.80178 -0.05377
0.80178 0.01006
0.80179 0.00600
0.80179 0.04987
0.80180 0.04017
0.80180 -0.00470
0.80181 0.06020
0.80181 -0.02532
0.80182 -0.05048
0.80182 0.01077
0.80183 0.05360
0.80183 0.01035
0.80184 -0.01598
0.80184 0.03581
0.80185 0.01041
0.80185 0.04392
0.80186 0.03909
0.80186 0.00589
0.80187 0.07278
0.80187 0.03826
0.80188 0.05153
0.80188 0.13568
0.80189 0.03599
0.80189 0.01811
0.80190 0.00910
0.80190 0.10101
0.80191 0.15146
0.80191 -0.01679
0.80192 0.03510
0.80192 0.07472
0.80193 0.01931
0.80193 0.03223
0.80194 0.05247
0.80194 0.01200
0.80195 0.02292
0.80195 0.15551
0.80196 0.07607
0.80196 -0.02261
0.80197 0.00161
0.80197 0.00542
0.80198 0.08246
0.80198 0.05838
0.80199 0.01156
0.80199 0.03549
0.80200 0.07045
0.80200 0.10688
0.80201 0.04441
0.80201 0.03500
0.80202 0.07660
0.80202 0.04034
0.80203 0.09249
0.80203 0.11678
0.80204 0.06077
0.80204 0.08851
0.80205 0.06265
0.80205 0.08294
0.80206 0.12781
0.80206 0.02460
0.80207 0.04705
0.80207 0.11563
0.80208 0.08177
0.80208 0.04971
0.80209 0.07990
0.80209 0.07518
0.80210 0.04341
0.80210 0.09547
0.80211 0.02570
0.80211 0.02402
0.80212 0.04098
0.80212 0.04596
0.80213 0.12055
0.80213 0.09340
0.80214 0.09533
0.80214 0.08993
0.80215 0.01995
0.80215 0.11028
0.80216 0.05875
0.80216 -0.01106
0.80217 0.10630
0.80217 0.06884
0.80218 0.09645
0.80218 0.14099
0.80219 0.13203
0.80219 0.07505
0.80220 0.03694
0.80220 0.11001
0.80221 0.10492
0.80221 0.10725
0.80222 0.09512
0.80222 0.11767
0.80223 0.17192
0.80223 0.15537
0.80224 0.10988
0.80224 0.04034
0.80225 0.08115
0.80225 0.12315
0.80226 0.09722
0.80226 0.09002
0.80227 0.11061
0.80227 0.09401
0.80228 0.16281
0.80228 0.18121
0.80229 0.13232
0.80229 0.17526
0.80230 0.16200
0.80230 0.14765
0.80231 0.19279
0.80231 0.18429
0.80232 0.06250
0.80232 0.10803
0.80233 0.21841
0.80233 0.20237
0.80234 0.16278
0.80234 0.12037
0.80235 0.12192
0.80235 0.20227
0.80236 0.22125
0.80236 0.13478
0.80237 0.16931
0.80237 0.19049
0.80238 0.13390
0.80238 0.11124
0.80239 0.19011
0.80239 0.19870
0.80240 0.12709
0.80240 0.15577
0.80241 0.19943
0.80241 0.18609
0.80242 0.14301
0.80242 0.18947
0.80243 0.18300
0.80243 0.21954
0.80244 0.17956
0.80244 0.17127
0.80245 0.23946
0.80245 0.19471
0.80246 0.18067
0.80246 0.15647
0.80247 0.22968
0.80247 0.25651
0.80248 0.22039
0.80248 0.28563
0.80249 0.24587
0.80249 0.17704
0.80250 0.22392
0.80250 0.23240
0.80251 0.28865
0.80251 0.26724
0.80252 0.24464
0.80252 0.26658
0.80253 0.26239
0.80253 0.28958
0.80254 0.26068
0.80254 0.31334
0.80255 0.34332
0.80255 0.22851
0.80256 0.21694
0.80256 0.29561
0.80257 0.28273
0.80257 0.29229
0.80258 0.31656
0.80258 0.28827
0.80259 0.29296
0.80259 0.29989
0.80260 0.28551
0.80260 0.30792
0.80261 0.26337
0.80261 0.22990
0.80262 0.30198
0.80262 0.31259
0.80263 0.28515
0.80263 0.27605
0.80264 0.27709
0.80264 0.26133
0.80265 0.36454
0.80265 0.35208
0.80266 0.33815
0.80266 0.36506
0.80267 0.32448
0.80267 0.34397
0.80268 0.27895
0.80268 0.37394
0.80269 0.40244
0.80269 0.30246
0.80270 0.39390
0.80270 0.40894
0.80271 0.30623
0.80271 0.35532
0.80272 0.36751
0.80272 0.42353
0.80273 0.48016
0.80273 0.37240
0.80274 0.43738
0.80274 0.36528
0.80275 0.38206
0.80275 0.43752
0.80276 0.34365
0.80276 0.36988
0.80277 0.31238
0.80277 0.36829
0.80278 0.43811
0.80278 0.41061
0.80279 0.42373
0.80279 0.46112
0.80280 0.42085
0.80280 0.40368
0.80281 0.43757
0.80281 0.51952
0.80282 0.56130
0.80282 0.47531
0.80283 0.44508
0.80283 0.50972
0.80284 0.46760
0.80284 0.40568
0.80285 0.45658
0.80285 0.39340
0.80286 0.46956
0.80286 0.57161
0.80287 0.51402
0.80287 0.49574
0.80288 0.49911
0.80288 0.51166
0.80289 0.53773
0.80289 0.52880
0.80290 0.46875
0.80290 0.46119
0.80291 0.51107
0.80291 0.57349
0.80292 0.50167
0.80292 0.43559
0.80293 0.53550
0.80293 0.53977
0.80294 0.52136
0.80294 0.52969
0.80295 0.49109
0.80295 0.52173
0.80296 0.54840
0.80296 0.55454
0.80297 0.46963
0.80297 0.60732
0.80298 0.57752
0.80298 0.48037
0.80299 0.59306
0.80299 0.53980
0.80300 0.56149
0.80300 0.49470
0.80301 0.56608
0.80301 0.66428
0.80302 0.62523
0.80302 0.58167
0.80303 0.60531
0.80303 0.63251
0.80304 0.60131
0.80304 0.61673
0.80305 0.58853
0.80305 0.57572
0.80306 0.60743
0.80306 0.63928
0.80307 0.71611
0.80307 0.66395
0.80308 0.65340
0.80308 0.68497
0.80309 0.56163
0.80309 0.58174
0.80310 0.67598
0.80310 0.69693
0.80311 0.67144
0.80311 0.61904
0.80312 0.60725
0.80312 0.66648
0.80313 0.74050
0.80313 0.77812
0.80314 0.62981
0.80314 0.65370
0.80315 0.69303
0.80315 0.59417
0.80316 0.67454
0.80316 0.71258
0.80317 0.71328
0.80317 0.71399
0.80318 0.70367
0.80318 0.65365
0.80319 0.69596
0.80319 0.70207
0.80320 0.62847
0.80320 0.71980
0.80321 0.70563
0.80321 0.69928
0.80322 0.74203
0.80322 0.70396
0.80323 0.77529
0.80323 0.76594
0.80324 0.79471
0.80324 0.80379
0.80325 0.75315
0.80325 0.75320
0.80326 0.80488
0.80326 0.76412
0.80327 0.74638
0.80327 0.74987
0.80328 0.72148
0.80328 0.80171
0.80329 0.83921
0.80329 0.79719
0.80330 0.70446
0.80330 0.69206
0.80331 0.69952
0.80331 0.76382
0.80332 0.77050
0.80332 0.78271
0.80333 0.78540
0.80333 0.81346
0.80334 0.87158
0.80334 0.76376
0.80335 0.81445
0.80335 0.84852
0.80336 0.74681
0.80336 0.81454
0.80337 0.75885
0.80337 0.79065
0.80338 0.85104
0.80338 0.78419
0.80339 0.81313
0.80339 0.82041
0.80340 0.81864
0.80340 0.84404
0.80341 0.85038
0.80341 0.82374
0.80342 0.85762
0.80342 0.80234
0.80343 0.79871
0.80343 0.88855
0.80344 0.85001
0.80344 0.87956
0.80345 0.82153
0.80345 0.72209
0.80346 0.91571
0.80346 0.92626
0.80347 0.81429
0.80347 0.83494
0.80348 0.80673
0.80348 0.82068
0.80349 0.91341
0.80349 0.90812
0.80350 0.88551
0.80350 0.90506
0.80351 0.85026
0.80351 0.83120
0.80352 0.87819
0.80352 0.85396
0.80353 0.81657
0.80353 0.94073
0.80354 0.86726
0.80354 0.78608
0.80355 0.87863
0.80355 0.88142
0.80356 0.98684
0.80356 0.91769
0.80357 0.86698
0.80357 0.91764
0.80358 0.85260
0.80358 0.88386
0.80359 0.94986
0.80359 0.97199
0.80360 0.89799
0.80360 0.83015
0.80361 0.95431
0.80361 0.95210
0.80362 0.92286
0.80362 1.01370
0.80363 0.97493
0.80363 0.95661
0.80364 0.85536
0.80364 0.89132
0.80365 0.96773
0.80365 0.93406
0.80366 1.00348
0.80366 0.94294
0.80367 0.90183
0.80367 0.98407
0.80368 0.89148
0.80368 0.90188
0.80369 0.90055
0.80369 0.96703
0.80370 1.02743
0.80370 0.94302
0.80371 0.95530
0.80371 0.90311
0.80372 1.03355
0.80372 1.00617
0.80373 0.95239
0.80373 1.04638
0.80374 0.98641
0.80374 1.07108
0.80375 1.03561
0.80375 0.92045
0.80376 0.92942
0.80376 0.96552
0.80377 1.05674
0.80377 0.93763
0.80378 0.95726
0.80378 0.98402
0.80379 0.97482
0.80379 0.98258
0.80380 0.92436
0.80380 1.09898
0.80381 1.00781
0.80381 0.89515
0.80382 0.96715
0.80382 0.94615
0.80383 0.95826
0.80383 1.01275
0.80384 0.98157
0.80384 0.91444
0.80385 0.95079
0.80385 0.97695
0.80386 0.99634
0.80386 0.97769
0.80387 1.07151
0.80387 1.06402
0.80388 0.97437
0.80388 0.97090
0.80389 0.99809
0.80389 1.03139
0.80390 0.95573
0.80390 0.96630
0.80391 1.00699
0.80391 1.03267
0.80392 1.06758
0.80392 1.07849
0.80393 1.00488
0.80393 0.99466
0.80394 1.10055
0.80394 1.01604
0.80395 0.95035
0.80395 1.07232
0.80396 1.06772
0.80396 1.01585
0.80397 1.10213
0.80397 1.05605
0.80398 0.98767
0.80398 1.08096
0.80399 1.02359
0.80399 1.03865
0.80400 1.08037
0.80400 1.04201
0.80401 1.05304
0.80401 1.04695
0.80402 1.05162
0.80402 1.04753
0.80403 1.12301
0.80403 1.07233
0.80404 1.00940
0.80404 1.04079
0.80405 1.10549
0.80405 1.10201
0.80406 1.06153
0.80406 1.08833
0.80407 1.06670
0.80407 1.12698
0.80408 1.07145
0.80408 1.04421
0.80409 1.05806
0.80409 1.02161
0.80410 1.07709
0.80410 1.06113
0.80411 0.97801
0.80411 1.02984
0.80412 1.04500
0.80412 1.03613
0.80413 1.07759
0.80413 1.02552
0.80414 1.06271
0.80414 1.03813
0.80415 1.07511
0.80415 1.09098
0.80416 1.03153
0.80416 1.09740
0.80417 1.04431
0.80417 1.06274
0.80418 1.08645
0.80418 1.02244
0.80419 1.04631
0.80419 1.05721
0.80420 0.98954
0.80420 1.04493
0.80421 1.05097
0.80421 1.04950
0.80422 1.12187
0.80422 1.09226
0.80423 1.08812
0.80423 1.09155
0.80424 1.05996
0.80424 1.07279
0.80425 1.06592
0.80425 1.01567
0.80426 1.01000
0.80426 1.00741
0.80427 1.12076
0.80427 1.13118
0.80428 1.10819
0.80428 1.07285
0.80429 1.02357
0.80429 1.13854
0.80430 1.12735
0.80430 1.03654
0.80431 1.12508
0.80431 1.12429
0.80432 1.05295
0.80432 1.09236
0.80433 1.08849
0.80433 1.10763
0.80434 1.05075
0.80434 1.08982
0.80435 1.10722
0.80435 1.14762
0.80436 1.10829
0.80436 1.02901
0.80437 1.15088
0.80437 0.97230
0.80438 1.02991
0.80438 1.11499
0.80439 1.06059
0.80439 1.13214
0.80440 1.10511
0.80440 1.07438
0.80441 1.08644
0.80441 1.08142
0.80442 1.07989
0.80442 1.12977
0.80443 1.07253
0.80443 0.99380
0.80444 1.09871
0.80444 1.13088
0.80445 1.04599
0.80445 1.10392
0.80446 1.08941
0.80446 1.10621
0.80447 1.06186
0.80447 1.03162
0.80448 1.08911
0.80448 1.03612
0.80449 1.09795
0.80449 1.15058
0.80450 1.06397
0.80450 1.12620
0.80451 1.12315
0.80451 1.03783
0.80452 1.10258
0.80452 0.99845
0.80453 1.06232
0.80453 1.18256
0.80454 1.06824
0.80454 1.02816
0.80455 1.04484
0.80455 1.09291
0.80456 1.04650
0.80456 1.09872
0.80457 1.14270
0.80457 1.02089
0.80458 1.06806
0.80458 1.12357
0.80459 1.04231
0.80459 1.05696
0.80460 1.08410
0.80460 0.98976
0.80461 1.02640
0.80461 1.06973
0.80462 1.04453
0.80462 1.07616
0.80463 1.10699
0.80463 1.15595
0.80464 1.13405
0.80464 1.06026
0.80465 1.07676
0.80465 1.12882
0.80466 1.06905
0.80466 1.06323
0.80467 1.09626
0.80467 1.15502
0.80468 1.09920
0.80468 1.00560
0.80469 1.06619
0.80469 1.00813
0.80470 1.03169
0.80470 1.12008
0.80471 0.97723
0.80471 1.03280
0.80472 1.11665
0.80472 1.00681
0.80473 1.09023
0.80473 1.08315
0.80474 1.02587
0.80474 1.06496
0.80475 1.14341
0.80475 1.13413
0.80476 1.07307
0.80476 1.12243
0.80477 1.04918
0.80477 1.08472
0.80478 1.07696
0.80478 1.03455
0.80479 1.09767
0.80479 0.99705
0.80480 1.09833
0.80480 1.04941
0.80481 0.98578
0.80481 1.10756
0.80482 0.98219
0.80482 1.05230
0.80483 1.06743
0.80483 1.02717
0.80484 1.13670
0.80484 1.03633
0.80485 1.04713
0.80485 1.05125
0.80486 1.04025
0.80486 1.07641
0.80487 1.06181
0.80487 1.10113
0.80488 1.04656
0.80488 1.02286
0.80489 1.04440
0.80489 1.06696
0.80490 1.04857
0.80490 1.04377
0.80491 1.05111
0.80491 1.10205
0.80492 1.08309
0.80492 0.97722
0.80493 1.13039
0.80493 1.11596
0.80494 1.00779
0.80494 1.03674
0.80495 1.10649
0.80495 1.13415
0.80496 0.98188
0.80496 1.05844
0.80497 1.07366
0.80497 1.05943
0.80498 1.09319
0.80498 1.02094
0.80499 1.06281
0.80499 1.05637
0.80500 1.09519
0.80500 1.05276
0.80501 0.99282
0.80501 1.05370
0.80502 1.08677
0.80502 1.04149
0.80503 1.02597
0.80503 1.05919
0.80504 1.04908
0.80504 1.05363
0.80505 1.06688
0.80505 1.02599
0.80506 1.03941
0.80506 1.03699
0.80507 0.98481
0.80507 1.05557
0.80508 1.06286
0.80508 0.99082
0.80509 0.99793
0.80509 1.02986
0.80510 1.04380
0.80510 1.01811
0.80511 0.99984
0.80511 1.03148
0.80512 1.03647
0.80512 1.05997
0.80513 1.05712
0.80513 1.07663
0.80514 1.05527
0.80514 1.03408
0.80515 1.05376
0.80515 1.09724
0.80516 1.05556
0.80516 1.00797
0.80517 1.00680
0.80517 0.98404
0.80518 0.99352
0.80518 0.99471
0.80519 1.01911
0.80519 0.99250
0.80520 1.02744
0.80520 1.03524
0.80521 0.94985
0.80521 0.99418
0.80522 1.07229
0.80522 1.06249
0.80523 1.02764
0.80523 1.08885
0.80524 1.01896
0.80524 1.01302
0.80525 1.10382
0.80525 0.91218
0.80526 0.99436
0.80526 1.11673
0.80527 0.95930
0.80527 0.99024
0.80528 1.04722
0.80528 1.01445
0.80529 1.00011
0.80529 1.04477
0.80530 1.00004
0.80530 1.00064
0.80531 1.04554
0.80531 0.97741
0.80532 1.02267
0.80532 0.99476
0.80533 1.02007
0.80533 1.04607
0.80534 1.05533
0.80534 1.06952
0.80535 0.96711
0.80535 1.03557
0.80536 1.03329
0.80536 0.96534
0.80537 1.03546
0.80537 1.04560
0.80538 1.01690
0.80538 1.01972
0.80539 1.03057
0.80539 1.02706
0.80540 1.00184
0.80540 0.95814
0.80541 1.07586
0.80541 1.00924
0.80542 0.90089
0.80542 0.99658
0.80543 0.96786
0.80543 1.01998
0.80544 1.00595
0.80544 0.96491
0.80545 0.95075
0.80545 0.96445
0.80546 1.01232
0.80546 1.00871
0.80547 1.01955
0.80547 0.97819
0.80548 0.91807
0.80548 0.98637
0.80549 1.06557
0.80549 0.96423
0.80550 0.98241
0.80550 0.96287
0.80551 0.94039
0.80551 0.99472
0.80552 0.90222
0.80552 0.97252
0.80553 1.01181
0.80553 0.92052
0.80554 0.96573
0.80554 0.98241
0.80555 1.03620
0.80555 0.92507
0.80556 0.92062
0.80556 1.07897
0.80557 1.01325
0.80557 0.99277
0.80558 0.98742
0.80558 0.96896
0.80559 0.89343
0.80559 0.94327
0.80560 1.00982
0.80560 0.88161
0.80561 1.04448
0.80561 1.04068
0.80562 0.94994
0.80562 1.01850
0.80563 0.93884
0.80563 0.91585
0.80564 0.87423
0.80564 0.91032
0.80565 0.99208
0.80565 0.87278
0.80566 0.88273
0.80566 1.00488
0.80567 0.98883
0.80567 0.90050
0.80568 0.92206
0.80568 0.99560
0.80569 0.92956
0.80569 0.94310
0.80570 0.89908
0.80570 0.91479
0.80571 0.95147
0.80571 0.95170
0.80572 0.93187
0.80572 0.97187
0.80573 0.99877
0.80573 0.88438
0.80574 0.88160
0.80574 0.93104
0.80575 0.88365
0.80575 0.91824
0.80576 0.98371
0.80576 0.88736
0.80577 0.88334
0.80577 0.96962
0.80578 0.98320
0.80578 0.98965
0.80579 0.98720
0.80579 0.99170
0.80580 0.91163
0.80580 0.86267
0.80581 0.97978
0.80581 0.99921
0.80582 0.89782
0.80582 0.94920
0.80583 1.04184
0.80583 0.96713
0.80584 0.88775
0.80584 0.93486
0.80585 0.91163
0.80585 0.86567
0.80586 0.93023
0.80586 0.88443
0.80587 0.94570
0.80587 0.94343
0.80588 0.87884
0.80588 0.86292
0.80589 0.87622
0.80589 0.97727
0.80590 0.87444
0.80590 0.87969
0.80591 0.89221
0.80591 0.88853
0.80592 0.91934
0.80592 0.83415
0.80593 0.85287
0.80593 0.91338
0.80594 0.91704
0.80594 0.93215
0.80595 0.92509
0.80595 0.84307
0.80596 0.93520
0.80596 0.94659
0.80597 0.92619
0.80597 0.93123
0.80598 0.90461
0.80598 0.89908
0.80599 0.88840
0.80599 0.89259
0.80600 0.87793
0.80600 0.82887
0.80601 0.84165
0.80601 0.91080
0.80602 0.86136
0.80602 0.89105
0.80603 0.93709
0.80603 0.93165
0.80604 0.95924
0.80604 0.87692
0.80605 0.88310
0.80605 0.95273
0.80606 0.88555
0.80606 0.86502
0.80607 0.84135
0.80607 0.83376
0.80608 0.89935
0.80608 0.92569
0.80609 0.92344
0.80609 0.87625
0.80610 0.86479
0.80610 0.91833
0.80611 0.88749
0.80611 0.83521
0.80612 0.83649
0.80612 0.85858
0.80613 0.83723
0.80613 0.84065
0.80614 0.87922
0.80614 0.81755
0.80615 0.88025
0.80615 0.91669
0.80616 0.87356
0.80616 0.94418
0.80617 0.89647
0.80617 0.92429
0.80618 0.92673
0.80618 0.82271
0.80619 0.79670
0.80619 0.85283
0.80620 0.89739
0.80620 0.86303
0.80621 0.91904
0.80621 0.85149
0.80622 0.80818
0.80622 0.96583
0.80623 0.91198
0.80623 0.81101
0.80624 0.85556
0.80624 0.86954
0.80625 0.87943
0.80625 0.90726
0.80626 0.88708
0.80626 0.82830
0.80627 0.81827
0.80627 0.89177
0.80628 0.91117
0.80628 0.84577
0.80629 0.83284
0.80629 0.90192
0.80630 0.84083
0.80630 0.86269
0.80631 0.85720
0.80631 0.81764
0.80632 0.88208
0.80632 0.85240
0.80633 0.86406
0.80633 0.87085
0.80634 0.92991
0.80634 0.91568
0.80635 0.84120
0.80635 0.82041
0.80636 0.83370
0.80636 0.84305
0.80637 0.81566
0.80637 0.83758
0.80638 0.87306
0.80638 0.89582
0.80639 0.88534
0.80639 0.81306
0.80640 0.82154
0.80640 0.90684
0.80641 0.82799
0.80641 0.80830
0.80642 0.83080
0.80642 0.82651
0.80643 0.79523
0.80643 0.75203
0.80644 0.86435
0.80644 0.83391
0.80645 0.76338
0.80645 0.78784
0.80646 0.79645
0.80646 0.85976
0.80647 0.83019
0.80647 0.76517
0.80648 0.82132
0.80648 0.82742
0.80649 0.84311
0.80649 0.81073
0.80650 0.78545
0.80650 0.85873
0.80651 0.82899
0.80651 0.78996
0.80652 0.85564
0.80652 0.88680
0.80653 0.84730
0.80653 0.84787
0.80654 0.83699
0.80654 0.83132
0.80655 0.82318
0.80655 0.83158
0.80656 0.91307
0.80656 0.79065
0.80657 0.74722
0.80657 0.82285
0.80658 0.79610
0.80658 0.84506
0.80659 0.88888
0.80659 0.84442
0.80660 0.78423
0.80660 0.80616
0.80661 0.83129
0.80661 0.73960
0.80662 0.78346
0.80662 0.78770
0.80663 0.71577
0.80663 0.78135
0.80664 0.82057
0.80664 0.85687
0.80665 0.83621
0.80665 0.83753
0.80666 0.78592
0.80666 0.80130
0.80667 0.80556
0.80667 0.83522
0.80668 0.79420
0.80668 0.75382
0.80669 0.80548
0.80669 0.82523
0.80670 0.99135
0.80670 0.83822
0.80671 0.82974
0.80671 0.85161
0.80672 0.73839
0.80672 0.83064
0.80673 0.79431
0.80673 0.79243
0.80674 0.84070
0.80674 0.81933
0.80675 0.71217
0.80675 0.80696
0.80676 0.81887
0.80676 0.76530
0.80677 0.79633
0.80677 0.79109
0.80678 0.86541
0.80678 0.79757
0.80679 0.82846
0.80679 0.82901
0.80680 0.80187
0.80680 0.85312
0.80681 0.77121
0.80681 0.75334
0.80682 0.83894
0.80682 0.80364
0.80683 0.82531
0.80683 0.87309
0.80684 0.79734
0.80684 0.81308
0.80685 0.88111
0.80685 0.81387
0.80686 0.76069
0.80686 0.86037
0.80687 0.84672
0.80687 0.73792
0.80688 0.80142
0.80688 0.82358
0.80689 0.78985
0.80689 0.82097
0.80690 0.75042
0.80690 0.73855
0.80691 0.77451
0.80691 0.75024
0.80692 0.78836
0.80692 0.76814
0.80693 0.75367
0.80693 0.80977
0.80694 0.81192
0.80694 0.80460
0.80695 0.76865
0.80695 0.84760
0.80696 0.67815
0.80696 0.69023
0.80697 0.88335
0.80697 0.76383
0.80698 0.72330
0.80698 0.69949
0.80699 0.72273
0.80699 0.73901
0.80700 0.72181
0.80700 0.76132
0.80701 0.77121
0.80701 0.78307
0.80702 0.72602
0.80702 0.75202
0.80703 0.81302
0.80703 0.75897
0.80704 0.76239
0.80704 0.75547
0.80705 0.72309
0.80705 0.73189
0.80706 0.67880
0.80706 0.70703
0.80707 0.69867
0.80707 0.62414
0.80708 0.73886
0.80708 0.78507
0.80709 0.79391
0.80709 0.75857
0.80710 0.71555
0.80710 0.70358
0.80711 0.76784
0.80711 0.76694
0.80712 0.75215
0.80712 0.82434
0.80713 0.80964
0.80713 0.85396
0.80714 0.80959
0.80714 0.79287
0.80715 0.78459
0.80715 0.66674
0.80716 0.71020
0.80716 0.67118
0.80717 0.68198
0.80717 0.74683
0.80718 0.68766
0.80718 0.72712
0.80719 0.76157
0.80719 0.65434
0.80720 0.69955
0.80720 0.71511
0.80721 0.66536
0.80721 0.73540
0.80722 0.71561
0.80722 0.66926
0.80723 0.65516
0.80723 0.69513
0.80724 0.72101
0.80724 0.75552
0.80725 0.71032
0.80725 0.72351
0.80726 0.73689
0.80726 0.64786
0.80727 0.66590
0.80727 0.67361
0.80728 0.68574
0.80728 0.75044
0.80729 0.74306
0.80729 0.66058
0.80730 0.61483
0.80730 0.67489
0.80731 0.68379
0.80731 0.71241
0.80732 0.73162
0.80732 0.70153
0.80733 0.64567
0.80733 0.63613
0.80734 0.67390
0.80734 0.68579
0.80735 0.63698
0.80735 0.65275
0.80736 0.72068
0.80736 0.68570
0.80737 0.61180
0.80737 0.68322
0.80738 0.65188
0.80738 0.55458
0.80739 0.68766
0.80739 0.68161
0.80740 0.60225
0.80740 0.57955
0.80741 0.64093
0.80741 0.67995
0.80742 0.63731
0.80742 0.64255
0.80743 0.65932
0.80743 0.59136
0.80744 0.54695
0.80744 0.52789
0.80745 0.61323
0.80745 0.60466
0.80746 0.57607
0.80746 0.68737
0.80747 0.62748
0.80747 0.68170
0.80748 0.68624
0.80748 0.57424
0.80749 0.63685
0.80749 0.57957
0.80750 0.58698
0.80750 0.57195
0.80751 0.60058
0.80751 0.75199
0.80752 0.55000
0.80752 0.49951
0.80753 0.66037
0.80753 0.57183
0.80754 0.56751
0.80754 0.53652
0.80755 0.55905
0.80755 0.65381
0.80756 0.65327
0.80756 0.62426
0.80757 0.55506
0.80757 0.60304
0.80758 0.58952
0.80758 0.60697
0.80759 0.56838
0.80759 0.57933
0.80760 0.63231
0.80760 0.55237
0.80761 0.49660
0.80761 0.46730
0.80762 0.59500
0.80762 0.68869
0.80763 0.62820
0.80763 0.59095
0.80764 0.54316
0.80764 0.53557
0.80765 0.52448
0.80765 0.57622
0.80766 0.70443
0.80766 0.61275
0.80767 0.55963
0.80767 0.63905
0.80768 0.59608
0.80768 0.60305
0.80769 0.63070
0.80769 0.62966
0.80770 0.67663
0.80770 0.63886
0.80771 0.63189
0.80771 0.60193
0.80772 0.53908
0.80772 0.58956
0.80773 0.54631
0.80773 0.60246
0.80774 0.62768
0.80774 0.60430
0.80775 0.69438
0.80775 0.59453
0.80776 0.56119
0.80776 0.59241
0.80777 0.54706
0.80777 0.59388
0.80778 0.61029
0.80778 0.61414
0.80779 0.57375
0.80779 0.54306
0.80780 0.54501
0.80780 0.53549
0.80781 0.59614
0.80781 0.55316
0.80782 0.59524
0.80782 0.64925
0.80783 0.58188
0.80783 0.64840
0.80784 0.61354
0.80784 0.62223
0.80785 0.56559
0.80785 0.54797
0.80786 0.61063
0.80786 0.55188
0.80787 0.60812
0.80787 0.52215
0.80788 0.61557
0.80788 0.62375
0.80789 0.58123
0.80789 0.59689
0.80790 0.47443
0.80790 0.59471
0.80791 0.54344
0.80791 0.57143
0.80792 0.63356
0.80792 0.51369
0.80793 0.59184
0.80793 0.59880
0.80794 0.65603
0.80794 0.61440
0.80795 0.54211
0.80795 0.61783
0.80796 0.56470
0.80796 0.57423
0.80797 0.71288
0.80797 0.56666
0.80798 0.49272
0.80798 0.64912
0.80799 0.54182
0.80799 0.55619
0.80800 0.58033
0.80800 0.53565
0.80801 0.62136
0.80801 0.61041
0.80802 0.53420
0.80802 0.60128
0.80803 0.65855
0.80803 0.58596
0.80804 0.54872
0.80804 0.58835
0.80805 0.54510
0.80805 0.54264
0.80806 0.57853
0.80806 0.58941
0.80807 0.67404
0.80807 0.64721
0.80808 0.62212
0.80808 0.59991
0.80809 0.55983
0.80809 0.53982
0.80810 0.54158
0.80810 0.61025
0.80811 0.53511
0.80811 0.51486
0.80812 0.61185
0.80812 0.60421
0.80813 0.61303
0.80813 0.54501
0.80814 0.60803
0.80814 0.57041
0.80815 0.50088
0.80815 0.55186
0.80816 0.61413
0.80816 0.66625
0.80817 0.53992
0.80817 0.60344
0.80818 0.56198
0.80818 0.55638
0.80819 0.58362
0.80819 0.51806
0.80820 0.53199
0.80820 0.50978
0.80821 0.61743
0.80821 0.65663
0.80822 0.50774
0.80822 0.59589
0.80823 0.60774
0.80823 0.53627
0.80824 0.60895
0.80824 0.58716
0.80825 0.62430
0.80825 0.60335
0.80826 0.60502
0.80826 0.63754
0.80827 0.63563
0.80827 0.58136
0.80828 0.52580
0.80828 0.56687
0.80829 0.57298
0.80829 0.52205
0.80830 0.60342
0.80830 0.59723
0.80831 0.53841
0.80831 0.55457
0.80832 0.49213
0.80832 0.53695
0.80833 0.62774
0.80833 0.61106
0.80834 0.54313
0.80834 0.54935
0.80835 0.59121
0.80835 0.61126
0.80836 0.57182
0.80836 0.59640
0.80837 0.59735
0.80837 0.58203
0.80838 0.56428
0.80838 0.56598
0.80839 0.55467
0.80839 0.53287
0.80840 0.59209
0.80840 0.59905
0.80841 0.63138
0.80841 0.56693
0.80842 0.48351
0.80842 0.60482
0.80843 0.57789
0.80843 0.52190
0.80844 0.55736
0.80844 0.43855
0.80845 0.52832
0.80845 0.58753
0.80846 0.50107
0.80846 0.55526
0.80847 0.56011
0.80847 0.54066
0.80848 0.53765
0.80848 0.56804
0.80849 0.57700
0.80849 0.55264
0.80850 0.62717
0.80850 0.55980
0.80851 0.52995
0.80851 0.48982
0.80852 0.51392
0.80852 0.61788
0.80853 0.52879
0.80853 0.50265
0.80854 0.58579
0.80854 0.54869
0.80855 0.52993
0.80855 0.55446
0.80856 0.53778
0.80856 0.60076
0.80857 0.54168
0.80857 0.53466
0.80858 0.55121
0.80858 0.53568
0.80859 0.54179
0.80859 0.51617
0.80860 0.53046
0.80860 0.50716
0.80861 0.50875
0.80861 0.46840
0.80862 0.51697
0.80862 0.55157
0.80863 0.47916
0.80863 0.59807
0.80864 0.54035
0.80864 0.47479
0.80865 0.60695
0.80865 0.55940
0.80866 0.47763
0.80866 0.54236
0.80867 0.57271
0.80867 0.53180
0.80868 0.45407
0.80868 0.59706
0.80869 0.57681
0.80869 0.48987
0.80870 0.58893
0.80870 0.49380
0.80871 0.53011
0.80871 0.50752
0.80872 0.53153
0.80872 0.59969
0.80873 0.56365
0.80873 0.49636
0.80874 0.49584
0.80874 0.53826
0.80875 0.47500
0.80875 0.47065
0.80876 0.51197
0.80876 0.59222
0.80877 0.55078
0.80877 0.49211
0.80878 0.53890
0.80878 0.51095
0.80879 0.54181
0.80879 0.54032
0.80880 0.51498
0.80880 0.55757
0.80881 0.47844
0.80881 0.52059
0.80882 0.55524
0.80882 0.45547
0.80883 0.50314
0.80883 0.56560
0.80884 0.54250
0.80884 0.53123
0.80885 0.50579
0.80885 0.51528
0.80886 0.56465
0.80886 0.49333
0.80887 0.47901
0.80887 0.45387
0.80888 0.39691
0.80888 0.52434
0.80889 0.45010
0.80889 0.50323
0.80890 0.58543
0.80890 0.50856
0.80891 0.50835
0.80891 0.49766
0.80892 0.49713
0.80892 0.53387
0.80893 0.54236
0.80893 0.48918
0.80894 0.56517
0.80894 0.51411
0.80895 0.50348
0.80895 0.50443
0.80896 0.52722
0.80896 0.54598
0.80897 0.46065
0.80897 0.49065
0.80898 0.49652
0.80898 0.48004
0.80899 0.49319
0.80899 0.47665
0.80900 0.44218
0.80900 0.45743
0.80901 0.50191
0.80901 0.53152
0.80902 0.43671
0.80902 0.41736
0.80903 0.51479
0.80903 0.57943
0.80904 0.46372
0.80904 0.50057
0.80905 0.50621
0.80905 0.39975
0.80906 0.48498
0.80906 0.41919
0.80907 0.47164
0.80907 0.47370
0.80908 0.49223
0.80908 0.47408
0.80909 0.45918
0.80909 0.50356
0.80910 0.45016
0.80910 0.50874
0.80911 0.44198
0.80911 0.41764
0.80912 0.54998
0.80912 0.49241
0.80913 0.45392
0.80913 0.49753
0.80914 0.50595
0.80914 0.49898
0.80915 0.45001
0.80915 0.45461
0.80916 0.43547
0.80916 0.45507
0.80917 0.49037
0.80917 0.43004
0.80918 0.41034
0.80918 0.41003
0.80919 0.41733
0.80919 0.50238
0.80920 0.47288
0.80920 0.46722
0.80921 0.45328
0.80921 0.45996
0.80922 0.46780
0.80922 0.47924
0.80923 0.52001
0.80923 0.50714
0.80924 0.42463
0.80924 0.46949
0.80925 0.56976
0.80925 0.48196
0.80926 0.48864
0.80926 0.43955
0.80927 0.47632
0.80927 0.55669
0.80928 0.45569
0.80928 0.49131
0.80929 0.53861
0.80929 0.51560
0.80930 0.41576
0.80930 0.38160
0.80931 0.45489
0.80931 0.50586
0.80932 0.45364
0.80932 0.51327
0.80933 0.52464
0.80933 0.47761
0.80934 0.53725
0.80934 0.46828
0.80935 0.50151
0.80935 0.50257
0.80936 0.44679
0.80936 0.45748
0.80937 0.49199
0.80937 0.43117
0.80938 0.44690
0.80938 0.52793
0.80939 0.45448
0.80939 0.44965
0.80940 0.44526
0.80940 0.46680
0.80941 0.47851
0.80941 0.45616
0.80942 0.46403
0.80942 0.47949
0.80943 0.53108
0.80943 0.47500
0.80944 0.51132
0.80944 0.43635
0.80945 0.47754
0.80945 0.54838
0.80946 0.45025
0.80946 0.48028
0.80947 0.45911
0.80947 0.43984
0.80948 0.44980
0.80948 0.51307
0.80949 0.48539
0.80949 0.41486
0.80950 0.50966
0.80950 0.49364
0.80951 0.49605
0.80951 0.47027
0.80952 0.46623
0.80952 0.48907
0.80953 0.43240
0.80953 0.50644
0.80954 0.47021
0.80954 0.54499
0.80955 0.57392
0.80955 0.53313
0.80956 0.49589
0.80956 0.45862
0.80957 0.48926
0.80957 0.51173
0.80958 0.48081
0.80958 0.47681
0.80959 0.56169
0.80959 0.49775
0.80960 0.39592
0.80960 0.43881
0.80961 0.47588
0.80961 0.49407
0.80962 0.48451
0.80962 0.51540
0.80963 0.49528
0.80963 0.46175
0.80964 0.50931
0.80964 0.47099
0.80965 0.41616
0.80965 0.45935
0.80966 0.46537
0.80966 0.48102
0.80967 0.45124
0.80967 0.39404
0.80968 0.46795
0.80968 0.46051
0.80969 0.47435
0.80969 0.48259
0.80970 0.47006
0.80970 0.44067
0.80971 0.43398
0.80971 0.48176
0.80972 0.45689
0.80972 0.42986
0.80973 0.46424
0.80973 0.47063
0.80974 0.42083
0.80974 0.41462
0.80975 0.49774
0.80975 0.45548
0.80976 0.44022
0.80976 0.45235
0.80977 0.35720
0.80977 0.43853
0.80978 0.44337
0.80978 0.50995
0.80979 0.50794
0.80979 0.41256
0.80980 0.50061
0.80980 0.44228
0.80981 0.45300
0.80981 0.48216
0.80982 0.38314
0.80982 0.38784
0.80983 0.47655
0.80983 0.49956
0.80984 0.42689
0.80984 0.45046
0.80985 0.43601
0.80985 0.41248
0.80986 0.52961
0.80986 0.49659
0.80987 0.48356
0.80987 0.49493
0.80988 0.47779
0.80988 0.48419
0.80989 0.46479
0.80989 0.39388
0.80990 0.44023
0.80990 0.51408
0.80991 0.42691
0.80991 0.37794
0.80992 0.47347
0.80992 0.52108
0.80993 0.46708
0.80993 0.43068
0.80994 0.36595
0.80994 0.45246
0.80995 0.50117
0.80995 0.43924
0.80996 0.46165
0.80996 0.45915
0.80997 0.43416
0.80997 0.44252
0.80998 0.49643
0.80998 0.49064
0.80999 0.45383
0.80999 0.42796
0.81000 0.40722
0.81000 0.43358
0.81001 0.44291
0.81001 0.41690
0.81002 0.43374
0.81002 0.56703
0.81003 0.44097
0.81003 0.40746
0.81004 0.45613
0.81004 0.41134
0.81005 0.52313
0.81005 0.44378
0.81006 0.42239
0.81006 0.40051
0.81007 0.31961
0.81007 0.43483
0.81008 0.42997
0.81008 0.39407
0.81009 0.46919
0.81009 0.47117
0.81010 0.38956
0.81010 0.39491
0.81011 0.38812
0.81011 0.44162
0.81012 0.49727
0.81012 0.41882
0.81013 0.36896
0.81013 0.39525
0.81014 0.38152
0.81014 0.44701
0.81015 0.46732
0.81015 0.39927
0.81016 0.41106
0.81016 0.42929
0.81017 0.41209
0.81017 0.39311
0.81018 0.47485
0.81018 0.45407
0.81019 0.37928
0.81019 0.39041
0.81020 0.49183
0.81020 0.39385
0.81021 0.36390
0.81021 0.45433
0.81022 0.44602
0.81022 0.41736
0.81023 0.40328
0.81023 0.49012
0.81024 0.53171
0.81024 0.47076
0.81025 0.41434
0.81025 0.46014
0.81026 0.42011
0.81026 0.36884
0.81027 0.47738
0.81027 0.44557
0.81028 0.39110
0.81028 0.40280
0.81029 0.42924
0.81029 0.44159
0.81030 0.38261
0.81030 0.43819
0.81031 0.42509
0.81031 0.42295
0.81032 0.42729
0.81032 0.45526
0.81033 0.49833
0.81033 0.40398
0.81034 0.43014
0.81034 0.46455
0.81035 0.43502
0.81035 0.44117
0.81036 0.44797
0.81036 0.47007
0.81037 0.45506
0.81037 0.41855
0.81038 0.47140
0.81038 0.43001
0.81039 0.45066
0.81039 0.43623
0.81040 0.42224
0.81040 0.43473
0.81041 0.42840
0.81041 0.48106
0.81042 0.38965
0.81042 0.45165
0.81043 0.47328
0.81043 0.39016
0.81044 0.45447
0.81044 0.45976
0.81045 0.44079
0.81045 0.43217
0.81046 0.40964
0.81046 0.47058
0.81047 0.45447
0.81047 0.49090
0.81048 0.43349
0.81048 0.38845
0.81049 0.40121
0.81049 0.39828
0.81050 0.45510
0.81050 0.46460
0.81051 0.41284
0.81051 0.41739
0.81052 0.52558
0.81052 0.39694
0.81053 0.39603
0.81053 0.53413
0.81054 0.48742
0.81054 0.45211
0.81055 0.40728
0.81055 0.42496
0.81056 0.47545
0.81056 0.44035
0.81057 0.38850
0.81057 0.50173
0.81058 0.42989
0.81058 0.36522
0.81059 0.46851
0.81059 0.43111
0.81060 0.45517
0.81060 0.42002
0.81061 0.45616
0.81061 0.49371
0.81062 0.48419
0.81062 0.50036
0.81063 0.50626
0.81063 0.44459
0.81064 0.38920
0.81064 0.46565
0.81065 0.42255
0.81065 0.44672
0.81066 0.45627
0.81066 0.47004
0.81067 0.46870
0.81067 0.40088
0.81068 0.46994
0.81068 0.47495
0.81069 0.41434
0.81069 0.41833
0.81070 0.46482
0.81070 0.41054
0.81071 0.44540
0.81071 0.42272
0.81072 0.41708
0.81072 0.42861
0.81073 0.43217
0.81073 0.50181
0.81074 0.41405
0.81074 0.37531
0.81075 0.35588
0.81075 0.38104
0.81076 0.47355
0.81076 0.52617
0.81077 0.46732
0.81077 0.45016
0.81078 0.42980
0.81078 0.45190
0.81079 0.43466
0.81079 0.40090
0.81080 0.49015
0.81080 0.43926
0.81081 0.42205
0.81081 0.44333
0.81082 0.48529
0.81082 0.42110
0.81083 0.37028
0.81083 0.44655
0.81084 0.35831
0.81084 0.36704
0.81085 0.44312
0.81085 0.42794
0.81086 0.50602
0.81086 0.45513
0.81087 0.34094
0.81087 0.39109
0.81088 0.45132
0.81088 0.43926
0.81089 0.43179
0.81089 0.43257
0.81090 0.44133
0.81090 0.44492
0.81091 0.48047
0.81091 0.48910
0.81092 0.46000
0.81092 0.44994
0.81093 0.36203
0.81093 0.41788
0.81094 0.51329
0.81094 0.42449
0.81095 0.45181
0.81095 0.43142
0.81096 0.35374
0.81096 0.41107
0.81097 0.39320
0.81097 0.37868
0.81098 0.38871
0.81098 0.45068
0.81099 0.46480
0.81099 0.43336
0.81100 0.43606
0.81100 0.33119
0.81101 0.28170
0.81101 0.46685
0.81102 0.49358
0.81102 0.42486
0.81103 0.45050
0.81103 0.39507
0.81104 0.37934
0.81104 0.40697
0.81105 0.40317
0.81105 0.41970
0.81106 0.36248
0.81106 0.39870
0.81107 0.45657
0.81107 0.39553
0.81108 0.38340
0.81108 0.38695
0.81109 0.47197
0.81109 0.41401
0.81110 0.40916
0.81110 0.45385
0.81111 0.38302
0.81111 0.36694
0.81112 0.32284
0.81112 0.38935
0.81113 0.33929
0.81113 0.42103
0.81114 0.52006
0.81114 0.38818
0.81115 0.39710
0.81115 0.39153
0.81116 0.39894
0.81116 0.35945
0.81117 0.36022
0.81117 0.40209
0.81118 0.36272
0.81118 0.36872
0.81119 0.40565
0.81119 0.42293
0.81120 0.46532
0.81120 0.42761
0.81121 0.40215
0.81121 0.34680
0.81122 0.34617
0.81122 0.45330
0.81123 0.40094
0.81123 0.44806
0.81124 0.48341
0.81124 0.40085
0.81125 0.35543
0.81125 0.38172
0.81126 0.37430
0.81126 0.34320
0.81127 0.36801
0.81127 0.41827
0.81128 0.42547
0.81128 0.38072
0.81129 0.38972
0.81129 0.38361
0.81130 0.31838
0.81130 0.36023
0.81131 0.38763
0.81131 0.48985
0.81132 0.46604
0.81132 0.35558
0.81133 0.42484
0.81133 0.40358
0.81134 0.39697
0.81134 0.42910
0.81135 0.44285
0.81135 0.38941
0.81136 0.40654
0.81136 0.42830
0.81137 0.34237
0.81137 0.35462
0.81138 0.36297
0.81138 0.32414
0.81139 0.41711
0.81139 0.40884
0.81140 0.40150
0.81140 0.40687
0.81141 0.39372
0.81141 0.32879
0.81142 0.38295
0.81142 0.48823
0.81143 0.34815
0.81143 0.37049
0.81144 0.38258
0.81144 0.35049
0.81145 0.41422
0.81145 0.39575
0.81146 0.46984
0.81146 0.43102
0.81147 0.33920
0.81147 0.40223
0.81148 0.36203
0.81148 0.41928
0.81149 0.44305
0.81149 0.40706
0.81150 0.45044
0.81150 0.37569
0.81151 0.30732
0.81151 0.41887
0.81152 0.44498
0.81152 0.34517
0.81153 0.38091
0.81153 0.35892
0.81154 0.35092
0.81154 0.38899
0.81155 0.40334
0.81155 0.42549
0.81156 0.36705
0.81156 0.41093
0.81157 0.44256
0.81157 0.40124
0.81158 0.39754
0.81158 0.33928
0.81159 0.29723
0.81159 0.33932
0.81160 0.34124
0.81160 0.37801
0.81161 0.37822
0.81161 0.37183
0.81162 0.43234
0.81162 0.36732
0.81163 0.27309
0.81163 0.37763
0.81164 0.44696
0.81164 0.35825
0.81165 0.41163
0.81165 0.45468
0.81166 0.38647
0.81166 0.38278
0.81167 0.42842
0.81167 0.38225
0.81168 0.39595
0.81168 0.38680
0.81169 0.38644
0.81169 0.44217
0.81170 0.43208
0.81170 0.44208
0.81171 0.39632
0.81171 0.37661
0.81172 0.34049
0.81172 0.27577
0.81173 0.38732
0.81173 0.41340
0.81174 0.39060
0.81174 0.40978
0.81175 0.29785
0.81175 0.32853
0.81176 0.42327
0.81176 0.42506
0.81177 0.32932
0.81177 0.41325
0.81178 0.39676
0.81178 0.28356
0.81179 0.37368
0.81179 0.36726
0.81180 0.37879
0.81180 0.42265
0.81181 0.38269
0.81181 0.39937
0.81182 0.36915
0.81182 0.42109
0.81183 0.43527
0.81183 0.36858
0.81184 0.38244
0.81184 0.34485
0.81185 0.42234
0.81185 0.37308
0.81186 0.37703
0.81186 0.41463
0.81187 0.38980
0.81187 0.43463
0.81188 0.34731
0.81188 0.34895
0.81189 0.39074
0.81189 0.41977
0.81190 0.38601
0.81190 0.33171
0.81191 0.39583
0.81191 0.39128
0.81192 0.33706
0.81192 0.37099
0.81193 0.38441
0.81193 0.37423
0.81194 0.39726
0.81194 0.41270
0.81195 0.36398
0.81195 0.37518
0.81196 0.37748
0.81196 0.31946
0.81197 0.36472
0.81197 0.38344
0.81198 0.41562
0.81198 0.42156
0.81199 0.34045
0.81199 0.36678
0.81200 0.45595
0.81200 0.40648
0.81201 0.41411
0.81201 0.39487
0.81202 0.32069
0.81202 0.39270
0.81203 0.39164
0.81203 0.37706
0.81204 0.37678
0.81204 0.34354
0.81205 0.42057
0.81205 0.40570
0.81206 0.37438
0.81206 0.37087
0.81207 0.32880
0.81207 0.34259
0.81208 0.36811
0.81208 0.39593
0.81209 0.39808
0.81209 0.34365
0.81210 0.35179
0.81210 0.36551
0.81211 0.31060
0.81211 0.33310
0.81212 0.35220
0.81212 0.39151
0.81213 0.43123
0.81213 0.43085
0.81214 0.32526
0.81214 0.32872
0.81215 0.39090
0.81215 0.30285
0.81216 0.34502
0.81216 0.37988
0.81217 0.40538
0.81217 0.40357
0.81218 0.35819
0.81218 0.33664
0.81219 0.30988
0.81219 0.41901
0.81220 0.34175
0.81220 0.40011
0.81221 0.40789
0.81221 0.30945
0.81222 0.43149
0.81222 0.36195
0.81223 0.39607
0.81223 0.34520
0.81224 0.35547
0.81224 0.43175
0.81225 0.30961
0.81225 0.32636
0.81226 0.26942
0.81226 0.38598
0.81227 0.50748
0.81227 0.41017
0.81228 0.36660
0.81228 0.32427
0.81229 0.32690
0.81229 0.32867
0.81230 0.37403
0.81230 0.37499
0.81231 0.30158
0.81231 0.36151
0.81232 0.41568
0.81232 0.44361
0.81233 0.31062
0.81233 0.29701
0.81234 0.50287
0.81234 0.35742
0.81235 0.29099
0.81235 0.36583
0.81236 0.36020
0.81236 0.42057
0.81237 0.42684
0.81237 0.37619
0.81238 0.31843
0.81238 0.35037
0.81239 0.43199
0.81239 0.35767
0.81240 0.36117
0.81240 0.37624
0.81241 0.32816
0.81241 0.38742
0.81242 0.36507
0.81242 0.26531
0.81243 0.31672
0.81243 0.45983
0.81244 0.38562
0.81244 0.30359
0.81245 0.33148
0.81245 0.29124
0.81246 0.33082
0.81246 0.42023
0.81247 0.39844
0.81247 0.38376
0.81248 0.36393
0.81248 0.41346
0.81249 0.33416
0.81249 0.26970
0.81250 0.34405
0.81250 0.33703
0.81251 0.35603
0.81251 0.31069
0.81252 0.38516
0.81252 0.37529
0.81253 0.36693
0.81253 0.39746
0.81254 0.32279
0.81254 0.36315
0.81255 0.31071
0.81255 0.29618
0.81256 0.38868
0.81256 0.35426
0.81257 0.40067
0.81257 0.39720
0.81258 0.35658
0.81258 0.38569
0.81259 0.37955
0.81259 0.41857
0.81260 0.41828
0.81260 0.35652
0.81261 0.32947
0.81261 0.34374
0.81262 0.36938
0.81262 0.37543
0.81263 0.39263
0.81263 0.38997
0.81264 0.33984
0.81264 0.32619
0.81265 0.35682
0.81265 0.44478
0.81266 0.40732
0.81266 0.34333
0.81267 0.34098
0.81267 0.40562
0.81268 0.39853
0.81268 0.36685
0.81269 0.42116
0.81269 0.36907
0.81270 0.34757
0.81270 0.41839
0.81271 0.39771
0.81271 0.32756
0.81272 0.41280
0.81272 0.36903
0.81273 0.32125
0.81273 0.37500
0.81274 0.39570
0.81274 0.44996
0.81275 0.32293
0.81275 0.34022
0.81276 0.39921
0.81276 0.36490
0.81277 0.39924
0.81277 0.31028
0.81278 0.33170
0.81278 0.41347
0.81279 0.41614
0.81279 0.38243
0.81280 0.41038
0.81280 0.40382
0.81281 0.32458
0.81281 0.36424
0.81282 0.40986
0.81282 0.38197
0.81283 0.36711
0.81283 0.38699
0.81284 0.29595
0.81284 0.33586
0.81285 0.33381
0.81285 0.32684
0.81286 0.43037
0.81286 0.36015
0.81287 0.34121
0.81287 0.39821
0.81288 0.38230
0.81288 0.35818
0.81289 0.32260
0.81289 0.35945
0.81290 0.36985
0.81290 0.36156
0.81291 0.34383
0.81291 0.36033
0.81292 0.42646
0.81292 0.37369
0.81293 0.39077
0.81293 0.37661
0.81294 0.41876
0.81294 0.40051
0.81295 0.33228
0.81295 0.33552
0.81296 0.35993
0.81296 0.47372
0.81297 0.41904
0.81297 0.34896
0.81298 0.34392
0.81298 0.32175
0.81299 0.37723
0.81299 0.32485
0.81300 0.34046
0.81300 0.36158
0.81301 0.32866
0.81301 0.37345
0.81302 0.35196
0.81302 0.40141
0.81303 0.34284
0.81303 0.33449
0.81304 0.42025
0.81304 0.31131
0.81305 0.33464
0.81305 0.35786
0.81306 0.33512
0.81306 0.37227
0.81307 0.40582
0.81307 0.40349
0.81308 0.36969
0.81308 0.35129
0.81309 0.37717
0.81309 0.40412
0.81310 0.34399
0.81310 0.31811
0.81311 0.31121
0.81311 0.41615
0.81312 0.42448
0.81312 0.35166
0.81313 0.33323
0.81313 0.36414
0.81314 0.37392
0.81314 0.29526
0.81315 0.39829
0.81315 0.45963
0.81316 0.38580
0.81316 0.30889
0.81317 0.36377
0.81317 0.40521
0.81318 0.37699
0.81318 0.36705
0.81319 0.33644
0.81319 0.38103
0.81320 0.40916
0.81320 0.39431
0.81321 0.39538
0.81321 0.45449
0.81322 0.37406
0.81322 0.42142
0.81323 0.41658
0.81323 0.38511
0.81324 0.44584
0.81324 0.40619
0.81325 0.45726
0.81325 0.33788
0.81326 0.31449
0.81326 0.37376
0.81327 0.39350
0.81327 0.32375
0.81328 0.28527
0.81328 0.38902
0.81329 0.31708
0.81329 0.38588
0.81330 0.42437
0.81330 0.36186
0.81331 0.38703
0.81331 0.37121
0.81332 0.31454
0.81332 0.33799
0.81333 0.39157
0.81333 0.32361
0.81334 0.32285
0.81334 0.36871
0.81335 0.35384
0.81335 0.40527
0.81336 0.40792
0.81336 0.33552
0.81337 0.28041
0.81337 0.35235
0.81338 0.38617
0.81338 0.30359
0.81339 0.34163
0.81339 0.40054
0.81340 0.41077
0.81340 0.36715
0.81341 0.35762
0.81341 0.31406
0.81342 0.38122
0.81342 0.39081
0.81343 0.36418
0.81343 0.36649
0.81344 0.35856
0.81344 0.39301
0.81345 0.32135
0.81345 0.32816
0.81346 0.37364
0.81346 0.38412
0.81347 0.35924
0.81347 0.38183
0.81348 0.35390
0.81348 0.28489
0.81349 0.36454
0.81349 0.35467
0.81350 0.33809
0.81350 0.29005
0.81351 0.31544
0.81351 0.43735
0.81352 0.34266
0.81352 0.33789
0.81353 0.37933
0.81353 0.34309
0.81354 0.32817
0.81354 0.34732
0.81355 0.42225
0.81355 0.35362
0.81356 0.35789
0.81356 0.43362
0.81357 0.34395
0.81357 0.37617
0.81358 0.35520
0.81358 0.39310
0.81359 0.44486
0.81359 0.38425
0.81360 0.36693
0.81360 0.33066
0.81361 0.40778
0.81361 0.36279
0.81362 0.29219
0.81362 0.29921
0.81363 0.36045
0.81363 0.42590
0.81364 0.35826
0.81364 0.40114
0.81365 0.29455
0.81365 0.25543
0.81366 0.34022
0.81366 0.35994
0.81367 0.37979
0.81367 0.29124
0.81368 0.32470
0.81368 0.39504
0.81369 0.44025
0.81369 0.35762
0.81370 0.23906
0.81370 0.31738
0.81371 0.36786
0.81371 0.38223
0.81372 0.40317
0.81372 0.42459
0.81373 0.41757
0.81373 0.34218
0.81374 0.37234
0.81374 0.45344
0.81375 0.39451
0.81375 0.31568
0.81376 0.32604
0.81376 0.30034
0.81377 0.32606
0.81377 0.45974
0.81378 0.43041
0.81378 0.27464
0.81379 0.33621
0.81379 0.33786
0.81380 0.33553
0.81380 0.34535
0.81381 0.31149
0.81381 0.43055
0.81382 0.43347
0.81382 0.32703
0.81383 0.40875
0.81383 0.40486
0.81384 0.29583
0.81384 0.34589
0.81385 0.38950
0.81385 0.39099
0.81386 0.32721
0.81386 0.23217
0.81387 0.33043
0.81387 0.37444
0.81388 0.28437
0.81388 0.34826
0.81389 0.32877
0.81389 0.29190
0.81390 0.30872
0.81390 0.35117
0.81391 0.32966
0.81391 0.37407
0.81392 0.35897
0.81392 0.33061
0.81393 0.32748
0.81393 0.27883
0.81394 0.32729
0.81394 0.29723
0.81395 0.36416
0.81395 0.35774
0.81396 0.33498
0.81396 0.26830
0.81397 0.29996
0.81397 0.37505
0.81398 0.31680
0.81398 0.35773
0.81399 0.35472
0.81399 0.32790
0.81400 0.31839
0.81400 0.34186
0.81401 0.31519
0.81401 0.33316
0.81402 0.35199
0.81402 0.24078
0.81403 0.32761
0.81403 0.40677
0.81404 0.35331
0.81404 0.33344
0.81405 0.31824
0.81405 0.31020
0.81406 0.35304
0.81406 0.36495
0.81407 0.31513
0.81407 0.28124
0.81408 0.31528
0.81408 0.35484
0.81409 0.32551
0.81409 0.32304
0.81410 0.31457
0.81410 0.36300
0.81411 0.34863
0.81411 0.32855
0.81412 0.34002
0.81412 0.31543
0.81413 0.34822
0.81413 0.36480
0.81414 0.27607
0.81414 0.34152
0.81415 0.35179
0.81415 0.32359
0.81416 0.39427
0.81416 0.35297
0.81417 0.37236
0.81417 0.30058
0.81418 0.32627
0.81418 0.38063
0.81419 0.31248
0.81419 0.36631
0.81420 0.36072
0.81420 0.40159
0.81421 0.43090
0.81421 0.38902
0.81422 0.31109
0.81422 0.24537
0.81423 0.29292
0.81423 0.24662
0.81424 0.34417
0.81424 0.39428
0.81425 0.33727
0.81425 0.32230
0.81426 0.38145
0.81426 0.37816
0.81427 0.31039
0.81427 0.34034
0.81428 0.26371
0.81428 0.27695
0.81429 0.37965
0.81429 0.34096
0.81430 0.31004
0.81430 0.38332
0.81431 0.33932
0.81431 0.33664
0.81432 0.34605
0.81432 0.34634
0.81433 0.34542
0.81433 0.37182
0.81434 0.32438
0.81434 0.25686
0.81435 0.34029
0.81435 0.30055
0.81436 0.32735
0.81436 0.24087
0.81437 0.27577
0.81437 0.31765
0.81438 0.20488
0.81438 0.28315
0.81439 0.31412
0.81439 0.28617
0.81440 0.27878
0.81440 0.29871
0.81441 0.35925
0.81441 0.32299
0.81442 0.33474
0.81442 0.31272
0.81443 0.28194
0.81443 0.35499
0.81444 0.35434
0.81444 0.33117
0.81445 0.27107
0.81445 0.27376
0.81446 0.30251
0.81446 0.34738
0.81447 0.39817
0.81447 0.33519
0.81448 0.31406
0.81448 0.33681
0.81449 0.25391
0.81449 0.31919
0.81450 0.37052
0.81450 0.33686
0.81451 0.28075
0.81451 0.28468
0.81452 0.34428
0.81452 0.24499
0.81453 0.33540
0.81453 0.39459
0.81454 0.34241
0.81454 0.36784
0.81455 0.34705
0.81455 0.33465
0.81456 0.37140
0.81456 0.37058
0.81457 0.36021
0.81457 0.38163
0.81458 0.31411
0.81458 0.25902
0.81459 0.31371
0.81459 0.32694
0.81460 0.25559
0.81460 0.30895
0.81461 0.40985
0.81461 0.37589
0.81462 0.32522
0.81462 0.32624
0.81463 0.30306
0.81463 0.32760
0.81464 0.34260
0.81464 0.29031
0.81465 0.30110
0.81465 0.29644
0.81466 0.27475
0.81466 0.28159
0.81467 0.29984
0.81467 0.30512
0.81468 0.31162
0.81468 0.32652
0.81469 0.35635
0.81469 0.36623
0.81470 0.37971
0.81470 0.36264
0.81471 0.31148
0.81471 0.25773
0.81472 0.28887
0.81472 0.32449
0.81473 0.33910
0.81473 0.35526
0.81474 0.36225
0.81474 0.34479
0.81475 0.32351
0.81475 0.32679
0.81476 0.28548
0.81476 0.32209
0.81477 0.36145
0.81477 0.31441
0.81478 0.33220
0.81478 0.38722
0.81479 0.27416
0.81479 0.31906
0.81480 0.38934
0.81480 0.31436
0.81481 0.30885
0.81481 0.34843
0.81482 0.36986
0.81482 0.32292
0.81483 0.29503
0.81483 0.32263
0.81484 0.32893
0.81484 0.28914
0.81485 0.32257
0.81485 0.31931
0.81486 0.28855
0.81486 0.36901
0.81487 0.30614
0.81487 0.25295
0.81488 0.35760
0.81488 0.35308
0.81489 0.27821
0.81489 0.30024
0.81490 0.30699
0.81490 0.26610
0.81491 0.27690
0.81491 0.29959
0.81492 0.35630
0.81492 0.27324
0.81493 0.33855
0.81493 0.38357
0.81494 0.34518
0.81494 0.35432
0.81495 0.28745
0.81495 0.28854
0.81496 0.20567
0.81496 0.27838
0.81497 0.31370
0.81497 0.29640
0.81498 0.35527
0.81498 0.34423
0.81499 0.31941
0.81499 0.30013
0.81500 0.34801
0.81500 0.38175
0.81501 0.33139
0.81501 0.29264
0.81502 0.30954
0.81502 0.30011
0.81503 0.36304
0.81503 0.37601
0.81504 0.34655
0.81504 0.33207
0.81505 0.33704
0.81505 0.31152
0.81506 0.33655
0.81506 0.35275
0.81507 0.29219
0.81507 0.36187
0.81508 0.32806
0.81508 0.35231
0.81509 0.30044
0.81509 0.24608
0.81510 0.36614
0.81510 0.26706
0.81511 0.27794
0.81511 0.32998
0.81512 0.27908
0.81512 0.31271
0.81513 0.35064
0.81513 0.35763
0.81514 0.28994
0.81514 0.31556
0.81515 0.34730
0.81515 0.33959
0.81516 0.40368
0.81516 0.40917
0.81517 0.39378
0.81517 0.31343
0.81518 0.29968
0.81518 0.34178
0.81519 0.31219
0.81519 0.36499
0.81520 0.32979
0.81520 0.26556
0.81521 0.37671
0.81521 0.40115
0.81522 0.30843
0.81522 0.35266
0.81523 0.33142
0.81523 0.24208
0.81524 0.35275
0.81524 0.35642
0.81525 0.34517
0.81525 0.40885
0.81526 0.28899
0.81526 0.29566
0.81527 0.30311
0.81527 0.30506
0.81528 0.41359
0.81528 0.33748
0.81529 0.29328
0.81529 0.42132
0.81530 0.33872
0.81530 0.35518
0.81531 0.37161
0.81531 0.24961
0.81532 0.35597
0.81532 0.35333
0.81533 0.29026
0.81533 0.28431
0.81534 0.29603
0.81534 0.30371
0.81535 0.30902
0.81535 0.31688
0.81536 0.27617
0.81536 0.28714
0.81537 0.35520
0.81537 0.35179
0.81538 0.31049
0.81538 0.32265
0.81539 0.33175
0.81539 0.33745
0.81540 0.30618
0.81540 0.31534
0.81541 0.31164
0.81541 0.30150
0.81542 0.37761
0.81542 0.27835
0.81543 0.27367
0.81543 0.33253
0.81544 0.25209
0.81544 0.34986
0.81545 0.34836
0.81545 0.29530
0.81546 0.38217
0.81546 0.34157
0.81547 0.34339
0.81547 0.34310
0.81548 0.31504
0.81548 0.31485
0.81549 0.27568
0.81549 0.35177
0.81550 0.37118
0.81550 0.30951
0.81551 0.36819
0.81551 0.39997
0.81552 0.35462
0.81552 0.40305
0.81553 0.41104
0.81553 0.35885
0.81554 0.34727
0.81554 0.29764
0.81555 0.35119
0.81555 0.36156
0.81556 0.31205
0.81556 0.32745
0.81557 0.37541
0.81557 0.38625
0.81558 0.32090
0.81558 0.34799
0.81559 0.33740
0.81559 0.29638
0.81560 0.32345
0.81560 0.37270
0.81561 0.36049
0.81561 0.35190
0.81562 0.36502
0.81562 0.32300
0.81563 0.34808
0.81563 0.33134
0.81564 0.31828
0.81564 0.31603
0.81565 0.29521
0.81565 0.33466
0.81566 0.39186
0.81566 0.33364
0.81567 0.32815
0.81567 0.41503
0.81568 0.34853
0.81568 0.28341
0.81569 0.31818
0.81569 0.41457
0.81570 0.38623
0.81570 0.34077
0.81571 0.36541
0.81571 0.33692
0.81572 0.32375
0.81572 0.36581
0.81573 0.29184
0.81573 0.27833
0.81574 0.34283
0.81574 0.35483
0.81575 0.38773
0.81575 0.30545
0.81576 0.38415
0.81576 0.37627
0.81577 0.30695
0.81577 0.35679
0.81578 0.29508
0.81578 0.36758
0.81579 0.38087
0.81579 0.33892
0.81580 0.33981
0.81580 0.30081
0.81581 0.31239
0.81581 0.34253
0.81582 0.38692
0.81582 0.35703
0.81583 0.35970
0.81583 0.35298
0.81584 0.30655
0.81584 0.28456
0.81585 0.29870
0.81585 0.36678
0.81586 0.36129
0.81586 0.30786
0.81587 0.35155
0.81587 0.38636
0.81588 0.37180
0.81588 0.35596
0.81589 0.34564
0.81589 0.34177
0.81590 0.39199
0.81590 0.37621
0.81591 0.33181
0.81591 0.29855
0.81592 0.32297
0.81592 0.45906
0.81593 0.30551
0.81593 0.23662
0.81594 0.30483
0.81594 0.35145
0.81595 0.38125
0.81595 0.32900
0.81596 0.35402
0.81596 0.34792
0.81597 0.31409
0.81597 0.29688
0.81598 0.35880
0.81598 0.38720
0.81599 0.36791
0.81599 0.36663
0.81600 0.36002
0.81600 0.40110
0.81601 0.36080
0.81601 0.37554
0.81602 0.36824
0.81602 0.32539
0.81603 0.34591
0.81603 0.28331
0.81604 0.30571
0.81604 0.33609
0.81605 0.29398
0.81605 0.31056
0.81606 0.36732
0.81606 0.34482
0.81607 0.31482
0.81607 0.27007
0.81608 0.27497
0.81608 0.27409
0.81609 0.27164
0.81609 0.32040
0.81610 0.39616
0.81610 0.40489
0.81611 0.35005
0.81611 0.33129
0.81612 0.29472
0.81612 0.31082
0.81613 0.29803
0.81613 0.31987
0.81614 0.35859
0.81614 0.31672
0.81615 0.34388
0.81615 0.33139
0.81616 0.31243
0.81616 0.39982
0.81617 0.35789
0.81617 0.33602
0.81618 0.37399
0.81618 0.33657
0.81619 0.31695
0.81619 0.38704
0.81620 0.39185
0.81620 0.26630
0.81621 0.32007
0.81621 0.30804
0.81622 0.37419
0.81622 0.45700
0.81623 0.34214
0.81623 0.36428
0.81624 0.31818
0.81624 0.29913
0.81625 0.32630
0.81625 0.29936
0.81626 0.33430
0.81626 0.34758
0.81627 0.29640
0.81627 0.35276
0.81628 0.33127
0.81628 0.38259
0.81629 0.37425
0.81629 0.31330
0.81630 0.33546
0.81630 0.34723
0.81631 0.33764
0.81631 0.30593
0.81632 0.39663
0.81632 0.32004
0.81633 0.30815
0.81633 0.34069
0.81634 0.29018
0.81634 0.32214
0.81635 0.30459
0.81635 0.31165
0.81636 0.37385
0.81636 0.34654
0.81637 0.31839
0.81637 0.32271
0.81638 0.29766
0.81638 0.28534
0.81639 0.32267
0.81639 0.31903
0.81640 0.31025
0.81640 0.30261
0.81641 0.25059
0.81641 0.28197
0.81642 0.31398
0.81642 0.35710
0.81643 0.36011
0.81643 0.34451
0.81644 0.33382
0.81644 0.29864
0.81645 0.38493
0.81645 0.37266
0.81646 0.24732
0.81646 0.29985
0.81647 0.35163
0.81647 0.31642
0.81648 0.33414
0.81648 0.30047
0.81649 0.37255
0.81649 0.34938
0.81650 0.33029
0.81650 0.35184
0.81651 0.27853
0.81651 0.26625
0.81652 0.25577
0.81652 0.35694
0.81653 0.32169
0.81653 0.31456
0.81654 0.39374
0.81654 0.29534
0.81655 0.27075
0.81655 0.31998
0.81656 0.34320
0.81656 0.34784
0.81657 0.29415
0.81657 0.33134
0.81658 0.36838
0.81658 0.34363
0.81659 0.32541
0.81659 0.37399
0.81660 0.31452
0.81660 0.28050
0.81661 0.40003
0.81661 0.39665
0.81662 0.32480
0.81662 0.36305
0.81663 0.36357
0.81663 0.31025
0.81664 0.35570
0.81664 0.32627
0.81665 0.31285
0.81665 0.33656
0.81666 0.35942
0.81666 0.29971
0.81667 0.35192
0.81667 0.38462
0.81668 0.32030
0.81668 0.31196
0.81669 0.32124
0.81669 0.34213
0.81670 0.30574
0.81670 0.37889
0.81671 0.32849
0.81671 0.35131
0.81672 0.37502
0.81672 0.36226
0.81673 0.40041
0.81673 0.32509
0.81674 0.28597
0.81674 0.29578
0.81675 0.33161
0.81675 0.32011
0.81676 0.31056
0.81676 0.29217
0.81677 0.36818
0.81677 0.43083
0.81678 0.30524
0.81678 0.28661
0.81679 0.37576
0.81679 0.31772
0.81680 0.31596
0.81680 0.36971
0.81681 0.34701
0.81681 0.30852
0.81682 0.27015
0.81682 0.31261
0.81683 0.35798
0.81683 0.32303
0.81684 0.34456
0.81684 0.37967
0.81685 0.34926
0.81685 0.29446
0.81686 0.32111
0.81686 0.35807
0.81687 0.34943
0.81687 0.34524
0.81688 0.37330
0.81688 0.31942
0.81689 0.28271
0.81689 0.31205
0.81690 0.36041
0.81690 0.36378
0.81691 0.30565
0.81691 0.33354
0.81692 0.28194
0.81692 0.33332
0.81693 0.38783
0.81693 0.30689
0.81694 0.33485
0.81694 0.31206
0.81695 0.34769
0.81695 0.31409
0.81696 0.29232
0.81696 0.34757
0.81697 0.23790
0.81697 0.36123
0.81698 0.32937
0.81698 0.28282
0.81699 0.39716
0.81699 0.38905
0.81700 0.30698
0.81700 0.32059
0.81701 0.38879
0.81701 0.31145
0.81702 0.33650
0.81702 0.36092
0.81703 0.27695
0.81703 0.29750
0.81704 0.30954
0.81704 0.38934
0.81705 0.31668
0.81705 0.36795
0.81706 0.41219
0.81706 0.31615
0.81707 0.41818
0.81707 0.31002
0.81708 0.26436
0.81708 0.28033
0.81709 0.27362
0.81709 0.33700
0.81710 0.35627
0.81710 0.33035
0.81711 0.33824
0.81711 0.36041
0.81712 0.31833
0.81712 0.37250
0.81713 0.36558
0.81713 0.30002
0.81714 0.34925
0.81714 0.33094
0.81715 0.34373
0.81715 0.31759
0.81716 0.34361
0.81716 0.33715
0.81717 0.30196
0.81717 0.30998
0.81718 0.30513
0.81718 0.27285
0.81719 0.32900
0.81719 0.37332
0.81720 0.32710
0.81720 0.32290
0.81721 0.30802
0.81721 0.31046
0.81722 0.33720
0.81722 0.37440
0.81723 0.33421
0.81723 0.32280
0.81724 0.25568
0.81724 0.27746
0.81725 0.36492
0.81725 0.33136
0.81726 0.31088
0.81726 0.31417
0.81727 0.34338
0.81727 0.27913
0.81728 0.31915
0.81728 0.34885
0.81729 0.26179
0.81729 0.33095
0.81730 0.32402
0.81730 0.31973
0.81731 0.34387
0.81731 0.34477
0.81732 0.34123
0.81732 0.35767
0.81733 0.39584
0.81733 0.31194
0.81734 0.28322
0.81734 0.34016
0.81735 0.33690
0.81735 0.34195
0.81736 0.24816
0.81736 0.30076
0.81737 0.39382
0.81737 0.32478
0.81738 0.37964
0.81738 0.33541
0.81739 0.27517
0.81739 0.30507
0.81740 0.36236
0.81740 0.29828
0.81741 0.26651
0.81741 0.31994
0.81742 0.23996
0.81742 0.33495
0.81743 0.38176
0.81743 0.35186
0.81744 0.30358
0.81744 0.34208
0.81745 0.37210
0.81745 0.29919
0.81746 0.29163
0.81746 0.26923
0.81747 0.28916
0.81747 0.30318
0.81748 0.31561
0.81748 0.33301
0.81749 0.32919
0.81749 0.30766
0.81750 0.37095
0.81750 0.36020
0.81751 0.32564
0.81751 0.32209
0.81752 0.32299
0.81752 0.33595
0.81753 0.30475
0.81753 0.33662
0.81754 0.31205
0.81754 0.24568
0.81755 0.36125
0.81755 0.34214
0.81756 0.35015
0.81756 0.34538
0.81757 0.32426
0.81757 0.43287
0.81758 0.28064
0.81758 0.27533
0.81759 0.32503
0.81759 0.32003
0.81760 0.33274
0.81760 0.27101
0.81761 0.30614
0.81761 0.33467
0.81762 0.34232
0.81762 0.35630
0.81763 0.31158
0.81763 0.28420
0.81764 0.34279
0.81764 0.32283
0.81765 0.21354
0.81765 0.26686
0.81766 0.32639
0.81766 0.31293
0.81767 0.35408
0.81767 0.37002
0.81768 0.37340
0.81768 0.35277
0.81769 0.27108
0.81769 0.29449
0.81770 0.31851
0.81770 0.34509
0.81771 0.33688
0.81771 0.24200
0.81772 0.29919
0.81772 0.31443
0.81773 0.25973
0.81773 0.33302
0.81774 0.37018
0.81774 0.38095
0.81775 0.36595
0.81775 0.26330
0.81776 0.26053
0.81776 0.36339
0.81777 0.30331
0.81777 0.33353
0.81778 0.38072
0.81778 0.29533
0.81779 0.35667
0.81779 0.31151
0.81780 0.29054
0.81780 0.38184
0.81781 0.28426
0.81781 0.32163
0.81782 0.36088
0.81782 0.30632
0.81783 0.35210
0.81783 0.35388
0.81784 0.33669
0.81784 0.36313
0.81785 0.42018
0.81785 0.29259
0.81786 0.27700
0.81786 0.33608
0.81787 0.28658
0.81787 0.37331
0.81788 0.35984
0.81788 0.29427
0.81789 0.31807
0.81789 0.30840
0.81790 0.31755
0.81790 0.31904
0.81791 0.38215
0.81791 0.35716
0.81792 0.39504
0.81792 0.35179
0.81793 0.27752
0.81793 0.29978
0.81794 0.29001
0.81794 0.37739
0.81795 0.33285
0.81795 0.28575
0.81796 0.28578
0.81796 0.31491
0.81797 0.33184
0.81797 0.32063
0.81798 0.27102
0.81798 0.29645
0.81799 0.36438
0.81799 0.31173
0.81800 0.30113
0.81800 0.29728
0.81801 0.31300
0.81801 0.26110
0.81802 0.36565
0.81802 0.36513
0.81803 0.26381
0.81803 0.34848
0.81804 0.32747
0.81804 0.27109
0.81805 0.26668
0.81805 0.29648
0.81806 0.31814
0.81806 0.34013
0.81807 0.32142
0.81807 0.34805
0.81808 0.42362
0.81808 0.34334
0.81809 0.33433
0.81809 0.33802
0.81810 0.32365
0.81810 0.42191
0.81811 0.31389
0.81811 0.31066
0.81812 0.36516
0.81812 0.35113
0.81813 0.35264
0.81813 0.33605
0.81814 0.33493
0.81814 0.28563
0.81815 0.39412
0.81815 0.30560
0.81816 0.23332
0.81816 0.31738
0.81817 0.30267
0.81817 0.35644
0.81818 0.34436
0.81818 0.27551
0.81819 0.32690
0.81819 0.39085
0.81820 0.27413
0.81820 0.32608
0.81821 0.35568
0.81821 0.30229
0.81822 0.35540
0.81822 0.29650
0.81823 0.35925
0.81823 0.38965
0.81824 0.29644
0.81824 0.41562
0.81825 0.38002
0.81825 0.32504
0.81826 0.26881
0.81826 0.25990
0.81827 0.33264
0.81827 0.29254
0.81828 0.35959
0.81828 0.31807
0.81829 0.34982
0.81829 0.29558
0.81830 0.26938
0.81830 0.41187
0.81831 0.35081
0.81831 0.31694
0.81832 0.39060
0.81832 0.33260
0.81833 0.28752
0.81833 0.28721
0.81834 0.26977
0.81834 0.33964
0.81835 0.31348
0.81835 0.29877
0.81836 0.34595
0.81836 0.25941
0.81837 0.27826
0.81837 0.30995
0.81838 0.33385
0.81838 0.37351
0.81839 0.33530
0.81839 0.33484
0.81840 0.34135
0.81840 0.30602
0.81841 0.28778
0.81841 0.30154
0.81842 0.33802
0.81842 0.32098
0.81843 0.27870
0.81843 0.31171
0.81844 0.34110
0.81844 0.32483
0.81845 0.33474
0.81845 0.35634
0.81846 0.31679
0.81846 0.35121
0.81847 0.32717
0.81847 0.21495
0.81848 0.32872
0.81848 0.36083
0.81849 0.34818
0.81849 0.39724
0.81850 0.31791
0.81850 0.27477
0.81851 0.26648
0.81851 0.34973
0.81852 0.35788
0.81852 0.35199
0.81853 0.36935
0.81853 0.31049
0.81854 0.38119
0.81854 0.37583
0.81855 0.32041
0.81855 0.30109
0.81856 0.29643
0.81856 0.33906
0.81857 0.38341
0.81857 0.37487
0.81858 0.40546
0.81858 0.41446
0.81859 0.22746
0.81859 0.29877
0.81860 0.38287
0.81860 0.27244
0.81861 0.35910
0.81861 0.34192
0.81862 0.31092
0.81862 0.34855
0.81863 0.33493
0.81863 0.33908
0.81864 0.26463
0.81864 0.32933
0.81865 0.35960
0.81865 0.28354
0.81866 0.31121
0.81866 0.32278
0.81867 0.28275
0.81867 0.28987
0.81868 0.39727
0.81868 0.36385
0.81869 0.27635
0.81869 0.30758
0.81870 0.35282
0.81870 0.37154
0.81871 0.33356
0.81871 0.39722
0.81872 0.39841
0.81872 0.35780
0.81873 0.33767
0.81873 0.28401
0.81874 0.36809
0.81874 0.41009
0.81875 0.36982
0.81875 0.35030
0.81876 0.32158
0.81876 0.31336
0.81877 0.33026
0.81877 0.33691
0.81878 0.35299
0.81878 0.31882
0.81879 0.34838
0.81879 0.32428
0.81880 0.31986
0.81880 0.34195
0.81881 0.33601
0.81881 0.39824
0.81882 0.38994
0.81882 0.33322
0.81883 0.26147
0.81883 0.35527
0.81884 0.37462
0.81884 0.32502
0.81885 0.40470
0.81885 0.35222
0.81886 0.34009
0.81886 0.40917
0.81887 0.34785
0.81887 0.32782
0.81888 0.30988
0.81888 0.30342
0.81889 0.31369
0.81889 0.36125
0.81890 0.37446
0.81890 0.33481
0.81891 0.34424
0.81891 0.31862
0.81892 0.34127
0.81892 0.31112
0.81893 0.31090
0.81893 0.33698
0.81894 0.32341
0.81894 0.27484
0.81895 0.24607
0.81895 0.35703
0.81896 0.38094
0.81896 0.28089
0.81897 0.38710
0.81897 0.43596
0.81898 0.34768
0.81898 0.36145
0.81899 0.32772
0.81899 0.34244
0.81900 0.33694
0.81900 0.29927
0.81901 0.35582
0.81901 0.33378
0.81902 0.29995
0.81902 0.32307
0.81903 0.32640
0.81903 0.35348
0.81904 0.31292
0.81904 0.34396
0.81905 0.35913
0.81905 0.32643
0.81906 0.37909
0.81906 0.29366
0.81907 0.31320
0.81907 0.35517
0.81908 0.37604
0.81908 0.40890
0.81909 0.25489
0.81909 0.34164
0.81910 0.39012
0.81910 0.27392
0.81911 0.29427
0.81911 0.33705
0.81912 0.34699
0.81912 0.34638
0.81913 0.35586
0.81913 0.31443
0.81914 0.29373
0.81914 0.37528
0.81915 0.41812
0.81915 0.28039
0.81916 0.28147
0.81916 0.29429
0.81917 0.25978
0.81917 0.31662
0.81918 0.34501
0.81918 0.35203
0.81919 0.34504
0.81919 0.35429
0.81920 0.35583
0.81920 0.35639
0.81921 0.28743
0.81921 0.28946
0.81922 0.31288
0.81922 0.29957
0.81923 0.31433
0.81923 0.29195
0.81924 0.28966
0.81924 0.30911
0.81925 0.26575
0.81925 0.31735
0.81926 0.35161
0.81926 0.28203
0.81927 0.30405
0.81927 0.37693
0.81928 0.38052
0.81928 0.35697
0.81929 0.37249
0.81929 0.37602
0.81930 0.35871
0.81930 0.26931
0.81931 0.26750
0.81931 0.30819
0.81932 0.31138
0.81932 0.35404
0.81933 0.31359
0.81933 0.31128
0.81934 0.38959
0.81934 0.37207
0.81935 0.33186
0.81935 0.20960
0.81936 0.27608
0.81936 0.34853
0.81937 0.28833
0.81937 0.41129
0.81938 0.30229
0.81938 0.24480
0.81939 0.33255
0.81939 0.32396
0.81940 0.36491
0.81940 0.31386
0.81941 0.30659
0.81941 0.36144
0.81942 0.24020
0.81942 0.27777
0.81943 0.33125
0.81943 0.25709
0.81944 0.29644
0.81944 0.36465
0.81945 0.40135
0.81945 0.29531
0.81946 0.29042
0.81946 0.34188
0.81947 0.30901
0.81947 0.36366
0.81948 0.41428
0.81948 0.38884
0.81949 0.33014
0.81949 0.32286
0.81950 0.29499
0.81950 0.31563
0.81951 0.32892
0.81951 0.36744
0.81952 0.37285
0.81952 0.25946
0.81953 0.34656
0.81953 0.37891
0.81954 0.31512
0.81954 0.36014
0.81955 0.37808
0.81955 0.34543
0.81956 0.29589
0.81956 0.34227
0.81957 0.28744
0.81957 0.28521
0.81958 0.33644
0.81958 0.23899
0.81959 0.33609
0.81959 0.37468
0.81960 0.38297
0.81960 0.32506
0.81961 0.30273
0.81961 0.36117
0.81962 0.28481
0.81962 0.34823
0.81963 0.32347
0.81963 0.39201
0.81964 0.39246
0.81964 0.33551
0.81965 0.37234
0.81965 0.31625
0.81966 0.30865
0.81966 0.34727
0.81967 0.37854
0.81967 0.31811
0.81968 0.34640
0.81968 0.30626
0.81969 0.35996
0.81969 0.38921
0.81970 0.33302
0.81970 0.30389
0.81971 0.30244
0.81971 0.43563
0.81972 0.38888
0.81972 0.23597
0.81973 0.25756
0.81973 0.30683
0.81974 0.31733
0.81974 0.32389
0.81975 0.34229
0.81975 0.31273
0.81976 0.33499
0.81976 0.33680
0.81977 0.32936
0.81977 0.33773
0.81978 0.26096
0.81978 0.33471
0.81979 0.28387
0.81979 0.25391
0.81980 0.29777
0.81980 0.31908
0.81981 0.32590
0.81981 0.32048
0.81982 0.35627
0.81982 0.35874
0.81983 0.30618
0.81983 0.29698
0.81984 0.32663
0.81984 0.24639
0.81985 0.33882
0.81985 0.37944
0.81986 0.31072
0.81986 0.26848
0.81987 0.23569
0.81987 0.34473
0.81988 0.30570
0.81988 0.39538
0.81989 0.45366
0.81989 0.34313
0.81990 0.32426
0.81990 0.35206
0.81991 0.39870
0.81991 0.30195
0.81992 0.31347
0.81992 0.35712
0.81993 0.31798
0.81993 0.26419
0.81994 0.27888
0.81994 0.31323
0.81995 0.31224
0.81995 0.37716
0.81996 0.26879
0.81996 0.25969
0.81997 0.31085
0.81997 0.32636
0.81998 0.36699
0.81998 0.34756
0.81999 0.33281
0.81999 0.31503
0.82000 0.26610
0.82000 0.31500
0.82001 0.32526
0.82001 0.33156
0.82002 0.33382
0.82002 0.32911
0.82003 0.36257
0.82003 0.34279
0.82004 0.32983
0.82004 0.29922
0.82005 0.32579
0.82005 0.32964
0.82006 0.30354
0.82006 0.30116
0.82007 0.32900
0.82007 0.30073
0.82008 0.32287
0.82008 0.31047
0.82009 0.37297
0.82009 0.33987
0.82010 0.31294
0.82010 0.35071
0.82011 0.33972
0.82011 0.36186
0.82012 0.32099
0.82012 0.32799
0.82013 0.30946
0.82013 0.34652
0.82014 0.38138
0.82014 0.31966
0.82015 0.37128
0.82015 0.35758
0.82016 0.34397
0.82016 0.31317
0.82017 0.23480
0.82017 0.32536
0.82018 0.35824
0.82018 0.34090
0.82019 0.35101
0.82019 0.38267
0.82020 0.38383
0.82020 0.40021
0.82021 0.38010
0.82021 0.32320
0.82022 0.34124
0.82022 0.32091
0.82023 0.37142
0.82023 0.35988
0.82024 0.33743
0.82024 0.35141
0.82025 0.33945
0.82025 0.33699
0.82026 0.27830
0.82026 0.35163
0.82027 0.35402
0.82027 0.32848
0.82028 0.31924
0.82028 0.31983
0.82029 0.28157
0.82029 0.24391
0.82030 0.37174
0.82030 0.36813
0.82031 0.30372
0.82031 0.31124
0.82032 0.30166
0.82032 0.28232
0.82033 0.25634
0.82033 0.33172
0.82034 0.30446
0.82034 0.19697
0.82035 0.26350
0.82035 0.31122
0.82036 0.30222
0.82036 0.36173
0.82037 0.30018
0.82037 0.27018
0.82038 0.31988
0.82038 0.29936
0.82039 0.32289
0.82039 0.31955
0.82040 0.31916
0.82040 0.32270
0.82041 0.28926
0.82041 0.27582
0.82042 0.29518
0.82042 0.40356
0.82043 0.38618
0.82043 0.29420
0.82044 0.30105
0.82044 0.36072
0.82045 0.33346
0.82045 0.31598
0.82046 0.38860
0.82046 0.39262
0.82047 0.35228
0.82047 0.28501
0.82048 0.27290
0.82048 0.34123
0.82049 0.35358
0.82049 0.33853
0.82050 0.38359
0.82050 0.33746
0.82051 0.28484
0.82051 0.31485
0.82052 0.29406
0.82052 0.30250
0.82053 0.31314
0.82053 0.36800
0.82054 0.33899
0.82054 0.22406
0.82055 0.30814
0.82055 0.30829
0.82056 0.35699
0.82056 0.37961
0.82057 0.31117
0.82057 0.38104
0.82058 0.42185
0.82058 0.29893
0.82059 0.35934
0.82059 0.41684
0.82060 0.31365
0.82060 0.34818
0.82061 0.34038
0.82061 0.39900
0.82062 0.41478
0.82062 0.33280
0.82063 0.33758
0.82063 0.36732
0.82064 0.26456
0.82064 0.27224
0.82065 0.33124
0.82065 0.33409
0.82066 0.37429
0.82066 0.32312
0.82067 0.31097
0.82067 0.34017
0.82068 0.36773
0.82068 0.33509
0.82069 0.28411
0.82069 0.31581
0.82070 0.25704
0.82070 0.32133
0.82071 0.34801
0.82071 0.32887
0.82072 0.34942
0.82072 0.28447
0.82073 0.36329
0.82073 0.39145
0.82074 0.35426
0.82074 0.34210
0.82075 0.38439
0.82075 0.32314
0.82076 0.28825
0.82076 0.28218
0.82077 0.31412
0.82077 0.25014
0.82078 0.25942
0.82078 0.35603
0.82079 0.31474
0.82079 0.35416
0.82080 0.28967
0.82080 0.31092
0.82081 0.38082
0.82081 0.33236
0.82082 0.27821
0.82082 0.24549
0.82083 0.26869
0.82083 0.32268
0.82084 0.34993
0.82084 0.33316
0.82085 0.35448
0.82085 0.33075
0.82086 0.26038
0.82086 0.37935
0.82087 0.37090
0.82087 0.33146
0.82088 0.38195
0.82088 0.35866
0.82089 0.34807
0.82089 0.30938
0.82090 0.27602
0.82090 0.28052
0.82091 0.31803
0.82091 0.35552
0.82092 0.31797
0.82092 0.30658
0.82093 0.33485
0.82093 0.33584
0.82094 0.36780
0.82094 0.32229
0.82095 0.30765
0.82095 0.29379
0.82096 0.29662
0.82096 0.34392
0.82097 0.36682
0.82097 0.34232
0.82098 0.31750
0.82098 0.38441
0.82099 0.35636
0.82099 0.38479
0.82100 0.40567
0.82100 0.35155
0.82101 0.33404
0.82101 0.25971
0.82102 0.28656
0.82102 0.31711
0.82103 0.27867
0.82103 0.29696
0.82104 0.30199
0.82104 0.35429
0.82105 0.37519
0.82105 0.34396
0.82106 0.35423
0.82106 0.35470
0.82107 0.35990
0.82107 0.34136
0.82108 0.29017
0.82108 0.36965
0.82109 0.35021
0.82109 0.31171
0.82110 0.34660
0.82110 0.30521
0.82111 0.30947
0.82111 0.33648
0.82112 0.32983
0.82112 0.30942
0.82113 0.31302
0.82113 0.31253
0.82114 0.28810
0.82114 0.24209
0.82115 0.28839
0.82115 0.36189
0.82116 0.33909
0.82116 0.30615
0.82117 0.31178
0.82117 0.37847
0.82118 0.27148
0.82118 0.25745
0.82119 0.33808
0.82119 0.31659
0.82120 0.33457
0.82120 0.28247
0.82121 0.30509
0.82121 0.32901
0.82122 0.31020
0.82122 0.35156
0.82123 0.35343
0.82123 0.35968
0.82124 0.33679
0.82124 0.29486
0.82125 0.33672
0.82125 0.37542
0.82126 0.35416
0.82126 0.37095
0.82127 0.40143
0.82127 0.32944
0.82128 0.28049
0.82128 0.31912
0.82129 0.35698
0.82129 0.35635
0.82130 0.32634
0.82130 0.31022
0.82131 0.32046
0.82131 0.32671
0.82132 0.30857
0.82132 0.25511
0.82133 0.24607
0.82133 0.35374
0.82134 0.35133
0.82134 0.26944
0.82135 0.36618
0.82135 0.36688
0.82136 0.29192
0.82136 0.27056
0.82137 0.36341
0.82137 0.34313
0.82138 0.27830
0.82138 0.34489
0.82139 0.35928
0.82139 0.31103
0.82140 0.31281
0.82140 0.33220
0.82141 0.32088
0.82141 0.36497
0.82142 0.32751
0.82142 0.34446
0.82143 0.29767
0.82143 0.37971
0.82144 0.41519
0.82144 0.29477
0.82145 0.31401
0.82145 0.28738
0.82146 0.30655
0.82146 0.35170
0.82147 0.39627
0.82147 0.37880
0.82148 0.32677
0.82148 0.30223
0.82149 0.26676
0.82149 0.30831
0.82150 0.38000
0.82150 0.36956
0.82151 0.35717
0.82151 0.29703
0.82152 0.26776
0.82152 0.35637
0.82153 0.36205
0.82153 0.36267
0.82154 0.30772
0.82154 0.28729
0.82155 0.38987
0.82155 0.33169
0.82156 0.29264
0.82156 0.36492
0.82157 0.27308
0.82157 0.25221
0.82158 0.30451
0.82158 0.30709
0.82159 0.34112
0.82159 0.33728
0.82160 0.35942
0.82160 0.27790
0.82161 0.25016
0.82161 0.27350
0.82162 0.33105
0.82162 0.34419
0.82163 0.25743
0.82163 0.34609
0.82164 0.31188
0.82164 0.33982
0.82165 0.33740
0.82165 0.34212
0.82166 0.33238
0.82166 0.28760
0.82167 0.34423
0.82167 0.31661
0.82168 0.26065
0.82168 0.34758
0.82169 0.40214
0.82169 0.34737
0.82170 0.32462
0.82170 0.26648
0.82171 0.38873
0.82171 0.35913
0.82172 0.27865
0.82172 0.39744
0.82173 0.34215
0.82173 0.31637
0.82174 0.34721
0.82174 0.31865
0.82175 0.37021
0.82175 0.33416
0.82176 0.31926
0.82176 0.27285
0.82177 0.26734
0.82177 0.36892
0.82178 0.38026
0.82178 0.34060
0.82179 0.38378
0.82179 0.32045
0.82180 0.28420
0.82180 0.33880
0.82181 0.32693
0.82181 0.34036
0.82182 0.35578
0.82182 0.33388
0.82183 0.34745
0.82183 0.41773
0.82184 0.33162
0.82184 0.26598
0.82185 0.28628
0.82185 0.32052
0.82186 0.29993
0.82186 0.30554
0.82187 0.29221
0.82187 0.23796
0.82188 0.35229
0.82188 0.34071
0.82189 0.34850
0.82189 0.40106
0.82190 0.37272
0.82190 0.36789
0.82191 0.27622
0.82191 0.26018
0.82192 0.27737
0.82192 0.28922
0.82193 0.28044
0.82193 0.32111
0.82194 0.29392
0.82194 0.30067
0.82195 0.37192
0.82195 0.32303
0.82196 0.32909
0.82196 0.29455
0.82197 0.25855
0.82197 0.29720
0.82198 0.34467
0.82198 0.35136
0.82199 0.35572
0.82199 0.41366
0.82200 0.32442
0.82200 0.29798
0.82201 0.35126
0.82201 0.30823
0.82202 0.31079
0.82202 0.32930
0.82203 0.34327
0.82203 0.29073
0.82204 0.31240
0.82204 0.34242
0.82205 0.29221
0.82205 0.32247
0.82206 0.37160
0.82206 0.37661
0.82207 0.27971
0.82207 0.28652
0.82208 0.39072
0.82208 0.29278
0.82209 0.31603
0.82209 0.36296
0.82210 0.26549
0.82210 0.32038
0.82211 0.37082
0.82211 0.32836
0.82212 0.35173
0.82212 0.36371
0.82213 0.33648
0.82213 0.32790
0.82214 0.30886
0.82214 0.35897
0.82215 0.31450
0.82215 0.32836
0.82216 0.35579
0.82216 0.31075
0.82217 0.37693
0.82217 0.31572
0.82218 0.27121
0.82218 0.31252
0.82219 0.40958
0.82219 0.35766
0.82220 0.27749
0.82220 0.29880
0.82221 0.24399
0.82221 0.30575
0.82222 0.34787
0.82222 0.34993
0.82223 0.37684
0.82223 0.33284
0.82224 0.28271
0.82224 0.36808
0.82225 0.32779
0.82225 0.29156
0.82226 0.32315
0.82226 0.23483
0.82227 0.32061
0.82227 0.33418
0.82228 0.38793
0.82228 0.31507
0.82229 0.27477
0.82229 0.36874
0.82230 0.25640
0.82230 0.31495
0.82231 0.30915
0.82231 0.34092
0.82232 0.42139
0.82232 0.37841
0.82233 0.33395
0.82233 0.31699
0.82234 0.33892
0.82234 0.29776
0.82235 0.30570
0.82235 0.42179
0.82236 0.38897
0.82236 0.35174
0.82237 0.34782
0.82237 0.33204
0.82238 0.29440
0.82238 0.31438
0.82239 0.38790
0.82239 0.34460
0.82240 0.25719
0.82240 0.28441
0.82241 0.29683
0.82241 0.30703
0.82242 0.28797
0.82242 0.26235
0.82243 0.40516
0.82243 0.38194
0.82244 0.34187
0.82244 0.34394
0.82245 0.36773
0.82245 0.37036
0.82246 0.33385
0.82246 0.32121
0.82247 0.27817
0.82247 0.32620
0.82248 0.32497
0.82248 0.25940
0.82249 0.27186
0.82249 0.28453
0.82250 0.27877
0.82250 0.29973
0.82251 0.37768
0.82251 0.33764
0.82252 0.29898
0.82252 0.37269
0.82253 0.30619
0.82253 0.26677
0.82254 0.41202
0.82254 0.44451
0.82255 0.33056
0.82255 0.30578
0.82256 0.29236
0.82256 0.28583
0.82257 0.30623
0.82257 0.25677
0.82258 0.30770
0.82258 0.34855
0.82259 0.34375
0.82259 0.37286
0.82260 0.32225
0.82260 0.31553
0.82261 0.31606
0.82261 0.27283
0.82262 0.33200
0.82262 0.33797
0.82263 0.39607
0.82263 0.37760
0.82264 0.29656
0.82264 0.26013
0.82265 0.26880
0.82265 0.36014
0.82266 0.37933
0.82266 0.40756
0.82267 0.33701
0.82267 0.30547
0.82268 0.29135
0.82268 0.31480
0.82269 0.32445
0.82269 0.35586
0.82270 0.37746
0.82270 0.29371
0.82271 0.29376
0.82271 0.29188
0.82272 0.33812
0.82272 0.39148
0.82273 0.36711
0.82273 0.34554
0.82274 0.32267
0.82274 0.29341
0.82275 0.37575
0.82275 0.36861
0.82276 0.29602
0.82276 0.38745
0.82277 0.39252
0.82277 0.32190
0.82278 0.37917
0.82278 0.37709
0.82279 0.28974
0.82279 0.34269
0.82280 0.28870
0.82280 0.28486
0.82281 0.35900
0.82281 0.32762
0.82282 0.35631
0.82282 0.29798
0.82283 0.32330
0.82283 0.35326
0.82284 0.30888
0.82284 0.29126
0.82285 0.30158
0.82285 0.30055
0.82286 0.28634
0.82286 0.36229
0.82287 0.31095
0.82287 0.32621
0.82288 0.32806
0.82288 0.28703
0.82289 0.30034
0.82289 0.29428
0.82290 0.29854
0.82290 0.27608
0.82291 0.35169
0.82291 0.28769
0.82292 0.30421
0.82292 0.34291
0.82293 0.30972
0.82293 0.33399
0.82294 0.26172
0.82294 0.34690
0.82295 0.34905
0.82295 0.32333
0.82296 0.39396
0.82296 0.31453
0.82297 0.29698
0.82297 0.35126
0.82298 0.34425
0.82298 0.40743
0.82299 0.36194
0.82299 0.28324
0.82300 0.32818
0.82300 0.34423
0.82301 0.37948
0.82301 0.36783
0.82302 0.27706
0.82302 0.28223
0.82303 0.33949
0.82303 0.38663
0.82304 0.38002
0.82304 0.31572
0.82305 0.32767
0.82305 0.32311
0.82306 0.33276
0.82306 0.34128
0.82307 0.31001
0.82307 0.33950
0.82308 0.26603
0.82308 0.27816
0.82309 0.37952
0.82309 0.26769
0.82310 0.31333
0.82310 0.36771
0.82311 0.35374
0.82311 0.37672
0.82312 0.33964
0.82312 0.35820
0.82313 0.39009
0.82313 0.30612
0.82314 0.32801
0.82314 0.33494
0.82315 0.30403
0.82315 0.38820
0.82316 0.37842
0.82316 0.36020
0.82317 0.40078
0.82317 0.39148
0.82318 0.27733
0.82318 0.28385
0.82319 0.32675
0.82319 0.28741
0.82320 0.25035
0.82320 0.30414
0.82321 0.34720
0.82321 0.29501
0.82322 0.33212
0.82322 0.34790
0.82323 0.34587
0.82323 0.31454
0.82324 0.26598
0.82324 0.29178
0.82325 0.37723
0.82325 0.38182
0.82326 0.31762
0.82326 0.29302
0.82327 0.28929
0.82327 0.31468
0.82328 0.30561
0.82328 0.29950
0.82329 0.29784
0.82329 0.34085
0.82330 0.36295
0.82330 0.25292
0.82331 0.30633
0.82331 0.36204
0.82332 0.32109
0.82332 0.33830
0.82333 0.31541
0.82333 0.30331
0.82334 0.32906
0.82334 0.38700
0.82335 0.28677
0.82335 0.25348
0.82336 0.29772
0.82336 0.27456
0.82337 0.30488
0.82337 0.37001
0.82338 0.36872
0.82338 0.28941
0.82339 0.31960
0.82339 0.36288
0.82340 0.30732
0.82340 0.33906
0.82341 0.31398
0.82341 0.30160
0.82342 0.34920
0.82342 0.30679
0.82343 0.33657
0.82343 0.31312
0.82344 0.31396
0.82344 0.39472
0.82345 0.32086
0.82345 0.26990
0.82346 0.29051
0.82346 0.35644
0.82347 0.33760
0.82347 0.26137
0.82348 0.29984
0.82348 0.31478
0.82349 0.33661
0.82349 0.31214
0.82350 0.33244
0.82350 0.29917
0.82351 0.28141
0.82351 0.34177
0.82352 0.39112
0.82352 0.31737
0.82353 0.27439
0.82353 0.36766
0.82354 0.34700
0.82354 0.32537
0.82355 0.32453
0.82355 0.36899
0.82356 0.31419
0.82356 0.32025
0.82357 0.37367
0.82357 0.26709
0.82358 0.30132
0.82358 0.31139
0.82359 0.30935
0.82359 0.35487
0.82360 0.31937
0.82360 0.28260
0.82361 0.27566
0.82361 0.30640
0.82362 0.28596
0.82362 0.29058
0.82363 0.38290
0.82363 0.35077
0.82364 0.29045
0.82364 0.40700
0.82365 0.33433
0.82365 0.35008
0.82366 0.37853
0.82366 0.31290
0.82367 0.31951
0.82367 0.30783
0.82368 0.37388
0.82368 0.24175
0.82369 0.28080
0.82369 0.28847
0.82370 0.32093
0.82370 0.32587
0.82371 0.26371
0.82371 0.36689
0.82372 0.30060
0.82372 0.31985
0.82373 0.33839
0.82373 0.36698
0.82374 0.39287
0.82374 0.33985
0.82375 0.33751
0.82375 0.31306
0.82376 0.31513
0.82376 0.29970
0.82377 0.28148
0.82377 0.34292
0.82378 0.34452
0.82378 0.27628
0.82379 0.29189
0.82379 0.30817
0.82380 0.31099
0.82380 0.34691
0.82381 0.33079
0.82381 0.34637
0.82382 0.32803
0.82382 0.33152
0.82383 0.30698
0.82383 0.29655
0.82384 0.32474
0.82384 0.30331
0.82385 0.31955
0.82385 0.39548
0.82386 0.37478
0.82386 0.34415
0.82387 0.32046
0.82387 0.28275
0.82388 0.29794
0.82388 0.26163
0.82389 0.32034
0.82389 0.34660
0.82390 0.30924
0.82390 0.32768
0.82391 0.36393
0.82391 0.33790
0.82392 0.24133
0.82392 0.27537
0.82393 0.33652
0.82393 0.26979
0.82394 0.25849
0.82394 0.32946
0.82395 0.31302
0.82395 0.31734
0.82396 0.29037
0.82396 0.25750
0.82397 0.35194
0.82397 0.34261
0.82398 0.24118
0.82398 0.31893
0.82399 0.35358
0.82399 0.31826
0.82400 0.26259
0.82400 0.31427
0.82401 0.32496
0.82401 0.24213
0.82402 0.29772
0.82402 0.30794
0.82403 0.38470
0.82403 0.36961
0.82404 0.27214
0.82404 0.32882
0.82405 0.30741
0.82405 0.29615
0.82406 0.33283
0.82406 0.34618
0.82407 0.37765
0.82407 0.33393
0.82408 0.36595
0.82408 0.36718
0.82409 0.31594
0.82409 0.33976
0.82410 0.29275
0.82410 0.29606
0.82411 0.35426
0.82411 0.36368
0.82412 0.26838
0.82412 0.24762
0.82413 0.38621
0.82413 0.32428
0.82414 0.27459
0.82414 0.33959
0.82415 0.33886
0.82415 0.27860
0.82416 0.30833
0.82416 0.32994
0.82417 0.28288
0.82417 0.32054
0.82418 0.28991
0.82418 0.30524
0.82419 0.30520
0.82419 0.31192
0.82420 0.35444
0.82420 0.30220
0.82421 0.33666
0.82421 0.34885
0.82422 0.29056
0.82422 0.27443
0.82423 0.28071
0.82423 0.23105
0.82424 0.30787
0.82424 0.36569
0.82425 0.35697
0.82425 0.28460
0.82426 0.25794
0.82426 0.26064
0.82427 0.29988
0.82427 0.37362
0.82428 0.24074
0.82428 0.26537
0.82429 0.35636
0.82429 0.35201
0.82430 0.36807
0.82430 0.35149
0.82431 0.35182
0.82431 0.37390
0.82432 0.34811
0.82432 0.28846
0.82433 0.33797
0.82433 0.35312
0.82434 0.29711
0.82434 0.33664
0.82435 0.34478
0.82435 0.28972
0.82436 0.30155
0.82436 0.40222
0.82437 0.35940
0.82437 0.32024
0.82438 0.27850
0.82438 0.23987
0.82439 0.28248
0.82439 0.25886
0.82440 0.26214
0.82440 0.31753
0.82441 0.33786
0.82441 0.30328
0.82442 0.33516
0.82442 0.33700
0.82443 0.33781
0.82443 0.33792
0.82444 0.27314
0.82444 0.39158
0.82445 0.29370
0.82445 0.21997
0.82446 0.34338
0.82446 0.27788
0.82447 0.24804
0.82447 0.31353
0.82448 0.28883
0.82448 0.26754
0.82449 0.29381
0.82449 0.27282
0.82450 0.31985
0.82450 0.35434
0.82451 0.27815
0.82451 0.35455
0.82452 0.39271
0.82452 0.33614
0.82453 0.31513
0.82453 0.22623
0.82454 0.28923
0.82454 0.33557
0.82455 0.38945
0.82455 0.36737
0.82456 0.31173
0.82456 0.31929
0.82457 0.35121
0.82457 0.42642
0.82458 0.34679
0.82458 0.27101
0.82459 0.33539
0.82459 0.30650
0.82460 0.31771
0.82460 0.35609
0.82461 0.27212
0.82461 0.31075
0.82462 0.29696
0.82462 0.34309
0.82463 0.40111
0.82463 0.30004
0.82464 0.32747
0.82464 0.26829
0.82465 0.27195
0.82465 0.37104
0.82466 0.30435
0.82466 0.30633
0.82467 0.27619
0.82467 0.31530
0.82468 0.36992
0.82468 0.39646
0.82469 0.39637
0.82469 0.31866
0.82470 0.27915
0.82470 0.30003
0.82471 0.34556
0.82471 0.30709
0.82472 0.30815
0.82472 0.24522
0.82473 0.27804
0.82473 0.36647
0.82474 0.38386
0.82474 0.32104
0.82475 0.24759
0.82475 0.28810
0.82476 0.21337
0.82476 0.27876
0.82477 0.28821
0.82477 0.25703
0.82478 0.40968
0.82478 0.35272
0.82479 0.30342
0.82479 0.30031
0.82480 0.37454
0.82480 0.28897
0.82481 0.24338
0.82481 0.32297
0.82482 0.30170
0.82482 0.36558
0.82483 0.26823
0.82483 0.31326
0.82484 0.34372
0.82484 0.27752
0.82485 0.30831
0.82485 0.31242
0.82486 0.35660
0.82486 0.30433
0.82487 0.31542
0.82487 0.34080
0.82488 0.23915
0.82488 0.22456
0.82489 0.38366
0.82489 0.33555
0.82490 0.28844
0.82490 0.39037
0.82491 0.30510
0.82491 0.29118
0.82492 0.36776
0.82492 0.30293
0.82493 0.36129
0.82493 0.42169
0.82494 0.30915
0.82494 0.31100
0.82495 0.31371
0.82495 0.31812
0.82496 0.33395
0.82496 0.31868
0.82497 0.31472
0.82497 0.36111
0.82498 0.34368
0.82498 0.33379
0.82499 0.36399
0.82499 0.33139
0.82500 0.32605
0.82500 0.27585
0.82501 0.33745
0.82501 0.30210
0.82502 0.29610
0.82502 0.39755
0.82503 0.32179
0.82503 0.35331
0.82504 0.35009
0.82504 0.35051
0.82505 0.33900
0.82505 0.34657
0.82506 0.33961
0.82506 0.29415
0.82507 0.35642
0.82507 0.26240
0.82508 0.28745
0.82508 0.37682
0.82509 0.32679
0.82509 0.31488
0.82510 0.29540
0.82510 0.29943
0.82511 0.29425
0.82511 0.34868
0.82512 0.29296
0.82512 0.24292
0.82513 0.35058
0.82513 0.32841
0.82514 0.30853
0.82514 0.37690
0.82515 0.31166
0.82515 0.32734
0.82516 0.35334
0.82516 0.29349
0.82517 0.33872
0.82517 0.33822
0.82518 0.29768
0.82518 0.31645
0.82519 0.34124
0.82519 0.38153
0.82520 0.33042
0.82520 0.33359
0.82521 0.36421
0.82521 0.27392
0.82522 0.31037
0.82522 0.29948
0.82523 0.21863
0.82523 0.30073
0.82524 0.32105
0.82524 0.32200
0.82525 0.34890
0.82525 0.21701
0.82526 0.28771
0.82526 0.36725
0.82527 0.36236
0.82527 0.28668
0.82528 0.31535
0.82528 0.39394
0.82529 0.33257
0.82529 0.35854
0.82530 0.26134
0.82530 0.25164
0.82531 0.33811
0.82531 0.28295
0.82532 0.29280
0.82532 0.29944
0.82533 0.25187
0.82533 0.27367
0.82534 0.30182
0.82534 0.29327
0.82535 0.35079
0.82535 0.29040
0.82536 0.29603
0.82536 0.34420
0.82537 0.32466
0.82537 0.31952
0.82538 0.34677
0.82538 0.29647
0.82539 0.31889
0.82539 0.42446
0.82540 0.29454
0.82540 0.25931
0.82541 0.37505
0.82541 0.31712
0.82542 0.24791
0.82542 0.29887
0.82543 0.26012
0.82543 0.32267
0.82544 0.38446
0.82544 0.37325
0.82545 0.32385
0.82545 0.31311
0.82546 0.34849
0.82546 0.30587
0.82547 0.33554
0.82547 0.32566
0.82548 0.26457
0.82548 0.34497
0.82549 0.30635
0.82549 0.24465
0.82550 0.32335
0.82550 0.34495
0.82551 0.34149
0.82551 0.36286
0.82552 0.28479
0.82552 0.23924
0.82553 0.23645
0.82553 0.31358
0.82554 0.39681
0.82554 0.38592
0.82555 0.30605
0.82555 0.24481
0.82556 0.37442
0.82556 0.36626
0.82557 0.27131
0.82557 0.32890
0.82558 0.32137
0.82558 0.29545
0.82559 0.28495
0.82559 0.26440
0.82560 0.35565
0.82560 0.35029
0.82561 0.28375
0.82561 0.31169
0.82562 0.37341
0.82562 0.30907
0.82563 0.27313
0.82563 0.32816
0.82564 0.27966
0.82564 0.35709
0.82565 0.36667
0.82565 0.31746
0.82566 0.29898
0.82566 0.28743
0.82567 0.34959
0.82567 0.28847
0.82568 0.25166
0.82568 0.35371
0.82569 0.30078
0.82569 0.30195
0.82570 0.31118
0.82570 0.23702
0.82571 0.33780
0.82571 0.33043
0.82572 0.36299
0.82572 0.33980
0.82573 0.36018
0.82573 0.31530
0.82574 0.25864
0.82574 0.40960
0.82575 0.39224
0.82575 0.35854
0.82576 0.38457
0.82576 0.43372
0.82577 0.31334
0.82577 0.26459
0.82578 0.31071
0.82578 0.31974
0.82579 0.35582
0.82579 0.31049
0.82580 0.31431
0.82580 0.31053
0.82581 0.35789
0.82581 0.35033
0.82582 0.30129
0.82582 0.34914
0.82583 0.31016
0.82583 0.27479
0.82584 0.34979
0.82584 0.32537
0.82585 0.38135
0.82585 0.35036
0.82586 0.28119
0.82586 0.33039
0.82587 0.32250
0.82587 0.38335
0.82588 0.31206
0.82588 0.30286
0.82589 0.38274
0.82589 0.37920
0.82590 0.33101
0.82590 0.27790
0.82591 0.34509
0.82591 0.27901
0.82592 0.30534
0.82592 0.32708
0.82593 0.28484
0.82593 0.36407
0.82594 0.24326
0.82594 0.30564
0.82595 0.42169
0.82595 0.37014
0.82596 0.36991
0.82596 0.30940
0.82597 0.34840
0.82597 0.38097
0.82598 0.36225
0.82598 0.30370
0.82599 0.24066
0.82599 0.31719
0.82600 0.25431
0.82600 0.25657
0.82601 0.35079
0.82601 0.37741
0.82602 0.34602
0.82602 0.30060
0.82603 0.27837
0.82603 0.21335
0.82604 0.25876
0.82604 0.31257
0.82605 0.34067
0.82605 0.35147
0.82606 0.29690
0.82606 0.29835
0.82607 0.31263
0.82607 0.32921
0.82608 0.31930
0.82608 0.35888
0.82609 0.37346
0.82609 0.28715
0.82610 0.24776
0.82610 0.34808
0.82611 0.39355
0.82611 0.37230
0.82612 0.33397
0.82612 0.33677
0.82613 0.29827
0.82613 0.26424
0.82614 0.31777
0.82614 0.29222
0.82615 0.28285
0.82615 0.32812
0.82616 0.31154
0.82616 0.28465
0.82617 0.26273
0.82617 0.23951
0.82618 0.35555
0.82618 0.30746
0.82619 0.34369
0.82619 0.37324
0.82620 0.24988
0.82620 0.33106
0.82621 0.34810
0.82621 0.22141
0.82622 0.33215
0.82622 0.32727
0.82623 0.27355
0.82623 0.40016
0.82624 0.29122
0.82624 0.27309
0.82625 0.33731
0.82625 0.36431
0.82626 0.37921
0.82626 0.28723
0.82627 0.31569
0.82627 0.34749
0.82628 0.36597
0.82628 0.40827
0.82629 0.31368
0.82629 0.27078
0.82630 0.39391
0.82630 0.33543
0.82631 0.29496
0.82631 0.27423
0.82632 0.31042
0.82632 0.38250
0.82633 0.29658
0.82633 0.35615
0.82634 0.34467
0.82634 0.29100
0.82635 0.35369
0.82635 0.33687
0.82636 0.33473
0.82636 0.34092
0.82637 0.31891
0.82637 0.35359
0.82638 0.33340
0.82638 0.40066
0.82639 0.36260
0.82639 0.37864
0.82640 0.37855
0.82640 0.26201
0.82641 0.31866
0.82641 0.31553
0.82642 0.31887
0.82642 0.31913
0.82643 0.35450
0.82643 0.32633
0.82644 0.25909
0.82644 0.33878
0.82645 0.25802
0.82645 0.28500
0.82646 0.41819
0.82646 0.35032
0.82647 0.36986
0.82647 0.35415
0.82648 0.30437
0.82648 0.28949
0.82649 0.30564
0.82649 0.36951
0.82650 0.34454
0.82650 0.34165
0.82651 0.33049
0.82651 0.33759
0.82652 0.32919
0.82652 0.27611
0.82653 0.37301
0.82653 0.35718
0.82654 0.29860
0.82654 0.42154
0.82655 0.37352
0.82655 0.34482
0.82656 0.38337
0.82656 0.34110
0.82657 0.30824
0.82657 0.34795
0.82658 0.37038
0.82658 0.36031
0.82659 0.39665
0.82659 0.34875
0.82660 0.37336
0.82660 0.32774
0.82661 0.35948
0.82661 0.34894
0.82662 0.25957
0.82662 0.37554
0.82663 0.31294
0.82663 0.31783
0.82664 0.31238
0.82664 0.26369
0.82665 0.31676
0.82665 0.34287
0.82666 0.33574
0.82666 0.30666
0.82667 0.30784
0.82667 0.32167
0.82668 0.32061
0.82668 0.31929
0.82669 0.36103
0.82669 0.31467
0.82670 0.31470
0.82670 0.33151
0.82671 0.33949
0.82671 0.35486
0.82672 0.35080
0.82672 0.41381
0.82673 0.30684
0.82673 0.26660
0.82674 0.32963
0.82674 0.30848
0.82675 0.31643
0.82675 0.32805
0.82676 0.30347
0.82676 0.34694
0.82677 0.33193
0.82677 0.24272
0.82678 0.31288
0.82678 0.37352
0.82679 0.27593
0.82679 0.27326
0.82680 0.34890
0.82680 0.30658
0.82681 0.35150
0.82681 0.40357
0.82682 0.34062
0.82682 0.29579
0.82683 0.37586
0.82683 0.31773
0.82684 0.32097
0.82684 0.30015
0.82685 0.25392
0.82685 0.34325
0.82686 0.41488
0.82686 0.34943
0.82687 0.34900
0.82687 0.43209
0.82688 0.33739
0.82688 0.30313
0.82689 0.29592
0.82689 0.28903
0.82690 0.27235
0.82690 0.32140
0.82691 0.28030
0.82691 0.25027
0.82692 0.34236
0.82692 0.35027
0.82693 0.37048
0.82693 0.30344
0.82694 0.30423
0.82694 0.31928
0.82695 0.28755
0.82695 0.28649
0.82696 0.40240
0.82696 0.45337
0.82697 0.28796
0.82697 0.29633
0.82698 0.29519
0.82698 0.30514
0.82699 0.31232
0.82699 0.31500
0.82700 0.31802
0.82700 0.31116
0.82701 0.31959
0.82701 0.29668
0.82702 0.28304
0.82702 0.34064
0.82703 0.35485
0.82703 0.33713
0.82704 0.33746
0.82704 0.34457
0.82705 0.34039
0.82705 0.31473
0.82706 0.28656
0.82706 0.27058
0.82707 0.32357
0.82707 0.33188
0.82708 0.30703
0.82708 0.34402
0.82709 0.34651
0.82709 0.33009
0.82710 0.31628
0.82710 0.29607
0.82711 0.30739
0.82711 0.33033
0.82712 0.30843
0.82712 0.32052
0.82713 0.33967
0.82713 0.26649
0.82714 0.28934
0.82714 0.30629
0.82715 0.32072
0.82715 0.33959
0.82716 0.30757
0.82716 0.28804
0.82717 0.34149
0.82717 0.34628
0.82718 0.44029
0.82718 0.38454
0.82719 0.25884
0.82719 0.32591
0.82720 0.31629
0.82720 0.34874
0.82721 0.32848
0.82721 0.26893
0.82722 0.33087
0.82722 0.32606
0.82723 0.24808
0.82723 0.29900
0.82724 0.36488
0.82724 0.38407
0.82725 0.34574
0.82725 0.29979
0.82726 0.30021
0.82726 0.31561
0.82727 0.34459
0.82727 0.36976
0.82728 0.32257
0.82728 0.26570
0.82729 0.32015
0.82729 0.33420
0.82730 0.38488
0.82730 0.29172
0.82731 0.26683
0.82731 0.38110
0.82732 0.29704
0.82732 0.30921
0.82733 0.31230
0.82733 0.31040
0.82734 0.33687
0.82734 0.33277
0.82735 0.38300
0.82735 0.36661
0.82736 0.34998
0.82736 0.35010
0.82737 0.31554
0.82737 0.31738
0.82738 0.33613
0.82738 0.29646
0.82739 0.28226
0.82739 0.34022
0.82740 0.34586
0.82740 0.33208
0.82741 0.27410
0.82741 0.31479
0.82742 0.32274
0.82742 0.31560
0.82743 0.34262
0.82743 0.29238
0.82744 0.37035
0.82744 0.29750
0.82745 0.32484
0.82745 0.37754
0.82746 0.32638
0.82746 0.30944
0.82747 0.29108
0.82747 0.38173
0.82748 0.33394
0.82748 0.38045
0.82749 0.37377
0.82749 0.33060
0.82750 0.39794
0.82750 0.34171
0.82751 0.36083
0.82751 0.29415
0.82752 0.28388
0.82752 0.37448
0.82753 0.32162
0.82753 0.29912
0.82754 0.30354
0.82754 0.36030
0.82755 0.34863
0.82755 0.27322
0.82756 0.31204
0.82756 0.31839
0.82757 0.31933
0.82757 0.41300
0.82758 0.36848
0.82758 0.32760
0.82759 0.34759
0.82759 0.35667
0.82760 0.35471
0.82760 0.28630
0.82761 0.35836
0.82761 0.36448
0.82762 0.32285
0.82762 0.45372
0.82763 0.42128
0.82763 0.33148
0.82764 0.33823
0.82764 0.28565
0.82765 0.30929
0.82765 0.31770
0.82766 0.34703
0.82766 0.38870
0.82767 0.33049
0.82767 0.28510
0.82768 0.30544
0.82768 0.34360
0.82769 0.30171
0.82769 0.31456
0.82770 0.45757
0.82770 0.38549
0.82771 0.28058
0.82771 0.31972
0.82772 0.35827
0.82772 0.31615
0.82773 0.31017
0.82773 0.39141
0.82774 0.31225
0.82774 0.28321
0.82775 0.32982
0.82775 0.31646
0.82776 0.34648
0.82776 0.36296
0.82777 0.27598
0.82777 0.30411
0.82778 0.27617
0.82778 0.29617
0.82779 0.42590
0.82779 0.31445
0.82780 0.32244
0.82780 0.34934
0.82781 0.29585
0.82781 0.34776
0.82782 0.32779
0.82782 0.32091
0.82783 0.30757
0.82783 0.24359
0.82784 0.33335
0.82784 0.31197
0.82785 0.35003
0.82785 0.43351
0.82786 0.28098
0.82786 0.26935
0.82787 0.33850
0.82787 0.29712
0.82788 0.34336
0.82788 0.36819
0.82789 0.29616
0.82789 0.35848
0.82790 0.33748
0.82790 0.25141
0.82791 0.36378
0.82791 0.38100
0.82792 0.31127
0.82792 0.34683
0.82793 0.31538
0.82793 0.31481
0.82794 0.33525
0.82794 0.36167
0.82795 0.32496
0.82795 0.32354
0.82796 0.33869
0.82796 0.24758
0.82797 0.28333
0.82797 0.31049
0.82798 0.26384
0.82798 0.30380
0.82799 0.32486
0.82799 0.28917
0.82800 0.27153
0.82800 0.32696
0.82801 0.39559
0.82801 0.34103
0.82802 0.32324
0.82802 0.35467
0.82803 0.34137
0.82803 0.36122
0.82804 0.40489
0.82804 0.30696
0.82805 0.26112
0.82805 0.32183
0.82806 0.33274
0.82806 0.36287
0.82807 0.36213
0.82807 0.32297
0.82808 0.30189
0.82808 0.32060
0.82809 0.35085
0.82809 0.39847
0.82810 0.34434
0.82810 0.31829
0.82811 0.42869
0.82811 0.32829
0.82812 0.31961
0.82812 0.39227
0.82813 0.29139
0.82813 0.29634
0.82814 0.28697
0.82814 0.27937
0.82815 0.36192
0.82815 0.39856
0.82816 0.31861
0.82816 0.26390
0.82817 0.30746
0.82817 0.29818
0.82818 0.38103
0.82818 0.37447
0.82819 0.35661
0.82819 0.38161
0.82820 0.36828
0.82820 0.31551
0.82821 0.27813
0.82821 0.29895
0.82822 0.28405
0.82822 0.37060
0.82823 0.37892
0.82823 0.27619
0.82824 0.27641
0.82824 0.33427
0.82825 0.38744
0.82825 0.36382
0.82826 0.30699
0.82826 0.33247
0.82827 0.28584
0.82827 0.33564
0.82828 0.31833
0.82828 0.31174
0.82829 0.31391
0.82829 0.33212
0.82830 0.40169
0.82830 0.36944
0.82831 0.29839
0.82831 0.29922
0.82832 0.32508
0.82832 0.30700
0.82833 0.31299
0.82833 0.35987
0.82834 0.36213
0.82834 0.30774
0.82835 0.34609
0.82835 0.28165
0.82836 0.30282
0.82836 0.33710
0.82837 0.33153
0.82837 0.37059
0.82838 0.34415
0.82838 0.28647
0.82839 0.30375
0.82839 0.33615
0.82840 0.31587
0.82840 0.30786
0.82841 0.34016
0.82841 0.31361
0.82842 0.30602
0.82842 0.33057
0.82843 0.30946
0.82843 0.31083
0.82844 0.33370
0.82844 0.28988
0.82845 0.32429
0.82845 0.35763
0.82846 0.28148
0.82846 0.33917
0.82847 0.36215
0.82847 0.33338
0.82848 0.30836
0.82848 0.25070
0.82849 0.25984
0.82849 0.29085
0.82850 0.32513
0.82850 0.35848
0.82851 0.28941
0.82851 0.32717
0.82852 0.32671
0.82852 0.27954
0.82853 0.34471
0.82853 0.30903
0.82854 0.30491
0.82854 0.29003
0.82855 0.28138
0.82855 0.35465
0.82856 0.34972
0.82856 0.32644
0.82857 0.26588
0.82857 0.30712
0.82858 0.32032
0.82858 0.35233
0.82859 0.41711
0.82859 0.31366
0.82860 0.35367
0.82860 0.39891
0.82861 0.32831
0.82861 0.26949
0.82862 0.30449
0.82862 0.35309
0.82863 0.28172
0.82863 0.27762
0.82864 0.28974
0.82864 0.35363
0.82865 0.41848
0.82865 0.32808
0.82866 0.31177
0.82866 0.32584
0.82867 0.28926
0.82867 0.28735
0.82868 0.37880
0.82868 0.38758
0.82869 0.30703
0.82869 0.31467
0.82870 0.27038
0.82870 0.37933
0.82871 0.42018
0.82871 0.27119
0.82872 0.28866
0.82872 0.29856
0.82873 0.35367
0.82873 0.37044
0.82874 0.25617
0.82874 0.33402
0.82875 0.35621
0.82875 0.31230
0.82876 0.32064
0.82876 0.37716
0.82877 0.32271
0.82877 0.25459
0.82878 0.29012
0.82878 0.23597
0.82879 0.31552
0.82879 0.37309
0.82880 0.23890
0.82880 0.21914
0.82881 0.28927
0.82881 0.29265
0.82882 0.31115
0.82882 0.33774
0.82883 0.35684
0.82883 0.29288
0.82884 0.29631
0.82884 0.32817
0.82885 0.35982
0.82885 0.37112
0.82886 0.36009
0.82886 0.22249
0.82887 0.25397
0.82887 0.35608
0.82888 0.23444
0.82888 0.30907
0.82889 0.32620
0.82889 0.31401
0.82890 0.38964
0.82890 0.37698
0.82891 0.37157
0.82891 0.33354
0.82892 0.33547
0.82892 0.30687
0.82893 0.27961
0.82893 0.34230
0.82894 0.36104
0.82894 0.35212
0.82895 0.32454
0.82895 0.28206
0.82896 0.26400
0.82896 0.34932
0.82897 0.39800
0.82897 0.31434
0.82898 0.33206
0.82898 0.39000
0.82899 0.31547
0.82899 0.36013
0.82900 0.33784
0.82900 0.29742
0.82901 0.34258
0.82901 0.34535
0.82902 0.29643
0.82902 0.31114
0.82903 0.35463
0.82903 0.33882
0.82904 0.30640
0.82904 0.31581
0.82905 0.37508
0.82905 0.31918
0.82906 0.27620
0.82906 0.29453
0.82907 0.29687
0.82907 0.33628
0.82908 0.41326
0.82908 0.42871
0.82909 0.39061
0.82909 0.34460
0.82910 0.32720
0.82910 0.35570
0.82911 0.36674
0.82911 0.33326
0.82912 0.37291
0.82912 0.34568
0.82913 0.28136
0.82913 0.31054
0.82914 0.36127
0.82914 0.36714
0.82915 0.35614
0.82915 0.38517
0.82916 0.37132
0.82916 0.33681
0.82917 0.31722
0.82917 0.35559
0.82918 0.34650
0.82918 0.26569
0.82919 0.30336
0.82919 0.30034
0.82920 0.39831
0.82920 0.40177
0.82921 0.27635
0.82921 0.36039
0.82922 0.31337
0.82922 0.33606
0.82923 0.33409
0.82923 0.34607
0.82924 0.44339
0.82924 0.30705
0.82925 0.34980
0.82925 0.29227
0.82926 0.25975
0.82926 0.40699
0.82927 0.35475
0.82927 0.35811
0.82928 0.33506
0.82928 0.37479
0.82929 0.35924
0.82929 0.34532
0.82930 0.37481
0.82930 0.33625
0.82931 0.37036
0.82931 0.32736
0.82932 0.34577
0.82932 0.36046
0.82933 0.31313
0.82933 0.27631
0.82934 0.32836
0.82934 0.33261
0.82935 0.31230
0.82935 0.31429
0.82936 0.34839
0.82936 0.35241
0.82937 0.30101
0.82937 0.27727
0.82938 0.29528
0.82938 0.35969
0.82939 0.28807
0.82939 0.31164
0.82940 0.35809
0.82940 0.36590
0.82941 0.38480
0.82941 0.30454
0.82942 0.29210
0.82942 0.32347
0.82943 0.36485
0.82943 0.36355
0.82944 0.36996
0.82944 0.40059
0.82945 0.30464
0.82945 0.30957
0.82946 0.30485
0.82946 0.27075
0.82947 0.35332
0.82947 0.35004
0.82948 0.32530
0.82948 0.32305
0.82949 0.34027
0.82949 0.39120
0.82950 0.32063
0.82950 0.33255
0.82951 0.34499
0.82951 0.30942
0.82952 0.29676
0.82952 0.23231
0.82953 0.33765
0.82953 0.41199
0.82954 0.28964
0.82954 0.36707
0.82955 0.39465
0.82955 0.26576
0.82956 0.23614
0.82956 0.29013
0.82957 0.33669
0.82957 0.31550
0.82958 0.37300
0.82958 0.39568
0.82959 0.39843
0.82959 0.33743
0.82960 0.27276
0.82960 0.35882
0.82961 0.33515
0.82961 0.35419
0.82962 0.35947
0.82962 0.37017
0.82963 0.35947
0.82963 0.31345
0.82964 0.35801
0.82964 0.30486
0.82965 0.43365
0.82965 0.36633
0.82966 0.30864
0.82966 0.40248
0.82967 0.37186
0.82967 0.32731
0.82968 0.30772
0.82968 0.37897
0.82969 0.35657
0.82969 0.31766
0.82970 0.33789
0.82970 0.30393
0.82971 0.36620
0.82971 0.36698
0.82972 0.31476
0.82972 0.35696
0.82973 0.32883
0.82973 0.31295
0.82974 0.32888
0.82974 0.34966
0.82975 0.34315
0.82975 0.36534
0.82976 0.34674
0.82976 0.29730
0.82977 0.25844
0.82977 0.34136
0.82978 0.35409
0.82978 0.33109
0.82979 0.34522
0.82979 0.31656
0.82980 0.37184
0.82980 0.30444
0.82981 0.31666
0.82981 0.37427
0.82982 0.36257
0.82982 0.38986
0.82983 0.32588
0.82983 0.34124
0.82984 0.33929
0.82984 0.33361
0.82985 0.36336
0.82985 0.30057
0.82986 0.30333
0.82986 0.29725
0.82987 0.41554
0.82987 0.48207
0.82988 0.37711
0.82988 0.36141
0.82989 0.22730
0.82989 0.28571
0.82990 0.36388
0.82990 0.28241
0.82991 0.34896
0.82991 0.33842
0.82992 0.28252
0.82992 0.27673
0.82993 0.32097
0.82993 0.34449
0.82994 0.29409
0.82994 0.31954
0.82995 0.28090
0.82995 0.29432
0.82996 0.36359
0.82996 0.33939
0.82997 0.28184
0.82997 0.30884
0.82998 0.40021
0.82998 0.26492
0.82999 0.29577
0.82999 0.39625
0.83000 0.34921
0.83000 0.33056
0.83001 0.26527
0.83001 0.35191
0.83002 0.36001
0.83002 0.38763
0.83003 0.33868
0.83003 0.21505
0.83004 0.31819
0.83004 0.35048
0.83005 0.36777
0.83005 0.34240
0.83006 0.37522
0.83006 0.28497
0.83007 0.27236
0.83007 0.34381
0.83008 0.29654
0.83008 0.37837
0.83009 0.30797
0.83009 0.30580
0.83010 0.32461
0.83010 0.30922
0.83011 0.34045
0.83011 0.28134
0.83012 0.40016
0.83012 0.37471
0.83013 0.30336
0.83013 0.28849
0.83014 0.33449
0.83014 0.37662
0.83015 0.34263
0.83015 0.37597
0.83016 0.33969
0.83016 0.32085
0.83017 0.28215
0.83017 0.34542
0.83018 0.36385
0.83018 0.29756
0.83019 0.29272
0.83019 0.36601
0.83020 0.42292
0.83020 0.32462
0.83021 0.30105
0.83021 0.36561
0.83022 0.26162
0.83022 0.26763
0.83023 0.36851
0.83023 0.35819
0.83024 0.36583
0.83024 0.38553
0.83025 0.33267
0.83025 0.21171
0.83026 0.29921
0.83026 0.35595
0.83027 0.35091
0.83027 0.38057
0.83028 0.32615
0.83028 0.37547
0.83029 0.33309
0.83029 0.26490
0.83030 0.33030
0.83030 0.33291
0.83031 0.35393
0.83031 0.39512
0.83032 0.27057
0.83032 0.31331
0.83033 0.34540
0.83033 0.26930
0.83034 0.34285
0.83034 0.36075
0.83035 0.35143
0.83035 0.31722
0.83036 0.34681
0.83036 0.34321
0.83037 0.31161
0.83037 0.35057
0.83038 0.31061
0.83038 0.25906
0.83039 0.32522
0.83039 0.36638
0.83040 0.28380
0.83040 0.30982
0.83041 0.31431
0.83041 0.31045
0.83042 0.38273
0.83042 0.37740
0.83043 0.36946
0.83043 0.38288
0.83044 0.31558
0.83044 0.26845
0.83045 0.33673
0.83045 0.40045
0.83046 0.41269
0.83046 0.32088
0.83047 0.36654
0.83047 0.36523
0.83048 0.33434
0.83048 0.39745
0.83049 0.29408
0.83049 0.26782
0.83050 0.26681
0.83050 0.24935
0.83051 0.36685
0.83051 0.33749
0.83052 0.29554
0.83052 0.33330
0.83053 0.32264
0.83053 0.40605
0.83054 0.34708
0.83054 0.24968
0.83055 0.32657
0.83055 0.27804
0.83056 0.32642
0.83056 0.35677
0.83057 0.27261
0.83057 0.31048
0.83058 0.32052
0.83058 0.29397
0.83059 0.34060
0.83059 0.37899
0.83060 0.27136
0.83060 0.33791
0.83061 0.37995
0.83061 0.33485
0.83062 0.43642
0.83062 0.30347
0.83063 0.32542
0.83063 0.37707
0.83064 0.33611
0.83064 0.30273
0.83065 0.23632
0.83065 0.29234
0.83066 0.29937
0.83066 0.29288
0.83067 0.25288
0.83067 0.32525
0.83068 0.32198
0.83068 0.36645
0.83069 0.38067
0.83069 0.33241
0.83070 0.39411
0.83070 0.32296
0.83071 0.29980
0.83071 0.33571
0.83072 0.27654
0.83072 0.29593
0.83073 0.29734
0.83073 0.35312
0.83074 0.38053
0.83074 0.33896
0.83075 0.32695
0.83075 0.31098
0.83076 0.37391
0.83076 0.30477
0.83077 0.32401
0.83077 0.43832
0.83078 0.38644
0.83078 0.32550
0.83079 0.33165
0.83079 0.33803
0.83080 0.30039
0.83080 0.29981
0.83081 0.30375
0.83081 0.29168
0.83082 0.31660
0.83082 0.31175
0.83083 0.32847
0.83083 0.33332
0.83084 0.33870
0.83084 0.40543
0.83085 0.36964
0.83085 0.33210
0.83086 0.32326
0.83086 0.36054
0.83087 0.41149
0.83087 0.31853
0.83088 0.33870
0.83088 0.29467
0.83089 0.30160
0.83089 0.39453
0.83090 0.25979
0.83090 0.25682
0.83091 0.36855
0.83091 0.34559
0.83092 0.32884
0.83092 0.34301
0.83093 0.37128
0.83093 0.28136
0.83094 0.26272
0.83094 0.26852
0.83095 0.35420
0.83095 0.38895
0.83096 0.32018
0.83096 0.34523
0.83097 0.29047
0.83097 0.28717
0.83098 0.31187
0.83098 0.32633
0.83099 0.34231
0.83099 0.29191
0.83100 0.30248
0.83100 0.32047
0.83101 0.31395
0.83101 0.33682
0.83102 0.36755
0.83102 0.35873
0.83103 0.29606
0.83103 0.29106
0.83104 0.22407
0.83104 0.31749
0.83105 0.38643
0.83105 0.33495
0.83106 0.36895
0.83106 0.32437
0.83107 0.27437
0.83107 0.34428
0.83108 0.30171
0.83108 0.32495
0.83109 0.37180
0.83109 0.32499
0.83110 0.35777
0.83110 0.32523
0.83111 0.36244
0.83111 0.35494
0.83112 0.31772
0.83112 0.28605
0.83113 0.27499
0.83113 0.34483
0.83114 0.35359
0.83114 0.33308
0.83115 0.29735
0.83115 0.41453
0.83116 0.35660
0.83116 0.28861
0.83117 0.37740
0.83117 0.27548
0.83118 0.39103
0.83118 0.36098
0.83119 0.29821
0.83119 0.43018
0.83120 0.33265
0.83120 0.27627
0.83121 0.27863
0.83121 0.31107
0.83122 0.27357
0.83122 0.30969
0.83123 0.33126
0.83123 0.29267
0.83124 0.37380
0.83124 0.32395
0.83125 0.29116
0.83125 0.32964
0.83126 0.31700
0.83126 0.26720
0.83127 0.29717
0.83127 0.40361
0.83128 0.36945
0.83128 0.34832
0.83129 0.33367
0.83129 0.30249
0.83130 0.35027
0.83130 0.32093
0.83131 0.39873
0.83131 0.36267
0.83132 0.34077
0.83132 0.39804
0.83133 0.29724
0.83133 0.34855
0.83134 0.36259
0.83134 0.31833
0.83135 0.32437
0.83135 0.32141
0.83136 0.33683
0.83136 0.35329
0.83137 0.35402
0.83137 0.32883
0.83138 0.31016
0.83138 0.32486
0.83139 0.28776
0.83139 0.28680
0.83140 0.31725
0.83140 0.30882
0.83141 0.27583
0.83141 0.29564
0.83142 0.36352
0.83142 0.31339
0.83143 0.31886
0.83143 0.31188
0.83144 0.29401
0.83144 0.32634
0.83145 0.30499
0.83145 0.30140
0.83146 0.33519
0.83146 0.37459
0.83147 0.36828
0.83147 0.33417
0.83148 0.32286
0.83148 0.28161
0.83149 0.28608
0.83149 0.31025
0.83150 0.29844
0.83150 0.39302
0.83151 0.32990
0.83151 0.28808
0.83152 0.37384
0.83152 0.33014
0.83153 0.32637
0.83153 0.29298
0.83154 0.27196
0.83154 0.32037
0.83155 0.31048
0.83155 0.29337
0.83156 0.31057
0.83156 0.37023
0.83157 0.36189
0.83157 0.32602
0.83158 0.42063
0.83158 0.40251
0.83159 0.30183
0.83159 0.29921
0.83160 0.29830
0.83160 0.26860
0.83161 0.26622
0.83161 0.33090
0.83162 0.33969
0.83162 0.31463
0.83163 0.33462
0.83163 0.34577
0.83164 0.36490
0.83164 0.37905
0.83165 0.38660
0.83165 0.31274
0.83166 0.29138
0.83166 0.34771
0.83167 0.28555
0.83167 0.32039
0.83168 0.36730
0.83168 0.34334
0.83169 0.27330
0.83169 0.33318
0.83170 0.34669
0.83170 0.30310
0.83171 0.34725
0.83171 0.29146
0.83172 0.33964
0.83172 0.32029
0.83173 0.32616
0.83173 0.37446
0.83174 0.34599
0.83174 0.34120
0.83175 0.30715
0.83175 0.32334
0.83176 0.31146
0.83176 0.29823
0.83177 0.31569
0.83177 0.31244
0.83178 0.31308
0.83178 0.32210
0.83179 0.34150
0.83179 0.33130
0.83180 0.31203
0.83180 0.35088
0.83181 0.37071
0.83181 0.32173
0.83182 0.28883
0.83182 0.31321
0.83183 0.32818
0.83183 0.39208
0.83184 0.37385
0.83184 0.30725
0.83185 0.32992
0.83185 0.36099
0.83186 0.35477
0.83186 0.28005
0.83187 0.32880
0.83187 0.30604
0.83188 0.26653
0.83188 0.44309
0.83189 0.41109
0.83189 0.24172
0.83190 0.36450
0.83190 0.43045
0.83191 0.30683
0.83191 0.27479
0.83192 0.34624
0.83192 0.29517
0.83193 0.23019
0.83193 0.35448
0.83194 0.37220
0.83194 0.28056
0.83195 0.26613
0.83195 0.31257
0.83196 0.21308
0.83196 0.26199
0.83197 0.39086
0.83197 0.31531
0.83198 0.27104
0.83198 0.34292
0.83199 0.37693
0.83199 0.31351
0.83200 0.38687
0.83200 0.31988
0.83201 0.30282
0.83201 0.33734
0.83202 0.31202
0.83202 0.34527
0.83203 0.29450
0.83203 0.32302
0.83204 0.32003
0.83204 0.30742
0.83205 0.34058
0.83205 0.31611
0.83206 0.31088
0.83206 0.29848
0.83207 0.31169
0.83207 0.32780
0.83208 0.36543
0.83208 0.33277
0.83209 0.29544
0.83209 0.37852
0.83210 0.41934
0.83210 0.40016
0.83211 0.34880
0.83211 0.36074
0.83212 0.36450
0.83212 0.34105
0.83213 0.29562
0.83213 0.28799
0.83214 0.31432
0.83214 0.30940
0.83215 0.31636
0.83215 0.33974
0.83216 0.30915
0.83216 0.34556
0.83217 0.36919
0.83217 0.31902
0.83218 0.39307
0.83218 0.29500
0.83219 0.25171
0.83219 0.32724
0.83220 0.27588
0.83220 0.31890
0.83221 0.31177
0.83221 0.35857
0.83222 0.31980
0.83222 0.29317
0.83223 0.37993
0.83223 0.39965
0.83224 0.41140
0.83224 0.34689
0.83225 0.37532
0.83225 0.37731
0.83226 0.31421
0.83226 0.24086
0.83227 0.26572
0.83227 0.34360
0.83228 0.37482
0.83228 0.41868
0.83229 0.32550
0.83229 0.35958
0.83230 0.38598
0.83230 0.36360
0.83231 0.44916
0.83231 0.33242
0.83232 0.28428
0.83232 0.33216
0.83233 0.29812
0.83233 0.31707
0.83234 0.29836
0.83234 0.33927
0.83235 0.32098
0.83235 0.23486
0.83236 0.28504
0.83236 0.28466
0.83237 0.34429
0.83237 0.37913
0.83238 0.30709
0.83238 0.31939
0.83239 0.28813
0.83239 0.26885
0.83240 0.34641
0.83240 0.31770
0.83241 0.31926
0.83241 0.32164
0.83242 0.30369
0.83242 0.32240
0.83243 0.32458
0.83243 0.37509
0.83244 0.34883
0.83244 0.32515
0.83245 0.38427
0.83245 0.30480
0.83246 0.28210
0.83246 0.35302
0.83247 0.31573
0.83247 0.32222
0.83248 0.31726
0.83248 0.35371
0.83249 0.31009
0.83249 0.26465
0.83250 0.30581
0.83250 0.34055
0.83251 0.34903
0.83251 0.33922
0.83252 0.33450
0.83252 0.33817
0.83253 0.34080
0.83253 0.37189
0.83254 0.33374
0.83254 0.27788
0.83255 0.34036
0.83255 0.33884
0.83256 0.36013
0.83256 0.38393
0.83257 0.33961
0.83257 0.33793
0.83258 0.30119
0.83258 0.29768
0.83259 0.33218
0.83259 0.34992
0.83260 0.36581
0.83260 0.28931
0.83261 0.34625
0.83261 0.30743
0.83262 0.32248
0.83262 0.36724
0.83263 0.30855
0.83263 0.33454
0.83264 0.31402
0.83264 0.37125
0.83265 0.39676
0.83265 0.30139
0.83266 0.33386
0.83266 0.35135
0.83267 0.37597
0.83267 0.30592
0.83268 0.24175
0.83268 0.40427
0.83269 0.30329
0.83269 0.26674
0.83270 0.34374
0.83270 0.31675
0.83271 0.33188
0.83271 0.35333
0.83272 0.31210
0.83272 0.33598
0.83273 0.33871
0.83273 0.30426
0.83274 0.31404
0.83274 0.33061
0.83275 0.35063
0.83275 0.32100
0.83276 0.33752
0.83276 0.34465
0.83277 0.40623
0.83277 0.38979
0.83278 0.35199
0.83278 0.35531
0.83279 0.27719
0.83279 0.34603
0.83280 0.38389
0.83280 0.35657
0.83281 0.37576
0.83281 0.28857
0.83282 0.31414
0.83282 0.39515
0.83283 0.33490
0.83283 0.34756
0.83284 0.34001
0.83284 0.33191
0.83285 0.38014
0.83285 0.41577
0.83286 0.33192
0.83286 0.31415
0.83287 0.36731
0.83287 0.31906
0.83288 0.29835
0.83288 0.29964
0.83289 0.33679
0.83289 0.37048
0.83290 0.33372
0.83290 0.28182
0.83291 0.34055
0.83291 0.33397
0.83292 0.37672
0.83292 0.36763
0.83293 0.38567
0.83293 0.41277
0.83294 0.30960
0.83294 0.32711
0.83295 0.31808
0.83295 0.39816
0.83296 0.38319
0.83296 0.27367
0.83297 0.31599
0.83297 0.31452
0.83298 0.38082
0.83298 0.33350
0.83299 0.28156
0.83299 0.37239
0.83300 0.32468
0.83300 0.35033
0.83301 0.34277
0.83301 0.32880
0.83302 0.35717
0.83302 0.31510
0.83303 0.34887
0.83303 0.40361
0.83304 0.39428
0.83304 0.36976
0.83305 0.41626
0.83305 0.35856
0.83306 0.34069
0.83306 0.33328
0.83307 0.32208
0.83307 0.33818
0.83308 0.34625
0.83308 0.32154
0.83309 0.26774
0.83309 0.32243
0.83310 0.27794
0.83310 0.38874
0.83311 0.40182
0.83311 0.31470
0.83312 0.35525
0.83312 0.33187
0.83313 0.31154
0.83313 0.36714
0.83314 0.31096
0.83314 0.30867
0.83315 0.38768
0.83315 0.33465
0.83316 0.40510
0.83316 0.36097
0.83317 0.38987
0.83317 0.39794
0.83318 0.31352
0.83318 0.43624
0.83319 0.35257
0.83319 0.27239
0.83320 0.39839
0.83320 0.37847
0.83321 0.38683
0.83321 0.35621
0.83322 0.38221
0.83322 0.32554
0.83323 0.27264
0.83323 0.41125
0.83324 0.32890
0.83324 0.35419
0.83325 0.35887
0.83325 0.31903
0.83326 0.35928
0.83326 0.34799
0.83327 0.41101
0.83327 0.36937
0.83328 0.31644
0.83328 0.33576
0.83329 0.25743
0.83329 0.28674
0.83330 0.36327
0.83330 0.36393
0.83331 0.35296
0.83331 0.29988
0.83332 0.31248
0.83332 0.33353
0.83333 0.39636
0.83333 0.39906
0.83334 0.26187
0.83334 0.32394
0.83335 0.34141
0.83335 0.33903
0.83336 0.37156
0.83336 0.29518
0.83337 0.41674
0.83337 0.40074
0.83338 0.35246
0.83338 0.35029
0.83339 0.33310
0.83339 0.42022
0.83340 0.37327
0.83340 0.35077
0.83341 0.35034
0.83341 0.35430
0.83342 0.43511
0.83342 0.40472
0.83343 0.39565
0.83343 0.43690
0.83344 0.33268
0.83344 0.31572
0.83345 0.30552
0.83345 0.29894
0.83346 0.38897
0.83346 0.35817
0.83347 0.32958
0.83347 0.31339
0.83348 0.32040
0.83348 0.34003
0.83349 0.30654
0.83349 0.36163
0.83350 0.37799
0.83350 0.38062
0.83351 0.39251
0.83351 0.36135
0.83352 0.35008
0.83352 0.34046
0.83353 0.35496
0.83353 0.36126
0.83354 0.45536
0.83354 0.36460
0.83355 0.35415
0.83355 0.43617
0.83356 0.31328
0.83356 0.31020
0.83357 0.36923
0.83357 0.33918
0.83358 0.29627
0.83358 0.26518
0.83359 0.28773
0.83359 0.33636
0.83360 0.30560
0.83360 0.35650
0.83361 0.35569
0.83361 0.34677
0.83362 0.36302
0.83362 0.27876
0.83363 0.33471
0.83363 0.35596
0.83364 0.33921
0.83364 0.33267
0.83365 0.30408
0.83365 0.36280
0.83366 0.35069
0.83366 0.36149
0.83367 0.36051
0.83367 0.37873
0.83368 0.34881
0.83368 0.33002
0.83369 0.37922
0.83369 0.37349
0.83370 0.34933
0.83370 0.33734
0.83371 0.32970
0.83371 0.34021
0.83372 0.36727
0.83372 0.33871
0.83373 0.30036
0.83373 0.34455
0.83374 0.34465
0.83374 0.35679
0.83375 0.29024
0.83375 0.27463
0.83376 0.33231
0.83376 0.30056
0.83377 0.40087
0.83377 0.36597
0.83378 0.33363
0.83378 0.33402
0.83379 0.34738
0.83379 0.36201
0.83380 0.33249
0.83380 0.38504
0.83381 0.33460
0.83381 0.34919
0.83382 0.33108
0.83382 0.36615
0.83383 0.42952
0.83383 0.31535
0.83384 0.35034
0.83384 0.36356
0.83385 0.32685
0.83385 0.34181
0.83386 0.36735
0.83386 0.37244
0.83387 0.34898
0.83387 0.27598
0.83388 0.24574
0.83388 0.30363
0.83389 0.43741
0.83389 0.38545
0.83390 0.39179
0.83390 0.43288
0.83391 0.35132
0.83391 0.32314
0.83392 0.31633
0.83392 0.37627
0.83393 0.36316
0.83393 0.36672
0.83394 0.30818
0.83394 0.22776
0.83395 0.25570
0.83395 0.36271
0.83396 0.36243
0.83396 0.33562
0.83397 0.37345
0.83397 0.31372
0.83398 0.32768
0.83398 0.38126
0.83399 0.36526
0.83399 0.36081
0.83400 0.30648
0.83400 0.38428
0.83401 0.35254
0.83401 0.28576
0.83402 0.35704
0.83402 0.37522
0.83403 0.33197
0.83403 0.30727
0.83404 0.34721
0.83404 0.37463
0.83405 0.34037
0.83405 0.29050
0.83406 0.36801
0.83406 0.34209
0.83407 0.37775
0.83407 0.45084
0.83408 0.37534
0.83408 0.37682
0.83409 0.35517
0.83409 0.40990
0.83410 0.40219
0.83410 0.28823
0.83411 0.30114
0.83411 0.32401
0.83412 0.36501
0.83412 0.33513
0.83413 0.34339
0.83413 0.35842
0.83414 0.29188
0.83414 0.38514
0.83415 0.35634
0.83415 0.33966
0.83416 0.37387
0.83416 0.31696
0.83417 0.32581
0.83417 0.32023
0.83418 0.32484
0.83418 0.31450
0.83419 0.37113
0.83419 0.29618
0.83420 0.29712
0.83420 0.36498
0.83421 0.37364
0.83421 0.42128
0.83422 0.34690
0.83422 0.30303
0.83423 0.27016
0.83423 0.29773
0.83424 0.41582
0.83424 0.43852
0.83425 0.36198
0.83425 0.30690
0.83426 0.31377
0.83426 0.37199
0.83427 0.40439
0.83427 0.34934
0.83428 0.34852
0.83428 0.35711
0.83429 0.30064
0.83429 0.31523
0.83430 0.32291
0.83430 0.32963
0.83431 0.38220
0.83431 0.38317
0.83432 0.33898
0.83432 0.30566
0.83433 0.31881
0.83433 0.37517
0.83434 0.39900
0.83434 0.38026
0.83435 0.36866
0.83435 0.35431
0.83436 0.33042
0.83436 0.30289
0.83437 0.39125
0.83437 0.35750
0.83438 0.32934
0.83438 0.43061
0.83439 0.31621
0.83439 0.29455
0.83440 0.40395
0.83440 0.37183
0.83441 0.37393
0.83441 0.32593
0.83442 0.34351
0.83442 0.35157
0.83443 0.32396
0.83443 0.42178
0.83444 0.37402
0.83444 0.38580
0.83445 0.35758
0.83445 0.31063
0.83446 0.32343
0.83446 0.36843
0.83447 0.40025
0.83447 0.35877
0.83448 0.42364
0.83448 0.34632
0.83449 0.30155
0.83449 0.32215
0.83450 0.31358
0.83450 0.35759
0.83451 0.40613
0.83451 0.37239
0.83452 0.35779
0.83452 0.38350
0.83453 0.34803
0.83453 0.33903
0.83454 0.35663
0.83454 0.35891
0.83455 0.40207
0.83455 0.35615
0.83456 0.29463
0.83456 0.35798
0.83457 0.38436
0.83457 0.43176
0.83458 0.37297
0.83458 0.33884
0.83459 0.39237
0.83459 0.32315
0.83460 0.26280
0.83460 0.30923
0.83461 0.33099
0.83461 0.37581
0.83462 0.40556
0.83462 0.30649
0.83463 0.31093
0.83463 0.39801
0.83464 0.39300
0.83464 0.34157
0.83465 0.36936
0.83465 0.37640
0.83466 0.36798
0.83466 0.40219
0.83467 0.36658
0.83467 0.31719
0.83468 0.26726
0.83468 0.35588
0.83469 0.39803
0.83469 0.37501
0.83470 0.45516
0.83470 0.38169
0.83471 0.34072
0.83471 0.33990
0.83472 0.35478
0.83472 0.35059
0.83473 0.39219
0.83473 0.44089
0.83474 0.32937
0.83474 0.34163
0.83475 0.29726
0.83475 0.31386
0.83476 0.35791
0.83476 0.24075
0.83477 0.33686
0.83477 0.48767
0.83478 0.36356
0.83478 0.34385
0.83479 0.40077
0.83479 0.35690
0.83480 0.33380
0.83480 0.38063
0.83481 0.33877
0.83481 0.25676
0.83482 0.32149
0.83482 0.33724
0.83483 0.41851
0.83483 0.43904
0.83484 0.37117
0.83484 0.31996
0.83485 0.34677
0.83485 0.35838
0.83486 0.36919
0.83486 0.36863
0.83487 0.33591
0.83487 0.36314
0.83488 0.32605
0.83488 0.34254
0.83489 0.34968
0.83489 0.43099
0.83490 0.46585
0.83490 0.36316
0.83491 0.33626
0.83491 0.36544
0.83492 0.35248
0.83492 0.32331
0.83493 0.37836
0.83493 0.44253
0.83494 0.43593
0.83494 0.31139
0.83495 0.34274
0.83495 0.36571
0.83496 0.34431
0.83496 0.33856
0.83497 0.35544
0.83497 0.34578
0.83498 0.25600
0.83498 0.30405
0.83499 0.35318
0.83499 0.39328
0.83500 0.39181
0.83500 0.33305
0.83501 0.38652
0.83501 0.35949
0.83502 0.31352
0.83502 0.41798
0.83503 0.42890
0.83503 0.37747
0.83504 0.38931
0.83504 0.36937
0.83505 0.34876
0.83505 0.30241
0.83506 0.32364
0.83506 0.36033
0.83507 0.32021
0.83507 0.40841
0.83508 0.33993
0.83508 0.32623
0.83509 0.40160
0.83509 0.34579
0.83510 0.32381
0.83510 0.31501
0.83511 0.32855
0.83511 0.41512
0.83512 0.42412
0.83512 0.32531
0.83513 0.38410
0.83513 0.43356
0.83514 0.41297
0.83514 0.33870
0.83515 0.30906
0.83515 0.31746
0.83516 0.33870
0.83516 0.37976
0.83517 0.34712
0.83517 0.41941
0.83518 0.29403
0.83518 0.21698
0.83519 0.33134
0.83519 0.32033
0.83520 0.40832
0.83520 0.40700
0.83521 0.36201
0.83521 0.38718
0.83522 0.31680
0.83522 0.33108
0.83523 0.28129
0.83523 0.36262
0.83524 0.40378
0.83524 0.35855
0.83525 0.35404
0.83525 0.35083
0.83526 0.35783
0.83526 0.26389
0.83527 0.29400
0.83527 0.28725
0.83528 0.33559
0.83528 0.38863
0.83529 0.36216
0.83529 0.32959
0.83530 0.31453
0.83530 0.33967
0.83531 0.37561
0.83531 0.38846
0.83532 0.33225
0.83532 0.34745
0.83533 0.31167
0.83533 0.34566
0.83534 0.33666
0.83534 0.29054
0.83535 0.36435
0.83535 0.40130
0.83536 0.39452
0.83536 0.32182
0.83537 0.27731
0.83537 0.36845
0.83538 0.39698
0.83538 0.30751
0.83539 0.30559
0.83539 0.36116
0.83540 0.41195
0.83540 0.32666
0.83541 0.37947
0.83541 0.39221
0.83542 0.28402
0.83542 0.30461
0.83543 0.40069
0.83543 0.42118
0.83544 0.36327
0.83544 0.36723
0.83545 0.31752
0.83545 0.29752
0.83546 0.32526
0.83546 0.35804
0.83547 0.34429
0.83547 0.31393
0.83548 0.36532
0.83548 0.33755
0.83549 0.34310
0.83549 0.44889
0.83550 0.36670
0.83550 0.28280
0.83551 0.39633
0.83551 0.28753
0.83552 0.30589
0.83552 0.39414
0.83553 0.32426
0.83553 0.35512
0.83554 0.28129
0.83554 0.32520
0.83555 0.35643
0.83555 0.35916
0.83556 0.41596
0.83556 0.26015
0.83557 0.32852
0.83557 0.38632
0.83558 0.31401
0.83558 0.30623
0.83559 0.33104
0.83559 0.44470
0.83560 0.41429
0.83560 0.41558
0.83561 0.30930
0.83561 0.33741
0.83562 0.40358
0.83562 0.32273
0.83563 0.37426
0.83563 0.36042
0.83564 0.30923
0.83564 0.33522
0.83565 0.33269
0.83565 0.37980
0.83566 0.34209
0.83566 0.30413
0.83567 0.35518
0.83567 0.34346
0.83568 0.34273
0.83568 0.32477
0.83569 0.39926
0.83569 0.38288
0.83570 0.32668
0.83570 0.32438
0.83571 0.27424
0.83571 0.28821
0.83572 0.32879
0.83572 0.33346
0.83573 0.37953
0.83573 0.35859
0.83574 0.32686
0.83574 0.38071
0.83575 0.29356
0.83575 0.32236
0.83576 0.33691
0.83576 0.31405
0.83577 0.38277
0.83577 0.33304
0.83578 0.34398
0.83578 0.32080
0.83579 0.28414
0.83579 0.39201
0.83580 0.44138
0.83580 0.37410
0.83581 0.41750
0.83581 0.39732
0.83582 0.27075
0.83582 0.36748
0.83583 0.37207
0.83583 0.29839
0.83584 0.36538
0.83584 0.30944
0.83585 0.30043
0.83585 0.41145
0.83586 0.32460
0.83586 0.34799
0.83587 0.36144
0.83587 0.30865
0.83588 0.36767
0.83588 0.35625
0.83589 0.39719
0.83589 0.32960
0.83590 0.26276
0.83590 0.28958
0.83591 0.32291
0.83591 0.37182
0.83592 0.40597
0.83592 0.38066
0.83593 0.33994
0.83593 0.35085
0.83594 0.30358
0.83594 0.34605
0.83595 0.38605
0.83595 0.31726
0.83596 0.31663
0.83596 0.36178
0.83597 0.40557
0.83597 0.32771
0.83598 0.36553
0.83598 0.37679
0.83599 0.29446
0.83599 0.35820
0.83600 0.39197
0.83600 0.38874
0.83601 0.32146
0.83601 0.31425
0.83602 0.30115
0.83602 0.30712
0.83603 0.29069
0.83603 0.36588
0.83604 0.40545
0.83604 0.32592
0.83605 0.33703
0.83605 0.29859
0.83606 0.33669
0.83606 0.37092
0.83607 0.38329
0.83607 0.34951
0.83608 0.43454
0.83608 0.39188
0.83609 0.30943
0.83609 0.35662
0.83610 0.28906
0.83610 0.37042
0.83611 0.35319
0.83611 0.30678
0.83612 0.34409
0.83612 0.32091
0.83613 0.33627
0.83613 0.34964
0.83614 0.39193
0.83614 0.39305
0.83615 0.31943
0.83615 0.33854
0.83616 0.35475
0.83616 0.26705
0.83617 0.32382
0.83617 0.37509
0.83618 0.33239
0.83618 0.32438
0.83619 0.32178
0.83619 0.29965
0.83620 0.33818
0.83620 0.40953
0.83621 0.33391
0.83621 0.36618
0.83622 0.37104
0.83622 0.33258
0.83623 0.36861
0.83623 0.35320
0.83624 0.39695
0.83624 0.35276
0.83625 0.29981
0.83625 0.35091
0.83626 0.34011
0.83626 0.28558
0.83627 0.33810
0.83627 0.40627
0.83628 0.34912
0.83628 0.30716
0.83629 0.34289
0.83629 0.30598
0.83630 0.30705
0.83630 0.34448
0.83631 0.31842
0.83631 0.34860
0.83632 0.35403
0.83632 0.29740
0.83633 0.30442
0.83633 0.35515
0.83634 0.37128
0.83634 0.36936
0.83635 0.34537
0.83635 0.29573
0.83636 0.29528
0.83636 0.34752
0.83637 0.30980
0.83637 0.34458
0.83638 0.41552
0.83638 0.34899
0.83639 0.31250
0.83639 0.31854
0.83640 0.33946
0.83640 0.30618
0.83641 0.32667
0.83641 0.35914
0.83642 0.29920
0.83642 0.35711
0.83643 0.35148
0.83643 0.35691
0.83644 0.34227
0.83644 0.34549
0.83645 0.35020
0.83645 0.32442
0.83646 0.37007
0.83646 0.32254
0.83647 0.31280
0.83647 0.36276
0.83648 0.30752
0.83648 0.31368
0.83649 0.34148
0.83649 0.34184
0.83650 0.35111
0.83650 0.33522
0.83651 0.35914
0.83651 0.29341
0.83652 0.32837
0.83652 0.36007
0.83653 0.34919
0.83653 0.35810
0.83654 0.33108
0.83654 0.28912
0.83655 0.30455
0.83655 0.35428
0.83656 0.30573
0.83656 0.27518
0.83657 0.33916
0.83657 0.36318
0.83658 0.34647
0.83658 0.32905
0.83659 0.33693
0.83659 0.37443
0.83660 0.32178
0.83660 0.31521
0.83661 0.34405
0.83661 0.32532
0.83662 0.30836
0.83662 0.27201
0.83663 0.36020
0.83663 0.38719
0.83664 0.36313
0.83664 0.36693
0.83665 0.33169
0.83665 0.32159
0.83666 0.41738
0.83666 0.36537
0.83667 0.34065
0.83667 0.33047
0.83668 0.32828
0.83668 0.41945
0.83669 0.36349
0.83669 0.36953
0.83670 0.31104
0.83670 0.37542
0.83671 0.41266
0.83671 0.33565
0.83672 0.35923
0.83672 0.36017
0.83673 0.39399
0.83673 0.35824
0.83674 0.41786
0.83674 0.42376
0.83675 0.37701
0.83675 0.33779
0.83676 0.27806
0.83676 0.36362
0.83677 0.30625
0.83677 0.36749
0.83678 0.38248
0.83678 0.31438
0.83679 0.30729
0.83679 0.22667
0.83680 0.36470
0.83680 0.42328
0.83681 0.30683
0.83681 0.35253
0.83682 0.35584
0.83682 0.39266
0.83683 0.37068
0.83683 0.33913
0.83684 0.36858
0.83684 0.39526
0.83685 0.43074
0.83685 0.29455
0.83686 0.33718
0.83686 0.40172
0.83687 0.33570
0.83687 0.40586
0.83688 0.40119
0.83688 0.34724
0.83689 0.36946
0.83689 0.32556
0.83690 0.32217
0.83690 0.38377
0.83691 0.34521
0.83691 0.38260
0.83692 0.39781
0.83692 0.38355
0.83693 0.32617
0.83693 0.25953
0.83694 0.34378
0.83694 0.40294
0.83695 0.36456
0.83695 0.34344
0.83696 0.40624
0.83696 0.35251
0.83697 0.29045
0.83697 0.39014
0.83698 0.38288
0.83698 0.32326
0.83699 0.36991
0.83699 0.33782
0.83700 0.35770
0.83700 0.34857
0.83701 0.27888
0.83701 0.30787
0.83702 0.41225
0.83702 0.40040
0.83703 0.35318
0.83703 0.34748
0.83704 0.34573
0.83704 0.34837
0.83705 0.33789
0.83705 0.36588
0.83706 0.33984
0.83706 0.32281
0.83707 0.34945
0.83707 0.34453
0.83708 0.37765
0.83708 0.36211
0.83709 0.32052
0.83709 0.31197
0.83710 0.30215
0.83710 0.35379
0.83711 0.39912
0.83711 0.36100
0.83712 0.39181
0.83712 0.39986
0.83713 0.36325
0.83713 0.38662
0.83714 0.40191
0.83714 0.41945
0.83715 0.46477
0.83715 0.42965
0.83716 0.45849
0.83716 0.40181
0.83717 0.33852
0.83717 0.32933
0.83718 0.30076
0.83718 0.35274
0.83719 0.36015
0.83719 0.39579
0.83720 0.36505
0.83720 0.35285
0.83721 0.38116
0.83721 0.32144
0.83722 0.33677
0.83722 0.40231
0.83723 0.28173
0.83723 0.36284
0.83724 0.40708
0.83724 0.29176
0.83725 0.31986
0.83725 0.32830
0.83726 0.42417
0.83726 0.40701
0.83727 0.32367
0.83727 0.36154
0.83728 0.38427
0.83728 0.39744
0.83729 0.38005
0.83729 0.34934
0.83730 0.39787
0.83730 0.45096
0.83731 0.37440
0.83731 0.32839
0.83732 0.34631
0.83732 0.36496
0.83733 0.36099
0.83733 0.40033
0.83734 0.39556
0.83734 0.36695
0.83735 0.37218
0.83735 0.32411
0.83736 0.32802
0.83736 0.38026
0.83737 0.32011
0.83737 0.28712
0.83738 0.32771
0.83738 0.37803
0.83739 0.38364
0.83739 0.36565
0.83740 0.34918
0.83740 0.30565
0.83741 0.34291
0.83741 0.41087
0.83742 0.36097
0.83742 0.33698
0.83743 0.37080
0.83743 0.27383
0.83744 0.36456
0.83744 0.40932
0.83745 0.37969
0.83745 0.36675
0.83746 0.29081
0.83746 0.34202
0.83747 0.37717
0.83747 0.36069
0.83748 0.32938
0.83748 0.30103
0.83749 0.29562
0.83749 0.30209
0.83750 0.34344
0.83750 0.34499
0.83751 0.32876
0.83751 0.32262
0.83752 0.31427
0.83752 0.36333
0.83753 0.32202
0.83753 0.30491
0.83754 0.33917
0.83754 0.40038
0.83755 0.45778
0.83755 0.37845
0.83756 0.32064
0.83756 0.30950
0.83757 0.36866
0.83757 0.31388
0.83758 0.32731
0.83758 0.30467
0.83759 0.29268
0.83759 0.40239
0.83760 0.27880
0.83760 0.30497
0.83761 0.35580
0.83761 0.32760
0.83762 0.38946
0.83762 0.36246
0.83763 0.35932
0.83763 0.33016
0.83764 0.35265
0.83764 0.33521
0.83765 0.36098
0.83765 0.38489
0.83766 0.31450
0.83766 0.36382
0.83767 0.35351
0.83767 0.38087
0.83768 0.38040
0.83768 0.35985
0.83769 0.31026
0.83769 0.36711
0.83770 0.37005
0.83770 0.31516
0.83771 0.42363
0.83771 0.43756
0.83772 0.43262
0.83772 0.38156
0.83773 0.34716
0.83773 0.33293
0.83774 0.28538
0.83774 0.35079
0.83775 0.33158
0.83775 0.25771
0.83776 0.28690
0.83776 0.32350
0.83777 0.34995
0.83777 0.41239
0.83778 0.33399
0.83778 0.29590
0.83779 0.36933
0.83779 0.36780
0.83780 0.32200
0.83780 0.31769
0.83781 0.39031
0.83781 0.36685
0.83782 0.36151
0.83782 0.31729
0.83783 0.30705
0.83783 0.29875
0.83784 0.30646
0.83784 0.35852
0.83785 0.31867
0.83785 0.32002
0.83786 0.38121
0.83786 0.45056
0.83787 0.41096
0.83787 0.37364
0.83788 0.42033
0.83788 0.33696
0.83789 0.32380
0.83789 0.39205
0.83790 0.36262
0.83790 0.38101
0.83791 0.40425
0.83791 0.31893
0.83792 0.28000
0.83792 0.36145
0.83793 0.34711
0.83793 0.35808
0.83794 0.33646
0.83794 0.30937
0.83795 0.35720
0.83795 0.32698
0.83796 0.36928
0.83796 0.41316
0.83797 0.34136
0.83797 0.40025
0.83798 0.40354
0.83798 0.37157
0.83799 0.35822
0.83799 0.29372
0.83800 0.32414
0.83800 0.35839
0.83801 0.35135
0.83801 0.40330
0.83802 0.41570
0.83802 0.36492
0.83803 0.31686
0.83803 0.27736
0.83804 0.39802
0.83804 0.40193
0.83805 0.42569
0.83805 0.46191
0.83806 0.28226
0.83806 0.28402
0.83807 0.30982
0.83807 0.27804
0.83808 0.35127
0.83808 0.39498
0.83809 0.34192
0.83809 0.30874
0.83810 0.31775
0.83810 0.32904
0.83811 0.39117
0.83811 0.37841
0.83812 0.35829
0.83812 0.34786
0.83813 0.33327
0.83813 0.33565
0.83814 0.30804
0.83814 0.39415
0.83815 0.45800
0.83815 0.40573
0.83816 0.40591
0.83816 0.33276
0.83817 0.36788
0.83817 0.39126
0.83818 0.38741
0.83818 0.33769
0.83819 0.34959
0.83819 0.42130
0.83820 0.35204
0.83820 0.37358
0.83821 0.35447
0.83821 0.38560
0.83822 0.37264
0.83822 0.32594
0.83823 0.33990
0.83823 0.37446
0.83824 0.41627
0.83824 0.29768
0.83825 0.26838
0.83825 0.30032
0.83826 0.27631
0.83826 0.36279
0.83827 0.36391
0.83827 0.41132
0.83828 0.33863
0.83828 0.27402
0.83829 0.34069
0.83829 0.34005
0.83830 0.38959
0.83830 0.37030
0.83831 0.36123
0.83831 0.33697
0.83832 0.40737
0.83832 0.36067
0.83833 0.33279
0.83833 0.35984
0.83834 0.37139
0.83834 0.40169
0.83835 0.31300
0.83835 0.38242
0.83836 0.35441
0.83836 0.36451
0.83837 0.39955
0.83837 0.34445
0.83838 0.35580
0.83838 0.31924
0.83839 0.31650
0.83839 0.30991
0.83840 0.38319
0.83840 0.40876
0.83841 0.39625
0.83841 0.37648
0.83842 0.30711
0.83842 0.38075
0.83843 0.36242
0.83843 0.38165
0.83844 0.41620
0.83844 0.31373
0.83845 0.41301
0.83845 0.45480
0.83846 0.31950
0.83846 0.39812
0.83847 0.32824
0.83847 0.28470
0.83848 0.36390
0.83848 0.35782
0.83849 0.38250
0.83849 0.36703
0.83850 0.38290
0.83850 0.40515
0.83851 0.39961
0.83851 0.39664
0.83852 0.34842
0.83852 0.30813
0.83853 0.38434
0.83853 0.42663
0.83854 0.36123
0.83854 0.30852
0.83855 0.32189
0.83855 0.34308
0.83856 0.37122
0.83856 0.36278
0.83857 0.38344
0.83857 0.32699
0.83858 0.31099
0.83858 0.38403
0.83859 0.33504
0.83859 0.38726
0.83860 0.36443
0.83860 0.39816
0.83861 0.46681
0.83861 0.37705
0.83862 0.43482
0.83862 0.39746
0.83863 0.32913
0.83863 0.31505
0.83864 0.38267
0.83864 0.37217
0.83865 0.34558
0.83865 0.34792
0.83866 0.37850
0.83866 0.41848
0.83867 0.37751
0.83867 0.40656
0.83868 0.39722
0.83868 0.34042
0.83869 0.37113
0.83869 0.34007
0.83870 0.25911
0.83870 0.38960
0.83871 0.39966
0.83871 0.38822
0.83872 0.42491
0.83872 0.34152
0.83873 0.31859
0.83873 0.41340
0.83874 0.36696
0.83874 0.33658
0.83875 0.38346
0.83875 0.34254
0.83876 0.34414
0.83876 0.30666
0.83877 0.32890
0.83877 0.36930
0.83878 0.38215
0.83878 0.40444
0.83879 0.31146
0.83879 0.27358
0.83880 0.33780
0.83880 0.36261
0.83881 0.37073
0.83881 0.38030
0.83882 0.38828
0.83882 0.38855
0.83883 0.38483
0.83883 0.37222
0.83884 0.31211
0.83884 0.35000
0.83885 0.37095
0.83885 0.30367
0.83886 0.39323
0.83886 0.37234
0.83887 0.32050
0.83887 0.33841
0.83888 0.38309
0.83888 0.40728
0.83889 0.39866
0.83889 0.38849
0.83890 0.28599
0.83890 0.29647
0.83891 0.35467
0.83891 0.41414
0.83892 0.33254
0.83892 0.31487
0.83893 0.43214
0.83893 0.37579
0.83894 0.35692
0.83894 0.36995
0.83895 0.33451
0.83895 0.36624
0.83896 0.28938
0.83896 0.28111
0.83897 0.32255
0.83897 0.29180
0.83898 0.40063
0.83898 0.34455
0.83899 0.36502
0.83899 0.38426
0.83900 0.27852
0.83900 0.31474
0.83901 0.36291
0.83901 0.39648
0.83902 0.35283
0.83902 0.30624
0.83903 0.35252
0.83903 0.42677
0.83904 0.41995
0.83904 0.35394
0.83905 0.37426
0.83905 0.35497
0.83906 0.31421
0.83906 0.36919
0.83907 0.36138
0.83907 0.36383
0.83908 0.39624
0.83908 0.30955
0.83909 0.37414
0.83909 0.38955
0.83910 0.33923
0.83910 0.36351
0.83911 0.30968
0.83911 0.38593
0.83912 0.38782
0.83912 0.35563
0.83913 0.35127
0.83913 0.28519
0.83914 0.32406
0.83914 0.37710
0.83915 0.36931
0.83915 0.39480
0.83916 0.36511
0.83916 0.32782
0.83917 0.39519
0.83917 0.34466
0.83918 0.32142
0.83918 0.35949
0.83919 0.34745
0.83919 0.42919
0.83920 0.37005
0.83920 0.32683
0.83921 0.41258
0.83921 0.38318
0.83922 0.40282
0.83922 0.40202
0.83923 0.27750
0.83923 0.34613
0.83924 0.33012
0.83924 0.34882
0.83925 0.34505
0.83925 0.31161
0.83926 0.41791
0.83926 0.35105
0.83927 0.33079
0.83927 0.29454
0.83928 0.35853
0.83928 0.41299
0.83929 0.39053
0.83929 0.37129
0.83930 0.31386
0.83930 0.42067
0.83931 0.44442
0.83931 0.35934
0.83932 0.38275
0.83932 0.33832
0.83933 0.34020
0.83933 0.45914
0.83934 0.42985
0.83934 0.33990
0.83935 0.37565
0.83935 0.33851
0.83936 0.32250
0.83936 0.39121
0.83937 0.36840
0.83937 0.34467
0.83938 0.37116
0.83938 0.41440
0.83939 0.38173
0.83939 0.34663
0.83940 0.35964
0.83940 0.38878
0.83941 0.35754
0.83941 0.30880
0.83942 0.40221
0.83942 0.41232
0.83943 0.36019
0.83943 0.31769
0.83944 0.35421
0.83944 0.34435
0.83945 0.34192
0.83945 0.43715
0.83946 0.38755
0.83946 0.38086
0.83947 0.37335
0.83947 0.37613
0.83948 0.40329
0.83948 0.38736
0.83949 0.38173
0.83949 0.34189
0.83950 0.28210
0.83950 0.32825
0.83951 0.41855
0.83951 0.39734
0.83952 0.33075
0.83952 0.31710
0.83953 0.38340
0.83953 0.35226
0.83954 0.33229
0.83954 0.37268
0.83955 0.37836
0.83955 0.35881
0.83956 0.33101
0.83956 0.39390
0.83957 0.35662
0.83957 0.34975
0.83958 0.45851
0.83958 0.41136
0.83959 0.39582
0.83959 0.36765
0.83960 0.32441
0.83960 0.33972
0.83961 0.32781
0.83961 0.41941
0.83962 0.38531
0.83962 0.33915
0.83963 0.33265
0.83963 0.30173
0.83964 0.38448
0.83964 0.36927
0.83965 0.37452
0.83965 0.39216
0.83966 0.30822
0.83966 0.30822
0.83967 0.39138
0.83967 0.34062
0.83968 0.27892
0.83968 0.35032
0.83969 0.30351
0.83969 0.30543
0.83970 0.37527
0.83970 0.33286
0.83971 0.30300
0.83971 0.38890
0.83972 0.43564
0.83972 0.33538
0.83973 0.24962
0.83973 0.33964
0.83974 0.38094
0.83974 0.34172
0.83975 0.36873
0.83975 0.39444
0.83976 0.40118
0.83976 0.34965
0.83977 0.39111
0.83977 0.33412
0.83978 0.26475
0.83978 0.30387
0.83979 0.33580
0.83979 0.34383
0.83980 0.31475
0.83980 0.35369
0.83981 0.36638
0.83981 0.32303
0.83982 0.29946
0.83982 0.37536
0.83983 0.42200
0.83983 0.34130
0.83984 0.32327
0.83984 0.36166
0.83985 0.29029
0.83985 0.36686
0.83986 0.42826
0.83986 0.32875
0.83987 0.31336
0.83987 0.33161
0.83988 0.44894
0.83988 0.40337
0.83989 0.38895
0.83989 0.39824
0.83990 0.37164
0.83990 0.41181
0.83991 0.29017
0.83991 0.35696
0.83992 0.28466
0.83992 0.28139
0.83993 0.38142
0.83993 0.39225
0.83994 0.39473
0.83994 0.30925
0.83995 0.41336
0.83995 0.35436
0.83996 0.28754
0.83996 0.33766
0.83997 0.35296
0.83997 0.37151
0.83998 0.38823
0.83998 0.35379
0.83999 0.34498
0.83999 0.37008
0.84000 0.44556
0.84000 0.45850
0.84001 0.33603
0.84001 0.31902
0.84002 0.45030
0.84002 0.39228
0.84003 0.36863
0.84003 0.42997
0.84004 0.33615
0.84004 0.36279
0.84005 0.34840
0.84005 0.31384
0.84006 0.37714
0.84006 0.31791
0.84007 0.31665
0.84007 0.39045
0.84008 0.29965
0.84008 0.37214
0.84009 0.36879
0.84009 0.41095
0.84010 0.40077
0.84010 0.25803
0.84011 0.37851
0.84011 0.32926
0.84012 0.37552
0.84012 0.41742
0.84013 0.35526
0.84013 0.40863
0.84014 0.31612
0.84014 0.33306
0.84015 0.34947
0.84015 0.39909
0.84016 0.38333
0.84016 0.35617
0.84017 0.38309
0.84017 0.32235
0.84018 0.33571
0.84018 0.37064
0.84019 0.34587
0.84019 0.38144
0.84020 0.39797
0.84020 0.32377
0.84021 0.38419
0.84021 0.35862
0.84022 0.31889
0.84022 0.37455
0.84023 0.43081
0.84023 0.41042
0.84024 0.29453
0.84024 0.33183
0.84025 0.31009
0.84025 0.36001
0.84026 0.32963
0.84026 0.33060
0.84027 0.43866
0.84027 0.33812
0.84028 0.34970
0.84028 0.32682
0.84029 0.36848
0.84029 0.41521
0.84030 0.40226
0.84030 0.38752
0.84031 0.33871
0.84031 0.39717
0.84032 0.34931
0.84032 0.31665
0.84033 0.34548
0.84033 0.37969
0.84034 0.43701
0.84034 0.35800
0.84035 0.39297
0.84035 0.43539
0.84036 0.38933
0.84036 0.34274
0.84037 0.33662
0.84037 0.35507
0.84038 0.30249
0.84038 0.35143
0.84039 0.41830
0.84039 0.37167
0.84040 0.37633
0.84040 0.36673
0.84041 0.37646
0.84041 0.38765
0.84042 0.30612
0.84042 0.33529
0.84043 0.36641
0.84043 0.34515
0.84044 0.37305
0.84044 0.37927
0.84045 0.37916
0.84045 0.41168
0.84046 0.38917
0.84046 0.29224
0.84047 0.36130
0.84047 0.41595
0.84048 0.31592
0.84048 0.35847
0.84049 0.37467
0.84049 0.38793
0.84050 0.32450
0.84050 0.34523
0.84051 0.46520
0.84051 0.34955
0.84052 0.38816
0.84052 0.39841
0.84053 0.32068
0.84053 0.32453
0.84054 0.36165
0.84054 0.42436
0.84055 0.43591
0.84055 0.45070
0.84056 0.36253
0.84056 0.30391
0.84057 0.32946
0.84057 0.33235
0.84058 0.38428
0.84058 0.34025
0.84059 0.34065
0.84059 0.38058
0.84060 0.32506
0.84060 0.34705
0.84061 0.37388
0.84061 0.40094
0.84062 0.38548
0.84062 0.38211
0.84063 0.40125
0.84063 0.38397
0.84064 0.37094
0.84064 0.43432
0.84065 0.40586
0.84065 0.31241
0.84066 0.36093
0.84066 0.41338
0.84067 0.42294
0.84067 0.41819
0.84068 0.36032
0.84068 0.36286
0.84069 0.38790
0.84069 0.35607
0.84070 0.42810
0.84070 0.41502
0.84071 0.32021
0.84071 0.35952
0.84072 0.41989
0.84072 0.39426
0.84073 0.39315
0.84073 0.39153
0.84074 0.38032
0.84074 0.45378
0.84075 0.42096
0.84075 0.35503
0.84076 0.34302
0.84076 0.37415
0.84077 0.40663
0.84077 0.32947
0.84078 0.32719
0.84078 0.42004
0.84079 0.37693
0.84079 0.33551
0.84080 0.30344
0.84080 0.27003
0.84081 0.42232
0.84081 0.42869
0.84082 0.33943
0.84082 0.30904
0.84083 0.29807
0.84083 0.36206
0.84084 0.40284
0.84084 0.34650
0.84085 0.37252
0.84085 0.38134
0.84086 0.40622
0.84086 0.37453
0.84087 0.37240
0.84087 0.45834
0.84088 0.41349
0.84088 0.36426
0.84089 0.28621
0.84089 0.34245
0.84090 0.39423
0.84090 0.40487
0.84091 0.47162
0.84091 0.32565
0.84092 0.24942
0.84092 0.38422
0.84093 0.38842
0.84093 0.28839
0.84094 0.38173
0.84094 0.45111
0.84095 0.40015
0.84095 0.36757
0.84096 0.29352
0.84096 0.34430
0.84097 0.33952
0.84097 0.36941
0.84098 0.35682
0.84098 0.31266
0.84099 0.38084
0.84099 0.45990
0.84100 0.43354
0.84100 0.30689
0.84101 0.38131
0.84101 0.43078
0.84102 0.39472
0.84102 0.37310
0.84103 0.34906
0.84103 0.38484
0.84104 0.36607
0.84104 0.32326
0.84105 0.32084
0.84105 0.41681
0.84106 0.40773
0.84106 0.35067
0.84107 0.39458
0.84107 0.33463
0.84108 0.36250
0.84108 0.36932
0.84109 0.34539
0.84109 0.32012
0.84110 0.30456
0.84110 0.38013
0.84111 0.40876
0.84111 0.35825
0.84112 0.37399
0.84112 0.36982
0.84113 0.35509
0.84113 0.39116
0.84114 0.43881
0.84114 0.47129
0.84115 0.39187
0.84115 0.36552
0.84116 0.31753
0.84116 0.33630
0.84117 0.38336
0.84117 0.37254
0.84118 0.44866
0.84118 0.46141
0.84119 0.44121
0.84119 0.40334
0.84120 0.34807
0.84120 0.39928
0.84121 0.41676
0.84121 0.40339
0.84122 0.37460
0.84122 0.37079
0.84123 0.43466
0.84123 0.39058
0.84124 0.37163
0.84124 0.34445
0.84125 0.34370
0.84125 0.41914
0.84126 0.42596
0.84126 0.44839
0.84127 0.41678
0.84127 0.35957
0.84128 0.33109
0.84128 0.41325
0.84129 0.41466
0.84129 0.33303
0.84130 0.36511
0.84130 0.37032
0.84131 0.41646
0.84131 0.43465
0.84132 0.31573
0.84132 0.30133
0.84133 0.34867
0.84133 0.33172
0.84134 0.30862
0.84134 0.39275
0.84135 0.36210
0.84135 0.30032
0.84136 0.38323
0.84136 0.34688
0.84137 0.34308
0.84137 0.36956
0.84138 0.40400
0.84138 0.39666
0.84139 0.33242
0.84139 0.37951
0.84140 0.35969
0.84140 0.41301
0.84141 0.36254
0.84141 0.32528
0.84142 0.44947
0.84142 0.35352
0.84143 0.41794
0.84143 0.43679
0.84144 0.33487
0.84144 0.42990
0.84145 0.37561
0.84145 0.29859
0.84146 0.43175
0.84146 0.42646
0.84147 0.39372
0.84147 0.38320
0.84148 0.34227
0.84148 0.40969
0.84149 0.38715
0.84149 0.40152
0.84150 0.42557
0.84150 0.36265
0.84151 0.39302
0.84151 0.41230
0.84152 0.38400
0.84152 0.39152
0.84153 0.44616
0.84153 0.39757
0.84154 0.40034
0.84154 0.36033
0.84155 0.35435
0.84155 0.42672
0.84156 0.38053
0.84156 0.36687
0.84157 0.37410
0.84157 0.37054
0.84158 0.37974
0.84158 0.37213
0.84159 0.41894
0.84159 0.37561
0.84160 0.33329
0.84160 0.39205
0.84161 0.34644
0.84161 0.41995
0.84162 0.42041
0.84162 0.32629
0.84163 0.40087
0.84163 0.39082
0.84164 0.37595
0.84164 0.37977
0.84165 0.35087
0.84165 0.42559
0.84166 0.36084
0.84166 0.28868
0.84167 0.38670
0.84167 0.37346
0.84168 0.35344
0.84168 0.43964
0.84169 0.46130
0.84169 0.41481
0.84170 0.31555
0.84170 0.31532
0.84171 0.35525
0.84171 0.34373
0.84172 0.34056
0.84172 0.40851
0.84173 0.43168
0.84173 0.37313
0.84174 0.34548
0.84174 0.34698
0.84175 0.39961
0.84175 0.36248
0.84176 0.34562
0.84176 0.39677
0.84177 0.34361
0.84177 0.38747
0.84178 0.42379
0.84178 0.37560
0.84179 0.34996
0.84179 0.35490
0.84180 0.38549
0.84180 0.40740
0.84181 0.43162
0.84181 0.40818
0.84182 0.40859
0.84182 0.42096
0.84183 0.34170
0.84183 0.36728
0.84184 0.41321
0.84184 0.32671
0.84185 0.35809
0.84185 0.35259
0.84186 0.41069
0.84186 0.34975
0.84187 0.35242
0.84187 0.44937
0.84188 0.40276
0.84188 0.37763
0.84189 0.33647
0.84189 0.43560
0.84190 0.38420
0.84190 0.36786
0.84191 0.40687
0.84191 0.36116
0.84192 0.36393
0.84192 0.46319
0.84193 0.42905
0.84193 0.40758
0.84194 0.39263
0.84194 0.38417
0.84195 0.44296
0.84195 0.32407
0.84196 0.36095
0.84196 0.36716
0.84197 0.34895
0.84197 0.44932
0.84198 0.43000
0.84198 0.36924
0.84199 0.40049
0.84199 0.39376
0.84200 0.33620
0.84200 0.33978
0.84201 0.34839
0.84201 0.43861
0.84202 0.40990
0.84202 0.36978
0.84203 0.38181
0.84203 0.30784
0.84204 0.37580
0.84204 0.36424
0.84205 0.36385
0.84205 0.39429
0.84206 0.39295
0.84206 0.37448
0.84207 0.34994
0.84207 0.35458
0.84208 0.43772
0.84208 0.39485
0.84209 0.32855
0.84209 0.38042
0.84210 0.33981
0.84210 0.33548
0.84211 0.41427
0.84211 0.43647
0.84212 0.37902
0.84212 0.46275
0.84213 0.39715
0.84213 0.38393
0.84214 0.48726
0.84214 0.37479
0.84215 0.34669
0.84215 0.37390
0.84216 0.41303
0.84216 0.39112
0.84217 0.38050
0.84217 0.37424
0.84218 0.33215
0.84218 0.45572
0.84219 0.39364
0.84219 0.34296
0.84220 0.44162
0.84220 0.36602
0.84221 0.44714
0.84221 0.41841
0.84222 0.30099
0.84222 0.42797
0.84223 0.38536
0.84223 0.38232
0.84224 0.38684
0.84224 0.37788
0.84225 0.42672
0.84225 0.39999
0.84226 0.38656
0.84226 0.34960
0.84227 0.36767
0.84227 0.38525
0.84228 0.38379
0.84228 0.36478
0.84229 0.34482
0.84229 0.40001
0.84230 0.37516
0.84230 0.28224
0.84231 0.35617
0.84231 0.44073
0.84232 0.39537
0.84232 0.39116
0.84233 0.35874
0.84233 0.34060
0.84234 0.34503
0.84234 0.37391
0.84235 0.42580
0.84235 0.36417
0.84236 0.31252
0.84236 0.31504
0.84237 0.31881
0.84237 0.37733
0.84238 0.40850
0.84238 0.35427
0.84239 0.35800
0.84239 0.41141
0.84240 0.36019
0.84240 0.38465
0.84241 0.40086
0.84241 0.35321
0.84242 0.34071
0.84242 0.37732
0.84243 0.34868
0.84243 0.36619
0.84244 0.41951
0.84244 0.28681
0.84245 0.37014
0.84245 0.41000
0.84246 0.35344
0.84246 0.36409
0.84247 0.38204
0.84247 0.42141
0.84248 0.38298
0.84248 0.36155
0.84249 0.40824
0.84249 0.35530
0.84250 0.38152
0.84250 0.41391
0.84251 0.42814
0.84251 0.45327
0.84252 0.35336
0.84252 0.36467
0.84253 0.42645
0.84253 0.40422
0.84254 0.40299
0.84254 0.42533
0.84255 0.41109
0.84255 0.31652
0.84256 0.33469
0.84256 0.36982
0.84257 0.37893
0.84257 0.45823
0.84258 0.38577
0.84258 0.37001
0.84259 0.40702
0.84259 0.32725
0.84260 0.34463
0.84260 0.35905
0.84261 0.36236
0.84261 0.37017
0.84262 0.40725
0.84262 0.43144
0.84263 0.40540
0.84263 0.43204
0.84264 0.31480
0.84264 0.38429
0.84265 0.43837
0.84265 0.35687
0.84266 0.45708
0.84266 0.29506
0.84267 0.31344
0.84267 0.44852
0.84268 0.38547
0.84268 0.34957
0.84269 0.32088
0.84269 0.38976
0.84270 0.39675
0.84270 0.37838
0.84271 0.31713
0.84271 0.32302
0.84272 0.36497
0.84272 0.40205
0.84273 0.39579
0.84273 0.38795
0.84274 0.35332
0.84274 0.34825
0.84275 0.38130
0.84275 0.37268
0.84276 0.39745
0.84276 0.34217
0.84277 0.38739
0.84277 0.37929
0.84278 0.36662
0.84278 0.40347
0.84279 0.34040
0.84279 0.32541
0.84280 0.29119
0.84280 0.39552
0.84281 0.41941
0.84281 0.35353
0.84282 0.37477
0.84282 0.37905
0.84283 0.34774
0.84283 0.28939
0.84284 0.39339
0.84284 0.37184
0.84285 0.32161
0.84285 0.39817
0.84286 0.39399
0.84286 0.40457
0.84287 0.43167
0.84287 0.44685
0.84288 0.44879
0.84288 0.41469
0.84289 0.34735
0.84289 0.38333
0.84290 0.37092
0.84290 0.33882
0.84291 0.39298
0.84291 0.39474
0.84292 0.42123
0.84292 0.39295
0.84293 0.42526
0.84293 0.34193
0.84294 0.29020
0.84294 0.37469
0.84295 0.38362
0.84295 0.43011
0.84296 0.40500
0.84296 0.38119
0.84297 0.29735
0.84297 0.38733
0.84298 0.48779
0.84298 0.32648
0.84299 0.36413
0.84299 0.45590
0.84300 0.37301
0.84300 0.28340
0.84301 0.35647
0.84301 0.39911
0.84302 0.34412
0.84302 0.36495
0.84303 0.42222
0.84303 0.35787
0.84304 0.32339
0.84304 0.41028
0.84305 0.35574
0.84305 0.40831
0.84306 0.44422
0.84306 0.42501
0.84307 0.46282
0.84307 0.33957
0.84308 0.34685
0.84308 0.41331
0.84309 0.43790
0.84309 0.47239
0.84310 0.37985
0.84310 0.35640
0.84311 0.36636
0.84311 0.36308
0.84312 0.40600
0.84312 0.40443
0.84313 0.44504
0.84313 0.43200
0.84314 0.39190
0.84314 0.39467
0.84315 0.36465
0.84315 0.31890
0.84316 0.39741
0.84316 0.42923
0.84317 0.36986
0.84317 0.39440
0.84318 0.40181
0.84318 0.42295
0.84319 0.40825
0.84319 0.38407
0.84320 0.36156
0.84320 0.39530
0.84321 0.40480
0.84321 0.32303
0.84322 0.37659
0.84322 0.38654
0.84323 0.32970
0.84323 0.39536
0.84324 0.35799
0.84324 0.30859
0.84325 0.32383
0.84325 0.39278
0.84326 0.44010
0.84326 0.39714
0.84327 0.34915
0.84327 0.33097
0.84328 0.42180
0.84328 0.36427
0.84329 0.32533
0.84329 0.37634
0.84330 0.35230
0.84330 0.38509
0.84331 0.37213
0.84331 0.38742
0.84332 0.38534
0.84332 0.41876
0.84333 0.46287
0.84333 0.40429
0.84334 0.37608
0.84334 0.40437
0.84335 0.36845
0.84335 0.31689
0.84336 0.34003
0.84336 0.33466
0.84337 0.43447
0.84337 0.44213
0.84338 0.32206
0.84338 0.35065
0.84339 0.33998
0.84339 0.34656
0.84340 0.41872
0.84340 0.37894
0.84341 0.41078
0.84341 0.41498
0.84342 0.27381
0.84342 0.37336
0.84343 0.42108
0.84343 0.36642
0.84344 0.40183
0.84344 0.37181
0.84345 0.41492
0.84345 0.38496
0.84346 0.36356
0.84346 0.40566
0.84347 0.43073
0.84347 0.42711
0.84348 0.40276
0.84348 0.38352
0.84349 0.43398
0.84349 0.47489
0.84350 0.42576
0.84350 0.38611
0.84351 0.34210
0.84351 0.27963
0.84352 0.33279
0.84352 0.35652
0.84353 0.35221
0.84353 0.42016
0.84354 0.41145
0.84354 0.37788
0.84355 0.35133
0.84355 0.36429
0.84356 0.36118
0.84356 0.43741
0.84357 0.37995
0.84357 0.28816
0.84358 0.36875
0.84358 0.36530
0.84359 0.34990
0.84359 0.35974
0.84360 0.40811
0.84360 0.37156
0.84361 0.32393
0.84361 0.40490
0.84362 0.38570
0.84362 0.41822
0.84363 0.40889
0.84363 0.36379
0.84364 0.39293
0.84364 0.39924
0.84365 0.35726
0.84365 0.38626
0.84366 0.42223
0.84366 0.25960
0.84367 0.35154
0.84367 0.42203
0.84368 0.37712
0.84368 0.42231
0.84369 0.31911
0.84369 0.35306
0.84370 0.43495
0.84370 0.36674
0.84371 0.38358
0.84371 0.36108
0.84372 0.33891
0.84372 0.37006
0.84373 0.34620
0.84373 0.41885
0.84374 0.42473
0.84374 0.38812
0.84375 0.35985
0.84375 0.32326
0.84376 0.38541
0.84376 0.37924
0.84377 0.39738
0.84377 0.41696
0.84378 0.39622
0.84378 0.36984
0.84379 0.33872
0.84379 0.37217
0.84380 0.43093
0.84380 0.40781
0.84381 0.33154
0.84381 0.35636
0.84382 0.42382
0.84382 0.41446
0.84383 0.30860
0.84383 0.33564
0.84384 0.37918
0.84384 0.32684
0.84385 0.28392
0.84385 0.38908
0.84386 0.45066
0.84386 0.39214
0.84387 0.41430
0.84387 0.43656
0.84388 0.42424
0.84388 0.35762
0.84389 0.34961
0.84389 0.35130
0.84390 0.36323
0.84390 0.42801
0.84391 0.42017
0.84391 0.32947
0.84392 0.35906
0.84392 0.40851
0.84393 0.39011
0.84393 0.37911
0.84394 0.31588
0.84394 0.34796
0.84395 0.40385
0.84395 0.34356
0.84396 0.37213
0.84396 0.37253
0.84397 0.35681
0.84397 0.38870
0.84398 0.32598
0.84398 0.36626
0.84399 0.37668
0.84399 0.27454
0.84400 0.35068
0.84400 0.41154
0.84401 0.30339
0.84401 0.29311
0.84402 0.40903
0.84402 0.37771
0.84403 0.37307
0.84403 0.39585
0.84404 0.38521
0.84404 0.43633
0.84405 0.42217
0.84405 0.39040
0.84406 0.38198
0.84406 0.38846
0.84407 0.36215
0.84407 0.38369
0.84408 0.41360
0.84408 0.42883
0.84409 0.42745
0.84409 0.31604
0.84410 0.33480
0.84410 0.37288
0.84411 0.37600
0.84411 0.40960
0.84412 0.36752
0.84412 0.36884
0.84413 0.37409
0.84413 0.37842
0.84414 0.38423
0.84414 0.32541
0.84415 0.35484
0.84415 0.40748
0.84416 0.38517
0.84416 0.33978
0.84417 0.31130
0.84417 0.41545
0.84418 0.35649
0.84418 0.36934
0.84419 0.37355
0.84419 0.30986
0.84420 0.37701
0.84420 0.32557
0.84421 0.31855
0.84421 0.32905
0.84422 0.35724
0.84422 0.40350
0.84423 0.39743
0.84423 0.33291
0.84424 0.37236
0.84424 0.42555
0.84425 0.32151
0.84425 0.33942
0.84426 0.39063
0.84426 0.32426
0.84427 0.31516
0.84427 0.43455
0.84428 0.34035
0.84428 0.36953
0.84429 0.39027
0.84429 0.30316
0.84430 0.37227
0.84430 0.37722
0.84431 0.39239
0.84431 0.34660
0.84432 0.39642
0.84432 0.38119
0.84433 0.44332
0.84433 0.42326
0.84434 0.36540
0.84434 0.43656
0.84435 0.34093
0.84435 0.35497
0.84436 0.35846
0.84436 0.43654
0.84437 0.45956
0.84437 0.29794
0.84438 0.34545
0.84438 0.39129
0.84439 0.34478
0.84439 0.37562
0.84440 0.39755
0.84440 0.41468
0.84441 0.41579
0.84441 0.34541
0.84442 0.35285
0.84442 0.41901
0.84443 0.36514
0.84443 0.40259
0.84444 0.41370
0.84444 0.33062
0.84445 0.41890
0.84445 0.42183
0.84446 0.37386
0.84446 0.41747
0.84447 0.39187
0.84447 0.36853
0.84448 0.43112
0.84448 0.43889
0.84449 0.41426
0.84449 0.41462
0.84450 0.35394
0.84450 0.41029
0.84451 0.47159
0.84451 0.42053
0.84452 0.40145
0.84452 0.40940
0.84453 0.36071
0.84453 0.32673
0.84454 0.44555
0.84454 0.37453
0.84455 0.36817
0.84455 0.46233
0.84456 0.33314
0.84456 0.41997
0.84457 0.42992
0.84457 0.36159
0.84458 0.42946
0.84458 0.30706
0.84459 0.36536
0.84459 0.44930
0.84460 0.44737
0.84460 0.44051
0.84461 0.34501
0.84461 0.42281
0.84462 0.34473
0.84462 0.29089
0.84463 0.37494
0.84463 0.42497
0.84464 0.36795
0.84464 0.32612
0.84465 0.40255
0.84465 0.33564
0.84466 0.34926
0.84466 0.33785
0.84467 0.31626
0.84467 0.33815
0.84468 0.33681
0.84468 0.41469
0.84469 0.39266
0.84469 0.38326
0.84470 0.35270
0.84470 0.38337
0.84471 0.40524
0.84471 0.38448
0.84472 0.39829
0.84472 0.34566
0.84473 0.34277
0.84473 0.33667
0.84474 0.37841
0.84474 0.44894
0.84475 0.40807
0.84475 0.38394
0.84476 0.41120
0.84476 0.35360
0.84477 0.37142
0.84477 0.39988
0.84478 0.42536
0.84478 0.41145
0.84479 0.38294
0.84479 0.35210
0.84480 0.32346
0.84480 0.40873
0.84481 0.43033
0.84481 0.43380
0.84482 0.40213
0.84482 0.36035
0.84483 0.38752
0.84483 0.39110
0.84484 0.33409
0.84484 0.43617
0.84485 0.36934
0.84485 0.39424
0.84486 0.44688
0.84486 0.28456
0.84487 0.33781
0.84487 0.35272
0.84488 0.41866
0.84488 0.45845
0.84489 0.42592
0.84489 0.40748
0.84490 0.37846
0.84490 0.32635
0.84491 0.38079
0.84491 0.43702
0.84492 0.47019
0.84492 0.41681
0.84493 0.34166
0.84493 0.44667
0.84494 0.40535
0.84494 0.38397
0.84495 0.38211
0.84495 0.38923
0.84496 0.40359
0.84496 0.39488
0.84497 0.40511
0.84497 0.33672
0.84498 0.45473
0.84498 0.50188
0.84499 0.41027
0.84499 0.41808
0.84500 0.35722
0.84500 0.33817
0.84501 0.39296
0.84501 0.39270
0.84502 0.37330
0.84502 0.37105
0.84503 0.37486
0.84503 0.40824
0.84504 0.41709
0.84504 0.33758
0.84505 0.34753
0.84505 0.37215
0.84506 0.31731
0.84506 0.35808
0.84507 0.39079
0.84507 0.40725
0.84508 0.40107
0.84508 0.46575
0.84509 0.39871
0.84509 0.33493
0.84510 0.36004
0.84510 0.31116
0.84511 0.39029
0.84511 0.42443
0.84512 0.35976
0.84512 0.33130
0.84513 0.40600
0.84513 0.43343
0.84514 0.42527
0.84514 0.39398
0.84515 0.43067
0.84515 0.40705
0.84516 0.41765
0.84516 0.43372
0.84517 0.40930
0.84517 0.41949
0.84518 0.38832
0.84518 0.38045
0.84519 0.39460
0.84519 0.42837
0.84520 0.34207
0.84520 0.42333
0.84521 0.45215
0.84521 0.35617
0.84522 0.36459
0.84522 0.36489
0.84523 0.36080
0.84523 0.39991
0.84524 0.39981
0.84524 0.39055
0.84525 0.44641
0.84525 0.41555
0.84526 0.39603
0.84526 0.39479
0.84527 0.34119
0.84527 0.36096
0.84528 0.39427
0.84528 0.43056
0.84529 0.34975
0.84529 0.34456
0.84530 0.44580
0.84530 0.36270
0.84531 0.32408
0.84531 0.37379
0.84532 0.40810
0.84532 0.41899
0.84533 0.37630
0.84533 0.37641
0.84534 0.34842
0.84534 0.40931
0.84535 0.45597
0.84535 0.34053
0.84536 0.33759
0.84536 0.34345
0.84537 0.32252
0.84537 0.38575
0.84538 0.48365
0.84538 0.42960
0.84539 0.35491
0.84539 0.37129
0.84540 0.39702
0.84540 0.41383
0.84541 0.39775
0.84541 0.40910
0.84542 0.34361
0.84542 0.36607
0.84543 0.45058
0.84543 0.31661
0.84544 0.38956
0.84544 0.42283
0.84545 0.36836
0.84545 0.36104
0.84546 0.35874
0.84546 0.41417
0.84547 0.35989
0.84547 0.37546
0.84548 0.43110
0.84548 0.41297
0.84549 0.36915
0.84549 0.34457
0.84550 0.34361
0.84550 0.39358
0.84551 0.41645
0.84551 0.38552
0.84552 0.35003
0.84552 0.31639
0.84553 0.38097
0.84553 0.45051
0.84554 0.39615
0.84554 0.32837
0.84555 0.41136
0.84555 0.43137
0.84556 0.36177
0.84556 0.44266
0.84557 0.39212
0.84557 0.35763
0.84558 0.37146
0.84558 0.35825
0.84559 0.43159
0.84559 0.33984
0.84560 0.28981
0.84560 0.33630
0.84561 0.40043
0.84561 0.44592
0.84562 0.37221
0.84562 0.38881
0.84563 0.39567
0.84563 0.38620
0.84564 0.36963
0.84564 0.38297
0.84565 0.39147
0.84565 0.37035
0.84566 0.37807
0.84566 0.32968
0.84567 0.31921
0.84567 0.38426
0.84568 0.38769
0.84568 0.32568
0.84569 0.32648
0.84569 0.33274
0.84570 0.34093
0.84570 0.32379
0.84571 0.34086
0.84571 0.39802
0.84572 0.31540
0.84572 0.36996
0.84573 0.40458
0.84573 0.27368
0.84574 0.38948
0.84574 0.38358
0.84575 0.38311
0.84575 0.40464
0.84576 0.32194
0.84576 0.38659
0.84577 0.43025
0.84577 0.40684
0.84578 0.38983
0.84578 0.36941
0.84579 0.37862
0.84579 0.35381
0.84580 0.29256
0.84580 0.34159
0.84581 0.39379
0.84581 0.40544
0.84582 0.32217
0.84582 0.32228
0.84583 0.36757
0.84583 0.35279
0.84584 0.40398
0.84584 0.38532
0.84585 0.39117
0.84585 0.35518
0.84586 0.35376
0.84586 0.32290
0.84587 0.31303
0.84587 0.36871
0.84588 0.36495
0.84588 0.36789
0.84589 0.42288
0.84589 0.37785
0.84590 0.31194
0.84590 0.38029
0.84591 0.40008
0.84591 0.36550
0.84592 0.24360
0.84592 0.35165
0.84593 0.42259
0.84593 0.41229
0.84594 0.42131
0.84594 0.38201
0.84595 0.40409
0.84595 0.38449
0.84596 0.28565
0.84596 0.30123
0.84597 0.40928
0.84597 0.42246
0.84598 0.48627
0.84598 0.45759
0.84599 0.33389
0.84599 0.40262
0.84600 0.39250
0.84600 0.35683
0.84601 0.39152
0.84601 0.37512
0.84602 0.35666
0.84602 0.37039
0.84603 0.42432
0.84603 0.38907
0.84604 0.45247
0.84604 0.45012
0.84605 0.35668
0.84605 0.36092
0.84606 0.30615
0.84606 0.34831
0.84607 0.35729
0.84607 0.35526
0.84608 0.39895
0.84608 0.39322
0.84609 0.40086
0.84609 0.34511
0.84610 0.35094
0.84610 0.35323
0.84611 0.43850
0.84611 0.44671
0.84612 0.37203
0.84612 0.39568
0.84613 0.35891
0.84613 0.28573
0.84614 0.37520
0.84614 0.40314
0.84615 0.33467
0.84615 0.39028
0.84616 0.43712
0.84616 0.41772
0.84617 0.39359
0.84617 0.39386
0.84618 0.42514
0.84618 0.39636
0.84619 0.38847
0.84619 0.41693
0.84620 0.36077
0.84620 0.34649
0.84621 0.39205
0.84621 0.40661
0.84622 0.41825
0.84622 0.42171
0.84623 0.36560
0.84623 0.38072
0.84624 0.37401
0.84624 0.38662
0.84625 0.40618
0.84625 0.35957
0.84626 0.38043
0.84626 0.38872
0.84627 0.38647
0.84627 0.39955
0.84628 0.41877
0.84628 0.45780
0.84629 0.38228
0.84629 0.36361
0.84630 0.35347
0.84630 0.37583
0.84631 0.41026
0.84631 0.39094
0.84632 0.38676
0.84632 0.42213
0.84633 0.42373
0.84633 0.37961
0.84634 0.41405
0.84634 0.39745
0.84635 0.32053
0.84635 0.32337
0.84636 0.41005
0.84636 0.33979
0.84637 0.38988
0.84637 0.41933
0.84638 0.36479
0.84638 0.36390
0.84639 0.32694
0.84639 0.38750
0.84640 0.36700
0.84640 0.37306
0.84641 0.35517
0.84641 0.36103
0.84642 0.43693
0.84642 0.33971
0.84643 0.36266
0.84643 0.36745
0.84644 0.35874
0.84644 0.40917
0.84645 0.34039
0.84645 0.34887
0.84646 0.39488
0.84646 0.38189
0.84647 0.32549
0.84647 0.38035
0.84648 0.35801
0.84648 0.38901
0.84649 0.42303
0.84649 0.27661
0.84650 0.32397
0.84650 0.35698
0.84651 0.37321
0.84651 0.42813
0.84652 0.35951
0.84652 0.30195
0.84653 0.42399
0.84653 0.47155
0.84654 0.39700
0.84654 0.38617
0.84655 0.29368
0.84655 0.36259
0.84656 0.39273
0.84656 0.43729
0.84657 0.46174
0.84657 0.39677
0.84658 0.43591
0.84658 0.33341
0.84659 0.39633
0.84659 0.39638
0.84660 0.42328
0.84660 0.44358
0.84661 0.38057
0.84661 0.37223
0.84662 0.29650
0.84662 0.40191
0.84663 0.37151
0.84663 0.36145
0.84664 0.39886
0.84664 0.35786
0.84665 0.38800
0.84665 0.31696
0.84666 0.39017
0.84666 0.35674
0.84667 0.32981
0.84667 0.42048
0.84668 0.37724
0.84668 0.42093
0.84669 0.44870
0.84669 0.39766
0.84670 0.35817
0.84670 0.40446
0.84671 0.42762
0.84671 0.39862
0.84672 0.38141
0.84672 0.39753
0.84673 0.37380
0.84673 0.30472
0.84674 0.38621
0.84674 0.34659
0.84675 0.32718
0.84675 0.39120
0.84676 0.31978
0.84676 0.37937
0.84677 0.42700
0.84677 0.41418
0.84678 0.41512
0.84678 0.43181
0.84679 0.42089
0.84679 0.36997
0.84680 0.36633
0.84680 0.47523
0.84681 0.35128
0.84681 0.33244
0.84682 0.39755
0.84682 0.37713
0.84683 0.42348
0.84683 0.33251
0.84684 0.41068
0.84684 0.40261
0.84685 0.36955
0.84685 0.45314
0.84686 0.39619
0.84686 0.39802
0.84687 0.37379
0.84687 0.30635
0.84688 0.37732
0.84688 0.29446
0.84689 0.37485
0.84689 0.38577
0.84690 0.33696
0.84690 0.39279
0.84691 0.34792
0.84691 0.42343
0.84692 0.30981
0.84692 0.32487
0.84693 0.42017
0.84693 0.33038
0.84694 0.35194
0.84694 0.38048
0.84695 0.32915
0.84695 0.34101
0.84696 0.36316
0.84696 0.41661
0.84697 0.41889
0.84697 0.34540
0.84698 0.40210
0.84698 0.33862
0.84699 0.35227
0.84699 0.41010
0.84700 0.34603
0.84700 0.30800
0.84701 0.26996
0.84701 0.36607
0.84702 0.37171
0.84702 0.36284
0.84703 0.38527
0.84703 0.31674
0.84704 0.36387
0.84704 0.42173
0.84705 0.44242
0.84705 0.37539
0.84706 0.39619
0.84706 0.35382
0.84707 0.30620
0.84707 0.38233
0.84708 0.37675
0.84708 0.38735
0.84709 0.36838
0.84709 0.42058
0.84710 0.33515
0.84710 0.28232
0.84711 0.38669
0.84711 0.35719
0.84712 0.33434
0.84712 0.36291
0.84713 0.39908
0.84713 0.41646
0.84714 0.34189
0.84714 0.35764
0.84715 0.40401
0.84715 0.45813
0.84716 0.45645
0.84716 0.34538
0.84717 0.36267
0.84717 0.39902
0.84718 0.37667
0.84718 0.36315
0.84719 0.27169
0.84719 0.34642
0.84720 0.40730
0.84720 0.32764
0.84721 0.37556
0.84721 0.37294
0.84722 0.33370
0.84722 0.36005
0.84723 0.39441
0.84723 0.35277
0.84724 0.28826
0.84724 0.31792
0.84725 0.40019
0.84725 0.41092
0.84726 0.38298
0.84726 0.37281
0.84727 0.39604
0.84727 0.40888
0.84728 0.38455
0.84728 0.37191
0.84729 0.34918
0.84729 0.27219
0.84730 0.35922
0.84730 0.42423
0.84731 0.40394
0.84731 0.41131
0.84732 0.36552
0.84732 0.38094
0.84733 0.40890
0.84733 0.40485
0.84734 0.41813
0.84734 0.39159
0.84735 0.37748
0.84735 0.33417
0.84736 0.35600
0.84736 0.52597
0.84737 0.47150
0.84737 0.36068
0.84738 0.35631
0.84738 0.29874
0.84739 0.32085
0.84739 0.37655
0.84740 0.35081
0.84740 0.37299
0.84741 0.43481
0.84741 0.29974
0.84742 0.29786
0.84742 0.39178
0.84743 0.36279
0.84743 0.40148
0.84744 0.37685
0.84744 0.36157
0.84745 0.33028
0.84745 0.37805
0.84746 0.45833
0.84746 0.32359
0.84747 0.41258
0.84747 0.45159
0.84748 0.36354
0.84748 0.39896
0.84749 0.31403
0.84749 0.40186
0.84750 0.39319
0.84750 0.40962
0.84751 0.41607
0.84751 0.35688
0.84752 0.40366
0.84752 0.33861
0.84753 0.40540
0.84753 0.36323
0.84754 0.30391
0.84754 0.37049
0.84755 0.37985
0.84755 0.35422
0.84756 0.33933
0.84756 0.41897
0.84757 0.37943
0.84757 0.37583
0.84758 0.40891
0.84758 0.36924
0.84759 0.41716
0.84759 0.44358
0.84760 0.37724
0.84760 0.33848
0.84761 0.40725
0.84761 0.38363
0.84762 0.40317
0.84762 0.46185
0.84763 0.44133
0.84763 0.41881
0.84764 0.28683
0.84764 0.36187
0.84765 0.38119
0.84765 0.23840
0.84766 0.37574
0.84766 0.42730
0.84767 0.41652
0.84767 0.43193
0.84768 0.32651
0.84768 0.35509
0.84769 0.48277
0.84769 0.40449
0.84770 0.38823
0.84770 0.39183
0.84771 0.38769
0.84771 0.38886
0.84772 0.36775
0.84772 0.45990
0.84773 0.41734
0.84773 0.41818
0.84774 0.44771
0.84774 0.34366
0.84775 0.35312
0.84775 0.38157
0.84776 0.36223
0.84776 0.43022
0.84777 0.44103
0.84777 0.41291
0.84778 0.38921
0.84778 0.40451
0.84779 0.44699
0.84779 0.42528
0.84780 0.44696
0.84780 0.37096
0.84781 0.32925
0.84781 0.47297
0.84782 0.42302
0.84782 0.34423
0.84783 0.44313
0.84783 0.43670
0.84784 0.38186
0.84784 0.46622
0.84785 0.36101
0.84785 0.30418
0.84786 0.46193
0.84786 0.41513
0.84787 0.36774
0.84787 0.38343
0.84788 0.34116
0.84788 0.42095
0.84789 0.44696
0.84789 0.37305
0.84790 0.43883
0.84790 0.41996
0.84791 0.38103
0.84791 0.39308
0.84792 0.36277
0.84792 0.39614
0.84793 0.32574
0.84793 0.37137
0.84794 0.39307
0.84794 0.39239
0.84795 0.47221
0.84795 0.42855
0.84796 0.42121
0.84796 0.41927
0.84797 0.39549
0.84797 0.39728
0.84798 0.39367
0.84798 0.37707
0.84799 0.36990
0.84799 0.33478
0.84800 0.39727
0.84800 0.41589
0.84801 0.38675
0.84801 0.44146
0.84802 0.44336
0.84802 0.43054
0.84803 0.40319
0.84803 0.45279
0.84804 0.41828
0.84804 0.32603
0.84805 0.40977
0.84805 0.41580
0.84806 0.41123
0.84806 0.41758
0.84807 0.38637
0.84807 0.45640
0.84808 0.46671
0.84808 0.34887
0.84809 0.33519
0.84809 0.37649
0.84810 0.38876
0.84810 0.44242
0.84811 0.44932
0.84811 0.41231
0.84812 0.40137
0.84812 0.39849
0.84813 0.36123
0.84813 0.36140
0.84814 0.42363
0.84814 0.44919
0.84815 0.41919
0.84815 0.46988
0.84816 0.46057
0.84816 0.46976
0.84817 0.45746
0.84817 0.39963
0.84818 0.42758
0.84818 0.34672
0.84819 0.42496
0.84819 0.46237
0.84820 0.39220
0.84820 0.39901
0.84821 0.41840
0.84821 0.46742
0.84822 0.42140
0.84822 0.34530
0.84823 0.36517
0.84823 0.37532
0.84824 0.36256
0.84824 0.39272
0.84825 0.35409
0.84825 0.39289
0.84826 0.45751
0.84826 0.43828
0.84827 0.40653
0.84827 0.38317
0.84828 0.43542
0.84828 0.44347
0.84829 0.41996
0.84829 0.39964
0.84830 0.36067
0.84830 0.44597
0.84831 0.37993
0.84831 0.35357
0.84832 0.43494
0.84832 0.39962
0.84833 0.44433
0.84833 0.37696
0.84834 0.34509
0.84834 0.38906
0.84835 0.39089
0.84835 0.37826
0.84836 0.34888
0.84836 0.40912
0.84837 0.42379
0.84837 0.38640
0.84838 0.39796
0.84838 0.40361
0.84839 0.42660
0.84839 0.39950
0.84840 0.34170
0.84840 0.40534
0.84841 0.40012
0.84841 0.38120
0.84842 0.38056
0.84842 0.34320
0.84843 0.33321
0.84843 0.36403
0.84844 0.36467
0.84844 0.39649
0.84845 0.37326
0.84845 0.29570
0.84846 0.36235
0.84846 0.40554
0.84847 0.39447
0.84847 0.45905
0.84848 0.37402
0.84848 0.34678
0.84849 0.39112
0.84849 0.36442
0.84850 0.40109
0.84850 0.34667
0.84851 0.44033
0.84851 0.47176
0.84852 0.35962
0.84852 0.46858
0.84853 0.42041
0.84853 0.31398
0.84854 0.38067
0.84854 0.36381
0.84855 0.34000
0.84855 0.37073
0.84856 0.35859
0.84856 0.42858
0.84857 0.39092
0.84857 0.35460
0.84858 0.40302
0.84858 0.35912
0.84859 0.36677
0.84859 0.39085
0.84860 0.39975
0.84860 0.35582
0.84861 0.41353
0.84861 0.41121
0.84862 0.34308
0.84862 0.34458
0.84863 0.38171
0.84863 0.39559
0.84864 0.42858
0.84864 0.38558
0.84865 0.27582
0.84865 0.34897
0.84866 0.37055
0.84866 0.34736
0.84867 0.41136
0.84867 0.36017
0.84868 0.37278
0.84868 0.39911
0.84869 0.41475
0.84869 0.35522
0.84870 0.37970
0.84870 0.44120
0.84871 0.33048
0.84871 0.33021
0.84872 0.35920
0.84872 0.36214
0.84873 0.39234
0.84873 0.48017
0.84874 0.46050
0.84874 0.43771
0.84875 0.38702
0.84875 0.33234
0.84876 0.37240
0.84876 0.37677
0.84877 0.36994
0.84877 0.32145
0.84878 0.38470
0.84878 0.39127
0.84879 0.30768
0.84879 0.40904
0.84880 0.38784
0.84880 0.41120
0.84881 0.43115
0.84881 0.32882
0.84882 0.35015
0.84882 0.36228
0.84883 0.37308
0.84883 0.44348
0.84884 0.35848
0.84884 0.41579
0.84885 0.41994
0.84885 0.33851
0.84886 0.43471
0.84886 0.46218
0.84887 0.40685
0.84887 0.33993
0.84888 0.45032
0.84888 0.35248
0.84889 0.34181
0.84889 0.41729
0.84890 0.34253
0.84890 0.38496
0.84891 0.36739
0.84891 0.41632
0.84892 0.40441
0.84892 0.41428
0.84893 0.50008
0.84893 0.44303
0.84894 0.36953
0.84894 0.36595
0.84895 0.40996
0.84895 0.36510
0.84896 0.36938
0.84896 0.44049
0.84897 0.40151
0.84897 0.39679
0.84898 0.39444
0.84898 0.31310
0.84899 0.35409
0.84899 0.43263
0.84900 0.41645
0.84900 0.37260
0.84901 0.29009
0.84901 0.34520
0.84902 0.36322
0.84902 0.37947
0.84903 0.41156
0.84903 0.37911
0.84904 0.40236
0.84904 0.41719
0.84905 0.43028
0.84905 0.41442
0.84906 0.39958
0.84906 0.37783
0.84907 0.33473
0.84907 0.34288
0.84908 0.43721
0.84908 0.42455
0.84909 0.41416
0.84909 0.39858
0.84910 0.37287
0.84910 0.41456
0.84911 0.42006
0.84911 0.41987
0.84912 0.30725
0.84912 0.36501
0.84913 0.45841
0.84913 0.40603
0.84914 0.41627
0.84914 0.42855
0.84915 0.39441
0.84915 0.37396
0.84916 0.37681
0.84916 0.40457
0.84917 0.44241
0.84917 0.36396
0.84918 0.45129
0.84918 0.44728
0.84919 0.39771
0.84919 0.39383
0.84920 0.37169
0.84920 0.36363
0.84921 0.35781
0.84921 0.49042
0.84922 0.33597
0.84922 0.35381
0.84923 0.46252
0.84923 0.30796
0.84924 0.37076
0.84924 0.41217
0.84925 0.40516
0.84925 0.41792
0.84926 0.33472
0.84926 0.39345
0.84927 0.37965
0.84927 0.35190
0.84928 0.44646
0.84928 0.40911
0.84929 0.39814
0.84929 0.45214
0.84930 0.42389
0.84930 0.40344
0.84931 0.36843
0.84931 0.39379
0.84932 0.42313
0.84932 0.36646
0.84933 0.36190
0.84933 0.42356
0.84934 0.37803
0.84934 0.35995
0.84935 0.43799
0.84935 0.37918
0.84936 0.38684
0.84936 0.38321
0.84937 0.36079
0.84937 0.38426
0.84938 0.40953
0.84938 0.44575
0.84939 0.41399
0.84939 0.42699
0.84940 0.40055
0.84940 0.36274
0.84941 0.42869
0.84941 0.44698
0.84942 0.40325
0.84942 0.36289
0.84943 0.39326
0.84943 0.38275
0.84944 0.39471
0.84944 0.42345
0.84945 0.41177
0.84945 0.45119
0.84946 0.40468
0.84946 0.39717
0.84947 0.46047
0.84947 0.46854
0.84948 0.41835
0.84948 0.40884
0.84949 0.40537
0.84949 0.42536
0.84950 0.45733
0.84950 0.36945
0.84951 0.39919
0.84951 0.43120
0.84952 0.46065
0.84952 0.46343
0.84953 0.41129
0.84953 0.44726
0.84954 0.38502
0.84954 0.40478
0.84955 0.43172
0.84955 0.37078
0.84956 0.43765
0.84956 0.46921
0.84957 0.38045
0.84957 0.37510
0.84958 0.40615
0.84958 0.40364
0.84959 0.41802
0.84959 0.39539
0.84960 0.40231
0.84960 0.41065
0.84961 0.42466
0.84961 0.42718
0.84962 0.36008
0.84962 0.41263
0.84963 0.41703
0.84963 0.39202
0.84964 0.42716
0.84964 0.38415
0.84965 0.41340
0.84965 0.40283
0.84966 0.35467
0.84966 0.38480
0.84967 0.33993
0.84967 0.36776
0.84968 0.42708
0.84968 0.41714
0.84969 0.43443
0.84969 0.35065
0.84970 0.39632
0.84970 0.43593
0.84971 0.35228
0.84971 0.40460
0.84972 0.34531
0.84972 0.42023
0.84973 0.47859
0.84973 0.38035
0.84974 0.40127
0.84974 0.40478
0.84975 0.51863
0.84975 0.46313
0.84976 0.38127
0.84976 0.42599
0.84977 0.37295
0.84977 0.43057
0.84978 0.41240
0.84978 0.37784
0.84979 0.45840
0.84979 0.46057
0.84980 0.41511
0.84980 0.40626
0.84981 0.44688
0.84981 0.38296
0.84982 0.39965
0.84982 0.40408
0.84983 0.38287
0.84983 0.41741
0.84984 0.43706
0.84984 0.47297
0.84985 0.41261
0.84985 0.40014
0.84986 0.39675
0.84986 0.42655
0.84987 0.38391
0.84987 0.36786
0.84988 0.48410
0.84988 0.40527
0.84989 0.40217
0.84989 0.37705
0.84990 0.37249
0.84990 0.41915
0.84991 0.32094
0.84991 0.37220
0.84992 0.40695
0.84992 0.41926
0.84993 0.43685
0.84993 0.42223
0.84994 0.37251
0.84994 0.37808
0.84995 0.32669
0.84995 0.34503
0.84996 0.40765
0.84996 0.45938
0.84997 0.43355
0.84997 0.40264
0.84998 0.47517
0.84998 0.38039
0.84999 0.37097
0.84999 0.44955
0.85000 0.41849
0.85000 0.37213
0.85001 0.44523
0.85001 0.35399
0.85002 0.37574
0.85002 0.47441
0.85003 0.39402
0.85003 0.38818
0.85004 0.35535
0.85004 0.39400
0.85005 0.44980
0.85005 0.33008
0.85006 0.38249
0.85006 0.45261
0.85007 0.38886
0.85007 0.43207
0.85008 0.42452
0.85008 0.49035
0.85009 0.39849
0.85009 0.35872
0.85010 0.44086
0.85010 0.40761
0.85011 0.42476
0.85011 0.40697
0.85012 0.46321
0.85012 0.38376
0.85013 0.39855
0.85013 0.39518
0.85014 0.39868
0.85014 0.43387
0.85015 0.40314
0.85015 0.42679
0.85016 0.38905
0.85016 0.34397
0.85017 0.34069
0.85017 0.41439
0.85018 0.39620
0.85018 0.41430
0.85019 0.41970
0.85019 0.44334
0.85020 0.50421
0.85020 0.44046
0.85021 0.37519
0.85021 0.42107
0.85022 0.49575
0.85022 0.45523
0.85023 0.37058
0.85023 0.35774
0.85024 0.41132
0.85024 0.47964
0.85025 0.42572
0.85025 0.46418
0.85026 0.44850
0.85026 0.34729
0.85027 0.46980
0.85027 0.40447
0.85028 0.34838
0.85028 0.46122
0.85029 0.41636
0.85029 0.45302
0.85030 0.47863
0.85030 0.40674
0.85031 0.39560
0.85031 0.34510
0.85032 0.44106
0.85032 0.44993
0.85033 0.42127
0.85033 0.46255
0.85034 0.40353
0.85034 0.49900
0.85035 0.44198
0.85035 0.42869
0.85036 0.43132
0.85036 0.40034
0.85037 0.51239
0.85037 0.47331
0.85038 0.42399
0.85038 0.41227
0.85039 0.36974
0.85039 0.42997
0.85040 0.41268
0.85040 0.44235
0.85041 0.43140
0.85041 0.38843
0.85042 0.43741
0.85042 0.41634
0.85043 0.49443
0.85043 0.42323
0.85044 0.41817
0.85044 0.49241
0.85045 0.41260
0.85045 0.45980
0.85046 0.53144
0.85046 0.46986
0.85047 0.46380
0.85047 0.46488
0.85048 0.47632
0.85048 0.40839
0.85049 0.44613
0.85049 0.45189
0.85050 0.40410
0.85050 0.46849
0.85051 0.48595
0.85051 0.42266
0.85052 0.37456
0.85052 0.38478
0.85053 0.37016
0.85053 0.43306
0.85054 0.46689
0.85054 0.45450
0.85055 0.45298
0.85055 0.45295
0.85056 0.43464
0.85056 0.47483
0.85057 0.44664
0.85057 0.46143
0.85058 0.51966
0.85058 0.48320
0.85059 0.51636
0.85059 0.45606
0.85060 0.48774
0.85060 0.49474
0.85061 0.32965
0.85061 0.44163
0.85062 0.45512
0.85062 0.42885
0.85063 0.45681
0.85063 0.42655
0.85064 0.46930
0.85064 0.44416
0.85065 0.43152
0.85065 0.47571
0.85066 0.46065
0.85066 0.42805
0.85067 0.44969
0.85067 0.48933
0.85068 0.44957
0.85068 0.42491
0.85069 0.47001
0.85069 0.48591
0.85070 0.50276
0.85070 0.43801
0.85071 0.38140
0.85071 0.47035
0.85072 0.50350
0.85072 0.45587
0.85073 0.47668
0.85073 0.54340
0.85074 0.48311
0.85074 0.44893
0.85075 0.49917
0.85075 0.49442
0.85076 0.48264
0.85076 0.42714
0.85077 0.43240
0.85077 0.47669
0.85078 0.44598
0.85078 0.41879
0.85079 0.45551
0.85079 0.42493
0.85080 0.44960
0.85080 0.57152
0.85081 0.44953
0.85081 0.41063
0.85082 0.50774
0.85082 0.44106
0.85083 0.42085
0.85083 0.41630
0.85084 0.40515
0.85084 0.52754
0.85085 0.53768
0.85085 0.44302
0.85086 0.48410
0.85086 0.45976
0.85087 0.42596
0.85087 0.47257
0.85088 0.40049
0.85088 0.52443
0.85089 0.57795
0.85089 0.52591
0.85090 0.53795
0.85090 0.43544
0.85091 0.53385
0.85091 0.51169
0.85092 0.46281
0.85092 0.54109
0.85093 0.48688
0.85093 0.50506
0.85094 0.51193
0.85094 0.47937
0.85095 0.44582
0.85095 0.38730
0.85096 0.53704
0.85096 0.50975
0.85097 0.46290
0.85097 0.44915
0.85098 0.50155
0.85098 0.45690
0.85099 0.48076
0.85099 0.56364
0.85100 0.42486
0.85100 0.48731
0.85101 0.44604
0.85101 0.50865
0.85102 0.51406
0.85102 0.36871
0.85103 0.44015
0.85103 0.48809
0.85104 0.52222
0.85104 0.47104
0.85105 0.49655
0.85105 0.55561
0.85106 0.44926
0.85106 0.51173
0.85107 0.58278
0.85107 0.53221
0.85108 0.44141
0.85108 0.49443
0.85109 0.50000
0.85109 0.57303
0.85110 0.56035
0.85110 0.50339
0.85111 0.48363
0.85111 0.40528
0.85112 0.47178
0.85112 0.48884
0.85113 0.46593
0.85113 0.47800
0.85114 0.49638
0.85114 0.50278
0.85115 0.48978
0.85115 0.52091
0.85116 0.56270
0.85116 0.45959
0.85117 0.52718
0.85117 0.55885
0.85118 0.43315
0.85118 0.51203
0.85119 0.49302
0.85119 0.47896
0.85120 0.54573
0.85120 0.52667
0.85121 0.41783
0.85121 0.43090
0.85122 0.53228
0.85122 0.52308
0.85123 0.53980
0.85123 0.48155
0.85124 0.53369
0.85124 0.53290
0.85125 0.49198
0.85125 0.53329
0.85126 0.53665
0.85126 0.57348
0.85127 0.52403
0.85127 0.55462
0.85128 0.57986
0.85128 0.43428
0.85129 0.55005
0.85129 0.55448
0.85130 0.44076
0.85130 0.49036
0.85131 0.55920
0.85131 0.51443
0.85132 0.46546
0.85132 0.57150
0.85133 0.53820
0.85133 0.57683
0.85134 0.56693
0.85134 0.48515
0.85135 0.52767
0.85135 0.48707
0.85136 0.54771
0.85136 0.54918
0.85137 0.49476
0.85137 0.58008
0.85138 0.51801
0.85138 0.51123
0.85139 0.57179
0.85139 0.59169
0.85140 0.51798
0.85140 0.50733
0.85141 0.54059
0.85141 0.51591
0.85142 0.52977
0.85142 0.51684
0.85143 0.55421
0.85143 0.52871
0.85144 0.49002
0.85144 0.47119
0.85145 0.52040
0.85145 0.60906
0.85146 0.57043
0.85146 0.48707
0.85147 0.52905
0.85147 0.52392
0.85148 0.41759
0.85148 0.49934
0.85149 0.49608
0.85149 0.49988
0.85150 0.55955
0.85150 0.49193
0.85151 0.51282
0.85151 0.48410
0.85152 0.47011
0.85152 0.50938
0.85153 0.55831
0.85153 0.56519
0.85154 0.47960
0.85154 0.55668
0.85155 0.54300
0.85155 0.42751
0.85156 0.51569
0.85156 0.61632
0.85157 0.56207
0.85157 0.54989
0.85158 0.47901
0.85158 0.45063
0.85159 0.58267
0.85159 0.54901
0.85160 0.57158
0.85160 0.57868
0.85161 0.47518
0.85161 0.46577
0.85162 0.47473
0.85162 0.50259
0.85163 0.51416
0.85163 0.55450
0.85164 0.53512
0.85164 0.49475
0.85165 0.49993
0.85165 0.49618
0.85166 0.51769
0.85166 0.50027
0.85167 0.52203
0.85167 0.55145
0.85168 0.53265
0.85168 0.56352
0.85169 0.52541
0.85169 0.48432
0.85170 0.58382
0.85170 0.54094
0.85171 0.56693
0.85171 0.57279
0.85172 0.45238
0.85172 0.51660
0.85173 0.59074
0.85173 0.48022
0.85174 0.55023
0.85174 0.62138
0.85175 0.57461
0.85175 0.59429
0.85176 0.51354
0.85176 0.53159
0.85177 0.56849
0.85177 0.54121
0.85178 0.54587
0.85178 0.53765
0.85179 0.55689
0.85179 0.54420
0.85180 0.52605
0.85180 0.51057
0.85181 0.46560
0.85181 0.57470
0.85182 0.55240
0.85182 0.50603
0.85183 0.48545
0.85183 0.49485
0.85184 0.63602
0.85184 0.54703
0.85185 0.50342
0.85185 0.51910
0.85186 0.47091
0.85186 0.54713
0.85187 0.51876
0.85187 0.55438
0.85188 0.58588
0.85188 0.57938
0.85189 0.54518
0.85189 0.53419
0.85190 0.57500
0.85190 0.52862
0.85191 0.58312
0.85191 0.54070
0.85192 0.51410
0.85192 0.53020
0.85193 0.54468
0.85193 0.59498
0.85194 0.55730
0.85194 0.56437
0.85195 0.57335
0.85195 0.57157
0.85196 0.54369
0.85196 0.52539
0.85197 0.54850
0.85197 0.52464
0.85198 0.55944
0.85198 0.61133
0.85199 0.57591
0.85199 0.60989
0.85200 0.59390
0.85200 0.52146
0.85201 0.55149
0.85201 0.49183
0.85202 0.51283
0.85202 0.53334
0.85203 0.52012
0.85203 0.62236
0.85204 0.55340
0.85204 0.53078
0.85205 0.57670
0.85205 0.56877
0.85206 0.53086
0.85206 0.52020
0.85207 0.59407
0.85207 0.57875
0.85208 0.58323
0.85208 0.55077
0.85209 0.52044
0.85209 0.56598
0.85210 0.57069
0.85210 0.53322
0.85211 0.48293
0.85211 0.56402
0.85212 0.59412
0.85212 0.51912
0.85213 0.53317
0.85213 0.54324
0.85214 0.58029
0.85214 0.57790
0.85215 0.56670
0.85215 0.61394
0.85216 0.55560
0.85216 0.55995
0.85217 0.59935
0.85217 0.58370
0.85218 0.54491
0.85218 0.52755
0.85219 0.57822
0.85219 0.56916
0.85220 0.58180
0.85220 0.53705
0.85221 0.49568
0.85221 0.55919
0.85222 0.48673
0.85222 0.48508
0.85223 0.52745
0.85223 0.52008
0.85224 0.57569
0.85224 0.58512
0.85225 0.51473
0.85225 0.47239
0.85226 0.49261
0.85226 0.51526
0.85227 0.55053
0.85227 0.45883
0.85228 0.53503
0.85228 0.64708
0.85229 0.51084
0.85229 0.53386
0.85230 0.56745
0.85230 0.49784
0.85231 0.51051
0.85231 0.47627
0.85232 0.55171
0.85232 0.58256
0.85233 0.47493
0.85233 0.57731
0.85234 0.55017
0.85234 0.53392
0.85235 0.57487
0.85235 0.49381
0.85236 0.55014
0.85236 0.57767
0.85237 0.53581
0.85237 0.50940
0.85238 0.50714
0.85238 0.56456
0.85239 0.55345
0.85239 0.50431
0.85240 0.49012
0.85240 0.53267
0.85241 0.53683
0.85241 0.50986
0.85242 0.60830
0.85242 0.59404
0.85243 0.47631
0.85243 0.48076
0.85244 0.48012
0.85244 0.55590
0.85245 0.57816
0.85245 0.55651
0.85246 0.54899
0.85246 0.57283
0.85247 0.60391
0.85247 0.53405
0.85248 0.53836
0.85248 0.54633
0.85249 0.53152
0.85249 0.60353
0.85250 0.56723
0.85250 0.56741
0.85251 0.55734
0.85251 0.52881
0.85252 0.58461
0.85252 0.57837
0.85253 0.57467
0.85253 0.49293
0.85254 0.51755
0.85254 0.50500
0.85255 0.59450
0.85255 0.55354
0.85256 0.48625
0.85256 0.55553
0.85257 0.48836
0.85257 0.54186
0.85258 0.55242
0.85258 0.54387
0.85259 0.60983
0.85259 0.60053
0.85260 0.58039
0.85260 0.59929
0.85261 0.58888
0.85261 0.57336
0.85262 0.52733
0.85262 0.51600
0.85263 0.55925
0.85263 0.59758
0.85264 0.56751
0.85264 0.56014
0.85265 0.55806
0.85265 0.49682
0.85266 0.55995
0.85266 0.61477
0.85267 0.59090
0.85267 0.56009
0.85268 0.52864
0.85268 0.59794
0.85269 0.61137
0.85269 0.56410
0.85270 0.58109
0.85270 0.56079
0.85271 0.56540
0.85271 0.56819
0.85272 0.49494
0.85272 0.53499
0.85273 0.52906
0.85273 0.58435
0.85274 0.54673
0.85274 0.50583
0.85275 0.55738
0.85275 0.58202
0.85276 0.52307
0.85276 0.53669
0.85277 0.55297
0.85277 0.52922
0.85278 0.65284
0.85278 0.60037
0.85279 0.56420
0.85279 0.54856
0.85280 0.49232
0.85280 0.54042
0.85281 0.61995
0.85281 0.55174
0.85282 0.51297
0.85282 0.58445
0.85283 0.57756
0.85283 0.46158
0.85284 0.52243
0.85284 0.57237
0.85285 0.55067
0.85285 0.59289
0.85286 0.61371
0.85286 0.61944
0.85287 0.55945
0.85287 0.52705
0.85288 0.58601
0.85288 0.59351
0.85289 0.56931
0.85289 0.58024
0.85290 0.54456
0.85290 0.57915
0.85291 0.55516
0.85291 0.55679
0.85292 0.57276
0.85292 0.52610
0.85293 0.59565
0.85293 0.57582
0.85294 0.58161
0.85294 0.56760
0.85295 0.57315
0.85295 0.57842
0.85296 0.54735
0.85296 0.57490
0.85297 0.59290
0.85297 0.55042
0.85298 0.51993
0.85298 0.52275
0.85299 0.52640
0.85299 0.60791
0.85300 0.55651
0.85300 0.58979
0.85301 0.60903
0.85301 0.55779
0.85302 0.55797
0.85302 0.62178
0.85303 0.61929
0.85303 0.59166
0.85304 0.56780
0.85304 0.54421
0.85305 0.57664
0.85305 0.50136
0.85306 0.48656
0.85306 0.55963
0.85307 0.56789
0.85307 0.52425
0.85308 0.52384
0.85308 0.56103
0.85309 0.56929
0.85309 0.57419
0.85310 0.56820
0.85310 0.61955
0.85311 0.57398
0.85311 0.63704
0.85312 0.59491
0.85312 0.51053
0.85313 0.55888
0.85313 0.56566
0.85314 0.60959
0.85314 0.50988
0.85315 0.53689
0.85315 0.62752
0.85316 0.61933
0.85316 0.56468
0.85317 0.53670
0.85317 0.55576
0.85318 0.54543
0.85318 0.56384
0.85319 0.50764
0.85319 0.57067
0.85320 0.65270
0.85320 0.59983
0.85321 0.52490
0.85321 0.50194
0.85322 0.57744
0.85322 0.57095
0.85323 0.62824
0.85323 0.55488
0.85324 0.51964
0.85324 0.58140
0.85325 0.55371
0.85325 0.62699
0.85326 0.55740
0.85326 0.51487
0.85327 0.56374
0.85327 0.58925
0.85328 0.64815
0.85328 0.54616
0.85329 0.59918
0.85329 0.58231
0.85330 0.55456
0.85330 0.60207
0.85331 0.56249
0.85331 0.61327
0.85332 0.61459
0.85332 0.60623
0.85333 0.62601
0.85333 0.54041
0.85334 0.53983
0.85334 0.55941
0.85335 0.56661
0.85335 0.61528
0.85336 0.55190
0.85336 0.55673
0.85337 0.53078
0.85337 0.52571
0.85338 0.53385
0.85338 0.55447
0.85339 0.56538
0.85339 0.56968
0.85340 0.61833
0.85340 0.56852
0.85341 0.58239
0.85341 0.55879
0.85342 0.55604
0.85342 0.58296
0.85343 0.55151
0.85343 0.55820
0.85344 0.51988
0.85344 0.61084
0.85345 0.57065
0.85345 0.56747
0.85346 0.57394
0.85346 0.51785
0.85347 0.59705
0.85347 0.53394
0.85348 0.54246
0.85348 0.65721
0.85349 0.64093
0.85349 0.58362
0.85350 0.53684
0.85350 0.58876
0.85351 0.58161
0.85351 0.56558
0.85352 0.57146
0.85352 0.56795
0.85353 0.55565
0.85353 0.52548
0.85354 0.56027
0.85354 0.57956
0.85355 0.58321
0.85355 0.52747
0.85356 0.53692
0.85356 0.55555
0.85357 0.58743
0.85357 0.57278
0.85358 0.54198
0.85358 0.62367
0.85359 0.53304
0.85359 0.52110
0.85360 0.57961
0.85360 0.51485
0.85361 0.55853
0.85361 0.60899
0.85362 0.68055
0.85362 0.62162
0.85363 0.52490
0.85363 0.54274
0.85364 0.45910
0.85364 0.50242
0.85365 0.61626
0.85365 0.58570
0.85366 0.60915
0.85366 0.50710
0.85367 0.51821
0.85367 0.61175
0.85368 0.55756
0.85368 0.60236
0.85369 0.61716
0.85369 0.59694
0.85370 0.55374
0.85370 0.56419
0.85371 0.57475
0.85371 0.52060
0.85372 0.57604
0.85372 0.53502
0.85373 0.50272
0.85373 0.55611
0.85374 0.51249
0.85374 0.51181
0.85375 0.45730
0.85375 0.54059
0.85376 0.63424
0.85376 0.59273
0.85377 0.61607
0.85377 0.58130
0.85378 0.62269
0.85378 0.60503
0.85379 0.55831
0.85379 0.54969
0.85380 0.58544
0.85380 0.59633
0.85381 0.57565
0.85381 0.60719
0.85382 0.55444
0.85382 0.57694
0.85383 0.56630
0.85383 0.52753
0.85384 0.55982
0.85384 0.56677
0.85385 0.57557
0.85385 0.55232
0.85386 0.55484
0.85386 0.55470
0.85387 0.59254
0.85387 0.62111
0.85388 0.54280
0.85388 0.59428
0.85389 0.64739
0.85389 0.66460
0.85390 0.61149
0.85390 0.63989
0.85391 0.58048
0.85391 0.50788
0.85392 0.65977
0.85392 0.53395
0.85393 0.57120
0.85393 0.57647
0.85394 0.52395
0.85394 0.54791
0.85395 0.53142
0.85395 0.55977
0.85396 0.52858
0.85396 0.63919
0.85397 0.60025
0.85397 0.57854
0.85398 0.66343
0.85398 0.60660
0.85399 0.60804
0.85399 0.56654
0.85400 0.51354
0.85400 0.57244
0.85401 0.61228
0.85401 0.60008
0.85402 0.65705
0.85402 0.64916
0.85403 0.53027
0.85403 0.54652
0.85404 0.57011
0.85404 0.60411
0.85405 0.58659
0.85405 0.54846
0.85406 0.58940
0.85406 0.55218
0.85407 0.54426
0.85407 0.57242
0.85408 0.53481
0.85408 0.56445
0.85409 0.61512
0.85409 0.61651
0.85410 0.61417
0.85410 0.60788
0.85411 0.61565
0.85411 0.63098
0.85412 0.58129
0.85412 0.56059
0.85413 0.62385
0.85413 0.64440
0.85414 0.57257
0.85414 0.62680
0.85415 0.61112
0.85415 0.58324
0.85416 0.65868
0.85416 0.56468
0.85417 0.59863
0.85417 0.62336
0.85418 0.55612
0.85418 0.62273
0.85419 0.63537
0.85419 0.59927
0.85420 0.61082
0.85420 0.60936
0.85421 0.61224
0.85421 0.59879
0.85422 0.57235
0.85422 0.54355
0.85423 0.57951
0.85423 0.59750
0.85424 0.57597
0.85424 0.55349
0.85425 0.55400
0.85425 0.63428
0.85426 0.54852
0.85426 0.57260
0.85427 0.62684
0.85427 0.58555
0.85428 0.58780
0.85428 0.62149
0.85429 0.61151
0.85429 0.57985
0.85430 0.65298
0.85430 0.60446
0.85431 0.55994
0.85431 0.56153
0.85432 0.58165
0.85432 0.57974
0.85433 0.61308
0.85433 0.60655
0.85434 0.56525
0.85434 0.61770
0.85435 0.60758
0.85435 0.58373
0.85436 0.55846
0.85436 0.55296
0.85437 0.59003
0.85437 0.54642
0.85438 0.62427
0.85438 0.66480
0.85439 0.60094
0.85439 0.60783
0.85440 0.60499
0.85440 0.57325
0.85441 0.57973
0.85441 0.66204
0.85442 0.64620
0.85442 0.64837
0.85443 0.64368
0.85443 0.61424
0.85444 0.57470
0.85444 0.49755
0.85445 0.56371
0.85445 0.59512
0.85446 0.60079
0.85446 0.64599
0.85447 0.62459
0.85447 0.60002
0.85448 0.58413
0.85448 0.56677
0.85449 0.52119
0.85449 0.55681
0.85450 0.57306
0.85450 0.59444
0.85451 0.66671
0.85451 0.55885
0.85452 0.54857
0.85452 0.61047
0.85453 0.61083
0.85453 0.62794
0.85454 0.62281
0.85454 0.61142
0.85455 0.53861
0.85455 0.54271
0.85456 0.56364
0.85456 0.57463
0.85457 0.63047
0.85457 0.59677
0.85458 0.59380
0.85458 0.55377
0.85459 0.58089
0.85459 0.58121
0.85460 0.53199
0.85460 0.59965
0.85461 0.56989
0.85461 0.62216
0.85462 0.61821
0.85462 0.56942
0.85463 0.56313
0.85463 0.62467
0.85464 0.56705
0.85464 0.58071
0.85465 0.64884
0.85465 0.55706
0.85466 0.60331
0.85466 0.61274
0.85467 0.61222
0.85467 0.64382
0.85468 0.57768
0.85468 0.56166
0.85469 0.62472
0.85469 0.53339
0.85470 0.58150
0.85470 0.59913
0.85471 0.57462
0.85471 0.58084
0.85472 0.52441
0.85472 0.58695
0.85473 0.59305
0.85473 0.57802
0.85474 0.56273
0.85474 0.62950
0.85475 0.58090
0.85475 0.51687
0.85476 0.62820
0.85476 0.64169
0.85477 0.64034
0.85477 0.59979
0.85478 0.66543
0.85478 0.66197
0.85479 0.56340
0.85479 0.54829
0.85480 0.58561
0.85480 0.57330
0.85481 0.56688
0.85481 0.61138
0.85482 0.53710
0.85482 0.55848
0.85483 0.61789
0.85483 0.58374
0.85484 0.57430
0.85484 0.56476
0.85485 0.52460
0.85485 0.57230
0.85486 0.54286
0.85486 0.53012
0.85487 0.57839
0.85487 0.54349
0.85488 0.56537
0.85488 0.60640
0.85489 0.57429
0.85489 0.58472
0.85490 0.55673
0.85490 0.49908
0.85491 0.60458
0.85491 0.62740
0.85492 0.56925
0.85492 0.57363
0.85493 0.53897
0.85493 0.56526
0.85494 0.58114
0.85494 0.56365
0.85495 0.56423
0.85495 0.56531
0.85496 0.63627
0.85496 0.63528
0.85497 0.60313
0.85497 0.54873
0.85498 0.55202
0.85498 0.59590
0.85499 0.55977
0.85499 0.57125
0.85500 0.51024
0.85500 0.53746
0.85501 0.62198
0.85501 0.60009
0.85502 0.56974
0.85502 0.51241
0.85503 0.52088
0.85503 0.56473
0.85504 0.54678
0.85504 0.53968
0.85505 0.55624
0.85505 0.52057
0.85506 0.52268
0.85506 0.56264
0.85507 0.56560
0.85507 0.58725
0.85508 0.51550
0.85508 0.50234
0.85509 0.60637
0.85509 0.61493
0.85510 0.56740
0.85510 0.55742
0.85511 0.59174
0.85511 0.59455
0.85512 0.60911
0.85512 0.58815
0.85513 0.55343
0.85513 0.58875
0.85514 0.60841
0.85514 0.61751
0.85515 0.53103
0.85515 0.48451
0.85516 0.57594
0.85516 0.62781
0.85517 0.61283
0.85517 0.58059
0.85518 0.56334
0.85518 0.50029
0.85519 0.59323
0.85519 0.64815
0.85520 0.51557
0.85520 0.54659
0.85521 0.61046
0.85521 0.57005
0.85522 0.58066
0.85522 0.58741
0.85523 0.54786
0.85523 0.58753
0.85524 0.61837
0.85524 0.61357
0.85525 0.58294
0.85525 0.57865
0.85526 0.58298
0.85526 0.57489
0.85527 0.62740
0.85527 0.65601
0.85528 0.57265
0.85528 0.57430
0.85529 0.58448
0.85529 0.63767
0.85530 0.62423
0.85530 0.56045
0.85531 0.59876
0.85531 0.55145
0.85532 0.58755
0.85532 0.60669
0.85533 0.55589
0.85533 0.55713
0.85534 0.58740
0.85534 0.62928
0.85535 0.59816
0.85535 0.57684
0.85536 0.63212
0.85536 0.60978
0.85537 0.58734
0.85537 0.52774
0.85538 0.51702
0.85538 0.64513
0.85539 0.63554
0.85539 0.60592
0.85540 0.55207
0.85540 0.50845
0.85541 0.60025
0.85541 0.54818
0.85542 0.53411
0.85542 0.61061
0.85543 0.52951
0.85543 0.50893
0.85544 0.54024
0.85544 0.54901
0.85545 0.54540
0.85545 0.56013
0.85546 0.60779
0.85546 0.52887
0.85547 0.52931
0.85547 0.62532
0.85548 0.55257
0.85548 0.50742
0.85549 0.57762
0.85549 0.54021
0.85550 0.56959
0.85550 0.59833
0.85551 0.56667
0.85551 0.54486
0.85552 0.53819
0.85552 0.57787
0.85553 0.58274
0.85553 0.55041
0.85554 0.61350
0.85554 0.63565
0.85555 0.49210
0.85555 0.58287
0.85556 0.60657
0.85556 0.42824
0.85557 0.51759
0.85557 0.58539
0.85558 0.52263
0.85558 0.66811
0.85559 0.62427
0.85559 0.53419
0.85560 0.55216
0.85560 0.47182
0.85561 0.52452
0.85561 0.54640
0.85562 0.49583
0.85562 0.57798
0.85563 0.63199
0.85563 0.56139
0.85564 0.59120
0.85564 0.58931
0.85565 0.54502
0.85565 0.56630
0.85566 0.56086
0.85566 0.55357
0.85567 0.51321
0.85567 0.53275
0.85568 0.54677
0.85568 0.51275
0.85569 0.61260
0.85569 0.58457
0.85570 0.50046
0.85570 0.62954
0.85571 0.63516
0.85571 0.56341
0.85572 0.50435
0.85572 0.48712
0.85573 0.58752
0.85573 0.61914
0.85574 0.56639
0.85574 0.54720
0.85575 0.59846
0.85575 0.55844
0.85576 0.58648
0.85576 0.54390
0.85577 0.50385
0.85577 0.62254
0.85578 0.57179
0.85578 0.51781
0.85579 0.54003
0.85579 0.54019
0.85580 0.64646
0.85580 0.61932
0.85581 0.55002
0.85581 0.67986
0.85582 0.57929
0.85582 0.53961
0.85583 0.56914
0.85583 0.53814
0.85584 0.55062
0.85584 0.47621
0.85585 0.51328
0.85585 0.57795
0.85586 0.56214
0.85586 0.49129
0.85587 0.52143
0.85587 0.59500
0.85588 0.60856
0.85588 0.61362
0.85589 0.52269
0.85589 0.53364
0.85590 0.57645
0.85590 0.52533
0.85591 0.60277
0.85591 0.51204
0.85592 0.50673
0.85592 0.62094
0.85593 0.61365
0.85593 0.61325
0.85594 0.55707
0.85594 0.55817
0.85595 0.52666
0.85595 0.54627
0.85596 0.58421
0.85596 0.61046
0.85597 0.58239
0.85597 0.53809
0.85598 0.52933
0.85598 0.55727
0.85599 0.63381
0.85599 0.57875
0.85600 0.54663
0.85600 0.51515
0.85601 0.54044
0.85601 0.49696
0.85602 0.49278
0.85602 0.67858
0.85603 0.54120
0.85603 0.55511
0.85604 0.55339
0.85604 0.46865
0.85605 0.59490
0.85605 0.61219
0.85606 0.62678
0.85606 0.51877
0.85607 0.47747
0.85607 0.52283
0.85608 0.46913
0.85608 0.50808
0.85609 0.56272
0.85609 0.57889
0.85610 0.53731
0.85610 0.52392
0.85611 0.51173
0.85611 0.44744
0.85612 0.56574
0.85612 0.58974
0.85613 0.55638
0.85613 0.56751
0.85614 0.54734
0.85614 0.49668
0.85615 0.47063
0.85615 0.52516
0.85616 0.55160
0.85616 0.53590
0.85617 0.48971
0.85617 0.55392
0.85618 0.54155
0.85618 0.52537
0.85619 0.58532
0.85619 0.54033
0.85620 0.56343
0.85620 0.52508
0.85621 0.51976
0.85621 0.64745
0.85622 0.60087
0.85622 0.53715
0.85623 0.51112
0.85623 0.55685
0.85624 0.57842
0.85624 0.52718
0.85625 0.51216
0.85625 0.49116
0.85626 0.57419
0.85626 0.55289
0.85627 0.55362
0.85627 0.58225
0.85628 0.57329
0.85628 0.57423
0.85629 0.49355
0.85629 0.52779
0.85630 0.53707
0.85630 0.53042
0.85631 0.55711
0.85631 0.59326
0.85632 0.55763
0.85632 0.50166
0.85633 0.53641
0.85633 0.49635
0.85634 0.53350
0.85634 0.59685
0.85635 0.60869
0.85635 0.59630
0.85636 0.54249
0.85636 0.55988
0.85637 0.52172
0.85637 0.49601
0.85638 0.54350
0.85638 0.50865
0.85639 0.54329
0.85639 0.55713
0.85640 0.56600
0.85640 0.55162
0.85641 0.50633
0.85641 0.55811
0.85642 0.51743
0.85642 0.53679
0.85643 0.55974
0.85643 0.58069
0.85644 0.64367
0.85644 0.54541
0.85645 0.53116
0.85645 0.57197
0.85646 0.51267
0.85646 0.52832
0.85647 0.61512
0.85647 0.52665
0.85648 0.47812
0.85648 0.56650
0.85649 0.56751
0.85649 0.55203
0.85650 0.54253
0.85650 0.56199
0.85651 0.56046
0.85651 0.53921
0.85652 0.58421
0.85652 0.55138
0.85653 0.54768
0.85653 0.57179
0.85654 0.56161
0.85654 0.56881
0.85655 0.63258
0.85655 0.57103
0.85656 0.48259
0.85656 0.53321
0.85657 0.56452
0.85657 0.55234
0.85658 0.54819
0.85658 0.57504
0.85659 0.48424
0.85659 0.51938
0.85660 0.50774
0.85660 0.55134
0.85661 0.62467
0.85661 0.54508
0.85662 0.55728
0.85662 0.50975
0.85663 0.53185
0.85663 0.55077
0.85664 0.53793
0.85664 0.56409
0.85665 0.52357
0.85665 0.60249
0.85666 0.57354
0.85666 0.58156
0.85667 0.55564
0.85667 0.52827
0.85668 0.54854
0.85668 0.47372
0.85669 0.59445
0.85669 0.52765
0.85670 0.52146
0.85670 0.64124
0.85671 0.53401
0.85671 0.44069
0.85672 0.50346
0.85672 0.55826
0.85673 0.61511
0.85673 0.53505
0.85674 0.47245
0.85674 0.55230
0.85675 0.46921
0.85675 0.50273
0.85676 0.54077
0.85676 0.50952
0.85677 0.52372
0.85677 0.52727
0.85678 0.52699
0.85678 0.50162
0.85679 0.55626
0.85679 0.59229
0.85680 0.56962
0.85680 0.55998
0.85681 0.54986
0.85681 0.45258
0.85682 0.49759
0.85682 0.56601
0.85683 0.52470
0.85683 0.57182
0.85684 0.55100
0.85684 0.57512
0.85685 0.52185
0.85685 0.42828
0.85686 0.47318
0.85686 0.51401
0.85687 0.57649
0.85687 0.51751
0.85688 0.53705
0.85688 0.52148
0.85689 0.40271
0.85689 0.54200
0.85690 0.56856
0.85690 0.60821
0.85691 0.58403
0.85691 0.52296
0.85692 0.54421
0.85692 0.47806
0.85693 0.52103
0.85693 0.50348
0.85694 0.53511
0.85694 0.52775
0.85695 0.54098
0.85695 0.54623
0.85696 0.50077
0.85696 0.54196
0.85697 0.56638
0.85697 0.57183
0.85698 0.60844
0.85698 0.59796
0.85699 0.48226
0.85699 0.49935
0.85700 0.50002
0.85700 0.52536
0.85701 0.50414
0.85701 0.50525
0.85702 0.56599
0.85702 0.51660
0.85703 0.54676
0.85703 0.45669
0.85704 0.52595
0.85704 0.57080
0.85705 0.47057
0.85705 0.51973
0.85706 0.53183
0.85706 0.54172
0.85707 0.46635
0.85707 0.47747
0.85708 0.51084
0.85708 0.50800
0.85709 0.62062
0.85709 0.54883
0.85710 0.44953
0.85710 0.52934
0.85711 0.51274
0.85711 0.54697
0.85712 0.46841
0.85712 0.43569
0.85713 0.54509
0.85713 0.47471
0.85714 0.55103
0.85714 0.57850
0.85715 0.59622
0.85715 0.55822
0.85716 0.49916
0.85716 0.55148
0.85717 0.46302
0.85717 0.48889
0.85718 0.48054
0.85718 0.41006
0.85719 0.54266
0.85719 0.56344
0.85720 0.49422
0.85720 0.58006
0.85721 0.58774
0.85721 0.55029
0.85722 0.57057
0.85722 0.53678
0.85723 0.50219
0.85723 0.52658
0.85724 0.46420
0.85724 0.42772
0.85725 0.53932
0.85725 0.56468
0.85726 0.52337
0.85726 0.50165
0.85727 0.50469
0.85727 0.55623
0.85728 0.51612
0.85728 0.51935
0.85729 0.53094
0.85729 0.54599
0.85730 0.48279
0.85730 0.47398
0.85731 0.58293
0.85731 0.49939
0.85732 0.49502
0.85732 0.48121
0.85733 0.51096
0.85733 0.53527
0.85734 0.46778
0.85734 0.55522
0.85735 0.59816
0.85735 0.55734
0.85736 0.51594
0.85736 0.50364
0.85737 0.57275
0.85737 0.49887
0.85738 0.50692
0.85738 0.53318
0.85739 0.53819
0.85739 0.56007
0.85740 0.45783
0.85740 0.45501
0.85741 0.49553
0.85741 0.48590
0.85742 0.46880
0.85742 0.51383
0.85743 0.54793
0.85743 0.51992
0.85744 0.52263
0.85744 0.49996
0.85745 0.48222
0.85745 0.51966
0.85746 0.51860
0.85746 0.50064
0.85747 0.52086
0.85747 0.53531
0.85748 0.51560
0.85748 0.48821
0.85749 0.46760
0.85749 0.55717
0.85750 0.57430
0.85750 0.50629
0.85751 0.52955
0.85751 0.55025
0.85752 0.56176
0.85752 0.49191
0.85753 0.51872
0.85753 0.52260
0.85754 0.50146
0.85754 0.54054
0.85755 0.47521
0.85755 0.53223
0.85756 0.55447
0.85756 0.51223
0.85757 0.51952
0.85757 0.52524
0.85758 0.51352
0.85758 0.45806
0.85759 0.47505
0.85759 0.54276
0.85760 0.51175
0.85760 0.49059
0.85761 0.50805
0.85761 0.51323
0.85762 0.57443
0.85762 0.51097
0.85763 0.50032
0.85763 0.49974
0.85764 0.45619
0.85764 0.53671
0.85765 0.52631
0.85765 0.56145
0.85766 0.53915
0.85766 0.46271
0.85767 0.53745
0.85767 0.53350
0.85768 0.53234
0.85768 0.50284
0.85769 0.50152
0.85769 0.51953
0.85770 0.50473
0.85770 0.53002
0.85771 0.47468
0.85771 0.47195
0.85772 0.46156
0.85772 0.47713
0.85773 0.45829
0.85773 0.50516
0.85774 0.56881
0.85774 0.53606
0.85775 0.54810
0.85775 0.53479
0.85776 0.47886
0.85776 0.50911
0.85777 0.52555
0.85777 0.51537
0.85778 0.51822
0.85778 0.48946
0.85779 0.51473
0.85779 0.47704
0.85780 0.46663
0.85780 0.44618
0.85781 0.50145
0.85781 0.53275
0.85782 0.52171
0.85782 0.54256
0.85783 0.44381
0.85783 0.48508
0.85784 0.53837
0.85784 0.49511
0.85785 0.54784
0.85785 0.45878
0.85786 0.48033
0.85786 0.54385
0.85787 0.52390
0.85787 0.57561
0.85788 0.53769
0.85788 0.55318
0.85789 0.52269
0.85789 0.44494
0.85790 0.51416
0.85790 0.49254
0.85791 0.47401
0.85791 0.54833
0.85792 0.56966
0.85792 0.50870
0.85793 0.45915
0.85793 0.53408
0.85794 0.49735
0.85794 0.47618
0.85795 0.53840
0.85795 0.50221
0.85796 0.55582
0.85796 0.52612
0.85797 0.51699
0.85797 0.54826
0.85798 0.47585
0.85798 0.51194
0.85799 0.49573
0.85799 0.49649
0.85800 0.49634
0.85800 0.52104
0.85801 0.51238
0.85801 0.48756
0.85802 0.54545
0.85802 0.48296
0.85803 0.46352
0.85803 0.48429
0.85804 0.50695
0.85804 0.52121
0.85805 0.44015
0.85805 0.54877
0.85806 0.55397
0.85806 0.49976
0.85807 0.57506
0.85807 0.44241
0.85808 0.45996
0.85808 0.51081
0.85809 0.45743
0.85809 0.50845
0.85810 0.46210
0.85810 0.50766
0.85811 0.56468
0.85811 0.51013
0.85812 0.48531
0.85812 0.43359
0.85813 0.52758
0.85813 0.52380
0.85814 0.50729
0.85814 0.51805
0.85815 0.50427
0.85815 0.48570
0.85816 0.47372
0.85816 0.54063
0.85817 0.49188
0.85817 0.50350
0.85818 0.53603
0.85818 0.50217
0.85819 0.45124
0.85819 0.39405
0.85820 0.44041
0.85820 0.52073
0.85821 0.55831
0.85821 0.53657
0.85822 0.52738
0.85822 0.50308
0.85823 0.46037
0.85823 0.52330
0.85824 0.51897
0.85824 0.52446
0.85825 0.52494
0.85825 0.49035
0.85826 0.47256
0.85826 0.51065
0.85827 0.48866
0.85827 0.48185
0.85828 0.52306
0.85828 0.46950
0.85829 0.50471
0.85829 0.49318
0.85830 0.46263
0.85830 0.55596
0.85831 0.59653
0.85831 0.47166
0.85832 0.39521
0.85832 0.48389
0.85833 0.56672
0.85833 0.56969
0.85834 0.49969
0.85834 0.47473
0.85835 0.49091
0.85835 0.45321
0.85836 0.51022
0.85836 0.56966
0.85837 0.47542
0.85837 0.50362
0.85838 0.50028
0.85838 0.51200
0.85839 0.53468
0.85839 0.45542
0.85840 0.50112
0.85840 0.47302
0.85841 0.44722
0.85841 0.47056
0.85842 0.56431
0.85842 0.51052
0.85843 0.44600
0.85843 0.47874
0.85844 0.40664
0.85844 0.47605
0.85845 0.50155
0.85845 0.41690
0.85846 0.42241
0.85846 0.50259
0.85847 0.51920
0.85847 0.47928
0.85848 0.43951
0.85848 0.47987
0.85849 0.44802
0.85849 0.39888
0.85850 0.50012
0.85850 0.46019
0.85851 0.41464
0.85851 0.44958
0.85852 0.45529
0.85852 0.53406
0.85853 0.48345
0.85853 0.46589
0.85854 0.56532
0.85854 0.53914
0.85855 0.43312
0.85855 0.48488
0.85856 0.56925
0.85856 0.46464
0.85857 0.47755
0.85857 0.49273
0.85858 0.51708
0.85858 0.49868
0.85859 0.51641
0.85859 0.49472
0.85860 0.49138
0.85860 0.53851
0.85861 0.42976
0.85861 0.47392
0.85862 0.45915
0.85862 0.48745
0.85863 0.54472
0.85863 0.49994
0.85864 0.51041
0.85864 0.47460
0.85865 0.47371
0.85865 0.44002
0.85866 0.43318
0.85866 0.44617
0.85867 0.47212
0.85867 0.47474
0.85868 0.49639
0.85868 0.51207
0.85869 0.44113
0.85869 0.43519
0.85870 0.47728
0.85870 0.46716
0.85871 0.42255
0.85871 0.47783
0.85872 0.48730
0.85872 0.48937
0.85873 0.52008
0.85873 0.46856
0.85874 0.47970
0.85874 0.51024
0.85875 0.52197
0.85875 0.53987
0.85876 0.44097
0.85876 0.46269
0.85877 0.50880
0.85877 0.51634
0.85878 0.52812
0.85878 0.46749
0.85879 0.48607
0.85879 0.46305
0.85880 0.45287
0.85880 0.49266
0.85881 0.47683
0.85881 0.46720
0.85882 0.43005
0.85882 0.45326
0.85883 0.46163
0.85883 0.49951
0.85884 0.51145
0.85884 0.44926
0.85885 0.45388
0.85885 0.47895
0.85886 0.42957
0.85886 0.44212
0.85887 0.49713
0.85887 0.42232
0.85888 0.46940
0.85888 0.43905
0.85889 0.42682
0.85889 0.50522
0.85890 0.50432
0.85890 0.49935
0.85891 0.55236
0.85891 0.53963
0.85892 0.45230
0.85892 0.45014
0.85893 0.48130
0.85893 0.47438
0.85894 0.42885
0.85894 0.52808
0.85895 0.47904
0.85895 0.43419
0.85896 0.48075
0.85896 0.42507
0.85897 0.44392
0.85897 0.40471
0.85898 0.48006
0.85898 0.46152
0.85899 0.41848
0.85899 0.51138
0.85900 0.46505
0.85900 0.43879
0.85901 0.42091
0.85901 0.48968
0.85902 0.53419
0.85902 0.44208
0.85903 0.49371
0.85903 0.53098
0.85904 0.45407
0.85904 0.44152
0.85905 0.43937
0.85905 0.43714
0.85906 0.48457
0.85906 0.50881
0.85907 0.45247
0.85907 0.49938
0.85908 0.48278
0.85908 0.47802
0.85909 0.52501
0.85909 0.45591
0.85910 0.48026
0.85910 0.49445
0.85911 0.50919
0.85911 0.50505
0.85912 0.44788
0.85912 0.48134
0.85913 0.52288
0.85913 0.44630
0.85914 0.39821
0.85914 0.46136
0.85915 0.45163
0.85915 0.40322
0.85916 0.46369
0.85916 0.51894
0.85917 0.51101
0.85917 0.43050
0.85918 0.50287
0.85918 0.55236
0.85919 0.46610
0.85919 0.49492
0.85920 0.48840
0.85920 0.49258
0.85921 0.43945
0.85921 0.49096
0.85922 0.53941
0.85922 0.40703
0.85923 0.46404
0.85923 0.49277
0.85924 0.46423
0.85924 0.46859
0.85925 0.45109
0.85925 0.48418
0.85926 0.44995
0.85926 0.50610
0.85927 0.46148
0.85927 0.41798
0.85928 0.52512
0.85928 0.44338
0.85929 0.47949
0.85929 0.52440
0.85930 0.43753
0.85930 0.48581
0.85931 0.48401
0.85931 0.48859
0.85932 0.52341
0.85932 0.51446
0.85933 0.48844
0.85933 0.44429
0.85934 0.45807
0.85934 0.45835
0.85935 0.47285
0.85935 0.46220
0.85936 0.48640
0.85936 0.42086
0.85937 0.44087
0.85937 0.53439
0.85938 0.46098
0.85938 0.49191
0.85939 0.43751
0.85939 0.44883
0.85940 0.48467
0.85940 0.49853
0.85941 0.52689
0.85941 0.49405
0.85942 0.48824
0.85942 0.46925
0.85943 0.45608
0.85943 0.44801
0.85944 0.46730
0.85944 0.50878
0.85945 0.44621
0.85945 0.44146
0.85946 0.47220
0.85946 0.48156
0.85947 0.39801
0.85947 0.42307
0.85948 0.55917
0.85948 0.45575
0.85949 0.50683
0.85949 0.54625
0.85950 0.47054
0.85950 0.52720
0.85951 0.50653
0.85951 0.43648
0.85952 0.54060
0.85952 0.53431
0.85953 0.44875
0.85953 0.47820
0.85954 0.49492
0.85954 0.49976
0.85955 0.47196
0.85955 0.44822
0.85956 0.44196
0.85956 0.51835
0.85957 0.54380
0.85957 0.48488
0.85958 0.46710
0.85958 0.46920
0.85959 0.45615
0.85959 0.43634
0.85960 0.47789
0.85960 0.44333
0.85961 0.48084
0.85961 0.50612
0.85962 0.45596
0.85962 0.48957
0.85963 0.49053
0.85963 0.41390
0.85964 0.45967
0.85964 0.47547
0.85965 0.51568
0.85965 0.54174
0.85966 0.44698
0.85966 0.44622
0.85967 0.50074
0.85967 0.45789
0.85968 0.42696
0.85968 0.48622
0.85969 0.46553
0.85969 0.47278
0.85970 0.38585
0.85970 0.40783
0.85971 0.43324
0.85971 0.40371
0.85972 0.53172
0.85972 0.45977
0.85973 0.40105
0.85973 0.48031
0.85974 0.45268
0.85974 0.46213
0.85975 0.44324
0.85975 0.45351
0.85976 0.45611
0.85976 0.44699
0.85977 0.47561
0.85977 0.48044
0.85978 0.45937
0.85978 0.45399
0.85979 0.45482
0.85979 0.45721
0.85980 0.48675
0.85980 0.41526
0.85981 0.45711
0.85981 0.45682
0.85982 0.47264
0.85982 0.47367
0.85983 0.42132
0.85983 0.46973
0.85984 0.48971
0.85984 0.44493
0.85985 0.36583
0.85985 0.43612
0.85986 0.47095
0.85986 0.46997
0.85987 0.44844
0.85987 0.44760
0.85988 0.45627
0.85988 0.46527
0.85989 0.45908
0.85989 0.42191
0.85990 0.45149
0.85990 0.44390
0.85991 0.46708
0.85991 0.46311
0.85992 0.43754
0.85992 0.47490
0.85993 0.46575
0.85993 0.47723
0.85994 0.50208
0.85994 0.46214
0.85995 0.42184
0.85995 0.41409
0.85996 0.52576
0.85996 0.51487
0.85997 0.50475
0.85997 0.52881
0.85998 0.42953
0.85998 0.48667
0.85999 0.44043
0.85999 0.47185
0.86000 0.47592
0.86000 0.45641
0.86001 0.50895
0.86001 0.39385
0.86002 0.46783
0.86002 0.48703
0.86003 0.42711
0.86003 0.44922
0.86004 0.52010
0.86004 0.45760
0.86005 0.41511
0.86005 0.40145
0.86006 0.44013
0.86006 0.49394
0.86007 0.46696
0.86007 0.55049
0.86008 0.52394
0.86008 0.50321
0.86009 0.43668
0.86009 0.44105
0.86010 0.51797
0.86010 0.49738
0.86011 0.42873
0.86011 0.44502
0.86012 0.49798
0.86012 0.43698
0.86013 0.42508
0.86013 0.43551
0.86014 0.44364
0.86014 0.48687
0.86015 0.41679
0.86015 0.44005
0.86016 0.53571
0.86016 0.38237
0.86017 0.40078
0.86017 0.48055
0.86018 0.46829
0.86018 0.53019
0.86019 0.39732
0.86019 0.42852
0.86020 0.45986
0.86020 0.44602
0.86021 0.54434
0.86021 0.49443
0.86022 0.44700
0.86022 0.37700
0.86023 0.43029
0.86023 0.47875
0.86024 0.46843
0.86024 0.44488
0.86025 0.38081
0.86025 0.38797
0.86026 0.44531
0.86026 0.41791
0.86027 0.38941
0.86027 0.42698
0.86028 0.38310
0.86028 0.37682
0.86029 0.40038
0.86029 0.48304
0.86030 0.43665
0.86030 0.43197
0.86031 0.50887
0.86031 0.42416
0.86032 0.48417
0.86032 0.47589
0.86033 0.40206
0.86033 0.46594
0.86034 0.44885
0.86034 0.45473
0.86035 0.45247
0.86035 0.40264
0.86036 0.42254
0.86036 0.46116
0.86037 0.45474
0.86037 0.45447
0.86038 0.45407
0.86038 0.44623
0.86039 0.45120
0.86039 0.44958
0.86040 0.39703
0.86040 0.41207
0.86041 0.47409
0.86041 0.41712
0.86042 0.44651
0.86042 0.51246
0.86043 0.44655
0.86043 0.43588
0.86044 0.48285
0.86044 0.36439
0.86045 0.40918
0.86045 0.54916
0.86046 0.45905
0.86046 0.34387
0.86047 0.44960
0.86047 0.44082
0.86048 0.38188
0.86048 0.43558
0.86049 0.46931
0.86049 0.46838
0.86050 0.39279
0.86050 0.39295
0.86051 0.44308
0.86051 0.41572
0.86052 0.40059
0.86052 0.49682
0.86053 0.46218
0.86053 0.38802
0.86054 0.40625
0.86054 0.50216
0.86055 0.48567
0.86055 0.39463
0.86056 0.43602
0.86056 0.47098
0.86057 0.45003
0.86057 0.45438
0.86058 0.42099
0.86058 0.40714
0.86059 0.39891
0.86059 0.39411
0.86060 0.40834
0.86060 0.45318
0.86061 0.46298
0.86061 0.39073
0.86062 0.42600
0.86062 0.41254
0.86063 0.42272
0.86063 0.47505
0.86064 0.39785
0.86064 0.42067
0.86065 0.45355
0.86065 0.43497
0.86066 0.43351
0.86066 0.43829
0.86067 0.41137
0.86067 0.41914
0.86068 0.41183
0.86068 0.43940
0.86069 0.45806
0.86069 0.42707
0.86070 0.42519
0.86070 0.43769
0.86071 0.43653
0.86071 0.40935
0.86072 0.45042
0.86072 0.42081
0.86073 0.44881
0.86073 0.42521
0.86074 0.43690
0.86074 0.46285
0.86075 0.38558
0.86075 0.39957
0.86076 0.45974
0.86076 0.45886
0.86077 0.47110
0.86077 0.42359
0.86078 0.40122
0.86078 0.46940
0.86079 0.39893
0.86079 0.45157
0.86080 0.46819
0.86080 0.48240
0.86081 0.51679
0.86081 0.45193
0.86082 0.46747
0.86082 0.41956
0.86083 0.48341
0.86083 0.45064
0.86084 0.47223
0.86084 0.50514
0.86085 0.40136
0.86085 0.41408
0.86086 0.35846
0.86086 0.42152
0.86087 0.46886
0.86087 0.49815
0.86088 0.46322
0.86088 0.43004
0.86089 0.46882
0.86089 0.44957
0.86090 0.44779
0.86090 0.39387
0.86091 0.40472
0.86091 0.42594
0.86092 0.48420
0.86092 0.41831
0.86093 0.47168
0.86093 0.44258
0.86094 0.37004
0.86094 0.39332
0.86095 0.37538
0.86095 0.44628
0.86096 0.41679
0.86096 0.45389
0.86097 0.45284
0.86097 0.41996
0.86098 0.42213
0.86098 0.40958
0.86099 0.43439
0.86099 0.48050
0.86100 0.42936
0.86100 0.40284
0.86101 0.45527
0.86101 0.37709
0.86102 0.39690
0.86102 0.50004
0.86103 0.43154
0.86103 0.43970
0.86104 0.45492
0.86104 0.43160
0.86105 0.38829
0.86105 0.37629
0.86106 0.42044
0.86106 0.38099
0.86107 0.40212
0.86107 0.44518
0.86108 0.39967
0.86108 0.43597
0.86109 0.42440
0.86109 0.39290
0.86110 0.40373
0.86110 0.38384
0.86111 0.39470
0.86111 0.37750
0.86112 0.47808
0.86112 0.36629
0.86113 0.40189
0.86113 0.48842
0.86114 0.37920
0.86114 0.37156
0.86115 0.42927
0.86115 0.50177
0.86116 0.38673
0.86116 0.48856
0.86117 0.48203
0.86117 0.41058
0.86118 0.47822
0.86118 0.47621
0.86119 0.46752
0.86119 0.39191
0.86120 0.40909
0.86120 0.43730
0.86121 0.38601
0.86121 0.40150
0.86122 0.41708
0.86122 0.41876
0.86123 0.41898
0.86123 0.37368
0.86124 0.40955
0.86124 0.46431
0.86125 0.43678
0.86125 0.39384
0.86126 0.36911
0.86126 0.39011
0.86127 0.42432
0.86127 0.43660
0.86128 0.48263
0.86128 0.40445
0.86129 0.35414
0.86129 0.41588
0.86130 0.49944
0.86130 0.36216
0.86131 0.36348
0.86131 0.47074
0.86132 0.44608
0.86132 0.52693
0.86133 0.46285
0.86133 0.42027
0.86134 0.38949
0.86134 0.44491
0.86135 0.49265
0.86135 0.45766
0.86136 0.49247
0.86136 0.45074
0.86137 0.39762
0.86137 0.40032
0.86138 0.37961
0.86138 0.37153
0.86139 0.45218
0.86139 0.51224
0.86140 0.41601
0.86140 0.39467
0.86141 0.45306
0.86141 0.45527
0.86142 0.42563
0.86142 0.41697
0.86143 0.41840
0.86143 0.39648
0.86144 0.47558
0.86144 0.45501
0.86145 0.40729
0.86145 0.46775
0.86146 0.45010
0.86146 0.38857
0.86147 0.39530
0.86147 0.39922
0.86148 0.41928
0.86148 0.45773
0.86149 0.42440
0.86149 0.43858
0.86150 0.46664
0.86150 0.35738
0.86151 0.37403
0.86151 0.46962
0.86152 0.43703
0.86152 0.43700
0.86153 0.41016
0.86153 0.33654
0.86154 0.37015
0.86154 0.37559
0.86155 0.45981
0.86155 0.50104
0.86156 0.38647
0.86156 0.38328
0.86157 0.39235
0.86157 0.40697
0.86158 0.41348
0.86158 0.43416
0.86159 0.39732
0.86159 0.36903
0.86160 0.44679
0.86160 0.42701
0.86161 0.43323
0.86161 0.38191
0.86162 0.41234
0.86162 0.50051
0.86163 0.36570
0.86163 0.35778
0.86164 0.36515
0.86164 0.36801
0.86165 0.40117
0.86165 0.48588
0.86166 0.46908
0.86166 0.41929
0.86167 0.41502
0.86167 0.42507
0.86168 0.40185
0.86168 0.45941
0.86169 0.47684
0.86169 0.36435
0.86170 0.44510
0.86170 0.45326
0.86171 0.44737
0.86171 0.47211
0.86172 0.41665
0.86172 0.40502
0.86173 0.39935
0.86173 0.46915
0.86174 0.45310
0.86174 0.45169
0.86175 0.45006
0.86175 0.36564
0.86176 0.46061
0.86176 0.43474
0.86177 0.41163
0.86177 0.41893
0.86178 0.41090
0.86178 0.36053
0.86179 0.28259
0.86179 0.37847
0.86180 0.47090
0.86180 0.45197
0.86181 0.40382
0.86181 0.42159
0.86182 0.42689
0.86182 0.41787
0.86183 0.38557
0.86183 0.36412
0.86184 0.37038
0.86184 0.37082
0.86185 0.38655
0.86185 0.39959
0.86186 0.48895
0.86186 0.48488
0.86187 0.42336
0.86187 0.37097
0.86188 0.39987
0.86188 0.44687
0.86189 0.35297
0.86189 0.41193
0.86190 0.42859
0.86190 0.34743
0.86191 0.42868
0.86191 0.46101
0.86192 0.45542
0.86192 0.44020
0.86193 0.39792
0.86193 0.36918
0.86194 0.38863
0.86194 0.40451
0.86195 0.46415
0.86195 0.43302
0.86196 0.39318
0.86196 0.43006
0.86197 0.46344
0.86197 0.43150
0.86198 0.36651
0.86198 0.46396
0.86199 0.44726
0.86199 0.37869
0.86200 0.36451
0.86200 0.38377
0.86201 0.36561
0.86201 0.40333
0.86202 0.42953
0.86202 0.46331
0.86203 0.44192
0.86203 0.30993
0.86204 0.43625
0.86204 0.42664
0.86205 0.36976
0.86205 0.41643
0.86206 0.42734
0.86206 0.40914
0.86207 0.39112
0.86207 0.45623
0.86208 0.41467
0.86208 0.37469
0.86209 0.50122
0.86209 0.43762
0.86210 0.39780
0.86210 0.43006
0.86211 0.36574
0.86211 0.45233
0.86212 0.43780
0.86212 0.40680
0.86213 0.33634
0.86213 0.39120
0.86214 0.39742
0.86214 0.37868
0.86215 0.45506
0.86215 0.41382
0.86216 0.43180
0.86216 0.39565
0.86217 0.33761
0.86217 0.34173
0.86218 0.37755
0.86218 0.38837
0.86219 0.41080
0.86219 0.39057
0.86220 0.38344
0.86220 0.40401
0.86221 0.38608
0.86221 0.40441
0.86222 0.35925
0.86222 0.41846
0.86223 0.37622
0.86223 0.28911
0.86224 0.38722
0.86224 0.41598
0.86225 0.39058
0.86225 0.37402
0.86226 0.45980
0.86226 0.42687
0.86227 0.40266
0.86227 0.39130
0.86228 0.34773
0.86228 0.44177
0.86229 0.46536
0.86229 0.41744
0.86230 0.40618
0.86230 0.39850
0.86231 0.37838
0.86231 0.43806
0.86232 0.46883
0.86232 0.42462
0.86233 0.45648
0.86233 0.39273
0.86234 0.34586
0.86234 0.34845
0.86235 0.34213
0.86235 0.40102
0.86236 0.34694
0.86236 0.38134
0.86237 0.40033
0.86237 0.39567
0.86238 0.41183
0.86238 0.38173
0.86239 0.44166
0.86239 0.40503
0.86240 0.41495
0.86240 0.34137
0.86241 0.32512
0.86241 0.43618
0.86242 0.44038
0.86242 0.39857
0.86243 0.40464
0.86243 0.39734
0.86244 0.41588
0.86244 0.44435
0.86245 0.37779
0.86245 0.37809
0.86246 0.34664
0.86246 0.37802
0.86247 0.38496
0.86247 0.42801
0.86248 0.36729
0.86248 0.32179
0.86249 0.43599
0.86249 0.39920
0.86250 0.41172
0.86250 0.36669
0.86251 0.40315
0.86251 0.46020
0.86252 0.31583
0.86252 0.36902
0.86253 0.46899
0.86253 0.41699
0.86254 0.37430
0.86254 0.46798
0.86255 0.44977
0.86255 0.25027
0.86256 0.38396
0.86256 0.43037
0.86257 0.38469
0.86257 0.36540
0.86258 0.35496
0.86258 0.50695
0.86259 0.44921
0.86259 0.37909
0.86260 0.39191
0.86260 0.38142
0.86261 0.39041
0.86261 0.37965
0.86262 0.41415
0.86262 0.44174
0.86263 0.42694
0.86263 0.41548
0.86264 0.36576
0.86264 0.39599
0.86265 0.37296
0.86265 0.41645
0.86266 0.42469
0.86266 0.47725
0.86267 0.41333
0.86267 0.32520
0.86268 0.42060
0.86268 0.39016
0.86269 0.34280
0.86269 0.37895
0.86270 0.41821
0.86270 0.40564
0.86271 0.40073
0.86271 0.35759
0.86272 0.42591
0.86272 0.39135
0.86273 0.38253
0.86273 0.42989
0.86274 0.36019
0.86274 0.39452
0.86275 0.40968
0.86275 0.35167
0.86276 0.39110
0.86276 0.45110
0.86277 0.39951
0.86277 0.39185
0.86278 0.38030
0.86278 0.39087
0.86279 0.39720
0.86279 0.43812
0.86280 0.46929
0.86280 0.37916
0.86281 0.38574
0.86281 0.35779
0.86282 0.42196
0.86282 0.38517
0.86283 0.31149
0.86283 0.42278
0.86284 0.35398
0.86284 0.34411
0.86285 0.39226
0.86285 0.39401
0.86286 0.43299
0.86286 0.35484
0.86287 0.39309
0.86287 0.40132
0.86288 0.38448
0.86288 0.43574
0.86289 0.37816
0.86289 0.36556
0.86290 0.38485
0.86290 0.34594
0.86291 0.41106
0.86291 0.48781
0.86292 0.34948
0.86292 0.37802
0.86293 0.38746
0.86293 0.33794
0.86294 0.40549
0.86294 0.38352
0.86295 0.40950
0.86295 0.42357
0.86296 0.40646
0.86296 0.44837
0.86297 0.41149
0.86297 0.42306
0.86298 0.44787
0.86298 0.38564
0.86299 0.33684
0.86299 0.41166
0.86300 0.44963
0.86300 0.37735
0.86301 0.36428
0.86301 0.30983
0.86302 0.38906
0.86302 0.40839
0.86303 0.38322
0.86303 0.42212
0.86304 0.30139
0.86304 0.36203
0.86305 0.42042
0.86305 0.37773
0.86306 0.40985
0.86306 0.36991
0.86307 0.39459
0.86307 0.46179
0.86308 0.41342
0.86308 0.39390
0.86309 0.35502
0.86309 0.38400
0.86310 0.47489
0.86310 0.44144
0.86311 0.41165
0.86311 0.34419
0.86312 0.31973
0.86312 0.37952
0.86313 0.37127
0.86313 0.42960
0.86314 0.42753
0.86314 0.40903
0.86315 0.42947
0.86315 0.39035
0.86316 0.44804
0.86316 0.42628
0.86317 0.37291
0.86317 0.29882
0.86318 0.33971
0.86318 0.42696
0.86319 0.39998
0.86319 0.41701
0.86320 0.37245
0.86320 0.33756
0.86321 0.30915
0.86321 0.36745
0.86322 0.38709
0.86322 0.37886
0.86323 0.35592
0.86323 0.30597
0.86324 0.42351
0.86324 0.45334
0.86325 0.34145
0.86325 0.33918
0.86326 0.40591
0.86326 0.42785
0.86327 0.45802
0.86327 0.37429
0.86328 0.33963
0.86328 0.47943
0.86329 0.39454
0.86329 0.36733
0.86330 0.39195
0.86330 0.30266
0.86331 0.38950
0.86331 0.43854
0.86332 0.40251
0.86332 0.37548
0.86333 0.37841
0.86333 0.41302
0.86334 0.42405
0.86334 0.38086
0.86335 0.34088
0.86335 0.41194
0.86336 0.38342
0.86336 0.36029
0.86337 0.39026
0.86337 0.36139
0.86338 0.42450
0.86338 0.39472
0.86339 0.41029
0.86339 0.42400
0.86340 0.34191
0.86340 0.36541
0.86341 0.40151
0.86341 0.41367
0.86342 0.44427
0.86342 0.39481
0.86343 0.35015
0.86343 0.31109
0.86344 0.35326
0.86344 0.44427
0.86345 0.34003
0.86345 0.37561
0.86346 0.36579
0.86346 0.33617
0.86347 0.41983
0.86347 0.35878
0.86348 0.35514
0.86348 0.42244
0.86349 0.40429
0.86349 0.42638
0.86350 0.36952
0.86350 0.31188
0.86351 0.40523
0.86351 0.35326
0.86352 0.35692
0.86352 0.44468
0.86353 0.40494
0.86353 0.31615
0.86354 0.32381
0.86354 0.34791
0.86355 0.36117
0.86355 0.39626
0.86356 0.43433
0.86356 0.42594
0.86357 0.40393
0.86357 0.37930
0.86358 0.38223
0.86358 0.45293
0.86359 0.41343
0.86359 0.33749
0.86360 0.36492
0.86360 0.37759
0.86361 0.35854
0.86361 0.38940
0.86362 0.43871
0.86362 0.39653
0.86363 0.31651
0.86363 0.36286
0.86364 0.34104
0.86364 0.38182
0.86365 0.38209
0.86365 0.32873
0.86366 0.41155
0.86366 0.41052
0.86367 0.42542
0.86367 0.42965
0.86368 0.43244
0.86368 0.40000
0.86369 0.37230
0.86369 0.39063
0.86370 0.38748
0.86370 0.34604
0.86371 0.34619
0.86371 0.43027
0.86372 0.38088
0.86372 0.38099
0.86373 0.38094
0.86373 0.32299
0.86374 0.33305
0.86374 0.44977
0.86375 0.43752
0.86375 0.34666
0.86376 0.31980
0.86376 0.33979
0.86377 0.35839
0.86377 0.38704
0.86378 0.42386
0.86378 0.39936
0.86379 0.42530
0.86379 0.33838
0.86380 0.35144
0.86380 0.39925
0.86381 0.41101
0.86381 0.51424
0.86382 0.40778
0.86382 0.37774
0.86383 0.37792
0.86383 0.31989
0.86384 0.36599
0.86384 0.34356
0.86385 0.39584
0.86385 0.30155
0.86386 0.35750
0.86386 0.43120
0.86387 0.30762
0.86387 0.40677
0.86388 0.43350
0.86388 0.32573
0.86389 0.45709
0.86389 0.47097
0.86390 0.34166
0.86390 0.34964
0.86391 0.38036
0.86391 0.43663
0.86392 0.34937
0.86392 0.37101
0.86393 0.38657
0.86393 0.37386
0.86394 0.42811
0.86394 0.38953
0.86395 0.42742
0.86395 0.36767
0.86396 0.37273
0.86396 0.37434
0.86397 0.35741
0.86397 0.40425
0.86398 0.39210
0.86398 0.43807
0.86399 0.34388
0.86399 0.35325
0.86400 0.35320
0.86400 0.37636
0.86401 0.36470
0.86401 0.29925
0.86402 0.35589
0.86402 0.33446
0.86403 0.30628
0.86403 0.35691
0.86404 0.38247
0.86404 0.37640
0.86405 0.38556
0.86405 0.33152
0.86406 0.34434
0.86406 0.35620
0.86407 0.35924
0.86407 0.38983
0.86408 0.34736
0.86408 0.37992
0.86409 0.42948
0.86409 0.36523
0.86410 0.39334
0.86410 0.39680
0.86411 0.39278
0.86411 0.38059
0.86412 0.32041
0.86412 0.29854
0.86413 0.37382
0.86413 0.41817
0.86414 0.40836
0.86414 0.41849
0.86415 0.41959
0.86415 0.41386
0.86416 0.38364
0.86416 0.38487
0.86417 0.42084
0.86417 0.38761
0.86418 0.37254
0.86418 0.39722
0.86419 0.39872
0.86419 0.41370
0.86420 0.37520
0.86420 0.32303
0.86421 0.39368
0.86421 0.44330
0.86422 0.38392
0.86422 0.31042
0.86423 0.34089
0.86423 0.41930
0.86424 0.32518
0.86424 0.34740
0.86425 0.33631
0.86425 0.34752
0.86426 0.36356
0.86426 0.29775
0.86427 0.38020
0.86427 0.38315
0.86428 0.38210
0.86428 0.37674
0.86429 0.34699
0.86429 0.36110
0.86430 0.30062
0.86430 0.31176
0.86431 0.40048
0.86431 0.44555
0.86432 0.43207
0.86432 0.36695
0.86433 0.35192
0.86433 0.38022
0.86434 0.36730
0.86434 0.42888
0.86435 0.39453
0.86435 0.31432
0.86436 0.38975
0.86436 0.32850
0.86437 0.28846
0.86437 0.36973
0.86438 0.33808
0.86438 0.35385
0.86439 0.42683
0.86439 0.37483
0.86440 0.34227
0.86440 0.38170
0.86441 0.36072
0.86441 0.33217
0.86442 0.35017
0.86442 0.38338
0.86443 0.36364
0.86443 0.36386
0.86444 0.35167
0.86444 0.29166
0.86445 0.36064
0.86445 0.39546
0.86446 0.35737
0.86446 0.30109
0.86447 0.30897
0.86447 0.35993
0.86448 0.35641
0.86448 0.37227
0.86449 0.38689
0.86449 0.34391
0.86450 0.27488
0.86450 0.36695
0.86451 0.43642
0.86451 0.38254
0.86452 0.42191
0.86452 0.45867
0.86453 0.40176
0.86453 0.36223
0.86454 0.37817
0.86454 0.32622
0.86455 0.32908
0.86455 0.37496
0.86456 0.39404
0.86456 0.37445
0.86457 0.32825
0.86457 0.37258
0.86458 0.38014
0.86458 0.40185
0.86459 0.39608
0.86459 0.35282
0.86460 0.31808
0.86460 0.39572
0.86461 0.44750
0.86461 0.29926
0.86462 0.35108
0.86462 0.41113
0.86463 0.37742
0.86463 0.45188
0.86464 0.39429
0.86464 0.35482
0.86465 0.39278
0.86465 0.34512
0.86466 0.31481
0.86466 0.30475
0.86467 0.36644
0.86467 0.33968
0.86468 0.37765
0.86468 0.43226
0.86469 0.36827
0.86469 0.41026
0.86470 0.33540
0.86470 0.37310
0.86471 0.36315
0.86471 0.33608
0.86472 0.36922
0.86472 0.35698
0.86473 0.40526
0.86473 0.28704
0.86474 0.34118
0.86474 0.40863
0.86475 0.33337
0.86475 0.41929
0.86476 0.36834
0.86476 0.34522
0.86477 0.33909
0.86477 0.32465
0.86478 0.37649
0.86478 0.34909
0.86479 0.38319
0.86479 0.40089
0.86480 0.38173
0.86480 0.45328
0.86481 0.40417
0.86481 0.36162
0.86482 0.38765
0.86482 0.35497
0.86483 0.37551
0.86483 0.32776
0.86484 0.34445
0.86484 0.30806
0.86485 0.32148
0.86485 0.41375
0.86486 0.34100
0.86486 0.34951
0.86487 0.35764
0.86487 0.34232
0.86488 0.38063
0.86488 0.32613
0.86489 0.31627
0.86489 0.38728
0.86490 0.40264
0.86490 0.35614
0.86491 0.33230
0.86491 0.34637
0.86492 0.40667
0.86492 0.32415
0.86493 0.35100
0.86493 0.38858
0.86494 0.33251
0.86494 0.42591
0.86495 0.41304
0.86495 0.33308
0.86496 0.34661
0.86496 0.37597
0.86497 0.34818
0.86497 0.37162
0.86498 0.41156
0.86498 0.34295
0.86499 0.30750
0.86499 0.38783
0.86500 0.40849
0.86500 0.32529
0.86501 0.31755
0.86501 0.34595
0.86502 0.36614
0.86502 0.39546
0.86503 0.37517
0.86503 0.33832
0.86504 0.31143
0.86504 0.35348
0.86505 0.42719
0.86505 0.39769
0.86506 0.31094
0.86506 0.34940
0.86507 0.34346
0.86507 0.36927
0.86508 0.32242
0.86508 0.31556
0.86509 0.37602
0.86509 0.37148
0.86510 0.33337
0.86510 0.32770
0.86511 0.34128
0.86511 0.31424
0.86512 0.28935
0.86512 0.27228
0.86513 0.38087
0.86513 0.38241
0.86514 0.36775
0.86514 0.43353
0.86515 0.37529
0.86515 0.34740
0.86516 0.37886
0.86516 0.37673
0.86517 0.31543
0.86517 0.31788
0.86518 0.38257
0.86518 0.34360
0.86519 0.35438
0.86519 0.40251
0.86520 0.41167
0.86520 0.40156
0.86521 0.38364
0.86521 0.35729
0.86522 0.36508
0.86522 0.34662
0.86523 0.32157
0.86523 0.33843
0.86524 0.36556
0.86524 0.38487
0.86525 0.37288
0.86525 0.39174
0.86526 0.47608
0.86526 0.39683
0.86527 0.32204
0.86527 0.34855
0.86528 0.28922
0.86528 0.34324
0.86529 0.37855
0.86529 0.34995
0.86530 0.44429
0.86530 0.41436
0.86531 0.32347
0.86531 0.41337
0.86532 0.41685
0.86532 0.34444
0.86533 0.41541
0.86533 0.36468
0.86534 0.32637
0.86534 0.35410
0.86535 0.36007
0.86535 0.39211
0.86536 0.33661
0.86536 0.35810
0.86537 0.38196
0.86537 0.38481
0.86538 0.31132
0.86538 0.30386
0.86539 0.33787
0.86539 0.30735
0.86540 0.37970
0.86540 0.40044
0.86541 0.34685
0.86541 0.33429
0.86542 0.33362
0.86542 0.37483
0.86543 0.42932
0.86543 0.38970
0.86544 0.39120
0.86544 0.36012
0.86545 0.31955
0.86545 0.35246
0.86546 0.40945
0.86546 0.41988
0.86547 0.32766
0.86547 0.38181
0.86548 0.39806
0.86548 0.35795
0.86549 0.31163
0.86549 0.37844
0.86550 0.43330
0.86550 0.32015
0.86551 0.31021
0.86551 0.31093
0.86552 0.33403
0.86552 0.34575
0.86553 0.38602
0.86553 0.37906
0.86554 0.35164
0.86554 0.36081
0.86555 0.29014
0.86555 0.31386
0.86556 0.35880
0.86556 0.34431
0.86557 0.37160
0.86557 0.34876
0.86558 0.32096
0.86558 0.32733
0.86559 0.33123
0.86559 0.35599
0.86560 0.37421
0.86560 0.42003
0.86561 0.33494
0.86561 0.28664
0.86562 0.40344
0.86562 0.34201
0.86563 0.38192
0.86563 0.37300
0.86564 0.31685
0.86564 0.32042
0.86565 0.36101
0.86565 0.36797
0.86566 0.35994
0.86566 0.35881
0.86567 0.30961
0.86567 0.36776
0.86568 0.31947
0.86568 0.36854
0.86569 0.35891
0.86569 0.40102
0.86570 0.45782
0.86570 0.29480
0.86571 0.35328
0.86571 0.38494
0.86572 0.37390
0.86572 0.38160
0.86573 0.31004
0.86573 0.30458
0.86574 0.34667
0.86574 0.35505
0.86575 0.27511
0.86575 0.24853
0.86576 0.31579
0.86576 0.38480
0.86577 0.35196
0.86577 0.31686
0.86578 0.40637
0.86578 0.35967
0.86579 0.36475
0.86579 0.41389
0.86580 0.30197
0.86580 0.36934
0.86581 0.35696
0.86581 0.33410
0.86582 0.36626
0.86582 0.33635
0.86583 0.31960
0.86583 0.33221
0.86584 0.31291
0.86584 0.35668
0.86585 0.35969
0.86585 0.40437
0.86586 0.38982
0.86586 0.32846
0.86587 0.43115
0.86587 0.35646
0.86588 0.31442
0.86588 0.36182
0.86589 0.31211
0.86589 0.32990
0.86590 0.35171
0.86590 0.29381
0.86591 0.37473
0.86591 0.39854
0.86592 0.36644
0.86592 0.36884
0.86593 0.37071
0.86593 0.37035
0.86594 0.33500
0.86594 0.38639
0.86595 0.45992
0.86595 0.44437
0.86596 0.37802
0.86596 0.31852
0.86597 0.34808
0.86597 0.32610
0.86598 0.33871
0.86598 0.34299
0.86599 0.32110
0.86599 0.38902
0.86600 0.38394
0.86600 0.32696
0.86601 0.34844
0.86601 0.34346
0.86602 0.34151
0.86602 0.39246
0.86603 0.36880
0.86603 0.38499
0.86604 0.40838
0.86604 0.35546
0.86605 0.30968
0.86605 0.37312
0.86606 0.35935
0.86606 0.35614
0.86607 0.39205
0.86607 0.33117
0.86608 0.30515
0.86608 0.34521
0.86609 0.39197
0.86609 0.30052
0.86610 0.25166
0.86610 0.29889
0.86611 0.33802
0.86611 0.33390
0.86612 0.32977
0.86612 0.35481
0.86613 0.33161
0.86613 0.30907
0.86614 0.29075
0.86614 0.28566
0.86615 0.33564
0.86615 0.35664
0.86616 0.30255
0.86616 0.34304
0.86617 0.40296
0.86617 0.30582
0.86618 0.34302
0.86618 0.39240
0.86619 0.36885
0.86619 0.39593
0.86620 0.37336
0.86620 0.33928
0.86621 0.29315
0.86621 0.33120
0.86622 0.29625
0.86622 0.28093
0.86623 0.33444
0.86623 0.36170
0.86624 0.28400
0.86624 0.32888
0.86625 0.40970
0.86625 0.31035
0.86626 0.36593
0.86626 0.36619
0.86627 0.35251
0.86627 0.39698
0.86628 0.35995
0.86628 0.29599
0.86629 0.27109
0.86629 0.33576
0.86630 0.35431
0.86630 0.34702
0.86631 0.34518
0.86631 0.38151
0.86632 0.37503
0.86632 0.30222
0.86633 0.30609
0.86633 0.32446
0.86634 0.34538
0.86634 0.33480
0.86635 0.34431
0.86635 0.33844
0.86636 0.32424
0.86636 0.31959
0.86637 0.38186
0.86637 0.37891
0.86638 0.36966
0.86638 0.39290
0.86639 0.22540
0.86639 0.34914
0.86640 0.34307
0.86640 0.27312
0.86641 0.39017
0.86641 0.33670
0.86642 0.29043
0.86642 0.33242
0.86643 0.36469
0.86643 0.38151
0.86644 0.44021
0.86644 0.34305
0.86645 0.38997
0.86645 0.35022
0.86646 0.25830
0.86646 0.30709
0.86647 0.40848
0.86647 0.38420
0.86648 0.28339
0.86648 0.35320
0.86649 0.32481
0.86649 0.39361
0.86650 0.38380
0.86650 0.38187
0.86651 0.34071
0.86651 0.29390
0.86652 0.36206
0.86652 0.36193
0.86653 0.38006
0.86653 0.29738
0.86654 0.32129
0.86654 0.30252
0.86655 0.33563
0.86655 0.37760
0.86656 0.32542
0.86656 0.30271
0.86657 0.37874
0.86657 0.42320
0.86658 0.33189
0.86658 0.31689
0.86659 0.26061
0.86659 0.31200
0.86660 0.36778
0.86660 0.31189
0.86661 0.36279
0.86661 0.38450
0.86662 0.33567
0.86662 0.32469
0.86663 0.35746
0.86663 0.36928
0.86664 0.35557
0.86664 0.40745
0.86665 0.29988
0.86665 0.37620
0.86666 0.43150
0.86666 0.33852
0.86667 0.37567
0.86667 0.35885
0.86668 0.34340
0.86668 0.33438
0.86669 0.30776
0.86669 0.34701
0.86670 0.40356
0.86670 0.30165
0.86671 0.27878
0.86671 0.38068
0.86672 0.30604
0.86672 0.31244
0.86673 0.37556
0.86673 0.27681
0.86674 0.25464
0.86674 0.34789
0.86675 0.34203
0.86675 0.28797
0.86676 0.37869
0.86676 0.35986
0.86677 0.31352
0.86677 0.33757
0.86678 0.29267
0.86678 0.29947
0.86679 0.32669
0.86679 0.32733
0.86680 0.28852
0.86680 0.29033
0.86681 0.35640
0.86681 0.37205
0.86682 0.38045
0.86682 0.32712
0.86683 0.35371
0.86683 0.37680
0.86684 0.30818
0.86684 0.24538
0.86685 0.25780
0.86685 0.40414
0.86686 0.37442
0.86686 0.31307
0.86687 0.35273
0.86687 0.34207
0.86688 0.34271
0.86688 0.31289
0.86689 0.33626
0.86689 0.37156
0.86690 0.34347
0.86690 0.36748
0.86691 0.32992
0.86691 0.33744
0.86692 0.35832
0.86692 0.34911
0.86693 0.31466
0.86693 0.32773
0.86694 0.38835
0.86694 0.34994
0.86695 0.33250
0.86695 0.30326
0.86696 0.33833
0.86696 0.31250
0.86697 0.28971
0.86697 0.36794
0.86698 0.33745
0.86698 0.36454
0.86699 0.32834
0.86699 0.27696
0.86700 0.31289
0.86700 0.30187
0.86701 0.35053
0.86701 0.34708
0.86702 0.33948
0.86702 0.25146
0.86703 0.30919
0.86703 0.35465
0.86704 0.29455
0.86704 0.34837
0.86705 0.27492
0.86705 0.35333
0.86706 0.35880
0.86706 0.28928
0.86707 0.39208
0.86707 0.29198
0.86708 0.29456
0.86708 0.33453
0.86709 0.26451
0.86709 0.37702
0.86710 0.36226
0.86710 0.37450
0.86711 0.37263
0.86711 0.26437
0.86712 0.30295
0.86712 0.29718
0.86713 0.27068
0.86713 0.31382
0.86714 0.36697
0.86714 0.35981
0.86715 0.35077
0.86715 0.32258
0.86716 0.33885
0.86716 0.42006
0.86717 0.31749
0.86717 0.34559
0.86718 0.34996
0.86718 0.32253
0.86719 0.33190
0.86719 0.32831
0.86720 0.35684
0.86720 0.31899
0.86721 0.36019
0.86721 0.31764
0.86722 0.35940
0.86722 0.39884
0.86723 0.34732
0.86723 0.36663
0.86724 0.30856
0.86724 0.29112
0.86725 0.34032
0.86725 0.36454
0.86726 0.38342
0.86726 0.33493
0.86727 0.38707
0.86727 0.43158
0.86728 0.33370
0.86728 0.35436
0.86729 0.30863
0.86729 0.26692
0.86730 0.31496
0.86730 0.33020
0.86731 0.35024
0.86731 0.35072
0.86732 0.30711
0.86732 0.25393
0.86733 0.33839
0.86733 0.36173
0.86734 0.34972
0.86734 0.35940
0.86735 0.39563
0.86735 0.31038
0.86736 0.25938
0.86736 0.34488
0.86737 0.33960
0.86737 0.34218
0.86738 0.28946
0.86738 0.36521
0.86739 0.45681
0.86739 0.41150
0.86740 0.32820
0.86740 0.31420
0.86741 0.30543
0.86741 0.26946
0.86742 0.32153
0.86742 0.33842
0.86743 0.32980
0.86743 0.31041
0.86744 0.29420
0.86744 0.36295
0.86745 0.38026
0.86745 0.28957
0.86746 0.27739
0.86746 0.32022
0.86747 0.40403
0.86747 0.40531
0.86748 0.30037
0.86748 0.35646
0.86749 0.33857
0.86749 0.25922
0.86750 0.32672
0.86750 0.38443
0.86751 0.36391
0.86751 0.39634
0.86752 0.34232
0.86752 0.23828
0.86753 0.26493
0.86753 0.28973
0.86754 0.29385
0.86754 0.38425
0.86755 0.39873
0.86755 0.30825
0.86756 0.28293
0.86756 0.34390
0.86757 0.32393
0.86757 0.26437
0.86758 0.29187
0.86758 0.28274
0.86759 0.32745
0.86759 0.32287
0.86760 0.36496
0.86760 0.38120
0.86761 0.28139
0.86761 0.32908
0.86762 0.34496
0.86762 0.28876
0.86763 0.29826
0.86763 0.36420
0.86764 0.33702
0.86764 0.28115
0.86765 0.30818
0.86765 0.25851
0.86766 0.31677
0.86766 0.32491
0.86767 0.27170
0.86767 0.35897
0.86768 0.36232
0.86768 0.38852
0.86769 0.33956
0.86769 0.25913
0.86770 0.30180
0.86770 0.27001
0.86771 0.33406
0.86771 0.36385
0.86772 0.30022
0.86772 0.37796
0.86773 0.36942
0.86773 0.28717
0.86774 0.32054
0.86774 0.36812
0.86775 0.39179
0.86775 0.35003
0.86776 0.33286
0.86776 0.31050
0.86777 0.28420
0.86777 0.29346
0.86778 0.27354
0.86778 0.32521
0.86779 0.32335
0.86779 0.29619
0.86780 0.39912
0.86780 0.36197
0.86781 0.28216
0.86781 0.32869
0.86782 0.30503
0.86782 0.29441
0.86783 0.33289
0.86783 0.38908
0.86784 0.33756
0.86784 0.30946
0.86785 0.37903
0.86785 0.29339
0.86786 0.30816
0.86786 0.32659
0.86787 0.24269
0.86787 0.38699
0.86788 0.37312
0.86788 0.30261
0.86789 0.33722
0.86789 0.36649
0.86790 0.36843
0.86790 0.30617
0.86791 0.25432
0.86791 0.33202
0.86792 0.37950
0.86792 0.36687
0.86793 0.30003
0.86793 0.28080
0.86794 0.37524
0.86794 0.36247
0.86795 0.34636
0.86795 0.34081
0.86796 0.28380
0.86796 0.25815
0.86797 0.33081
0.86797 0.34820
0.86798 0.27881
0.86798 0.29743
0.86799 0.31188
0.86799 0.24536
0.86800 0.25223
0.86800 0.29019
0.86801 0.34879
0.86801 0.32762
0.86802 0.37137
0.86802 0.42990
0.86803 0.33633
0.86803 0.29648
0.86804 0.26537
0.86804 0.32921
0.86805 0.34409
0.86805 0.21510
0.86806 0.30491
0.86806 0.24648
0.86807 0.25271
0.86807 0.36118
0.86808 0.35309
0.86808 0.35396
0.86809 0.30974
0.86809 0.36178
0.86810 0.27800
0.86810 0.30475
0.86811 0.39904
0.86811 0.35835
0.86812 0.40698
0.86812 0.27216
0.86813 0.22158
0.86813 0.34643
0.86814 0.29182
0.86814 0.27199
0.86815 0.35345
0.86815 0.31065
0.86816 0.32994
0.86816 0.33757
0.86817 0.34477
0.86817 0.42969
0.86818 0.34799
0.86818 0.37009
0.86819 0.33970
0.86819 0.36255
0.86820 0.29178
0.86820 0.25807
0.86821 0.33186
0.86821 0.38623
0.86822 0.41544
0.86822 0.34456
0.86823 0.34393
0.86823 0.29027
0.86824 0.36346
0.86824 0.36842
0.86825 0.36207
0.86825 0.30637
0.86826 0.24676
0.86826 0.39829
0.86827 0.33463
0.86827 0.31095
0.86828 0.39760
0.86828 0.33379
0.86829 0.30674
0.86829 0.31219
0.86830 0.26185
0.86830 0.31150
0.86831 0.38500
0.86831 0.31600
0.86832 0.33712
0.86832 0.37155
0.86833 0.30755
0.86833 0.25531
0.86834 0.32684
0.86834 0.37089
0.86835 0.35210
0.86835 0.35623
0.86836 0.32315
0.86836 0.28281
0.86837 0.35025
0.86837 0.35780
0.86838 0.23444
0.86838 0.28416
0.86839 0.29688
0.86839 0.26948
0.86840 0.30612
0.86840 0.29445
0.86841 0.31445
0.86841 0.32101
0.86842 0.30041
0.86842 0.30344
0.86843 0.33599
0.86843 0.30365
0.86844 0.31674
0.86844 0.23775
0.86845 0.30101
0.86845 0.35924
0.86846 0.26941
0.86846 0.33359
0.86847 0.28728
0.86847 0.29521
0.86848 0.32918
0.86848 0.33403
0.86849 0.35265
0.86849 0.36985
0.86850 0.31604
0.86850 0.31422
0.86851 0.29999
0.86851 0.31852
0.86852 0.32079
0.86852 0.27973
0.86853 0.29896
0.86853 0.26240
0.86854 0.32074
0.86854 0.31087
0.86855 0.36918
0.86855 0.38667
0.86856 0.29099
0.86856 0.31104
0.86857 0.29297
0.86857 0.31136
0.86858 0.27968
0.86858 0.25609
0.86859 0.36677
0.86859 0.40436
0.86860 0.36655
0.86860 0.28722
0.86861 0.31541
0.86861 0.32175
0.86862 0.30633
0.86862 0.32021
0.86863 0.34448
0.86863 0.34045
0.86864 0.26371
0.86864 0.31993
0.86865 0.31797
0.86865 0.29185
0.86866 0.32866
0.86866 0.30668
0.86867 0.25026
0.86867 0.30264
0.86868 0.32925
0.86868 0.32429
0.86869 0.30741
0.86869 0.25448
0.86870 0.31940
0.86870 0.27547
0.86871 0.22508
0.86871 0.25956
0.86872 0.31323
0.86872 0.31340
0.86873 0.28572
0.86873 0.35039
0.86874 0.33418
0.86874 0.30839
0.86875 0.30403
0.86875 0.30306
0.86876 0.37036
0.86876 0.31803
0.86877 0.27285
0.86877 0.30730
0.86878 0.32895
0.86878 0.37409
0.86879 0.29058
0.86879 0.26357
0.86880 0.34697
0.86880 0.28359
0.86881 0.33136
0.86881 0.29834
0.86882 0.35515
0.86882 0.38157
0.86883 0.23838
0.86883 0.29738
0.86884 0.30488
0.86884 0.31512
0.86885 0.31998
0.86885 0.26254
0.86886 0.33541
0.86886 0.30406
0.86887 0.24868
0.86887 0.32443
0.86888 0.29796
0.86888 0.27868
0.86889 0.33255
0.86889 0.39554
0.86890 0.29170
0.86890 0.29186
0.86891 0.37475
0.86891 0.31527
0.86892 0.33166
0.86892 0.28486
0.86893 0.28543
0.86893 0.32428
0.86894 0.27288
0.86894 0.29398
0.86895 0.31778
0.86895 0.26366
0.86896 0.28377
0.86896 0.29416
0.86897 0.28019
0.86897 0.29930
0.86898 0.31151
0.86898 0.34081
0.86899 0.24181
0.86899 0.29139
0.86900 0.32352
0.86900 0.28936
0.86901 0.34000
0.86901 0.32377
0.86902 0.28134
0.86902 0.27809
0.86903 0.31550
0.86903 0.31433
0.86904 0.30670
0.86904 0.28291
0.86905 0.26835
0.86905 0.27162
0.86906 0.33446
0.86906 0.41079
0.86907 0.31200
0.86907 0.22258
0.86908 0.33959
0.86908 0.35572
0.86909 0.38146
0.86909 0.33953
0.86910 0.25847
0.86910 0.30676
0.86911 0.29082
0.86911 0.31039
0.86912 0.28968
0.86912 0.30461
0.86913 0.27696
0.86913 0.28853
0.86914 0.34567
0.86914 0.31242
0.86915 0.28348
0.86915 0.28690
0.86916 0.33047
0.86916 0.27759
0.86917 0.26415
0.86917 0.34116
0.86918 0.31145
0.86918 0.28285
0.86919 0.33997
0.86919 0.32026
0.86920 0.20020
0.86920 0.29658
0.86921 0.33080
0.86921 0.28710
0.86922 0.32052
0.86922 0.22651
0.86923 0.33662
0.86923 0.36184
0.86924 0.26739
0.86924 0.32897
0.86925 0.30860
0.86925 0.29122
0.86926 0.33882
0.86926 0.32840
0.86927 0.30004
0.86927 0.30607
0.86928 0.31669
0.86928 0.28356
0.86929 0.31830
0.86929 0.31215
0.86930 0.33253
0.86930 0.33482
0.86931 0.26798
0.86931 0.29335
0.86932 0.25791
0.86932 0.20463
0.86933 0.34213
0.86933 0.39377
0.86934 0.29656
0.86934 0.34251
0.86935 0.33158
0.86935 0.31898
0.86936 0.33033
0.86936 0.30434
0.86937 0.33865
0.86937 0.37260
0.86938 0.37889
0.86938 0.26129
0.86939 0.24907
0.86939 0.28374
0.86940 0.32682
0.86940 0.36176
0.86941 0.30723
0.86941 0.34385
0.86942 0.30399
0.86942 0.31076
0.86943 0.34491
0.86943 0.30218
0.86944 0.30111
0.86944 0.25676
0.86945 0.25816
0.86945 0.28830
0.86946 0.27008
0.86946 0.27383
0.86947 0.31566
0.86947 0.28615
0.86948 0.23227
0.86948 0.33018
0.86949 0.29576
0.86949 0.24753
0.86950 0.26748
0.86950 0.28319
0.86951 0.30654
0.86951 0.30898
0.86952 0.34428
0.86952 0.29497
0.86953 0.32586
0.86953 0.33575
0.86954 0.20812
0.86954 0.25395
0.86955 0.26054
0.86955 0.28810
0.86956 0.35319
0.86956 0.26935
0.86957 0.25120
0.86957 0.30071
0.86958 0.28480
0.86958 0.26227
0.86959 0.35497
0.86959 0.32079
0.86960 0.21373
0.86960 0.26940
0.86961 0.29849
0.86961 0.25224
0.86962 0.32844
0.86962 0.31206
0.86963 0.25659
0.86963 0.28496
0.86964 0.27976
0.86964 0.28335
0.86965 0.25607
0.86965 0.31818
0.86966 0.31272
0.86966 0.27807
0.86967 0.32952
0.86967 0.26970
0.86968 0.25960
0.86968 0.28588
0.86969 0.30209
0.86969 0.27234
0.86970 0.22045
0.86970 0.23659
0.86971 0.29816
0.86971 0.36608
0.86972 0.26766
0.86972 0.29441
0.86973 0.30197
0.86973 0.25375
0.86974 0.32258
0.86974 0.27729
0.86975 0.29725
0.86975 0.27417
0.86976 0.26024
0.86976 0.33259
0.86977 0.25988
0.86977 0.29598
0.86978 0.33451
0.86978 0.23689
0.86979 0.26797
0.86979 0.33532
0.86980 0.34733
0.86980 0.30335
0.86981 0.29589
0.86981 0.25510
0.86982 0.26617
0.86982 0.25446
0.86983 0.23918
0.86983 0.29196
0.86984 0.27077
0.86984 0.28311
0.86985 0.26174
0.86985 0.22527
0.86986 0.28914
0.86986 0.35101
0.86987 0.28288
0.86987 0.25556
0.86988 0.27831
0.86988 0.33190
0.86989 0.32408
0.86989 0.24149
0.86990 0.30008
0.86990 0.29291
0.86991 0.29745
0.86991 0.36824
0.86992 0.31503
0.86992 0.28187
0.86993 0.27469
0.86993 0.27886
0.86994 0.32286
0.86994 0.34970
0.86995 0.32630
0.86995 0.28646
0.86996 0.32655
0.86996 0.34369
0.86997 0.27940
0.86997 0.28188
0.86998 0.30319
0.86998 0.29741
0.86999 0.25494
0.86999 0.27151
0.87000 0.32137
0.87000 0.23192
0.87001 0.31895
0.87001 0.34763
0.87002 0.31035
0.87002 0.37986
0.87003 0.26345
0.87003 0.26486
0.87004 0.28410
0.87004 0.28872
0.87005 0.24969
0.87005 0.22982
0.87006 0.29619
0.87006 0.31191
0.87007 0.34961
0.87007 0.31969
0.87008 0.25590
0.87008 0.31062
0.87009 0.30261
0.87009 0.27644
0.87010 0.34096
0.87010 0.35279
0.87011 0.31754
0.87011 0.24391
0.87012 0.26109
0.87012 0.31004
0.87013 0.28071
0.87013 0.28370
0.87014 0.35268
0.87014 0.38470
0.87015 0.29947
0.87015 0.25963
0.87016 0.25229
0.87016 0.21009
0.87017 0.25308
0.87017 0.25849
0.87018 0.25796
0.87018 0.28764
0.87019 0.30956
0.87019 0.33892
0.87020 0.27669
0.87020 0.25418
0.87021 0.26361
0.87021 0.28750
0.87022 0.34969
0.87022 0.32533
0.87023 0.31119
0.87023 0.30635
0.87024 0.27611
0.87024 0.30732
0.87025 0.31627
0.87025 0.29503
0.87026 0.34618
0.87026 0.32956
0.87027 0.33804
0.87027 0.30563
0.87028 0.24991
0.87028 0.21263
0.87029 0.27517
0.87029 0.31643
0.87030 0.30207
0.87030 0.32762
0.87031 0.28838
0.87031 0.28006
0.87032 0.23023
0.87032 0.19813
0.87033 0.24922
0.87033 0.28823
0.87034 0.30759
0.87034 0.20502
0.87035 0.26714
0.87035 0.34325
0.87036 0.27361
0.87036 0.27053
0.87037 0.26739
0.87037 0.26437
0.87038 0.30405
0.87038 0.32747
0.87039 0.23967
0.87039 0.23184
0.87040 0.29794
0.87040 0.35845
0.87041 0.32556
0.87041 0.25771
0.87042 0.21342
0.87042 0.23908
0.87043 0.23495
0.87043 0.26524
0.87044 0.32247
0.87044 0.28798
0.87045 0.25773
0.87045 0.19759
0.87046 0.26260
0.87046 0.35182
0.87047 0.30691
0.87047 0.30833
0.87048 0.29944
0.87048 0.30884
0.87049 0.25696
0.87049 0.21805
0.87050 0.24250
0.87050 0.29482
0.87051 0.33015
0.87051 0.31009
0.87052 0.21304
0.87052 0.18886
0.87053 0.28710
0.87053 0.30718
0.87054 0.29258
0.87054 0.27758
0.87055 0.28431
0.87055 0.24403
0.87056 0.35507
0.87056 0.30907
0.87057 0.27123
0.87057 0.32956
0.87058 0.25042
0.87058 0.29790
0.87059 0.26424
0.87059 0.23139
0.87060 0.28618
0.87060 0.30343
0.87061 0.30603
0.87061 0.26668
0.87062 0.27398
0.87062 0.32107
0.87063 0.33655
0.87063 0.30258
0.87064 0.32011
0.87064 0.30018
0.87065 0.31186
0.87065 0.31733
0.87066 0.23330
0.87066 0.31620
0.87067 0.25549
0.87067 0.24168
0.87068 0.32372
0.87068 0.18266
0.87069 0.22717
0.87069 0.34693
0.87070 0.33186
0.87070 0.27722
0.87071 0.24992
0.87071 0.31744
0.87072 0.30399
0.87072 0.29148
0.87073 0.29267
0.87073 0.26060
0.87074 0.29569
0.87074 0.30891
0.87075 0.31346
0.87075 0.29396
0.87076 0.30765
0.87076 0.32749
0.87077 0.24852
0.87077 0.24927
0.87078 0.29797
0.87078 0.29567
0.87079 0.32771
0.87079 0.27139
0.87080 0.25342
0.87080 0.25542
0.87081 0.22543
0.87081 0.34491
0.87082 0.36914
0.87082 0.27316
0.87083 0.24169
0.87083 0.27308
0.87084 0.33382
0.87084 0.27740
0.87085 0.29560
0.87085 0.33695
0.87086 0.32071
0.87086 0.35080
0.87087 0.26353
0.87087 0.23954
0.87088 0.24665
0.87088 0.27341
0.87089 0.28543
0.87089 0.24409
0.87090 0.26714
0.87090 0.28824
0.87091 0.33642
0.87091 0.35756
0.87092 0.37147
0.87092 0.32684
0.87093 0.25087
0.87093 0.24253
0.87094 0.29409
0.87094 0.34623
0.87095 0.30852
0.87095 0.27378
0.87096 0.23169
0.87096 0.26741
0.87097 0.24020
0.87097 0.23799
0.87098 0.32444
0.87098 0.24781
0.87099 0.31687
0.87099 0.31182
0.87100 0.23930
0.87100 0.29909
0.87101 0.25247
0.87101 0.26271
0.87102 0.26817
0.87102 0.21123
0.87103 0.33096
0.87103 0.29368
0.87104 0.19635
0.87104 0.28136
0.87105 0.39379
0.87105 0.33992
0.87106 0.22610
0.87106 0.28634
0.87107 0.23365
0.87107 0.26742
0.87108 0.28397
0.87108 0.27968
0.87109 0.27927
0.87109 0.22200
0.87110 0.32078
0.87110 0.33990
0.87111 0.22793
0.87111 0.26340
0.87112 0.24502
0.87112 0.24352
0.87113 0.29466
0.87113 0.32194
0.87114 0.30549
0.87114 0.26894
0.87115 0.33243
0.87115 0.27013
0.87116 0.24062
0.87116 0.25946
0.87117 0.26461
0.87117 0.34432
0.87118 0.38702
0.87118 0.29161
0.87119 0.29754
0.87119 0.32325
0.87120 0.28101
0.87120 0.36043
0.87121 0.40056
0.87121 0.29414
0.87122 0.27503
0.87122 0.33951
0.87123 0.28906
0.87123 0.32274
0.87124 0.30233
0.87124 0.24802
0.87125 0.28188
0.87125 0.19282
0.87126 0.23677
0.87126 0.31842
0.87127 0.29634
0.87127 0.28534
0.87128 0.27021
0.87128 0.24984
0.87129 0.28859
0.87129 0.27584
0.87130 0.31239
0.87130 0.33110
0.87131 0.22939
0.87131 0.23164
0.87132 0.31281
0.87132 0.37762
0.87133 0.22158
0.87133 0.22047
0.87134 0.23780
0.87134 0.23149
0.87135 0.35341
0.87135 0.31710
0.87136 0.30493
0.87136 0.32318
0.87137 0.24355
0.87137 0.22122
0.87138 0.27050
0.87138 0.27212
0.87139 0.26775
0.87139 0.25679
0.87140 0.25679
0.87140 0.28576
0.87141 0.27050
0.87141 0.27245
0.87142 0.27539
0.87142 0.23520
0.87143 0.28310
0.87143 0.31898
0.87144 0.29684
0.87144 0.32003
0.87145 0.25452
0.87145 0.23277
0.87146 0.26003
0.87146 0.25962
0.87147 0.24446
0.87147 0.28720
0.87148 0.36368
0.87148 0.30324
0.87149 0.30130
0.87149 0.27916
0.87150 0.29798
0.87150 0.30727
0.87151 0.24272
0.87151 0.19139
0.87152 0.20048
0.87152 0.26121
0.87153 0.26722
0.87153 0.17574
0.87154 0.22161
0.87154 0.32091
0.87155 0.30905
0.87155 0.30980
0.87156 0.27902
0.87156 0.30359
0.87157 0.28343
0.87157 0.24050
0.87158 0.25918
0.87158 0.27851
0.87159 0.31045
0.87159 0.25424
0.87160 0.32910
0.87160 0.32451
0.87161 0.23372
0.87161 0.24434
0.87162 0.22474
0.87162 0.29784
0.87163 0.17964
0.87163 0.25286
0.87164 0.26441
0.87164 0.23741
0.87165 0.36888
0.87165 0.30896
0.87166 0.32687
0.87166 0.27893
0.87167 0.23791
0.87167 0.27088
0.87168 0.22028
0.87168 0.25661
0.87169 0.25096
0.87169 0.27528
0.87170 0.31499
0.87170 0.25064
0.87171 0.29359
0.87171 0.31215
0.87172 0.29936
0.87172 0.22377
0.87173 0.26814
0.87173 0.40064
0.87174 0.31291
0.87174 0.33198
0.87175 0.36366
0.87175 0.27732
0.87176 0.23383
0.87176 0.21317
0.87177 0.31190
0.87177 0.33515
0.87178 0.29770
0.87178 0.24800
0.87179 0.21869
0.87179 0.30392
0.87180 0.27254
0.87180 0.21368
0.87181 0.30547
0.87181 0.24416
0.87182 0.22837
0.87182 0.31854
0.87183 0.23143
0.87183 0.30242
0.87184 0.36208
0.87184 0.35743
0.87185 0.37262
0.87185 0.24953
0.87186 0.26309
0.87186 0.28970
0.87187 0.28555
0.87187 0.32399
0.87188 0.29914
0.87188 0.27226
0.87189 0.26553
0.87189 0.22805
0.87190 0.18959
0.87190 0.23590
0.87191 0.30493
0.87191 0.25537
0.87192 0.22668
0.87192 0.30644
0.87193 0.30701
0.87193 0.27588
0.87194 0.31360
0.87194 0.30452
0.87195 0.22728
0.87195 0.23296
0.87196 0.25179
0.87196 0.28880
0.87197 0.28802
0.87197 0.25477
0.87198 0.28714
0.87198 0.24347
0.87199 0.27739
0.87199 0.27407
0.87200 0.31416
0.87200 0.26442
0.87201 0.21091
0.87201 0.31603
0.87202 0.24178
0.87202 0.26330
0.87203 0.29168
0.87203 0.24177
0.87204 0.29778
0.87204 0.29882
0.87205 0.27401
0.87205 0.26067
0.87206 0.20221
0.87206 0.31417
0.87207 0.34100
0.87207 0.26158
0.87208 0.32901
0.87208 0.27958
0.87209 0.24503
0.87209 0.26262
0.87210 0.14239
0.87210 0.23918
0.87211 0.28849
0.87211 0.26119
0.87212 0.30188
0.87212 0.25272
0.87213 0.24819
0.87213 0.26143
0.87214 0.29458
0.87214 0.25623
0.87215 0.23945
0.87215 0.31663
0.87216 0.29002
0.87216 0.22799
0.87217 0.25892
0.87217 0.26158
0.87218 0.22434
0.87218 0.20701
0.87219 0.27423
0.87219 0.29058
0.87220 0.19087
0.87220 0.24513
0.87221 0.27216
0.87221 0.24312
0.87222 0.22074
0.87222 0.29248
0.87223 0.34650
0.87223 0.30763
0.87224 0.24162
0.87224 0.21044
0.87225 0.26456
0.87225 0.27620
0.87226 0.23727
0.87226 0.26203
0.87227 0.26006
0.87227 0.31730
0.87228 0.36112
0.87228 0.24491
0.87229 0.21173
0.87229 0.27083
0.87230 0.28359
0.87230 0.19278
0.87231 0.25827
0.87231 0.28848
0.87232 0.22806
0.87232 0.27074
0.87233 0.31527
0.87233 0.29672
0.87234 0.24137
0.87234 0.26072
0.87235 0.33395
0.87235 0.27248
0.87236 0.20150
0.87236 0.23104
0.87237 0.25839
0.87237 0.23662
0.87238 0.24437
0.87238 0.30485
0.87239 0.29762
0.87239 0.26250
0.87240 0.31920
0.87240 0.31769
0.87241 0.27207
0.87241 0.30629
0.87242 0.32197
0.87242 0.23515
0.87243 0.27398
0.87243 0.30007
0.87244 0.23300
0.87244 0.26868
0.87245 0.31058
0.87245 0.34483
0.87246 0.29060
0.87246 0.28969
0.87247 0.19809
0.87247 0.17138
0.87248 0.31427
0.87248 0.24683
0.87249 0.22768
0.87249 0.20572
0.87250 0.17914
0.87250 0.28996
0.87251 0.21022
0.87251 0.22677
0.87252 0.33129
0.87252 0.25070
0.87253 0.23470
0.87253 0.24604
0.87254 0.25854
0.87254 0.26084
0.87255 0.30911
0.87255 0.29504
0.87256 0.26838
0.87256 0.29587
0.87257 0.17863
0.87257 0.25170
0.87258 0.23902
0.87258 0.23238
0.87259 0.28923
0.87259 0.22715
0.87260 0.24952
0.87260 0.28973
0.87261 0.27408
0.87261 0.21759
0.87262 0.25541
0.87262 0.33254
0.87263 0.35262
0.87263 0.30826
0.87264 0.17418
0.87264 0.18289
0.87265 0.28520
0.87265 0.26591
0.87266 0.34630
0.87266 0.34293
0.87267 0.26970
0.87267 0.18805
0.87268 0.19613
0.87268 0.29800
0.87269 0.29369
0.87269 0.22922
0.87270 0.19986
0.87270 0.25663
0.87271 0.26445
0.87271 0.28610
0.87272 0.27865
0.87272 0.26280
0.87273 0.24351
0.87273 0.24642
0.87274 0.24679
0.87274 0.28866
0.87275 0.31624
0.87275 0.27147
0.87276 0.19511
0.87276 0.19593
0.87277 0.27293
0.87277 0.25524
0.87278 0.32639
0.87278 0.30171
0.87279 0.26412
0.87279 0.32751
0.87280 0.25146
0.87280 0.31616
0.87281 0.27517
0.87281 0.27294
0.87282 0.33014
0.87282 0.24897
0.87283 0.28844
0.87283 0.27246
0.87284 0.29697
0.87284 0.27365
0.87285 0.30511
0.87285 0.28048
0.87286 0.26379
0.87286 0.35530
0.87287 0.32102
0.87287 0.22993
0.87288 0.20042
0.87288 0.21679
0.87289 0.22691
0.87289 0.25370
0.87290 0.27371
0.87290 0.29873
0.87291 0.29402
0.87291 0.28556
0.87292 0.27830
0.87292 0.25898
0.87293 0.28022
0.87293 0.25678
0.87294 0.22733
0.87294 0.23785
0.87295 0.24293
0.87295 0.27483
0.87296 0.25395
0.87296 0.22748
0.87297 0.25152
0.87297 0.28621
0.87298 0.23518
0.87298 0.18219
0.87299 0.24327
0.87299 0.28322
0.87300 0.29038
0.87300 0.23155
0.87301 0.21233
0.87301 0.24107
0.87302 0.25950
0.87302 0.21548
0.87303 0.21771
0.87303 0.19023
0.87304 0.19316
0.87304 0.21835
0.87305 0.22696
0.87305 0.32458
0.87306 0.23720
0.87306 0.22635
0.87307 0.27023
0.87307 0.17789
0.87308 0.22012
0.87308 0.25691
0.87309 0.19087
0.87309 0.25409
0.87310 0.17893
0.87310 0.11438
0.87311 0.27438
0.87311 0.25881
0.87312 0.24150
0.87312 0.19152
0.87313 0.22508
0.87313 0.25665
0.87314 0.22044
0.87314 0.30286
0.87315 0.19457
0.87315 0.23515
0.87316 0.30164
0.87316 0.28640
0.87317 0.29940
0.87317 0.26474
0.87318 0.22164
0.87318 0.24618
0.87319 0.28470
0.87319 0.18672
0.87320 0.22143
0.87320 0.29791
0.87321 0.24400
0.87321 0.28489
0.87322 0.28159
0.87322 0.21292
0.87323 0.21553
0.87323 0.18989
0.87324 0.17228
0.87324 0.22085
0.87325 0.26636
0.87325 0.25094
0.87326 0.22174
0.87326 0.23968
0.87327 0.30070
0.87327 0.24697
0.87328 0.26308
0.87328 0.26020
0.87329 0.24062
0.87329 0.31456
0.87330 0.24519
0.87330 0.25464
0.87331 0.28429
0.87331 0.30162
0.87332 0.25367
0.87332 0.21757
0.87333 0.29744
0.87333 0.27333
0.87334 0.29570
0.87334 0.23242
0.87335 0.23598
0.87335 0.22243
0.87336 0.22845
0.87336 0.30081
0.87337 0.24259
0.87337 0.24375
0.87338 0.30784
0.87338 0.27993
0.87339 0.25806
0.87339 0.25758
0.87340 0.22331
0.87340 0.30429
0.87341 0.24316
0.87341 0.21460
0.87342 0.27011
0.87342 0.28261
0.87343 0.24567
0.87343 0.21668
0.87344 0.25768
0.87344 0.18179
0.87345 0.22446
0.87345 0.33178
0.87346 0.22232
0.87346 0.20694
0.87347 0.31003
0.87347 0.28665
0.87348 0.28644
0.87348 0.26990
0.87349 0.17916
0.87349 0.22028
0.87350 0.22632
0.87350 0.21196
0.87351 0.22501
0.87351 0.25576
0.87352 0.26784
0.87352 0.20435
0.87353 0.21039
0.87353 0.21988
0.87354 0.23264
0.87354 0.22908
0.87355 0.30265
0.87355 0.26196
0.87356 0.26502
0.87356 0.30464
0.87357 0.24285
0.87357 0.29931
0.87358 0.28663
0.87358 0.26515
0.87359 0.30243
0.87359 0.23241
0.87360 0.22172
0.87360 0.25523
0.87361 0.30788
0.87361 0.30572
0.87362 0.24614
0.87362 0.23596
0.87363 0.19265
0.87363 0.18440
0.87364 0.25011
0.87364 0.23486
0.87365 0.20105
0.87365 0.26859
0.87366 0.29063
0.87366 0.30712
0.87367 0.29899
0.87367 0.25090
0.87368 0.26149
0.87368 0.26352
0.87369 0.22693
0.87369 0.28337
0.87370 0.28704
0.87370 0.20279
0.87371 0.19501
0.87371 0.25823
0.87372 0.27400
0.87372 0.28925
0.87373 0.27319
0.87373 0.27592
0.87374 0.24121
0.87374 0.13747
0.87375 0.21312
0.87375 0.29168
0.87376 0.26035
0.87376 0.26255
0.87377 0.23670
0.87377 0.27830
0.87378 0.33098
0.87378 0.26070
0.87379 0.31202
0.87379 0.30492
0.87380 0.20486
0.87380 0.28938
0.87381 0.30030
0.87381 0.20618
0.87382 0.20643
0.87382 0.21796
0.87383 0.15825
0.87383 0.24825
0.87384 0.25129
0.87384 0.22825
0.87385 0.27005
0.87385 0.18533
0.87386 0.20517
0.87386 0.23236
0.87387 0.24577
0.87387 0.28208
0.87388 0.23746
0.87388 0.22412
0.87389 0.28988
0.87389 0.31662
0.87390 0.29170
0.87390 0.21615
0.87391 0.20595
0.87391 0.15906
0.87392 0.19607
0.87392 0.21456
0.87393 0.25743
0.87393 0.26271
0.87394 0.19396
0.87394 0.27882
0.87395 0.29781
0.87395 0.21572
0.87396 0.18654
0.87396 0.27496
0.87397 0.24537
0.87397 0.23220
0.87398 0.27652
0.87398 0.19441
0.87399 0.23006
0.87399 0.21469
0.87400 0.17964
0.87400 0.24743
0.87401 0.28470
0.87401 0.25486
0.87402 0.21082
0.87402 0.23464
0.87403 0.25323
0.87403 0.27055
0.87404 0.20786
0.87404 0.21113
0.87405 0.25729
0.87405 0.22416
0.87406 0.27525
0.87406 0.27115
0.87407 0.29783
0.87407 0.25001
0.87408 0.20295
0.87408 0.28156
0.87409 0.29733
0.87409 0.28397
0.87410 0.23504
0.87410 0.32550
0.87411 0.27135
0.87411 0.14367
0.87412 0.21368
0.87412 0.20889
0.87413 0.25076
0.87413 0.27745
0.87414 0.19956
0.87414 0.20778
0.87415 0.25389
0.87415 0.22428
0.87416 0.15524
0.87416 0.24953
0.87417 0.22268
0.87417 0.17425
0.87418 0.20600
0.87418 0.19178
0.87419 0.26259
0.87419 0.22135
0.87420 0.20611
0.87420 0.25517
0.87421 0.18718
0.87421 0.28934
0.87422 0.32637
0.87422 0.26526
0.87423 0.29963
0.87423 0.26676
0.87424 0.32497
0.87424 0.35568
0.87425 0.22062
0.87425 0.18252
0.87426 0.20175
0.87426 0.22332
0.87427 0.31004
0.87427 0.29617
0.87428 0.19394
0.87428 0.22429
0.87429 0.27838
0.87429 0.27113
0.87430 0.24537
0.87430 0.24381
0.87431 0.20191
0.87431 0.17500
0.87432 0.26890
0.87432 0.25348
0.87433 0.24530
0.87433 0.27687
0.87434 0.23386
0.87434 0.20460
0.87435 0.22302
0.87435 0.25042
0.87436 0.26259
0.87436 0.19294
0.87437 0.19947
0.87437 0.23762
0.87438 0.24547
0.87438 0.24650
0.87439 0.23160
0.87439 0.22522
0.87440 0.20731
0.87440 0.25255
0.87441 0.27241
0.87441 0.22396
0.87442 0.22306
0.87442 0.18996
0.87443 0.22084
0.87443 0.22992
0.87444 0.25400
0.87444 0.23914
0.87445 0.21430
0.87445 0.24123
0.87446 0.23035
0.87446 0.26557
0.87447 0.25989
0.87447 0.30295
0.87448 0.27959
0.87448 0.27111
0.87449 0.24897
0.87449 0.21611
0.87450 0.20785
0.87450 0.20771
0.87451 0.26752
0.87451 0.24151
0.87452 0.17868
0.87452 0.18960
0.87453 0.20244
0.87453 0.27175
0.87454 0.26063
0.87454 0.26307
0.87455 0.20128
0.87455 0.15881
0.87456 0.24705
0.87456 0.22647
0.87457 0.30047
0.87457 0.25921
0.87458 0.19933
0.87458 0.21755
0.87459 0.25934
0.87459 0.27593
0.87460 0.19776
0.87460 0.26836
0.87461 0.33302
0.87461 0.21290
0.87462 0.17684
0.87462 0.22250
0.87463 0.29475
0.87463 0.26786
0.87464 0.19690
0.87464 0.21922
0.87465 0.24202
0.87465 0.27677
0.87466 0.31665
0.87466 0.22044
0.87467 0.16430
0.87467 0.19842
0.87468 0.24726
0.87468 0.29736
0.87469 0.22983
0.87469 0.23376
0.87470 0.18348
0.87470 0.16177
0.87471 0.20458
0.87471 0.19175
0.87472 0.23333
0.87472 0.28653
0.87473 0.29727
0.87473 0.25668
0.87474 0.23914
0.87474 0.20911
0.87475 0.18331
0.87475 0.24661
0.87476 0.29785
0.87476 0.26825
0.87477 0.27004
0.87477 0.26336
0.87478 0.23329
0.87478 0.26634
0.87479 0.24774
0.87479 0.24128
0.87480 0.26748
0.87480 0.22543
0.87481 0.23666
0.87481 0.26163
0.87482 0.19680
0.87482 0.21939
0.87483 0.20560
0.87483 0.20992
0.87484 0.24647
0.87484 0.20076
0.87485 0.19807
0.87485 0.22087
0.87486 0.25864
0.87486 0.22775
0.87487 0.24238
0.87487 0.23461
0.87488 0.25030
0.87488 0.25789
0.87489 0.20990
0.87489 0.28595
0.87490 0.24935
0.87490 0.22577
0.87491 0.27141
0.87491 0.22214
0.87492 0.20552
0.87492 0.25635
0.87493 0.24813
0.87493 0.26785
0.87494 0.22003
0.87494 0.21445
0.87495 0.23954
0.87495 0.17371
0.87496 0.20435
0.87496 0.19774
0.87497 0.24593
0.87497 0.23123
0.87498 0.24333
0.87498 0.24244
0.87499 0.16119
0.87499 0.21861
0.87500 0.29917
0.87500 0.34937
0.87501 0.28005
0.87501 0.23146
0.87502 0.24499
0.87502 0.19484
0.87503 0.20326
0.87503 0.23358
0.87504 0.15983
0.87504 0.20102
0.87505 0.25661
0.87505 0.26304
0.87506 0.26996
0.87506 0.19997
0.87507 0.20098
0.87507 0.17099
0.87508 0.22903
0.87508 0.27147
0.87509 0.24964
0.87509 0.30063
0.87510 0.20957
0.87510 0.14261
0.87511 0.16167
0.87511 0.18837
0.87512 0.23565
0.87512 0.16651
0.87513 0.23338
0.87513 0.23069
0.87514 0.22163
0.87514 0.22669
0.87515 0.17463
0.87515 0.21190
0.87516 0.18218
0.87516 0.21781
0.87517 0.20792
0.87517 0.20643
0.87518 0.29029
0.87518 0.24976
0.87519 0.23106
0.87519 0.22221
0.87520 0.20893
0.87520 0.26470
0.87521 0.21865
0.87521 0.23124
0.87522 0.29047
0.87522 0.24892
0.87523 0.25553
0.87523 0.22937
0.87524 0.25609
0.87524 0.30678
0.87525 0.23149
0.87525 0.26762
0.87526 0.19209
0.87526 0.16407
0.87527 0.26764
0.87527 0.25117
0.87528 0.20107
0.87528 0.21298
0.87529 0.17796
0.87529 0.17213
0.87530 0.26418
0.87530 0.22970
0.87531 0.18329
0.87531 0.24699
0.87532 0.27668
0.87532 0.25748
0.87533 0.26527
0.87533 0.24533
0.87534 0.18865
0.87534 0.22318
0.87535 0.25879
0.87535 0.23606
0.87536 0.24246
0.87536 0.22850
0.87537 0.23652
0.87537 0.24907
0.87538 0.21270
0.87538 0.20152
0.87539 0.26222
0.87539 0.15200
0.87540 0.15060
0.87540 0.25921
0.87541 0.22392
0.87541 0.34125
0.87542 0.26939
0.87542 0.20254
0.87543 0.31504
0.87543 0.21085
0.87544 0.18649
0.87544 0.25544
0.87545 0.23350
0.87545 0.22120
0.87546 0.21762
0.87546 0.16584
0.87547 0.13098
0.87547 0.18917
0.87548 0.25840
0.87548 0.24862
0.87549 0.24451
0.87549 0.28966
0.87550 0.26147
0.87550 0.19651
0.87551 0.21189
0.87551 0.20333
0.87552 0.22558
0.87552 0.20975
0.87553 0.22402
0.87553 0.22580
0.87554 0.20868
0.87554 0.24099
0.87555 0.21920
0.87555 0.27145
0.87556 0.25694
0.87556 0.20967
0.87557 0.20234
0.87557 0.19043
0.87558 0.16859
0.87558 0.15874
0.87559 0.27096
0.87559 0.25894
0.87560 0.26554
0.87560 0.29598
0.87561 0.22755
0.87561 0.29159
0.87562 0.17453
0.87562 0.19777
0.87563 0.30675
0.87563 0.22452
0.87564 0.27280
0.87564 0.24339
0.87565 0.22290
0.87565 0.24807
0.87566 0.18534
0.87566 0.24957
0.87567 0.24064
0.87567 0.24016
0.87568 0.18946
0.87568 0.14870
0.87569 0.24558
0.87569 0.20882
0.87570 0.28193
0.87570 0.25220
0.87571 0.19992
0.87571 0.28270
0.87572 0.20091
0.87572 0.18199
0.87573 0.18246
0.87573 0.19063
0.87574 0.24055
0.87574 0.24131
0.87575 0.26833
0.87575 0.22758
0.87576 0.24428
0.87576 0.17552
0.87577 0.15194
0.87577 0.21844
0.87578 0.19432
0.87578 0.20126
0.87579 0.28949
0.87579 0.28032
0.87580 0.19033
0.87580 0.21354
0.87581 0.20496
0.87581 0.18630
0.87582 0.28490
0.87582 0.23725
0.87583 0.22820
0.87583 0.29754
0.87584 0.21013
0.87584 0.25943
0.87585 0.25489
0.87585 0.26087
0.87586 0.26184
0.87586 0.23801
0.87587 0.22918
0.87587 0.22511
0.87588 0.26083
0.87588 0.24564
0.87589 0.22903
0.87589 0.24804
0.87590 0.23511
0.87590 0.16347
0.87591 0.22049
0.87591 0.27189
0.87592 0.28105
0.87592 0.27160
0.87593 0.24722
0.87593 0.26599
0.87594 0.17569
0.87594 0.23363
0.87595 0.24182
0.87595 0.23609
0.87596 0.26451
0.87596 0.12894
0.87597 0.24264
0.87597 0.23081
0.87598 0.24700
0.87598 0.25393
0.87599 0.15906
0.87599 0.25936
0.87600 0.22358
0.87600 0.21891
0.87601 0.26171
0.87601 0.24833
0.87602 0.20976
0.87602 0.17040
0.87603 0.29109
0.87603 0.29707
0.87604 0.15201
0.87604 0.22828
0.87605 0.24141
0.87605 0.20444
0.87606 0.26706
0.87606 0.27089
0.87607 0.29593
0.87607 0.26562
0.87608 0.23781
0.87608 0.23137
0.87609 0.21510
0.87609 0.18099
0.87610 0.27425
0.87610 0.25516
0.87611 0.16714
0.87611 0.25843
0.87612 0.24224
0.87612 0.25440
0.87613 0.26316
0.87613 0.28043
0.87614 0.24943
0.87614 0.17989
0.87615 0.23576
0.87615 0.17794
0.87616 0.25139
0.87616 0.30709
0.87617 0.27293
0.87617 0.26784
0.87618 0.22199
0.87618 0.26452
0.87619 0.24074
0.87619 0.19501
0.87620 0.16807
0.87620 0.26332
0.87621 0.29565
0.87621 0.19044
0.87622 0.21265
0.87622 0.19737
0.87623 0.21874
0.87623 0.27989
0.87624 0.22942
0.87624 0.21374
0.87625 0.22792
0.87625 0.31047
0.87626 0.26219
0.87626 0.26103
0.87627 0.29133
0.87627 0.21120
0.87628 0.25429
0.87628 0.29248
0.87629 0.32867
0.87629 0.22557
0.87630 0.21905
0.87630 0.19170
0.87631 0.09423
0.87631 0.24763
0.87632 0.24547
0.87632 0.26227
0.87633 0.28026
0.87633 0.21297
0.87634 0.25597
0.87634 0.16256
0.87635 0.17700
0.87635 0.27896
0.87636 0.24989
0.87636 0.22021
0.87637 0.20713
0.87637 0.22501
0.87638 0.19611
0.87638 0.19918
0.87639 0.20932
0.87639 0.25773
0.87640 0.20682
0.87640 0.21925
0.87641 0.28800
0.87641 0.21750
0.87642 0.21861
0.87642 0.23801
0.87643 0.26955
0.87643 0.20991
0.87644 0.19886
0.87644 0.18184
0.87645 0.20697
0.87645 0.21018
0.87646 0.22744
0.87646 0.24846
0.87647 0.20302
0.87647 0.17914
0.87648 0.21326
0.87648 0.26798
0.87649 0.19595
0.87649 0.20192
0.87650 0.19710
0.87650 0.22707
0.87651 0.26375
0.87651 0.24089
0.87652 0.20885
0.87652 0.26473
0.87653 0.26261
0.87653 0.22292
0.87654 0.22282
0.87654 0.16499
0.87655 0.20424
0.87655 0.22278
0.87656 0.20122
0.87656 0.19450
0.87657 0.23961
0.87657 0.28032
0.87658 0.24041
0.87658 0.16626
0.87659 0.20146
0.87659 0.23920
0.87660 0.22407
0.87660 0.18029
0.87661 0.19330
0.87661 0.23336
0.87662 0.20724
0.87662 0.18052
0.87663 0.17944
0.87663 0.21112
0.87664 0.20481
0.87664 0.19062
0.87665 0.19411
0.87665 0.20557
0.87666 0.24619
0.87666 0.21338
0.87667 0.22332
0.87667 0.26638
0.87668 0.23266
0.87668 0.24676
0.87669 0.22116
0.87669 0.25429
0.87670 0.26294
0.87670 0.18821
0.87671 0.26021
0.87671 0.23427
0.87672 0.17784
0.87672 0.30660
0.87673 0.23324
0.87673 0.20315
0.87674 0.22135
0.87674 0.18022
0.87675 0.20727
0.87675 0.25093
0.87676 0.25944
0.87676 0.20298
0.87677 0.19371
0.87677 0.20557
0.87678 0.17135
0.87678 0.18431
0.87679 0.27745
0.87679 0.30507
0.87680 0.29712
0.87680 0.24842
0.87681 0.15701
0.87681 0.19764
0.87682 0.20684
0.87682 0.18515
0.87683 0.22708
0.87683 0.26735
0.87684 0.22979
0.87684 0.18947
0.87685 0.25835
0.87685 0.21567
0.87686 0.21466
0.87686 0.18556
0.87687 0.20755
0.87687 0.17176
0.87688 0.19541
0.87688 0.26619
0.87689 0.15620
0.87689 0.21675
0.87690 0.25200
0.87690 0.21695
0.87691 0.24322
0.87691 0.15510
0.87692 0.19601
0.87692 0.28335
0.87693 0.21303
0.87693 0.31126
0.87694 0.30746
0.87694 0.16737
0.87695 0.23336
0.87695 0.24914
0.87696 0.23056
0.87696 0.28441
0.87697 0.32062
0.87697 0.32283
0.87698 0.22216
0.87698 0.17176
0.87699 0.22145
0.87699 0.24035
0.87700 0.26460
0.87700 0.27105
0.87701 0.25535
0.87701 0.18912
0.87702 0.13417
0.87702 0.20133
0.87703 0.18639
0.87703 0.19225
0.87704 0.21322
0.87704 0.21634
0.87705 0.28842
0.87705 0.28856
0.87706 0.28813
0.87706 0.27120
0.87707 0.24271
0.87707 0.26105
0.87708 0.23983
0.87708 0.16320
0.87709 0.17534
0.87709 0.25427
0.87710 0.20449
0.87710 0.17505
0.87711 0.21065
0.87711 0.16955
0.87712 0.22065
0.87712 0.24523
0.87713 0.17542
0.87713 0.17664
0.87714 0.24530
0.87714 0.23284
0.87715 0.15894
0.87715 0.23524
0.87716 0.19942
0.87716 0.21298
0.87717 0.23138
0.87717 0.19384
0.87718 0.17980
0.87718 0.22413
0.87719 0.22611
0.87719 0.20495
0.87720 0.27062
0.87720 0.17715
0.87721 0.20258
0.87721 0.20714
0.87722 0.20427
0.87722 0.24469
0.87723 0.25061
0.87723 0.24558
0.87724 0.19485
0.87724 0.18555
0.87725 0.19374
0.87725 0.20973
0.87726 0.17912
0.87726 0.22842
0.87727 0.26952
0.87727 0.22723
0.87728 0.29309
0.87728 0.27219
0.87729 0.23600
0.87729 0.21061
0.87730 0.18866
0.87730 0.23649
0.87731 0.21568
0.87731 0.20834
0.87732 0.25507
0.87732 0.22019
0.87733 0.19829
0.87733 0.20281
0.87734 0.23877
0.87734 0.30116
0.87735 0.27628
0.87735 0.29206
0.87736 0.20298
0.87736 0.23271
0.87737 0.24874
0.87737 0.21768
0.87738 0.21881
0.87738 0.13588
0.87739 0.25241
0.87739 0.24438
0.87740 0.16940
0.87740 0.18330
0.87741 0.17025
0.87741 0.24098
0.87742 0.21979
0.87742 0.19976
0.87743 0.20567
0.87743 0.15245
0.87744 0.20402
0.87744 0.21055
0.87745 0.23147
0.87745 0.21231
0.87746 0.17874
0.87746 0.16831
0.87747 0.16721
0.87747 0.19673
0.87748 0.22226
0.87748 0.24611
0.87749 0.25720
0.87749 0.26018
0.87750 0.27478
0.87750 0.26251
0.87751 0.16008
0.87751 0.18653
0.87752 0.15912
0.87752 0.23537
0.87753 0.26924
0.87753 0.19834
0.87754 0.20054
0.87754 0.19099
0.87755 0.22982
0.87755 0.16291
0.87756 0.20358
0.87756 0.25717
0.87757 0.24182
0.87757 0.27699
0.87758 0.21904
0.87758 0.19722
0.87759 0.21034
0.87759 0.23696
0.87760 0.21847
0.87760 0.21155
0.87761 0.25285
0.87761 0.19143
0.87762 0.20715
0.87762 0.24037
0.87763 0.21820
0.87763 0.28492
0.87764 0.25181
0.87764 0.17539
0.87765 0.23253
0.87765 0.19435
0.87766 0.19424
0.87766 0.13007
0.87767 0.14364
0.87767 0.23257
0.87768 0.20526
0.87768 0.26141
0.87769 0.18119
0.87769 0.18447
0.87770 0.23651
0.87770 0.15923
0.87771 0.23845
0.87771 0.21288
0.87772 0.23076
0.87772 0.24490
0.87773 0.20904
0.87773 0.24309
0.87774 0.21259
0.87774 0.23767
0.87775 0.19855
0.87775 0.13820
0.87776 0.17496
0.87776 0.19860
0.87777 0.18352
0.87777 0.22935
0.87778 0.19113
0.87778 0.16829
0.87779 0.19998
0.87779 0.15127
0.87780 0.20922
0.87780 0.33015
0.87781 0.26166
0.87781 0.15599
0.87782 0.16195
0.87782 0.25238
0.87783 0.20907
0.87783 0.17877
0.87784 0.26004
0.87784 0.24522
0.87785 0.18403
0.87785 0.17590
0.87786 0.24941
0.87786 0.18704
0.87787 0.24864
0.87787 0.26808
0.87788 0.23044
0.87788 0.24258
0.87789 0.22716
0.87789 0.26906
0.87790 0.19470
0.87790 0.20837
0.87791 0.22742
0.87791 0.20147
0.87792 0.23095
0.87792 0.24959
0.87793 0.23107
0.87793 0.28103
0.87794 0.28417
0.87794 0.23298
0.87795 0.18561
0.87795 0.22274
0.87796 0.25686
0.87796 0.20607
0.87797 0.16602
0.87797 0.13567
0.87798 0.24629
0.87798 0.24239
0.87799 0.24081
0.87799 0.31877
0.87800 0.24571
0.87800 0.24354
0.87801 0.23270
0.87801 0.24764
0.87802 0.25802
0.87802 0.19951
0.87803 0.21824
0.87803 0.16492
0.87804 0.17102
0.87804 0.21560
0.87805 0.19961
0.87805 0.19672
0.87806 0.19165
0.87806 0.17245
0.87807 0.21510
0.87807 0.16044
0.87808 0.17722
0.87808 0.26999
0.87809 0.21699
0.87809 0.22482
0.87810 0.22685
0.87810 0.23748
0.87811 0.23807
0.87811 0.23566
0.87812 0.34798
0.87812 0.18862
0.87813 0.14405
0.87813 0.23918
0.87814 0.15274
0.87814 0.21361
0.87815 0.23272
0.87815 0.21307
0.87816 0.27568
0.87816 0.22275
0.87817 0.27332
0.87817 0.24038
0.87818 0.15546
0.87818 0.24966
0.87819 0.20913
0.87819 0.23516
0.87820 0.21927
0.87820 0.22115
0.87821 0.21188
0.87821 0.14306
0.87822 0.21921
0.87822 0.15229
0.87823 0.15248
0.87823 0.21804
0.87824 0.21148
0.87824 0.19942
0.87825 0.22036
0.87825 0.27149
0.87826 0.21861
0.87826 0.21244
0.87827 0.19780
0.87827 0.19762
0.87828 0.20162
0.87828 0.17321
0.87829 0.20604
0.87829 0.24146
0.87830 0.28319
0.87830 0.22879
0.87831 0.19115
0.87831 0.25554
0.87832 0.23415
0.87832 0.20670
0.87833 0.18451
0.87833 0.19869
0.87834 0.23104
0.87834 0.27018
0.87835 0.24461
0.87835 0.18242
0.87836 0.20142
0.87836 0.19699
0.87837 0.22289
0.87837 0.22546
0.87838 0.19429
0.87838 0.18110
0.87839 0.14265
0.87839 0.26106
0.87840 0.22971
0.87840 0.19556
0.87841 0.22627
0.87841 0.16198
0.87842 0.17811
0.87842 0.13719
0.87843 0.18230
0.87843 0.27069
0.87844 0.23418
0.87844 0.27300
0.87845 0.27434
0.87845 0.18249
0.87846 0.20349
0.87846 0.18110
0.87847 0.19596
0.87847 0.27341
0.87848 0.24321
0.87848 0.20415
0.87849 0.16531
0.87849 0.21103
0.87850 0.24046
0.87850 0.13647
0.87851 0.19871
0.87851 0.24238
0.87852 0.25710
0.87852 0.25569
0.87853 0.18200
0.87853 0.20505
0.87854 0.20748
0.87854 0.25614
0.87855 0.24738
0.87855 0.19090
0.87856 0.21724
0.87856 0.19216
0.87857 0.20089
0.87857 0.21034
0.87858 0.24819
0.87858 0.24287
0.87859 0.17236
0.87859 0.15820
0.87860 0.11933
0.87860 0.17888
0.87861 0.22594
0.87861 0.21021
0.87862 0.22884
0.87862 0.21488
0.87863 0.20478
0.87863 0.15380
0.87864 0.21358
0.87864 0.22381
0.87865 0.22492
0.87865 0.20631
0.87866 0.17130
0.87866 0.20150
0.87867 0.17451
0.87867 0.15298
0.87868 0.21864
0.87868 0.23867
0.87869 0.19616
0.87869 0.20868
0.87870 0.19733
0.87870 0.21885
0.87871 0.13565
0.87871 0.15847
0.87872 0.21916
0.87872 0.16155
0.87873 0.18888
0.87873 0.18100
0.87874 0.18791
0.87874 0.18019
0.87875 0.17464
0.87875 0.24736
0.87876 0.24392
0.87876 0.19414
0.87877 0.22176
0.87877 0.23799
0.87878 0.21749
0.87878 0.24365
0.87879 0.13566
0.87879 0.18962
0.87880 0.22325
0.87880 0.16387
0.87881 0.24553
0.87881 0.24661
0.87882 0.19979
0.87882 0.21058
0.87883 0.24411
0.87883 0.19984
0.87884 0.22164
0.87884 0.19288
0.87885 0.20400
0.87885 0.25157
0.87886 0.16150
0.87886 0.18201
0.87887 0.22845
0.87887 0.21446
0.87888 0.25373
0.87888 0.22867
0.87889 0.20833
0.87889 0.24762
0.87890 0.21041
0.87890 0.19222
0.87891 0.19600
0.87891 0.18887
0.87892 0.21602
0.87892 0.14954
0.87893 0.19033
0.87893 0.24293
0.87894 0.19464
0.87894 0.20885
0.87895 0.19261
0.87895 0.23284
0.87896 0.18346
0.87896 0.14437
0.87897 0.21413
0.87897 0.20081
0.87898 0.22523
0.87898 0.21115
0.87899 0.18692
0.87899 0.14360
0.87900 0.12553
0.87900 0.17224
0.87901 0.20488
0.87901 0.21017
0.87902 0.17467
0.87902 0.20841
0.87903 0.18064
0.87903 0.20355
0.87904 0.20394
0.87904 0.14897
0.87905 0.18433
0.87905 0.18368
0.87906 0.19353
0.87906 0.18061
0.87907 0.18518
0.87907 0.22056
0.87908 0.14219
0.87908 0.16794
0.87909 0.24716
0.87909 0.18553
0.87910 0.21687
0.87910 0.27326
0.87911 0.27426
0.87911 0.25921
0.87912 0.14285
0.87912 0.16298
0.87913 0.25296
0.87913 0.27932
0.87914 0.27312
0.87914 0.24936
0.87915 0.20122
0.87915 0.20839
0.87916 0.24259
0.87916 0.21941
0.87917 0.23447
0.87917 0.21880
0.87918 0.23032
0.87918 0.24199
0.87919 0.20861
0.87919 0.15363
0.87920 0.19487
0.87920 0.22305
0.87921 0.24866
0.87921 0.20263
0.87922 0.19520
0.87922 0.24017
0.87923 0.21151
0.87923 0.17145
0.87924 0.20460
0.87924 0.18249
0.87925 0.15382
0.87925 0.24437
0.87926 0.25602
0.87926 0.21526
0.87927 0.21641
0.87927 0.19868
0.87928 0.19763
0.87928 0.18023
0.87929 0.18486
0.87929 0.25038
0.87930 0.16743
0.87930 0.17761
0.87931 0.20434
0.87931 0.18589
0.87932 0.21427
0.87932 0.26183
0.87933 0.25080
0.87933 0.24976
0.87934 0.21257
0.87934 0.12943
0.87935 0.18367
0.87935 0.15587
0.87936 0.19131
0.87936 0.27685
0.87937 0.21881
0.87937 0.20860
0.87938 0.18537
0.87938 0.20767
0.87939 0.19077
0.87939 0.22250
0.87940 0.19845
0.87940 0.15053
0.87941 0.20207
0.87941 0.19562
0.87942 0.27092
0.87942 0.22196
0.87943 0.15840
0.87943 0.17794
0.87944 0.18078
0.87944 0.22781
0.87945 0.21466
0.87945 0.21934
0.87946 0.24204
0.87946 0.17380
0.87947 0.15738
0.87947 0.21854
0.87948 0.21544
0.87948 0.22550
0.87949 0.25780
0.87949 0.16955
0.87950 0.14933
0.87950 0.21160
0.87951 0.22105
0.87951 0.22256
0.87952 0.18798
0.87952 0.13919
0.87953 0.18786
0.87953 0.24951
0.87954 0.26565
0.87954 0.21626
0.87955 0.22880
0.87955 0.19503
0.87956 0.13558
0.87956 0.23088
0.87957 0.25750
0.87957 0.22269
0.87958 0.16050
0.87958 0.15091
0.87959 0.19546
0.87959 0.19633
0.87960 0.24693
0.87960 0.21328
0.87961 0.26805
0.87961 0.23217
0.87962 0.18076
0.87962 0.19072
0.87963 0.17269
0.87963 0.25036
0.87964 0.16032
0.87964 0.21755
0.87965 0.24022
0.87965 0.15226
0.87966 0.19647
0.87966 0.24208
0.87967 0.21686
0.87967 0.22320
0.87968 0.22534
0.87968 0.20423
0.87969 0.20489
0.87969 0.17344
0.87970 0.22719
0.87970 0.27304
0.87971 0.20611
0.87971 0.20905
0.87972 0.19583
0.87972 0.14777
0.87973 0.19539
0.87973 0.17350
0.87974 0.18840
0.87974 0.22050
0.87975 0.18401
0.87975 0.18882
0.87976 0.13823
0.87976 0.12401
0.87977 0.20594
0.87977 0.24016
0.87978 0.24326
0.87978 0.21420
0.87979 0.21951
0.87979 0.25062
0.87980 0.20366
0.87980 0.17117
0.87981 0.19075
0.87981 0.19437
0.87982 0.23215
0.87982 0.20290
0.87983 0.22319
0.87983 0.27149
0.87984 0.16757
0.87984 0.14407
0.87985 0.20968
0.87985 0.20116
0.87986 0.22370
0.87986 0.21592
0.87987 0.27301
0.87987 0.22571
0.87988 0.11394
0.87988 0.23039
0.87989 0.20319
0.87989 0.19098
0.87990 0.26980
0.87990 0.19621
0.87991 0.22951
0.87991 0.20361
0.87992 0.14458
0.87992 0.17798
0.87993 0.18911
0.87993 0.17669
0.87994 0.16635
0.87994 0.28699
0.87995 0.23090
0.87995 0.14332
0.87996 0.20998
0.87996 0.17577
0.87997 0.20674
0.87997 0.25160
0.87998 0.18737
0.87998 0.21834
0.87999 0.25145
0.87999 0.23980
0.88000 0.23756
