time [s] 	 stored energy [J]
0.78500 1.65378
0.78501 1.64721
0.78502 1.64072
0.78503 1.63430
0.78504 1.62796
0.78504 1.62169
0.78505 1.61548
0.78506 1.60935
0.78507 1.60328
0.78508 1.59727
0.78508 1.59132
0.78509 1.58542
0.78510 1.57956
0.78511 1.57375
0.78512 1.56799
0.78512 1.56226
0.78513 1.55657
0.78514 1.55091
0.78515 1.54529
0.78516 1.53968
0.78516 1.53409
0.78517 1.52852
0.78518 1.52296
0.78519 1.51741
0.78520 1.51187
0.78520 1.50633
0.78521 1.50080
0.78522 1.49527
0.78523 1.48974
0.78524 1.48421
0.78524 1.47867
0.78525 1.47313
0.78526 1.46759
0.78527 1.46205
0.78528 1.45649
0.78528 1.45093
0.78529 1.44535
0.78530 1.43976
0.78531 1.43414
0.78532 1.42850
0.78532 1.42285
0.78533 1.41716
0.78534 1.41146
0.78535 1.40572
0.78536 1.39995
0.78536 1.39415
0.78537 1.38831
0.78538 1.38243
0.78539 1.37651
0.78540 1.37053
0.78540 1.36451
0.78541 1.35843
0.78542 1.35230
0.78543 1.34611
0.78544 1.33986
0.78544 1.33354
0.78545 1.32716
0.78546 1.32070
0.78547 1.31417
0.78548 1.30757
0.78548 1.30089
0.78549 1.29413
0.78550 1.28728
0.78551 1.28034
0.78552 1.27330
0.78552 1.26617
0.78553 1.25894
0.78554 1.25162
0.78555 1.24419
0.78556 1.23667
0.78556 1.22903
0.78557 1.22130
0.78558 1.21346
0.78559 1.20552
0.78560 1.19748
0.78560 1.18933
0.78561 1.18108
0.78562 1.17272
0.78563 1.16425
0.78564 1.15566
0.78564 1.14696
0.78565 1.13814
0.78566 1.12921
0.78567 1.12016
0.78568 1.11100
0.78568 1.10172
0.78569 1.09233
0.78570 1.08282
0.78571 1.07320
0.78572 1.06347
0.78572 1.05361
0.78573 1.04364
0.78574 1.03355
0.78575 1.02334
0.78576 1.01301
0.78576 1.00256
0.78577 0.99198
0.78578 0.98127
0.78579 0.97044
0.78580 0.95949
0.78580 0.94842
0.78581 0.93722
0.78582 0.92590
0.78583 0.91446
0.78584 0.90290
0.78584 0.89122
0.78585 0.87941
0.78586 0.86748
0.78587 0.85543
0.78588 0.84326
0.78588 0.83095
0.78589 0.81853
0.78590 0.80598
0.78591 0.79331
0.78592 0.78051
0.78592 0.76758
0.78593 0.75453
0.78594 0.74135
0.78595 0.72804
0.78596 0.71460
0.78596 0.70103
0.78597 0.68733
0.78598 0.67351
0.78599 0.65955
0.78600 0.64546
0.78600 0.63125
0.78601 0.61691
0.78602 0.60246
0.78603 0.58788
0.78604 0.57317
0.78604 0.55835
0.78605 0.54341
0.78606 0.52835
0.78607 0.51318
0.78608 0.49789
0.78608 0.48249
0.78609 0.46698
0.78610 0.45135
0.78611 0.43563
0.78612 0.41980
0.78612 0.40389
0.78613 0.38790
0.78614 0.37182
0.78615 0.35567
0.78616 0.33944
0.78616 0.32315
0.78617 0.30680
0.78618 0.29038
0.78619 0.27390
0.78620 0.25736
0.78620 0.24076
0.78621 0.22410
0.78622 0.20739
0.78623 0.19062
0.78624 0.17381
0.78624 0.15696
0.78625 0.14007
0.78626 0.12313
0.78627 0.10616
0.78628 0.08915
0.78628 0.07212
0.78629 0.05505
0.78630 0.03796
0.78631 0.02085
0.78632 0.00373
0.78632 -0.01340
0.78633 -0.03055
0.78634 -0.04771
0.78635 -0.06487
0.78636 -0.08203
0.78636 -0.09920
0.78637 -0.11636
0.78638 -0.13353
0.78639 -0.15068
0.78640 -0.16782
0.78640 -0.18496
0.78641 -0.20208
0.78642 -0.21919
0.78643 -0.23628
0.78644 -0.25335
0.78644 -0.27040
0.78645 -0.28741
0.78646 -0.30439
0.78647 -0.32135
0.78648 -0.33826
0.78648 -0.35514
0.78649 -0.37198
0.78650 -0.38877
0.78651 -0.40552
0.78652 -0.42222
0.78652 -0.43886
0.78653 -0.45544
0.78654 -0.47197
0.78655 -0.48843
0.78656 -0.50483
0.78656 -0.52116
0.78657 -0.53743
0.78658 -0.55361
0.78659 -0.56972
0.78660 -0.58576
0.78660 -0.60171
0.78661 -0.61759
0.78662 -0.63340
0.78663 -0.64914
0.78664 -0.66482
0.78664 -0.68042
0.78665 -0.69595
0.78666 -0.71141
0.78667 -0.72681
0.78668 -0.74214
0.78668 -0.75740
0.78669 -0.77259
0.78670 -0.78772
0.78671 -0.80277
0.78672 -0.81776
0.78672 -0.83267
0.78673 -0.84752
0.78674 -0.86230
0.78675 -0.87701
0.78676 -0.89167
0.78676 -0.90625
0.78677 -0.92077
0.78678 -0.93521
0.78679 -0.94957
0.78680 -0.96387
0.78680 -0.97809
0.78681 -0.99224
0.78682 -1.00634
0.78683 -1.02036
0.78684 -1.03433
0.78684 -1.04823
0.78685 -1.06207
0.78686 -1.07585
0.78687 -1.08955
0.78688 -1.10319
0.78688 -1.11676
0.78689 -1.13026
0.78690 -1.14370
0.78691 -1.15707
0.78692 -1.17036
0.78692 -1.18357
0.78693 -1.19671
0.78694 -1.20977
0.78695 -1.22276
0.78696 -1.23568
0.78696 -1.24852
0.78697 -1.26127
0.78698 -1.27395
0.78699 -1.28654
0.78700 -1.29906
0.78700 -1.31149
0.78701 -1.32384
0.78702 -1.33612
0.78703 -1.34832
0.78704 -1.36045
0.78704 -1.37250
0.78705 -1.38448
0.78706 -1.39637
0.78707 -1.40819
0.78708 -1.41994
0.78708 -1.43163
0.78709 -1.44324
0.78710 -1.45479
0.78711 -1.46628
0.78712 -1.47769
0.78712 -1.48903
0.78713 -1.50028
0.78714 -1.51147
0.78715 -1.52258
0.78716 -1.53362
0.78716 -1.54458
0.78717 -1.55547
0.78718 -1.56628
0.78719 -1.57701
0.78720 -1.58766
0.78720 -1.59822
0.78721 -1.60870
0.78722 -1.61909
0.78723 -1.62940
0.78724 -1.63962
0.78724 -1.64974
0.78725 -1.65977
0.78726 -1.66970
0.78727 -1.67954
0.78728 -1.68929
0.78728 -1.69896
0.78729 -1.70853
0.78730 -1.71802
0.78731 -1.72742
0.78732 -1.73673
0.78732 -1.74595
0.78733 -1.75507
0.78734 -1.76409
0.78735 -1.77302
0.78736 -1.78184
0.78736 -1.79056
0.78737 -1.79918
0.78738 -1.80770
0.78739 -1.81612
0.78740 -1.82443
0.78740 -1.83263
0.78741 -1.84074
0.78742 -1.84874
0.78743 -1.85664
0.78744 -1.86444
0.78744 -1.87214
0.78745 -1.87973
0.78746 -1.88722
0.78747 -1.89460
0.78748 -1.90187
0.78748 -1.90902
0.78749 -1.91607
0.78750 -1.92301
0.78751 -1.92983
0.78752 -1.93654
0.78752 -1.94313
0.78753 -1.94960
0.78754 -1.95596
0.78755 -1.96220
0.78756 -1.96832
0.78756 -1.97431
0.78757 -1.98017
0.78758 -1.98590
0.78759 -1.99148
0.78760 -1.99692
0.78760 -2.00221
0.78761 -2.00734
0.78762 -2.01232
0.78763 -2.01715
0.78764 -2.02181
0.78764 -2.02632
0.78765 -2.03067
0.78766 -2.03485
0.78767 -2.03886
0.78768 -2.04271
0.78768 -2.04638
0.78769 -2.04988
0.78770 -2.05320
0.78771 -2.05635
0.78772 -2.05933
0.78772 -2.06212
0.78773 -2.06473
0.78774 -2.06715
0.78775 -2.06938
0.78776 -2.07143
0.78776 -2.07328
0.78777 -2.07494
0.78778 -2.07639
0.78779 -2.07764
0.78780 -2.07868
0.78780 -2.07950
0.78781 -2.08010
0.78782 -2.08048
0.78783 -2.08064
0.78784 -2.08056
0.78784 -2.08026
0.78785 -2.07974
0.78786 -2.07898
0.78787 -2.07800
0.78788 -2.07678
0.78788 -2.07533
0.78789 -2.07364
0.78790 -2.07172
0.78791 -2.06957
0.78792 -2.06718
0.78792 -2.06454
0.78793 -2.06167
0.78794 -2.05855
0.78795 -2.05519
0.78796 -2.05159
0.78796 -2.04775
0.78797 -2.04367
0.78798 -2.03935
0.78799 -2.03480
0.78800 -2.03002
0.78800 -2.02499
0.78801 -2.01973
0.78802 -2.01423
0.78803 -2.00850
0.78804 -2.00252
0.78804 -1.99631
0.78805 -1.98987
0.78806 -1.98319
0.78807 -1.97628
0.78808 -1.96914
0.78808 -1.96178
0.78809 -1.95420
0.78810 -1.94640
0.78811 -1.93839
0.78812 -1.93017
0.78812 -1.92174
0.78813 -1.91311
0.78814 -1.90427
0.78815 -1.89522
0.78816 -1.88598
0.78816 -1.87653
0.78817 -1.86689
0.78818 -1.85705
0.78819 -1.84702
0.78820 -1.83679
0.78820 -1.82637
0.78821 -1.81576
0.78822 -1.80497
0.78823 -1.79399
0.78824 -1.78283
0.78824 -1.77150
0.78825 -1.76000
0.78826 -1.74833
0.78827 -1.73649
0.78828 -1.72450
0.78828 -1.71236
0.78829 -1.70006
0.78830 -1.68762
0.78831 -1.67504
0.78832 -1.66233
0.78832 -1.64949
0.78833 -1.63653
0.78834 -1.62346
0.78835 -1.61027
0.78836 -1.59698
0.78836 -1.58357
0.78837 -1.57007
0.78838 -1.55647
0.78839 -1.54277
0.78840 -1.52897
0.78840 -1.51509
0.78841 -1.50112
0.78842 -1.48706
0.78843 -1.47293
0.78844 -1.45871
0.78844 -1.44441
0.78845 -1.43003
0.78846 -1.41558
0.78847 -1.40105
0.78848 -1.38646
0.78848 -1.37180
0.78849 -1.35706
0.78850 -1.34225
0.78851 -1.32738
0.78852 -1.31245
0.78852 -1.29745
0.78853 -1.28240
0.78854 -1.26729
0.78855 -1.25213
0.78856 -1.23691
0.78856 -1.22165
0.78857 -1.20633
0.78858 -1.19097
0.78859 -1.17557
0.78860 -1.16013
0.78860 -1.14465
0.78861 -1.12913
0.78862 -1.11357
0.78863 -1.09798
0.78864 -1.08235
0.78864 -1.06670
0.78865 -1.05102
0.78866 -1.03531
0.78867 -1.01957
0.78868 -1.00381
0.78868 -0.98802
0.78869 -0.97222
0.78870 -0.95641
0.78871 -0.94058
0.78872 -0.92472
0.78872 -0.90885
0.78873 -0.89296
0.78874 -0.87705
0.78875 -0.86113
0.78876 -0.84520
0.78876 -0.82925
0.78877 -0.81329
0.78878 -0.79731
0.78879 -0.78131
0.78880 -0.76531
0.78880 -0.74929
0.78881 -0.73325
0.78882 -0.71720
0.78883 -0.70112
0.78884 -0.68502
0.78884 -0.66890
0.78885 -0.65276
0.78886 -0.63659
0.78887 -0.62039
0.78888 -0.60416
0.78888 -0.58792
0.78889 -0.57165
0.78890 -0.55536
0.78891 -0.53905
0.78892 -0.52271
0.78892 -0.50636
0.78893 -0.48999
0.78894 -0.47359
0.78895 -0.45718
0.78896 -0.44075
0.78896 -0.42431
0.78897 -0.40785
0.78898 -0.39138
0.78899 -0.37490
0.78900 -0.35841
0.78900 -0.34192
0.78901 -0.32542
0.78902 -0.30891
0.78903 -0.29239
0.78904 -0.27587
0.78904 -0.25933
0.78905 -0.24279
0.78906 -0.22624
0.78907 -0.20968
0.78908 -0.19311
0.78908 -0.17652
0.78909 -0.15992
0.78910 -0.14330
0.78911 -0.12668
0.78912 -0.11004
0.78912 -0.09338
0.78913 -0.07671
0.78914 -0.06002
0.78915 -0.04332
0.78916 -0.02660
0.78916 -0.00986
0.78917 0.00688
0.78918 0.02364
0.78919 0.04042
0.78920 0.05721
0.78920 0.07401
0.78921 0.09082
0.78922 0.10763
0.78923 0.12446
0.78924 0.14128
0.78924 0.15811
0.78925 0.17496
0.78926 0.19181
0.78927 0.20867
0.78928 0.22554
0.78928 0.24243
0.78929 0.25932
0.78930 0.27623
0.78931 0.29315
0.78932 0.31007
0.78932 0.32700
0.78933 0.34394
0.78934 0.36088
0.78935 0.37782
0.78936 0.39476
0.78936 0.41170
0.78937 0.42862
0.78938 0.44554
0.78939 0.46245
0.78940 0.47935
0.78940 0.49625
0.78941 0.51315
0.78942 0.53004
0.78943 0.54692
0.78944 0.56379
0.78944 0.58065
0.78945 0.59750
0.78946 0.61433
0.78947 0.63115
0.78948 0.64796
0.78948 0.66476
0.78949 0.68155
0.78950 0.69832
0.78951 0.71508
0.78952 0.73183
0.78952 0.74855
0.78953 0.76525
0.78954 0.78193
0.78955 0.79858
0.78956 0.81521
0.78956 0.83180
0.78957 0.84837
0.78958 0.86490
0.78959 0.88139
0.78960 0.89784
0.78960 0.91424
0.78961 0.93059
0.78962 0.94690
0.78963 0.96316
0.78964 0.97937
0.78964 0.99552
0.78965 1.01161
0.78966 1.02764
0.78967 1.04361
0.78968 1.05952
0.78968 1.07536
0.78969 1.09113
0.78970 1.10684
0.78971 1.12247
0.78972 1.13802
0.78972 1.15350
0.78973 1.16890
0.78974 1.18422
0.78975 1.19944
0.78976 1.21458
0.78976 1.22962
0.78977 1.24455
0.78978 1.25938
0.78979 1.27410
0.78980 1.28869
0.78980 1.30317
0.78981 1.31753
0.78982 1.33176
0.78983 1.34586
0.78984 1.35983
0.78984 1.37366
0.78985 1.38735
0.78986 1.40090
0.78987 1.41432
0.78988 1.42759
0.78988 1.44073
0.78989 1.45372
0.78990 1.46656
0.78991 1.47925
0.78992 1.49178
0.78992 1.50415
0.78993 1.51635
0.78994 1.52839
0.78995 1.54027
0.78996 1.55198
0.78996 1.56352
0.78997 1.57489
0.78998 1.58608
0.78999 1.59709
0.79000 1.60792
0.79000 1.61856
0.79001 1.62902
0.79002 1.63930
0.79003 1.64938
0.79004 1.65928
0.79004 1.66899
0.79005 1.67849
0.79006 1.68780
0.79007 1.69692
0.79008 1.70583
0.79008 1.71455
0.79009 1.72307
0.79010 1.73139
0.79011 1.73951
0.79012 1.74743
0.79012 1.75515
0.79013 1.76266
0.79014 1.76996
0.79015 1.77706
0.79016 1.78395
0.79016 1.79063
0.79017 1.79711
0.79018 1.80338
0.79019 1.80943
0.79020 1.81527
0.79020 1.82090
0.79021 1.82632
0.79022 1.83152
0.79023 1.83652
0.79024 1.84131
0.79024 1.84589
0.79025 1.85026
0.79026 1.85442
0.79027 1.85838
0.79028 1.86212
0.79028 1.86566
0.79029 1.86900
0.79030 1.87213
0.79031 1.87507
0.79032 1.87781
0.79032 1.88034
0.79033 1.88269
0.79034 1.88483
0.79035 1.88678
0.79036 1.88853
0.79036 1.89009
0.79037 1.89146
0.79038 1.89263
0.79039 1.89360
0.79040 1.89438
0.79040 1.89497
0.79041 1.89537
0.79042 1.89558
0.79043 1.89561
0.79044 1.89545
0.79044 1.89510
0.79045 1.89457
0.79046 1.89385
0.79047 1.89294
0.79048 1.89186
0.79048 1.89059
0.79049 1.88915
0.79050 1.88752
0.79051 1.88572
0.79052 1.88374
0.79052 1.88159
0.79053 1.87926
0.79054 1.87676
0.79055 1.87408
0.79056 1.87124
0.79056 1.86823
0.79057 1.86505
0.79058 1.86170
0.79059 1.85818
0.79060 1.85449
0.79060 1.85063
0.79061 1.84661
0.79062 1.84243
0.79063 1.83809
0.79064 1.83358
0.79064 1.82892
0.79065 1.82411
0.79066 1.81913
0.79067 1.81400
0.79068 1.80872
0.79068 1.80329
0.79069 1.79770
0.79070 1.79197
0.79071 1.78609
0.79072 1.78006
0.79072 1.77388
0.79073 1.76755
0.79074 1.76107
0.79075 1.75445
0.79076 1.74769
0.79076 1.74080
0.79077 1.73376
0.79078 1.72659
0.79079 1.71929
0.79080 1.71185
0.79080 1.70427
0.79081 1.69656
0.79082 1.68872
0.79083 1.68074
0.79084 1.67264
0.79084 1.66441
0.79085 1.65605
0.79086 1.64758
0.79087 1.63897
0.79088 1.63025
0.79088 1.62141
0.79089 1.61245
0.79090 1.60336
0.79091 1.59416
0.79092 1.58485
0.79092 1.57541
0.79093 1.56586
0.79094 1.55619
0.79095 1.54641
0.79096 1.53651
0.79096 1.52651
0.79097 1.51639
0.79098 1.50616
0.79099 1.49583
0.79100 1.48538
0.79100 1.47483
0.79101 1.46417
0.79102 1.45341
0.79103 1.44255
0.79104 1.43158
0.79104 1.42052
0.79105 1.40935
0.79106 1.39809
0.79107 1.38674
0.79108 1.37529
0.79108 1.36374
0.79109 1.35211
0.79110 1.34037
0.79111 1.32855
0.79112 1.31664
0.79112 1.30464
0.79113 1.29255
0.79114 1.28037
0.79115 1.26810
0.79116 1.25574
0.79116 1.24329
0.79117 1.23075
0.79118 1.21812
0.79119 1.20540
0.79120 1.19260
0.79120 1.17972
0.79121 1.16675
0.79122 1.15370
0.79123 1.14056
0.79124 1.12734
0.79124 1.11404
0.79125 1.10065
0.79126 1.08718
0.79127 1.07363
0.79128 1.05999
0.79128 1.04627
0.79129 1.03245
0.79130 1.01855
0.79131 1.00457
0.79132 0.99051
0.79132 0.97637
0.79133 0.96214
0.79134 0.94782
0.79135 0.93343
0.79136 0.91894
0.79136 0.90437
0.79137 0.88972
0.79138 0.87498
0.79139 0.86015
0.79140 0.84523
0.79140 0.83024
0.79141 0.81516
0.79142 0.79999
0.79143 0.78474
0.79144 0.76941
0.79144 0.75400
0.79145 0.73851
0.79146 0.72294
0.79147 0.70728
0.79148 0.69156
0.79148 0.67575
0.79149 0.65988
0.79150 0.64393
0.79151 0.62790
0.79152 0.61181
0.79152 0.59564
0.79153 0.57940
0.79154 0.56309
0.79155 0.54672
0.79156 0.53027
0.79156 0.51377
0.79157 0.49719
0.79158 0.48056
0.79159 0.46386
0.79160 0.44711
0.79160 0.43030
0.79161 0.41343
0.79162 0.39651
0.79163 0.37954
0.79164 0.36251
0.79164 0.34544
0.79165 0.32832
0.79166 0.31117
0.79167 0.29398
0.79168 0.27675
0.79168 0.25950
0.79169 0.24221
0.79170 0.22488
0.79171 0.20753
0.79172 0.19017
0.79172 0.17278
0.79173 0.15538
0.79174 0.13796
0.79175 0.12054
0.79176 0.10310
0.79176 0.08567
0.79177 0.06822
0.79178 0.05078
0.79179 0.03335
0.79180 0.01593
0.79180 -0.00148
0.79181 -0.01887
0.79182 -0.03625
0.79183 -0.05361
0.79184 -0.07095
0.79184 -0.08826
0.79185 -0.10554
0.79186 -0.12280
0.79187 -0.14001
0.79188 -0.15718
0.79188 -0.17431
0.79189 -0.19138
0.79190 -0.20841
0.79191 -0.22538
0.79192 -0.24229
0.79192 -0.25913
0.79193 -0.27591
0.79194 -0.29262
0.79195 -0.30926
0.79196 -0.32582
0.79196 -0.34230
0.79197 -0.35870
0.79198 -0.37501
0.79199 -0.39125
0.79200 -0.40739
0.79200 -0.42345
0.79201 -0.43941
0.79202 -0.45528
0.79203 -0.47105
0.79204 -0.48673
0.79204 -0.50230
0.79205 -0.51778
0.79206 -0.53316
0.79207 -0.54843
0.79208 -0.56360
0.79208 -0.57866
0.79209 -0.59361
0.79210 -0.60846
0.79211 -0.62319
0.79212 -0.63782
0.79212 -0.65233
0.79213 -0.66673
0.79214 -0.68101
0.79215 -0.69518
0.79216 -0.70923
0.79216 -0.72317
0.79217 -0.73700
0.79218 -0.75071
0.79219 -0.76431
0.79220 -0.77779
0.79220 -0.79115
0.79221 -0.80440
0.79222 -0.81754
0.79223 -0.83057
0.79224 -0.84348
0.79224 -0.85629
0.79225 -0.86899
0.79226 -0.88158
0.79227 -0.89406
0.79228 -0.90643
0.79228 -0.91869
0.79229 -0.93085
0.79230 -0.94290
0.79231 -0.95484
0.79232 -0.96668
0.79232 -0.97841
0.79233 -0.99003
0.79234 -1.00155
0.79235 -1.01296
0.79236 -1.02426
0.79236 -1.03546
0.79237 -1.04655
0.79238 -1.05753
0.79239 -1.06842
0.79240 -1.07921
0.79240 -1.08990
0.79241 -1.10049
0.79242 -1.11099
0.79243 -1.12139
0.79244 -1.13170
0.79244 -1.14191
0.79245 -1.15204
0.79246 -1.16208
0.79247 -1.17203
0.79248 -1.18189
0.79248 -1.19167
0.79249 -1.20136
0.79250 -1.21097
0.79251 -1.22049
0.79252 -1.22994
0.79252 -1.23930
0.79253 -1.24858
0.79254 -1.25779
0.79255 -1.26691
0.79256 -1.27595
0.79256 -1.28491
0.79257 -1.29379
0.79258 -1.30260
0.79259 -1.31132
0.79260 -1.31997
0.79260 -1.32853
0.79261 -1.33702
0.79262 -1.34544
0.79263 -1.35377
0.79264 -1.36203
0.79264 -1.37021
0.79265 -1.37832
0.79266 -1.38634
0.79267 -1.39428
0.79268 -1.40215
0.79268 -1.40995
0.79269 -1.41767
0.79270 -1.42531
0.79271 -1.43288
0.79272 -1.44037
0.79272 -1.44778
0.79273 -1.45511
0.79274 -1.46236
0.79275 -1.46953
0.79276 -1.47661
0.79276 -1.48359
0.79277 -1.49048
0.79278 -1.49728
0.79279 -1.50398
0.79280 -1.51059
0.79280 -1.51711
0.79281 -1.52352
0.79282 -1.52985
0.79283 -1.53608
0.79284 -1.54221
0.79284 -1.54825
0.79285 -1.55419
0.79286 -1.56004
0.79287 -1.56580
0.79288 -1.57146
0.79288 -1.57702
0.79289 -1.58248
0.79290 -1.58784
0.79291 -1.59309
0.79292 -1.59823
0.79292 -1.60327
0.79293 -1.60819
0.79294 -1.61300
0.79295 -1.61770
0.79296 -1.62228
0.79296 -1.62674
0.79297 -1.63107
0.79298 -1.63528
0.79299 -1.63935
0.79300 -1.64330
0.79300 -1.64711
0.79301 -1.65078
0.79302 -1.65431
0.79303 -1.65770
0.79304 -1.66094
0.79304 -1.66403
0.79305 -1.66698
0.79306 -1.66977
0.79307 -1.67241
0.79308 -1.67490
0.79308 -1.67723
0.79309 -1.67940
0.79310 -1.68142
0.79311 -1.68328
0.79312 -1.68497
0.79312 -1.68650
0.79313 -1.68786
0.79314 -1.68906
0.79315 -1.69009
0.79316 -1.69096
0.79316 -1.69166
0.79317 -1.69219
0.79318 -1.69255
0.79319 -1.69272
0.79320 -1.69272
0.79320 -1.69252
0.79321 -1.69214
0.79322 -1.69157
0.79323 -1.69080
0.79324 -1.68984
0.79324 -1.68867
0.79325 -1.68731
0.79326 -1.68576
0.79327 -1.68401
0.79328 -1.68206
0.79328 -1.67991
0.79329 -1.67756
0.79330 -1.67501
0.79331 -1.67226
0.79332 -1.66931
0.79332 -1.66614
0.79333 -1.66277
0.79334 -1.65919
0.79335 -1.65539
0.79336 -1.65138
0.79336 -1.64714
0.79337 -1.64269
0.79338 -1.63803
0.79339 -1.63314
0.79340 -1.62805
0.79340 -1.62273
0.79341 -1.61720
0.79342 -1.61145
0.79343 -1.60549
0.79344 -1.59931
0.79344 -1.59292
0.79345 -1.58630
0.79346 -1.57947
0.79347 -1.57242
0.79348 -1.56516
0.79348 -1.55768
0.79349 -1.55000
0.79350 -1.54210
0.79351 -1.53400
0.79352 -1.52571
0.79352 -1.51721
0.79353 -1.50851
0.79354 -1.49962
0.79355 -1.49052
0.79356 -1.48123
0.79356 -1.47175
0.79357 -1.46207
0.79358 -1.45219
0.79359 -1.44211
0.79360 -1.43184
0.79360 -1.42136
0.79361 -1.41069
0.79362 -1.39982
0.79363 -1.38875
0.79364 -1.37749
0.79364 -1.36603
0.79365 -1.35437
0.79366 -1.34251
0.79367 -1.33045
0.79368 -1.31821
0.79368 -1.30577
0.79369 -1.29314
0.79370 -1.28033
0.79371 -1.26733
0.79372 -1.25416
0.79372 -1.24082
0.79373 -1.22732
0.79374 -1.21367
0.79375 -1.19985
0.79376 -1.18588
0.79376 -1.17176
0.79377 -1.15749
0.79378 -1.14309
0.79379 -1.12855
0.79380 -1.11388
0.79380 -1.09907
0.79381 -1.08413
0.79382 -1.06905
0.79383 -1.05385
0.79384 -1.03853
0.79384 -1.02309
0.79385 -1.00753
0.79386 -0.99186
0.79387 -0.97608
0.79388 -0.96019
0.79388 -0.94418
0.79389 -0.92807
0.79390 -0.91186
0.79391 -0.89554
0.79392 -0.87912
0.79392 -0.86261
0.79393 -0.84601
0.79394 -0.82932
0.79395 -0.81255
0.79396 -0.79570
0.79396 -0.77878
0.79397 -0.76179
0.79398 -0.74473
0.79399 -0.72760
0.79400 -0.71040
0.79400 -0.69313
0.79401 -0.67579
0.79402 -0.65839
0.79403 -0.64092
0.79404 -0.62340
0.79404 -0.60582
0.79405 -0.58819
0.79406 -0.57052
0.79407 -0.55281
0.79408 -0.53506
0.79408 -0.51728
0.79409 -0.49947
0.79410 -0.48164
0.79411 -0.46380
0.79412 -0.44595
0.79412 -0.42810
0.79413 -0.41025
0.79414 -0.39241
0.79415 -0.37456
0.79416 -0.35673
0.79416 -0.33890
0.79417 -0.32108
0.79418 -0.30329
0.79419 -0.28551
0.79420 -0.26774
0.79420 -0.25000
0.79421 -0.23228
0.79422 -0.21459
0.79423 -0.19691
0.79424 -0.17925
0.79424 -0.16161
0.79425 -0.14399
0.79426 -0.12639
0.79427 -0.10882
0.79428 -0.09127
0.79428 -0.07374
0.79429 -0.05624
0.79430 -0.03877
0.79431 -0.02133
0.79432 -0.00393
0.79432 0.01343
0.79433 0.03075
0.79434 0.04802
0.79435 0.06525
0.79436 0.08244
0.79436 0.09958
0.79437 0.11667
0.79438 0.13371
0.79439 0.15070
0.79440 0.16764
0.79440 0.18452
0.79441 0.20134
0.79442 0.21810
0.79443 0.23481
0.79444 0.25147
0.79444 0.26807
0.79445 0.28461
0.79446 0.30109
0.79447 0.31751
0.79448 0.33387
0.79448 0.35017
0.79449 0.36640
0.79450 0.38257
0.79451 0.39866
0.79452 0.41467
0.79452 0.43062
0.79453 0.44650
0.79454 0.46231
0.79455 0.47805
0.79456 0.49371
0.79456 0.50932
0.79457 0.52485
0.79458 0.54032
0.79459 0.55573
0.79460 0.57107
0.79460 0.58636
0.79461 0.60159
0.79462 0.61677
0.79463 0.63190
0.79464 0.64698
0.79464 0.66200
0.79465 0.67697
0.79466 0.69188
0.79467 0.70674
0.79468 0.72154
0.79468 0.73629
0.79469 0.75099
0.79470 0.76563
0.79471 0.78021
0.79472 0.79473
0.79472 0.80919
0.79473 0.82360
0.79474 0.83794
0.79475 0.85223
0.79476 0.86645
0.79476 0.88062
0.79477 0.89473
0.79478 0.90879
0.79479 0.92279
0.79480 0.93674
0.79480 0.95064
0.79481 0.96449
0.79482 0.97830
0.79483 0.99206
0.79484 1.00579
0.79484 1.01947
0.79485 1.03310
0.79486 1.04670
0.79487 1.06025
0.79488 1.07375
0.79488 1.08722
0.79489 1.10064
0.79490 1.11401
0.79491 1.12734
0.79492 1.14062
0.79492 1.15386
0.79493 1.16705
0.79494 1.18019
0.79495 1.19328
0.79496 1.20632
0.79496 1.21932
0.79497 1.23227
0.79498 1.24516
0.79499 1.25801
0.79500 1.27081
0.79500 1.28356
0.79501 1.29626
0.79502 1.30891
0.79503 1.32151
0.79504 1.33405
0.79504 1.34654
0.79505 1.35897
0.79506 1.37135
0.79507 1.38368
0.79508 1.39596
0.79508 1.40818
0.79509 1.42035
0.79510 1.43246
0.79511 1.44451
0.79512 1.45651
0.79512 1.46844
0.79513 1.48031
0.79514 1.49211
0.79515 1.50386
0.79516 1.51553
0.79516 1.52714
0.79517 1.53867
0.79518 1.55013
0.79519 1.56151
0.79520 1.57281
0.79520 1.58404
0.79521 1.59520
0.79522 1.60627
0.79523 1.61727
0.79524 1.62819
0.79524 1.63903
0.79525 1.64978
0.79526 1.66044
0.79527 1.67102
0.79528 1.68151
0.79528 1.69191
0.79529 1.70220
0.79530 1.71240
0.79531 1.72250
0.79532 1.73248
0.79532 1.74236
0.79533 1.75211
0.79534 1.76175
0.79535 1.77127
0.79536 1.78068
0.79536 1.78996
0.79537 1.79912
0.79538 1.80814
0.79539 1.81703
0.79540 1.82579
0.79540 1.83440
0.79541 1.84288
0.79542 1.85122
0.79543 1.85941
0.79544 1.86745
0.79544 1.87535
0.79545 1.88311
0.79546 1.89071
0.79547 1.89815
0.79548 1.90545
0.79548 1.91260
0.79549 1.91958
0.79550 1.92641
0.79551 1.93309
0.79552 1.93960
0.79552 1.94595
0.79553 1.95214
0.79554 1.95817
0.79555 1.96403
0.79556 1.96972
0.79556 1.97524
0.79557 1.98058
0.79558 1.98576
0.79559 1.99075
0.79560 1.99556
0.79560 2.00018
0.79561 2.00462
0.79562 2.00888
0.79563 2.01294
0.79564 2.01682
0.79564 2.02051
0.79565 2.02401
0.79566 2.02733
0.79567 2.03046
0.79568 2.03341
0.79568 2.03618
0.79569 2.03877
0.79570 2.04117
0.79571 2.04338
0.79572 2.04540
0.79572 2.04723
0.79573 2.04886
0.79574 2.05030
0.79575 2.05155
0.79576 2.05259
0.79576 2.05344
0.79577 2.05409
0.79578 2.05454
0.79579 2.05479
0.79580 2.05483
0.79580 2.05468
0.79581 2.05433
0.79582 2.05378
0.79583 2.05303
0.79584 2.05209
0.79584 2.05096
0.79585 2.04963
0.79586 2.04811
0.79587 2.04639
0.79588 2.04448
0.79588 2.04238
0.79589 2.04010
0.79590 2.03763
0.79591 2.03499
0.79592 2.03217
0.79592 2.02917
0.79593 2.02600
0.79594 2.02266
0.79595 2.01914
0.79596 2.01546
0.79596 2.01160
0.79597 2.00758
0.79598 2.00339
0.79599 1.99903
0.79600 1.99451
0.79600 1.98982
0.79601 1.98497
0.79602 1.97995
0.79603 1.97478
0.79604 1.96944
0.79604 1.96396
0.79605 1.95832
0.79606 1.95252
0.79607 1.94658
0.79608 1.94048
0.79608 1.93423
0.79609 1.92783
0.79610 1.92128
0.79611 1.91460
0.79612 1.90777
0.79612 1.90080
0.79613 1.89369
0.79614 1.88644
0.79615 1.87906
0.79616 1.87153
0.79616 1.86387
0.79617 1.85607
0.79618 1.84814
0.79619 1.84007
0.79620 1.83186
0.79620 1.82352
0.79621 1.81505
0.79622 1.80646
0.79623 1.79774
0.79624 1.78889
0.79624 1.77993
0.79625 1.77085
0.79626 1.76166
0.79627 1.75236
0.79628 1.74295
0.79628 1.73344
0.79629 1.72382
0.79630 1.71410
0.79631 1.70428
0.79632 1.69436
0.79632 1.68435
0.79633 1.67425
0.79634 1.66406
0.79635 1.65377
0.79636 1.64340
0.79636 1.63294
0.79637 1.62239
0.79638 1.61177
0.79639 1.60107
0.79640 1.59028
0.79640 1.57941
0.79641 1.56846
0.79642 1.55741
0.79643 1.54629
0.79644 1.53508
0.79644 1.52379
0.79645 1.51243
0.79646 1.50098
0.79647 1.48946
0.79648 1.47786
0.79648 1.46619
0.79649 1.45445
0.79650 1.44264
0.79651 1.43077
0.79652 1.41883
0.79652 1.40684
0.79653 1.39478
0.79654 1.38265
0.79655 1.37047
0.79656 1.35822
0.79656 1.34592
0.79657 1.33356
0.79658 1.32115
0.79659 1.30869
0.79660 1.29618
0.79660 1.28362
0.79661 1.27100
0.79662 1.25833
0.79663 1.24562
0.79664 1.23286
0.79664 1.22005
0.79665 1.20720
0.79666 1.19430
0.79667 1.18136
0.79668 1.16837
0.79668 1.15533
0.79669 1.14225
0.79670 1.12913
0.79671 1.11596
0.79672 1.10275
0.79672 1.08950
0.79673 1.07620
0.79674 1.06285
0.79675 1.04947
0.79676 1.03604
0.79676 1.02257
0.79677 1.00905
0.79678 0.99548
0.79679 0.98187
0.79680 0.96820
0.79680 0.95449
0.79681 0.94073
0.79682 0.92691
0.79683 0.91304
0.79684 0.89912
0.79684 0.88514
0.79685 0.87110
0.79686 0.85701
0.79687 0.84286
0.79688 0.82865
0.79688 0.81439
0.79689 0.80007
0.79690 0.78570
0.79691 0.77127
0.79692 0.75680
0.79692 0.74229
0.79693 0.72773
0.79694 0.71312
0.79695 0.69846
0.79696 0.68375
0.79696 0.66900
0.79697 0.65420
0.79698 0.63935
0.79699 0.62446
0.79700 0.60952
0.79700 0.59452
0.79701 0.57946
0.79702 0.56436
0.79703 0.54920
0.79704 0.53398
0.79704 0.51872
0.79705 0.50339
0.79706 0.48801
0.79707 0.47258
0.79708 0.45710
0.79708 0.44156
0.79709 0.42596
0.79710 0.41032
0.79711 0.39463
0.79712 0.37889
0.79712 0.36310
0.79713 0.34726
0.79714 0.33138
0.79715 0.31545
0.79716 0.29948
0.79716 0.28347
0.79717 0.26743
0.79718 0.25135
0.79719 0.23524
0.79720 0.21909
0.79720 0.20292
0.79721 0.18672
0.79722 0.17050
0.79723 0.15426
0.79724 0.13800
0.79724 0.12172
0.79725 0.10543
0.79726 0.08913
0.79727 0.07283
0.79728 0.05654
0.79728 0.04025
0.79729 0.02397
0.79730 0.00770
0.79731 -0.00854
0.79732 -0.02476
0.79732 -0.04096
0.79733 -0.05712
0.79734 -0.07324
0.79735 -0.08932
0.79736 -0.10535
0.79736 -0.12134
0.79737 -0.13728
0.79738 -0.15317
0.79739 -0.16901
0.79740 -0.18479
0.79740 -0.20051
0.79741 -0.21617
0.79742 -0.23177
0.79743 -0.24731
0.79744 -0.26279
0.79744 -0.27820
0.79745 -0.29353
0.79746 -0.30879
0.79747 -0.32398
0.79748 -0.33908
0.79748 -0.35410
0.79749 -0.36904
0.79750 -0.38388
0.79751 -0.39863
0.79752 -0.41329
0.79752 -0.42784
0.79753 -0.44229
0.79754 -0.45663
0.79755 -0.47085
0.79756 -0.48496
0.79756 -0.49896
0.79757 -0.51283
0.79758 -0.52657
0.79759 -0.54020
0.79760 -0.55369
0.79760 -0.56706
0.79761 -0.58030
0.79762 -0.59341
0.79763 -0.60639
0.79764 -0.61923
0.79764 -0.63194
0.79765 -0.64452
0.79766 -0.65696
0.79767 -0.66926
0.79768 -0.68143
0.79768 -0.69345
0.79769 -0.70533
0.79770 -0.71707
0.79771 -0.72867
0.79772 -0.74013
0.79772 -0.75144
0.79773 -0.76262
0.79774 -0.77365
0.79775 -0.78454
0.79776 -0.79528
0.79776 -0.80588
0.79777 -0.81633
0.79778 -0.82666
0.79779 -0.83684
0.79780 -0.84689
0.79780 -0.85681
0.79781 -0.86660
0.79782 -0.87625
0.79783 -0.88577
0.79784 -0.89516
0.79784 -0.90443
0.79785 -0.91357
0.79786 -0.92258
0.79787 -0.93146
0.79788 -0.94021
0.79788 -0.94883
0.79789 -0.95731
0.79790 -0.96567
0.79791 -0.97389
0.79792 -0.98199
0.79792 -0.98996
0.79793 -0.99779
0.79794 -1.00549
0.79795 -1.01306
0.79796 -1.02050
0.79796 -1.02781
0.79797 -1.03499
0.79798 -1.04204
0.79799 -1.04897
0.79800 -1.05577
0.79800 -1.06246
0.79801 -1.06901
0.79802 -1.07545
0.79803 -1.08178
0.79804 -1.08798
0.79804 -1.09408
0.79805 -1.10006
0.79806 -1.10593
0.79807 -1.11169
0.79808 -1.11735
0.79808 -1.12290
0.79809 -1.12835
0.79810 -1.13369
0.79811 -1.13893
0.79812 -1.14407
0.79812 -1.14910
0.79813 -1.15403
0.79814 -1.15886
0.79815 -1.16359
0.79816 -1.16822
0.79816 -1.17276
0.79817 -1.17719
0.79818 -1.18154
0.79819 -1.18578
0.79820 -1.18993
0.79820 -1.19399
0.79821 -1.19795
0.79822 -1.20182
0.79823 -1.20559
0.79824 -1.20926
0.79824 -1.21283
0.79825 -1.21631
0.79826 -1.21970
0.79827 -1.22301
0.79828 -1.22623
0.79828 -1.22936
0.79829 -1.23240
0.79830 -1.23536
0.79831 -1.23822
0.79832 -1.24099
0.79832 -1.24368
0.79833 -1.24627
0.79834 -1.24878
0.79835 -1.25119
0.79836 -1.25352
0.79836 -1.25577
0.79837 -1.25792
0.79838 -1.25999
0.79839 -1.26197
0.79840 -1.26388
0.79840 -1.26570
0.79841 -1.26744
0.79842 -1.26911
0.79843 -1.27069
0.79844 -1.27220
0.79844 -1.27363
0.79845 -1.27498
0.79846 -1.27627
0.79847 -1.27747
0.79848 -1.27860
0.79848 -1.27964
0.79849 -1.28060
0.79850 -1.28147
0.79851 -1.28226
0.79852 -1.28295
0.79852 -1.28355
0.79853 -1.28405
0.79854 -1.28446
0.79855 -1.28477
0.79856 -1.28498
0.79856 -1.28509
0.79857 -1.28510
0.79858 -1.28501
0.79859 -1.28481
0.79860 -1.28451
0.79860 -1.28411
0.79861 -1.28359
0.79862 -1.28296
0.79863 -1.28222
0.79864 -1.28137
0.79864 -1.28039
0.79865 -1.27930
0.79866 -1.27808
0.79867 -1.27674
0.79868 -1.27527
0.79868 -1.27367
0.79869 -1.27195
0.79870 -1.27009
0.79871 -1.26810
0.79872 -1.26598
0.79872 -1.26373
0.79873 -1.26135
0.79874 -1.25883
0.79875 -1.25618
0.79876 -1.25339
0.79876 -1.25045
0.79877 -1.24736
0.79878 -1.24412
0.79879 -1.24073
0.79880 -1.23718
0.79880 -1.23348
0.79881 -1.22962
0.79882 -1.22560
0.79883 -1.22143
0.79884 -1.21709
0.79884 -1.21258
0.79885 -1.20792
0.79886 -1.20308
0.79887 -1.19808
0.79888 -1.19291
0.79888 -1.18758
0.79889 -1.18207
0.79890 -1.17640
0.79891 -1.17054
0.79892 -1.16452
0.79892 -1.15831
0.79893 -1.15192
0.79894 -1.14535
0.79895 -1.13860
0.79896 -1.13166
0.79896 -1.12453
0.79897 -1.11721
0.79898 -1.10971
0.79899 -1.10203
0.79900 -1.09417
0.79900 -1.08613
0.79901 -1.07791
0.79902 -1.06952
0.79903 -1.06095
0.79904 -1.05219
0.79904 -1.04327
0.79905 -1.03417
0.79906 -1.02490
0.79907 -1.01545
0.79908 -1.00584
0.79908 -0.99605
0.79909 -0.98609
0.79910 -0.97595
0.79911 -0.96565
0.79912 -0.95517
0.79912 -0.94453
0.79913 -0.93371
0.79914 -0.92273
0.79915 -0.91158
0.79916 -0.90027
0.79916 -0.88879
0.79917 -0.87715
0.79918 -0.86536
0.79919 -0.85341
0.79920 -0.84131
0.79920 -0.82906
0.79921 -0.81666
0.79922 -0.80411
0.79923 -0.79141
0.79924 -0.77857
0.79924 -0.76559
0.79925 -0.75247
0.79926 -0.73922
0.79927 -0.72583
0.79928 -0.71231
0.79928 -0.69866
0.79929 -0.68488
0.79930 -0.67099
0.79931 -0.65697
0.79932 -0.64282
0.79932 -0.62856
0.79933 -0.61419
0.79934 -0.59970
0.79935 -0.58510
0.79936 -0.57038
0.79936 -0.55556
0.79937 -0.54064
0.79938 -0.52561
0.79939 -0.51048
0.79940 -0.49525
0.79940 -0.47992
0.79941 -0.46451
0.79942 -0.44900
0.79943 -0.43340
0.79944 -0.41771
0.79944 -0.40194
0.79945 -0.38610
0.79946 -0.37018
0.79947 -0.35420
0.79948 -0.33815
0.79948 -0.32204
0.79949 -0.30586
0.79950 -0.28961
0.79951 -0.27331
0.79952 -0.25694
0.79952 -0.24053
0.79953 -0.22406
0.79954 -0.20755
0.79955 -0.19099
0.79956 -0.17438
0.79956 -0.15773
0.79957 -0.14104
0.79958 -0.12431
0.79959 -0.10754
0.79960 -0.09074
0.79960 -0.07392
0.79961 -0.05707
0.79962 -0.04020
0.79963 -0.02331
0.79964 -0.00641
0.79964 0.01049
0.79965 0.02741
0.79966 0.04432
0.79967 0.06123
0.79968 0.07814
0.79968 0.09506
0.79969 0.11197
0.79970 0.12888
0.79971 0.14579
0.79972 0.16270
0.79972 0.17960
0.79973 0.19649
0.79974 0.21337
0.79975 0.23024
0.79976 0.24709
0.79976 0.26393
0.79977 0.28076
0.79978 0.29757
0.79979 0.31435
0.79980 0.33111
0.79980 0.34785
0.79981 0.36455
0.79982 0.38122
0.79983 0.39786
0.79984 0.41445
0.79984 0.43101
0.79985 0.44752
0.79986 0.46399
0.79987 0.48041
0.79988 0.49678
0.79988 0.51310
0.79989 0.52937
0.79990 0.54559
0.79991 0.56176
0.79992 0.57787
0.79992 0.59392
0.79993 0.60991
0.79994 0.62583
0.79995 0.64170
0.79996 0.65751
0.79996 0.67326
0.79997 0.68896
0.79998 0.70460
0.79999 0.72018
0.80000 0.73570
0.80000 0.75116
0.80001 0.76656
0.80002 0.78189
0.80003 0.79715
0.80004 0.81235
0.80004 0.82749
0.80005 0.84256
0.80006 0.85756
0.80007 0.87249
0.80008 0.88736
0.80008 0.90215
0.80009 0.91689
0.80010 0.93155
0.80011 0.94616
0.80012 0.96070
0.80012 0.97519
0.80013 0.98961
0.80014 1.00397
0.80015 1.01827
0.80016 1.03252
0.80016 1.04670
0.80017 1.06082
0.80018 1.07488
0.80019 1.08888
0.80020 1.10281
0.80020 1.11668
0.80021 1.13049
0.80022 1.14423
0.80023 1.15791
0.80024 1.17152
0.80024 1.18507
0.80025 1.19855
0.80026 1.21196
0.80027 1.22531
0.80028 1.23859
0.80028 1.25180
0.80029 1.26495
0.80030 1.27802
0.80031 1.29104
0.80032 1.30400
0.80032 1.31690
0.80033 1.32974
0.80034 1.34252
0.80035 1.35524
0.80036 1.36791
0.80036 1.38052
0.80037 1.39307
0.80038 1.40556
0.80039 1.41799
0.80040 1.43037
0.80040 1.44268
0.80041 1.45494
0.80042 1.46714
0.80043 1.47928
0.80044 1.49136
0.80044 1.50338
0.80045 1.51534
0.80046 1.52724
0.80047 1.53907
0.80048 1.55083
0.80048 1.56252
0.80049 1.57414
0.80050 1.58570
0.80051 1.59719
0.80052 1.60861
0.80052 1.61997
0.80053 1.63126
0.80054 1.64248
0.80055 1.65364
0.80056 1.66473
0.80056 1.67576
0.80057 1.68671
0.80058 1.69761
0.80059 1.70843
0.80060 1.71918
0.80060 1.72985
0.80061 1.74045
0.80062 1.75096
0.80063 1.76140
0.80064 1.77176
0.80064 1.78203
0.80065 1.79222
0.80066 1.80233
0.80067 1.81235
0.80068 1.82228
0.80068 1.83212
0.80069 1.84188
0.80070 1.85153
0.80071 1.86110
0.80072 1.87057
0.80072 1.87994
0.80073 1.88921
0.80074 1.89839
0.80075 1.90746
0.80076 1.91643
0.80076 1.92529
0.80077 1.93406
0.80078 1.94272
0.80079 1.95127
0.80080 1.95971
0.80080 1.96804
0.80081 1.97625
0.80082 1.98434
0.80083 1.99231
0.80084 2.00016
0.80084 2.00788
0.80085 2.01547
0.80086 2.02293
0.80087 2.03026
0.80088 2.03746
0.80088 2.04453
0.80089 2.05146
0.80090 2.05825
0.80091 2.06490
0.80092 2.07141
0.80092 2.07778
0.80093 2.08401
0.80094 2.09009
0.80095 2.09603
0.80096 2.10182
0.80096 2.10747
0.80097 2.11297
0.80098 2.11832
0.80099 2.12351
0.80100 2.12855
0.80100 2.13343
0.80101 2.13816
0.80102 2.14272
0.80103 2.14713
0.80104 2.15137
0.80104 2.15544
0.80105 2.15934
0.80106 2.16306
0.80107 2.16661
0.80108 2.16998
0.80108 2.17317
0.80109 2.17617
0.80110 2.17899
0.80111 2.18163
0.80112 2.18408
0.80112 2.18635
0.80113 2.18844
0.80114 2.19035
0.80115 2.19207
0.80116 2.19361
0.80116 2.19497
0.80117 2.19614
0.80118 2.19713
0.80119 2.19794
0.80120 2.19857
0.80120 2.19900
0.80121 2.19925
0.80122 2.19931
0.80123 2.19918
0.80124 2.19886
0.80124 2.19834
0.80125 2.19763
0.80126 2.19672
0.80127 2.19561
0.80128 2.19431
0.80128 2.19282
0.80129 2.19113
0.80130 2.18924
0.80131 2.18716
0.80132 2.18489
0.80132 2.18243
0.80133 2.17977
0.80134 2.17692
0.80135 2.17388
0.80136 2.17065
0.80136 2.16723
0.80137 2.16361
0.80138 2.15981
0.80139 2.15582
0.80140 2.15164
0.80140 2.14728
0.80141 2.14273
0.80142 2.13799
0.80143 2.13306
0.80144 2.12795
0.80144 2.12265
0.80145 2.11716
0.80146 2.11148
0.80147 2.10562
0.80148 2.09957
0.80148 2.09333
0.80149 2.08691
0.80150 2.08032
0.80151 2.07354
0.80152 2.06658
0.80152 2.05943
0.80153 2.05211
0.80154 2.04461
0.80155 2.03693
0.80156 2.02909
0.80156 2.02108
0.80157 2.01291
0.80158 2.00457
0.80159 1.99608
0.80160 1.98744
0.80160 1.97864
0.80161 1.96968
0.80162 1.96056
0.80163 1.95128
0.80164 1.94184
0.80164 1.93224
0.80165 1.92248
0.80166 1.91256
0.80167 1.90249
0.80168 1.89227
0.80168 1.88188
0.80169 1.87135
0.80170 1.86067
0.80171 1.84984
0.80172 1.83886
0.80172 1.82775
0.80173 1.81650
0.80174 1.80511
0.80175 1.79360
0.80176 1.78196
0.80176 1.77019
0.80177 1.75830
0.80178 1.74628
0.80179 1.73413
0.80180 1.72186
0.80180 1.70948
0.80181 1.69697
0.80182 1.68434
0.80183 1.67158
0.80184 1.65872
0.80184 1.64573
0.80185 1.63263
0.80186 1.61941
0.80187 1.60608
0.80188 1.59263
0.80188 1.57907
0.80189 1.56540
0.80190 1.55161
0.80191 1.53772
0.80192 1.52371
0.80192 1.50960
0.80193 1.49538
0.80194 1.48105
0.80195 1.46664
0.80196 1.45214
0.80196 1.43755
0.80197 1.42287
0.80198 1.40811
0.80199 1.39327
0.80200 1.37835
0.80200 1.36334
0.80201 1.34826
0.80202 1.33310
0.80203 1.31787
0.80204 1.30258
0.80204 1.28721
0.80205 1.27178
0.80206 1.25629
0.80207 1.24073
0.80208 1.22509
0.80208 1.20939
0.80209 1.19362
0.80210 1.17779
0.80211 1.16189
0.80212 1.14594
0.80212 1.12994
0.80213 1.11389
0.80214 1.09779
0.80215 1.08165
0.80216 1.06547
0.80216 1.04925
0.80217 1.03298
0.80218 1.01667
0.80219 1.00033
0.80220 0.98394
0.80220 0.96752
0.80221 0.95106
0.80222 0.93457
0.80223 0.91805
0.80224 0.90150
0.80224 0.88491
0.80225 0.86829
0.80226 0.85164
0.80227 0.83495
0.80228 0.81825
0.80228 0.80152
0.80229 0.78476
0.80230 0.76798
0.80231 0.75117
0.80232 0.73435
0.80232 0.71751
0.80233 0.70066
0.80234 0.68379
0.80235 0.66691
0.80236 0.65002
0.80236 0.63313
0.80237 0.61623
0.80238 0.59933
0.80239 0.58244
0.80240 0.56555
0.80240 0.54867
0.80241 0.53180
0.80242 0.51493
0.80243 0.49808
0.80244 0.48123
0.80244 0.46439
0.80245 0.44756
0.80246 0.43073
0.80247 0.41389
0.80248 0.39706
0.80248 0.38022
0.80249 0.36338
0.80250 0.34654
0.80251 0.32971
0.80252 0.31288
0.80252 0.29605
0.80253 0.27923
0.80254 0.26241
0.80255 0.24559
0.80256 0.22877
0.80256 0.21195
0.80257 0.19514
0.80258 0.17833
0.80259 0.16153
0.80260 0.14474
0.80260 0.12796
0.80261 0.11118
0.80262 0.09441
0.80263 0.07764
0.80264 0.06088
0.80264 0.04414
0.80265 0.02739
0.80266 0.01066
0.80267 -0.00606
0.80268 -0.02277
0.80268 -0.03947
0.80269 -0.05616
0.80270 -0.07284
0.80271 -0.08950
0.80272 -0.10615
0.80272 -0.12278
0.80273 -0.13939
0.80274 -0.15598
0.80275 -0.17255
0.80276 -0.18910
0.80276 -0.20562
0.80277 -0.22211
0.80278 -0.23857
0.80279 -0.25500
0.80280 -0.27140
0.80280 -0.28776
0.80281 -0.30407
0.80282 -0.32035
0.80283 -0.33660
0.80284 -0.35280
0.80284 -0.36896
0.80285 -0.38509
0.80286 -0.40116
0.80287 -0.41720
0.80288 -0.43320
0.80288 -0.44915
0.80289 -0.46506
0.80290 -0.48092
0.80291 -0.49674
0.80292 -0.51250
0.80292 -0.52821
0.80293 -0.54387
0.80294 -0.55947
0.80295 -0.57500
0.80296 -0.59047
0.80296 -0.60587
0.80297 -0.62120
0.80298 -0.63644
0.80299 -0.65161
0.80300 -0.66669
0.80300 -0.68168
0.80301 -0.69659
0.80302 -0.71141
0.80303 -0.72613
0.80304 -0.74076
0.80304 -0.75529
0.80305 -0.76972
0.80306 -0.78404
0.80307 -0.79825
0.80308 -0.81236
0.80308 -0.82636
0.80309 -0.84024
0.80310 -0.85401
0.80311 -0.86767
0.80312 -0.88121
0.80312 -0.89463
0.80313 -0.90793
0.80314 -0.92112
0.80315 -0.93418
0.80316 -0.94713
0.80316 -0.95995
0.80317 -0.97265
0.80318 -0.98523
0.80319 -0.99767
0.80320 -1.00998
0.80320 -1.02216
0.80321 -1.03420
0.80322 -1.04611
0.80323 -1.05789
0.80324 -1.06954
0.80324 -1.08105
0.80325 -1.09243
0.80326 -1.10367
0.80327 -1.11478
0.80328 -1.12576
0.80328 -1.13661
0.80329 -1.14733
0.80330 -1.15791
0.80331 -1.16837
0.80332 -1.17870
0.80332 -1.18889
0.80333 -1.19895
0.80334 -1.20887
0.80335 -1.21865
0.80336 -1.22830
0.80336 -1.23780
0.80337 -1.24717
0.80338 -1.25640
0.80339 -1.26548
0.80340 -1.27443
0.80340 -1.28324
0.80341 -1.29191
0.80342 -1.30044
0.80343 -1.30883
0.80344 -1.31709
0.80344 -1.32520
0.80345 -1.33318
0.80346 -1.34102
0.80347 -1.34873
0.80348 -1.35631
0.80348 -1.36375
0.80349 -1.37107
0.80350 -1.37826
0.80351 -1.38533
0.80352 -1.39227
0.80352 -1.39909
0.80353 -1.40578
0.80354 -1.41236
0.80355 -1.41881
0.80356 -1.42515
0.80356 -1.43136
0.80357 -1.43746
0.80358 -1.44343
0.80359 -1.44929
0.80360 -1.45502
0.80360 -1.46064
0.80361 -1.46613
0.80362 -1.47151
0.80363 -1.47678
0.80364 -1.48193
0.80364 -1.48696
0.80365 -1.49187
0.80366 -1.49667
0.80367 -1.50135
0.80368 -1.50591
0.80368 -1.51036
0.80369 -1.51470
0.80370 -1.51892
0.80371 -1.52305
0.80372 -1.52706
0.80372 -1.53097
0.80373 -1.53477
0.80374 -1.53847
0.80375 -1.54206
0.80376 -1.54554
0.80376 -1.54892
0.80377 -1.55219
0.80378 -1.55536
0.80379 -1.55843
0.80380 -1.56138
0.80380 -1.56424
0.80381 -1.56699
0.80382 -1.56964
0.80383 -1.57218
0.80384 -1.57462
0.80384 -1.57697
0.80385 -1.57921
0.80386 -1.58135
0.80387 -1.58340
0.80388 -1.58536
0.80388 -1.58723
0.80389 -1.58900
0.80390 -1.59068
0.80391 -1.59227
0.80392 -1.59376
0.80392 -1.59517
0.80393 -1.59649
0.80394 -1.59772
0.80395 -1.59887
0.80396 -1.59993
0.80396 -1.60091
0.80397 -1.60180
0.80398 -1.60261
0.80399 -1.60333
0.80400 -1.60395
0.80400 -1.60449
0.80401 -1.60493
0.80402 -1.60528
0.80403 -1.60553
0.80404 -1.60569
0.80404 -1.60577
0.80405 -1.60575
0.80406 -1.60564
0.80407 -1.60544
0.80408 -1.60514
0.80408 -1.60475
0.80409 -1.60428
0.80410 -1.60371
0.80411 -1.60306
0.80412 -1.60232
0.80412 -1.60148
0.80413 -1.60055
0.80414 -1.59952
0.80415 -1.59838
0.80416 -1.59715
0.80416 -1.59582
0.80417 -1.59438
0.80418 -1.59285
0.80419 -1.59120
0.80420 -1.58945
0.80420 -1.58758
0.80421 -1.58560
0.80422 -1.58350
0.80423 -1.58129
0.80424 -1.57896
0.80424 -1.57651
0.80425 -1.57395
0.80426 -1.57127
0.80427 -1.56846
0.80428 -1.56553
0.80428 -1.56248
0.80429 -1.55931
0.80430 -1.55601
0.80431 -1.55259
0.80432 -1.54904
0.80432 -1.54537
0.80433 -1.54157
0.80434 -1.53764
0.80435 -1.53359
0.80436 -1.52939
0.80436 -1.52506
0.80437 -1.52059
0.80438 -1.51598
0.80439 -1.51122
0.80440 -1.50632
0.80440 -1.50127
0.80441 -1.49608
0.80442 -1.49074
0.80443 -1.48526
0.80444 -1.47961
0.80444 -1.47381
0.80445 -1.46786
0.80446 -1.46173
0.80447 -1.45545
0.80448 -1.44901
0.80448 -1.44241
0.80449 -1.43566
0.80450 -1.42874
0.80451 -1.42167
0.80452 -1.41444
0.80452 -1.40706
0.80453 -1.39951
0.80454 -1.39181
0.80455 -1.38394
0.80456 -1.37591
0.80456 -1.36771
0.80457 -1.35936
0.80458 -1.35084
0.80459 -1.34216
0.80460 -1.33332
0.80460 -1.32430
0.80461 -1.31511
0.80462 -1.30576
0.80463 -1.29625
0.80464 -1.28658
0.80464 -1.27674
0.80465 -1.26675
0.80466 -1.25660
0.80467 -1.24630
0.80468 -1.23584
0.80468 -1.22523
0.80469 -1.21447
0.80470 -1.20356
0.80471 -1.19250
0.80472 -1.18130
0.80472 -1.16995
0.80473 -1.15846
0.80474 -1.14682
0.80475 -1.13503
0.80476 -1.12310
0.80476 -1.11103
0.80477 -1.09881
0.80478 -1.08644
0.80479 -1.07393
0.80480 -1.06127
0.80480 -1.04846
0.80481 -1.03551
0.80482 -1.02240
0.80483 -1.00915
0.80484 -0.99575
0.80484 -0.98221
0.80485 -0.96852
0.80486 -0.95470
0.80487 -0.94074
0.80488 -0.92664
0.80488 -0.91241
0.80489 -0.89805
0.80490 -0.88356
0.80491 -0.86895
0.80492 -0.85421
0.80492 -0.83934
0.80493 -0.82434
0.80494 -0.80923
0.80495 -0.79399
0.80496 -0.77865
0.80496 -0.76319
0.80497 -0.74762
0.80498 -0.73194
0.80499 -0.71615
0.80500 -0.70026
0.80500 -0.68426
0.80501 -0.66815
0.80502 -0.65194
0.80503 -0.63563
0.80504 -0.61923
0.80504 -0.60273
0.80505 -0.58614
0.80506 -0.56946
0.80507 -0.55270
0.80508 -0.53586
0.80508 -0.51893
0.80509 -0.50194
0.80510 -0.48488
0.80511 -0.46775
0.80512 -0.45056
0.80512 -0.43332
0.80513 -0.41601
0.80514 -0.39864
0.80515 -0.38121
0.80516 -0.36373
0.80516 -0.34620
0.80517 -0.32862
0.80518 -0.31099
0.80519 -0.29332
0.80520 -0.27561
0.80520 -0.25786
0.80521 -0.24007
0.80522 -0.22224
0.80523 -0.20438
0.80524 -0.18649
0.80524 -0.16857
0.80525 -0.15063
0.80526 -0.13267
0.80527 -0.11469
0.80528 -0.09670
0.80528 -0.07870
0.80529 -0.06070
0.80530 -0.04270
0.80531 -0.02471
0.80532 -0.00674
0.80532 0.01122
0.80533 0.02916
0.80534 0.04707
0.80535 0.06495
0.80536 0.08280
0.80536 0.10061
0.80537 0.11837
0.80538 0.13609
0.80539 0.15376
0.80540 0.17138
0.80540 0.18894
0.80541 0.20644
0.80542 0.22387
0.80543 0.24124
0.80544 0.25853
0.80544 0.27575
0.80545 0.29289
0.80546 0.30994
0.80547 0.32692
0.80548 0.34381
0.80548 0.36060
0.80549 0.37731
0.80550 0.39392
0.80551 0.41043
0.80552 0.42684
0.80552 0.44315
0.80553 0.45935
0.80554 0.47545
0.80555 0.49143
0.80556 0.50731
0.80556 0.52307
0.80557 0.53872
0.80558 0.55426
0.80559 0.56968
0.80560 0.58499
0.80560 0.60019
0.80561 0.61527
0.80562 0.63023
0.80563 0.64508
0.80564 0.65980
0.80564 0.67439
0.80565 0.68886
0.80566 0.70320
0.80567 0.71741
0.80568 0.73150
0.80568 0.74546
0.80569 0.75929
0.80570 0.77299
0.80571 0.78656
0.80572 0.80001
0.80572 0.81331
0.80573 0.82648
0.80574 0.83952
0.80575 0.85242
0.80576 0.86518
0.80576 0.87779
0.80577 0.89026
0.80578 0.90259
0.80579 0.91478
0.80580 0.92682
0.80580 0.93872
0.80581 0.95048
0.80582 0.96210
0.80583 0.97358
0.80584 0.98493
0.80584 0.99614
0.80585 1.00722
0.80586 1.01816
0.80587 1.02898
0.80588 1.03967
0.80588 1.05024
0.80589 1.06067
0.80590 1.07099
0.80591 1.08117
0.80592 1.09124
0.80592 1.10119
0.80593 1.11102
0.80594 1.12074
0.80595 1.13033
0.80596 1.13981
0.80596 1.14917
0.80597 1.15841
0.80598 1.16754
0.80599 1.17655
0.80600 1.18545
0.80600 1.19423
0.80601 1.20290
0.80602 1.21145
0.80603 1.21990
0.80604 1.22823
0.80604 1.23645
0.80605 1.24456
0.80606 1.25257
0.80607 1.26047
0.80608 1.26826
0.80608 1.27594
0.80609 1.28351
0.80610 1.29098
0.80611 1.29834
0.80612 1.30559
0.80612 1.31273
0.80613 1.31978
0.80614 1.32672
0.80615 1.33356
0.80616 1.34029
0.80616 1.34691
0.80617 1.35343
0.80618 1.35984
0.80619 1.36614
0.80620 1.37232
0.80620 1.37840
0.80621 1.38436
0.80622 1.39020
0.80623 1.39594
0.80624 1.40156
0.80624 1.40707
0.80625 1.41247
0.80626 1.41776
0.80627 1.42295
0.80628 1.42803
0.80628 1.43301
0.80629 1.43789
0.80630 1.44266
0.80631 1.44732
0.80632 1.45187
0.80632 1.45630
0.80633 1.46063
0.80634 1.46484
0.80635 1.46893
0.80636 1.47290
0.80636 1.47675
0.80637 1.48047
0.80638 1.48407
0.80639 1.48754
0.80640 1.49089
0.80640 1.49411
0.80641 1.49721
0.80642 1.50017
0.80643 1.50301
0.80644 1.50571
0.80644 1.50828
0.80645 1.51072
0.80646 1.51303
0.80647 1.51521
0.80648 1.51725
0.80648 1.51916
0.80649 1.52093
0.80650 1.52257
0.80651 1.52406
0.80652 1.52542
0.80652 1.52664
0.80653 1.52773
0.80654 1.52867
0.80655 1.52947
0.80656 1.53012
0.80656 1.53062
0.80657 1.53097
0.80658 1.53117
0.80659 1.53122
0.80660 1.53112
0.80660 1.53086
0.80661 1.53045
0.80662 1.52988
0.80663 1.52915
0.80664 1.52826
0.80664 1.52722
0.80665 1.52602
0.80666 1.52467
0.80667 1.52316
0.80668 1.52149
0.80668 1.51967
0.80669 1.51770
0.80670 1.51557
0.80671 1.51328
0.80672 1.51084
0.80672 1.50824
0.80673 1.50548
0.80674 1.50256
0.80675 1.49948
0.80676 1.49623
0.80676 1.49282
0.80677 1.48923
0.80678 1.48548
0.80679 1.48155
0.80680 1.47745
0.80680 1.47317
0.80681 1.46872
0.80682 1.46410
0.80683 1.45931
0.80684 1.45435
0.80684 1.44921
0.80685 1.44391
0.80686 1.43844
0.80687 1.43281
0.80688 1.42701
0.80688 1.42105
0.80689 1.41493
0.80690 1.40863
0.80691 1.40217
0.80692 1.39554
0.80692 1.38874
0.80693 1.38178
0.80694 1.37464
0.80695 1.36734
0.80696 1.35988
0.80696 1.35224
0.80697 1.34444
0.80698 1.33648
0.80699 1.32834
0.80700 1.32004
0.80700 1.31157
0.80701 1.30293
0.80702 1.29413
0.80703 1.28516
0.80704 1.27602
0.80704 1.26672
0.80705 1.25725
0.80706 1.24763
0.80707 1.23785
0.80708 1.22792
0.80708 1.21783
0.80709 1.20758
0.80710 1.19719
0.80711 1.18664
0.80712 1.17594
0.80712 1.16509
0.80713 1.15409
0.80714 1.14294
0.80715 1.13163
0.80716 1.12018
0.80716 1.10858
0.80717 1.09684
0.80718 1.08495
0.80719 1.07292
0.80720 1.06076
0.80720 1.04846
0.80721 1.03603
0.80722 1.02346
0.80723 1.01076
0.80724 0.99793
0.80724 0.98497
0.80725 0.97190
0.80726 0.95870
0.80727 0.94538
0.80728 0.93195
0.80728 0.91841
0.80729 0.90476
0.80730 0.89101
0.80731 0.87715
0.80732 0.86319
0.80732 0.84913
0.80733 0.83498
0.80734 0.82073
0.80735 0.80641
0.80736 0.79199
0.80736 0.77749
0.80737 0.76291
0.80738 0.74824
0.80739 0.73350
0.80740 0.71868
0.80740 0.70380
0.80741 0.68885
0.80742 0.67384
0.80743 0.65878
0.80744 0.64365
0.80744 0.62848
0.80745 0.61326
0.80746 0.59799
0.80747 0.58268
0.80748 0.56733
0.80748 0.55195
0.80749 0.53655
0.80750 0.52113
0.80751 0.50568
0.80752 0.49023
0.80752 0.47477
0.80753 0.45930
0.80754 0.44384
0.80755 0.42838
0.80756 0.41293
0.80756 0.39749
0.80757 0.38207
0.80758 0.36666
0.80759 0.35128
0.80760 0.33592
0.80760 0.32060
0.80761 0.30532
0.80762 0.29007
0.80763 0.27488
0.80764 0.25974
0.80764 0.24465
0.80765 0.22962
0.80766 0.21465
0.80767 0.19975
0.80768 0.18492
0.80768 0.17017
0.80769 0.15549
0.80770 0.14090
0.80771 0.12640
0.80772 0.11199
0.80772 0.09769
0.80773 0.08350
0.80774 0.06942
0.80775 0.05546
0.80776 0.04163
0.80776 0.02792
0.80777 0.01435
0.80778 0.00092
0.80779 -0.01236
0.80780 -0.02550
0.80780 -0.03847
0.80781 -0.05128
0.80782 -0.06392
0.80783 -0.07637
0.80784 -0.08864
0.80784 -0.10072
0.80785 -0.11260
0.80786 -0.12427
0.80787 -0.13573
0.80788 -0.14696
0.80788 -0.15796
0.80789 -0.16872
0.80790 -0.17922
0.80791 -0.18947
0.80792 -0.19944
0.80792 -0.20914
0.80793 -0.21854
0.80794 -0.22765
0.80795 -0.23645
0.80796 -0.24492
0.80796 -0.25307
0.80797 -0.26088
0.80798 -0.26834
0.80799 -0.27544
0.80800 -0.28217
0.80800 -0.28852
0.80801 -0.29447
0.80802 -0.30002
0.80803 -0.30516
0.80804 -0.30987
0.80804 -0.31416
0.80805 -0.31802
0.80806 -0.32141
0.80807 -0.32435
0.80808 -0.32681
0.80808 -0.32878
0.80809 -0.33027
0.80810 -0.33125
0.80811 -0.33171
0.80812 -0.33164
0.80812 -0.33103
0.80813 -0.32988
0.80814 -0.32817
0.80815 -0.32588
0.80816 -0.32300
0.80816 -0.31952
0.80817 -0.31544
0.80818 -0.31075
0.80819 -0.30543
0.80820 -0.29948
0.80820 -0.29289
0.80821 -0.28565
0.80822 -0.27776
0.80823 -0.26919
0.80824 -0.25994
0.80824 -0.25000
0.80825 -0.23934
0.80826 -0.22797
0.80827 -0.21587
0.80828 -0.20302
0.80828 -0.18942
0.80829 -0.17507
0.80830 -0.15994
0.80831 -0.14403
0.80832 -0.12734
0.80832 -0.10985
0.80833 -0.09155
0.80834 -0.07245
0.80835 -0.05256
0.80836 -0.03186
0.80836 -0.01035
0.80837 0.01196
0.80838 0.03507
0.80839 0.05900
0.80840 0.08376
0.80840 0.10931
0.80841 0.13568
0.80842 0.16286
0.80843 0.19087
0.80844 0.21967
0.80844 0.24929
0.80845 0.27972
0.80846 0.31095
0.80847 0.34299
0.80848 0.37582
0.80848 0.40945
0.80849 0.44389
0.80850 0.47910
0.80851 0.51509
0.80852 0.55186
0.80852 0.58940
0.80853 0.62769
0.80854 0.66675
0.80855 0.70658
0.80856 0.74716
0.80856 0.78847
0.80857 0.83053
0.80858 0.87332
0.80859 0.91682
0.80860 0.96104
0.80860 1.00598
0.80861 1.05161
0.80862 1.09791
0.80863 1.14490
0.80864 1.19255
0.80864 1.24086
0.80865 1.28980
0.80866 1.33939
0.80867 1.38959
0.80868 1.44041
0.80868 1.49184
0.80869 1.54386
0.80870 1.59645
0.80871 1.64961
0.80872 1.70333
0.80872 1.75759
0.80873 1.81238
0.80874 1.86769
0.80875 1.92348
0.80876 1.97973
0.80876 2.03645
0.80877 2.09361
0.80878 2.15117
0.80879 2.20914
0.80880 2.26751
0.80880 2.32624
0.80881 2.38531
0.80882 2.44472
0.80883 2.50444
0.80884 2.56443
0.80884 2.62471
0.80885 2.68529
0.80886 2.74612
0.80887 2.80719
0.80888 2.86850
0.80888 2.93003
0.80889 2.99174
0.80890 3.05361
0.80891 3.11565
0.80892 3.17782
0.80892 3.24009
0.80893 3.30243
0.80894 3.36486
0.80895 3.42735
0.80896 3.48984
0.80896 3.55234
0.80897 3.61484
0.80898 3.67731
0.80899 3.73970
0.80900 3.80201
0.80900 3.86423
0.80901 3.92633
0.80902 3.98826
0.80903 4.05003
0.80904 4.11161
0.80904 4.17298
0.80905 4.23410
0.80906 4.29497
0.80907 4.35556
0.80908 4.41585
0.80908 4.47582
0.80909 4.53545
0.80910 4.59471
0.80911 4.65359
0.80912 4.71207
0.80912 4.77013
0.80913 4.82776
0.80914 4.88493
0.80915 4.94163
0.80916 4.99783
0.80916 5.05352
0.80917 5.10868
0.80918 5.16329
0.80919 5.21733
0.80920 5.27080
0.80920 5.32367
0.80921 5.37593
0.80922 5.42756
0.80923 5.47853
0.80924 5.52884
0.80924 5.57847
0.80925 5.62741
0.80926 5.67564
0.80927 5.72314
0.80928 5.76991
0.80928 5.81595
0.80929 5.86121
0.80930 5.90569
0.80931 5.94938
0.80932 5.99228
0.80932 6.03435
0.80933 6.07561
0.80934 6.11605
0.80935 6.15565
0.80936 6.19439
0.80936 6.23227
0.80937 6.26929
0.80938 6.30543
0.80939 6.34069
0.80940 6.37508
0.80940 6.40859
0.80941 6.44122
0.80942 6.47297
0.80943 6.50386
0.80944 6.53388
0.80944 6.56302
0.80945 6.59129
0.80946 6.61871
0.80947 6.64526
0.80948 6.67095
0.80948 6.69578
0.80949 6.71978
0.80950 6.74294
0.80951 6.76526
0.80952 6.78676
0.80952 6.80744
0.80953 6.82731
0.80954 6.84639
0.80955 6.86467
0.80956 6.88216
0.80956 6.89887
0.80957 6.91481
0.80958 6.92998
0.80959 6.94441
0.80960 6.95809
0.80960 6.97104
0.80961 6.98326
0.80962 6.99476
0.80963 7.00555
0.80964 7.01563
0.80964 7.02502
0.80965 7.03372
0.80966 7.04174
0.80967 7.04909
0.80968 7.05578
0.80968 7.06181
0.80969 7.06720
0.80970 7.07195
0.80971 7.07607
0.80972 7.07958
0.80972 7.08248
0.80973 7.08479
0.80974 7.08652
0.80975 7.08768
0.80976 7.08828
0.80976 7.08833
0.80977 7.08785
0.80978 7.08683
0.80979 7.08530
0.80980 7.08327
0.80980 7.08074
0.80981 7.07773
0.80982 7.07426
0.80983 7.07032
0.80984 7.06593
0.80984 7.06110
0.80985 7.05584
0.80986 7.05016
0.80987 7.04407
0.80988 7.03758
0.80988 7.03072
0.80989 7.02347
0.80990 7.01587
0.80991 7.00791
0.80992 6.99960
0.80992 6.99095
0.80993 6.98197
0.80994 6.97268
0.80995 6.96307
0.80996 6.95317
0.80996 6.94297
0.80997 6.93249
0.80998 6.92175
0.80999 6.91076
0.81000 6.89952
0.81000 6.88805
0.81001 6.87638
0.81002 6.86451
0.81003 6.85246
0.81004 6.84024
0.81004 6.82786
0.81005 6.81535
0.81006 6.80272
0.81007 6.78998
0.81008 6.77716
0.81008 6.76426
0.81009 6.75130
0.81010 6.73830
0.81011 6.72527
0.81012 6.71222
0.81012 6.69918
0.81013 6.68616
0.81014 6.67317
0.81015 6.66023
0.81016 6.64738
0.81016 6.63461
0.81017 6.62196
0.81018 6.60946
0.81019 6.59711
0.81020 6.58493
0.81020 6.57296
0.81021 6.56119
0.81022 6.54964
0.81023 6.53835
0.81024 6.52731
0.81024 6.51656
0.81025 6.50610
0.81026 6.49595
0.81027 6.48612
0.81028 6.47662
0.81028 6.46748
0.81029 6.45870
0.81030 6.45030
0.81031 6.44229
0.81032 6.43469
0.81032 6.42750
0.81033 6.42075
0.81034 6.41444
0.81035 6.40859
0.81036 6.40320
0.81036 6.39829
0.81037 6.39386
0.81038 6.38992
0.81039 6.38647
0.81040 6.38354
0.81040 6.38111
0.81041 6.37920
0.81042 6.37780
0.81043 6.37693
0.81044 6.37659
0.81044 6.37678
0.81045 6.37750
0.81046 6.37875
0.81047 6.38054
0.81048 6.38287
0.81048 6.38572
0.81049 6.38911
0.81050 6.39301
0.81051 6.39742
0.81052 6.40234
0.81052 6.40775
0.81053 6.41365
0.81054 6.42003
0.81055 6.42688
0.81056 6.43418
0.81056 6.44194
0.81057 6.45014
0.81058 6.45876
0.81059 6.46780
0.81060 6.47725
0.81060 6.48709
0.81061 6.49731
0.81062 6.50790
0.81063 6.51885
0.81064 6.53014
0.81064 6.54175
0.81065 6.55367
0.81066 6.56588
0.81067 6.57837
0.81068 6.59110
0.81068 6.60406
0.81069 6.61722
0.81070 6.63058
0.81071 6.64411
0.81072 6.65778
0.81072 6.67159
0.81073 6.68552
0.81074 6.69954
0.81075 6.71363
0.81076 6.72779
0.81076 6.74199
0.81077 6.75623
0.81078 6.77049
0.81079 6.78475
0.81080 6.79902
0.81080 6.81326
0.81081 6.82748
0.81082 6.84165
0.81083 6.85576
0.81084 6.86981
0.81084 6.88377
0.81085 6.89764
0.81086 6.91140
0.81087 6.92505
0.81088 6.93857
0.81088 6.95194
0.81089 6.96516
0.81090 6.97822
0.81091 6.99111
0.81092 7.00383
0.81092 7.01636
0.81093 7.02871
0.81094 7.04086
0.81095 7.05281
0.81096 7.06455
0.81096 7.07609
0.81097 7.08740
0.81098 7.09850
0.81099 7.10938
0.81100 7.12004
0.81100 7.13048
0.81101 7.14071
0.81102 7.15073
0.81103 7.16055
0.81104 7.17016
0.81104 7.17956
0.81105 7.18876
0.81106 7.19775
0.81107 7.20655
0.81108 7.21515
0.81108 7.22355
0.81109 7.23176
0.81110 7.23977
0.81111 7.24759
0.81112 7.25522
0.81112 7.26267
0.81113 7.26994
0.81114 7.27703
0.81115 7.28395
0.81116 7.29070
0.81116 7.29729
0.81117 7.30372
0.81118 7.31001
0.81119 7.31614
0.81120 7.32214
0.81120 7.32800
0.81121 7.33372
0.81122 7.33933
0.81123 7.34481
0.81124 7.35017
0.81124 7.35541
0.81125 7.36054
0.81126 7.36556
0.81127 7.37048
0.81128 7.37529
0.81128 7.37999
0.81129 7.38458
0.81130 7.38906
0.81131 7.39343
0.81132 7.39770
0.81132 7.40186
0.81133 7.40590
0.81134 7.40984
0.81135 7.41368
0.81136 7.41740
0.81136 7.42102
0.81137 7.42453
0.81138 7.42793
0.81139 7.43124
0.81140 7.43444
0.81140 7.43754
0.81141 7.44052
0.81142 7.44339
0.81143 7.44616
0.81144 7.44881
0.81144 7.45135
0.81145 7.45378
0.81146 7.45609
0.81147 7.45827
0.81148 7.46034
0.81148 7.46227
0.81149 7.46407
0.81150 7.46573
0.81151 7.46724
0.81152 7.46859
0.81152 7.46976
0.81153 7.47075
0.81154 7.47156
0.81155 7.47217
0.81156 7.47258
0.81156 7.47278
0.81157 7.47276
0.81158 7.47252
0.81159 7.47205
0.81160 7.47134
0.81160 7.47039
0.81161 7.46919
0.81162 7.46774
0.81163 7.46603
0.81164 7.46407
0.81164 7.46184
0.81165 7.45933
0.81166 7.45655
0.81167 7.45349
0.81168 7.45014
0.81168 7.44650
0.81169 7.44256
0.81170 7.43831
0.81171 7.43376
0.81172 7.42890
0.81172 7.42372
0.81173 7.41823
0.81174 7.41243
0.81175 7.40631
0.81176 7.39988
0.81176 7.39314
0.81177 7.38609
0.81178 7.37873
0.81179 7.37108
0.81180 7.36313
0.81180 7.35491
0.81181 7.34642
0.81182 7.33767
0.81183 7.32866
0.81184 7.31941
0.81184 7.30994
0.81185 7.30024
0.81186 7.29034
0.81187 7.28024
0.81188 7.26994
0.81188 7.25946
0.81189 7.24880
0.81190 7.23798
0.81191 7.22702
0.81192 7.21592
0.81192 7.20470
0.81193 7.19336
0.81194 7.18193
0.81195 7.17039
0.81196 7.15877
0.81196 7.14708
0.81197 7.13535
0.81198 7.12358
0.81199 7.11180
0.81200 7.10003
0.81200 7.08827
0.81201 7.07655
0.81202 7.06487
0.81203 7.05328
0.81204 7.04176
0.81204 7.03035
0.81205 7.01907
0.81206 7.00792
0.81207 6.99693
0.81208 6.98611
0.81208 6.97548
0.81209 6.96506
0.81210 6.95486
0.81211 6.94489
0.81212 6.93517
0.81212 6.92571
0.81213 6.91652
0.81214 6.90762
0.81215 6.89902
0.81216 6.89073
0.81216 6.88277
0.81217 6.87514
0.81218 6.86787
0.81219 6.86097
0.81220 6.85445
0.81220 6.84832
0.81221 6.84261
0.81222 6.83732
0.81223 6.83246
0.81224 6.82804
0.81224 6.82407
0.81225 6.82056
0.81226 6.81752
0.81227 6.81494
0.81228 6.81284
0.81228 6.81121
0.81229 6.81004
0.81230 6.80934
0.81231 6.80910
0.81232 6.80930
0.81232 6.80994
0.81233 6.81100
0.81234 6.81248
0.81235 6.81436
0.81236 6.81664
0.81236 6.81929
0.81237 6.82231
0.81238 6.82570
0.81239 6.82943
0.81240 6.83350
0.81240 6.83791
0.81241 6.84262
0.81242 6.84762
0.81243 6.85291
0.81244 6.85846
0.81244 6.86426
0.81245 6.87031
0.81246 6.87659
0.81247 6.88309
0.81248 6.88977
0.81248 6.89662
0.81249 6.90361
0.81250 6.91073
0.81251 6.91794
0.81252 6.92525
0.81252 6.93263
0.81253 6.94007
0.81254 6.94753
0.81255 6.95501
0.81256 6.96248
0.81256 6.96992
0.81257 6.97731
0.81258 6.98461
0.81259 6.99183
0.81260 6.99893
0.81260 7.00590
0.81261 7.01273
0.81262 7.01939
0.81263 7.02587
0.81264 7.03215
0.81264 7.03821
0.81265 7.04404
0.81266 7.04962
0.81267 7.05493
0.81268 7.05996
0.81268 7.06470
0.81269 7.06912
0.81270 7.07321
0.81271 7.07695
0.81272 7.08032
0.81272 7.08330
0.81273 7.08588
0.81274 7.08806
0.81275 7.08982
0.81276 7.09114
0.81276 7.09201
0.81277 7.09242
0.81278 7.09237
0.81279 7.09183
0.81280 7.09080
0.81280 7.08928
0.81281 7.08726
0.81282 7.08475
0.81283 7.08172
0.81284 7.07820
0.81284 7.07416
0.81285 7.06961
0.81286 7.06456
0.81287 7.05899
0.81288 7.05292
0.81288 7.04634
0.81289 7.03926
0.81290 7.03166
0.81291 7.02355
0.81292 7.01494
0.81292 7.00581
0.81293 6.99619
0.81294 6.98607
0.81295 6.97546
0.81296 6.96435
0.81296 6.95275
0.81297 6.94067
0.81298 6.92811
0.81299 6.91507
0.81300 6.90157
0.81300 6.88761
0.81301 6.87319
0.81302 6.85833
0.81303 6.84303
0.81304 6.82728
0.81304 6.81111
0.81305 6.79451
0.81306 6.77751
0.81307 6.76010
0.81308 6.74231
0.81308 6.72415
0.81309 6.70561
0.81310 6.68672
0.81311 6.66746
0.81312 6.64787
0.81312 6.62793
0.81313 6.60767
0.81314 6.58709
0.81315 6.56619
0.81316 6.54499
0.81316 6.52349
0.81317 6.50169
0.81318 6.47961
0.81319 6.45725
0.81320 6.43462
0.81320 6.41173
0.81321 6.38860
0.81322 6.36523
0.81323 6.34163
0.81324 6.31780
0.81324 6.29376
0.81325 6.26949
0.81326 6.24502
0.81327 6.22035
0.81328 6.19549
0.81328 6.17044
0.81329 6.14523
0.81330 6.11985
0.81331 6.09431
0.81332 6.06863
0.81332 6.04279
0.81333 6.01682
0.81334 5.99072
0.81335 5.96449
0.81336 5.93815
0.81336 5.91169
0.81337 5.88512
0.81338 5.85844
0.81339 5.83166
0.81340 5.80477
0.81340 5.77779
0.81341 5.75072
0.81342 5.72358
0.81343 5.69636
0.81344 5.66906
0.81344 5.64170
0.81345 5.61426
0.81346 5.58677
0.81347 5.55922
0.81348 5.53161
0.81348 5.50396
0.81349 5.47627
0.81350 5.44852
0.81351 5.42074
0.81352 5.39293
0.81352 5.36508
0.81353 5.33721
0.81354 5.30932
0.81355 5.28142
0.81356 5.25350
0.81356 5.22557
0.81357 5.19764
0.81358 5.16969
0.81359 5.14174
0.81360 5.11379
0.81360 5.08585
0.81361 5.05792
0.81362 5.03001
0.81363 5.00212
0.81364 4.97427
0.81364 4.94646
0.81365 4.91870
0.81366 4.89100
0.81367 4.86338
0.81368 4.83584
0.81368 4.80839
0.81369 4.78107
0.81370 4.75386
0.81371 4.72679
0.81372 4.69986
0.81372 4.67309
0.81373 4.64649
0.81374 4.62008
0.81375 4.59386
0.81376 4.56785
0.81376 4.54206
0.81377 4.51650
0.81378 4.49118
0.81379 4.46610
0.81380 4.44127
0.81380 4.41670
0.81381 4.39240
0.81382 4.36837
0.81383 4.34463
0.81384 4.32118
0.81384 4.29805
0.81385 4.27523
0.81386 4.25274
0.81387 4.23060
0.81388 4.20881
0.81388 4.18739
0.81389 4.16635
0.81390 4.14569
0.81391 4.12544
0.81392 4.10558
0.81392 4.08615
0.81393 4.06714
0.81394 4.04856
0.81395 4.03042
0.81396 4.01273
0.81396 3.99550
0.81397 3.97873
0.81398 3.96243
0.81399 3.94660
0.81400 3.93126
0.81400 3.91641
0.81401 3.90206
0.81402 3.88821
0.81403 3.87489
0.81404 3.86208
0.81404 3.84979
0.81405 3.83804
0.81406 3.82682
0.81407 3.81615
0.81408 3.80604
0.81408 3.79649
0.81409 3.78751
0.81410 3.77910
0.81411 3.77126
0.81412 3.76399
0.81412 3.75730
0.81413 3.75118
0.81414 3.74563
0.81415 3.74065
0.81416 3.73625
0.81416 3.73243
0.81417 3.72916
0.81418 3.72644
0.81419 3.72427
0.81420 3.72262
0.81420 3.72148
0.81421 3.72084
0.81422 3.72069
0.81423 3.72101
0.81424 3.72180
0.81424 3.72304
0.81425 3.72473
0.81426 3.72686
0.81427 3.72943
0.81428 3.73244
0.81428 3.73587
0.81429 3.73974
0.81430 3.74403
0.81431 3.74874
0.81432 3.75387
0.81432 3.75941
0.81433 3.76536
0.81434 3.77170
0.81435 3.77844
0.81436 3.78555
0.81436 3.79304
0.81437 3.80090
0.81438 3.80913
0.81439 3.81770
0.81440 3.82663
0.81440 3.83589
0.81441 3.84550
0.81442 3.85543
0.81443 3.86568
0.81444 3.87626
0.81444 3.88715
0.81445 3.89836
0.81446 3.90989
0.81447 3.92172
0.81448 3.93386
0.81448 3.94631
0.81449 3.95907
0.81450 3.97213
0.81451 3.98550
0.81452 3.99916
0.81452 4.01311
0.81453 4.02735
0.81454 4.04188
0.81455 4.05668
0.81456 4.07175
0.81456 4.08709
0.81457 4.10269
0.81458 4.11855
0.81459 4.13466
0.81460 4.15102
0.81460 4.16763
0.81461 4.18448
0.81462 4.20157
0.81463 4.21890
0.81464 4.23646
0.81464 4.25425
0.81465 4.27226
0.81466 4.29048
0.81467 4.30891
0.81468 4.32755
0.81468 4.34640
0.81469 4.36548
0.81470 4.38478
0.81471 4.40431
0.81472 4.42408
0.81472 4.44409
0.81473 4.46434
0.81474 4.48483
0.81475 4.50556
0.81476 4.52653
0.81476 4.54772
0.81477 4.56913
0.81478 4.59077
0.81479 4.61262
0.81480 4.63469
0.81480 4.65696
0.81481 4.67945
0.81482 4.70215
0.81483 4.72506
0.81484 4.74817
0.81484 4.77149
0.81485 4.79501
0.81486 4.81873
0.81487 4.84264
0.81488 4.86675
0.81488 4.89105
0.81489 4.91553
0.81490 4.94019
0.81491 4.96504
0.81492 4.99007
0.81492 5.01527
0.81493 5.04065
0.81494 5.06620
0.81495 5.09190
0.81496 5.11775
0.81496 5.14375
0.81497 5.16990
0.81498 5.19619
0.81499 5.22262
0.81500 5.24917
0.81500 5.27585
0.81501 5.30263
0.81502 5.32953
0.81503 5.35653
0.81504 5.38364
0.81504 5.41085
0.81505 5.43817
0.81506 5.46558
0.81507 5.49310
0.81508 5.52072
0.81508 5.54842
0.81509 5.57621
0.81510 5.60409
0.81511 5.63205
0.81512 5.66009
0.81512 5.68820
0.81513 5.71639
0.81514 5.74465
0.81515 5.77298
0.81516 5.80138
0.81516 5.82985
0.81517 5.85839
0.81518 5.88698
0.81519 5.91563
0.81520 5.94433
0.81520 5.97307
0.81521 6.00185
0.81522 6.03065
0.81523 6.05948
0.81524 6.08832
0.81524 6.11718
0.81525 6.14606
0.81526 6.17495
0.81527 6.20387
0.81528 6.23280
0.81528 6.26174
0.81529 6.29069
0.81530 6.31965
0.81531 6.34861
0.81532 6.37757
0.81532 6.40652
0.81533 6.43547
0.81534 6.46442
0.81535 6.49338
0.81536 6.52233
0.81536 6.55129
0.81537 6.58025
0.81538 6.60921
0.81539 6.63819
0.81540 6.66717
0.81540 6.69615
0.81541 6.72513
0.81542 6.75412
0.81543 6.78313
0.81544 6.81215
0.81544 6.84121
0.81545 6.87031
0.81546 6.89945
0.81547 6.92863
0.81548 6.95785
0.81548 6.98712
0.81549 7.01643
0.81550 7.04580
0.81551 7.07523
0.81552 7.10474
0.81552 7.13433
0.81553 7.16401
0.81554 7.19377
0.81555 7.22362
0.81556 7.25357
0.81556 7.28360
0.81557 7.31373
0.81558 7.34396
0.81559 7.37429
0.81560 7.40472
0.81560 7.43527
0.81561 7.46592
0.81562 7.49670
0.81563 7.52759
0.81564 7.55861
0.81564 7.58975
0.81565 7.62104
0.81566 7.65247
0.81567 7.68406
0.81568 7.71580
0.81568 7.74770
0.81569 7.77978
0.81570 7.81203
0.81571 7.84447
0.81572 7.87709
0.81572 7.90991
0.81573 7.94293
0.81574 7.97616
0.81575 8.00959
0.81576 8.04324
0.81576 8.07711
0.81577 8.11119
0.81578 8.14549
0.81579 8.18001
0.81580 8.21475
0.81580 8.24972
0.81581 8.28492
0.81582 8.32036
0.81583 8.35601
0.81584 8.39189
0.81584 8.42797
0.81585 8.46426
0.81586 8.50074
0.81587 8.53742
0.81588 8.57428
0.81588 8.61133
0.81589 8.64856
0.81590 8.68598
0.81591 8.72357
0.81592 8.76134
0.81592 8.79928
0.81593 8.83737
0.81594 8.87559
0.81595 8.91392
0.81596 8.95236
0.81596 8.99090
0.81597 9.02952
0.81598 9.06822
0.81599 9.10701
0.81600 9.14586
0.81600 9.18476
0.81601 9.22371
0.81602 9.26268
0.81603 9.30166
0.81604 9.34065
0.81604 9.37964
0.81605 9.41862
0.81606 9.45759
0.81607 9.49654
0.81608 9.53545
0.81608 9.57433
0.81609 9.61316
0.81610 9.65193
0.81611 9.69064
0.81612 9.72927
0.81612 9.76783
0.81613 9.80631
0.81614 9.84469
0.81615 9.88297
0.81616 9.92115
0.81616 9.95919
0.81617 9.99711
0.81618 10.03489
0.81619 10.07253
0.81620 10.11000
0.81620 10.14730
0.81621 10.18443
0.81622 10.22138
0.81623 10.25815
0.81624 10.29473
0.81624 10.33112
0.81625 10.36731
0.81626 10.40329
0.81627 10.43905
0.81628 10.47461
0.81628 10.50996
0.81629 10.54508
0.81630 10.57999
0.81631 10.61466
0.81632 10.64910
0.81632 10.68331
0.81633 10.71728
0.81634 10.75101
0.81635 10.78450
0.81636 10.81776
0.81636 10.85078
0.81637 10.88358
0.81638 10.91616
0.81639 10.94852
0.81640 10.98066
0.81640 11.01257
0.81641 11.04427
0.81642 11.07575
0.81643 11.10701
0.81644 11.13805
0.81644 11.16889
0.81645 11.19954
0.81646 11.22998
0.81647 11.26023
0.81648 11.29029
0.81648 11.32017
0.81649 11.34986
0.81650 11.37938
0.81651 11.40874
0.81652 11.43794
0.81652 11.46697
0.81653 11.49585
0.81654 11.52457
0.81655 11.55312
0.81656 11.58152
0.81656 11.60976
0.81657 11.63786
0.81658 11.66580
0.81659 11.69358
0.81660 11.72122
0.81660 11.74872
0.81661 11.77608
0.81662 11.80330
0.81663 11.83038
0.81664 11.85732
0.81664 11.88413
0.81665 11.91079
0.81666 11.93731
0.81667 11.96369
0.81668 11.98994
0.81668 12.01605
0.81669 12.04203
0.81670 12.06788
0.81671 12.09360
0.81672 12.11921
0.81672 12.14468
0.81673 12.17003
0.81674 12.19523
0.81675 12.22031
0.81676 12.24526
0.81676 12.27008
0.81677 12.29476
0.81678 12.31931
0.81679 12.34372
0.81680 12.36799
0.81680 12.39214
0.81681 12.41614
0.81682 12.44000
0.81683 12.46373
0.81684 12.48732
0.81684 12.51079
0.81685 12.53412
0.81686 12.55733
0.81687 12.58041
0.81688 12.60334
0.81688 12.62612
0.81689 12.64875
0.81690 12.67121
0.81691 12.69352
0.81692 12.71567
0.81692 12.73768
0.81693 12.75953
0.81694 12.78123
0.81695 12.80279
0.81696 12.82420
0.81696 12.84546
0.81697 12.86657
0.81698 12.88753
0.81699 12.90835
0.81700 12.92899
0.81700 12.94948
0.81701 12.96980
0.81702 12.98996
0.81703 13.00995
0.81704 13.02979
0.81704 13.04946
0.81705 13.06896
0.81706 13.08828
0.81707 13.10743
0.81708 13.12641
0.81708 13.14523
0.81709 13.16390
0.81710 13.18240
0.81711 13.20074
0.81712 13.21890
0.81712 13.23689
0.81713 13.25470
0.81714 13.27234
0.81715 13.28980
0.81716 13.30708
0.81716 13.32419
0.81717 13.34112
0.81718 13.35788
0.81719 13.37447
0.81720 13.39088
0.81720 13.40712
0.81721 13.42318
0.81722 13.43906
0.81723 13.45476
0.81724 13.47028
0.81724 13.48562
0.81725 13.50077
0.81726 13.51574
0.81727 13.53051
0.81728 13.54511
0.81728 13.55952
0.81729 13.57376
0.81730 13.58780
0.81731 13.60166
0.81732 13.61534
0.81732 13.62883
0.81733 13.64214
0.81734 13.65528
0.81735 13.66824
0.81736 13.68102
0.81736 13.69362
0.81737 13.70605
0.81738 13.71829
0.81739 13.73036
0.81740 13.74224
0.81740 13.75394
0.81741 13.76543
0.81742 13.77671
0.81743 13.78778
0.81744 13.79864
0.81744 13.80927
0.81745 13.81968
0.81746 13.82989
0.81747 13.83987
0.81748 13.84963
0.81748 13.85915
0.81749 13.86845
0.81750 13.87751
0.81751 13.88633
0.81752 13.89490
0.81752 13.90323
0.81753 13.91130
0.81754 13.91913
0.81755 13.92673
0.81756 13.93411
0.81756 13.94125
0.81757 13.94817
0.81758 13.95484
0.81759 13.96127
0.81760 13.96745
0.81760 13.97338
0.81761 13.97907
0.81762 13.98450
0.81763 13.98970
0.81764 13.99465
0.81764 13.99935
0.81765 14.00380
0.81766 14.00802
0.81767 14.01198
0.81768 14.01569
0.81768 14.01914
0.81769 14.02233
0.81770 14.02525
0.81771 14.02792
0.81772 14.03033
0.81772 14.03249
0.81773 14.03439
0.81774 14.03604
0.81775 14.03745
0.81776 14.03862
0.81776 14.03954
0.81777 14.04021
0.81778 14.04063
0.81779 14.04078
0.81780 14.04067
0.81780 14.04031
0.81781 14.03969
0.81782 14.03882
0.81783 14.03768
0.81784 14.03628
0.81784 14.03460
0.81785 14.03263
0.81786 14.03040
0.81787 14.02788
0.81788 14.02509
0.81788 14.02203
0.81789 14.01872
0.81790 14.01514
0.81791 14.01133
0.81792 14.00729
0.81792 14.00303
0.81793 13.99856
0.81794 13.99387
0.81795 13.98896
0.81796 13.98384
0.81796 13.97849
0.81797 13.97291
0.81798 13.96712
0.81799 13.96113
0.81800 13.95493
0.81800 13.94852
0.81801 13.94190
0.81802 13.93508
0.81803 13.92806
0.81804 13.92083
0.81804 13.91340
0.81805 13.90575
0.81806 13.89790
0.81807 13.88984
0.81808 13.88158
0.81808 13.87311
0.81809 13.86443
0.81810 13.85555
0.81811 13.84648
0.81812 13.83721
0.81812 13.82778
0.81813 13.81819
0.81814 13.80845
0.81815 13.79856
0.81816 13.78855
0.81816 13.77841
0.81817 13.76816
0.81818 13.75781
0.81819 13.74738
0.81820 13.73687
0.81820 13.72627
0.81821 13.71561
0.81822 13.70487
0.81823 13.69406
0.81824 13.68318
0.81824 13.67226
0.81825 13.66129
0.81826 13.65029
0.81827 13.63927
0.81828 13.62824
0.81828 13.61721
0.81829 13.60620
0.81830 13.59523
0.81831 13.58429
0.81832 13.57339
0.81832 13.56254
0.81833 13.55175
0.81834 13.54105
0.81835 13.53044
0.81836 13.51993
0.81836 13.50954
0.81837 13.49926
0.81838 13.48911
0.81839 13.47909
0.81840 13.46921
0.81840 13.45948
0.81841 13.44990
0.81842 13.44047
0.81843 13.43119
0.81844 13.42207
0.81844 13.41314
0.81845 13.40440
0.81846 13.39585
0.81847 13.38751
0.81848 13.37938
0.81848 13.37149
0.81849 13.36383
0.81850 13.35642
0.81851 13.34930
0.81852 13.34248
0.81852 13.33598
0.81853 13.32983
0.81854 13.32403
0.81855 13.31859
0.81856 13.31354
0.81856 13.30888
0.81857 13.30461
0.81858 13.30075
0.81859 13.29733
0.81860 13.29438
0.81860 13.29189
0.81861 13.28989
0.81862 13.28838
0.81863 13.28736
0.81864 13.28684
0.81864 13.28685
0.81865 13.28738
0.81866 13.28845
0.81867 13.29005
0.81868 13.29219
0.81868 13.29489
0.81869 13.29814
0.81870 13.30196
0.81871 13.30636
0.81872 13.31135
0.81872 13.31695
0.81873 13.32316
0.81874 13.33001
0.81875 13.33748
0.81876 13.34558
0.81876 13.35431
0.81877 13.36370
0.81878 13.37374
0.81879 13.38445
0.81880 13.39581
0.81880 13.40784
0.81881 13.42055
0.81882 13.43396
0.81883 13.44808
0.81884 13.46293
0.81884 13.47850
0.81885 13.49481
0.81886 13.51187
0.81887 13.52969
0.81888 13.54826
0.81888 13.56758
0.81889 13.58765
0.81890 13.60850
0.81891 13.63013
0.81892 13.65254
0.81892 13.67576
0.81893 13.69978
0.81894 13.72460
0.81895 13.75024
0.81896 13.77671
0.81896 13.80404
0.81897 13.83221
0.81898 13.86125
0.81899 13.89114
0.81900 13.92193
0.81900 13.95359
0.81901 13.98612
0.81902 14.01953
0.81903 14.05381
0.81904 14.08895
0.81904 14.12496
0.81905 14.16182
0.81906 14.19954
0.81907 14.23812
0.81908 14.27757
0.81908 14.31788
0.81909 14.35902
0.81910 14.40099
0.81911 14.44380
0.81912 14.48745
0.81912 14.53190
0.81913 14.57716
0.81914 14.62321
0.81915 14.67001
0.81916 14.71759
0.81916 14.76592
0.81917 14.81500
0.81918 14.86481
0.81919 14.91536
0.81920 14.96662
0.81920 15.01861
0.81921 15.07132
0.81922 15.12475
0.81923 15.17889
0.81924 15.23374
0.81924 15.28927
0.81925 15.34549
0.81926 15.40241
0.81927 15.46003
0.81928 15.51832
0.81928 15.57728
0.81929 15.63690
0.81930 15.69717
0.81931 15.75807
0.81932 15.81960
0.81932 15.88174
0.81933 15.94446
0.81934 16.00775
0.81935 16.07162
0.81936 16.13603
0.81936 16.20097
0.81937 16.26644
0.81938 16.33245
0.81939 16.39905
0.81940 16.46622
0.81940 16.53393
0.81941 16.60218
0.81942 16.67097
0.81943 16.74030
0.81944 16.81016
0.81944 16.88054
0.81945 16.95140
0.81946 17.02273
0.81947 17.09454
0.81948 17.16681
0.81948 17.23952
0.81949 17.31266
0.81950 17.38622
0.81951 17.46020
0.81952 17.53459
0.81952 17.60935
0.81953 17.68449
0.81954 17.76000
0.81955 17.83589
0.81956 17.91215
0.81956 17.98875
0.81957 18.06569
0.81958 18.14297
0.81959 18.22059
0.81960 18.29859
0.81960 18.37694
0.81961 18.45565
0.81962 18.53471
0.81963 18.61413
0.81964 18.69392
0.81964 18.77408
0.81965 18.85462
0.81966 18.93549
0.81967 19.01670
0.81968 19.09829
0.81968 19.18027
0.81969 19.26263
0.81970 19.34535
0.81971 19.42845
0.81972 19.51192
0.81972 19.59574
0.81973 19.67989
0.81974 19.76437
0.81975 19.84919
0.81976 19.93435
0.81976 20.01982
0.81977 20.10559
0.81978 20.19166
0.81979 20.27804
0.81980 20.36475
0.81980 20.45179
0.81981 20.53916
0.81982 20.62689
0.81983 20.71495
0.81984 20.80335
0.81984 20.89209
0.81985 20.98116
0.81986 21.07054
0.81987 21.16022
0.81988 21.25020
0.81988 21.34043
0.81989 21.43087
0.81990 21.52149
0.81991 21.61231
0.81992 21.70329
0.81992 21.79443
0.81993 21.88571
0.81994 21.97714
0.81995 22.06871
0.81996 22.16042
0.81996 22.25227
0.81997 22.34424
0.81998 22.43633
0.81999 22.52854
0.82000 22.62087
0.82000 22.71330
0.82001 22.80581
0.82002 22.89840
0.82003 22.99109
0.82004 23.08385
0.82004 23.17666
0.82005 23.26953
0.82006 23.36247
0.82007 23.45547
0.82008 23.54852
0.82008 23.64161
0.82009 23.73471
0.82010 23.82783
0.82011 23.92094
0.82012 24.01401
0.82012 24.10703
0.82013 24.20002
0.82014 24.29294
0.82015 24.38577
0.82016 24.47852
0.82016 24.57122
0.82017 24.66386
0.82018 24.75636
0.82019 24.84869
0.82020 24.94089
0.82020 25.03293
0.82021 25.12478
0.82022 25.21643
0.82023 25.30788
0.82024 25.39916
0.82024 25.49028
0.82025 25.58121
0.82026 25.67192
0.82027 25.76244
0.82028 25.85279
0.82028 25.94294
0.82029 26.03282
0.82030 26.12242
0.82031 26.21174
0.82032 26.30075
0.82032 26.38940
0.82033 26.47768
0.82034 26.56560
0.82035 26.65314
0.82036 26.74029
0.82036 26.82707
0.82037 26.91351
0.82038 26.99960
0.82039 27.08532
0.82040 27.17069
0.82040 27.25569
0.82041 27.34031
0.82042 27.42454
0.82043 27.50836
0.82044 27.59177
0.82044 27.67475
0.82045 27.75731
0.82046 27.83944
0.82047 27.92111
0.82048 28.00232
0.82048 28.08304
0.82049 28.16325
0.82050 28.24293
0.82051 28.32207
0.82052 28.40067
0.82052 28.47870
0.82053 28.55613
0.82054 28.63298
0.82055 28.70924
0.82056 28.78486
0.82056 28.85982
0.82057 28.93413
0.82058 29.00777
0.82059 29.08073
0.82060 29.15300
0.82060 29.22454
0.82061 29.29534
0.82062 29.36541
0.82063 29.43477
0.82064 29.50336
0.82064 29.57120
0.82065 29.63830
0.82066 29.70464
0.82067 29.77018
0.82068 29.83495
0.82068 29.89894
0.82069 29.96216
0.82070 30.02458
0.82071 30.08619
0.82072 30.14700
0.82072 30.20698
0.82073 30.26613
0.82074 30.32442
0.82075 30.38180
0.82076 30.43826
0.82076 30.49383
0.82077 30.54845
0.82078 30.60211
0.82079 30.65482
0.82080 30.70661
0.82080 30.75745
0.82081 30.80736
0.82082 30.85636
0.82083 30.90447
0.82084 30.95170
0.82084 30.99806
0.82085 31.04353
0.82086 31.08811
0.82087 31.13181
0.82088 31.17459
0.82088 31.21643
0.82089 31.25736
0.82090 31.29741
0.82091 31.33658
0.82092 31.37490
0.82092 31.41238
0.82093 31.44903
0.82094 31.48485
0.82095 31.51985
0.82096 31.55404
0.82096 31.58740
0.82097 31.61997
0.82098 31.65177
0.82099 31.68281
0.82100 31.71312
0.82100 31.74273
0.82101 31.77166
0.82102 31.79993
0.82103 31.82755
0.82104 31.85456
0.82104 31.88095
0.82105 31.90674
0.82106 31.93194
0.82107 31.95660
0.82108 31.98072
0.82108 32.00432
0.82109 32.02740
0.82110 32.05000
0.82111 32.07216
0.82112 32.09390
0.82112 32.11523
0.82113 32.13615
0.82114 32.15669
0.82115 32.17684
0.82116 32.19660
0.82116 32.21601
0.82117 32.23510
0.82118 32.25387
0.82119 32.27231
0.82120 32.29046
0.82120 32.30836
0.82121 32.32603
0.82122 32.34348
0.82123 32.36073
0.82124 32.37781
0.82124 32.39475
0.82125 32.41156
0.82126 32.42826
0.82127 32.44489
0.82128 32.46148
0.82128 32.47802
0.82129 32.49452
0.82130 32.51101
0.82131 32.52752
0.82132 32.54403
0.82132 32.56054
0.82133 32.57705
0.82134 32.59358
0.82135 32.61012
0.82136 32.62669
0.82136 32.64330
0.82137 32.65998
0.82138 32.67676
0.82139 32.69363
0.82140 32.71062
0.82140 32.72773
0.82141 32.74497
0.82142 32.76233
0.82143 32.77981
0.82144 32.79744
0.82144 32.81522
0.82145 32.83314
0.82146 32.85120
0.82147 32.86940
0.82148 32.88777
0.82148 32.90629
0.82149 32.92493
0.82150 32.94370
0.82151 32.96261
0.82152 32.98164
0.82152 33.00078
0.82153 33.02000
0.82154 33.03935
0.82155 33.05883
0.82156 33.07843
0.82156 33.09815
0.82157 33.11800
0.82158 33.13798
0.82159 33.15809
0.82160 33.17834
0.82160 33.19872
0.82161 33.21920
0.82162 33.23979
0.82163 33.26050
0.82164 33.28132
0.82164 33.30221
0.82165 33.32320
0.82166 33.34426
0.82167 33.36537
0.82168 33.38652
0.82168 33.40771
0.82169 33.42898
0.82170 33.45031
0.82171 33.47165
0.82172 33.49299
0.82172 33.51435
0.82173 33.53574
0.82174 33.55710
0.82175 33.57845
0.82176 33.59980
0.82176 33.62117
0.82177 33.64251
0.82178 33.66381
0.82179 33.68509
0.82180 33.70636
0.82180 33.72758
0.82181 33.74871
0.82182 33.76978
0.82183 33.79079
0.82184 33.81173
0.82184 33.83257
0.82185 33.85332
0.82186 33.87401
0.82187 33.89463
0.82188 33.91512
0.82188 33.93549
0.82189 33.95576
0.82190 33.97589
0.82191 33.99586
0.82192 34.01564
0.82192 34.03528
0.82193 34.05477
0.82194 34.07411
0.82195 34.09326
0.82196 34.11226
0.82196 34.13115
0.82197 34.14989
0.82198 34.16845
0.82199 34.18685
0.82200 34.20513
0.82200 34.22327
0.82201 34.24123
0.82202 34.25903
0.82203 34.27673
0.82204 34.29431
0.82204 34.31175
0.82205 34.32902
0.82206 34.34616
0.82207 34.36317
0.82208 34.38002
0.82208 34.39670
0.82209 34.41323
0.82210 34.42960
0.82211 34.44576
0.82212 34.46171
0.82212 34.47746
0.82213 34.49300
0.82214 34.50834
0.82215 34.52351
0.82216 34.53855
0.82216 34.55347
0.82217 34.56828
0.82218 34.58297
0.82219 34.59755
0.82220 34.61201
0.82220 34.62633
0.82221 34.64053
0.82222 34.65464
0.82223 34.66864
0.82224 34.68254
0.82224 34.69634
0.82225 34.71006
0.82226 34.72368
0.82227 34.73717
0.82228 34.75056
0.82228 34.76386
0.82229 34.77706
0.82230 34.79015
0.82231 34.80318
0.82232 34.81618
0.82232 34.82913
0.82233 34.84203
0.82234 34.85488
0.82235 34.86770
0.82236 34.88046
0.82236 34.89314
0.82237 34.90575
0.82238 34.91831
0.82239 34.93083
0.82240 34.94329
0.82240 34.95571
0.82241 34.96812
0.82242 34.98050
0.82243 34.99286
0.82244 35.00516
0.82244 35.01742
0.82245 35.02964
0.82246 35.04179
0.82247 35.05385
0.82248 35.06585
0.82248 35.07780
0.82249 35.08969
0.82250 35.10152
0.82251 35.11329
0.82252 35.12503
0.82252 35.13672
0.82253 35.14834
0.82254 35.15988
0.82255 35.17134
0.82256 35.18273
0.82256 35.19403
0.82257 35.20524
0.82258 35.21636
0.82259 35.22741
0.82260 35.23836
0.82260 35.24924
0.82261 35.26007
0.82262 35.27087
0.82263 35.28165
0.82264 35.29239
0.82264 35.30309
0.82265 35.31372
0.82266 35.32425
0.82267 35.33467
0.82268 35.34499
0.82268 35.35522
0.82269 35.36535
0.82270 35.37538
0.82271 35.38531
0.82272 35.39515
0.82272 35.40490
0.82273 35.41455
0.82274 35.42410
0.82275 35.43356
0.82276 35.44289
0.82276 35.45210
0.82277 35.46121
0.82278 35.47021
0.82279 35.47909
0.82280 35.48784
0.82280 35.49648
0.82281 35.50498
0.82282 35.51331
0.82283 35.52149
0.82284 35.52953
0.82284 35.53744
0.82285 35.54524
0.82286 35.55291
0.82287 35.56047
0.82288 35.56789
0.82288 35.57520
0.82289 35.58238
0.82290 35.58944
0.82291 35.59638
0.82292 35.60319
0.82292 35.60987
0.82293 35.61641
0.82294 35.62281
0.82295 35.62910
0.82296 35.63528
0.82296 35.64135
0.82297 35.64731
0.82298 35.65315
0.82299 35.65888
0.82300 35.66448
0.82300 35.66995
0.82301 35.67527
0.82302 35.68047
0.82303 35.68553
0.82304 35.69046
0.82304 35.69524
0.82305 35.69988
0.82306 35.70438
0.82307 35.70874
0.82308 35.71296
0.82308 35.71707
0.82309 35.72104
0.82310 35.72489
0.82311 35.72859
0.82312 35.73214
0.82312 35.73553
0.82313 35.73875
0.82314 35.74180
0.82315 35.74470
0.82316 35.74747
0.82316 35.75009
0.82317 35.75257
0.82318 35.75491
0.82319 35.75710
0.82320 35.75913
0.82320 35.76101
0.82321 35.76273
0.82322 35.76429
0.82323 35.76566
0.82324 35.76683
0.82324 35.76781
0.82325 35.76861
0.82326 35.76924
0.82327 35.76971
0.82328 35.77002
0.82328 35.77018
0.82329 35.77019
0.82330 35.77004
0.82331 35.76971
0.82332 35.76923
0.82332 35.76860
0.82333 35.76782
0.82334 35.76686
0.82335 35.76574
0.82336 35.76443
0.82336 35.76296
0.82337 35.76132
0.82338 35.75951
0.82339 35.75750
0.82340 35.75531
0.82340 35.75290
0.82341 35.75029
0.82342 35.74748
0.82343 35.74448
0.82344 35.74130
0.82344 35.73797
0.82345 35.73446
0.82346 35.73078
0.82347 35.72693
0.82348 35.72292
0.82348 35.71874
0.82349 35.71442
0.82350 35.70994
0.82351 35.70533
0.82352 35.70056
0.82352 35.69565
0.82353 35.69060
0.82354 35.68542
0.82355 35.68014
0.82356 35.67476
0.82356 35.66930
0.82357 35.66374
0.82358 35.65808
0.82359 35.65232
0.82360 35.64645
0.82360 35.64048
0.82361 35.63444
0.82362 35.62832
0.82363 35.62214
0.82364 35.61590
0.82364 35.60961
0.82365 35.60327
0.82366 35.59686
0.82367 35.59041
0.82368 35.58391
0.82368 35.57738
0.82369 35.57081
0.82370 35.56419
0.82371 35.55753
0.82372 35.55083
0.82372 35.54410
0.82373 35.53737
0.82374 35.53064
0.82375 35.52390
0.82376 35.51715
0.82376 35.51039
0.82377 35.50361
0.82378 35.49681
0.82379 35.48999
0.82380 35.48316
0.82380 35.47633
0.82381 35.46951
0.82382 35.46267
0.82383 35.45584
0.82384 35.44899
0.82384 35.44215
0.82385 35.43531
0.82386 35.42847
0.82387 35.42163
0.82388 35.41481
0.82388 35.40801
0.82389 35.40124
0.82390 35.39453
0.82391 35.38788
0.82392 35.38129
0.82392 35.37474
0.82393 35.36823
0.82394 35.36175
0.82395 35.35528
0.82396 35.34881
0.82396 35.34235
0.82397 35.33590
0.82398 35.32945
0.82399 35.32299
0.82400 35.31652
0.82400 35.31004
0.82401 35.30353
0.82402 35.29702
0.82403 35.29051
0.82404 35.28399
0.82404 35.27745
0.82405 35.27090
0.82406 35.26432
0.82407 35.25772
0.82408 35.25110
0.82408 35.24447
0.82409 35.23782
0.82410 35.23118
0.82411 35.22452
0.82412 35.21786
0.82412 35.21118
0.82413 35.20448
0.82414 35.19775
0.82415 35.19100
0.82416 35.18422
0.82416 35.17741
0.82417 35.17057
0.82418 35.16370
0.82419 35.15680
0.82420 35.14990
0.82420 35.14299
0.82421 35.13608
0.82422 35.12919
0.82423 35.12229
0.82424 35.11539
0.82424 35.10850
0.82425 35.10164
0.82426 35.09479
0.82427 35.08796
0.82428 35.08117
0.82428 35.07440
0.82429 35.06765
0.82430 35.06091
0.82431 35.05420
0.82432 35.04751
0.82432 35.04086
0.82433 35.03424
0.82434 35.02768
0.82435 35.02118
0.82436 35.01475
0.82436 35.00838
0.82437 35.00208
0.82438 34.99585
0.82439 34.98969
0.82440 34.98359
0.82440 34.97754
0.82441 34.97154
0.82442 34.96562
0.82443 34.95978
0.82444 34.95403
0.82444 34.94837
0.82445 34.94282
0.82446 34.93737
0.82447 34.93204
0.82448 34.92681
0.82448 34.92170
0.82449 34.91674
0.82450 34.91192
0.82451 34.90728
0.82452 34.90281
0.82452 34.89851
0.82453 34.89438
0.82454 34.89042
0.82455 34.88664
0.82456 34.88302
0.82456 34.87957
0.82457 34.87627
0.82458 34.87314
0.82459 34.87017
0.82460 34.86737
0.82460 34.86474
0.82461 34.86229
0.82462 34.86000
0.82463 34.85788
0.82464 34.85594
0.82464 34.85417
0.82465 34.85258
0.82466 34.85116
0.82467 34.84993
0.82468 34.84887
0.82468 34.84801
0.82469 34.84731
0.82470 34.84679
0.82471 34.84643
0.82472 34.84624
0.82472 34.84620
0.82473 34.84632
0.82474 34.84659
0.82475 34.84701
0.82476 34.84757
0.82476 34.84827
0.82477 34.84908
0.82478 34.85001
0.82479 34.85107
0.82480 34.85226
0.82480 34.85359
0.82481 34.85503
0.82482 34.85659
0.82483 34.85827
0.82484 34.86007
0.82484 34.86197
0.82485 34.86396
0.82486 34.86603
0.82487 34.86818
0.82488 34.87040
0.82488 34.87269
0.82489 34.87505
0.82490 34.87749
0.82491 34.88001
0.82492 34.88259
0.82492 34.88523
0.82493 34.88792
0.82494 34.89066
0.82495 34.89346
0.82496 34.89632
0.82496 34.89923
0.82497 34.90218
0.82498 34.90518
0.82499 34.90822
0.82500 34.91128
0.82500 34.91436
0.82501 34.91744
0.82502 34.92052
0.82503 34.92359
0.82504 34.92665
0.82504 34.92969
0.82505 34.93269
0.82506 34.93567
0.82507 34.93864
0.82508 34.94160
0.82508 34.94453
0.82509 34.94744
0.82510 34.95032
0.82511 34.95315
0.82512 34.95593
0.82512 34.95866
0.82513 34.96133
0.82514 34.96396
0.82515 34.96654
0.82516 34.96907
0.82516 34.97155
0.82517 34.97398
0.82518 34.97635
0.82519 34.97866
0.82520 34.98092
0.82520 34.98312
0.82521 34.98525
0.82522 34.98733
0.82523 34.98936
0.82524 34.99134
0.82524 34.99328
0.82525 34.99517
0.82526 34.99703
0.82527 34.99886
0.82528 35.00067
0.82528 35.00247
0.82529 35.00424
0.82530 35.00599
0.82531 35.00772
0.82532 35.00943
0.82532 35.01113
0.82533 35.01282
0.82534 35.01448
0.82535 35.01613
0.82536 35.01777
0.82536 35.01941
0.82537 35.02108
0.82538 35.02277
0.82539 35.02447
0.82540 35.02620
0.82540 35.02796
0.82541 35.02974
0.82542 35.03158
0.82543 35.03346
0.82544 35.03539
0.82544 35.03735
0.82545 35.03934
0.82546 35.04137
0.82547 35.04344
0.82548 35.04556
0.82548 35.04772
0.82549 35.04992
0.82550 35.05216
0.82551 35.05445
0.82552 35.05679
0.82552 35.05918
0.82553 35.06162
0.82554 35.06412
0.82555 35.06670
0.82556 35.06937
0.82556 35.07212
0.82557 35.07494
0.82558 35.07785
0.82559 35.08086
0.82560 35.08397
0.82560 35.08718
0.82561 35.09051
0.82562 35.09397
0.82563 35.09755
0.82564 35.10126
0.82564 35.10510
0.82565 35.10907
0.82566 35.11317
0.82567 35.11740
0.82568 35.12174
0.82568 35.12620
0.82569 35.13080
0.82570 35.13552
0.82571 35.14038
0.82572 35.14540
0.82572 35.15058
0.82573 35.15590
0.82574 35.16136
0.82575 35.16694
0.82576 35.17266
0.82576 35.17851
0.82577 35.18449
0.82578 35.19062
0.82579 35.19688
0.82580 35.20328
0.82580 35.20985
0.82581 35.21659
0.82582 35.22347
0.82583 35.23051
0.82584 35.23770
0.82584 35.24506
0.82585 35.25260
0.82586 35.26031
0.82587 35.26817
0.82588 35.27619
0.82588 35.28435
0.82589 35.29266
0.82590 35.30111
0.82591 35.30970
0.82592 35.31843
0.82592 35.32729
0.82593 35.33629
0.82594 35.34542
0.82595 35.35470
0.82596 35.36413
0.82596 35.37370
0.82597 35.38344
0.82598 35.39333
0.82599 35.40339
0.82600 35.41364
0.82600 35.42407
0.82601 35.43467
0.82602 35.44545
0.82603 35.45640
0.82604 35.46752
0.82604 35.47881
0.82605 35.49026
0.82606 35.50186
0.82607 35.51361
0.82608 35.52551
0.82608 35.53756
0.82609 35.54975
0.82610 35.56206
0.82611 35.57450
0.82612 35.58706
0.82612 35.59976
0.82613 35.61258
0.82614 35.62554
0.82615 35.63863
0.82616 35.65186
0.82616 35.66522
0.82617 35.67873
0.82618 35.69241
0.82619 35.70625
0.82620 35.72025
0.82620 35.73441
0.82621 35.74872
0.82622 35.76317
0.82623 35.77775
0.82624 35.79247
0.82624 35.80734
0.82625 35.82237
0.82626 35.83756
0.82627 35.85290
0.82628 35.86838
0.82628 35.88399
0.82629 35.89974
0.82630 35.91561
0.82631 35.93158
0.82632 35.94765
0.82632 35.96382
0.82633 35.98009
0.82634 35.99644
0.82635 36.01286
0.82636 36.02935
0.82636 36.04589
0.82637 36.06250
0.82638 36.07918
0.82639 36.09594
0.82640 36.11279
0.82640 36.12971
0.82641 36.14670
0.82642 36.16377
0.82643 36.18093
0.82644 36.19816
0.82644 36.21548
0.82645 36.23286
0.82646 36.25032
0.82647 36.26786
0.82648 36.28545
0.82648 36.30309
0.82649 36.32077
0.82650 36.33848
0.82651 36.35623
0.82652 36.37403
0.82652 36.39188
0.82653 36.40977
0.82654 36.42771
0.82655 36.44570
0.82656 36.46374
0.82656 36.48184
0.82657 36.50000
0.82658 36.51820
0.82659 36.53646
0.82660 36.55477
0.82660 36.57315
0.82661 36.59160
0.82662 36.61010
0.82663 36.62866
0.82664 36.64729
0.82664 36.66598
0.82665 36.68473
0.82666 36.70354
0.82667 36.72239
0.82668 36.74129
0.82668 36.76022
0.82669 36.77917
0.82670 36.79815
0.82671 36.81715
0.82672 36.83618
0.82672 36.85525
0.82673 36.87436
0.82674 36.89348
0.82675 36.91263
0.82676 36.93181
0.82676 36.95100
0.82677 36.97023
0.82678 36.98947
0.82679 37.00876
0.82680 37.02809
0.82680 37.04746
0.82681 37.06687
0.82682 37.08634
0.82683 37.10587
0.82684 37.12548
0.82684 37.14517
0.82685 37.16495
0.82686 37.18481
0.82687 37.20476
0.82688 37.22479
0.82688 37.24490
0.82689 37.26507
0.82690 37.28532
0.82691 37.30564
0.82692 37.32602
0.82692 37.34646
0.82693 37.36695
0.82694 37.38749
0.82695 37.40806
0.82696 37.42868
0.82696 37.44933
0.82697 37.47002
0.82698 37.49075
0.82699 37.51154
0.82700 37.53238
0.82700 37.55326
0.82701 37.57417
0.82702 37.59511
0.82703 37.61607
0.82704 37.63706
0.82704 37.65808
0.82705 37.67911
0.82706 37.70016
0.82707 37.72124
0.82708 37.74233
0.82708 37.76346
0.82709 37.78461
0.82710 37.80579
0.82711 37.82699
0.82712 37.84821
0.82712 37.86945
0.82713 37.89070
0.82714 37.91193
0.82715 37.93314
0.82716 37.95432
0.82716 37.97548
0.82717 37.99660
0.82718 38.01769
0.82719 38.03875
0.82720 38.05979
0.82720 38.08080
0.82721 38.10179
0.82722 38.12276
0.82723 38.14369
0.82724 38.16460
0.82724 38.18549
0.82725 38.20635
0.82726 38.22717
0.82727 38.24796
0.82728 38.26872
0.82728 38.28944
0.82729 38.31011
0.82730 38.33073
0.82731 38.35130
0.82732 38.37183
0.82732 38.39229
0.82733 38.41269
0.82734 38.43300
0.82735 38.45323
0.82736 38.47339
0.82736 38.49346
0.82737 38.51346
0.82738 38.53338
0.82739 38.55322
0.82740 38.57298
0.82740 38.59266
0.82741 38.61226
0.82742 38.63179
0.82743 38.65125
0.82744 38.67065
0.82744 38.68997
0.82745 38.70922
0.82746 38.72840
0.82747 38.74751
0.82748 38.76654
0.82748 38.78550
0.82749 38.80437
0.82750 38.82315
0.82751 38.84185
0.82752 38.86046
0.82752 38.87899
0.82753 38.89743
0.82754 38.91578
0.82755 38.93405
0.82756 38.95223
0.82756 38.97032
0.82757 38.98830
0.82758 39.00617
0.82759 39.02393
0.82760 39.04158
0.82760 39.05911
0.82761 39.07652
0.82762 39.09381
0.82763 39.11096
0.82764 39.12799
0.82764 39.14491
0.82765 39.16172
0.82766 39.17842
0.82767 39.19500
0.82768 39.21148
0.82768 39.22784
0.82769 39.24407
0.82770 39.26017
0.82771 39.27611
0.82772 39.29191
0.82772 39.30756
0.82773 39.32304
0.82774 39.33836
0.82775 39.35351
0.82776 39.36850
0.82776 39.38330
0.82777 39.39793
0.82778 39.41236
0.82779 39.42660
0.82780 39.44065
0.82780 39.45452
0.82781 39.46819
0.82782 39.48166
0.82783 39.49494
0.82784 39.50803
0.82784 39.52092
0.82785 39.53362
0.82786 39.54612
0.82787 39.55841
0.82788 39.57051
0.82788 39.58239
0.82789 39.59406
0.82790 39.60550
0.82791 39.61673
0.82792 39.62773
0.82792 39.63849
0.82793 39.64903
0.82794 39.65933
0.82795 39.66940
0.82796 39.67924
0.82796 39.68885
0.82797 39.69821
0.82798 39.70732
0.82799 39.71618
0.82800 39.72479
0.82800 39.73316
0.82801 39.74129
0.82802 39.74918
0.82803 39.75683
0.82804 39.76425
0.82804 39.77144
0.82805 39.77839
0.82806 39.78511
0.82807 39.79161
0.82808 39.79789
0.82808 39.80394
0.82809 39.80977
0.82810 39.81538
0.82811 39.82077
0.82812 39.82594
0.82812 39.83090
0.82813 39.83564
0.82814 39.84018
0.82815 39.84451
0.82816 39.84863
0.82816 39.85256
0.82817 39.85630
0.82818 39.85985
0.82819 39.86322
0.82820 39.86643
0.82820 39.86947
0.82821 39.87235
0.82822 39.87507
0.82823 39.87763
0.82824 39.88005
0.82824 39.88232
0.82825 39.88444
0.82826 39.88643
0.82827 39.88829
0.82828 39.89001
0.82828 39.89162
0.82829 39.89312
0.82830 39.89449
0.82831 39.89575
0.82832 39.89688
0.82832 39.89788
0.82833 39.89875
0.82834 39.89949
0.82835 39.90012
0.82836 39.90062
0.82836 39.90100
0.82837 39.90126
0.82838 39.90139
0.82839 39.90142
0.82840 39.90135
0.82840 39.90118
0.82841 39.90091
0.82842 39.90053
0.82843 39.90004
0.82844 39.89945
0.82844 39.89874
0.82845 39.89792
0.82846 39.89700
0.82847 39.89598
0.82848 39.89488
0.82848 39.89372
0.82849 39.89248
0.82850 39.89118
0.82851 39.88981
0.82852 39.88838
0.82852 39.88688
0.82853 39.88530
0.82854 39.88366
0.82855 39.88193
0.82856 39.88013
0.82856 39.87824
0.82857 39.87625
0.82858 39.87416
0.82859 39.87198
0.82860 39.86970
0.82860 39.86735
0.82861 39.86490
0.82862 39.86237
0.82863 39.85974
0.82864 39.85701
0.82864 39.85420
0.82865 39.85131
0.82866 39.84832
0.82867 39.84524
0.82868 39.84206
0.82868 39.83877
0.82869 39.83539
0.82870 39.83189
0.82871 39.82828
0.82872 39.82456
0.82872 39.82073
0.82873 39.81680
0.82874 39.81276
0.82875 39.80862
0.82876 39.80438
0.82876 39.80003
0.82877 39.79557
0.82878 39.79100
0.82879 39.78632
0.82880 39.78151
0.82880 39.77658
0.82881 39.77154
0.82882 39.76639
0.82883 39.76114
0.82884 39.75579
0.82884 39.75034
0.82885 39.74479
0.82886 39.73914
0.82887 39.73338
0.82888 39.72753
0.82888 39.72157
0.82889 39.71551
0.82890 39.70933
0.82891 39.70304
0.82892 39.69664
0.82892 39.69014
0.82893 39.68355
0.82894 39.67687
0.82895 39.67011
0.82896 39.66327
0.82896 39.65635
0.82897 39.64933
0.82898 39.64222
0.82899 39.63498
0.82900 39.62764
0.82900 39.62019
0.82901 39.61263
0.82902 39.60496
0.82903 39.59718
0.82904 39.58930
0.82904 39.58133
0.82905 39.57326
0.82906 39.56509
0.82907 39.55684
0.82908 39.54853
0.82908 39.54014
0.82909 39.53167
0.82910 39.52312
0.82911 39.51447
0.82912 39.50573
0.82912 39.49690
0.82913 39.48798
0.82914 39.47897
0.82915 39.46987
0.82916 39.46067
0.82916 39.45138
0.82917 39.44201
0.82918 39.43255
0.82919 39.42300
0.82920 39.41336
0.82920 39.40365
0.82921 39.39385
0.82922 39.38399
0.82923 39.37405
0.82924 39.36403
0.82924 39.35393
0.82925 39.34375
0.82926 39.33350
0.82927 39.32317
0.82928 39.31278
0.82928 39.30233
0.82929 39.29184
0.82930 39.28132
0.82931 39.27076
0.82932 39.26017
0.82932 39.24954
0.82933 39.23887
0.82934 39.22819
0.82935 39.21748
0.82936 39.20675
0.82936 39.19598
0.82937 39.18520
0.82938 39.17439
0.82939 39.16358
0.82940 39.15275
0.82940 39.14190
0.82941 39.13103
0.82942 39.12015
0.82943 39.10925
0.82944 39.09834
0.82944 39.08740
0.82945 39.07644
0.82946 39.06546
0.82947 39.05446
0.82948 39.04344
0.82948 39.03242
0.82949 39.02140
0.82950 39.01038
0.82951 38.99935
0.82952 38.98832
0.82952 38.97729
0.82953 38.96626
0.82954 38.95524
0.82955 38.94422
0.82956 38.93321
0.82956 38.92221
0.82957 38.91124
0.82958 38.90028
0.82959 38.88934
0.82960 38.87842
0.82960 38.86755
0.82961 38.85672
0.82962 38.84594
0.82963 38.83523
0.82964 38.82457
0.82964 38.81398
0.82965 38.80344
0.82966 38.79295
0.82967 38.78251
0.82968 38.77213
0.82968 38.76181
0.82969 38.75156
0.82970 38.74139
0.82971 38.73128
0.82972 38.72125
0.82972 38.71128
0.82973 38.70139
0.82974 38.69158
0.82975 38.68185
0.82976 38.67219
0.82976 38.66261
0.82977 38.65312
0.82978 38.64370
0.82979 38.63435
0.82980 38.62507
0.82980 38.61584
0.82981 38.60668
0.82982 38.59760
0.82983 38.58858
0.82984 38.57964
0.82984 38.57075
0.82985 38.56193
0.82986 38.55318
0.82987 38.54451
0.82988 38.53592
0.82988 38.52741
0.82989 38.51898
0.82990 38.51063
0.82991 38.50238
0.82992 38.49422
0.82992 38.48617
0.82993 38.47821
0.82994 38.47035
0.82995 38.46259
0.82996 38.45495
0.82996 38.44742
0.82997 38.43999
0.82998 38.43268
0.82999 38.42548
0.83000 38.41840
0.83000 38.41143
0.83001 38.40457
0.83002 38.39783
0.83003 38.39121
0.83004 38.38470
0.83004 38.37831
0.83005 38.37202
0.83006 38.36582
0.83007 38.35973
0.83008 38.35373
0.83008 38.34785
0.83009 38.34207
0.83010 38.33640
0.83011 38.33083
0.83012 38.32536
0.83012 38.32000
0.83013 38.31475
0.83014 38.30960
0.83015 38.30457
0.83016 38.29966
0.83016 38.29488
0.83017 38.29022
0.83018 38.28570
0.83019 38.28129
0.83020 38.27700
0.83020 38.27283
0.83021 38.26877
0.83022 38.26483
0.83023 38.26102
0.83024 38.25732
0.83024 38.25375
0.83025 38.25031
0.83026 38.24699
0.83027 38.24380
0.83028 38.24073
0.83028 38.23779
0.83029 38.23498
0.83030 38.23230
0.83031 38.22976
0.83032 38.22735
0.83032 38.22507
0.83033 38.22294
0.83034 38.22095
0.83035 38.21911
0.83036 38.21742
0.83036 38.21586
0.83037 38.21443
0.83038 38.21315
0.83039 38.21202
0.83040 38.21103
0.83040 38.21019
0.83041 38.20951
0.83042 38.20896
0.83043 38.20857
0.83044 38.20834
0.83044 38.20826
0.83045 38.20834
0.83046 38.20857
0.83047 38.20896
0.83048 38.20952
0.83048 38.21024
0.83049 38.21113
0.83050 38.21220
0.83051 38.21345
0.83052 38.21487
0.83052 38.21646
0.83053 38.21822
0.83054 38.22014
0.83055 38.22224
0.83056 38.22452
0.83056 38.22699
0.83057 38.22965
0.83058 38.23248
0.83059 38.23550
0.83060 38.23870
0.83060 38.24209
0.83061 38.24565
0.83062 38.24941
0.83063 38.25333
0.83064 38.25743
0.83064 38.26170
0.83065 38.26615
0.83066 38.27078
0.83067 38.27558
0.83068 38.28055
0.83068 38.28570
0.83069 38.29104
0.83070 38.29655
0.83071 38.30224
0.83072 38.30812
0.83072 38.31418
0.83073 38.32043
0.83074 38.32687
0.83075 38.33349
0.83076 38.34029
0.83076 38.34728
0.83077 38.35445
0.83078 38.36182
0.83079 38.36936
0.83080 38.37708
0.83080 38.38499
0.83081 38.39307
0.83082 38.40134
0.83083 38.40977
0.83084 38.41836
0.83084 38.42712
0.83085 38.43603
0.83086 38.44508
0.83087 38.45431
0.83088 38.46369
0.83088 38.47322
0.83089 38.48292
0.83090 38.49278
0.83091 38.50278
0.83092 38.51293
0.83092 38.52324
0.83093 38.53370
0.83094 38.54431
0.83095 38.55506
0.83096 38.56595
0.83096 38.57698
0.83097 38.58814
0.83098 38.59943
0.83099 38.61085
0.83100 38.62239
0.83100 38.63406
0.83101 38.64585
0.83102 38.65776
0.83103 38.66981
0.83104 38.68200
0.83104 38.69432
0.83105 38.70678
0.83106 38.71936
0.83107 38.73207
0.83108 38.74490
0.83108 38.75785
0.83109 38.77092
0.83110 38.78412
0.83111 38.79743
0.83112 38.81085
0.83112 38.82438
0.83113 38.83802
0.83114 38.85177
0.83115 38.86563
0.83116 38.87960
0.83116 38.89366
0.83117 38.90782
0.83118 38.92207
0.83119 38.93643
0.83120 38.95090
0.83120 38.96547
0.83121 38.98015
0.83122 38.99494
0.83123 39.00983
0.83124 39.02481
0.83124 39.03989
0.83125 39.05508
0.83126 39.07036
0.83127 39.08576
0.83128 39.10125
0.83128 39.11683
0.83129 39.13251
0.83130 39.14828
0.83131 39.16414
0.83132 39.18009
0.83132 39.19614
0.83133 39.21227
0.83134 39.22851
0.83135 39.24485
0.83136 39.26130
0.83136 39.27786
0.83137 39.29453
0.83138 39.31131
0.83139 39.32821
0.83140 39.34520
0.83140 39.36229
0.83141 39.37947
0.83142 39.39675
0.83143 39.41412
0.83144 39.43158
0.83144 39.44913
0.83145 39.46675
0.83146 39.48444
0.83147 39.50222
0.83148 39.52008
0.83148 39.53802
0.83149 39.55603
0.83150 39.57411
0.83151 39.59224
0.83152 39.61045
0.83152 39.62872
0.83153 39.64705
0.83154 39.66545
0.83155 39.68391
0.83156 39.70243
0.83156 39.72104
0.83157 39.73971
0.83158 39.75844
0.83159 39.77724
0.83160 39.79610
0.83160 39.81504
0.83161 39.83405
0.83162 39.85314
0.83163 39.87231
0.83164 39.89155
0.83164 39.91087
0.83165 39.93025
0.83166 39.94971
0.83167 39.96925
0.83168 39.98885
0.83168 40.00854
0.83169 40.02830
0.83170 40.04812
0.83171 40.06802
0.83172 40.08797
0.83172 40.10798
0.83173 40.12805
0.83174 40.14818
0.83175 40.16836
0.83176 40.18860
0.83176 40.20889
0.83177 40.22921
0.83178 40.24958
0.83179 40.26999
0.83180 40.29045
0.83180 40.31097
0.83181 40.33154
0.83182 40.35217
0.83183 40.37284
0.83184 40.39356
0.83184 40.41433
0.83185 40.43515
0.83186 40.45600
0.83187 40.47688
0.83188 40.49780
0.83188 40.51876
0.83189 40.53974
0.83190 40.56075
0.83191 40.58180
0.83192 40.60287
0.83192 40.62398
0.83193 40.64510
0.83194 40.66625
0.83195 40.68744
0.83196 40.70868
0.83196 40.72996
0.83197 40.75128
0.83198 40.77264
0.83199 40.79404
0.83200 40.81548
0.83200 40.83697
0.83201 40.85849
0.83202 40.88004
0.83203 40.90163
0.83204 40.92324
0.83204 40.94488
0.83205 40.96653
0.83206 40.98818
0.83207 41.00985
0.83208 41.03152
0.83208 41.05320
0.83209 41.07489
0.83210 41.09658
0.83211 41.11827
0.83212 41.13997
0.83212 41.16166
0.83213 41.18336
0.83214 41.20507
0.83215 41.22679
0.83216 41.24851
0.83216 41.27024
0.83217 41.29197
0.83218 41.31371
0.83219 41.33543
0.83220 41.35715
0.83220 41.37884
0.83221 41.40052
0.83222 41.42219
0.83223 41.44384
0.83224 41.46548
0.83224 41.48710
0.83225 41.50870
0.83226 41.53029
0.83227 41.55188
0.83228 41.57346
0.83228 41.59505
0.83229 41.61663
0.83230 41.63820
0.83231 41.65974
0.83232 41.68127
0.83232 41.70277
0.83233 41.72426
0.83234 41.74572
0.83235 41.76715
0.83236 41.78856
0.83236 41.80994
0.83237 41.83130
0.83238 41.85263
0.83239 41.87393
0.83240 41.89520
0.83240 41.91646
0.83241 41.93769
0.83242 41.95891
0.83243 41.98011
0.83244 42.00130
0.83244 42.02248
0.83245 42.04364
0.83246 42.06478
0.83247 42.08590
0.83248 42.10699
0.83248 42.12806
0.83249 42.14912
0.83250 42.17014
0.83251 42.19116
0.83252 42.21217
0.83252 42.23318
0.83253 42.25419
0.83254 42.27519
0.83255 42.29620
0.83256 42.31721
0.83256 42.33822
0.83257 42.35923
0.83258 42.38025
0.83259 42.40126
0.83260 42.42227
0.83260 42.44327
0.83261 42.46426
0.83262 42.48524
0.83263 42.50619
0.83264 42.52712
0.83264 42.54802
0.83265 42.56889
0.83266 42.58974
0.83267 42.61058
0.83268 42.63140
0.83268 42.65221
0.83269 42.67301
0.83270 42.69380
0.83271 42.71458
0.83272 42.73534
0.83272 42.75607
0.83273 42.77679
0.83274 42.79748
0.83275 42.81813
0.83276 42.83875
0.83276 42.85934
0.83277 42.87987
0.83278 42.90035
0.83279 42.92077
0.83280 42.94113
0.83280 42.96143
0.83281 42.98170
0.83282 43.00192
0.83283 43.02210
0.83284 43.04223
0.83284 43.06232
0.83285 43.08236
0.83286 43.10235
0.83287 43.12228
0.83288 43.14214
0.83288 43.16195
0.83289 43.18169
0.83290 43.20136
0.83291 43.22097
0.83292 43.24050
0.83292 43.25995
0.83293 43.27932
0.83294 43.29860
0.83295 43.31779
0.83296 43.33689
0.83296 43.35588
0.83297 43.37478
0.83298 43.39359
0.83299 43.41231
0.83300 43.43093
0.83300 43.44945
0.83301 43.46784
0.83302 43.48611
0.83303 43.50425
0.83304 43.52225
0.83304 43.54011
0.83305 43.55784
0.83306 43.57543
0.83307 43.59288
0.83308 43.61019
0.83308 43.62735
0.83309 43.64438
0.83310 43.66127
0.83311 43.67803
0.83312 43.69466
0.83312 43.71115
0.83313 43.72752
0.83314 43.74375
0.83315 43.75985
0.83316 43.77581
0.83316 43.79162
0.83317 43.80727
0.83318 43.82277
0.83319 43.83810
0.83320 43.85325
0.83320 43.86824
0.83321 43.88308
0.83322 43.89776
0.83323 43.91229
0.83324 43.92667
0.83324 43.94090
0.83325 43.95499
0.83326 43.96895
0.83327 43.98276
0.83328 43.99645
0.83328 44.01001
0.83329 44.02344
0.83330 44.03674
0.83331 44.04990
0.83332 44.06292
0.83332 44.07578
0.83333 44.08850
0.83334 44.10108
0.83335 44.11352
0.83336 44.12583
0.83336 44.13801
0.83337 44.15006
0.83338 44.16198
0.83339 44.17377
0.83340 44.18543
0.83340 44.19697
0.83341 44.20839
0.83342 44.21968
0.83343 44.23084
0.83344 44.24187
0.83344 44.25278
0.83345 44.26358
0.83346 44.27426
0.83347 44.28482
0.83348 44.29528
0.83348 44.30561
0.83349 44.31584
0.83350 44.32594
0.83351 44.33593
0.83352 44.34582
0.83352 44.35561
0.83353 44.36531
0.83354 44.37490
0.83355 44.38439
0.83356 44.39378
0.83356 44.40308
0.83357 44.41228
0.83358 44.42138
0.83359 44.43039
0.83360 44.43929
0.83360 44.44809
0.83361 44.45679
0.83362 44.46538
0.83363 44.47387
0.83364 44.48226
0.83364 44.49055
0.83365 44.49872
0.83366 44.50678
0.83367 44.51475
0.83368 44.52261
0.83368 44.53037
0.83369 44.53804
0.83370 44.54563
0.83371 44.55312
0.83372 44.56053
0.83372 44.56784
0.83373 44.57505
0.83374 44.58216
0.83375 44.58917
0.83376 44.59608
0.83376 44.60287
0.83377 44.60955
0.83378 44.61612
0.83379 44.62256
0.83380 44.62890
0.83380 44.63513
0.83381 44.64127
0.83382 44.64730
0.83383 44.65325
0.83384 44.65909
0.83384 44.66482
0.83385 44.67044
0.83386 44.67594
0.83387 44.68132
0.83388 44.68658
0.83388 44.69173
0.83389 44.69676
0.83390 44.70168
0.83391 44.70648
0.83392 44.71115
0.83392 44.71570
0.83393 44.72015
0.83394 44.72448
0.83395 44.72870
0.83396 44.73278
0.83396 44.73674
0.83397 44.74058
0.83398 44.74428
0.83399 44.74785
0.83400 44.75130
0.83400 44.75463
0.83401 44.75784
0.83402 44.76091
0.83403 44.76383
0.83404 44.76663
0.83404 44.76930
0.83405 44.77184
0.83406 44.77426
0.83407 44.77654
0.83408 44.77870
0.83408 44.78074
0.83409 44.78266
0.83410 44.78444
0.83411 44.78609
0.83412 44.78761
0.83412 44.78899
0.83413 44.79025
0.83414 44.79137
0.83415 44.79238
0.83416 44.79326
0.83416 44.79402
0.83417 44.79464
0.83418 44.79515
0.83419 44.79554
0.83420 44.79581
0.83420 44.79595
0.83421 44.79595
0.83422 44.79583
0.83423 44.79557
0.83424 44.79518
0.83424 44.79467
0.83425 44.79403
0.83426 44.79326
0.83427 44.79237
0.83428 44.79136
0.83428 44.79022
0.83429 44.78895
0.83430 44.78755
0.83431 44.78602
0.83432 44.78436
0.83432 44.78256
0.83433 44.78061
0.83434 44.77853
0.83435 44.77632
0.83436 44.77399
0.83436 44.77153
0.83437 44.76895
0.83438 44.76625
0.83439 44.76343
0.83440 44.76049
0.83440 44.75743
0.83441 44.75425
0.83442 44.75094
0.83443 44.74750
0.83444 44.74393
0.83444 44.74024
0.83445 44.73642
0.83446 44.73249
0.83447 44.72844
0.83448 44.72427
0.83448 44.71998
0.83449 44.71558
0.83450 44.71105
0.83451 44.70641
0.83452 44.70165
0.83452 44.69678
0.83453 44.69180
0.83454 44.68671
0.83455 44.68151
0.83456 44.67620
0.83456 44.67079
0.83457 44.66526
0.83458 44.65963
0.83459 44.65389
0.83460 44.64804
0.83460 44.64208
0.83461 44.63603
0.83462 44.62987
0.83463 44.62363
0.83464 44.61730
0.83464 44.61088
0.83465 44.60436
0.83466 44.59776
0.83467 44.59109
0.83468 44.58433
0.83468 44.57749
0.83469 44.57056
0.83470 44.56353
0.83471 44.55640
0.83472 44.54917
0.83472 44.54186
0.83473 44.53446
0.83474 44.52697
0.83475 44.51940
0.83476 44.51174
0.83476 44.50400
0.83477 44.49618
0.83478 44.48828
0.83479 44.48030
0.83480 44.47226
0.83480 44.46413
0.83481 44.45594
0.83482 44.44768
0.83483 44.43936
0.83484 44.43099
0.83484 44.42256
0.83485 44.41408
0.83486 44.40554
0.83487 44.39695
0.83488 44.38830
0.83488 44.37959
0.83489 44.37083
0.83490 44.36201
0.83491 44.35313
0.83492 44.34421
0.83492 44.33523
0.83493 44.32622
0.83494 44.31717
0.83495 44.30808
0.83496 44.29896
0.83496 44.28981
0.83497 44.28064
0.83498 44.27146
0.83499 44.26226
0.83500 44.25303
0.83500 44.24378
0.83501 44.23451
0.83502 44.22523
0.83503 44.21594
0.83504 44.20664
0.83504 44.19733
0.83505 44.18802
0.83506 44.17870
0.83507 44.16938
0.83508 44.16007
0.83508 44.15075
0.83509 44.14144
0.83510 44.13214
0.83511 44.12284
0.83512 44.11355
0.83512 44.10426
0.83513 44.09497
0.83514 44.08567
0.83515 44.07637
0.83516 44.06709
0.83516 44.05781
0.83517 44.04853
0.83518 44.03926
0.83519 44.03000
0.83520 44.02077
0.83520 44.01157
0.83521 44.00240
0.83522 43.99328
0.83523 43.98420
0.83524 43.97517
0.83524 43.96619
0.83525 43.95726
0.83526 43.94839
0.83527 43.93959
0.83528 43.93086
0.83528 43.92219
0.83529 43.91358
0.83530 43.90504
0.83531 43.89658
0.83532 43.88818
0.83532 43.87985
0.83533 43.87160
0.83534 43.86341
0.83535 43.85529
0.83536 43.84725
0.83536 43.83927
0.83537 43.83137
0.83538 43.82354
0.83539 43.81580
0.83540 43.80814
0.83540 43.80058
0.83541 43.79311
0.83542 43.78575
0.83543 43.77848
0.83544 43.77132
0.83544 43.76425
0.83545 43.75727
0.83546 43.75039
0.83547 43.74358
0.83548 43.73687
0.83548 43.73024
0.83549 43.72370
0.83550 43.71726
0.83551 43.71091
0.83552 43.70466
0.83552 43.69850
0.83553 43.69245
0.83554 43.68651
0.83555 43.68067
0.83556 43.67494
0.83556 43.66931
0.83557 43.66379
0.83558 43.65838
0.83559 43.65307
0.83560 43.64788
0.83560 43.64281
0.83561 43.63785
0.83562 43.63302
0.83563 43.62833
0.83564 43.62377
0.83564 43.61936
0.83565 43.61508
0.83566 43.61093
0.83567 43.60692
0.83568 43.60304
0.83568 43.59930
0.83569 43.59570
0.83570 43.59223
0.83571 43.58891
0.83572 43.58573
0.83572 43.58268
0.83573 43.57977
0.83574 43.57700
0.83575 43.57437
0.83576 43.57187
0.83576 43.56950
0.83577 43.56726
0.83578 43.56514
0.83579 43.56316
0.83580 43.56131
0.83580 43.55960
0.83581 43.55803
0.83582 43.55659
0.83583 43.55528
0.83584 43.55409
0.83584 43.55303
0.83585 43.55209
0.83586 43.55128
0.83587 43.55059
0.83588 43.55003
0.83588 43.54960
0.83589 43.54930
0.83590 43.54912
0.83591 43.54907
0.83592 43.54915
0.83592 43.54937
0.83593 43.54971
0.83594 43.55018
0.83595 43.55080
0.83596 43.55156
0.83596 43.55247
0.83597 43.55352
0.83598 43.55471
0.83599 43.55605
0.83600 43.55753
0.83600 43.55916
0.83601 43.56094
0.83602 43.56287
0.83603 43.56494
0.83604 43.56715
0.83604 43.56951
0.83605 43.57200
0.83606 43.57464
0.83607 43.57740
0.83608 43.58030
0.83608 43.58333
0.83609 43.58651
0.83610 43.58982
0.83611 43.59326
0.83612 43.59683
0.83612 43.60053
0.83613 43.60435
0.83614 43.60829
0.83615 43.61235
0.83616 43.61653
0.83616 43.62082
0.83617 43.62521
0.83618 43.62971
0.83619 43.63433
0.83620 43.63905
0.83620 43.64388
0.83621 43.64882
0.83622 43.65386
0.83623 43.65900
0.83624 43.66424
0.83624 43.66958
0.83625 43.67502
0.83626 43.68056
0.83627 43.68621
0.83628 43.69195
0.83628 43.69780
0.83629 43.70375
0.83630 43.70981
0.83631 43.71599
0.83632 43.72228
0.83632 43.72868
0.83633 43.73521
0.83634 43.74185
0.83635 43.74862
0.83636 43.75551
0.83636 43.76253
0.83637 43.76969
0.83638 43.77698
0.83639 43.78441
0.83640 43.79197
0.83640 43.79966
0.83641 43.80748
0.83642 43.81544
0.83643 43.82351
0.83644 43.83172
0.83644 43.84006
0.83645 43.84852
0.83646 43.85710
0.83647 43.86581
0.83648 43.87463
0.83648 43.88357
0.83649 43.89264
0.83650 43.90183
0.83651 43.91115
0.83652 43.92059
0.83652 43.93015
0.83653 43.93983
0.83654 43.94963
0.83655 43.95955
0.83656 43.96959
0.83656 43.97974
0.83657 43.99003
0.83658 44.00045
0.83659 44.01100
0.83660 44.02167
0.83660 44.03247
0.83661 44.04339
0.83662 44.05445
0.83663 44.06565
0.83664 44.07699
0.83664 44.08847
0.83665 44.10009
0.83666 44.11185
0.83667 44.12376
0.83668 44.13583
0.83668 44.14805
0.83669 44.16043
0.83670 44.17296
0.83671 44.18565
0.83672 44.19850
0.83672 44.21152
0.83673 44.22470
0.83674 44.23806
0.83675 44.25157
0.83676 44.26525
0.83676 44.27908
0.83677 44.29308
0.83678 44.30724
0.83679 44.32157
0.83680 44.33606
0.83680 44.35068
0.83681 44.36545
0.83682 44.38036
0.83683 44.39543
0.83684 44.41065
0.83684 44.42603
0.83685 44.44158
0.83686 44.45728
0.83687 44.47314
0.83688 44.48914
0.83688 44.50527
0.83689 44.52154
0.83690 44.53795
0.83691 44.55448
0.83692 44.57114
0.83692 44.58793
0.83693 44.60484
0.83694 44.62185
0.83695 44.63898
0.83696 44.65622
0.83696 44.67358
0.83697 44.69107
0.83698 44.70867
0.83699 44.72639
0.83700 44.74422
0.83700 44.76217
0.83701 44.78022
0.83702 44.79838
0.83703 44.81664
0.83704 44.83501
0.83704 44.85348
0.83705 44.87206
0.83706 44.89074
0.83707 44.90952
0.83708 44.92839
0.83708 44.94734
0.83709 44.96639
0.83710 44.98552
0.83711 45.00476
0.83712 45.02406
0.83712 45.04344
0.83713 45.06288
0.83714 45.08237
0.83715 45.10192
0.83716 45.12154
0.83716 45.14121
0.83717 45.16095
0.83718 45.18074
0.83719 45.20057
0.83720 45.22046
0.83720 45.24040
0.83721 45.26037
0.83722 45.28037
0.83723 45.30041
0.83724 45.32046
0.83724 45.34054
0.83725 45.36064
0.83726 45.38078
0.83727 45.40095
0.83728 45.42113
0.83728 45.44133
0.83729 45.46154
0.83730 45.48177
0.83731 45.50202
0.83732 45.52228
0.83732 45.54255
0.83733 45.56283
0.83734 45.58310
0.83735 45.60335
0.83736 45.62357
0.83736 45.64378
0.83737 45.66398
0.83738 45.68416
0.83739 45.70432
0.83740 45.72447
0.83740 45.74461
0.83741 45.76473
0.83742 45.78484
0.83743 45.80493
0.83744 45.82503
0.83744 45.84512
0.83745 45.86520
0.83746 45.88528
0.83747 45.90533
0.83748 45.92537
0.83748 45.94538
0.83749 45.96538
0.83750 45.98534
0.83751 46.00528
0.83752 46.02521
0.83752 46.04512
0.83753 46.06501
0.83754 46.08488
0.83755 46.10472
0.83756 46.12454
0.83756 46.14432
0.83757 46.16408
0.83758 46.18380
0.83759 46.20349
0.83760 46.22314
0.83760 46.24275
0.83761 46.26230
0.83762 46.28181
0.83763 46.30127
0.83764 46.32070
0.83764 46.34009
0.83765 46.35944
0.83766 46.37874
0.83767 46.39798
0.83768 46.41717
0.83768 46.43631
0.83769 46.45540
0.83770 46.47443
0.83771 46.49342
0.83772 46.51234
0.83772 46.53121
0.83773 46.55003
0.83774 46.56879
0.83775 46.58749
0.83776 46.60613
0.83776 46.62471
0.83777 46.64323
0.83778 46.66170
0.83779 46.68012
0.83780 46.69849
0.83780 46.71680
0.83781 46.73504
0.83782 46.75321
0.83783 46.77131
0.83784 46.78933
0.83784 46.80730
0.83785 46.82520
0.83786 46.84303
0.83787 46.86080
0.83788 46.87848
0.83788 46.89610
0.83789 46.91363
0.83790 46.93109
0.83791 46.94847
0.83792 46.96578
0.83792 46.98302
0.83793 47.00017
0.83794 47.01725
0.83795 47.03425
0.83796 47.05117
0.83796 47.06800
0.83797 47.08475
0.83798 47.10141
0.83799 47.11798
0.83800 47.13446
0.83800 47.15084
0.83801 47.16714
0.83802 47.18333
0.83803 47.19941
0.83804 47.21539
0.83804 47.23127
0.83805 47.24704
0.83806 47.26272
0.83807 47.27829
0.83808 47.29378
0.83808 47.30919
0.83809 47.32453
0.83810 47.33980
0.83811 47.35500
0.83812 47.37014
0.83812 47.38522
0.83813 47.40024
0.83814 47.41520
0.83815 47.43010
0.83816 47.44493
0.83816 47.45971
0.83817 47.47442
0.83818 47.48908
0.83819 47.50366
0.83820 47.51816
0.83820 47.53260
0.83821 47.54696
0.83822 47.56125
0.83823 47.57548
0.83824 47.58965
0.83824 47.60374
0.83825 47.61778
0.83826 47.63176
0.83827 47.64567
0.83828 47.65951
0.83828 47.67327
0.83829 47.68696
0.83830 47.70058
0.83831 47.71414
0.83832 47.72764
0.83832 47.74109
0.83833 47.75450
0.83834 47.76785
0.83835 47.78115
0.83836 47.79441
0.83836 47.80763
0.83837 47.82082
0.83838 47.83398
0.83839 47.84712
0.83840 47.86023
0.83840 47.87332
0.83841 47.88639
0.83842 47.89943
0.83843 47.91245
0.83844 47.92545
0.83844 47.93842
0.83845 47.95136
0.83846 47.96426
0.83847 47.97715
0.83848 47.99001
0.83848 48.00286
0.83849 48.01569
0.83850 48.02852
0.83851 48.04133
0.83852 48.05414
0.83852 48.06696
0.83853 48.07977
0.83854 48.09259
0.83855 48.10540
0.83856 48.11822
0.83856 48.13104
0.83857 48.14385
0.83858 48.15665
0.83859 48.16941
0.83860 48.18214
0.83860 48.19482
0.83861 48.20747
0.83862 48.22008
0.83863 48.23266
0.83864 48.24519
0.83864 48.25768
0.83865 48.27014
0.83866 48.28257
0.83867 48.29495
0.83868 48.30731
0.83868 48.31962
0.83869 48.33191
0.83870 48.34419
0.83871 48.35643
0.83872 48.36865
0.83872 48.38085
0.83873 48.39301
0.83874 48.40515
0.83875 48.41727
0.83876 48.42935
0.83876 48.44140
0.83877 48.45341
0.83878 48.46537
0.83879 48.47730
0.83880 48.48918
0.83880 48.50102
0.83881 48.51280
0.83882 48.52454
0.83883 48.53622
0.83884 48.54784
0.83884 48.55941
0.83885 48.57092
0.83886 48.58237
0.83887 48.59374
0.83888 48.60504
0.83888 48.61624
0.83889 48.62736
0.83890 48.63837
0.83891 48.64928
0.83892 48.66009
0.83892 48.67078
0.83893 48.68136
0.83894 48.69182
0.83895 48.70216
0.83896 48.71238
0.83896 48.72248
0.83897 48.73245
0.83898 48.74230
0.83899 48.75201
0.83900 48.76159
0.83900 48.77102
0.83901 48.78030
0.83902 48.78944
0.83903 48.79841
0.83904 48.80722
0.83904 48.81586
0.83905 48.82433
0.83906 48.83262
0.83907 48.84075
0.83908 48.84869
0.83908 48.85648
0.83909 48.86410
0.83910 48.87157
0.83911 48.87887
0.83912 48.88600
0.83912 48.89295
0.83913 48.89972
0.83914 48.90631
0.83915 48.91273
0.83916 48.91896
0.83916 48.92502
0.83917 48.93090
0.83918 48.93660
0.83919 48.94212
0.83920 48.94747
0.83920 48.95262
0.83921 48.95760
0.83922 48.96237
0.83923 48.96696
0.83924 48.97136
0.83924 48.97556
0.83925 48.97954
0.83926 48.98333
0.83927 48.98692
0.83928 48.99032
0.83928 48.99353
0.83929 48.99657
0.83930 48.99941
0.83931 49.00206
0.83932 49.00452
0.83932 49.00679
0.83933 49.00888
0.83934 49.01077
0.83935 49.01248
0.83936 49.01401
0.83936 49.01534
0.83937 49.01648
0.83938 49.01744
0.83939 49.01821
0.83940 49.01879
0.83940 49.01921
0.83941 49.01944
0.83942 49.01949
0.83943 49.01938
0.83944 49.01908
0.83944 49.01863
0.83945 49.01800
0.83946 49.01722
0.83947 49.01628
0.83948 49.01518
0.83948 49.01394
0.83949 49.01255
0.83950 49.01102
0.83951 49.00935
0.83952 49.00753
0.83952 49.00558
0.83953 49.00349
0.83954 49.00127
0.83955 48.99892
0.83956 48.99644
0.83956 48.99385
0.83957 48.99112
0.83958 48.98827
0.83959 48.98529
0.83960 48.98218
0.83960 48.97894
0.83961 48.97558
0.83962 48.97211
0.83963 48.96853
0.83964 48.96485
0.83964 48.96106
0.83965 48.95715
0.83966 48.95313
0.83967 48.94900
0.83968 48.94476
0.83968 48.94040
0.83969 48.93592
0.83970 48.93134
0.83971 48.92664
0.83972 48.92183
0.83972 48.91693
0.83973 48.91192
0.83974 48.90680
0.83975 48.90158
0.83976 48.89627
0.83976 48.89085
0.83977 48.88533
0.83978 48.87971
0.83979 48.87398
0.83980 48.86815
0.83980 48.86221
0.83981 48.85617
0.83982 48.85004
0.83983 48.84381
0.83984 48.83747
0.83984 48.83105
0.83985 48.82451
0.83986 48.81787
0.83987 48.81114
0.83988 48.80432
0.83988 48.79742
0.83989 48.79044
0.83990 48.78337
0.83991 48.77621
0.83992 48.76898
0.83992 48.76168
0.83993 48.75430
0.83994 48.74686
0.83995 48.73937
0.83996 48.73181
0.83996 48.72419
0.83997 48.71649
0.83998 48.70871
0.83999 48.70085
0.84000 48.69290
0.84000 48.68487
0.84001 48.67677
0.84002 48.66859
0.84003 48.66035
0.84004 48.65203
0.84004 48.64367
0.84005 48.63524
0.84006 48.62675
0.84007 48.61820
0.84008 48.60960
0.84008 48.60096
0.84009 48.59226
0.84010 48.58352
0.84011 48.57474
0.84012 48.56592
0.84012 48.55705
0.84013 48.54814
0.84014 48.53917
0.84015 48.53014
0.84016 48.52107
0.84016 48.51196
0.84017 48.50281
0.84018 48.49362
0.84019 48.48438
0.84020 48.47510
0.84020 48.46576
0.84021 48.45639
0.84022 48.44698
0.84023 48.43753
0.84024 48.42805
0.84024 48.41854
0.84025 48.40901
0.84026 48.39947
0.84027 48.38990
0.84028 48.38030
0.84028 48.37069
0.84029 48.36105
0.84030 48.35140
0.84031 48.34174
0.84032 48.33207
0.84032 48.32239
0.84033 48.31270
0.84034 48.30299
0.84035 48.29328
0.84036 48.28357
0.84036 48.27386
0.84037 48.26416
0.84038 48.25446
0.84039 48.24476
0.84040 48.23506
0.84040 48.22536
0.84041 48.21567
0.84042 48.20598
0.84043 48.19630
0.84044 48.18661
0.84044 48.17692
0.84045 48.16722
0.84046 48.15750
0.84047 48.14779
0.84048 48.13809
0.84048 48.12842
0.84049 48.11877
0.84050 48.10916
0.84051 48.09959
0.84052 48.09005
0.84052 48.08055
0.84053 48.07108
0.84054 48.06165
0.84055 48.05224
0.84056 48.04285
0.84056 48.03349
0.84057 48.02415
0.84058 48.01484
0.84059 48.00556
0.84060 47.99630
0.84060 47.98707
0.84061 47.97785
0.84062 47.96865
0.84063 47.95948
0.84064 47.95033
0.84064 47.94122
0.84065 47.93214
0.84066 47.92309
0.84067 47.91407
0.84068 47.90510
0.84068 47.89617
0.84069 47.88729
0.84070 47.87846
0.84071 47.86970
0.84072 47.86100
0.84072 47.85235
0.84073 47.84376
0.84074 47.83522
0.84075 47.82674
0.84076 47.81830
0.84076 47.80993
0.84077 47.80161
0.84078 47.79337
0.84079 47.78520
0.84080 47.77711
0.84080 47.76910
0.84081 47.76116
0.84082 47.75329
0.84083 47.74550
0.84084 47.73779
0.84084 47.73015
0.84085 47.72259
0.84086 47.71509
0.84087 47.70766
0.84088 47.70029
0.84088 47.69299
0.84089 47.68577
0.84090 47.67862
0.84091 47.67154
0.84092 47.66453
0.84092 47.65760
0.84093 47.65075
0.84094 47.64399
0.84095 47.63730
0.84096 47.63071
0.84096 47.62420
0.84097 47.61777
0.84098 47.61142
0.84099 47.60514
0.84100 47.59894
0.84100 47.59280
0.84101 47.58673
0.84102 47.58071
0.84103 47.57475
0.84104 47.56886
0.84104 47.56303
0.84105 47.55728
0.84106 47.55161
0.84107 47.54602
0.84108 47.54053
0.84108 47.53512
0.84109 47.52980
0.84110 47.52459
0.84111 47.51949
0.84112 47.51450
0.84112 47.50963
0.84113 47.50487
0.84114 47.50023
0.84115 47.49571
0.84116 47.49131
0.84116 47.48703
0.84117 47.48287
0.84118 47.47881
0.84119 47.47487
0.84120 47.47103
0.84120 47.46731
0.84121 47.46370
0.84122 47.46019
0.84123 47.45679
0.84124 47.45351
0.84124 47.45035
0.84125 47.44730
0.84126 47.44438
0.84127 47.44158
0.84128 47.43889
0.84128 47.43632
0.84129 47.43388
0.84130 47.43155
0.84131 47.42934
0.84132 47.42725
0.84132 47.42528
0.84133 47.42343
0.84134 47.42171
0.84135 47.42014
0.84136 47.41873
0.84136 47.41746
0.84137 47.41635
0.84138 47.41540
0.84139 47.41461
0.84140 47.41398
0.84140 47.41350
0.84141 47.41318
0.84142 47.41301
0.84143 47.41299
0.84144 47.41311
0.84144 47.41338
0.84145 47.41381
0.84146 47.41439
0.84147 47.41513
0.84148 47.41603
0.84148 47.41708
0.84149 47.41829
0.84150 47.41965
0.84151 47.42117
0.84152 47.42286
0.84152 47.42471
0.84153 47.42674
0.84154 47.42894
0.84155 47.43130
0.84156 47.43382
0.84156 47.43650
0.84157 47.43933
0.84158 47.44231
0.84159 47.44543
0.84160 47.44868
0.84160 47.45205
0.84161 47.45553
0.84162 47.45912
0.84163 47.46281
0.84164 47.46662
0.84164 47.47052
0.84165 47.47453
0.84166 47.47863
0.84167 47.48283
0.84168 47.48714
0.84168 47.49156
0.84169 47.49609
0.84170 47.50074
0.84171 47.50549
0.84172 47.51035
0.84172 47.51533
0.84173 47.52041
0.84174 47.52559
0.84175 47.53088
0.84176 47.53626
0.84176 47.54174
0.84177 47.54731
0.84178 47.55295
0.84179 47.55868
0.84180 47.56448
0.84180 47.57034
0.84181 47.57626
0.84182 47.58225
0.84183 47.58829
0.84184 47.59439
0.84184 47.60052
0.84185 47.60669
0.84186 47.61289
0.84187 47.61912
0.84188 47.62538
0.84188 47.63166
0.84189 47.63797
0.84190 47.64431
0.84191 47.65068
0.84192 47.65709
0.84192 47.66353
0.84193 47.67000
0.84194 47.67650
0.84195 47.68303
0.84196 47.68958
0.84196 47.69615
0.84197 47.70275
0.84198 47.70936
0.84199 47.71600
0.84200 47.72266
0.84200 47.72933
0.84201 47.73601
0.84202 47.74271
0.84203 47.74943
0.84204 47.75616
0.84204 47.76291
0.84205 47.76969
0.84206 47.77650
0.84207 47.78333
0.84208 47.79019
0.84208 47.79709
0.84209 47.80403
0.84210 47.81102
0.84211 47.81807
0.84212 47.82518
0.84212 47.83236
0.84213 47.83959
0.84214 47.84689
0.84215 47.85426
0.84216 47.86169
0.84216 47.86919
0.84217 47.87675
0.84218 47.88437
0.84219 47.89204
0.84220 47.89977
0.84220 47.90755
0.84221 47.91540
0.84222 47.92330
0.84223 47.93126
0.84224 47.93926
0.84224 47.94732
0.84225 47.95542
0.84226 47.96359
0.84227 47.97181
0.84228 47.98010
0.84228 47.98846
0.84229 47.99690
0.84230 48.00542
0.84231 48.01404
0.84232 48.02275
0.84232 48.03155
0.84233 48.04046
0.84234 48.04947
0.84235 48.05859
0.84236 48.06781
0.84236 48.07715
0.84237 48.08659
0.84238 48.09612
0.84239 48.10576
0.84240 48.11549
0.84240 48.12532
0.84241 48.13525
0.84242 48.14527
0.84243 48.15541
0.84244 48.16566
0.84244 48.17601
0.84245 48.18648
0.84246 48.19707
0.84247 48.20778
0.84248 48.21859
0.84248 48.22950
0.84249 48.24052
0.84250 48.25166
0.84251 48.26292
0.84252 48.27428
0.84252 48.28577
0.84253 48.29735
0.84254 48.30904
0.84255 48.32081
0.84256 48.33268
0.84256 48.34463
0.84257 48.35666
0.84258 48.36878
0.84259 48.38098
0.84260 48.39326
0.84260 48.40561
0.84261 48.41803
0.84262 48.43052
0.84263 48.44308
0.84264 48.45572
0.84264 48.46844
0.84265 48.48121
0.84266 48.49405
0.84267 48.50695
0.84268 48.51993
0.84268 48.53298
0.84269 48.54610
0.84270 48.55929
0.84271 48.57255
0.84272 48.58588
0.84272 48.59926
0.84273 48.61269
0.84274 48.62620
0.84275 48.63978
0.84276 48.65342
0.84276 48.66711
0.84277 48.68087
0.84278 48.69467
0.84279 48.70853
0.84280 48.72242
0.84280 48.73635
0.84281 48.75030
0.84282 48.76428
0.84283 48.77830
0.84284 48.79233
0.84284 48.80640
0.84285 48.82049
0.84286 48.83460
0.84287 48.84873
0.84288 48.86289
0.84288 48.87708
0.84289 48.89130
0.84290 48.90554
0.84291 48.91980
0.84292 48.93408
0.84292 48.94837
0.84293 48.96268
0.84294 48.97700
0.84295 48.99133
0.84296 49.00566
0.84296 49.01999
0.84297 49.03432
0.84298 49.04865
0.84299 49.06298
0.84300 49.07731
0.84300 49.09164
0.84301 49.10596
0.84302 49.12028
0.84303 49.13461
0.84304 49.14893
0.84304 49.16326
0.84305 49.17760
0.84306 49.19193
0.84307 49.20626
0.84308 49.22058
0.84308 49.23490
0.84309 49.24921
0.84310 49.26351
0.84311 49.27781
0.84312 49.29208
0.84312 49.30635
0.84313 49.32060
0.84314 49.33482
0.84315 49.34904
0.84316 49.36324
0.84316 49.37744
0.84317 49.39163
0.84318 49.40580
0.84319 49.41995
0.84320 49.43408
0.84320 49.44818
0.84321 49.46225
0.84322 49.47629
0.84323 49.49031
0.84324 49.50431
0.84324 49.51827
0.84325 49.53221
0.84326 49.54612
0.84327 49.56000
0.84328 49.57386
0.84328 49.58768
0.84329 49.60146
0.84330 49.61521
0.84331 49.62893
0.84332 49.64262
0.84332 49.65628
0.84333 49.66992
0.84334 49.68352
0.84335 49.69707
0.84336 49.71058
0.84336 49.72406
0.84337 49.73750
0.84338 49.75089
0.84339 49.76422
0.84340 49.77752
0.84340 49.79076
0.84341 49.80396
0.84342 49.81711
0.84343 49.83020
0.84344 49.84323
0.84344 49.85621
0.84345 49.86911
0.84346 49.88195
0.84347 49.89474
0.84348 49.90746
0.84348 49.92013
0.84349 49.93275
0.84350 49.94533
0.84351 49.95785
0.84352 49.97031
0.84352 49.98271
0.84353 49.99504
0.84354 50.00729
0.84355 50.01948
0.84356 50.03161
0.84356 50.04367
0.84357 50.05567
0.84358 50.06762
0.84359 50.07953
0.84360 50.09139
0.84360 50.10320
0.84361 50.11497
0.84362 50.12668
0.84363 50.13834
0.84364 50.14995
0.84364 50.16152
0.84365 50.17304
0.84366 50.18451
0.84367 50.19592
0.84368 50.20727
0.84368 50.21857
0.84369 50.22982
0.84370 50.24104
0.84371 50.25221
0.84372 50.26335
0.84372 50.27445
0.84373 50.28551
0.84374 50.29653
0.84375 50.30752
0.84376 50.31847
0.84376 50.32940
0.84377 50.34029
0.84378 50.35115
0.84379 50.36200
0.84380 50.37283
0.84380 50.38365
0.84381 50.39444
0.84382 50.40521
0.84383 50.41594
0.84384 50.42665
0.84384 50.43733
0.84385 50.44799
0.84386 50.45865
0.84387 50.46927
0.84388 50.47989
0.84388 50.49048
0.84389 50.50107
0.84390 50.51163
0.84391 50.52218
0.84392 50.53270
0.84392 50.54322
0.84393 50.55372
0.84394 50.56422
0.84395 50.57471
0.84396 50.58519
0.84396 50.59566
0.84397 50.60613
0.84398 50.61659
0.84399 50.62705
0.84400 50.63749
0.84400 50.64790
0.84401 50.65831
0.84402 50.66870
0.84403 50.67907
0.84404 50.68944
0.84404 50.69981
0.84405 50.71016
0.84406 50.72049
0.84407 50.73081
0.84408 50.74112
0.84408 50.75142
0.84409 50.76171
0.84410 50.77198
0.84411 50.78222
0.84412 50.79245
0.84412 50.80268
0.84413 50.81288
0.84414 50.82307
0.84415 50.83324
0.84416 50.84338
0.84416 50.85350
0.84417 50.86359
0.84418 50.87366
0.84419 50.88370
0.84420 50.89372
0.84420 50.90370
0.84421 50.91363
0.84422 50.92351
0.84423 50.93334
0.84424 50.94311
0.84424 50.95282
0.84425 50.96247
0.84426 50.97204
0.84427 50.98155
0.84428 50.99099
0.84428 51.00036
0.84429 51.00966
0.84430 51.01888
0.84431 51.02802
0.84432 51.03709
0.84432 51.04609
0.84433 51.05503
0.84434 51.06391
0.84435 51.07270
0.84436 51.08142
0.84436 51.09005
0.84437 51.09859
0.84438 51.10704
0.84439 51.11539
0.84440 51.12365
0.84440 51.13181
0.84441 51.13989
0.84442 51.14787
0.84443 51.15577
0.84444 51.16357
0.84444 51.17127
0.84445 51.17887
0.84446 51.18637
0.84447 51.19376
0.84448 51.20105
0.84448 51.20822
0.84449 51.21527
0.84450 51.22222
0.84451 51.22907
0.84452 51.23579
0.84452 51.24241
0.84453 51.24891
0.84454 51.25528
0.84455 51.26152
0.84456 51.26765
0.84456 51.27365
0.84457 51.27952
0.84458 51.28525
0.84459 51.29083
0.84460 51.29624
0.84460 51.30150
0.84461 51.30659
0.84462 51.31153
0.84463 51.31629
0.84464 51.32089
0.84464 51.32532
0.84465 51.32959
0.84466 51.33369
0.84467 51.33761
0.84468 51.34137
0.84468 51.34496
0.84469 51.34836
0.84470 51.35158
0.84471 51.35463
0.84472 51.35752
0.84472 51.36023
0.84473 51.36278
0.84474 51.36518
0.84475 51.36741
0.84476 51.36948
0.84476 51.37139
0.84477 51.37315
0.84478 51.37475
0.84479 51.37618
0.84480 51.37745
0.84480 51.37855
0.84481 51.37948
0.84482 51.38025
0.84483 51.38084
0.84484 51.38126
0.84484 51.38150
0.84485 51.38156
0.84486 51.38146
0.84487 51.38118
0.84488 51.38074
0.84488 51.38013
0.84489 51.37936
0.84490 51.37843
0.84491 51.37733
0.84492 51.37607
0.84492 51.37463
0.84493 51.37302
0.84494 51.37124
0.84495 51.36929
0.84496 51.36717
0.84496 51.36489
0.84497 51.36246
0.84498 51.35986
0.84499 51.35711
0.84500 51.35419
0.84500 51.35109
0.84501 51.34782
0.84502 51.34438
0.84503 51.34077
0.84504 51.33702
0.84504 51.33312
0.84505 51.32906
0.84506 51.32486
0.84507 51.32051
0.84508 51.31601
0.84508 51.31136
0.84509 51.30658
0.84510 51.30167
0.84511 51.29663
0.84512 51.29148
0.84512 51.28622
0.84513 51.28083
0.84514 51.27533
0.84515 51.26971
0.84516 51.26397
0.84516 51.25813
0.84517 51.25217
0.84518 51.24611
0.84519 51.23995
0.84520 51.23369
0.84520 51.22733
0.84521 51.22086
0.84522 51.21430
0.84523 51.20763
0.84524 51.20086
0.84524 51.19398
0.84525 51.18700
0.84526 51.17992
0.84527 51.17275
0.84528 51.16547
0.84528 51.15810
0.84529 51.15064
0.84530 51.14310
0.84531 51.13546
0.84532 51.12774
0.84532 51.11995
0.84533 51.11208
0.84534 51.10412
0.84535 51.09609
0.84536 51.08799
0.84536 51.07982
0.84537 51.07157
0.84538 51.06324
0.84539 51.05485
0.84540 51.04639
0.84540 51.03786
0.84541 51.02925
0.84542 51.02058
0.84543 51.01186
0.84544 51.00306
0.84544 50.99421
0.84545 50.98529
0.84546 50.97631
0.84547 50.96727
0.84548 50.95816
0.84548 50.94901
0.84549 50.93980
0.84550 50.93055
0.84551 50.92128
0.84552 50.91198
0.84552 50.90267
0.84553 50.89333
0.84554 50.88395
0.84555 50.87452
0.84556 50.86506
0.84556 50.85557
0.84557 50.84606
0.84558 50.83651
0.84559 50.82694
0.84560 50.81735
0.84560 50.80774
0.84561 50.79808
0.84562 50.78839
0.84563 50.77866
0.84564 50.76890
0.84564 50.75912
0.84565 50.74931
0.84566 50.73947
0.84567 50.72961
0.84568 50.71973
0.84568 50.70983
0.84569 50.69990
0.84570 50.68994
0.84571 50.67997
0.84572 50.66999
0.84572 50.65999
0.84573 50.64998
0.84574 50.63997
0.84575 50.62996
0.84576 50.61996
0.84576 50.60995
0.84577 50.59994
0.84578 50.58994
0.84579 50.57994
0.84580 50.56993
0.84580 50.55993
0.84581 50.54992
0.84582 50.53990
0.84583 50.52987
0.84584 50.51984
0.84584 50.50981
0.84585 50.49979
0.84586 50.48977
0.84587 50.47975
0.84588 50.46975
0.84588 50.45977
0.84589 50.44979
0.84590 50.43982
0.84591 50.42987
0.84592 50.41994
0.84592 50.41003
0.84593 50.40014
0.84594 50.39028
0.84595 50.38046
0.84596 50.37067
0.84596 50.36094
0.84597 50.35124
0.84598 50.34158
0.84599 50.33196
0.84600 50.32236
0.84600 50.31281
0.84601 50.30327
0.84602 50.29375
0.84603 50.28424
0.84604 50.27476
0.84604 50.26532
0.84605 50.25592
0.84606 50.24656
0.84607 50.23724
0.84608 50.22797
0.84608 50.21874
0.84609 50.20956
0.84610 50.20043
0.84611 50.19135
0.84612 50.18233
0.84612 50.17339
0.84613 50.16452
0.84614 50.15572
0.84615 50.14700
0.84616 50.13834
0.84616 50.12976
0.84617 50.12124
0.84618 50.11279
0.84619 50.10440
0.84620 50.09610
0.84620 50.08786
0.84621 50.07970
0.84622 50.07160
0.84623 50.06358
0.84624 50.05565
0.84624 50.04779
0.84625 50.04002
0.84626 50.03231
0.84627 50.02469
0.84628 50.01714
0.84628 50.00967
0.84629 50.00227
0.84630 49.99495
0.84631 49.98772
0.84632 49.98058
0.84632 49.97354
0.84633 49.96659
0.84634 49.95973
0.84635 49.95298
0.84636 49.94633
0.84636 49.93978
0.84637 49.93333
0.84638 49.92698
0.84639 49.92073
0.84640 49.91458
0.84640 49.90853
0.84641 49.90259
0.84642 49.89675
0.84643 49.89100
0.84644 49.88536
0.84644 49.87982
0.84645 49.87438
0.84646 49.86902
0.84647 49.86373
0.84648 49.85853
0.84648 49.85343
0.84649 49.84842
0.84650 49.84351
0.84651 49.83870
0.84652 49.83398
0.84652 49.82939
0.84653 49.82490
0.84654 49.82052
0.84655 49.81624
0.84656 49.81205
0.84656 49.80796
0.84657 49.80397
0.84658 49.80006
0.84659 49.79625
0.84660 49.79253
0.84660 49.78892
0.84661 49.78541
0.84662 49.78200
0.84663 49.77869
0.84664 49.77546
0.84664 49.77232
0.84665 49.76927
0.84666 49.76632
0.84667 49.76345
0.84668 49.76069
0.84668 49.75803
0.84669 49.75547
0.84670 49.75302
0.84671 49.75068
0.84672 49.74847
0.84672 49.74637
0.84673 49.74440
0.84674 49.74254
0.84675 49.74081
0.84676 49.73919
0.84676 49.73769
0.84677 49.73630
0.84678 49.73502
0.84679 49.73387
0.84680 49.73283
0.84680 49.73191
0.84681 49.73110
0.84682 49.73041
0.84683 49.72983
0.84684 49.72938
0.84684 49.72904
0.84685 49.72881
0.84686 49.72868
0.84687 49.72866
0.84688 49.72875
0.84688 49.72897
0.84689 49.72930
0.84690 49.72975
0.84691 49.73032
0.84692 49.73101
0.84692 49.73183
0.84693 49.73277
0.84694 49.73384
0.84695 49.73502
0.84696 49.73633
0.84696 49.73777
0.84697 49.73934
0.84698 49.74103
0.84699 49.74285
0.84700 49.74480
0.84700 49.74686
0.84701 49.74906
0.84702 49.75139
0.84703 49.75385
0.84704 49.75643
0.84704 49.75915
0.84705 49.76200
0.84706 49.76499
0.84707 49.76812
0.84708 49.77140
0.84708 49.77482
0.84709 49.77838
0.84710 49.78210
0.84711 49.78596
0.84712 49.78996
0.84712 49.79410
0.84713 49.79840
0.84714 49.80286
0.84715 49.80748
0.84716 49.81224
0.84716 49.81716
0.84717 49.82224
0.84718 49.82748
0.84719 49.83286
0.84720 49.83839
0.84720 49.84406
0.84721 49.84986
0.84722 49.85579
0.84723 49.86183
0.84724 49.86800
0.84724 49.87428
0.84725 49.88067
0.84726 49.88718
0.84727 49.89383
0.84728 49.90062
0.84728 49.90756
0.84729 49.91463
0.84730 49.92184
0.84731 49.92918
0.84732 49.93665
0.84732 49.94425
0.84733 49.95197
0.84734 49.95981
0.84735 49.96778
0.84736 49.97588
0.84736 49.98414
0.84737 49.99253
0.84738 50.00105
0.84739 50.00970
0.84740 50.01849
0.84740 50.02741
0.84741 50.03646
0.84742 50.04563
0.84743 50.05492
0.84744 50.06433
0.84744 50.07386
0.84745 50.08352
0.84746 50.09330
0.84747 50.10321
0.84748 50.11325
0.84748 50.12343
0.84749 50.13373
0.84750 50.14417
0.84751 50.15472
0.84752 50.16540
0.84752 50.17619
0.84753 50.18710
0.84754 50.19812
0.84755 50.20924
0.84756 50.22048
0.84756 50.23183
0.84757 50.24328
0.84758 50.25484
0.84759 50.26651
0.84760 50.27829
0.84760 50.29016
0.84761 50.30214
0.84762 50.31419
0.84763 50.32632
0.84764 50.33854
0.84764 50.35082
0.84765 50.36318
0.84766 50.37561
0.84767 50.38812
0.84768 50.40070
0.84768 50.41336
0.84769 50.42609
0.84770 50.43890
0.84771 50.45180
0.84772 50.46478
0.84772 50.47785
0.84773 50.49101
0.84774 50.50427
0.84775 50.51761
0.84776 50.53105
0.84776 50.54458
0.84777 50.55818
0.84778 50.57185
0.84779 50.58560
0.84780 50.59942
0.84780 50.61333
0.84781 50.62733
0.84782 50.64142
0.84783 50.65560
0.84784 50.66987
0.84784 50.68424
0.84785 50.69871
0.84786 50.71325
0.84787 50.72787
0.84788 50.74256
0.84788 50.75733
0.84789 50.77217
0.84790 50.78709
0.84791 50.80207
0.84792 50.81712
0.84792 50.83226
0.84793 50.84747
0.84794 50.86278
0.84795 50.87817
0.84796 50.89364
0.84796 50.90917
0.84797 50.92478
0.84798 50.94047
0.84799 50.95622
0.84800 50.97206
0.84800 50.98799
0.84801 51.00400
0.84802 51.02010
0.84803 51.03628
0.84804 51.05255
0.84804 51.06891
0.84805 51.08536
0.84806 51.10190
0.84807 51.11851
0.84808 51.13522
0.84808 51.15201
0.84809 51.16888
0.84810 51.18583
0.84811 51.20286
0.84812 51.21998
0.84812 51.23720
0.84813 51.25451
0.84814 51.27192
0.84815 51.28943
0.84816 51.30704
0.84816 51.32476
0.84817 51.34258
0.84818 51.36050
0.84819 51.37852
0.84820 51.39665
0.84820 51.41488
0.84821 51.43321
0.84822 51.45163
0.84823 51.47014
0.84824 51.48874
0.84824 51.50742
0.84825 51.52618
0.84826 51.54502
0.84827 51.56394
0.84828 51.58294
0.84828 51.60202
0.84829 51.62118
0.84830 51.64039
0.84831 51.65967
0.84832 51.67901
0.84832 51.69841
0.84833 51.71787
0.84834 51.73737
0.84835 51.75691
0.84836 51.77650
0.84836 51.79612
0.84837 51.81579
0.84838 51.83550
0.84839 51.85525
0.84840 51.87505
0.84840 51.89488
0.84841 51.91476
0.84842 51.93468
0.84843 51.95463
0.84844 51.97461
0.84844 51.99461
0.84845 52.01463
0.84846 52.03466
0.84847 52.05472
0.84848 52.07480
0.84848 52.09489
0.84849 52.11498
0.84850 52.13507
0.84851 52.15515
0.84852 52.17521
0.84852 52.19527
0.84853 52.21532
0.84854 52.23535
0.84855 52.25537
0.84856 52.27537
0.84856 52.29537
0.84857 52.31536
0.84858 52.33533
0.84859 52.35528
0.84860 52.37522
0.84860 52.39514
0.84861 52.41503
0.84862 52.43490
0.84863 52.45473
0.84864 52.47451
0.84864 52.49425
0.84865 52.51394
0.84866 52.53356
0.84867 52.55313
0.84868 52.57263
0.84868 52.59205
0.84869 52.61140
0.84870 52.63066
0.84871 52.64985
0.84872 52.66896
0.84872 52.68800
0.84873 52.70698
0.84874 52.72588
0.84875 52.74470
0.84876 52.76346
0.84876 52.78215
0.84877 52.80075
0.84878 52.81926
0.84879 52.83768
0.84880 52.85602
0.84880 52.87427
0.84881 52.89243
0.84882 52.91050
0.84883 52.92848
0.84884 52.94636
0.84884 52.96415
0.84885 52.98185
0.84886 52.99949
0.84887 53.01704
0.84888 53.03450
0.84888 53.05188
0.84889 53.06918
0.84890 53.08638
0.84891 53.10350
0.84892 53.12051
0.84892 53.13742
0.84893 53.15423
0.84894 53.17094
0.84895 53.18756
0.84896 53.20407
0.84896 53.22049
0.84897 53.23681
0.84898 53.25303
0.84899 53.26916
0.84900 53.28520
0.84900 53.30114
0.84901 53.31700
0.84902 53.33276
0.84903 53.34843
0.84904 53.36401
0.84904 53.37947
0.84905 53.39483
0.84906 53.41008
0.84907 53.42520
0.84908 53.44020
0.84908 53.45507
0.84909 53.46983
0.84910 53.48447
0.84911 53.49897
0.84912 53.51334
0.84912 53.52760
0.84913 53.54174
0.84914 53.55576
0.84915 53.56969
0.84916 53.58351
0.84916 53.59723
0.84917 53.61085
0.84918 53.62437
0.84919 53.63778
0.84920 53.65110
0.84920 53.66432
0.84921 53.67742
0.84922 53.69042
0.84923 53.70332
0.84924 53.71611
0.84924 53.72880
0.84925 53.74139
0.84926 53.75387
0.84927 53.76626
0.84928 53.77857
0.84928 53.79079
0.84929 53.80291
0.84930 53.81494
0.84931 53.82685
0.84932 53.83867
0.84932 53.85040
0.84933 53.86203
0.84934 53.87357
0.84935 53.88502
0.84936 53.89636
0.84936 53.90761
0.84937 53.91875
0.84938 53.92979
0.84939 53.94074
0.84940 53.95158
0.84940 53.96233
0.84941 53.97297
0.84942 53.98353
0.84943 53.99400
0.84944 54.00438
0.84944 54.01466
0.84945 54.02484
0.84946 54.03494
0.84947 54.04494
0.84948 54.05483
0.84948 54.06463
0.84949 54.07433
0.84950 54.08394
0.84951 54.09346
0.84952 54.10289
0.84952 54.11222
0.84953 54.12147
0.84954 54.13062
0.84955 54.13967
0.84956 54.14861
0.84956 54.15742
0.84957 54.16607
0.84958 54.17453
0.84959 54.18278
0.84960 54.19078
0.84960 54.19853
0.84961 54.20599
0.84962 54.21314
0.84963 54.21994
0.84964 54.22637
0.84964 54.23240
0.84965 54.23799
0.84966 54.24311
0.84967 54.24773
0.84968 54.25182
0.84968 54.25537
0.84969 54.25834
0.84970 54.26070
0.84971 54.26240
0.84972 54.26344
0.84972 54.26376
0.84973 54.26332
0.84974 54.26208
0.84975 54.26002
0.84976 54.25708
0.84976 54.25325
0.84977 54.24847
0.84978 54.24271
0.84979 54.23594
0.84980 54.22815
0.84980 54.21930
0.84981 54.20935
0.84982 54.19828
0.84983 54.18604
0.84984 54.17259
0.84984 54.15792
0.84985 54.14196
0.84986 54.12469
0.84987 54.10607
0.84988 54.08607
0.84988 54.06464
0.84989 54.04176
0.84990 54.01739
0.84991 53.99148
0.84992 53.96400
0.84992 53.93490
0.84993 53.90416
0.84994 53.87174
0.84995 53.83760
0.84996 53.80170
0.84996 53.76400
0.84997 53.72448
0.84998 53.68311
0.84999 53.63984
0.85000 53.59463
0.85000 53.54744
0.85001 53.49823
0.85002 53.44695
0.85003 53.39359
0.85004 53.33809
0.85004 53.28043
0.85005 53.22060
0.85006 53.15861
0.85007 53.09445
0.85008 53.02815
0.85008 52.95972
0.85009 52.88917
0.85010 52.81654
0.85011 52.74182
0.85012 52.66504
0.85012 52.58620
0.85013 52.50533
0.85014 52.42245
0.85015 52.33758
0.85016 52.25075
0.85016 52.16197
0.85017 52.07127
0.85018 51.97867
0.85019 51.88418
0.85020 51.78785
0.85020 51.68969
0.85021 51.58975
0.85022 51.48805
0.85023 51.38463
0.85024 51.27952
0.85024 51.17276
0.85025 51.06438
0.85026 50.95441
0.85027 50.84289
0.85028 50.72987
0.85028 50.61536
0.85029 50.49940
0.85030 50.38202
0.85031 50.26327
0.85032 50.14316
0.85032 50.02176
0.85033 49.89907
0.85034 49.77515
0.85035 49.65001
0.85036 49.52371
0.85036 49.39629
0.85037 49.26778
0.85038 49.13822
0.85039 49.00766
0.85040 48.87612
0.85040 48.74365
0.85041 48.61029
0.85042 48.47609
0.85043 48.34109
0.85044 48.20532
0.85044 48.06883
0.85045 47.93166
0.85046 47.79386
0.85047 47.65546
0.85048 47.51651
0.85048 47.37703
0.85049 47.23707
0.85050 47.09668
0.85051 46.95591
0.85052 46.81480
0.85052 46.67339
0.85053 46.53172
0.85054 46.38984
0.85055 46.24779
0.85056 46.10559
0.85056 45.96326
0.85057 45.82082
0.85058 45.67831
0.85059 45.53572
0.85060 45.39308
0.85060 45.25040
0.85061 45.10771
0.85062 44.96501
0.85063 44.82233
0.85064 44.67967
0.85064 44.53707
0.85065 44.39451
0.85066 44.25204
0.85067 44.10966
0.85068 43.96738
0.85068 43.82524
0.85069 43.68323
0.85070 43.54137
0.85071 43.39967
0.85072 43.25813
0.85072 43.11676
0.85073 42.97558
0.85074 42.83458
0.85075 42.69378
0.85076 42.55319
0.85076 42.41281
0.85077 42.27267
0.85078 42.13275
0.85079 41.99306
0.85080 41.85363
0.85080 41.71444
0.85081 41.57551
0.85082 41.43685
0.85083 41.29845
0.85084 41.16032
0.85084 41.02248
0.85085 40.88493
0.85086 40.74767
0.85087 40.61071
0.85088 40.47405
0.85088 40.33769
0.85089 40.20165
0.85090 40.06592
0.85091 39.93050
0.85092 39.79541
0.85092 39.66064
0.85093 39.52619
0.85094 39.39208
0.85095 39.25831
0.85096 39.12487
0.85096 38.99179
0.85097 38.85906
0.85098 38.72667
0.85099 38.59464
0.85100 38.46296
0.85100 38.33164
0.85101 38.20067
0.85102 38.07007
0.85103 37.93982
0.85104 37.80994
0.85104 37.68042
0.85105 37.55128
0.85106 37.42250
0.85107 37.29409
0.85108 37.16606
0.85108 37.03839
0.85109 36.91110
0.85110 36.78420
0.85111 36.65768
0.85112 36.53154
0.85112 36.40579
0.85113 36.28043
0.85114 36.15546
0.85115 36.03088
0.85116 35.90668
0.85116 35.78287
0.85117 35.65943
0.85118 35.53638
0.85119 35.41370
0.85120 35.29140
0.85120 35.16947
0.85121 35.04793
0.85122 34.92676
0.85123 34.80598
0.85124 34.68558
0.85124 34.56558
0.85125 34.44596
0.85126 34.32672
0.85127 34.20787
0.85128 34.08941
0.85128 33.97133
0.85129 33.85365
0.85130 33.73637
0.85131 33.61949
0.85132 33.50300
0.85132 33.38691
0.85133 33.27123
0.85134 33.15596
0.85135 33.04110
0.85136 32.92665
0.85136 32.81261
0.85137 32.69898
0.85138 32.58577
0.85139 32.47297
0.85140 32.36060
0.85140 32.24864
0.85141 32.13711
0.85142 32.02599
0.85143 31.91531
0.85144 31.80505
0.85144 31.69522
0.85145 31.58581
0.85146 31.47682
0.85147 31.36825
0.85148 31.26010
0.85148 31.15239
0.85149 31.04510
0.85150 30.93825
0.85151 30.83182
0.85152 30.72583
0.85152 30.62027
0.85153 30.51514
0.85154 30.41044
0.85155 30.30617
0.85156 30.20231
0.85156 30.09884
0.85157 29.99576
0.85158 29.89306
0.85159 29.79073
0.85160 29.68874
0.85160 29.58710
0.85161 29.48579
0.85162 29.38480
0.85163 29.28414
0.85164 29.18379
0.85164 29.08376
0.85165 28.98405
0.85166 28.88465
0.85167 28.78554
0.85168 28.68675
0.85168 28.58825
0.85169 28.49006
0.85170 28.39217
0.85171 28.29457
0.85172 28.19727
0.85172 28.10027
0.85173 28.00355
0.85174 27.90713
0.85175 27.81100
0.85176 27.71515
0.85176 27.61957
0.85177 27.52428
0.85178 27.42926
0.85179 27.33452
0.85180 27.24004
0.85180 27.14582
0.85181 27.05187
0.85182 26.95818
0.85183 26.86476
0.85184 26.77159
0.85184 26.67868
0.85185 26.58603
0.85186 26.49364
0.85187 26.40150
0.85188 26.30961
0.85188 26.21797
0.85189 26.12658
0.85190 26.03544
0.85191 25.94455
0.85192 25.85395
0.85192 25.76361
0.85193 25.67352
0.85194 25.58367
0.85195 25.49406
0.85196 25.40467
0.85196 25.31549
0.85197 25.22652
0.85198 25.13775
0.85199 25.04918
0.85200 24.96078
0.85200 24.87256
0.85201 24.78452
0.85202 24.69664
0.85203 24.60892
0.85204 24.52136
0.85204 24.43394
0.85205 24.34667
0.85206 24.25957
0.85207 24.17268
0.85208 24.08602
0.85208 23.99959
0.85209 23.91341
0.85210 23.82751
0.85211 23.74190
0.85212 23.65658
0.85212 23.57156
0.85213 23.48685
0.85214 23.40245
0.85215 23.31837
0.85216 23.23461
0.85216 23.15118
0.85217 23.06808
0.85218 22.98532
0.85219 22.90289
0.85220 22.82081
0.85220 22.73906
0.85221 22.65765
0.85222 22.57657
0.85223 22.49582
0.85224 22.41539
0.85224 22.33528
0.85225 22.25550
0.85226 22.17605
0.85227 22.09693
0.85228 22.01813
0.85228 21.93965
0.85229 21.86149
0.85230 21.78365
0.85231 21.70612
0.85232 21.62891
0.85232 21.55201
0.85233 21.47542
0.85234 21.39913
0.85235 21.32313
0.85236 21.24741
0.85236 21.17197
0.85237 21.09679
0.85238 21.02187
0.85239 20.94721
0.85240 20.87280
0.85240 20.79862
0.85241 20.72465
0.85242 20.65085
0.85243 20.57723
0.85244 20.50379
0.85244 20.43057
0.85245 20.35756
0.85246 20.28477
0.85247 20.21222
0.85248 20.13990
0.85248 20.06783
0.85249 19.99601
0.85250 19.92444
0.85251 19.85313
0.85252 19.78208
0.85252 19.71130
0.85253 19.64079
0.85254 19.57055
0.85255 19.50058
0.85256 19.43089
0.85256 19.36145
0.85257 19.29225
0.85258 19.22330
0.85259 19.15457
0.85260 19.08605
0.85260 19.01774
0.85261 18.94963
0.85262 18.88172
0.85263 18.81400
0.85264 18.74647
0.85264 18.67911
0.85265 18.61194
0.85266 18.54494
0.85267 18.47812
0.85268 18.41146
0.85268 18.34496
0.85269 18.27863
0.85270 18.21246
0.85271 18.14644
0.85272 18.08058
0.85272 18.01489
0.85273 17.94936
0.85274 17.88400
0.85275 17.81882
0.85276 17.75380
0.85276 17.68894
0.85277 17.62424
0.85278 17.55972
0.85279 17.49536
0.85280 17.43118
0.85280 17.36718
0.85281 17.30339
0.85282 17.23978
0.85283 17.17634
0.85284 17.11309
0.85284 17.05001
0.85285 16.98713
0.85286 16.92445
0.85287 16.86198
0.85288 16.79973
0.85288 16.73771
0.85289 16.67592
0.85290 16.61437
0.85291 16.55306
0.85292 16.49202
0.85292 16.43126
0.85293 16.37078
0.85294 16.31056
0.85295 16.25061
0.85296 16.19091
0.85296 16.13147
0.85297 16.07228
0.85298 16.01334
0.85299 15.95466
0.85300 15.89622
0.85300 15.83803
0.85301 15.78008
0.85302 15.72239
0.85303 15.66494
0.85304 15.60775
0.85304 15.55080
0.85305 15.49411
0.85306 15.43766
0.85307 15.38147
0.85308 15.32552
0.85308 15.26981
0.85309 15.21435
0.85310 15.15913
0.85311 15.10415
0.85312 15.04942
0.85312 14.99494
0.85313 14.94069
0.85314 14.88668
0.85315 14.83292
0.85316 14.77940
0.85316 14.72612
0.85317 14.67309
0.85318 14.62030
0.85319 14.56775
0.85320 14.51545
0.85320 14.46339
0.85321 14.41158
0.85322 14.36002
0.85323 14.30871
0.85324 14.25764
0.85324 14.20681
0.85325 14.15622
0.85326 14.10587
0.85327 14.05576
0.85328 14.00588
0.85328 13.95624
0.85329 13.90682
0.85330 13.85763
0.85331 13.80865
0.85332 13.75985
0.85332 13.71123
0.85333 13.66282
0.85334 13.61460
0.85335 13.56658
0.85336 13.51877
0.85336 13.47115
0.85337 13.42372
0.85338 13.37648
0.85339 13.32943
0.85340 13.28256
0.85340 13.23587
0.85341 13.18937
0.85342 13.14305
0.85343 13.09692
0.85344 13.05098
0.85344 13.00523
0.85345 12.95966
0.85346 12.91429
0.85347 12.86910
0.85348 12.82410
0.85348 12.77929
0.85349 12.73466
0.85350 12.69023
0.85351 12.64599
0.85352 12.60193
0.85352 12.55806
0.85353 12.51436
0.85354 12.47086
0.85355 12.42753
0.85356 12.38439
0.85356 12.34145
0.85357 12.29870
0.85358 12.25614
0.85359 12.21379
0.85360 12.17164
0.85360 12.12969
0.85361 12.08794
0.85362 12.04640
0.85363 12.00506
0.85364 11.96393
0.85364 11.92301
0.85365 11.88230
0.85366 11.84179
0.85367 11.80149
0.85368 11.76139
0.85368 11.72150
0.85369 11.68182
0.85370 11.64235
0.85371 11.60308
0.85372 11.56402
0.85372 11.52516
0.85373 11.48651
0.85374 11.44806
0.85375 11.40982
0.85376 11.37179
0.85376 11.33396
0.85377 11.29635
0.85378 11.25895
0.85379 11.22177
0.85380 11.18481
0.85380 11.14807
0.85381 11.11156
0.85382 11.07529
0.85383 11.03926
0.85384 11.00347
0.85384 10.96793
0.85385 10.93262
0.85386 10.89755
0.85387 10.86271
0.85388 10.82811
0.85388 10.79374
0.85389 10.75961
0.85390 10.72571
0.85391 10.69204
0.85392 10.65861
0.85392 10.62540
0.85393 10.59243
0.85394 10.55968
0.85395 10.52716
0.85396 10.49487
0.85396 10.46282
0.85397 10.43100
0.85398 10.39941
0.85399 10.36804
0.85400 10.33691
0.85400 10.30600
0.85401 10.27531
0.85402 10.24485
0.85403 10.21461
0.85404 10.18460
0.85404 10.15482
0.85405 10.12525
0.85406 10.09589
0.85407 10.06675
0.85408 10.03782
0.85408 10.00908
0.85409 9.98054
0.85410 9.95219
0.85411 9.92402
0.85412 9.89605
0.85412 9.86825
0.85413 9.84063
0.85414 9.81318
0.85415 9.78591
0.85416 9.75880
0.85416 9.73186
0.85417 9.70507
0.85418 9.67845
0.85419 9.65199
0.85420 9.62567
0.85420 9.59950
0.85421 9.57348
0.85422 9.54761
0.85423 9.52188
0.85424 9.49629
0.85424 9.47084
0.85425 9.44553
0.85426 9.42036
0.85427 9.39532
0.85428 9.37041
0.85428 9.34563
0.85429 9.32097
0.85430 9.29642
0.85431 9.27200
0.85432 9.24770
0.85432 9.22352
0.85433 9.19945
0.85434 9.17550
0.85435 9.15165
0.85436 9.12791
0.85436 9.10428
0.85437 9.08075
0.85438 9.05733
0.85439 9.03400
0.85440 9.01077
0.85440 8.98763
0.85441 8.96458
0.85442 8.94161
0.85443 8.91873
0.85444 8.89593
0.85444 8.87321
0.85445 8.85056
0.85446 8.82799
0.85447 8.80548
0.85448 8.78305
0.85448 8.76067
0.85449 8.73836
0.85450 8.71611
0.85451 8.69391
0.85452 8.67177
0.85452 8.64967
0.85453 8.62763
0.85454 8.60563
0.85455 8.58367
0.85456 8.56175
0.85456 8.53987
0.85457 8.51803
0.85458 8.49622
0.85459 8.47445
0.85460 8.45273
0.85460 8.43104
0.85461 8.40939
0.85462 8.38778
0.85463 8.36622
0.85464 8.34470
0.85464 8.32322
0.85465 8.30178
0.85466 8.28039
0.85467 8.25904
0.85468 8.23774
0.85468 8.21647
0.85469 8.19525
0.85470 8.17406
0.85471 8.15290
0.85472 8.13178
0.85472 8.11070
0.85473 8.08964
0.85474 8.06862
0.85475 8.04763
0.85476 8.02667
0.85476 8.00573
0.85477 7.98482
0.85478 7.96394
0.85479 7.94308
0.85480 7.92224
0.85480 7.90143
0.85481 7.88064
0.85482 7.85988
0.85483 7.83913
0.85484 7.81839
0.85484 7.79768
0.85485 7.77698
0.85486 7.75630
0.85487 7.73564
0.85488 7.71499
0.85488 7.69435
0.85489 7.67373
0.85490 7.65313
0.85491 7.63255
0.85492 7.61199
0.85492 7.59145
0.85493 7.57092
0.85494 7.55040
0.85495 7.52990
0.85496 7.50941
0.85496 7.48892
0.85497 7.46844
0.85498 7.44796
0.85499 7.42749
0.85500 7.40702
0.85500 7.38655
0.85501 7.36610
0.85502 7.34564
0.85503 7.32519
0.85504 7.30475
0.85504 7.28431
0.85505 7.26387
0.85506 7.24344
0.85507 7.22302
0.85508 7.20260
0.85508 7.18219
0.85509 7.16178
0.85510 7.14138
0.85511 7.12099
0.85512 7.10060
0.85512 7.08022
0.85513 7.05984
0.85514 7.03945
0.85515 7.01907
0.85516 6.99868
0.85516 6.97829
0.85517 6.95790
0.85518 6.93752
0.85519 6.91713
0.85520 6.89676
0.85520 6.87639
0.85521 6.85603
0.85522 6.83568
0.85523 6.81534
0.85524 6.79501
0.85524 6.77470
0.85525 6.75439
0.85526 6.73410
0.85527 6.71382
0.85528 6.69355
0.85528 6.67329
0.85529 6.65304
0.85530 6.63280
0.85531 6.61256
0.85532 6.59233
0.85532 6.57211
0.85533 6.55189
0.85534 6.53168
0.85535 6.51146
0.85536 6.49125
0.85536 6.47103
0.85537 6.45081
0.85538 6.43058
0.85539 6.41036
0.85540 6.39012
0.85540 6.36988
0.85541 6.34963
0.85542 6.32936
0.85543 6.30909
0.85544 6.28881
0.85544 6.26852
0.85545 6.24823
0.85546 6.22793
0.85547 6.20763
0.85548 6.18733
0.85548 6.16703
0.85549 6.14674
0.85550 6.12644
0.85551 6.10613
0.85552 6.08583
0.85552 6.06552
0.85553 6.04520
0.85554 6.02488
0.85555 6.00456
0.85556 5.98422
0.85556 5.96387
0.85557 5.94351
0.85558 5.92314
0.85559 5.90275
0.85560 5.88234
0.85560 5.86191
0.85561 5.84145
0.85562 5.82096
0.85563 5.80045
0.85564 5.77990
0.85564 5.75933
0.85565 5.73873
0.85566 5.71809
0.85567 5.69743
0.85568 5.67672
0.85568 5.65597
0.85569 5.63518
0.85570 5.61435
0.85571 5.59347
0.85572 5.57255
0.85572 5.55158
0.85573 5.53056
0.85574 5.50949
0.85575 5.48836
0.85576 5.46717
0.85576 5.44593
0.85577 5.42462
0.85578 5.40326
0.85579 5.38184
0.85580 5.36037
0.85580 5.33884
0.85581 5.31725
0.85582 5.29559
0.85583 5.27388
0.85584 5.25210
0.85584 5.23026
0.85585 5.20836
0.85586 5.18641
0.85587 5.16440
0.85588 5.14233
0.85588 5.12021
0.85589 5.09803
0.85590 5.07579
0.85591 5.05350
0.85592 5.03114
0.85592 5.00874
0.85593 4.98627
0.85594 4.96374
0.85595 4.94116
0.85596 4.91851
0.85596 4.89579
0.85597 4.87300
0.85598 4.85015
0.85599 4.82723
0.85600 4.80424
0.85600 4.78117
0.85601 4.75804
0.85602 4.73483
0.85603 4.71156
0.85604 4.68821
0.85604 4.66479
0.85605 4.64129
0.85606 4.61773
0.85607 4.59410
0.85608 4.57040
0.85608 4.54662
0.85609 4.52277
0.85610 4.49886
0.85611 4.47487
0.85612 4.45082
0.85612 4.42671
0.85613 4.40253
0.85614 4.37828
0.85615 4.35397
0.85616 4.32960
0.85616 4.30515
0.85617 4.28065
0.85618 4.25609
0.85619 4.23146
0.85620 4.20676
0.85620 4.18200
0.85621 4.15717
0.85622 4.13228
0.85623 4.10731
0.85624 4.08228
0.85624 4.05719
0.85625 4.03203
0.85626 4.00681
0.85627 3.98153
0.85628 3.95618
0.85628 3.93076
0.85629 3.90528
0.85630 3.87973
0.85631 3.85412
0.85632 3.82844
0.85632 3.80270
0.85633 3.77691
0.85634 3.75106
0.85635 3.72514
0.85636 3.69917
0.85636 3.67314
0.85637 3.64704
0.85638 3.62088
0.85639 3.59466
0.85640 3.56837
0.85640 3.54202
0.85641 3.51560
0.85642 3.48913
0.85643 3.46258
0.85644 3.43598
0.85644 3.40932
0.85645 3.38261
0.85646 3.35584
0.85647 3.32903
0.85648 3.30216
0.85648 3.27525
0.85649 3.24831
0.85650 3.22132
0.85651 3.19429
0.85652 3.16723
0.85652 3.14014
0.85653 3.11303
0.85654 3.08588
0.85655 3.05872
0.85656 3.03153
0.85656 3.00433
0.85657 2.97712
0.85658 2.94989
0.85659 2.92266
0.85660 2.89542
0.85660 2.86819
0.85661 2.84095
0.85662 2.81372
0.85663 2.78649
0.85664 2.75927
0.85664 2.73207
0.85665 2.70488
0.85666 2.67771
0.85667 2.65056
0.85668 2.62343
0.85668 2.59633
0.85669 2.56925
0.85670 2.54221
0.85671 2.51522
0.85672 2.48826
0.85672 2.46134
0.85673 2.43447
0.85674 2.40766
0.85675 2.38089
0.85676 2.35418
0.85676 2.32753
0.85677 2.30095
0.85678 2.27444
0.85679 2.24801
0.85680 2.22165
0.85680 2.19538
0.85681 2.16918
0.85682 2.14308
0.85683 2.11707
0.85684 2.09114
0.85684 2.06532
0.85685 2.03959
0.85686 2.01396
0.85687 1.98845
0.85688 1.96305
0.85688 1.93776
0.85689 1.91261
0.85690 1.88758
0.85691 1.86268
0.85692 1.83792
0.85692 1.81330
0.85693 1.78881
0.85694 1.76447
0.85695 1.74028
0.85696 1.71623
0.85696 1.69232
0.85697 1.66857
0.85698 1.64497
0.85699 1.62151
0.85700 1.59819
0.85700 1.57503
0.85701 1.55201
0.85702 1.52914
0.85703 1.50642
0.85704 1.48384
0.85704 1.46141
0.85705 1.43913
0.85706 1.41700
0.85707 1.39502
0.85708 1.37319
0.85708 1.35151
0.85709 1.32997
0.85710 1.30859
0.85711 1.28736
0.85712 1.26628
0.85712 1.24535
0.85713 1.22458
0.85714 1.20396
0.85715 1.18348
0.85716 1.16316
0.85716 1.14299
0.85717 1.12298
0.85718 1.10312
0.85719 1.08341
0.85720 1.06386
0.85720 1.04446
0.85721 1.02521
0.85722 1.00612
0.85723 0.98718
0.85724 0.96838
0.85724 0.94973
0.85725 0.93124
0.85726 0.91289
0.85727 0.89468
0.85728 0.87662
0.85728 0.85870
0.85729 0.84092
0.85730 0.82328
0.85731 0.80578
0.85732 0.78842
0.85732 0.77119
0.85733 0.75409
0.85734 0.73713
0.85735 0.72029
0.85736 0.70359
0.85736 0.68701
0.85737 0.67055
0.85738 0.65421
0.85739 0.63800
0.85740 0.62189
0.85740 0.60591
0.85741 0.59004
0.85742 0.57430
0.85743 0.55867
0.85744 0.54315
0.85744 0.52775
0.85745 0.51246
0.85746 0.49728
0.85747 0.48220
0.85748 0.46723
0.85748 0.45237
0.85749 0.43763
0.85750 0.42300
0.85751 0.40849
0.85752 0.39411
0.85752 0.37984
0.85753 0.36570
0.85754 0.35167
0.85755 0.33777
0.85756 0.32399
0.85756 0.31034
0.85757 0.29681
0.85758 0.28340
0.85759 0.27012
0.85760 0.25696
0.85760 0.24392
0.85761 0.23101
0.85762 0.21822
0.85763 0.20555
0.85764 0.19301
0.85764 0.18060
0.85765 0.16832
0.85766 0.15617
0.85767 0.14414
0.85768 0.13223
0.85768 0.12046
0.85769 0.10881
0.85770 0.09730
0.85771 0.08591
0.85772 0.07465
0.85772 0.06352
0.85773 0.05252
0.85774 0.04167
0.85775 0.03095
0.85776 0.02038
0.85776 0.00995
0.85777 -0.00034
0.85778 -0.01049
0.85779 -0.02049
0.85780 -0.03035
0.85780 -0.04007
0.85781 -0.04964
0.85782 -0.05907
0.85783 -0.06835
0.85784 -0.07748
0.85784 -0.08645
0.85785 -0.09527
0.85786 -0.10392
0.85787 -0.11242
0.85788 -0.12076
0.85788 -0.12893
0.85789 -0.13694
0.85790 -0.14479
0.85791 -0.15246
0.85792 -0.15998
0.85792 -0.16733
0.85793 -0.17452
0.85794 -0.18155
0.85795 -0.18842
0.85796 -0.19512
0.85796 -0.20164
0.85797 -0.20800
0.85798 -0.21418
0.85799 -0.22020
0.85800 -0.22606
0.85800 -0.23175
0.85801 -0.23729
0.85802 -0.24267
0.85803 -0.24789
0.85804 -0.25295
0.85804 -0.25786
0.85805 -0.26261
0.85806 -0.26721
0.85807 -0.27166
0.85808 -0.27595
0.85808 -0.28009
0.85809 -0.28407
0.85810 -0.28790
0.85811 -0.29158
0.85812 -0.29510
0.85812 -0.29846
0.85813 -0.30168
0.85814 -0.30474
0.85815 -0.30766
0.85816 -0.31043
0.85816 -0.31305
0.85817 -0.31552
0.85818 -0.31785
0.85819 -0.32003
0.85820 -0.32207
0.85820 -0.32396
0.85821 -0.32571
0.85822 -0.32730
0.85823 -0.32875
0.85824 -0.33006
0.85824 -0.33123
0.85825 -0.33226
0.85826 -0.33315
0.85827 -0.33391
0.85828 -0.33453
0.85828 -0.33502
0.85829 -0.33536
0.85830 -0.33556
0.85831 -0.33562
0.85832 -0.33553
0.85832 -0.33530
0.85833 -0.33493
0.85834 -0.33442
0.85835 -0.33378
0.85836 -0.33301
0.85836 -0.33211
0.85837 -0.33108
0.85838 -0.32991
0.85839 -0.32862
0.85840 -0.32721
0.85840 -0.32567
0.85841 -0.32401
0.85842 -0.32223
0.85843 -0.32032
0.85844 -0.31829
0.85844 -0.31613
0.85845 -0.31385
0.85846 -0.31145
0.85847 -0.30894
0.85848 -0.30631
0.85848 -0.30356
0.85849 -0.30069
0.85850 -0.29769
0.85851 -0.29458
0.85852 -0.29135
0.85852 -0.28799
0.85853 -0.28451
0.85854 -0.28091
0.85855 -0.27718
0.85856 -0.27333
0.85856 -0.26935
0.85857 -0.26526
0.85858 -0.26104
0.85859 -0.25671
0.85860 -0.25227
0.85860 -0.24771
0.85861 -0.24303
0.85862 -0.23824
0.85863 -0.23334
0.85864 -0.22834
0.85864 -0.22322
0.85865 -0.21800
0.85866 -0.21267
0.85867 -0.20723
0.85868 -0.20169
0.85868 -0.19605
0.85869 -0.19030
0.85870 -0.18445
0.85871 -0.17850
0.85872 -0.17245
0.85872 -0.16631
0.85873 -0.16007
0.85874 -0.15374
0.85875 -0.14731
0.85876 -0.14078
0.85876 -0.13417
0.85877 -0.12746
0.85878 -0.12067
0.85879 -0.11379
0.85880 -0.10683
0.85880 -0.09979
0.85881 -0.09268
0.85882 -0.08550
0.85883 -0.07825
0.85884 -0.07093
0.85884 -0.06353
0.85885 -0.05607
0.85886 -0.04853
0.85887 -0.04093
0.85888 -0.03326
0.85888 -0.02552
0.85889 -0.01772
0.85890 -0.00985
0.85891 -0.00192
0.85892 0.00607
0.85892 0.01413
0.85893 0.02225
0.85894 0.03042
0.85895 0.03866
0.85896 0.04695
0.85896 0.05530
0.85897 0.06372
0.85898 0.07218
0.85899 0.08071
0.85900 0.08928
0.85900 0.09791
0.85901 0.10659
0.85902 0.11531
0.85903 0.12408
0.85904 0.13288
0.85904 0.14173
0.85905 0.15061
0.85906 0.15952
0.85907 0.16848
0.85908 0.17747
0.85908 0.18650
0.85909 0.19556
0.85910 0.20466
0.85911 0.21379
0.85912 0.22296
0.85912 0.23216
0.85913 0.24139
0.85914 0.25066
0.85915 0.25996
0.85916 0.26929
0.85916 0.27866
0.85917 0.28806
0.85918 0.29750
0.85919 0.30697
0.85920 0.31647
0.85920 0.32600
0.85921 0.33556
0.85922 0.34514
0.85923 0.35475
0.85924 0.36439
0.85924 0.37405
0.85925 0.38374
0.85926 0.39345
0.85927 0.40319
0.85928 0.41295
0.85928 0.42273
0.85929 0.43254
0.85930 0.44237
0.85931 0.45224
0.85932 0.46212
0.85932 0.47203
0.85933 0.48197
0.85934 0.49193
0.85935 0.50191
0.85936 0.51191
0.85936 0.52193
0.85937 0.53197
0.85938 0.54202
0.85939 0.55209
0.85940 0.56217
0.85940 0.57227
0.85941 0.58237
0.85942 0.59248
0.85943 0.60259
0.85944 0.61271
0.85944 0.62283
0.85945 0.63296
0.85946 0.64307
0.85947 0.65319
0.85948 0.66330
0.85948 0.67339
0.85949 0.68348
0.85950 0.69355
0.85951 0.70361
0.85952 0.71366
0.85952 0.72370
0.85953 0.73372
0.85954 0.74374
0.85955 0.75374
0.85956 0.76372
0.85956 0.77369
0.85957 0.78364
0.85958 0.79358
0.85959 0.80350
0.85960 0.81339
0.85960 0.82327
0.85961 0.83313
0.85962 0.84296
0.85963 0.85277
0.85964 0.86255
0.85964 0.87230
0.85965 0.88202
0.85966 0.89171
0.85967 0.90137
0.85968 0.91100
0.85968 0.92060
0.85969 0.93015
0.85970 0.93967
0.85971 0.94915
0.85972 0.95859
0.85972 0.96798
0.85973 0.97733
0.85974 0.98663
0.85975 0.99588
0.85976 1.00507
0.85976 1.01422
0.85977 1.02330
0.85978 1.03232
0.85979 1.04128
0.85980 1.05017
0.85980 1.05899
0.85981 1.06773
0.85982 1.07640
0.85983 1.08498
0.85984 1.09349
0.85984 1.10190
0.85985 1.11023
0.85986 1.11848
0.85987 1.12663
0.85988 1.13470
0.85988 1.14267
0.85989 1.15056
0.85990 1.15836
0.85991 1.16607
0.85992 1.17368
0.85992 1.18120
0.85993 1.18863
0.85994 1.19597
0.85995 1.20321
0.85996 1.21036
0.85996 1.21741
0.85997 1.22436
0.85998 1.23121
0.85999 1.23796
0.86000 1.24460
0.86000 1.25114
0.86001 1.25757
0.86002 1.26389
0.86003 1.27009
0.86004 1.27618
0.86004 1.28214
0.86005 1.28798
0.86006 1.29370
0.86007 1.29928
0.86008 1.30474
0.86008 1.31006
0.86009 1.31525
0.86010 1.32029
0.86011 1.32520
0.86012 1.32997
0.86012 1.33461
0.86013 1.33910
0.86014 1.34345
0.86015 1.34765
0.86016 1.35171
0.86016 1.35563
0.86017 1.35939
0.86018 1.36299
0.86019 1.36645
0.86020 1.36975
0.86020 1.37289
0.86021 1.37589
0.86022 1.37874
0.86023 1.38143
0.86024 1.38398
0.86024 1.38638
0.86025 1.38864
0.86026 1.39075
0.86027 1.39272
0.86028 1.39454
0.86028 1.39623
0.86029 1.39777
0.86030 1.39917
0.86031 1.40045
0.86032 1.40159
0.86032 1.40260
0.86033 1.40349
0.86034 1.40426
0.86035 1.40490
0.86036 1.40541
0.86036 1.40579
0.86037 1.40605
0.86038 1.40618
0.86039 1.40619
0.86040 1.40606
0.86040 1.40581
0.86041 1.40544
0.86042 1.40494
0.86043 1.40431
0.86044 1.40356
0.86044 1.40267
0.86045 1.40166
0.86046 1.40052
0.86047 1.39927
0.86048 1.39789
0.86048 1.39640
0.86049 1.39480
0.86050 1.39308
0.86051 1.39125
0.86052 1.38931
0.86052 1.38727
0.86053 1.38514
0.86054 1.38290
0.86055 1.38058
0.86056 1.37816
0.86056 1.37565
0.86057 1.37306
0.86058 1.37038
0.86059 1.36762
0.86060 1.36478
0.86060 1.36185
0.86061 1.35885
0.86062 1.35576
0.86063 1.35259
0.86064 1.34933
0.86064 1.34599
0.86065 1.34257
0.86066 1.33907
0.86067 1.33550
0.86068 1.33184
0.86068 1.32811
0.86069 1.32431
0.86070 1.32044
0.86071 1.31650
0.86072 1.31247
0.86072 1.30838
0.86073 1.30421
0.86074 1.29996
0.86075 1.29564
0.86076 1.29125
0.86076 1.28678
0.86077 1.28224
0.86078 1.27764
0.86079 1.27296
0.86080 1.26821
0.86080 1.26338
0.86081 1.25848
0.86082 1.25350
0.86083 1.24845
0.86084 1.24332
0.86084 1.23811
0.86085 1.23284
0.86086 1.22750
0.86087 1.22208
0.86088 1.21660
0.86088 1.21105
0.86089 1.20543
0.86090 1.19974
0.86091 1.19398
0.86092 1.18817
0.86092 1.18228
0.86093 1.17634
0.86094 1.17034
0.86095 1.16428
0.86096 1.15816
0.86096 1.15198
0.86097 1.14574
0.86098 1.13944
0.86099 1.13308
0.86100 1.12666
0.86100 1.12018
0.86101 1.11363
0.86102 1.10702
0.86103 1.10035
0.86104 1.09361
0.86104 1.08680
0.86105 1.07992
0.86106 1.07297
0.86107 1.06595
0.86108 1.05885
0.86108 1.05169
0.86109 1.04446
0.86110 1.03715
0.86111 1.02978
0.86112 1.02233
0.86112 1.01482
0.86113 1.00725
0.86114 0.99961
0.86115 0.99192
0.86116 0.98416
0.86116 0.97635
0.86117 0.96847
0.86118 0.96053
0.86119 0.95253
0.86120 0.94448
0.86120 0.93637
0.86121 0.92820
0.86122 0.91998
0.86123 0.91170
0.86124 0.90336
0.86124 0.89497
0.86125 0.88652
0.86126 0.87801
0.86127 0.86945
0.86128 0.86082
0.86128 0.85212
0.86129 0.84336
0.86130 0.83454
0.86131 0.82565
0.86132 0.81671
0.86132 0.80770
0.86133 0.79863
0.86134 0.78951
0.86135 0.78032
0.86136 0.77107
0.86136 0.76175
0.86137 0.75237
0.86138 0.74293
0.86139 0.73341
0.86140 0.72383
0.86140 0.71419
0.86141 0.70448
0.86142 0.69470
0.86143 0.68485
0.86144 0.67493
0.86144 0.66493
0.86145 0.65485
0.86146 0.64471
0.86147 0.63448
0.86148 0.62418
0.86148 0.61381
0.86149 0.60336
0.86150 0.59283
0.86151 0.58223
0.86152 0.57154
0.86152 0.56078
0.86153 0.54995
0.86154 0.53905
0.86155 0.52807
0.86156 0.51703
0.86156 0.50591
0.86157 0.49472
0.86158 0.48347
0.86159 0.47214
0.86160 0.46073
0.86160 0.44926
0.86161 0.43771
0.86162 0.42609
0.86163 0.41439
0.86164 0.40261
0.86164 0.39075
0.86165 0.37881
0.86166 0.36679
0.86167 0.35468
0.86168 0.34250
0.86168 0.33023
0.86169 0.31788
0.86170 0.30543
0.86171 0.29290
0.86172 0.28028
0.86172 0.26757
0.86173 0.25477
0.86174 0.24188
0.86175 0.22890
0.86176 0.21582
0.86176 0.20265
0.86177 0.18940
0.86178 0.17606
0.86179 0.16264
0.86180 0.14913
0.86180 0.13554
0.86181 0.12187
0.86182 0.10811
0.86183 0.09426
0.86184 0.08033
0.86184 0.06631
0.86185 0.05221
0.86186 0.03802
0.86187 0.02375
0.86188 0.00940
0.86188 -0.00503
0.86189 -0.01954
0.86190 -0.03413
0.86191 -0.04880
0.86192 -0.06356
0.86192 -0.07839
0.86193 -0.09330
0.86194 -0.10827
0.86195 -0.12332
0.86196 -0.13844
0.86196 -0.15361
0.86197 -0.16885
0.86198 -0.18416
0.86199 -0.19952
0.86200 -0.21493
0.86200 -0.23039
0.86201 -0.24591
0.86202 -0.26147
0.86203 -0.27709
0.86204 -0.29276
0.86204 -0.30849
0.86205 -0.32427
0.86206 -0.34010
0.86207 -0.35597
0.86208 -0.37189
0.86208 -0.38785
0.86209 -0.40385
0.86210 -0.41990
0.86211 -0.43597
0.86212 -0.45208
0.86212 -0.46821
0.86213 -0.48436
0.86214 -0.50054
0.86215 -0.51673
0.86216 -0.53293
0.86216 -0.54914
0.86217 -0.56536
0.86218 -0.58159
0.86219 -0.59783
0.86220 -0.61406
0.86220 -0.63028
0.86221 -0.64649
0.86222 -0.66270
0.86223 -0.67889
0.86224 -0.69506
0.86224 -0.71121
0.86225 -0.72732
0.86226 -0.74341
0.86227 -0.75946
0.86228 -0.77548
0.86228 -0.79147
0.86229 -0.80741
0.86230 -0.82330
0.86231 -0.83914
0.86232 -0.85493
0.86232 -0.87066
0.86233 -0.88633
0.86234 -0.90194
0.86235 -0.91748
0.86236 -0.93296
0.86236 -0.94836
0.86237 -0.96368
0.86238 -0.97893
0.86239 -0.99410
0.86240 -1.00919
0.86240 -1.02418
0.86241 -1.03908
0.86242 -1.05388
0.86243 -1.06858
0.86244 -1.08318
0.86244 -1.09768
0.86245 -1.11208
0.86246 -1.12637
0.86247 -1.14057
0.86248 -1.15466
0.86248 -1.16864
0.86249 -1.18252
0.86250 -1.19630
0.86251 -1.20997
0.86252 -1.22353
0.86252 -1.23698
0.86253 -1.25032
0.86254 -1.26353
0.86255 -1.27661
0.86256 -1.28958
0.86256 -1.30241
0.86257 -1.31512
0.86258 -1.32770
0.86259 -1.34015
0.86260 -1.35247
0.86260 -1.36465
0.86261 -1.37670
0.86262 -1.38862
0.86263 -1.40041
0.86264 -1.41206
0.86264 -1.42358
0.86265 -1.43496
0.86266 -1.44621
0.86267 -1.45733
0.86268 -1.46831
0.86268 -1.47915
0.86269 -1.48986
0.86270 -1.50043
0.86271 -1.51086
0.86272 -1.52116
0.86272 -1.53132
0.86273 -1.54134
0.86274 -1.55122
0.86275 -1.56097
0.86276 -1.57058
0.86276 -1.58006
0.86277 -1.58940
0.86278 -1.59860
0.86279 -1.60766
0.86280 -1.61660
0.86280 -1.62541
0.86281 -1.63409
0.86282 -1.64264
0.86283 -1.65106
0.86284 -1.65936
0.86284 -1.66754
0.86285 -1.67560
0.86286 -1.68353
0.86287 -1.69136
0.86288 -1.69906
0.86288 -1.70665
0.86289 -1.71413
0.86290 -1.72150
0.86291 -1.72875
0.86292 -1.73590
0.86292 -1.74294
0.86293 -1.74988
0.86294 -1.75671
0.86295 -1.76344
0.86296 -1.77006
0.86296 -1.77657
0.86297 -1.78297
0.86298 -1.78927
0.86299 -1.79546
0.86300 -1.80155
0.86300 -1.80753
0.86301 -1.81341
0.86302 -1.81919
0.86303 -1.82487
0.86304 -1.83046
0.86304 -1.83594
0.86305 -1.84134
0.86306 -1.84664
0.86307 -1.85185
0.86308 -1.85697
0.86308 -1.86200
0.86309 -1.86694
0.86310 -1.87178
0.86311 -1.87654
0.86312 -1.88121
0.86312 -1.88579
0.86313 -1.89028
0.86314 -1.89468
0.86315 -1.89900
0.86316 -1.90322
0.86316 -1.90734
0.86317 -1.91138
0.86318 -1.91532
0.86319 -1.91916
0.86320 -1.92292
0.86320 -1.92658
0.86321 -1.93015
0.86322 -1.93363
0.86323 -1.93701
0.86324 -1.94031
0.86324 -1.94351
0.86325 -1.94662
0.86326 -1.94964
0.86327 -1.95256
0.86328 -1.95540
0.86328 -1.95814
0.86329 -1.96079
0.86330 -1.96335
0.86331 -1.96581
0.86332 -1.96818
0.86332 -1.97045
0.86333 -1.97262
0.86334 -1.97469
0.86335 -1.97665
0.86336 -1.97850
0.86336 -1.98025
0.86337 -1.98189
0.86338 -1.98341
0.86339 -1.98481
0.86340 -1.98610
0.86340 -1.98728
0.86341 -1.98834
0.86342 -1.98928
0.86343 -1.99010
0.86344 -1.99080
0.86344 -1.99139
0.86345 -1.99185
0.86346 -1.99219
0.86347 -1.99242
0.86348 -1.99252
0.86348 -1.99250
0.86349 -1.99235
0.86350 -1.99208
0.86351 -1.99168
0.86352 -1.99115
0.86352 -1.99049
0.86353 -1.98970
0.86354 -1.98878
0.86355 -1.98773
0.86356 -1.98655
0.86356 -1.98523
0.86357 -1.98377
0.86358 -1.98218
0.86359 -1.98045
0.86360 -1.97858
0.86360 -1.97658
0.86361 -1.97444
0.86362 -1.97215
0.86363 -1.96974
0.86364 -1.96718
0.86364 -1.96448
0.86365 -1.96165
0.86366 -1.95868
0.86367 -1.95559
0.86368 -1.95236
0.86368 -1.94900
0.86369 -1.94551
0.86370 -1.94189
0.86371 -1.93814
0.86372 -1.93426
0.86372 -1.93024
0.86373 -1.92609
0.86374 -1.92180
0.86375 -1.91738
0.86376 -1.91282
0.86376 -1.90813
0.86377 -1.90331
0.86378 -1.89836
0.86379 -1.89327
0.86380 -1.88805
0.86380 -1.88270
0.86381 -1.87721
0.86382 -1.87160
0.86383 -1.86585
0.86384 -1.85998
0.86384 -1.85398
0.86385 -1.84786
0.86386 -1.84161
0.86387 -1.83524
0.86388 -1.82875
0.86388 -1.82213
0.86389 -1.81539
0.86390 -1.80853
0.86391 -1.80155
0.86392 -1.79444
0.86392 -1.78722
0.86393 -1.77988
0.86394 -1.77241
0.86395 -1.76482
0.86396 -1.75711
0.86396 -1.74928
0.86397 -1.74134
0.86398 -1.73328
0.86399 -1.72510
0.86400 -1.71681
0.86400 -1.70840
0.86401 -1.69987
0.86402 -1.69122
0.86403 -1.68245
0.86404 -1.67356
0.86404 -1.66456
0.86405 -1.65545
0.86406 -1.64622
0.86407 -1.63688
0.86408 -1.62742
0.86408 -1.61785
0.86409 -1.60817
0.86410 -1.59838
0.86411 -1.58848
0.86412 -1.57846
0.86412 -1.56833
0.86413 -1.55809
0.86414 -1.54775
0.86415 -1.53731
0.86416 -1.52675
0.86416 -1.51609
0.86417 -1.50532
0.86418 -1.49444
0.86419 -1.48344
0.86420 -1.47234
0.86420 -1.46112
0.86421 -1.44980
0.86422 -1.43837
0.86423 -1.42685
0.86424 -1.41522
0.86424 -1.40349
0.86425 -1.39168
0.86426 -1.37976
0.86427 -1.36776
0.86428 -1.35566
0.86428 -1.34347
0.86429 -1.33119
0.86430 -1.31883
0.86431 -1.30638
0.86432 -1.29385
0.86432 -1.28125
0.86433 -1.26857
0.86434 -1.25581
0.86435 -1.24299
0.86436 -1.23009
0.86436 -1.21712
0.86437 -1.20408
0.86438 -1.19098
0.86439 -1.17781
0.86440 -1.16458
0.86440 -1.15130
0.86441 -1.13796
0.86442 -1.12457
0.86443 -1.11113
0.86444 -1.09764
0.86444 -1.08411
0.86445 -1.07054
0.86446 -1.05694
0.86447 -1.04330
0.86448 -1.02963
0.86448 -1.01594
0.86449 -1.00222
0.86450 -0.98849
0.86451 -0.97474
0.86452 -0.96098
0.86452 -0.94722
0.86453 -0.93345
0.86454 -0.91968
0.86455 -0.90591
0.86456 -0.89214
0.86456 -0.87838
0.86457 -0.86461
0.86458 -0.85086
0.86459 -0.83712
0.86460 -0.82340
0.86460 -0.80969
0.86461 -0.79600
0.86462 -0.78233
0.86463 -0.76869
0.86464 -0.75507
0.86464 -0.74147
0.86465 -0.72791
0.86466 -0.71437
0.86467 -0.70086
0.86468 -0.68739
0.86468 -0.67397
0.86469 -0.66058
0.86470 -0.64725
0.86471 -0.63396
0.86472 -0.62071
0.86472 -0.60752
0.86473 -0.59437
0.86474 -0.58127
0.86475 -0.56822
0.86476 -0.55522
0.86476 -0.54226
0.86477 -0.52935
0.86478 -0.51649
0.86479 -0.50367
0.86480 -0.49089
0.86480 -0.47817
0.86481 -0.46549
0.86482 -0.45285
0.86483 -0.44025
0.86484 -0.42769
0.86484 -0.41517
0.86485 -0.40270
0.86486 -0.39027
0.86487 -0.37789
0.86488 -0.36555
0.86488 -0.35327
0.86489 -0.34103
0.86490 -0.32884
0.86491 -0.31669
0.86492 -0.30459
0.86492 -0.29254
0.86493 -0.28054
0.86494 -0.26858
0.86495 -0.25666
0.86496 -0.24478
0.86496 -0.23293
0.86497 -0.22111
0.86498 -0.20933
0.86499 -0.19758
0.86500 -0.18584
0.86500 -0.17414
0.86501 -0.16245
0.86502 -0.15079
0.86503 -0.13914
0.86504 -0.12752
0.86504 -0.11591
0.86505 -0.10432
0.86506 -0.09275
0.86507 -0.08120
0.86508 -0.06967
0.86508 -0.05816
0.86509 -0.04666
0.86510 -0.03519
0.86511 -0.02373
0.86512 -0.01229
0.86512 -0.00087
0.86513 0.01053
0.86514 0.02192
0.86515 0.03329
0.86516 0.04464
0.86516 0.05598
0.86517 0.06731
0.86518 0.07862
0.86519 0.08991
0.86520 0.10119
0.86520 0.11246
0.86521 0.12371
0.86522 0.13495
0.86523 0.14618
0.86524 0.15740
0.86524 0.16860
0.86525 0.17979
0.86526 0.19097
0.86527 0.20213
0.86528 0.21327
0.86528 0.22439
0.86529 0.23548
0.86530 0.24654
0.86531 0.25758
0.86532 0.26858
0.86532 0.27956
0.86533 0.29050
0.86534 0.30141
0.86535 0.31228
0.86536 0.32311
0.86536 0.33391
0.86537 0.34467
0.86538 0.35539
0.86539 0.36608
0.86540 0.37673
0.86540 0.38733
0.86541 0.39790
0.86542 0.40842
0.86543 0.41890
0.86544 0.42933
0.86544 0.43970
0.86545 0.45003
0.86546 0.46030
0.86547 0.47050
0.86548 0.48064
0.86548 0.49072
0.86549 0.50072
0.86550 0.51065
0.86551 0.52050
0.86552 0.53027
0.86552 0.53997
0.86553 0.54958
0.86554 0.55912
0.86555 0.56856
0.86556 0.57792
0.86556 0.58720
0.86557 0.59639
0.86558 0.60550
0.86559 0.61451
0.86560 0.62344
0.86560 0.63227
0.86561 0.64102
0.86562 0.64967
0.86563 0.65822
0.86564 0.66667
0.86564 0.67503
0.86565 0.68329
0.86566 0.69145
0.86567 0.69951
0.86568 0.70746
0.86568 0.71530
0.86569 0.72304
0.86570 0.73067
0.86571 0.73819
0.86572 0.74559
0.86572 0.75288
0.86573 0.76004
0.86574 0.76708
0.86575 0.77399
0.86576 0.78078
0.86576 0.78744
0.86577 0.79396
0.86578 0.80036
0.86579 0.80663
0.86580 0.81277
0.86580 0.81877
0.86581 0.82465
0.86582 0.83039
0.86583 0.83601
0.86584 0.84149
0.86584 0.84683
0.86585 0.85204
0.86586 0.85712
0.86587 0.86206
0.86588 0.86686
0.86588 0.87153
0.86589 0.87605
0.86590 0.88043
0.86591 0.88467
0.86592 0.88877
0.86592 0.89272
0.86593 0.89653
0.86594 0.90020
0.86595 0.90373
0.86596 0.90711
0.86596 0.91036
0.86597 0.91346
0.86598 0.91643
0.86599 0.91926
0.86600 0.92195
0.86600 0.92451
0.86601 0.92692
0.86602 0.92920
0.86603 0.93133
0.86604 0.93332
0.86604 0.93517
0.86605 0.93688
0.86606 0.93845
0.86607 0.93988
0.86608 0.94117
0.86608 0.94231
0.86609 0.94331
0.86610 0.94416
0.86611 0.94487
0.86612 0.94544
0.86612 0.94587
0.86613 0.94616
0.86614 0.94631
0.86615 0.94633
0.86616 0.94621
0.86616 0.94595
0.86617 0.94556
0.86618 0.94503
0.86619 0.94438
0.86620 0.94359
0.86620 0.94267
0.86621 0.94162
0.86622 0.94045
0.86623 0.93916
0.86624 0.93774
0.86624 0.93621
0.86625 0.93455
0.86626 0.93278
0.86627 0.93089
0.86628 0.92890
0.86628 0.92679
0.86629 0.92456
0.86630 0.92222
0.86631 0.91977
0.86632 0.91721
0.86632 0.91454
0.86633 0.91178
0.86634 0.90891
0.86635 0.90594
0.86636 0.90287
0.86636 0.89971
0.86637 0.89646
0.86638 0.89311
0.86639 0.88966
0.86640 0.88614
0.86640 0.88252
0.86641 0.87882
0.86642 0.87504
0.86643 0.87118
0.86644 0.86723
0.86644 0.86321
0.86645 0.85911
0.86646 0.85493
0.86647 0.85068
0.86648 0.84636
0.86648 0.84196
0.86649 0.83750
0.86650 0.83296
0.86651 0.82836
0.86652 0.82369
0.86652 0.81896
0.86653 0.81417
0.86654 0.80932
0.86655 0.80441
0.86656 0.79945
0.86656 0.79443
0.86657 0.78935
0.86658 0.78423
0.86659 0.77906
0.86660 0.77384
0.86660 0.76858
0.86661 0.76328
0.86662 0.75792
0.86663 0.75252
0.86664 0.74708
0.86664 0.74158
0.86665 0.73604
0.86666 0.73045
0.86667 0.72481
0.86668 0.71911
0.86668 0.71337
0.86669 0.70758
0.86670 0.70174
0.86671 0.69585
0.86672 0.68991
0.86672 0.68392
0.86673 0.67788
0.86674 0.67179
0.86675 0.66565
0.86676 0.65946
0.86676 0.65322
0.86677 0.64693
0.86678 0.64059
0.86679 0.63420
0.86680 0.62777
0.86680 0.62130
0.86681 0.61478
0.86682 0.60821
0.86683 0.60159
0.86684 0.59491
0.86684 0.58819
0.86685 0.58141
0.86686 0.57458
0.86687 0.56770
0.86688 0.56077
0.86688 0.55378
0.86689 0.54674
0.86690 0.53964
0.86691 0.53249
0.86692 0.52528
0.86692 0.51802
0.86693 0.51071
0.86694 0.50334
0.86695 0.49592
0.86696 0.48844
0.86696 0.48090
0.86697 0.47330
0.86698 0.46563
0.86699 0.45791
0.86700 0.45013
0.86700 0.44229
0.86701 0.43438
0.86702 0.42642
0.86703 0.41839
0.86704 0.41029
0.86704 0.40213
0.86705 0.39390
0.86706 0.38560
0.86707 0.37724
0.86708 0.36881
0.86708 0.36030
0.86709 0.35172
0.86710 0.34307
0.86711 0.33434
0.86712 0.32553
0.86712 0.31665
0.86713 0.30770
0.86714 0.29866
0.86715 0.28956
0.86716 0.28038
0.86716 0.27113
0.86717 0.26181
0.86718 0.25242
0.86719 0.24296
0.86720 0.23342
0.86720 0.22382
0.86721 0.21414
0.86722 0.20440
0.86723 0.19458
0.86724 0.18469
0.86724 0.17473
0.86725 0.16471
0.86726 0.15461
0.86727 0.14444
0.86728 0.13420
0.86728 0.12390
0.86729 0.11351
0.86730 0.10305
0.86731 0.09252
0.86732 0.08191
0.86732 0.07123
0.86733 0.06048
0.86734 0.04965
0.86735 0.03875
0.86736 0.02777
0.86736 0.01672
0.86737 0.00560
0.86738 -0.00559
0.86739 -0.01686
0.86740 -0.02820
0.86740 -0.03961
0.86741 -0.05109
0.86742 -0.06264
0.86743 -0.07426
0.86744 -0.08596
0.86744 -0.09772
0.86745 -0.10955
0.86746 -0.12145
0.86747 -0.13341
0.86748 -0.14544
0.86748 -0.15753
0.86749 -0.16968
0.86750 -0.18190
0.86751 -0.19417
0.86752 -0.20651
0.86752 -0.21890
0.86753 -0.23136
0.86754 -0.24387
0.86755 -0.25643
0.86756 -0.26905
0.86756 -0.28173
0.86757 -0.29446
0.86758 -0.30724
0.86759 -0.32006
0.86760 -0.33294
0.86760 -0.34585
0.86761 -0.35880
0.86762 -0.37180
0.86763 -0.38483
0.86764 -0.39791
0.86764 -0.41102
0.86765 -0.42417
0.86766 -0.43735
0.86767 -0.45057
0.86768 -0.46382
0.86768 -0.47711
0.86769 -0.49043
0.86770 -0.50378
0.86771 -0.51716
0.86772 -0.53057
0.86772 -0.54399
0.86773 -0.55744
0.86774 -0.57092
0.86775 -0.58441
0.86776 -0.59793
0.86776 -0.61146
0.86777 -0.62501
0.86778 -0.63858
0.86779 -0.65216
0.86780 -0.66575
0.86780 -0.67934
0.86781 -0.69294
0.86782 -0.70655
0.86783 -0.72015
0.86784 -0.73375
0.86784 -0.74734
0.86785 -0.76093
0.86786 -0.77450
0.86787 -0.78806
0.86788 -0.80161
0.86788 -0.81513
0.86789 -0.82864
0.86790 -0.84212
0.86791 -0.85559
0.86792 -0.86902
0.86792 -0.88242
0.86793 -0.89579
0.86794 -0.90913
0.86795 -0.92243
0.86796 -0.93569
0.86796 -0.94891
0.86797 -0.96209
0.86798 -0.97523
0.86799 -0.98832
0.86800 -1.00136
0.86800 -1.01436
0.86801 -1.02730
0.86802 -1.04019
0.86803 -1.05303
0.86804 -1.06581
0.86804 -1.07853
0.86805 -1.09119
0.86806 -1.10379
0.86807 -1.11633
0.86808 -1.12879
0.86808 -1.14119
0.86809 -1.15352
0.86810 -1.16578
0.86811 -1.17796
0.86812 -1.19006
0.86812 -1.20208
0.86813 -1.21401
0.86814 -1.22585
0.86815 -1.23760
0.86816 -1.24925
0.86816 -1.26080
0.86817 -1.27225
0.86818 -1.28360
0.86819 -1.29485
0.86820 -1.30598
0.86820 -1.31701
0.86821 -1.32792
0.86822 -1.33872
0.86823 -1.34941
0.86824 -1.35999
0.86824 -1.37044
0.86825 -1.38078
0.86826 -1.39099
0.86827 -1.40108
0.86828 -1.41104
0.86828 -1.42088
0.86829 -1.43059
0.86830 -1.44017
0.86831 -1.44962
0.86832 -1.45893
0.86832 -1.46812
0.86833 -1.47718
0.86834 -1.48612
0.86835 -1.49492
0.86836 -1.50359
0.86836 -1.51214
0.86837 -1.52057
0.86838 -1.52887
0.86839 -1.53706
0.86840 -1.54512
0.86840 -1.55305
0.86841 -1.56086
0.86842 -1.56853
0.86843 -1.57608
0.86844 -1.58351
0.86844 -1.59081
0.86845 -1.59798
0.86846 -1.60503
0.86847 -1.61195
0.86848 -1.61875
0.86848 -1.62542
0.86849 -1.63196
0.86850 -1.63838
0.86851 -1.64468
0.86852 -1.65085
0.86852 -1.65690
0.86853 -1.66282
0.86854 -1.66862
0.86855 -1.67429
0.86856 -1.67982
0.86856 -1.68523
0.86857 -1.69050
0.86858 -1.69565
0.86859 -1.70066
0.86860 -1.70555
0.86860 -1.71032
0.86861 -1.71496
0.86862 -1.71947
0.86863 -1.72387
0.86864 -1.72816
0.86864 -1.73233
0.86865 -1.73638
0.86866 -1.74033
0.86867 -1.74416
0.86868 -1.74789
0.86868 -1.75150
0.86869 -1.75501
0.86870 -1.75841
0.86871 -1.76171
0.86872 -1.76490
0.86872 -1.76798
0.86873 -1.77095
0.86874 -1.77381
0.86875 -1.77656
0.86876 -1.77920
0.86876 -1.78174
0.86877 -1.78416
0.86878 -1.78647
0.86879 -1.78867
0.86880 -1.79075
0.86880 -1.79273
0.86881 -1.79458
0.86882 -1.79633
0.86883 -1.79795
0.86884 -1.79945
0.86884 -1.80082
0.86885 -1.80207
0.86886 -1.80320
0.86887 -1.80419
0.86888 -1.80505
0.86888 -1.80577
0.86889 -1.80635
0.86890 -1.80679
0.86891 -1.80710
0.86892 -1.80727
0.86892 -1.80731
0.86893 -1.80721
0.86894 -1.80697
0.86895 -1.80660
0.86896 -1.80608
0.86896 -1.80543
0.86897 -1.80463
0.86898 -1.80370
0.86899 -1.80261
0.86900 -1.80139
0.86900 -1.80001
0.86901 -1.79849
0.86902 -1.79680
0.86903 -1.79496
0.86904 -1.79296
0.86904 -1.79081
0.86905 -1.78851
0.86906 -1.78606
0.86907 -1.78346
0.86908 -1.78071
0.86908 -1.77781
0.86909 -1.77476
0.86910 -1.77156
0.86911 -1.76821
0.86912 -1.76471
0.86912 -1.76105
0.86913 -1.75725
0.86914 -1.75328
0.86915 -1.74917
0.86916 -1.74491
0.86916 -1.74049
0.86917 -1.73592
0.86918 -1.73119
0.86919 -1.72631
0.86920 -1.72127
0.86920 -1.71607
0.86921 -1.71072
0.86922 -1.70521
0.86923 -1.69956
0.86924 -1.69375
0.86924 -1.68780
0.86925 -1.68169
0.86926 -1.67542
0.86927 -1.66901
0.86928 -1.66245
0.86928 -1.65574
0.86929 -1.64889
0.86930 -1.64190
0.86931 -1.63477
0.86932 -1.62749
0.86932 -1.62007
0.86933 -1.61253
0.86934 -1.60485
0.86935 -1.59703
0.86936 -1.58909
0.86936 -1.58102
0.86937 -1.57282
0.86938 -1.56451
0.86939 -1.55608
0.86940 -1.54753
0.86940 -1.53887
0.86941 -1.53009
0.86942 -1.52120
0.86943 -1.51220
0.86944 -1.50309
0.86944 -1.49388
0.86945 -1.48456
0.86946 -1.47514
0.86947 -1.46562
0.86948 -1.45601
0.86948 -1.44630
0.86949 -1.43650
0.86950 -1.42661
0.86951 -1.41664
0.86952 -1.40659
0.86952 -1.39647
0.86953 -1.38629
0.86954 -1.37603
0.86955 -1.36571
0.86956 -1.35531
0.86956 -1.34485
0.86957 -1.33432
0.86958 -1.32373
0.86959 -1.31306
0.86960 -1.30233
0.86960 -1.29152
0.86961 -1.28066
0.86962 -1.26973
0.86963 -1.25873
0.86964 -1.24767
0.86964 -1.23655
0.86965 -1.22537
0.86966 -1.21412
0.86967 -1.20281
0.86968 -1.19145
0.86968 -1.18003
0.86969 -1.16856
0.86970 -1.15704
0.86971 -1.14547
0.86972 -1.13386
0.86972 -1.12221
0.86973 -1.11051
0.86974 -1.09877
0.86975 -1.08698
0.86976 -1.07516
0.86976 -1.06331
0.86977 -1.05143
0.86978 -1.03951
0.86979 -1.02755
0.86980 -1.01557
0.86980 -1.00356
0.86981 -0.99153
0.86982 -0.97946
0.86983 -0.96736
0.86984 -0.95524
0.86984 -0.94309
0.86985 -0.93091
0.86986 -0.91872
0.86987 -0.90649
0.86988 -0.89425
0.86988 -0.88198
0.86989 -0.86969
0.86990 -0.85738
0.86991 -0.84506
0.86992 -0.83272
0.86992 -0.82036
0.86993 -0.80798
0.86994 -0.79558
0.86995 -0.78316
0.86996 -0.77073
0.86996 -0.75827
0.86997 -0.74579
0.86998 -0.73329
0.86999 -0.72077
0.87000 -0.70823
0.87000 -0.69567
0.87001 -0.68308
0.87002 -0.67046
0.87003 -0.65782
0.87004 -0.64516
0.87004 -0.63247
0.87005 -0.61977
0.87006 -0.60704
0.87007 -0.59430
0.87008 -0.58154
0.87008 -0.56877
0.87009 -0.55600
0.87010 -0.54321
0.87011 -0.53043
0.87012 -0.51764
0.87012 -0.50486
0.87013 -0.49208
0.87014 -0.47930
0.87015 -0.46653
0.87016 -0.45377
0.87016 -0.44102
0.87017 -0.42828
0.87018 -0.41554
0.87019 -0.40282
0.87020 -0.39010
0.87020 -0.37738
0.87021 -0.36467
0.87022 -0.35196
0.87023 -0.33924
0.87024 -0.32652
0.87024 -0.31381
0.87025 -0.30109
0.87026 -0.28838
0.87027 -0.27566
0.87028 -0.26296
0.87028 -0.25025
0.87029 -0.23755
0.87030 -0.22486
0.87031 -0.21217
0.87032 -0.19949
0.87032 -0.18682
0.87033 -0.17417
0.87034 -0.16152
0.87035 -0.14890
0.87036 -0.13628
0.87036 -0.12368
0.87037 -0.11109
0.87038 -0.09851
0.87039 -0.08593
0.87040 -0.07335
0.87040 -0.06078
0.87041 -0.04820
0.87042 -0.03562
0.87043 -0.02304
0.87044 -0.01045
0.87044 0.00213
0.87045 0.01471
0.87046 0.02729
0.87047 0.03987
0.87048 0.05245
0.87048 0.06502
0.87049 0.07759
0.87050 0.09017
0.87051 0.10273
0.87052 0.11529
0.87052 0.12785
0.87053 0.14040
0.87054 0.15295
0.87055 0.16550
0.87056 0.17804
0.87056 0.19058
0.87057 0.20312
0.87058 0.21566
0.87059 0.22819
0.87060 0.24073
0.87060 0.25327
0.87061 0.26583
0.87062 0.27838
0.87063 0.29095
0.87064 0.30352
0.87064 0.31610
0.87065 0.32869
0.87066 0.34129
0.87067 0.35390
0.87068 0.36652
0.87068 0.37914
0.87069 0.39177
0.87070 0.40439
0.87071 0.41702
0.87072 0.42963
0.87072 0.44224
0.87073 0.45483
0.87074 0.46740
0.87075 0.47996
0.87076 0.49250
0.87076 0.50502
0.87077 0.51753
0.87078 0.53002
0.87079 0.54249
0.87080 0.55495
0.87080 0.56739
0.87081 0.57982
0.87082 0.59224
0.87083 0.60464
0.87084 0.61702
0.87084 0.62940
0.87085 0.64175
0.87086 0.65409
0.87087 0.66641
0.87088 0.67870
0.87088 0.69095
0.87089 0.70317
0.87090 0.71535
0.87091 0.72748
0.87092 0.73957
0.87092 0.75160
0.87093 0.76358
0.87094 0.77550
0.87095 0.78736
0.87096 0.79916
0.87096 0.81089
0.87097 0.82257
0.87098 0.83418
0.87099 0.84573
0.87100 0.85720
0.87100 0.86861
0.87101 0.87994
0.87102 0.89120
0.87103 0.90238
0.87104 0.91349
0.87104 0.92452
0.87105 0.93547
0.87106 0.94633
0.87107 0.95711
0.87108 0.96779
0.87108 0.97840
0.87109 0.98891
0.87110 0.99932
0.87111 1.00964
0.87112 1.01986
0.87112 1.02997
0.87113 1.03999
0.87114 1.04990
0.87115 1.05971
0.87116 1.06942
0.87116 1.07902
0.87117 1.08852
0.87118 1.09791
0.87119 1.10720
0.87120 1.11640
0.87120 1.12549
0.87121 1.13448
0.87122 1.14338
0.87123 1.15218
0.87124 1.16088
0.87124 1.16948
0.87125 1.17799
0.87126 1.18640
0.87127 1.19471
0.87128 1.20292
0.87128 1.21102
0.87129 1.21901
0.87130 1.22688
0.87131 1.23465
0.87132 1.24230
0.87132 1.24983
0.87133 1.25723
0.87134 1.26452
0.87135 1.27168
0.87136 1.27872
0.87136 1.28564
0.87137 1.29242
0.87138 1.29909
0.87139 1.30563
0.87140 1.31205
0.87140 1.31835
0.87141 1.32453
0.87142 1.33059
0.87143 1.33652
0.87144 1.34233
0.87144 1.34802
0.87145 1.35359
0.87146 1.35904
0.87147 1.36436
0.87148 1.36956
0.87148 1.37462
0.87149 1.37957
0.87150 1.38438
0.87151 1.38906
0.87152 1.39361
0.87152 1.39803
0.87153 1.40231
0.87154 1.40646
0.87155 1.41047
0.87156 1.41435
0.87156 1.41810
0.87157 1.42171
0.87158 1.42519
0.87159 1.42854
0.87160 1.43175
0.87160 1.43484
0.87161 1.43779
0.87162 1.44062
0.87163 1.44333
0.87164 1.44589
0.87164 1.44833
0.87165 1.45063
0.87166 1.45279
0.87167 1.45482
0.87168 1.45671
0.87168 1.45847
0.87169 1.46007
0.87170 1.46152
0.87171 1.46282
0.87172 1.46397
0.87172 1.46498
0.87173 1.46583
0.87174 1.46654
0.87175 1.46710
0.87176 1.46751
0.87176 1.46776
0.87177 1.46787
0.87178 1.46784
0.87179 1.46767
0.87180 1.46736
0.87180 1.46691
0.87181 1.46632
0.87182 1.46561
0.87183 1.46476
0.87184 1.46379
0.87184 1.46269
0.87185 1.46147
0.87186 1.46012
0.87187 1.45866
0.87188 1.45707
0.87188 1.45536
0.87189 1.45354
0.87190 1.45159
0.87191 1.44953
0.87192 1.44736
0.87192 1.44507
0.87193 1.44266
0.87194 1.44014
0.87195 1.43751
0.87196 1.43478
0.87196 1.43194
0.87197 1.42899
0.87198 1.42593
0.87199 1.42277
0.87200 1.41951
0.87200 1.41614
0.87201 1.41268
0.87202 1.40912
0.87203 1.40546
0.87204 1.40171
0.87204 1.39788
0.87205 1.39395
0.87206 1.38994
0.87207 1.38584
0.87208 1.38166
0.87208 1.37739
0.87209 1.37304
0.87210 1.36861
0.87211 1.36409
0.87212 1.35948
0.87212 1.35478
0.87213 1.35000
0.87214 1.34513
0.87215 1.34019
0.87216 1.33516
0.87216 1.33006
0.87217 1.32487
0.87218 1.31960
0.87219 1.31426
0.87220 1.30885
0.87220 1.30337
0.87221 1.29783
0.87222 1.29222
0.87223 1.28654
0.87224 1.28078
0.87224 1.27496
0.87225 1.26907
0.87226 1.26311
0.87227 1.25709
0.87228 1.25100
0.87228 1.24484
0.87229 1.23861
0.87230 1.23230
0.87231 1.22593
0.87232 1.21948
0.87232 1.21296
0.87233 1.20637
0.87234 1.19970
0.87235 1.19295
0.87236 1.18613
0.87236 1.17924
0.87237 1.17227
0.87238 1.16524
0.87239 1.15813
0.87240 1.15095
0.87240 1.14370
0.87241 1.13637
0.87242 1.12897
0.87243 1.12151
0.87244 1.11397
0.87244 1.10637
0.87245 1.09869
0.87246 1.09095
0.87247 1.08313
0.87248 1.07526
0.87248 1.06732
0.87249 1.05932
0.87250 1.05127
0.87251 1.04317
0.87252 1.03500
0.87252 1.02678
0.87253 1.01851
0.87254 1.01018
0.87255 1.00180
0.87256 0.99337
0.87256 0.98487
0.87257 0.97633
0.87258 0.96772
0.87259 0.95906
0.87260 0.95035
0.87260 0.94159
0.87261 0.93277
0.87262 0.92390
0.87263 0.91499
0.87264 0.90603
0.87264 0.89703
0.87265 0.88798
0.87266 0.87888
0.87267 0.86975
0.87268 0.86057
0.87268 0.85136
0.87269 0.84211
0.87270 0.83283
0.87271 0.82351
0.87272 0.81414
0.87272 0.80475
0.87273 0.79531
0.87274 0.78585
0.87275 0.77635
0.87276 0.76682
0.87276 0.75726
0.87277 0.74767
0.87278 0.73805
0.87279 0.72840
0.87280 0.71872
0.87280 0.70902
0.87281 0.69930
0.87282 0.68955
0.87283 0.67979
0.87284 0.67000
0.87284 0.66018
0.87285 0.65035
0.87286 0.64050
0.87287 0.63062
0.87288 0.62073
0.87288 0.61082
0.87289 0.60089
0.87290 0.59094
0.87291 0.58097
0.87292 0.57099
0.87292 0.56100
0.87293 0.55098
0.87294 0.54094
0.87295 0.53088
0.87296 0.52080
0.87296 0.51070
0.87297 0.50058
0.87298 0.49043
0.87299 0.48025
0.87300 0.47004
0.87300 0.45980
0.87301 0.44953
0.87302 0.43921
0.87303 0.42887
0.87304 0.41848
0.87304 0.40805
0.87305 0.39758
0.87306 0.38708
0.87307 0.37653
0.87308 0.36595
0.87308 0.35534
0.87309 0.34468
0.87310 0.33399
0.87311 0.32327
0.87312 0.31252
0.87312 0.30174
0.87313 0.29094
0.87314 0.28010
0.87315 0.26924
0.87316 0.25835
0.87316 0.24742
0.87317 0.23648
0.87318 0.22550
0.87319 0.21449
0.87320 0.20346
0.87320 0.19241
0.87321 0.18132
0.87322 0.17021
0.87323 0.15908
0.87324 0.14792
0.87324 0.13674
0.87325 0.12555
0.87326 0.11434
0.87327 0.10312
0.87328 0.09188
0.87328 0.08063
0.87329 0.06936
0.87330 0.05808
0.87331 0.04679
0.87332 0.03549
0.87332 0.02419
0.87333 0.01289
0.87334 0.00158
0.87335 -0.00973
0.87336 -0.02104
0.87336 -0.03236
0.87337 -0.04366
0.87338 -0.05496
0.87339 -0.06625
0.87340 -0.07753
0.87340 -0.08880
0.87341 -0.10006
0.87342 -0.11130
0.87343 -0.12253
0.87344 -0.13373
0.87344 -0.14491
0.87345 -0.15606
0.87346 -0.16717
0.87347 -0.17826
0.87348 -0.18930
0.87348 -0.20031
0.87349 -0.21127
0.87350 -0.22218
0.87351 -0.23304
0.87352 -0.24383
0.87352 -0.25456
0.87353 -0.26522
0.87354 -0.27580
0.87355 -0.28631
0.87356 -0.29673
0.87356 -0.30706
0.87357 -0.31730
0.87358 -0.32744
0.87359 -0.33749
0.87360 -0.34743
0.87360 -0.35727
0.87361 -0.36701
0.87362 -0.37665
0.87363 -0.38618
0.87364 -0.39561
0.87364 -0.40493
0.87365 -0.41412
0.87366 -0.42320
0.87367 -0.43216
0.87368 -0.44100
0.87368 -0.44971
0.87369 -0.45830
0.87370 -0.46677
0.87371 -0.47510
0.87372 -0.48329
0.87372 -0.49134
0.87373 -0.49926
0.87374 -0.50703
0.87375 -0.51466
0.87376 -0.52215
0.87376 -0.52949
0.87377 -0.53668
0.87378 -0.54372
0.87379 -0.55061
0.87380 -0.55734
0.87380 -0.56390
0.87381 -0.57031
0.87382 -0.57656
0.87383 -0.58265
0.87384 -0.58858
0.87384 -0.59435
0.87385 -0.59996
0.87386 -0.60540
0.87387 -0.61068
0.87388 -0.61579
0.87388 -0.62074
0.87389 -0.62552
0.87390 -0.63014
0.87391 -0.63459
0.87392 -0.63887
0.87392 -0.64297
0.87393 -0.64691
0.87394 -0.65067
0.87395 -0.65425
0.87396 -0.65766
0.87396 -0.66090
0.87397 -0.66396
0.87398 -0.66684
0.87399 -0.66955
0.87400 -0.67208
0.87400 -0.67443
0.87401 -0.67662
0.87402 -0.67864
0.87403 -0.68049
0.87404 -0.68217
0.87404 -0.68368
0.87405 -0.68503
0.87406 -0.68623
0.87407 -0.68726
0.87408 -0.68815
0.87408 -0.68888
0.87409 -0.68946
0.87410 -0.68989
0.87411 -0.69016
0.87412 -0.69027
0.87412 -0.69024
0.87413 -0.69005
0.87414 -0.68971
0.87415 -0.68923
0.87416 -0.68860
0.87416 -0.68784
0.87417 -0.68694
0.87418 -0.68590
0.87419 -0.68472
0.87420 -0.68341
0.87420 -0.68195
0.87421 -0.68036
0.87422 -0.67864
0.87423 -0.67678
0.87424 -0.67480
0.87424 -0.67269
0.87425 -0.67046
0.87426 -0.66810
0.87427 -0.66561
0.87428 -0.66301
0.87428 -0.66029
0.87429 -0.65746
0.87430 -0.65451
0.87431 -0.65145
0.87432 -0.64827
0.87432 -0.64497
0.87433 -0.64155
0.87434 -0.63801
0.87435 -0.63434
0.87436 -0.63056
0.87436 -0.62666
0.87437 -0.62263
0.87438 -0.61849
0.87439 -0.61422
0.87440 -0.60984
0.87440 -0.60533
0.87441 -0.60070
0.87442 -0.59594
0.87443 -0.59107
0.87444 -0.58608
0.87444 -0.58097
0.87445 -0.57575
0.87446 -0.57040
0.87447 -0.56495
0.87448 -0.55938
0.87448 -0.55369
0.87449 -0.54788
0.87450 -0.54195
0.87451 -0.53590
0.87452 -0.52971
0.87452 -0.52338
0.87453 -0.51692
0.87454 -0.51030
0.87455 -0.50352
0.87456 -0.49658
0.87456 -0.48946
0.87457 -0.48216
0.87458 -0.47467
0.87459 -0.46698
0.87460 -0.45909
0.87460 -0.45099
0.87461 -0.44268
0.87462 -0.43415
0.87463 -0.42539
0.87464 -0.41640
0.87464 -0.40716
0.87465 -0.39767
0.87466 -0.38792
0.87467 -0.37789
0.87468 -0.36758
0.87468 -0.35699
0.87469 -0.34611
0.87470 -0.33493
0.87471 -0.32344
0.87472 -0.31165
0.87472 -0.29953
0.87473 -0.28709
0.87474 -0.27431
0.87475 -0.26119
0.87476 -0.24771
0.87476 -0.23387
0.87477 -0.21966
0.87478 -0.20507
0.87479 -0.19008
0.87480 -0.17471
0.87480 -0.15893
0.87481 -0.14275
0.87482 -0.12616
0.87483 -0.10915
0.87484 -0.09172
0.87484 -0.07386
0.87485 -0.05556
0.87486 -0.03682
0.87487 -0.01763
0.87488 0.00201
0.87488 0.02212
0.87489 0.04270
0.87490 0.06376
0.87491 0.08530
0.87492 0.10733
0.87492 0.12984
0.87493 0.15286
0.87494 0.17638
0.87495 0.20042
0.87496 0.22498
0.87496 0.25007
0.87497 0.27570
0.87498 0.30186
0.87499 0.32857
0.87500 0.35583
