time [s] 	 density [10^18/m^-3]
0.79500 -0.05878
0.79501 -0.00956
0.79501 -0.00199
0.79502 0.00672
0.79502 0.02448
0.79503 0.03872
0.79503 -0.01002
0.79504 -0.03234
0.79504 -0.05198
0.79505 0.00488
0.79505 0.06438
0.79506 -0.05261
0.79506 0.00747
0.79507 0.01922
0.79507 -0.06132
0.79508 0.00835
0.79508 -0.00096
0.79509 -0.04252
0.79509 -0.03505
0.79510 0.03017
0.79510 -0.01250
0.79511 -0.06500
0.79511 0.04211
0.79512 0.01315
0.79512 -0.04802
0.79513 0.01410
0.79513 0.02298
0.79514 -0.02800
0.79514 -0.01309
0.79515 0.02126
0.79515 -0.00703
0.79516 0.01619
0.79516 -0.02707
0.79517 -0.02857
0.79517 0.01158
0.79518 0.01584
0.79518 0.04780
0.79519 0.03762
0.79519 0.01057
0.79520 -0.04066
0.79520 0.01713
0.79521 0.03779
0.79521 0.00759
0.79522 -0.02688
0.79522 -0.02891
0.79523 -0.03305
0.79523 -0.03715
0.79524 0.02375
0.79524 -0.00192
0.79525 0.04131
0.79525 0.02988
0.79526 -0.00163
0.79526 -0.01467
0.79527 -0.00128
0.79527 0.04692
0.79528 -0.02823
0.79528 -0.04070
0.79529 -0.01136
0.79529 -0.05679
0.79530 -0.08805
0.79530 0.03893
0.79531 0.00913
0.79531 -0.04819
0.79532 0.00087
0.79532 -0.01795
0.79533 -0.01356
0.79533 0.02131
0.79534 -0.08186
0.79534 -0.04481
0.79535 0.02983
0.79535 0.00626
0.79536 0.01001
0.79536 -0.04252
0.79537 0.01220
0.79537 0.02745
0.79538 0.01065
0.79538 0.01481
0.79539 0.00661
0.79539 -0.02851
0.79540 -0.06208
0.79540 0.03180
0.79541 0.06176
0.79541 -0.03084
0.79542 -0.04008
0.79542 0.02002
0.79543 0.06885
0.79543 0.00384
0.79544 -0.04436
0.79544 0.02456
0.79545 0.08875
0.79545 0.04295
0.79546 0.01921
0.79546 -0.05320
0.79547 0.01174
0.79547 0.11407
0.79548 0.04113
0.79548 -0.01304
0.79549 0.00561
0.79549 -0.00164
0.79550 0.03027
0.79550 0.02479
0.79551 0.00103
0.79551 0.04839
0.79552 -0.01808
0.79552 -0.04977
0.79553 0.08126
0.79553 -0.00294
0.79554 -0.10106
0.79554 -0.05224
0.79555 0.07152
0.79555 0.07418
0.79556 -0.04809
0.79556 0.08804
0.79557 -0.00021
0.79557 -0.02048
0.79558 0.01274
0.79558 -0.06062
0.79559 0.03847
0.79559 0.04498
0.79560 0.05612
0.79560 0.05982
0.79561 0.03677
0.79561 0.08532
0.79562 0.04734
0.79562 0.00206
0.79563 0.00910
0.79563 -0.00430
0.79564 -0.02418
0.79564 -0.00869
0.79565 0.05046
0.79565 0.07330
0.79566 -0.04767
0.79566 -0.10751
0.79567 -0.02849
0.79567 -0.02572
0.79568 -0.01534
0.79568 0.00889
0.79569 -0.07915
0.79569 -0.06752
0.79570 0.01550
0.79570 -0.00392
0.79571 0.00451
0.79571 -0.08889
0.79572 -0.07829
0.79572 0.05742
0.79573 -0.06473
0.79573 -0.06983
0.79574 0.04641
0.79574 0.02235
0.79575 -0.00348
0.79575 0.02869
0.79576 -0.00689
0.79576 -0.00770
0.79577 0.00481
0.79577 -0.07288
0.79578 -0.02768
0.79578 -0.01541
0.79579 -0.01608
0.79579 -0.00830
0.79580 -0.04562
0.79580 -0.01367
0.79581 0.00352
0.79581 0.02310
0.79582 0.02540
0.79582 0.00372
0.79583 -0.03293
0.79583 -0.02557
0.79584 -0.06938
0.79584 -0.04927
0.79585 0.04662
0.79585 0.01794
0.79586 0.06678
0.79586 0.03341
0.79587 0.00794
0.79587 -0.00564
0.79588 -0.02592
0.79588 -0.02236
0.79589 -0.08061
0.79589 -0.03240
0.79590 0.00935
0.79590 -0.00326
0.79591 0.06167
0.79591 0.00824
0.79592 -0.01236
0.79592 0.00829
0.79593 -0.02824
0.79593 -0.01292
0.79594 0.01448
0.79594 -0.01704
0.79595 0.00234
0.79595 -0.00436
0.79596 -0.05780
0.79596 0.00462
0.79597 -0.05968
0.79597 -0.05471
0.79598 -0.00019
0.79598 -0.05757
0.79599 0.02348
0.79599 0.05332
0.79600 -0.04006
0.79600 -0.07600
0.79601 -0.07072
0.79601 0.02730
0.79602 0.03274
0.79602 -0.00081
0.79603 0.05440
0.79603 0.00843
0.79604 -0.07675
0.79604 -0.02358
0.79605 -0.04266
0.79605 -0.06851
0.79606 0.08938
0.79606 0.00363
0.79607 -0.00737
0.79607 -0.04452
0.79608 -0.11751
0.79608 -0.03041
0.79609 -0.01930
0.79609 0.02396
0.79610 0.00690
0.79610 0.06423
0.79611 0.00492
0.79611 -0.07230
0.79612 -0.03713
0.79612 -0.02967
0.79613 0.00269
0.79613 -0.02755
0.79614 -0.01629
0.79614 0.02273
0.79615 0.01058
0.79615 0.08891
0.79616 0.00707
0.79616 -0.03364
0.79617 -0.04206
0.79617 0.03195
0.79618 0.07058
0.79618 -0.01265
0.79619 0.07907
0.79619 0.00805
0.79620 0.00767
0.79620 -0.01037
0.79621 0.00986
0.79621 0.02991
0.79622 -0.08243
0.79622 -0.05020
0.79623 0.03422
0.79623 0.02145
0.79624 -0.00748
0.79624 0.02212
0.79625 -0.03809
0.79625 -0.06986
0.79626 -0.05420
0.79626 0.06664
0.79627 0.08385
0.79627 -0.01442
0.79628 -0.07193
0.79628 -0.09004
0.79629 -0.01258
0.79629 -0.01964
0.79630 -0.01310
0.79630 0.05812
0.79631 0.04666
0.79631 0.01486
0.79632 -0.03457
0.79632 -0.00582
0.79633 0.01730
0.79633 -0.01083
0.79634 0.05359
0.79634 0.04299
0.79635 -0.01176
0.79635 0.05401
0.79636 0.04843
0.79636 -0.01238
0.79637 0.06022
0.79637 -0.02258
0.79638 -0.04551
0.79638 -0.06635
0.79639 0.01493
0.79639 0.05190
0.79640 0.01181
0.79640 0.07928
0.79641 -0.02694
0.79641 -0.00090
0.79642 -0.00671
0.79642 0.03349
0.79643 0.01692
0.79643 -0.05803
0.79644 -0.00392
0.79644 -0.05373
0.79645 -0.01298
0.79645 0.06136
0.79646 -0.00800
0.79646 -0.04406
0.79647 0.01814
0.79647 0.01367
0.79648 -0.00486
0.79648 0.05570
0.79649 0.04783
0.79649 -0.00916
0.79650 -0.03560
0.79650 0.02724
0.79651 0.05834
0.79651 0.02379
0.79652 0.02624
0.79652 -0.01812
0.79653 -0.03387
0.79653 0.03666
0.79654 -0.03754
0.79654 0.02005
0.79655 0.03549
0.79655 -0.08765
0.79656 0.00816
0.79656 -0.00117
0.79657 0.01763
0.79657 0.04205
0.79658 0.00875
0.79658 -0.00447
0.79659 -0.04552
0.79659 0.00020
0.79660 0.05422
0.79660 -0.00828
0.79661 -0.02354
0.79661 0.05637
0.79662 0.04726
0.79662 -0.01619
0.79663 -0.03533
0.79663 0.04273
0.79664 0.04662
0.79664 -0.00538
0.79665 -0.00540
0.79665 -0.03194
0.79666 -0.02995
0.79666 -0.02021
0.79667 0.03988
0.79667 -0.00366
0.79668 -0.05546
0.79668 -0.03308
0.79669 0.00030
0.79669 0.05320
0.79670 0.04578
0.79670 0.04060
0.79671 0.01146
0.79671 -0.01981
0.79672 -0.03013
0.79672 -0.02916
0.79673 -0.01286
0.79673 0.02178
0.79674 0.03028
0.79674 0.02436
0.79675 0.02680
0.79675 0.04634
0.79676 -0.00419
0.79676 0.01721
0.79677 -0.04148
0.79677 -0.07654
0.79678 0.02514
0.79678 -0.02410
0.79679 -0.01547
0.79679 0.02227
0.79680 0.00993
0.79680 -0.00115
0.79681 0.02129
0.79681 -0.00319
0.79682 0.00508
0.79682 -0.05311
0.79683 -0.09078
0.79683 0.00112
0.79684 -0.03123
0.79684 0.00065
0.79685 -0.01467
0.79685 0.00339
0.79686 -0.04627
0.79686 -0.06156
0.79687 0.01521
0.79687 -0.01634
0.79688 0.07428
0.79688 0.03339
0.79689 0.00356
0.79689 0.12359
0.79690 0.05834
0.79690 0.02180
0.79691 0.04787
0.79691 -0.03037
0.79692 0.02250
0.79692 0.06325
0.79693 -0.01858
0.79693 0.01488
0.79694 0.03532
0.79694 -0.07380
0.79695 0.02702
0.79695 0.03160
0.79696 -0.06576
0.79696 -0.03785
0.79697 -0.07201
0.79697 0.04526
0.79698 0.02700
0.79698 -0.01814
0.79699 0.00824
0.79699 -0.06673
0.79700 -0.00779
0.79700 0.02343
0.79701 0.01554
0.79701 0.00627
0.79702 0.01822
0.79702 0.00091
0.79703 -0.02977
0.79703 -0.00048
0.79704 -0.03580
0.79704 -0.03997
0.79705 -0.00925
0.79705 0.02358
0.79706 0.00391
0.79706 -0.07858
0.79707 0.00446
0.79707 0.00769
0.79708 -0.03350
0.79708 0.00958
0.79709 -0.03048
0.79709 -0.02893
0.79710 -0.02613
0.79710 -0.03131
0.79711 0.08202
0.79711 0.05706
0.79712 0.02910
0.79712 0.00622
0.79713 -0.01892
0.79713 0.05256
0.79714 -0.01877
0.79714 0.03757
0.79715 0.03936
0.79715 0.02046
0.79716 0.00638
0.79716 0.00197
0.79717 0.11169
0.79717 0.04241
0.79718 -0.00771
0.79718 -0.02541
0.79719 0.04111
0.79719 0.01463
0.79720 -0.00916
0.79720 0.00657
0.79721 -0.04720
0.79721 0.00149
0.79722 0.00489
0.79722 0.00626
0.79723 -0.01686
0.79723 0.02363
0.79724 -0.01210
0.79724 -0.03616
0.79725 0.02580
0.79725 0.04006
0.79726 0.15177
0.79726 0.03866
0.79727 -0.02772
0.79727 0.08446
0.79728 -0.00401
0.79728 0.05050
0.79729 0.01956
0.79729 -0.08579
0.79730 0.01514
0.79730 0.07325
0.79731 -0.02575
0.79731 -0.07046
0.79732 -0.02172
0.79732 -0.02808
0.79733 0.00506
0.79733 0.04369
0.79734 -0.00032
0.79734 -0.02310
0.79735 -0.05011
0.79735 -0.02549
0.79736 -0.01189
0.79736 0.03925
0.79737 0.03499
0.79737 -0.05093
0.79738 -0.04272
0.79738 -0.03725
0.79739 0.03289
0.79739 0.03387
0.79740 0.01137
0.79740 0.02350
0.79741 -0.08998
0.79741 -0.03620
0.79742 0.09456
0.79742 0.03639
0.79743 0.02358
0.79743 0.02355
0.79744 -0.06470
0.79744 -0.01638
0.79745 0.01583
0.79745 0.00769
0.79746 0.07531
0.79746 -0.06588
0.79747 -0.05407
0.79747 0.02024
0.79748 0.00448
0.79748 0.06560
0.79749 0.02588
0.79749 -0.05108
0.79750 0.02550
0.79750 0.02268
0.79751 -0.00403
0.79751 0.07199
0.79752 0.03157
0.79752 -0.04157
0.79753 0.00477
0.79753 -0.02528
0.79754 -0.05752
0.79754 -0.05371
0.79755 -0.07778
0.79755 0.02902
0.79756 0.03111
0.79756 -0.02143
0.79757 -0.01758
0.79757 -0.02706
0.79758 0.02061
0.79758 0.03119
0.79759 -0.02303
0.79759 -0.02557
0.79760 -0.02648
0.79760 0.00486
0.79761 -0.02178
0.79761 0.01030
0.79762 0.08155
0.79762 -0.00485
0.79763 -0.02414
0.79763 -0.04008
0.79764 0.04973
0.79764 0.09310
0.79765 -0.05583
0.79765 -0.04570
0.79766 0.01820
0.79766 0.05803
0.79767 -0.10793
0.79767 -0.03455
0.79768 0.07850
0.79768 -0.00782
0.79769 0.03177
0.79769 -0.07015
0.79770 -0.04031
0.79770 0.03553
0.79771 0.06355
0.79771 0.01163
0.79772 -0.05775
0.79772 -0.07433
0.79773 -0.05794
0.79773 -0.04570
0.79774 -0.03937
0.79774 0.06910
0.79775 0.09681
0.79775 0.04929
0.79776 -0.09570
0.79776 -0.03931
0.79777 0.06567
0.79777 0.00153
0.79778 -0.01989
0.79778 0.02897
0.79779 0.03724
0.79779 -0.04766
0.79780 -0.05540
0.79780 0.01282
0.79781 0.03351
0.79781 -0.02811
0.79782 -0.06020
0.79782 -0.02348
0.79783 -0.02430
0.79783 -0.04972
0.79784 0.02075
0.79784 -0.04693
0.79785 -0.08641
0.79785 0.03403
0.79786 -0.02532
0.79786 -0.10946
0.79787 -0.08123
0.79787 -0.04521
0.79788 -0.01076
0.79788 0.00894
0.79789 0.04215
0.79789 0.01523
0.79790 -0.00589
0.79790 -0.05092
0.79791 -0.08708
0.79791 -0.03466
0.79792 -0.02834
0.79792 -0.01709
0.79793 -0.03868
0.79793 0.00395
0.79794 0.00511
0.79794 0.00197
0.79795 0.08537
0.79795 0.00062
0.79796 0.00731
0.79796 0.05122
0.79797 -0.04814
0.79797 0.02024
0.79798 0.05977
0.79798 -0.01781
0.79799 0.03524
0.79799 0.03722
0.79800 -0.01651
0.79800 0.04813
0.79801 0.03389
0.79801 -0.07649
0.79802 -0.04929
0.79802 0.01636
0.79803 -0.04342
0.79803 -0.02034
0.79804 0.07664
0.79804 0.01140
0.79805 0.02449
0.79805 -0.02441
0.79806 -0.13655
0.79806 -0.02282
0.79807 0.02764
0.79807 0.04668
0.79808 -0.03904
0.79808 -0.07161
0.79809 0.03203
0.79809 -0.06320
0.79810 -0.03799
0.79810 0.00194
0.79811 -0.01572
0.79811 0.05141
0.79812 -0.00048
0.79812 -0.04546
0.79813 -0.02269
0.79813 0.02228
0.79814 0.00990
0.79814 -0.01340
0.79815 0.06554
0.79815 0.01144
0.79816 -0.01834
0.79816 0.05975
0.79817 0.00340
0.79817 -0.02183
0.79818 0.04386
0.79818 0.05737
0.79819 0.00442
0.79819 -0.05223
0.79820 -0.07538
0.79820 0.01202
0.79821 -0.02210
0.79821 -0.08561
0.79822 0.02567
0.79822 0.04270
0.79823 -0.02926
0.79823 -0.06960
0.79824 -0.02479
0.79824 -0.02539
0.79825 -0.04654
0.79825 0.00082
0.79826 0.04221
0.79826 0.02692
0.79827 0.07931
0.79827 0.00778
0.79828 -0.06438
0.79828 0.00412
0.79829 -0.05206
0.79829 0.00455
0.79830 0.01911
0.79830 -0.03492
0.79831 0.02365
0.79831 0.04618
0.79832 0.01177
0.79832 0.04605
0.79833 0.05029
0.79833 -0.03228
0.79834 -0.05952
0.79834 0.00688
0.79835 -0.01584
0.79835 -0.05604
0.79836 0.00599
0.79836 0.04602
0.79837 -0.03011
0.79837 -0.06749
0.79838 0.02828
0.79838 -0.02780
0.79839 0.00898
0.79839 -0.01196
0.79840 0.01887
0.79840 -0.00569
0.79841 -0.03971
0.79841 0.08643
0.79842 0.00951
0.79842 -0.05993
0.79843 -0.01170
0.79843 0.02405
0.79844 -0.04354
0.79844 -0.02885
0.79845 0.00789
0.79845 0.05541
0.79846 0.07308
0.79846 0.00643
0.79847 -0.01791
0.79847 -0.04187
0.79848 -0.07454
0.79848 -0.00498
0.79849 0.00022
0.79849 0.00450
0.79850 0.01975
0.79850 -0.03662
0.79851 -0.03648
0.79851 0.01920
0.79852 0.03237
0.79852 -0.04280
0.79853 -0.03890
0.79853 0.01963
0.79854 -0.00462
0.79854 -0.01285
0.79855 0.03387
0.79855 0.03584
0.79856 0.05522
0.79856 -0.04712
0.79857 -0.08197
0.79857 0.02393
0.79858 -0.02831
0.79858 -0.01787
0.79859 -0.00319
0.79859 -0.04887
0.79860 0.00936
0.79860 -0.03211
0.79861 -0.10687
0.79861 0.01362
0.79862 -0.00196
0.79862 -0.03549
0.79863 0.07373
0.79863 0.05449
0.79864 -0.00898
0.79864 -0.03535
0.79865 -0.00930
0.79865 -0.02452
0.79866 -0.09051
0.79866 -0.07439
0.79867 -0.00242
0.79867 0.02502
0.79868 -0.01437
0.79868 -0.01361
0.79869 0.01104
0.79869 -0.03262
0.79870 -0.00862
0.79870 -0.00440
0.79871 -0.02156
0.79871 -0.05012
0.79872 -0.03695
0.79872 0.02473
0.79873 -0.01795
0.79873 0.00575
0.79874 -0.05177
0.79874 -0.06169
0.79875 -0.00845
0.79875 -0.06691
0.79876 -0.06493
0.79876 0.02175
0.79877 0.05824
0.79877 -0.00239
0.79878 0.00818
0.79878 0.00124
0.79879 -0.05520
0.79879 0.02721
0.79880 0.02760
0.79880 -0.01630
0.79881 -0.00168
0.79881 -0.05936
0.79882 0.02839
0.79882 0.04100
0.79883 -0.04133
0.79883 -0.02245
0.79884 0.01175
0.79884 0.03886
0.79885 -0.02419
0.79885 -0.07127
0.79886 -0.02663
0.79886 -0.02355
0.79887 -0.02729
0.79887 -0.04004
0.79888 0.06516
0.79888 0.03711
0.79889 -0.03653
0.79889 0.02986
0.79890 -0.01361
0.79890 0.02200
0.79891 -0.07677
0.79891 -0.03499
0.79892 0.01434
0.79892 -0.04766
0.79893 -0.01449
0.79893 0.00167
0.79894 0.01695
0.79894 -0.02100
0.79895 0.01600
0.79895 -0.01074
0.79896 -0.06058
0.79896 -0.01311
0.79897 -0.01047
0.79897 -0.02612
0.79898 -0.00084
0.79898 0.02803
0.79899 0.02367
0.79899 0.00492
0.79900 0.00348
0.79900 -0.04451
0.79901 0.02851
0.79901 0.05685
0.79902 -0.01255
0.79902 0.03286
0.79903 -0.01793
0.79903 -0.06665
0.79904 -0.01838
0.79904 -0.03822
0.79905 0.00890
0.79905 0.03117
0.79906 -0.05199
0.79906 0.01143
0.79907 -0.02075
0.79907 0.03680
0.79908 0.00896
0.79908 -0.09344
0.79909 0.05897
0.79909 0.05257
0.79910 0.00761
0.79910 -0.04816
0.79911 -0.05113
0.79911 0.04627
0.79912 0.06099
0.79912 0.07565
0.79913 0.08578
0.79913 0.01841
0.79914 -0.02391
0.79914 -0.02986
0.79915 0.02137
0.79915 -0.03795
0.79916 -0.05721
0.79916 0.03220
0.79917 -0.03150
0.79917 -0.02803
0.79918 -0.01324
0.79918 -0.03819
0.79919 -0.00228
0.79919 -0.03892
0.79920 -0.03732
0.79920 0.00059
0.79921 0.03667
0.79921 0.03179
0.79922 -0.02982
0.79922 0.00292
0.79923 0.07411
0.79923 0.01675
0.79924 -0.04730
0.79924 -0.04139
0.79925 -0.03291
0.79925 0.02076
0.79926 0.02715
0.79926 0.04403
0.79927 -0.02190
0.79927 -0.03425
0.79928 0.02300
0.79928 -0.00572
0.79929 0.02959
0.79929 -0.00275
0.79930 -0.07110
0.79930 -0.05176
0.79931 -0.01945
0.79931 -0.01646
0.79932 -0.01047
0.79932 0.02135
0.79933 -0.01440
0.79933 -0.03432
0.79934 -0.05675
0.79934 -0.04734
0.79935 -0.00132
0.79935 -0.02932
0.79936 0.02652
0.79936 0.04070
0.79937 -0.03971
0.79937 -0.07898
0.79938 -0.11210
0.79938 -0.03595
0.79939 -0.04067
0.79939 -0.03534
0.79940 0.02990
0.79940 0.01104
0.79941 -0.00968
0.79941 -0.02430
0.79942 0.01194
0.79942 0.01703
0.79943 0.03960
0.79943 0.02144
0.79944 0.01244
0.79944 -0.06316
0.79945 -0.04089
0.79945 0.09033
0.79946 0.03134
0.79946 -0.01505
0.79947 0.02553
0.79947 0.01526
0.79948 0.03207
0.79948 0.00628
0.79949 0.01574
0.79949 0.02608
0.79950 -0.03820
0.79950 -0.00520
0.79951 -0.01439
0.79951 -0.04848
0.79952 0.01488
0.79952 0.00301
0.79953 -0.04355
0.79953 -0.04971
0.79954 -0.04305
0.79954 0.00799
0.79955 0.02021
0.79955 -0.00426
0.79956 -0.03131
0.79956 -0.01907
0.79957 -0.00051
0.79957 0.02676
0.79958 0.04761
0.79958 0.03905
0.79959 0.05389
0.79959 0.03831
0.79960 0.01431
0.79960 -0.08380
0.79961 -0.11718
0.79961 0.00709
0.79962 0.01118
0.79962 -0.05872
0.79963 -0.02949
0.79963 0.02239
0.79964 0.02528
0.79964 0.05033
0.79965 0.01657
0.79965 -0.06400
0.79966 -0.05693
0.79966 0.00869
0.79967 -0.02422
0.79967 -0.07344
0.79968 0.00191
0.79968 0.05030
0.79969 -0.02105
0.79969 -0.01251
0.79970 -0.06701
0.79970 -0.05539
0.79971 0.04009
0.79971 0.03180
0.79972 0.03837
0.79972 -0.02270
0.79973 0.00846
0.79973 0.09602
0.79974 0.03525
0.79974 -0.04874
0.79975 0.03549
0.79975 0.02976
0.79976 -0.02220
0.79976 -0.02968
0.79977 -0.06654
0.79977 0.00436
0.79978 -0.01534
0.79978 -0.02803
0.79979 0.02717
0.79979 0.00075
0.79980 -0.04381
0.79980 -0.00544
0.79981 -0.00448
0.79981 -0.05968
0.79982 -0.07729
0.79982 -0.01593
0.79983 0.00960
0.79983 -0.08830
0.79984 -0.01315
0.79984 -0.02778
0.79985 -0.07263
0.79985 0.01211
0.79986 -0.04274
0.79986 -0.05581
0.79987 0.03218
0.79987 0.05976
0.79988 -0.02288
0.79988 -0.03297
0.79989 0.04664
0.79989 0.01178
0.79990 0.03252
0.79990 0.03938
0.79991 -0.01464
0.79991 0.03395
0.79992 0.05683
0.79992 0.05916
0.79993 0.00673
0.79993 -0.09503
0.79994 -0.03382
0.79994 0.01329
0.79995 0.02149
0.79995 0.08137
0.79996 0.02161
0.79996 0.03238
0.79997 -0.02112
0.79997 -0.05424
0.79998 -0.00767
0.79998 -0.02441
0.79999 -0.06854
0.79999 -0.06167
0.80000 0.03011
0.80000 -0.01373
0.80001 0.02002
0.80001 0.00915
0.80002 -0.01511
0.80002 -0.00883
0.80003 -0.01545
0.80003 0.06000
0.80004 0.01055
0.80004 0.02931
0.80005 0.03313
0.80005 -0.04109
0.80006 -0.01923
0.80006 -0.00941
0.80007 0.04112
0.80007 0.08766
0.80008 0.00597
0.80008 -0.00618
0.80009 -0.04878
0.80009 -0.09312
0.80010 -0.00028
0.80010 0.02622
0.80011 -0.03402
0.80011 -0.02348
0.80012 0.03565
0.80012 -0.05212
0.80013 -0.01122
0.80013 0.00608
0.80014 -0.00459
0.80014 0.01443
0.80015 -0.03266
0.80015 -0.00446
0.80016 -0.04162
0.80016 0.07844
0.80017 0.05967
0.80017 -0.05842
0.80018 -0.00013
0.80018 -0.02162
0.80019 -0.07892
0.80019 -0.04634
0.80020 -0.01604
0.80020 0.02903
0.80021 0.02938
0.80021 -0.00194
0.80022 0.05400
0.80022 -0.01069
0.80023 -0.07462
0.80023 -0.01245
0.80024 0.05035
0.80024 -0.03065
0.80025 -0.01608
0.80025 0.00334
0.80026 0.00609
0.80026 0.07766
0.80027 -0.00905
0.80027 0.01093
0.80028 0.06340
0.80028 0.06408
0.80029 -0.01012
0.80029 -0.06373
0.80030 0.03055
0.80030 -0.00466
0.80031 -0.01543
0.80031 0.01814
0.80032 -0.03146
0.80032 -0.01279
0.80033 0.00573
0.80033 0.01725
0.80034 0.00514
0.80034 -0.02209
0.80035 0.04864
0.80035 0.04783
0.80036 -0.02892
0.80036 -0.01867
0.80037 -0.06263
0.80037 -0.05150
0.80038 -0.03729
0.80038 -0.00981
0.80039 0.02470
0.80039 0.02955
0.80040 -0.03431
0.80040 -0.06176
0.80041 0.06348
0.80041 0.00937
0.80042 -0.04057
0.80042 -0.01462
0.80043 0.00356
0.80043 0.01202
0.80044 -0.04823
0.80044 -0.01932
0.80045 0.02720
0.80045 0.05179
0.80046 -0.02120
0.80046 -0.04169
0.80047 0.06560
0.80047 -0.00954
0.80048 -0.02249
0.80048 -0.06501
0.80049 -0.05324
0.80049 0.04496
0.80050 0.02181
0.80050 -0.05136
0.80051 -0.02075
0.80051 0.02185
0.80052 0.01551
0.80052 0.07300
0.80053 -0.00390
0.80053 -0.04230
0.80054 0.00247
0.80054 -0.02535
0.80055 -0.01145
0.80055 -0.03729
0.80056 0.01945
0.80056 -0.00155
0.80057 -0.06756
0.80057 -0.03701
0.80058 -0.07319
0.80058 0.01446
0.80059 0.02770
0.80059 0.05297
0.80060 0.03475
0.80060 -0.06924
0.80061 0.00068
0.80061 0.01846
0.80062 -0.02660
0.80062 -0.05049
0.80063 -0.08048
0.80063 -0.00960
0.80064 0.00369
0.80064 -0.03744
0.80065 -0.06545
0.80065 0.04153
0.80066 0.10854
0.80066 0.04199
0.80067 0.02508
0.80067 -0.06179
0.80068 -0.05688
0.80068 0.04364
0.80069 0.01178
0.80069 0.01538
0.80070 0.03025
0.80070 -0.02285
0.80071 -0.03172
0.80071 0.00749
0.80072 0.04725
0.80072 0.00739
0.80073 -0.02823
0.80073 -0.06065
0.80074 -0.02268
0.80074 0.05529
0.80075 0.00956
0.80075 0.02249
0.80076 -0.00595
0.80076 -0.02370
0.80077 0.02554
0.80077 0.05459
0.80078 0.05997
0.80078 0.00969
0.80079 -0.02268
0.80079 -0.00967
0.80080 0.01520
0.80080 0.00404
0.80081 0.03048
0.80081 0.04189
0.80082 -0.00843
0.80082 -0.02851
0.80083 0.03455
0.80083 -0.02697
0.80084 -0.02282
0.80084 0.02306
0.80085 -0.05890
0.80085 -0.06236
0.80086 0.01863
0.80086 0.02013
0.80087 -0.01798
0.80087 0.02029
0.80088 -0.02774
0.80088 0.00070
0.80089 0.03601
0.80089 0.02680
0.80090 0.07709
0.80090 -0.00144
0.80091 0.03132
0.80091 -0.00243
0.80092 -0.03647
0.80092 0.01124
0.80093 -0.00581
0.80093 -0.01035
0.80094 0.00242
0.80094 -0.01900
0.80095 -0.04211
0.80095 -0.00652
0.80096 -0.02452
0.80096 -0.05270
0.80097 0.00438
0.80097 0.03566
0.80098 -0.00706
0.80098 0.03318
0.80099 -0.02034
0.80099 0.04572
0.80100 -0.05869
0.80100 -0.10026
0.80101 0.06783
0.80101 0.00016
0.80102 -0.03443
0.80102 0.01302
0.80103 0.06240
0.80103 -0.01928
0.80104 -0.04439
0.80104 -0.01026
0.80105 -0.00967
0.80105 0.07516
0.80106 -0.03210
0.80106 -0.01828
0.80107 0.04542
0.80107 -0.10283
0.80108 -0.06150
0.80108 0.00947
0.80109 0.08193
0.80109 0.11288
0.80110 -0.01352
0.80110 -0.00921
0.80111 -0.00963
0.80111 -0.06557
0.80112 0.03372
0.80112 0.00498
0.80113 -0.00207
0.80113 0.00407
0.80114 -0.05738
0.80114 -0.05954
0.80115 0.01937
0.80115 0.02421
0.80116 -0.03676
0.80116 0.01722
0.80117 0.00223
0.80117 0.05356
0.80118 -0.01501
0.80118 -0.07844
0.80119 0.03300
0.80119 0.00859
0.80120 0.02700
0.80120 0.01617
0.80121 -0.04904
0.80121 -0.04989
0.80122 -0.05028
0.80122 0.04849
0.80123 0.10312
0.80123 0.12769
0.80124 0.04253
0.80124 -0.02983
0.80125 -0.00458
0.80125 -0.02474
0.80126 -0.00387
0.80126 -0.04656
0.80127 -0.05844
0.80127 0.05230
0.80128 0.06155
0.80128 0.06418
0.80129 0.05414
0.80129 -0.00711
0.80130 -0.01469
0.80130 -0.02782
0.80131 -0.03325
0.80131 0.07522
0.80132 0.07236
0.80132 -0.01518
0.80133 0.02127
0.80133 -0.03241
0.80134 -0.01712
0.80134 0.02303
0.80135 -0.02193
0.80135 -0.05106
0.80136 0.06834
0.80136 0.04442
0.80137 -0.02919
0.80137 -0.03605
0.80138 -0.03893
0.80138 0.02747
0.80139 0.04513
0.80139 0.05771
0.80140 -0.05338
0.80140 -0.05878
0.80141 -0.01652
0.80141 -0.03770
0.80142 0.01497
0.80142 0.00274
0.80143 -0.03599
0.80143 0.01313
0.80144 -0.01494
0.80144 -0.03121
0.80145 -0.03022
0.80145 -0.03083
0.80146 0.02982
0.80146 -0.01727
0.80147 -0.03375
0.80147 0.01699
0.80148 0.00436
0.80148 0.00949
0.80149 -0.03897
0.80149 -0.06167
0.80150 0.00988
0.80150 -0.00167
0.80151 0.02845
0.80151 0.06786
0.80152 -0.01596
0.80152 -0.05279
0.80153 -0.03002
0.80153 -0.02559
0.80154 -0.04909
0.80154 -0.02436
0.80155 0.02571
0.80155 -0.02922
0.80156 -0.03323
0.80156 0.08919
0.80157 0.03596
0.80157 -0.04486
0.80158 -0.05994
0.80158 -0.05508
0.80159 0.05580
0.80159 0.02634
0.80160 -0.03639
0.80160 -0.03236
0.80161 0.03111
0.80161 -0.01001
0.80162 -0.04171
0.80162 0.13198
0.80163 0.04185
0.80163 0.01022
0.80164 0.00269
0.80164 -0.07723
0.80165 -0.00134
0.80165 -0.02550
0.80166 0.01298
0.80166 -0.02304
0.80167 -0.08809
0.80167 0.03895
0.80168 0.04969
0.80168 -0.01319
0.80169 0.00590
0.80169 0.00128
0.80170 0.04911
0.80170 0.04686
0.80171 -0.03867
0.80171 0.00256
0.80172 0.05597
0.80172 -0.03223
0.80173 -0.03489
0.80173 0.06392
0.80174 0.04787
0.80174 -0.03364
0.80175 -0.05534
0.80175 0.04281
0.80176 0.03702
0.80176 -0.05933
0.80177 -0.05484
0.80177 0.00426
0.80178 -0.00470
0.80178 -0.04973
0.80179 0.04491
0.80179 -0.05256
0.80180 -0.08976
0.80180 0.00701
0.80181 0.01471
0.80181 0.01425
0.80182 -0.00016
0.80182 -0.03782
0.80183 0.01245
0.80183 0.05212
0.80184 -0.01890
0.80184 0.00160
0.80185 0.03276
0.80185 -0.00223
0.80186 -0.06802
0.80186 -0.03359
0.80187 -0.00023
0.80187 0.04023
0.80188 0.03387
0.80188 0.01334
0.80189 -0.00513
0.80189 -0.03362
0.80190 0.05285
0.80190 0.03956
0.80191 -0.03161
0.80191 -0.02697
0.80192 -0.00408
0.80192 0.05023
0.80193 0.02860
0.80193 -0.02078
0.80194 -0.01405
0.80194 0.06382
0.80195 0.07178
0.80195 -0.05158
0.80196 -0.01050
0.80196 -0.00172
0.80197 0.00141
0.80197 0.07651
0.80198 0.06115
0.80198 -0.03559
0.80199 -0.00256
0.80199 0.04384
0.80200 -0.00592
0.80200 0.00349
0.80201 0.02066
0.80201 -0.00096
0.80202 -0.03757
0.80202 0.06649
0.80203 0.07341
0.80203 0.03047
0.80204 0.04689
0.80204 -0.01059
0.80205 -0.04840
0.80205 0.01189
0.80206 0.00404
0.80206 -0.03322
0.80207 -0.02663
0.80207 0.00386
0.80208 0.01641
0.80208 0.01440
0.80209 0.03336
0.80209 -0.04385
0.80210 0.04498
0.80210 0.07117
0.80211 -0.02415
0.80211 0.01082
0.80212 0.00064
0.80212 -0.02771
0.80213 -0.02042
0.80213 0.06238
0.80214 0.07859
0.80214 0.01835
0.80215 -0.01296
0.80215 -0.04731
0.80216 0.00945
0.80216 -0.04122
0.80217 -0.05696
0.80217 0.01823
0.80218 -0.02801
0.80218 -0.08513
0.80219 -0.03714
0.80219 -0.05318
0.80220 -0.02294
0.80220 -0.02749
0.80221 -0.07232
0.80221 0.06064
0.80222 -0.01484
0.80222 0.03509
0.80223 0.02168
0.80223 -0.02554
0.80224 -0.03803
0.80224 -0.11363
0.80225 0.01911
0.80225 -0.00429
0.80226 -0.04957
0.80226 -0.03680
0.80227 -0.05078
0.80227 -0.06452
0.80228 -0.07552
0.80228 -0.00100
0.80229 0.07685
0.80229 0.01318
0.80230 -0.02997
0.80230 -0.02426
0.80231 0.03721
0.80231 0.03533
0.80232 -0.05630
0.80232 -0.00110
0.80233 -0.02222
0.80233 -0.02046
0.80234 -0.00774
0.80234 0.01637
0.80235 0.04008
0.80235 -0.02514
0.80236 0.02150
0.80236 -0.04118
0.80237 -0.02496
0.80237 0.08191
0.80238 -0.03475
0.80238 -0.04117
0.80239 0.02893
0.80239 -0.00413
0.80240 -0.01665
0.80240 -0.00774
0.80241 0.00370
0.80241 -0.05144
0.80242 -0.04185
0.80242 0.09432
0.80243 -0.00178
0.80243 -0.02862
0.80244 0.01823
0.80244 -0.02058
0.80245 0.03269
0.80245 -0.04294
0.80246 -0.01481
0.80246 0.00378
0.80247 0.00301
0.80247 0.04931
0.80248 0.01888
0.80248 -0.05679
0.80249 -0.00758
0.80249 0.06940
0.80250 0.00016
0.80250 -0.00592
0.80251 -0.01743
0.80251 -0.08607
0.80252 -0.02859
0.80252 -0.00108
0.80253 -0.04669
0.80253 0.05742
0.80254 -0.04604
0.80254 -0.08405
0.80255 0.05099
0.80255 0.00244
0.80256 0.01397
0.80256 0.01939
0.80257 0.05449
0.80257 0.07216
0.80258 0.05793
0.80258 0.02389
0.80259 -0.00049
0.80259 0.02938
0.80260 -0.07268
0.80260 -0.06815
0.80261 -0.01117
0.80261 -0.05157
0.80262 -0.04834
0.80262 -0.01733
0.80263 0.02858
0.80263 0.02762
0.80264 -0.00518
0.80264 0.03871
0.80265 0.01508
0.80265 0.00324
0.80266 -0.00255
0.80266 0.00482
0.80267 -0.03262
0.80267 -0.03110
0.80268 0.03484
0.80268 0.01439
0.80269 -0.04947
0.80269 -0.07856
0.80270 -0.01373
0.80270 0.02892
0.80271 0.02177
0.80271 -0.04812
0.80272 0.00979
0.80272 0.05217
0.80273 0.00900
0.80273 -0.00403
0.80274 0.04855
0.80274 0.07105
0.80275 -0.00289
0.80275 -0.04481
0.80276 -0.02639
0.80276 0.01761
0.80277 -0.07790
0.80277 -0.09288
0.80278 0.06994
0.80278 0.01087
0.80279 -0.05021
0.80279 0.05925
0.80280 -0.07658
0.80280 -0.05916
0.80281 -0.00248
0.80281 -0.01249
0.80282 0.04790
0.80282 0.00636
0.80283 0.02906
0.80283 -0.02420
0.80284 -0.05100
0.80284 0.00757
0.80285 -0.02432
0.80285 0.04640
0.80286 0.02391
0.80286 0.00188
0.80287 0.05173
0.80287 0.02578
0.80288 0.02262
0.80288 -0.04853
0.80289 0.04990
0.80289 0.01038
0.80290 -0.04420
0.80290 0.00081
0.80291 -0.00682
0.80291 0.03627
0.80292 0.01801
0.80292 -0.00950
0.80293 0.01588
0.80293 0.02121
0.80294 0.00634
0.80294 -0.00085
0.80295 -0.00891
0.80295 0.00796
0.80296 -0.02336
0.80296 -0.04884
0.80297 -0.01601
0.80297 -0.06649
0.80298 -0.06361
0.80298 0.01678
0.80299 -0.02780
0.80299 -0.02798
0.80300 0.01257
0.80300 0.03002
0.80301 -0.01747
0.80301 -0.02524
0.80302 -0.01460
0.80302 -0.01819
0.80303 0.02331
0.80303 0.01399
0.80304 -0.03275
0.80304 -0.02207
0.80305 0.04003
0.80305 0.02831
0.80306 -0.00918
0.80306 -0.00433
0.80307 -0.01347
0.80307 -0.02235
0.80308 0.01854
0.80308 -0.00046
0.80309 -0.02856
0.80309 0.00993
0.80310 0.05507
0.80310 0.05752
0.80311 -0.01148
0.80311 0.01579
0.80312 -0.01662
0.80312 -0.04286
0.80313 0.02049
0.80313 0.02871
0.80314 -0.01756
0.80314 -0.01750
0.80315 0.05458
0.80315 -0.05522
0.80316 -0.06166
0.80316 -0.01229
0.80317 -0.03125
0.80317 0.03848
0.80318 0.06545
0.80318 -0.01648
0.80319 0.03328
0.80319 0.01745
0.80320 -0.00610
0.80320 0.08125
0.80321 0.01829
0.80321 0.04350
0.80322 -0.06030
0.80322 -0.03958
0.80323 0.06857
0.80323 -0.07934
0.80324 0.00512
0.80324 0.01434
0.80325 -0.01834
0.80325 0.06777
0.80326 0.06913
0.80326 0.01993
0.80327 -0.04025
0.80327 -0.00379
0.80328 -0.02861
0.80328 0.04521
0.80329 0.01467
0.80329 0.01116
0.80330 0.06764
0.80330 0.00834
0.80331 -0.05382
0.80331 -0.01272
0.80332 0.07121
0.80332 -0.05131
0.80333 0.03677
0.80333 0.06473
0.80334 -0.03124
0.80334 0.05920
0.80335 -0.06600
0.80335 -0.00940
0.80336 0.08935
0.80336 -0.02425
0.80337 0.01252
0.80337 0.06522
0.80338 0.05304
0.80338 -0.04157
0.80339 -0.02696
0.80339 -0.04303
0.80340 -0.01269
0.80340 -0.04680
0.80341 -0.06558
0.80341 0.00478
0.80342 -0.04090
0.80342 0.01994
0.80343 -0.02251
0.80343 -0.04421
0.80344 0.01861
0.80344 -0.01229
0.80345 -0.03255
0.80345 0.00498
0.80346 0.08008
0.80346 0.00023
0.80347 -0.01504
0.80347 -0.00170
0.80348 0.00204
0.80348 0.05619
0.80349 0.02793
0.80349 -0.00480
0.80350 0.04976
0.80350 0.03066
0.80351 -0.04361
0.80351 0.00209
0.80352 0.02068
0.80352 -0.04078
0.80353 -0.03344
0.80353 -0.01354
0.80354 0.02852
0.80354 0.02048
0.80355 -0.02185
0.80355 0.00861
0.80356 0.04474
0.80356 -0.02103
0.80357 -0.04569
0.80357 0.03141
0.80358 -0.00856
0.80358 -0.05227
0.80359 -0.01135
0.80359 0.02938
0.80360 0.00073
0.80360 0.00039
0.80361 0.00745
0.80361 0.03609
0.80362 0.02096
0.80362 -0.02579
0.80363 -0.00009
0.80363 0.05232
0.80364 -0.02479
0.80364 -0.00824
0.80365 0.07072
0.80365 0.03355
0.80366 0.01980
0.80366 0.03347
0.80367 -0.01075
0.80367 0.00035
0.80368 0.05003
0.80368 -0.01001
0.80369 -0.00658
0.80369 -0.09607
0.80370 -0.11427
0.80370 -0.06169
0.80371 0.01318
0.80371 -0.00120
0.80372 -0.08296
0.80372 -0.01586
0.80373 -0.04631
0.80373 0.00946
0.80374 -0.03205
0.80374 0.00859
0.80375 0.05852
0.80375 -0.02097
0.80376 -0.04939
0.80376 -0.02614
0.80377 0.02376
0.80377 -0.03047
0.80378 0.08377
0.80378 0.04200
0.80379 -0.08247
0.80379 -0.00645
0.80380 0.05560
0.80380 0.01833
0.80381 -0.03118
0.80381 0.00780
0.80382 -0.04595
0.80382 -0.07165
0.80383 -0.00142
0.80383 -0.01086
0.80384 -0.06779
0.80384 -0.06030
0.80385 -0.05362
0.80385 -0.08730
0.80386 -0.01895
0.80386 -0.00576
0.80387 -0.01826
0.80387 0.06660
0.80388 0.00064
0.80388 0.00186
0.80389 0.03402
0.80389 0.03802
0.80390 0.04890
0.80390 -0.04046
0.80391 -0.03529
0.80391 0.03538
0.80392 0.05640
0.80392 -0.01667
0.80393 0.02947
0.80393 0.06666
0.80394 0.03364
0.80394 -0.02537
0.80395 -0.03635
0.80395 0.01156
0.80396 -0.05712
0.80396 -0.05090
0.80397 0.00299
0.80397 0.02540
0.80398 0.00645
0.80398 0.02395
0.80399 0.02998
0.80399 0.03715
0.80400 0.04011
0.80400 0.05760
0.80401 0.04911
0.80401 -0.03978
0.80402 -0.02981
0.80402 -0.01532
0.80403 -0.00611
0.80403 0.05161
0.80404 -0.04762
0.80404 -0.02833
0.80405 0.00457
0.80405 -0.04837
0.80406 0.02923
0.80406 0.00734
0.80407 0.02892
0.80407 -0.08736
0.80408 -0.03242
0.80408 0.11441
0.80409 0.01659
0.80409 -0.03685
0.80410 -0.03995
0.80410 0.01579
0.80411 -0.01098
0.80411 0.02318
0.80412 -0.00519
0.80412 -0.06918
0.80413 0.00210
0.80413 -0.03354
0.80414 -0.02348
0.80414 -0.00371
0.80415 -0.02566
0.80415 -0.05843
0.80416 -0.02211
0.80416 0.01278
0.80417 0.03901
0.80417 0.04180
0.80418 0.01259
0.80418 -0.00540
0.80419 -0.07435
0.80419 0.01395
0.80420 0.03653
0.80420 0.02021
0.80421 0.02263
0.80421 0.02086
0.80422 0.05390
0.80422 -0.02997
0.80423 -0.01476
0.80423 0.05913
0.80424 -0.05744
0.80424 -0.00160
0.80425 0.00215
0.80425 -0.08689
0.80426 0.00531
0.80426 0.00543
0.80427 0.06877
0.80427 0.04080
0.80428 0.01344
0.80428 0.03529
0.80429 -0.09054
0.80429 0.04028
0.80430 0.02302
0.80430 0.03257
0.80431 0.05046
0.80431 -0.08143
0.80432 0.04075
0.80432 -0.01311
0.80433 -0.03886
0.80433 0.02655
0.80434 -0.05226
0.80434 0.05532
0.80435 0.02690
0.80435 -0.07292
0.80436 0.00067
0.80436 -0.04903
0.80437 -0.02462
0.80437 0.00350
0.80438 -0.03911
0.80438 -0.00484
0.80439 0.02475
0.80439 -0.00340
0.80440 0.08501
0.80440 0.05061
0.80441 -0.01079
0.80441 0.00167
0.80442 0.00726
0.80442 -0.00931
0.80443 -0.08435
0.80443 -0.03760
0.80444 -0.02800
0.80444 -0.01602
0.80445 -0.01740
0.80445 0.01456
0.80446 0.08416
0.80446 0.03541
0.80447 -0.00375
0.80447 0.01306
0.80448 0.01359
0.80448 -0.01338
0.80449 -0.03792
0.80449 0.02203
0.80450 -0.05883
0.80450 -0.10468
0.80451 0.07099
0.80451 0.02251
0.80452 0.01697
0.80452 0.03340
0.80453 -0.04756
0.80453 -0.01084
0.80454 0.07067
0.80454 -0.01023
0.80455 -0.06302
0.80455 0.01716
0.80456 0.02879
0.80456 -0.03373
0.80457 -0.00908
0.80457 0.06730
0.80458 -0.02184
0.80458 -0.01493
0.80459 0.07410
0.80459 0.05044
0.80460 0.00449
0.80460 -0.01801
0.80461 0.03909
0.80461 0.01073
0.80462 -0.01357
0.80462 -0.00317
0.80463 0.02560
0.80463 0.10486
0.80464 0.04485
0.80464 0.02346
0.80465 0.00241
0.80465 -0.02831
0.80466 -0.01781
0.80466 0.00529
0.80467 0.02886
0.80467 -0.03513
0.80468 -0.02800
0.80468 -0.00026
0.80469 -0.05580
0.80469 -0.02658
0.80470 0.03751
0.80470 0.00510
0.80471 -0.01443
0.80471 0.03128
0.80472 0.03148
0.80472 -0.00388
0.80473 -0.02816
0.80473 -0.02178
0.80474 0.01781
0.80474 0.02814
0.80475 -0.01770
0.80475 -0.00804
0.80476 0.05368
0.80476 -0.02662
0.80477 -0.06519
0.80477 0.05780
0.80478 0.05001
0.80478 -0.00302
0.80479 -0.04292
0.80479 -0.04051
0.80480 -0.01105
0.80480 0.01154
0.80481 0.02600
0.80481 -0.08660
0.80482 -0.04130
0.80482 0.00565
0.80483 -0.07934
0.80483 -0.00169
0.80484 -0.03696
0.80484 -0.09017
0.80485 -0.06444
0.80485 0.00719
0.80486 0.10247
0.80486 0.05015
0.80487 0.00285
0.80487 0.05813
0.80488 0.00623
0.80488 -0.05696
0.80489 -0.04160
0.80489 0.07100
0.80490 0.09575
0.80490 -0.06088
0.80491 0.03129
0.80491 0.04884
0.80492 -0.05520
0.80492 0.02136
0.80493 0.02333
0.80493 -0.00345
0.80494 0.01401
0.80494 -0.05058
0.80495 0.01326
0.80495 -0.03060
0.80496 -0.06264
0.80496 -0.01306
0.80497 -0.02996
0.80497 0.03659
0.80498 0.01587
0.80498 -0.03900
0.80499 0.01348
0.80499 -0.01022
0.80500 0.06130
0.80500 0.08116
0.80501 0.01820
0.80501 0.06988
0.80502 0.01521
0.80502 -0.01754
0.80503 -0.02857
0.80503 0.07617
0.80504 0.03998
0.80504 -0.02277
0.80505 0.01313
0.80505 0.01272
0.80506 0.04836
0.80506 0.04000
0.80507 0.03148
0.80507 -0.01738
0.80508 0.00203
0.80508 -0.00788
0.80509 0.01990
0.80509 0.04840
0.80510 -0.01394
0.80510 -0.00098
0.80511 0.04766
0.80511 0.02200
0.80512 -0.02153
0.80512 -0.02455
0.80513 -0.08507
0.80513 -0.02091
0.80514 0.05767
0.80514 0.00574
0.80515 -0.07126
0.80515 -0.02299
0.80516 0.06768
0.80516 -0.02916
0.80517 -0.03754
0.80517 -0.01858
0.80518 -0.00678
0.80518 -0.02596
0.80519 -0.08818
0.80519 0.05328
0.80520 0.05906
0.80520 0.05594
0.80521 0.06191
0.80521 -0.01886
0.80522 -0.02459
0.80522 0.00686
0.80523 0.04354
0.80523 -0.02224
0.80524 -0.09279
0.80524 -0.09012
0.80525 0.05143
0.80525 0.05756
0.80526 -0.05178
0.80526 0.01436
0.80527 -0.01956
0.80527 -0.04249
0.80528 -0.04772
0.80528 0.01209
0.80529 0.06566
0.80529 0.00475
0.80530 0.00585
0.80530 -0.06345
0.80531 -0.00772
0.80531 0.02879
0.80532 -0.01131
0.80532 -0.03438
0.80533 -0.02235
0.80533 0.02243
0.80534 -0.02135
0.80534 0.04543
0.80535 -0.03161
0.80535 -0.02973
0.80536 0.01098
0.80536 -0.01339
0.80537 -0.01485
0.80537 -0.01097
0.80538 0.06915
0.80538 0.04906
0.80539 -0.02985
0.80539 -0.05302
0.80540 0.04545
0.80540 0.06765
0.80541 -0.00717
0.80541 -0.02168
0.80542 0.03080
0.80542 0.01339
0.80543 0.01708
0.80543 -0.03361
0.80544 -0.00365
0.80544 0.09032
0.80545 0.01835
0.80545 0.03974
0.80546 0.02855
0.80546 -0.05730
0.80547 -0.02725
0.80547 0.00993
0.80548 0.02167
0.80548 0.01795
0.80549 0.01771
0.80549 0.01047
0.80550 -0.02314
0.80550 -0.03529
0.80551 0.00310
0.80551 0.02881
0.80552 -0.01268
0.80552 0.03069
0.80553 0.09406
0.80553 0.01063
0.80554 0.00082
0.80554 0.04154
0.80555 -0.01256
0.80555 -0.03962
0.80556 0.00646
0.80556 0.02223
0.80557 -0.03313
0.80557 -0.04258
0.80558 0.06248
0.80558 0.02623
0.80559 -0.07225
0.80559 -0.01392
0.80560 -0.02110
0.80560 -0.03965
0.80561 -0.04011
0.80561 0.00238
0.80562 -0.01102
0.80562 -0.03857
0.80563 0.03341
0.80563 -0.01743
0.80564 0.00355
0.80564 -0.04296
0.80565 -0.08825
0.80565 0.06269
0.80566 0.06371
0.80566 0.03205
0.80567 0.00116
0.80567 -0.00797
0.80568 -0.01388
0.80568 -0.01251
0.80569 0.04533
0.80569 0.07359
0.80570 0.04414
0.80570 -0.01215
0.80571 -0.02603
0.80571 -0.02667
0.80572 0.00498
0.80572 -0.00030
0.80573 0.00957
0.80573 -0.00168
0.80574 -0.05580
0.80574 -0.11727
0.80575 -0.05957
0.80575 0.01393
0.80576 -0.02592
0.80576 -0.01581
0.80577 0.01898
0.80577 0.00747
0.80578 -0.05064
0.80578 -0.00763
0.80579 -0.00275
0.80579 0.00749
0.80580 0.01414
0.80580 0.04770
0.80581 0.00286
0.80581 0.01366
0.80582 0.05650
0.80582 0.02963
0.80583 -0.06731
0.80583 -0.07000
0.80584 -0.02329
0.80584 -0.07794
0.80585 0.00905
0.80585 -0.05729
0.80586 0.02220
0.80586 0.02203
0.80587 -0.07075
0.80587 0.02425
0.80588 0.02398
0.80588 -0.06431
0.80589 -0.02420
0.80589 -0.01689
0.80590 -0.02603
0.80590 0.05868
0.80591 -0.03038
0.80591 0.02426
0.80592 0.08263
0.80592 0.02995
0.80593 0.08132
0.80593 0.09213
0.80594 -0.00815
0.80594 -0.07643
0.80595 0.02890
0.80595 0.03818
0.80596 0.02597
0.80596 0.01604
0.80597 -0.01449
0.80597 0.02983
0.80598 0.03283
0.80598 -0.03446
0.80599 -0.05469
0.80599 -0.01892
0.80600 0.01803
0.80600 0.03603
0.80601 -0.01500
0.80601 0.02179
0.80602 0.05504
0.80602 -0.06341
0.80603 -0.06759
0.80603 -0.00746
0.80604 -0.00901
0.80604 -0.03308
0.80605 -0.00962
0.80605 -0.01446
0.80606 0.00976
0.80606 0.04854
0.80607 -0.00876
0.80607 -0.00398
0.80608 0.00125
0.80608 -0.00666
0.80609 -0.02315
0.80609 0.01586
0.80610 0.05279
0.80610 -0.01233
0.80611 0.02206
0.80611 -0.00936
0.80612 -0.01548
0.80612 0.02487
0.80613 -0.06320
0.80613 0.05398
0.80614 0.07042
0.80614 0.02863
0.80615 0.09484
0.80615 -0.02048
0.80616 -0.02512
0.80616 0.01904
0.80617 0.02920
0.80617 0.04439
0.80618 -0.02962
0.80618 -0.06339
0.80619 -0.01113
0.80619 0.04421
0.80620 0.07448
0.80620 0.03222
0.80621 0.00385
0.80621 -0.00866
0.80622 -0.07132
0.80622 0.02803
0.80623 0.00860
0.80623 -0.01539
0.80624 0.03890
0.80624 -0.04360
0.80625 -0.08021
0.80625 -0.03348
0.80626 0.04281
0.80626 0.03721
0.80627 -0.01417
0.80627 0.04995
0.80628 0.04137
0.80628 -0.03117
0.80629 -0.02782
0.80629 -0.01438
0.80630 0.01070
0.80630 -0.00035
0.80631 -0.05558
0.80631 -0.02262
0.80632 0.00011
0.80632 -0.04866
0.80633 0.02583
0.80633 0.04291
0.80634 -0.05007
0.80634 -0.00019
0.80635 -0.02493
0.80635 0.01696
0.80636 0.03542
0.80636 -0.02687
0.80637 0.04928
0.80637 -0.00828
0.80638 -0.04601
0.80638 0.01651
0.80639 -0.06584
0.80639 -0.04256
0.80640 0.08175
0.80640 0.01381
0.80641 0.03791
0.80641 0.05783
0.80642 0.01188
0.80642 0.00252
0.80643 -0.01825
0.80643 -0.02283
0.80644 -0.00217
0.80644 0.08071
0.80645 0.05285
0.80645 -0.07686
0.80646 -0.03588
0.80646 -0.10754
0.80647 -0.02497
0.80647 0.06753
0.80648 0.02046
0.80648 0.02152
0.80649 -0.05852
0.80649 0.01889
0.80650 -0.01915
0.80650 -0.05570
0.80651 0.02643
0.80651 0.01555
0.80652 -0.01413
0.80652 -0.03305
0.80653 -0.00088
0.80653 0.02053
0.80654 0.00753
0.80654 -0.04988
0.80655 -0.06972
0.80655 -0.01373
0.80656 -0.00123
0.80656 0.01659
0.80657 -0.01716
0.80657 -0.01806
0.80658 -0.02030
0.80658 -0.08079
0.80659 -0.03598
0.80659 0.04521
0.80660 0.03499
0.80660 -0.00929
0.80661 0.00760
0.80661 -0.01620
0.80662 0.01948
0.80662 0.01123
0.80663 0.02730
0.80663 0.03799
0.80664 -0.01110
0.80664 -0.00543
0.80665 -0.01537
0.80665 -0.00265
0.80666 -0.03915
0.80666 -0.06269
0.80667 -0.08587
0.80667 -0.04059
0.80668 -0.00159
0.80668 0.01266
0.80669 0.01188
0.80669 0.02902
0.80670 0.07446
0.80670 0.04471
0.80671 0.03049
0.80671 0.03002
0.80672 -0.03797
0.80672 0.03223
0.80673 0.04323
0.80673 -0.01133
0.80674 -0.01167
0.80674 -0.05178
0.80675 -0.08188
0.80675 0.00046
0.80676 0.08383
0.80676 0.00226
0.80677 0.00263
0.80677 0.00178
0.80678 0.00700
0.80678 -0.02341
0.80679 -0.00174
0.80679 0.12269
0.80680 0.04056
0.80680 0.00067
0.80681 0.00315
0.80681 -0.03253
0.80682 -0.08609
0.80682 -0.06189
0.80683 0.02722
0.80683 0.06617
0.80684 0.01940
0.80684 -0.02686
0.80685 0.03087
0.80685 -0.05053
0.80686 -0.11230
0.80686 -0.02040
0.80687 0.01663
0.80687 -0.05899
0.80688 -0.04172
0.80688 0.02705
0.80689 0.01653
0.80689 0.00036
0.80690 0.02478
0.80690 -0.00944
0.80691 0.03767
0.80691 -0.02194
0.80692 -0.01289
0.80692 0.01287
0.80693 -0.04240
0.80693 0.00007
0.80694 -0.01300
0.80694 0.02402
0.80695 -0.04528
0.80695 -0.01870
0.80696 0.03757
0.80696 -0.04578
0.80697 -0.02605
0.80697 -0.06583
0.80698 0.08399
0.80698 0.07582
0.80699 -0.00482
0.80699 -0.00070
0.80700 -0.09614
0.80700 -0.00109
0.80701 0.01073
0.80701 -0.00253
0.80702 0.00158
0.80702 -0.02150
0.80703 0.05534
0.80703 0.02126
0.80704 0.02328
0.80704 0.08021
0.80705 -0.00761
0.80705 -0.01007
0.80706 -0.03279
0.80706 0.02095
0.80707 -0.02049
0.80707 -0.01686
0.80708 0.01679
0.80708 -0.04804
0.80709 0.02240
0.80709 0.07804
0.80710 0.00198
0.80710 0.00714
0.80711 -0.00334
0.80711 -0.06925
0.80712 -0.02026
0.80712 -0.06149
0.80713 -0.05964
0.80713 -0.07382
0.80714 -0.03181
0.80714 0.05164
0.80715 -0.05976
0.80715 -0.09009
0.80716 0.00187
0.80716 0.00113
0.80717 -0.03080
0.80717 -0.03433
0.80718 0.02486
0.80718 -0.03580
0.80719 -0.01137
0.80719 0.07760
0.80720 -0.01725
0.80720 0.02042
0.80721 -0.03380
0.80721 -0.05145
0.80722 0.10852
0.80722 0.10133
0.80723 0.00222
0.80723 0.01417
0.80724 -0.01247
0.80724 -0.03013
0.80725 0.06024
0.80725 -0.07241
0.80726 -0.07945
0.80726 0.03839
0.80727 -0.00138
0.80727 -0.00840
0.80728 -0.00273
0.80728 0.02399
0.80729 -0.02379
0.80729 -0.02279
0.80730 -0.00544
0.80730 -0.05580
0.80731 0.00771
0.80731 0.04583
0.80732 -0.00376
0.80732 -0.03892
0.80733 -0.02674
0.80733 -0.03244
0.80734 -0.04594
0.80734 0.00001
0.80735 0.05507
0.80735 0.01370
0.80736 -0.03545
0.80736 -0.01965
0.80737 -0.04676
0.80737 -0.10730
0.80738 0.02826
0.80738 0.09039
0.80739 -0.02615
0.80739 -0.03730
0.80740 -0.01915
0.80740 -0.03233
0.80741 0.00874
0.80741 0.00423
0.80742 -0.01584
0.80742 0.03562
0.80743 -0.00717
0.80743 -0.02159
0.80744 0.02361
0.80744 0.04458
0.80745 0.01145
0.80745 -0.06039
0.80746 0.00256
0.80746 -0.04117
0.80747 -0.05715
0.80747 0.01064
0.80748 0.01550
0.80748 -0.01857
0.80749 0.00873
0.80749 0.00900
0.80750 -0.01633
0.80750 0.03503
0.80751 -0.01449
0.80751 -0.01350
0.80752 -0.00654
0.80752 0.00632
0.80753 0.00017
0.80753 -0.00071
0.80754 0.00740
0.80754 -0.04710
0.80755 -0.08043
0.80755 -0.03559
0.80756 0.02782
0.80756 0.03609
0.80757 -0.02162
0.80757 -0.03986
0.80758 0.01658
0.80758 -0.04903
0.80759 -0.05421
0.80759 0.07662
0.80760 0.04534
0.80760 0.01359
0.80761 0.03291
0.80761 -0.06673
0.80762 -0.05930
0.80762 -0.01013
0.80763 -0.00734
0.80763 -0.03226
0.80764 -0.07072
0.80764 -0.00615
0.80765 0.00380
0.80765 -0.03350
0.80766 0.04474
0.80766 0.00937
0.80767 -0.05239
0.80767 0.04878
0.80768 0.08013
0.80768 0.00053
0.80769 -0.04767
0.80769 0.01525
0.80770 0.03149
0.80770 -0.00761
0.80771 -0.06109
0.80771 -0.03104
0.80772 0.02292
0.80772 0.08003
0.80773 0.09782
0.80773 0.01031
0.80774 0.02587
0.80774 0.01761
0.80775 0.03022
0.80775 0.07358
0.80776 0.04147
0.80776 0.00350
0.80777 0.04893
0.80777 0.05229
0.80778 0.00673
0.80778 -0.01511
0.80779 -0.03527
0.80779 0.03994
0.80780 0.00641
0.80780 0.05164
0.80781 0.01679
0.80781 -0.01873
0.80782 0.04555
0.80782 -0.04711
0.80783 0.01917
0.80783 -0.00846
0.80784 -0.05646
0.80784 0.00294
0.80785 0.00366
0.80785 0.01795
0.80786 -0.02673
0.80786 -0.01751
0.80787 0.02159
0.80787 -0.03595
0.80788 -0.05804
0.80788 0.02827
0.80789 0.03583
0.80789 -0.05594
0.80790 -0.03799
0.80790 -0.04515
0.80791 -0.03635
0.80791 0.00128
0.80792 -0.01583
0.80792 0.02744
0.80793 0.06415
0.80793 0.04287
0.80794 -0.00967
0.80794 -0.04866
0.80795 -0.02496
0.80795 -0.00211
0.80796 -0.06819
0.80796 -0.05900
0.80797 -0.01448
0.80797 0.02174
0.80798 0.06028
0.80798 -0.04800
0.80799 -0.01982
0.80799 0.03974
0.80800 0.00130
0.80800 -0.03290
0.80801 -0.03942
0.80801 0.05003
0.80802 0.01955
0.80802 -0.00718
0.80803 0.04665
0.80803 0.01731
0.80804 0.00252
0.80804 0.00059
0.80805 0.02044
0.80805 0.01102
0.80806 -0.02506
0.80806 0.02319
0.80807 -0.02039
0.80807 -0.00351
0.80808 0.01029
0.80808 -0.00718
0.80809 -0.07910
0.80809 -0.03428
0.80810 0.09462
0.80810 -0.01384
0.80811 0.01945
0.80811 -0.00447
0.80812 -0.06361
0.80812 -0.01048
0.80813 -0.04331
0.80813 -0.01560
0.80814 -0.03626
0.80814 -0.03092
0.80815 -0.01111
0.80815 -0.00495
0.80816 0.07584
0.80816 0.00048
0.80817 0.02186
0.80817 0.05926
0.80818 -0.01704
0.80818 -0.00447
0.80819 -0.00678
0.80819 0.00162
0.80820 0.05872
0.80820 0.09563
0.80821 -0.02477
0.80821 -0.04879
0.80822 -0.04193
0.80822 -0.00584
0.80823 0.01486
0.80823 -0.02014
0.80824 0.04349
0.80824 0.00198
0.80825 0.07401
0.80825 0.08019
0.80826 0.03069
0.80826 0.01745
0.80827 -0.04170
0.80827 0.02190
0.80828 0.04526
0.80828 -0.00716
0.80829 0.09082
0.80829 0.04627
0.80830 -0.07136
0.80830 0.04473
0.80831 0.07507
0.80831 0.08941
0.80832 0.03911
0.80832 0.07440
0.80833 0.06306
0.80833 -0.01388
0.80834 0.02885
0.80834 0.08561
0.80835 0.06698
0.80835 0.01829
0.80836 0.05512
0.80836 0.04483
0.80837 0.08694
0.80837 0.02064
0.80838 -0.03229
0.80838 0.01994
0.80839 0.05684
0.80839 0.06171
0.80840 0.05649
0.80840 0.01889
0.80841 -0.02612
0.80841 0.06980
0.80842 0.16317
0.80842 0.13476
0.80843 0.09709
0.80843 0.07829
0.80844 0.00897
0.80844 0.12274
0.80845 0.11255
0.80845 0.03470
0.80846 0.04854
0.80846 0.01857
0.80847 0.07206
0.80847 0.13942
0.80848 0.15316
0.80848 0.12536
0.80849 0.15876
0.80849 0.08364
0.80850 0.09526
0.80850 0.03861
0.80851 -0.00058
0.80851 0.10503
0.80852 0.07525
0.80852 0.08624
0.80853 0.12441
0.80853 0.12481
0.80854 0.14769
0.80854 0.07171
0.80855 0.03601
0.80855 0.12498
0.80856 0.12146
0.80856 0.18558
0.80857 0.19762
0.80857 0.16065
0.80858 0.12585
0.80858 0.14256
0.80859 0.15073
0.80859 0.12242
0.80860 0.17222
0.80860 0.16790
0.80861 0.15676
0.80861 0.19821
0.80862 0.17935
0.80862 0.16891
0.80863 0.30381
0.80863 0.19623
0.80864 0.13566
0.80864 0.22855
0.80865 0.19672
0.80865 0.24286
0.80866 0.23965
0.80866 0.24516
0.80867 0.23396
0.80867 0.20193
0.80868 0.26787
0.80868 0.23090
0.80869 0.22350
0.80869 0.27652
0.80870 0.29980
0.80870 0.25079
0.80871 0.23531
0.80871 0.31178
0.80872 0.26743
0.80872 0.27304
0.80873 0.31130
0.80873 0.24704
0.80874 0.27668
0.80874 0.31642
0.80875 0.36323
0.80875 0.46227
0.80876 0.42132
0.80876 0.39802
0.80877 0.38195
0.80877 0.41881
0.80878 0.37521
0.80878 0.35159
0.80879 0.40017
0.80879 0.26467
0.80880 0.40226
0.80880 0.55288
0.80881 0.34365
0.80881 0.34005
0.80882 0.45678
0.80882 0.36747
0.80883 0.39778
0.80883 0.48731
0.80884 0.53775
0.80884 0.44908
0.80885 0.38364
0.80885 0.51805
0.80886 0.50874
0.80886 0.48070
0.80887 0.51021
0.80887 0.58041
0.80888 0.60953
0.80888 0.55670
0.80889 0.51755
0.80889 0.50933
0.80890 0.50222
0.80890 0.42184
0.80891 0.50600
0.80891 0.57294
0.80892 0.51356
0.80892 0.56876
0.80893 0.66576
0.80893 0.56829
0.80894 0.48423
0.80894 0.69656
0.80895 0.68994
0.80895 0.65716
0.80896 0.72897
0.80896 0.62027
0.80897 0.71346
0.80897 0.62287
0.80898 0.66378
0.80898 0.80189
0.80899 0.71687
0.80899 0.72764
0.80900 0.61387
0.80900 0.64914
0.80901 0.73982
0.80901 0.81921
0.80902 0.82381
0.80902 0.76180
0.80903 0.76654
0.80903 0.67891
0.80904 0.82039
0.80904 0.81261
0.80905 0.70195
0.80905 0.78880
0.80906 0.75230
0.80906 0.87771
0.80907 0.93047
0.80907 0.88717
0.80908 0.91564
0.80908 0.89661
0.80909 0.90054
0.80909 0.80280
0.80910 0.91145
0.80910 1.01779
0.80911 0.88776
0.80911 0.98441
0.80912 0.89612
0.80912 0.87754
0.80913 0.96634
0.80913 0.95364
0.80914 1.02742
0.80914 1.06657
0.80915 1.02809
0.80915 1.00199
0.80916 0.97674
0.80916 1.05914
0.80917 1.01359
0.80917 0.96349
0.80918 1.10253
0.80918 1.03917
0.80919 0.95049
0.80919 1.12278
0.80920 1.20961
0.80920 0.99717
0.80921 1.05236
0.80921 1.10891
0.80922 1.17882
0.80922 1.04540
0.80923 1.05983
0.80923 1.22191
0.80924 1.13528
0.80924 1.13534
0.80925 1.07263
0.80925 1.20505
0.80926 1.30280
0.80926 1.43382
0.80927 1.36245
0.80927 1.13150
0.80928 1.20737
0.80928 1.27613
0.80929 1.28064
0.80929 1.31282
0.80930 1.34965
0.80930 1.36624
0.80931 1.28901
0.80931 1.34132
0.80932 1.43903
0.80932 1.29968
0.80933 1.34842
0.80933 1.35581
0.80934 1.29789
0.80934 1.25344
0.80935 1.32583
0.80935 1.40314
0.80936 1.36105
0.80936 1.32896
0.80937 1.41116
0.80937 1.44430
0.80938 1.26126
0.80938 1.44814
0.80939 1.36926
0.80939 1.29087
0.80940 1.49083
0.80940 1.44643
0.80941 1.45323
0.80941 1.44703
0.80942 1.50087
0.80942 1.64304
0.80943 1.54345
0.80943 1.42712
0.80944 1.44298
0.80944 1.46515
0.80945 1.56667
0.80945 1.63016
0.80946 1.56483
0.80946 1.46154
0.80947 1.57536
0.80947 1.54366
0.80948 1.59546
0.80948 1.76522
0.80949 1.67641
0.80949 1.60335
0.80950 1.51751
0.80950 1.59254
0.80951 1.54080
0.80951 1.57727
0.80952 1.64095
0.80952 1.65685
0.80953 1.64661
0.80953 1.59291
0.80954 1.74836
0.80954 1.52279
0.80955 1.55808
0.80955 1.77248
0.80956 1.61952
0.80956 1.85767
0.80957 1.74916
0.80957 1.64772
0.80958 1.82787
0.80958 1.65108
0.80959 1.78960
0.80959 1.71276
0.80960 1.67456
0.80960 1.90295
0.80961 1.77801
0.80961 1.74078
0.80962 1.73066
0.80962 1.82633
0.80963 1.78792
0.80963 1.75606
0.80964 1.99778
0.80964 1.85553
0.80965 1.72850
0.80965 1.83199
0.80966 1.77186
0.80966 1.68113
0.80967 1.76397
0.80967 1.82480
0.80968 1.84101
0.80968 1.85561
0.80969 1.73817
0.80969 1.69513
0.80970 1.74971
0.80970 1.76567
0.80971 1.82484
0.80971 1.83009
0.80972 1.86243
0.80972 1.84861
0.80973 1.91980
0.80973 1.93433
0.80974 1.73985
0.80974 1.79700
0.80975 1.89453
0.80975 1.88325
0.80976 1.94443
0.80976 1.98860
0.80977 1.81735
0.80977 1.85762
0.80978 2.00358
0.80978 1.93600
0.80979 2.00219
0.80979 1.96975
0.80980 1.82728
0.80980 1.91418
0.80981 1.92499
0.80981 2.02957
0.80982 1.95083
0.80982 1.76064
0.80983 1.90107
0.80983 1.99079
0.80984 1.86686
0.80984 1.91828
0.80985 1.98175
0.80985 2.03527
0.80986 1.91132
0.80986 1.89120
0.80987 1.92802
0.80987 1.87490
0.80988 2.12317
0.80988 1.96787
0.80989 1.95039
0.80989 2.02082
0.80990 1.96391
0.80990 2.01949
0.80991 1.85399
0.80991 1.99387
0.80992 2.00528
0.80992 1.94250
0.80993 2.15668
0.80993 1.96880
0.80994 2.01072
0.80994 2.11286
0.80995 2.05744
0.80995 2.07604
0.80996 2.07113
0.80996 2.08540
0.80997 2.09863
0.80997 2.04501
0.80998 1.90928
0.80998 2.07428
0.80999 2.15712
0.80999 2.04949
0.81000 2.05012
0.81000 2.02970
0.81001 1.96837
0.81001 2.02320
0.81002 2.08971
0.81002 2.11254
0.81003 2.07898
0.81003 1.93120
0.81004 2.02423
0.81004 2.01953
0.81005 2.08150
0.81005 2.11574
0.81006 2.12356
0.81006 2.08057
0.81007 1.90322
0.81007 2.05900
0.81008 2.06529
0.81008 2.01609
0.81009 2.03114
0.81009 1.97184
0.81010 1.94317
0.81010 1.94996
0.81011 1.97929
0.81011 2.01975
0.81012 1.98915
0.81012 2.05182
0.81013 2.08324
0.81013 2.10187
0.81014 2.08338
0.81014 1.94876
0.81015 1.98890
0.81015 2.01678
0.81016 2.11541
0.81016 2.14656
0.81017 2.16381
0.81017 2.15564
0.81018 2.07564
0.81018 2.24163
0.81019 2.15584
0.81019 1.99922
0.81020 2.05111
0.81020 2.10093
0.81021 2.15529
0.81021 2.02590
0.81022 2.01917
0.81022 2.15686
0.81023 1.99604
0.81023 2.00057
0.81024 1.98095
0.81024 1.99800
0.81025 2.08423
0.81025 1.97622
0.81026 2.02145
0.81026 2.10656
0.81027 2.19275
0.81027 2.08010
0.81028 1.96955
0.81028 2.11036
0.81029 2.11303
0.81029 2.13602
0.81030 2.15893
0.81030 2.01228
0.81031 1.99800
0.81031 2.04543
0.81032 1.94628
0.81032 2.02369
0.81033 2.06004
0.81033 1.97591
0.81034 2.06747
0.81034 2.05811
0.81035 2.07596
0.81035 1.94555
0.81036 2.05764
0.81036 2.14237
0.81037 1.93842
0.81037 2.01835
0.81038 2.02707
0.81038 2.05457
0.81039 2.18564
0.81039 2.04763
0.81040 2.00623
0.81040 2.14709
0.81041 2.09273
0.81041 1.99435
0.81042 2.00097
0.81042 2.01459
0.81043 2.01239
0.81043 2.10838
0.81044 2.10436
0.81044 2.08981
0.81045 2.05115
0.81045 2.06889
0.81046 2.10186
0.81046 2.04369
0.81047 1.97976
0.81047 1.93488
0.81048 1.99585
0.81048 1.92921
0.81049 1.87668
0.81049 1.90873
0.81050 1.97867
0.81050 2.00447
0.81051 2.00343
0.81051 1.95037
0.81052 1.94123
0.81052 2.00181
0.81053 2.00703
0.81053 2.09781
0.81054 1.99817
0.81054 1.88674
0.81055 2.02142
0.81055 2.16089
0.81056 2.11657
0.81056 1.96361
0.81057 1.95554
0.81057 2.06627
0.81058 2.05166
0.81058 2.09164
0.81059 2.04121
0.81059 1.94094
0.81060 2.03390
0.81060 1.92448
0.81061 1.91526
0.81061 1.95117
0.81062 1.87398
0.81062 2.10037
0.81063 2.06956
0.81063 1.94187
0.81064 2.06416
0.81064 2.01710
0.81065 1.94602
0.81065 1.99841
0.81066 1.99052
0.81066 1.98167
0.81067 1.96495
0.81067 1.90623
0.81068 2.02374
0.81068 1.97957
0.81069 1.93045
0.81069 2.00179
0.81070 1.98182
0.81070 2.02079
0.81071 2.03113
0.81071 1.98012
0.81072 1.96031
0.81072 1.99911
0.81073 1.99615
0.81073 2.03559
0.81074 2.05232
0.81074 1.97225
0.81075 1.93911
0.81075 1.92345
0.81076 1.87325
0.81076 1.96395
0.81077 2.00075
0.81077 2.12770
0.81078 2.10572
0.81078 1.97388
0.81079 2.01917
0.81079 2.01619
0.81080 2.09284
0.81080 2.02353
0.81081 1.93865
0.81081 1.96084
0.81082 2.00970
0.81082 2.01641
0.81083 2.03878
0.81083 2.09416
0.81084 1.95005
0.81084 1.95144
0.81085 2.09313
0.81085 2.05515
0.81086 2.02200
0.81086 1.88871
0.81087 1.93956
0.81087 2.14522
0.81088 2.05533
0.81088 1.95211
0.81089 2.01602
0.81089 1.97640
0.81090 1.95275
0.81090 2.19655
0.81091 2.07957
0.81091 1.96207
0.81092 2.12032
0.81092 1.99554
0.81093 1.98236
0.81093 1.96901
0.81094 1.93294
0.81094 1.99260
0.81095 2.01061
0.81095 2.06778
0.81096 1.98937
0.81096 1.96236
0.81097 1.89270
0.81097 1.98447
0.81098 2.04830
0.81098 1.94153
0.81099 2.04332
0.81099 2.00653
0.81100 2.16821
0.81100 2.17019
0.81101 2.03597
0.81101 2.03665
0.81102 2.00276
0.81102 2.09477
0.81103 2.03810
0.81103 2.01978
0.81104 2.06909
0.81104 1.99012
0.81105 2.02696
0.81105 2.01150
0.81106 1.98583
0.81106 2.08743
0.81107 2.15225
0.81107 2.01473
0.81108 1.89081
0.81108 2.09347
0.81109 2.04564
0.81109 1.96934
0.81110 2.05479
0.81110 1.95503
0.81111 1.99277
0.81111 2.00926
0.81112 2.05617
0.81112 2.09833
0.81113 2.06589
0.81113 2.16031
0.81114 2.06687
0.81114 2.03600
0.81115 2.13315
0.81115 2.04701
0.81116 2.16578
0.81116 2.21561
0.81117 2.03450
0.81117 2.02018
0.81118 2.13241
0.81118 2.27141
0.81119 2.17369
0.81119 2.06450
0.81120 2.12735
0.81120 2.17068
0.81121 2.09820
0.81121 2.05729
0.81122 2.12106
0.81122 2.21093
0.81123 2.06930
0.81123 2.08362
0.81124 2.16451
0.81124 2.13172
0.81125 2.11038
0.81125 2.05310
0.81126 2.02277
0.81126 2.15422
0.81127 2.15651
0.81127 2.06045
0.81128 2.04742
0.81128 2.06732
0.81129 2.14210
0.81129 2.17578
0.81130 2.16612
0.81130 2.12569
0.81131 2.17223
0.81131 2.12670
0.81132 2.09917
0.81132 2.04941
0.81133 2.16625
0.81133 2.17812
0.81134 2.02468
0.81134 2.09969
0.81135 2.16895
0.81135 2.22491
0.81136 2.18555
0.81136 2.10599
0.81137 2.16818
0.81137 2.21258
0.81138 2.18044
0.81138 2.16401
0.81139 2.18350
0.81139 2.13300
0.81140 2.11401
0.81140 2.08928
0.81141 2.19755
0.81141 2.28684
0.81142 2.15306
0.81142 2.22593
0.81143 2.24075
0.81143 2.17885
0.81144 2.22491
0.81144 2.17506
0.81145 2.15747
0.81145 2.09332
0.81146 2.02755
0.81146 2.06726
0.81147 2.16531
0.81147 2.12340
0.81148 2.06320
0.81148 2.12422
0.81149 2.15684
0.81149 2.08683
0.81150 2.07095
0.81150 2.16226
0.81151 2.10277
0.81151 2.05624
0.81152 2.22530
0.81152 2.19946
0.81153 2.10343
0.81153 2.17187
0.81154 2.14191
0.81154 2.18442
0.81155 2.08895
0.81155 2.04816
0.81156 2.23007
0.81156 2.18731
0.81157 2.09869
0.81157 2.10609
0.81158 2.13625
0.81158 2.11911
0.81159 2.08405
0.81159 2.19039
0.81160 2.12021
0.81160 2.13799
0.81161 2.21406
0.81161 2.18229
0.81162 2.25565
0.81162 2.22984
0.81163 2.17561
0.81163 2.14740
0.81164 2.18827
0.81164 2.24292
0.81165 2.23328
0.81165 2.16045
0.81166 2.09863
0.81166 2.20808
0.81167 2.27373
0.81167 2.13637
0.81168 2.14927
0.81168 2.29049
0.81169 2.09505
0.81169 2.05435
0.81170 2.11525
0.81170 2.16364
0.81171 2.16714
0.81171 2.11143
0.81172 2.22963
0.81172 2.17353
0.81173 2.27734
0.81173 2.18893
0.81174 2.14604
0.81174 2.28856
0.81175 2.19751
0.81175 2.19388
0.81176 2.14669
0.81176 2.19917
0.81177 2.25327
0.81177 2.34129
0.81178 2.29342
0.81178 2.07729
0.81179 2.10451
0.81179 2.15260
0.81180 2.21617
0.81180 2.24883
0.81181 2.13155
0.81181 2.23844
0.81182 2.20828
0.81182 2.17974
0.81183 2.30706
0.81183 2.26629
0.81184 2.31231
0.81184 2.17540
0.81185 2.16271
0.81185 2.29187
0.81186 2.24160
0.81186 2.16647
0.81187 2.22698
0.81187 2.27622
0.81188 2.19464
0.81188 2.30432
0.81189 2.27821
0.81189 2.21443
0.81190 2.12713
0.81190 2.06025
0.81191 2.28581
0.81191 2.21835
0.81192 2.11221
0.81192 2.19781
0.81193 2.17609
0.81193 2.08919
0.81194 2.31938
0.81194 2.23700
0.81195 2.15919
0.81195 2.25999
0.81196 2.05218
0.81196 2.19761
0.81197 2.24336
0.81197 2.21220
0.81198 2.28909
0.81198 2.31723
0.81199 2.25007
0.81199 2.11867
0.81200 2.15258
0.81200 2.30353
0.81201 2.37425
0.81201 2.19806
0.81202 2.22228
0.81202 2.24919
0.81203 2.18925
0.81203 2.28432
0.81204 2.13644
0.81204 2.19311
0.81205 2.30235
0.81205 2.21251
0.81206 2.28839
0.81206 2.26310
0.81207 2.16030
0.81207 2.19840
0.81208 2.14940
0.81208 2.17183
0.81209 2.12751
0.81209 2.16753
0.81210 2.20193
0.81210 2.16952
0.81211 2.20684
0.81211 2.17230
0.81212 2.19843
0.81212 2.14971
0.81213 2.14937
0.81213 2.24960
0.81214 2.13867
0.81214 2.11392
0.81215 2.14932
0.81215 2.13324
0.81216 2.33683
0.81216 2.23135
0.81217 2.14950
0.81217 2.23333
0.81218 2.23618
0.81218 2.14051
0.81219 2.12323
0.81219 2.17168
0.81220 2.17577
0.81220 2.15646
0.81221 2.11995
0.81221 2.16956
0.81222 2.19620
0.81222 2.18047
0.81223 2.12843
0.81223 2.09162
0.81224 2.12242
0.81224 2.20947
0.81225 2.29976
0.81225 2.22909
0.81226 2.22089
0.81226 2.11964
0.81227 2.07555
0.81227 2.27254
0.81228 2.21335
0.81228 2.21653
0.81229 2.18561
0.81229 2.15484
0.81230 2.32611
0.81230 2.18881
0.81231 2.10678
0.81231 2.17509
0.81232 2.16480
0.81232 2.25047
0.81233 2.17370
0.81233 2.16191
0.81234 2.13478
0.81234 2.04670
0.81235 2.05590
0.81235 2.03682
0.81236 2.14597
0.81236 2.00604
0.81237 2.01749
0.81237 2.10610
0.81238 2.00399
0.81238 2.08564
0.81239 2.10883
0.81239 2.18949
0.81240 2.30191
0.81240 2.17743
0.81241 2.02383
0.81241 2.03316
0.81242 2.03411
0.81242 2.10974
0.81243 2.22144
0.81243 2.18344
0.81244 2.14678
0.81244 2.12597
0.81245 2.12673
0.81245 2.11221
0.81246 2.12106
0.81246 2.22348
0.81247 2.15214
0.81247 2.09638
0.81248 2.09858
0.81248 2.05766
0.81249 2.12472
0.81249 2.20955
0.81250 2.15227
0.81250 2.10552
0.81251 2.12073
0.81251 2.13123
0.81252 2.18364
0.81252 2.26080
0.81253 2.22891
0.81253 2.10817
0.81254 2.12532
0.81254 2.16341
0.81255 2.14834
0.81255 2.05974
0.81256 2.10648
0.81256 2.23087
0.81257 2.12397
0.81257 2.21394
0.81258 2.14780
0.81258 2.14453
0.81259 2.28795
0.81259 2.09626
0.81260 2.14605
0.81260 2.21808
0.81261 2.13021
0.81261 2.21505
0.81262 2.28297
0.81262 2.18802
0.81263 2.21882
0.81263 2.15268
0.81264 2.11376
0.81264 2.16322
0.81265 2.13070
0.81265 2.17369
0.81266 2.13241
0.81266 2.15429
0.81267 2.17963
0.81267 2.15594
0.81268 2.17568
0.81268 2.12940
0.81269 2.16556
0.81269 2.16326
0.81270 2.16008
0.81270 2.12170
0.81271 2.10299
0.81271 2.16729
0.81272 2.14701
0.81272 2.19674
0.81273 2.16503
0.81273 2.16737
0.81274 2.26272
0.81274 2.13470
0.81275 2.17426
0.81275 2.24987
0.81276 2.17961
0.81276 2.20293
0.81277 2.31020
0.81277 2.14777
0.81278 2.16429
0.81278 2.26141
0.81279 2.11664
0.81279 2.26725
0.81280 2.27921
0.81280 2.12014
0.81281 2.28010
0.81281 2.29739
0.81282 2.17871
0.81282 2.26346
0.81283 2.15239
0.81283 2.20081
0.81284 2.29319
0.81284 2.23762
0.81285 2.31560
0.81285 2.36594
0.81286 2.33565
0.81286 2.19322
0.81287 2.24343
0.81287 2.20027
0.81288 2.18975
0.81288 2.28102
0.81289 2.24453
0.81289 2.34558
0.81290 2.23886
0.81290 2.22556
0.81291 2.25026
0.81291 2.23388
0.81292 2.24157
0.81292 2.20819
0.81293 2.30358
0.81293 2.13748
0.81294 2.13920
0.81294 2.23500
0.81295 2.25154
0.81295 2.34233
0.81296 2.26237
0.81296 2.27312
0.81297 2.24442
0.81297 2.22640
0.81298 2.27778
0.81298 2.21231
0.81299 2.21779
0.81299 2.14655
0.81300 2.09937
0.81300 2.13235
0.81301 2.11761
0.81301 2.26201
0.81302 2.20342
0.81302 2.34355
0.81303 2.29620
0.81303 2.16876
0.81304 2.24195
0.81304 2.17703
0.81305 2.26563
0.81305 2.23403
0.81306 2.18891
0.81306 2.23292
0.81307 2.18104
0.81307 2.18779
0.81308 2.20972
0.81308 2.26773
0.81309 2.32845
0.81309 2.24775
0.81310 2.31244
0.81310 2.37898
0.81311 2.27441
0.81311 2.28305
0.81312 2.19736
0.81312 2.23539
0.81313 2.32135
0.81313 2.30215
0.81314 2.30362
0.81314 2.22581
0.81315 2.26698
0.81315 2.29114
0.81316 2.30290
0.81316 2.37462
0.81317 2.32744
0.81317 2.24363
0.81318 2.27863
0.81318 2.22199
0.81319 2.30447
0.81319 2.25032
0.81320 2.19928
0.81320 2.33324
0.81321 2.25749
0.81321 2.22584
0.81322 2.31378
0.81322 2.30602
0.81323 2.38711
0.81323 2.43479
0.81324 2.28336
0.81324 2.33778
0.81325 2.27367
0.81325 2.21644
0.81326 2.41828
0.81326 2.33005
0.81327 2.34935
0.81327 2.35062
0.81328 2.38142
0.81328 2.30093
0.81329 2.27664
0.81329 2.29652
0.81330 2.20856
0.81330 2.43781
0.81331 2.29662
0.81331 2.35250
0.81332 2.39922
0.81332 2.29421
0.81333 2.40246
0.81333 2.32298
0.81334 2.28994
0.81334 2.22911
0.81335 2.25011
0.81335 2.32041
0.81336 2.25650
0.81336 2.30190
0.81337 2.31262
0.81337 2.32831
0.81338 2.27429
0.81338 2.31652
0.81339 2.42697
0.81339 2.24535
0.81340 2.27136
0.81340 2.30883
0.81341 2.22923
0.81341 2.28775
0.81342 2.41511
0.81342 2.33655
0.81343 2.29267
0.81343 2.44385
0.81344 2.37807
0.81344 2.34629
0.81345 2.31770
0.81345 2.24958
0.81346 2.27136
0.81346 2.45959
0.81347 2.35542
0.81347 2.28236
0.81348 2.37260
0.81348 2.30314
0.81349 2.26930
0.81349 2.21021
0.81350 2.24765
0.81350 2.33677
0.81351 2.30939
0.81351 2.34589
0.81352 2.37841
0.81352 2.34106
0.81353 2.38315
0.81353 2.42407
0.81354 2.33919
0.81354 2.34744
0.81355 2.40746
0.81355 2.40753
0.81356 2.34101
0.81356 2.35171
0.81357 2.39029
0.81357 2.46158
0.81358 2.39313
0.81358 2.35768
0.81359 2.35247
0.81359 2.38057
0.81360 2.56556
0.81360 2.42079
0.81361 2.41225
0.81361 2.45459
0.81362 2.41352
0.81362 2.39900
0.81363 2.35090
0.81363 2.35949
0.81364 2.36473
0.81364 2.38161
0.81365 2.35998
0.81365 2.34969
0.81366 2.49397
0.81366 2.45609
0.81367 2.33781
0.81367 2.35675
0.81368 2.37710
0.81368 2.39227
0.81369 2.34419
0.81369 2.46738
0.81370 2.54111
0.81370 2.35321
0.81371 2.34378
0.81371 2.34583
0.81372 2.36620
0.81372 2.38856
0.81373 2.40437
0.81373 2.43827
0.81374 2.41543
0.81374 2.41659
0.81375 2.45578
0.81375 2.52847
0.81376 2.45271
0.81376 2.32748
0.81377 2.37333
0.81377 2.30762
0.81378 2.27387
0.81378 2.33023
0.81379 2.32843
0.81379 2.39646
0.81380 2.37661
0.81380 2.29623
0.81381 2.26821
0.81381 2.39611
0.81382 2.36881
0.81382 2.38523
0.81383 2.49033
0.81383 2.51053
0.81384 2.45224
0.81384 2.37998
0.81385 2.44437
0.81385 2.51917
0.81386 2.43157
0.81386 2.48912
0.81387 2.53099
0.81387 2.35083
0.81388 2.44226
0.81388 2.51935
0.81389 2.65411
0.81389 2.53652
0.81390 2.38273
0.81390 2.40130
0.81391 2.38707
0.81391 2.53081
0.81392 2.46162
0.81392 2.41210
0.81393 2.42029
0.81393 2.41064
0.81394 2.43308
0.81394 2.39403
0.81395 2.31826
0.81395 2.40090
0.81396 2.47718
0.81396 2.41114
0.81397 2.42966
0.81397 2.41636
0.81398 2.36155
0.81398 2.29867
0.81399 2.39788
0.81399 2.46118
0.81400 2.50125
0.81400 2.44051
0.81401 2.36976
0.81401 2.40980
0.81402 2.32384
0.81402 2.30456
0.81403 2.41416
0.81403 2.55324
0.81404 2.42638
0.81404 2.44573
0.81405 2.48839
0.81405 2.47493
0.81406 2.41816
0.81406 2.38186
0.81407 2.51523
0.81407 2.53999
0.81408 2.51527
0.81408 2.43571
0.81409 2.41051
0.81409 2.45945
0.81410 2.41389
0.81410 2.43018
0.81411 2.46035
0.81411 2.42063
0.81412 2.48086
0.81412 2.56753
0.81413 2.51054
0.81413 2.40020
0.81414 2.39968
0.81414 2.46605
0.81415 2.50318
0.81415 2.47544
0.81416 2.48471
0.81416 2.53311
0.81417 2.43986
0.81417 2.41950
0.81418 2.41386
0.81418 2.45698
0.81419 2.50384
0.81419 2.39257
0.81420 2.34773
0.81420 2.38807
0.81421 2.44499
0.81421 2.30999
0.81422 2.39326
0.81422 2.41308
0.81423 2.35861
0.81423 2.44037
0.81424 2.37834
0.81424 2.38261
0.81425 2.45122
0.81425 2.39271
0.81426 2.40645
0.81426 2.45298
0.81427 2.37697
0.81427 2.37107
0.81428 2.45597
0.81428 2.45337
0.81429 2.39708
0.81429 2.42161
0.81430 2.51124
0.81430 2.38714
0.81431 2.35050
0.81431 2.39862
0.81432 2.46898
0.81432 2.34767
0.81433 2.25981
0.81433 2.45768
0.81434 2.40963
0.81434 2.53549
0.81435 2.54245
0.81435 2.36917
0.81436 2.30024
0.81436 2.37038
0.81437 2.42501
0.81437 2.34175
0.81438 2.36613
0.81438 2.36517
0.81439 2.27489
0.81439 2.36436
0.81440 2.40264
0.81440 2.34822
0.81441 2.48130
0.81441 2.52902
0.81442 2.38208
0.81442 2.36743
0.81443 2.32311
0.81443 2.40388
0.81444 2.51228
0.81444 2.40720
0.81445 2.46821
0.81445 2.35528
0.81446 2.48745
0.81446 2.60506
0.81447 2.38886
0.81447 2.50757
0.81448 2.36692
0.81448 2.46652
0.81449 2.51959
0.81449 2.37912
0.81450 2.47551
0.81450 2.40779
0.81451 2.55394
0.81451 2.49595
0.81452 2.42358
0.81452 2.42549
0.81453 2.40248
0.81453 2.40643
0.81454 2.41491
0.81454 2.37929
0.81455 2.35739
0.81455 2.43931
0.81456 2.34554
0.81456 2.40796
0.81457 2.50110
0.81457 2.38248
0.81458 2.34198
0.81458 2.36744
0.81459 2.30296
0.81459 2.32620
0.81460 2.38346
0.81460 2.35345
0.81461 2.36627
0.81461 2.39068
0.81462 2.39988
0.81462 2.40647
0.81463 2.34241
0.81463 2.37372
0.81464 2.34944
0.81464 2.30865
0.81465 2.40588
0.81465 2.37245
0.81466 2.32652
0.81466 2.34011
0.81467 2.46551
0.81467 2.44054
0.81468 2.38876
0.81468 2.44379
0.81469 2.45679
0.81469 2.45993
0.81470 2.48366
0.81470 2.42054
0.81471 2.41034
0.81471 2.50786
0.81472 2.40993
0.81472 2.44257
0.81473 2.40552
0.81473 2.31090
0.81474 2.41668
0.81474 2.37306
0.81475 2.32076
0.81475 2.41576
0.81476 2.35094
0.81476 2.44947
0.81477 2.48825
0.81477 2.39172
0.81478 2.31361
0.81478 2.27305
0.81479 2.46869
0.81479 2.48575
0.81480 2.40537
0.81480 2.43855
0.81481 2.33440
0.81481 2.31582
0.81482 2.32933
0.81482 2.26397
0.81483 2.41723
0.81483 2.44874
0.81484 2.43091
0.81484 2.48789
0.81485 2.37312
0.81485 2.38683
0.81486 2.41530
0.81486 2.35166
0.81487 2.39868
0.81487 2.48408
0.81488 2.45354
0.81488 2.46595
0.81489 2.44554
0.81489 2.37143
0.81490 2.40888
0.81490 2.45707
0.81491 2.43876
0.81491 2.42947
0.81492 2.48707
0.81492 2.38842
0.81493 2.44412
0.81493 2.43377
0.81494 2.40590
0.81494 2.49663
0.81495 2.50793
0.81495 2.47669
0.81496 2.41870
0.81496 2.58919
0.81497 2.56116
0.81497 2.35718
0.81498 2.46507
0.81498 2.48717
0.81499 2.53161
0.81499 2.49032
0.81500 2.40959
0.81500 2.53662
0.81501 2.48709
0.81501 2.33799
0.81502 2.37127
0.81502 2.49983
0.81503 2.45951
0.81503 2.34888
0.81504 2.29747
0.81504 2.42199
0.81505 2.48419
0.81505 2.41049
0.81506 2.48043
0.81506 2.42803
0.81507 2.33104
0.81507 2.35724
0.81508 2.34633
0.81508 2.34997
0.81509 2.41314
0.81509 2.43985
0.81510 2.45332
0.81510 2.51321
0.81511 2.44765
0.81511 2.43282
0.81512 2.42671
0.81512 2.36127
0.81513 2.35096
0.81513 2.39505
0.81514 2.47121
0.81514 2.44124
0.81515 2.48691
0.81515 2.43465
0.81516 2.29672
0.81516 2.43105
0.81517 2.42523
0.81517 2.42198
0.81518 2.47304
0.81518 2.42945
0.81519 2.44682
0.81519 2.43296
0.81520 2.43227
0.81520 2.37089
0.81521 2.41356
0.81521 2.43233
0.81522 2.33964
0.81522 2.47627
0.81523 2.46855
0.81523 2.41726
0.81524 2.50094
0.81524 2.51302
0.81525 2.49659
0.81525 2.47745
0.81526 2.48052
0.81526 2.36949
0.81527 2.39590
0.81527 2.45598
0.81528 2.47763
0.81528 2.44263
0.81529 2.36685
0.81529 2.38289
0.81530 2.46661
0.81530 2.40986
0.81531 2.38535
0.81531 2.43304
0.81532 2.43547
0.81532 2.45095
0.81533 2.37210
0.81533 2.49858
0.81534 2.48617
0.81534 2.47939
0.81535 2.66001
0.81535 2.50104
0.81536 2.35059
0.81536 2.45273
0.81537 2.43270
0.81537 2.46019
0.81538 2.54641
0.81538 2.40930
0.81539 2.45029
0.81539 2.50558
0.81540 2.49346
0.81540 2.54868
0.81541 2.54071
0.81541 2.56401
0.81542 2.47872
0.81542 2.47656
0.81543 2.55060
0.81543 2.53905
0.81544 2.56018
0.81544 2.51445
0.81545 2.39225
0.81545 2.51357
0.81546 2.56648
0.81546 2.48134
0.81547 2.45639
0.81547 2.46951
0.81548 2.42500
0.81548 2.52408
0.81549 2.63421
0.81549 2.49628
0.81550 2.41349
0.81550 2.42737
0.81551 2.55145
0.81551 2.44947
0.81552 2.54112
0.81552 2.61195
0.81553 2.55678
0.81553 2.54324
0.81554 2.56841
0.81554 2.65802
0.81555 2.54996
0.81555 2.53504
0.81556 2.61240
0.81556 2.61243
0.81557 2.58752
0.81557 2.54891
0.81558 2.55056
0.81558 2.58599
0.81559 2.49074
0.81559 2.55661
0.81560 2.62024
0.81560 2.54253
0.81561 2.60780
0.81561 2.57126
0.81562 2.52316
0.81562 2.57479
0.81563 2.54275
0.81563 2.55131
0.81564 2.62189
0.81564 2.55683
0.81565 2.60400
0.81565 2.59749
0.81566 2.56694
0.81566 2.63424
0.81567 2.60182
0.81567 2.58626
0.81568 2.62416
0.81568 2.57118
0.81569 2.47167
0.81569 2.60284
0.81570 2.60573
0.81570 2.46553
0.81571 2.57925
0.81571 2.54599
0.81572 2.61802
0.81572 2.71894
0.81573 2.49913
0.81573 2.59373
0.81574 2.57805
0.81574 2.57346
0.81575 2.62338
0.81575 2.55604
0.81576 2.53788
0.81576 2.53009
0.81577 2.51898
0.81577 2.52211
0.81578 2.53044
0.81578 2.53876
0.81579 2.53991
0.81579 2.51400
0.81580 2.60051
0.81580 2.46384
0.81581 2.41715
0.81581 2.58313
0.81582 2.50511
0.81582 2.57001
0.81583 2.52356
0.81583 2.50698
0.81584 2.65731
0.81584 2.58467
0.81585 2.61239
0.81585 2.58198
0.81586 2.59196
0.81586 2.56669
0.81587 2.57612
0.81587 2.51857
0.81588 2.56853
0.81588 2.63009
0.81589 2.55486
0.81589 2.56274
0.81590 2.45784
0.81590 2.66301
0.81591 2.67976
0.81591 2.54218
0.81592 2.62335
0.81592 2.59666
0.81593 2.52989
0.81593 2.59602
0.81594 2.65693
0.81594 2.57030
0.81595 2.63269
0.81595 2.72608
0.81596 2.63155
0.81596 2.63935
0.81597 2.61319
0.81597 2.51303
0.81598 2.65582
0.81598 2.63080
0.81599 2.60545
0.81599 2.62439
0.81600 2.60120
0.81600 2.69881
0.81601 2.57919
0.81601 2.68143
0.81602 2.64579
0.81602 2.54122
0.81603 2.66742
0.81603 2.65032
0.81604 2.69762
0.81604 2.68575
0.81605 2.66061
0.81605 2.63788
0.81606 2.74550
0.81606 2.64876
0.81607 2.57299
0.81607 2.64416
0.81608 2.58528
0.81608 2.68902
0.81609 2.67637
0.81609 2.60187
0.81610 2.59622
0.81610 2.60221
0.81611 2.59206
0.81611 2.68624
0.81612 2.61866
0.81612 2.55915
0.81613 2.72332
0.81613 2.69995
0.81614 2.62546
0.81614 2.61357
0.81615 2.69864
0.81615 2.69461
0.81616 2.73785
0.81616 2.74061
0.81617 2.64106
0.81617 2.71985
0.81618 2.67833
0.81618 2.64150
0.81619 2.62971
0.81619 2.58364
0.81620 2.64753
0.81620 2.65996
0.81621 2.64208
0.81621 2.68964
0.81622 2.76535
0.81622 2.65828
0.81623 2.66188
0.81623 2.77371
0.81624 2.75146
0.81624 2.65123
0.81625 2.64520
0.81625 2.70645
0.81626 2.69847
0.81626 2.69972
0.81627 2.70332
0.81627 2.68168
0.81628 2.59636
0.81628 2.63603
0.81629 2.63670
0.81629 2.62376
0.81630 2.72081
0.81630 2.68936
0.81631 2.67384
0.81631 2.65090
0.81632 2.64791
0.81632 2.69931
0.81633 2.62416
0.81633 2.67047
0.81634 2.71134
0.81634 2.70275
0.81635 2.69458
0.81635 2.65145
0.81636 2.71580
0.81636 2.65128
0.81637 2.64947
0.81637 2.73181
0.81638 2.64787
0.81638 2.68297
0.81639 2.67428
0.81639 2.71280
0.81640 2.73067
0.81640 2.63158
0.81641 2.70481
0.81641 2.65692
0.81642 2.65332
0.81642 2.73290
0.81643 2.68389
0.81643 2.74953
0.81644 2.76024
0.81644 2.70043
0.81645 2.79613
0.81645 2.75476
0.81646 2.71322
0.81646 2.76735
0.81647 2.65782
0.81647 2.68819
0.81648 2.71282
0.81648 2.68748
0.81649 2.69067
0.81649 2.69355
0.81650 2.75475
0.81650 2.68963
0.81651 2.64051
0.81651 2.72572
0.81652 2.84911
0.81652 2.80123
0.81653 2.71624
0.81653 2.74429
0.81654 2.66547
0.81654 2.60184
0.81655 2.71279
0.81655 2.72571
0.81656 2.68349
0.81656 2.65985
0.81657 2.59824
0.81657 2.58854
0.81658 2.69364
0.81658 2.60933
0.81659 2.62136
0.81659 2.70773
0.81660 2.65190
0.81660 2.71208
0.81661 2.72584
0.81661 2.61872
0.81662 2.63211
0.81662 2.79719
0.81663 2.77542
0.81663 2.72872
0.81664 2.76300
0.81664 2.82911
0.81665 2.75530
0.81665 2.67107
0.81666 2.74006
0.81666 2.69110
0.81667 2.66123
0.81667 2.66900
0.81668 2.68592
0.81668 2.67758
0.81669 2.80560
0.81669 2.79137
0.81670 2.73079
0.81670 2.87971
0.81671 2.77137
0.81671 2.73925
0.81672 2.74585
0.81672 2.72689
0.81673 2.73752
0.81673 2.73805
0.81674 2.81352
0.81674 2.75182
0.81675 2.78806
0.81675 2.82310
0.81676 2.72917
0.81676 2.84150
0.81677 2.79625
0.81677 2.73853
0.81678 2.79979
0.81678 2.61727
0.81679 2.64904
0.81679 2.70271
0.81680 2.72266
0.81680 2.74321
0.81681 2.71408
0.81681 2.80769
0.81682 2.76855
0.81682 2.71578
0.81683 2.77083
0.81683 2.80414
0.81684 2.73001
0.81684 2.76446
0.81685 2.89159
0.81685 2.80692
0.81686 2.73497
0.81686 2.80200
0.81687 2.73501
0.81687 2.74878
0.81688 2.77652
0.81688 2.76279
0.81689 2.75590
0.81689 2.77545
0.81690 2.86857
0.81690 2.70626
0.81691 2.71110
0.81691 2.78481
0.81692 2.71980
0.81692 2.74905
0.81693 2.76051
0.81693 2.79356
0.81694 2.71921
0.81694 2.68036
0.81695 2.71526
0.81695 2.65220
0.81696 2.73415
0.81696 2.72492
0.81697 2.59393
0.81697 2.62738
0.81698 2.65782
0.81698 2.67861
0.81699 2.67641
0.81699 2.76666
0.81700 2.77728
0.81700 2.74441
0.81701 2.80307
0.81701 2.77972
0.81702 2.78380
0.81702 2.76107
0.81703 2.75795
0.81703 2.72697
0.81704 2.70713
0.81704 2.67048
0.81705 2.71212
0.81705 2.68845
0.81706 2.67782
0.81706 2.75143
0.81707 2.74874
0.81707 2.74009
0.81708 2.62578
0.81708 2.72713
0.81709 2.77996
0.81709 2.70150
0.81710 2.76428
0.81710 2.77797
0.81711 2.73807
0.81711 2.75405
0.81712 2.82043
0.81712 2.73039
0.81713 2.67822
0.81713 2.73321
0.81714 2.78279
0.81714 2.78749
0.81715 2.74101
0.81715 2.82621
0.81716 2.81420
0.81716 2.81605
0.81717 2.80993
0.81717 2.82328
0.81718 2.78666
0.81718 2.71360
0.81719 2.71356
0.81719 2.63255
0.81720 2.76146
0.81720 2.79882
0.81721 2.76161
0.81721 2.81188
0.81722 2.72033
0.81722 2.77714
0.81723 2.80973
0.81723 2.84834
0.81724 2.77687
0.81724 2.75830
0.81725 2.79211
0.81725 2.77465
0.81726 2.87384
0.81726 2.78949
0.81727 2.82039
0.81727 2.84892
0.81728 2.80947
0.81728 2.81648
0.81729 2.66129
0.81729 2.71631
0.81730 2.85580
0.81730 2.78468
0.81731 2.77730
0.81731 2.75368
0.81732 2.91618
0.81732 2.78852
0.81733 2.79302
0.81733 2.87854
0.81734 2.69445
0.81734 2.87188
0.81735 2.75435
0.81735 2.76783
0.81736 2.84923
0.81736 2.76147
0.81737 2.79512
0.81737 2.72521
0.81738 2.72843
0.81738 2.83022
0.81739 2.84790
0.81739 2.81447
0.81740 2.82891
0.81740 2.73543
0.81741 2.76527
0.81741 2.77327
0.81742 2.78112
0.81742 2.85970
0.81743 2.84310
0.81743 2.84032
0.81744 2.80943
0.81744 2.71453
0.81745 2.69481
0.81745 2.68850
0.81746 2.69882
0.81746 2.76432
0.81747 2.79286
0.81747 2.86209
0.81748 2.88682
0.81748 2.81194
0.81749 2.82818
0.81749 2.84674
0.81750 2.74721
0.81750 2.88455
0.81751 2.82850
0.81751 2.74766
0.81752 2.79150
0.81752 2.77748
0.81753 2.88161
0.81753 2.79682
0.81754 2.81308
0.81754 2.83108
0.81755 2.74569
0.81755 2.75796
0.81756 2.83256
0.81756 2.79405
0.81757 2.75049
0.81757 2.79866
0.81758 2.79295
0.81758 2.80217
0.81759 2.68998
0.81759 2.73981
0.81760 2.77324
0.81760 2.85084
0.81761 2.91433
0.81761 2.85452
0.81762 2.88612
0.81762 2.70163
0.81763 2.80401
0.81763 2.87100
0.81764 2.86550
0.81764 3.01268
0.81765 2.88792
0.81765 2.88116
0.81766 2.83855
0.81766 2.72886
0.81767 2.74379
0.81767 2.76908
0.81768 2.78458
0.81768 2.77854
0.81769 2.77237
0.81769 2.81265
0.81770 2.81264
0.81770 2.79542
0.81771 2.76736
0.81771 2.84494
0.81772 2.87960
0.81772 2.85970
0.81773 2.88434
0.81773 2.80964
0.81774 2.76684
0.81774 2.76057
0.81775 2.79912
0.81775 2.82380
0.81776 2.80286
0.81776 2.84958
0.81777 2.88198
0.81777 2.77766
0.81778 2.72498
0.81778 2.90282
0.81779 2.85587
0.81779 2.75726
0.81780 2.70602
0.81780 2.64853
0.81781 2.86739
0.81781 2.85703
0.81782 2.71432
0.81782 2.77973
0.81783 2.71605
0.81783 2.68121
0.81784 2.79335
0.81784 2.76513
0.81785 2.76726
0.81785 2.84438
0.81786 2.85893
0.81786 2.80011
0.81787 2.83179
0.81787 2.84289
0.81788 2.85802
0.81788 2.77430
0.81789 2.70739
0.81789 2.76373
0.81790 2.84392
0.81790 2.83799
0.81791 2.73697
0.81791 2.76862
0.81792 2.82868
0.81792 2.76243
0.81793 2.74351
0.81793 2.80236
0.81794 2.73149
0.81794 2.72807
0.81795 2.73940
0.81795 2.75824
0.81796 2.80134
0.81796 2.79715
0.81797 2.71967
0.81797 2.73088
0.81798 2.75968
0.81798 2.79948
0.81799 2.90033
0.81799 2.81827
0.81800 2.75673
0.81800 2.77623
0.81801 2.61026
0.81801 2.62914
0.81802 2.74517
0.81802 2.80565
0.81803 2.77024
0.81803 2.59819
0.81804 2.67539
0.81804 2.68906
0.81805 2.67718
0.81805 2.73224
0.81806 2.76321
0.81806 2.74524
0.81807 2.63516
0.81807 2.69055
0.81808 2.77654
0.81808 2.65226
0.81809 2.71500
0.81809 2.81269
0.81810 2.61500
0.81810 2.67679
0.81811 2.69400
0.81811 2.66101
0.81812 2.68449
0.81812 2.67217
0.81813 2.73507
0.81813 2.69318
0.81814 2.58876
0.81814 2.61312
0.81815 2.68020
0.81815 2.78435
0.81816 2.70709
0.81816 2.58734
0.81817 2.69356
0.81817 2.61570
0.81818 2.64582
0.81818 2.80722
0.81819 2.78350
0.81819 2.70580
0.81820 2.71770
0.81820 2.70569
0.81821 2.67776
0.81821 2.63977
0.81822 2.63774
0.81822 2.77912
0.81823 2.70245
0.81823 2.68102
0.81824 2.76877
0.81824 2.70278
0.81825 2.64605
0.81825 2.66148
0.81826 2.64854
0.81826 2.61603
0.81827 2.72909
0.81827 2.70122
0.81828 2.58966
0.81828 2.62630
0.81829 2.69687
0.81829 2.62820
0.81830 2.59459
0.81830 2.63809
0.81831 2.67474
0.81831 2.58912
0.81832 2.56598
0.81832 2.65103
0.81833 2.58305
0.81833 2.61690
0.81834 2.70148
0.81834 2.67513
0.81835 2.62844
0.81835 2.70138
0.81836 2.53559
0.81836 2.56537
0.81837 2.68615
0.81837 2.59912
0.81838 2.68818
0.81838 2.65534
0.81839 2.72747
0.81839 2.80152
0.81840 2.63505
0.81840 2.61002
0.81841 2.67115
0.81841 2.58173
0.81842 2.60002
0.81842 2.62447
0.81843 2.63953
0.81843 2.65828
0.81844 2.62288
0.81844 2.62292
0.81845 2.66491
0.81845 2.53736
0.81846 2.58932
0.81846 2.65751
0.81847 2.54566
0.81847 2.69030
0.81848 2.71225
0.81848 2.61926
0.81849 2.68953
0.81849 2.63254
0.81850 2.58872
0.81850 2.64188
0.81851 2.63792
0.81851 2.56459
0.81852 2.53761
0.81852 2.67130
0.81853 2.64887
0.81853 2.60011
0.81854 2.64596
0.81854 2.62003
0.81855 2.60378
0.81855 2.55668
0.81856 2.55361
0.81856 2.59118
0.81857 2.66641
0.81857 2.54120
0.81858 2.47911
0.81858 2.64855
0.81859 2.51672
0.81859 2.53451
0.81860 2.61001
0.81860 2.59472
0.81861 2.55745
0.81861 2.59869
0.81862 2.52807
0.81862 2.53360
0.81863 2.54168
0.81863 2.45706
0.81864 2.50645
0.81864 2.52172
0.81865 2.56950
0.81865 2.59090
0.81866 2.60155
0.81866 2.59502
0.81867 2.45341
0.81867 2.42173
0.81868 2.53515
0.81868 2.54305
0.81869 2.49769
0.81869 2.46722
0.81870 2.43309
0.81870 2.47585
0.81871 2.57160
0.81871 2.51638
0.81872 2.55579
0.81872 2.55477
0.81873 2.52500
0.81873 2.44834
0.81874 2.56128
0.81874 2.59710
0.81875 2.46440
0.81875 2.54432
0.81876 2.51490
0.81876 2.51839
0.81877 2.58915
0.81877 2.59519
0.81878 2.48780
0.81878 2.43407
0.81879 2.55457
0.81879 2.57603
0.81880 2.47456
0.81880 2.47845
0.81881 2.48640
0.81881 2.52788
0.81882 2.54598
0.81882 2.50514
0.81883 2.46556
0.81883 2.44786
0.81884 2.51295
0.81884 2.48860
0.81885 2.39051
0.81885 2.45644
0.81886 2.47955
0.81886 2.31024
0.81887 2.38393
0.81887 2.52882
0.81888 2.52941
0.81888 2.40114
0.81889 2.39444
0.81889 2.38466
0.81890 2.42484
0.81890 2.51578
0.81891 2.33614
0.81891 2.45298
0.81892 2.47143
0.81892 2.35379
0.81893 2.39708
0.81893 2.33610
0.81894 2.37522
0.81894 2.32247
0.81895 2.21013
0.81895 2.33024
0.81896 2.39701
0.81896 2.33077
0.81897 2.38214
0.81897 2.24932
0.81898 2.34335
0.81898 2.50447
0.81899 2.37810
0.81899 2.42039
0.81900 2.42371
0.81900 2.28435
0.81901 2.29874
0.81901 2.29979
0.81902 2.18915
0.81902 2.27452
0.81903 2.31897
0.81903 2.28238
0.81904 2.29084
0.81904 2.31205
0.81905 2.26399
0.81905 2.27017
0.81906 2.23126
0.81906 2.32050
0.81907 2.42198
0.81907 2.31678
0.81908 2.23556
0.81908 2.23301
0.81909 2.23505
0.81909 2.27836
0.81910 2.38186
0.81910 2.25156
0.81911 2.20752
0.81911 2.27552
0.81912 2.21711
0.81912 2.24787
0.81913 2.22309
0.81913 2.23232
0.81914 2.24611
0.81914 2.18437
0.81915 2.20575
0.81915 2.23438
0.81916 2.13985
0.81916 2.20520
0.81917 2.17078
0.81917 2.13318
0.81918 2.24914
0.81918 2.26188
0.81919 2.20554
0.81919 2.12704
0.81920 2.22264
0.81920 2.17543
0.81921 2.17577
0.81921 2.19929
0.81922 2.10867
0.81922 2.17940
0.81923 2.20555
0.81923 2.17331
0.81924 2.17573
0.81924 2.19174
0.81925 2.22339
0.81925 2.11560
0.81926 2.21774
0.81926 2.25739
0.81927 2.18289
0.81927 2.20221
0.81928 2.08863
0.81928 2.19333
0.81929 2.15975
0.81929 2.10057
0.81930 2.20547
0.81930 2.20475
0.81931 2.17260
0.81931 2.06020
0.81932 2.17559
0.81932 2.17259
0.81933 2.16108
0.81933 2.21840
0.81934 2.10513
0.81934 2.19187
0.81935 2.22530
0.81935 2.15831
0.81936 2.22741
0.81936 2.20128
0.81937 2.12852
0.81937 2.07946
0.81938 2.04755
0.81938 2.11595
0.81939 2.13736
0.81939 2.13323
0.81940 2.11261
0.81940 2.02029
0.81941 2.12901
0.81941 2.13657
0.81942 2.00131
0.81942 2.13956
0.81943 2.08059
0.81943 2.05800
0.81944 2.13943
0.81944 1.99196
0.81945 2.01470
0.81945 2.09346
0.81946 2.15748
0.81946 2.18365
0.81947 2.08020
0.81947 2.04755
0.81948 2.02994
0.81948 2.15798
0.81949 2.15135
0.81949 2.12349
0.81950 2.15996
0.81950 2.07110
0.81951 2.06688
0.81951 2.05323
0.81952 2.06948
0.81952 2.08009
0.81953 2.05157
0.81953 2.03711
0.81954 2.08447
0.81954 2.05648
0.81955 1.97657
0.81955 2.04030
0.81956 2.09813
0.81956 2.11951
0.81957 2.08867
0.81957 2.07496
0.81958 2.07065
0.81958 2.03059
0.81959 2.07860
0.81959 2.04163
0.81960 2.11277
0.81960 2.10205
0.81961 2.07742
0.81961 2.11042
0.81962 2.10886
0.81962 2.05883
0.81963 2.04666
0.81963 2.11978
0.81964 2.05882
0.81964 2.10210
0.81965 2.08147
0.81965 2.07323
0.81966 2.11485
0.81966 2.06431
0.81967 2.06552
0.81967 2.09571
0.81968 2.11411
0.81968 2.08600
0.81969 2.07443
0.81969 2.17786
0.81970 2.12433
0.81970 2.07172
0.81971 2.16703
0.81971 2.08357
0.81972 2.03134
0.81972 2.09559
0.81973 2.09171
0.81973 2.03573
0.81974 2.09842
0.81974 2.11703
0.81975 2.07757
0.81975 2.02532
0.81976 1.99024
0.81976 2.04931
0.81977 2.06359
0.81977 2.12401
0.81978 2.15337
0.81978 2.04296
0.81979 2.09167
0.81979 2.12526
0.81980 2.02220
0.81980 2.05391
0.81981 2.03829
0.81981 2.04185
0.81982 2.08644
0.81982 2.14415
0.81983 2.10518
0.81983 2.05052
0.81984 2.03210
0.81984 2.05891
0.81985 2.02784
0.81985 2.06083
0.81986 2.08391
0.81986 2.04431
0.81987 2.06686
0.81987 2.05696
0.81988 2.08400
0.81988 2.02146
0.81989 2.07628
0.81989 2.07685
0.81990 2.06136
0.81990 2.12414
0.81991 2.11259
0.81991 2.02754
0.81992 2.06530
0.81992 2.06019
0.81993 2.03485
0.81993 2.08306
0.81994 2.06748
0.81994 2.16414
0.81995 2.10559
0.81995 2.07760
0.81996 2.13882
0.81996 2.00521
0.81997 2.06146
0.81997 2.07798
0.81998 2.04401
0.81998 2.15175
0.81999 2.14149
0.81999 2.05384
0.82000 2.07962
0.82000 2.11169
0.82001 2.03081
0.82001 2.11335
0.82002 2.12831
0.82002 2.02533
0.82003 2.08482
0.82003 2.13557
0.82004 2.06330
0.82004 2.09397
0.82005 2.09124
0.82005 2.04911
0.82006 2.04318
0.82006 2.09667
0.82007 2.10290
0.82007 2.07383
0.82008 2.12836
0.82008 2.04589
0.82009 1.97591
0.82009 2.07940
0.82010 2.12178
0.82010 2.08538
0.82011 2.09987
0.82011 2.01720
0.82012 2.07556
0.82012 2.07212
0.82013 2.06926
0.82013 2.10151
0.82014 2.06641
0.82014 2.06732
0.82015 2.02859
0.82015 2.09740
0.82016 2.07633
0.82016 2.00729
0.82017 2.04182
0.82017 2.01456
0.82018 2.08728
0.82018 2.14493
0.82019 1.96824
0.82019 2.02060
0.82020 2.08948
0.82020 2.03787
0.82021 2.06157
0.82021 2.11695
0.82022 2.14579
0.82022 2.03721
0.82023 1.99366
0.82023 2.03453
0.82024 2.13871
0.82024 2.05207
0.82025 1.98115
0.82025 2.13974
0.82026 2.05301
0.82026 1.98709
0.82027 2.11927
0.82027 2.00445
0.82028 1.98987
0.82028 2.05739
0.82029 2.03697
0.82029 2.03050
0.82030 2.02230
0.82030 2.05527
0.82031 2.01846
0.82031 2.06641
0.82032 2.04041
0.82032 1.98691
0.82033 2.06075
0.82033 2.08524
0.82034 2.04207
0.82034 1.97564
0.82035 2.03169
0.82035 2.03733
0.82036 2.05558
0.82036 2.06362
0.82037 2.02473
0.82037 2.05844
0.82038 2.02896
0.82038 1.97837
0.82039 1.96228
0.82039 2.05654
0.82040 2.02367
0.82040 1.99485
0.82041 1.98584
0.82041 2.04883
0.82042 2.01782
0.82042 1.92085
0.82043 1.99308
0.82043 2.03109
0.82044 2.08798
0.82044 2.04918
0.82045 1.95803
0.82045 2.01197
0.82046 2.03864
0.82046 1.99958
0.82047 1.98171
0.82047 1.96503
0.82048 2.02248
0.82048 1.98304
0.82049 1.94591
0.82049 1.95361
0.82050 1.98096
0.82050 2.02892
0.82051 1.88280
0.82051 2.00377
0.82052 2.06580
0.82052 1.98130
0.82053 2.08363
0.82053 1.99606
0.82054 2.02025
0.82054 2.00557
0.82055 2.04961
0.82055 2.00406
0.82056 1.90869
0.82056 2.00524
0.82057 2.04487
0.82057 2.03659
0.82058 1.95921
0.82058 1.97981
0.82059 1.96585
0.82059 1.93889
0.82060 1.91030
0.82060 1.90513
0.82061 2.01294
0.82061 1.97886
0.82062 1.93598
0.82062 1.99424
0.82063 1.96139
0.82063 2.00239
0.82064 2.03707
0.82064 1.98532
0.82065 2.07153
0.82065 2.05049
0.82066 1.98953
0.82066 2.01916
0.82067 1.95126
0.82067 1.98135
0.82068 1.95858
0.82068 1.98482
0.82069 2.00158
0.82069 1.93837
0.82070 2.03520
0.82070 1.99185
0.82071 1.94584
0.82071 1.90133
0.82072 1.90578
0.82072 1.99162
0.82073 2.01377
0.82073 2.03840
0.82074 1.98598
0.82074 1.90920
0.82075 1.89847
0.82075 1.89344
0.82076 1.94581
0.82076 1.98135
0.82077 1.94497
0.82077 1.89479
0.82078 1.92204
0.82078 1.89142
0.82079 1.86286
0.82079 1.97336
0.82080 1.99844
0.82080 1.99135
0.82081 2.00237
0.82081 1.92314
0.82082 1.91215
0.82082 1.97330
0.82083 1.89791
0.82083 1.89307
0.82084 1.94042
0.82084 1.95147
0.82085 1.91923
0.82085 1.84196
0.82086 1.89833
0.82086 1.94462
0.82087 1.95946
0.82087 2.03583
0.82088 1.96015
0.82088 1.82733
0.82089 1.84858
0.82089 1.87746
0.82090 1.84375
0.82090 1.84309
0.82091 1.86227
0.82091 1.89288
0.82092 1.89799
0.82092 1.87889
0.82093 1.86051
0.82093 1.79674
0.82094 1.83614
0.82094 1.85133
0.82095 1.83330
0.82095 1.85820
0.82096 1.75526
0.82096 1.85736
0.82097 1.86594
0.82097 1.79673
0.82098 1.95170
0.82098 1.90658
0.82099 1.86248
0.82099 1.78385
0.82100 1.81508
0.82100 1.95312
0.82101 1.82648
0.82101 1.79692
0.82102 1.84811
0.82102 1.78254
0.82103 1.70423
0.82103 1.71555
0.82104 1.85103
0.82104 1.86981
0.82105 1.80632
0.82105 1.82941
0.82106 1.79986
0.82106 1.74240
0.82107 1.82356
0.82107 1.81551
0.82108 1.68243
0.82108 1.79285
0.82109 1.81805
0.82109 1.78166
0.82110 1.83734
0.82110 1.77116
0.82111 1.72989
0.82111 1.75664
0.82112 1.73225
0.82112 1.78677
0.82113 1.80774
0.82113 1.81492
0.82114 1.73155
0.82114 1.64088
0.82115 1.73886
0.82115 1.76158
0.82116 1.83254
0.82116 1.72383
0.82117 1.76225
0.82117 1.82807
0.82118 1.70365
0.82118 1.75564
0.82119 1.74434
0.82119 1.71669
0.82120 1.71561
0.82120 1.67060
0.82121 1.79495
0.82121 1.80878
0.82122 1.75299
0.82122 1.77289
0.82123 1.69089
0.82123 1.72429
0.82124 1.73573
0.82124 1.72972
0.82125 1.81653
0.82125 1.75049
0.82126 1.68204
0.82126 1.71600
0.82127 1.70889
0.82127 1.70429
0.82128 1.79578
0.82128 1.81570
0.82129 1.72354
0.82129 1.70573
0.82130 1.70679
0.82130 1.76279
0.82131 1.76677
0.82131 1.74712
0.82132 1.72511
0.82132 1.77952
0.82133 1.74959
0.82133 1.70294
0.82134 1.82170
0.82134 1.73319
0.82135 1.61209
0.82135 1.68321
0.82136 1.71901
0.82136 1.71554
0.82137 1.65230
0.82137 1.75993
0.82138 1.80026
0.82138 1.71246
0.82139 1.75559
0.82139 1.74775
0.82140 1.70812
0.82140 1.68067
0.82141 1.78449
0.82141 1.75735
0.82142 1.71343
0.82142 1.71368
0.82143 1.67945
0.82143 1.73755
0.82144 1.72575
0.82144 1.73179
0.82145 1.68972
0.82145 1.75574
0.82146 1.73754
0.82146 1.61862
0.82147 1.69107
0.82147 1.64614
0.82148 1.68335
0.82148 1.67780
0.82149 1.65039
0.82149 1.71688
0.82150 1.68785
0.82150 1.69108
0.82151 1.64979
0.82151 1.72665
0.82152 1.69774
0.82152 1.65556
0.82153 1.70778
0.82153 1.64865
0.82154 1.73152
0.82154 1.67203
0.82155 1.66463
0.82155 1.70183
0.82156 1.65150
0.82156 1.69406
0.82157 1.66197
0.82157 1.67058
0.82158 1.70698
0.82158 1.57905
0.82159 1.66016
0.82159 1.69973
0.82160 1.57158
0.82160 1.63104
0.82161 1.69574
0.82161 1.70583
0.82162 1.66040
0.82162 1.62654
0.82163 1.60254
0.82163 1.61468
0.82164 1.60513
0.82164 1.62914
0.82165 1.66550
0.82165 1.66187
0.82166 1.63920
0.82166 1.62392
0.82167 1.66049
0.82167 1.68246
0.82168 1.69338
0.82168 1.62568
0.82169 1.69889
0.82169 1.66944
0.82170 1.59802
0.82170 1.62270
0.82171 1.56818
0.82171 1.70232
0.82172 1.66614
0.82172 1.65253
0.82173 1.61287
0.82173 1.57533
0.82174 1.67940
0.82174 1.68609
0.82175 1.69083
0.82175 1.61000
0.82176 1.61993
0.82176 1.61868
0.82177 1.62639
0.82177 1.61141
0.82178 1.65988
0.82178 1.68852
0.82179 1.63865
0.82179 1.73522
0.82180 1.60200
0.82180 1.53654
0.82181 1.59245
0.82181 1.57997
0.82182 1.55837
0.82182 1.58173
0.82183 1.63808
0.82183 1.63292
0.82184 1.64583
0.82184 1.61842
0.82185 1.59476
0.82185 1.59157
0.82186 1.65133
0.82186 1.62659
0.82187 1.57051
0.82187 1.68623
0.82188 1.65355
0.82188 1.58003
0.82189 1.69877
0.82189 1.68956
0.82190 1.70352
0.82190 1.63567
0.82191 1.53631
0.82191 1.60817
0.82192 1.60437
0.82192 1.53585
0.82193 1.56126
0.82193 1.59159
0.82194 1.61158
0.82194 1.65733
0.82195 1.53330
0.82195 1.55931
0.82196 1.60915
0.82196 1.55639
0.82197 1.59235
0.82197 1.59148
0.82198 1.58921
0.82198 1.59611
0.82199 1.64189
0.82199 1.63183
0.82200 1.58536
0.82200 1.54321
0.82201 1.50656
0.82201 1.59401
0.82202 1.61881
0.82202 1.60093
0.82203 1.57627
0.82203 1.59296
0.82204 1.54708
0.82204 1.52106
0.82205 1.54500
0.82205 1.52042
0.82206 1.59927
0.82206 1.56758
0.82207 1.54373
0.82207 1.61414
0.82208 1.55968
0.82208 1.50505
0.82209 1.54855
0.82209 1.56852
0.82210 1.62692
0.82210 1.61160
0.82211 1.53323
0.82211 1.57570
0.82212 1.52967
0.82212 1.54101
0.82213 1.60924
0.82213 1.57873
0.82214 1.58656
0.82214 1.51297
0.82215 1.50881
0.82215 1.53595
0.82216 1.58526
0.82216 1.64214
0.82217 1.59964
0.82217 1.53456
0.82218 1.50769
0.82218 1.53247
0.82219 1.59442
0.82219 1.56405
0.82220 1.59493
0.82220 1.61258
0.82221 1.52895
0.82221 1.59138
0.82222 1.56571
0.82222 1.54163
0.82223 1.57768
0.82223 1.51024
0.82224 1.56510
0.82224 1.58735
0.82225 1.46869
0.82225 1.51252
0.82226 1.56067
0.82226 1.53638
0.82227 1.48949
0.82227 1.52016
0.82228 1.53003
0.82228 1.53083
0.82229 1.50105
0.82229 1.55101
0.82230 1.60711
0.82230 1.49778
0.82231 1.51877
0.82231 1.50852
0.82232 1.49227
0.82232 1.48434
0.82233 1.50109
0.82233 1.53538
0.82234 1.54071
0.82234 1.53390
0.82235 1.48619
0.82235 1.53949
0.82236 1.52035
0.82236 1.46257
0.82237 1.54883
0.82237 1.55341
0.82238 1.48509
0.82238 1.46312
0.82239 1.48335
0.82239 1.58376
0.82240 1.50499
0.82240 1.45404
0.82241 1.49806
0.82241 1.49724
0.82242 1.54323
0.82242 1.59657
0.82243 1.50387
0.82243 1.41275
0.82244 1.53332
0.82244 1.55386
0.82245 1.54088
0.82245 1.45531
0.82246 1.41690
0.82246 1.45296
0.82247 1.46508
0.82247 1.47515
0.82248 1.45936
0.82248 1.49755
0.82249 1.50468
0.82249 1.52787
0.82250 1.51821
0.82250 1.45145
0.82251 1.51123
0.82251 1.50967
0.82252 1.50486
0.82252 1.51657
0.82253 1.45468
0.82253 1.44962
0.82254 1.47212
0.82254 1.49979
0.82255 1.50419
0.82255 1.47683
0.82256 1.51479
0.82256 1.53681
0.82257 1.44839
0.82257 1.46330
0.82258 1.43547
0.82258 1.40908
0.82259 1.47878
0.82259 1.49612
0.82260 1.50043
0.82260 1.47361
0.82261 1.42790
0.82261 1.52329
0.82262 1.55966
0.82262 1.51317
0.82263 1.50186
0.82263 1.43843
0.82264 1.45754
0.82264 1.47558
0.82265 1.40564
0.82265 1.44067
0.82266 1.48929
0.82266 1.49296
0.82267 1.48538
0.82267 1.45663
0.82268 1.45292
0.82268 1.47872
0.82269 1.49586
0.82269 1.37257
0.82270 1.43842
0.82270 1.46639
0.82271 1.39172
0.82271 1.45699
0.82272 1.37274
0.82272 1.47773
0.82273 1.50942
0.82273 1.39286
0.82274 1.45804
0.82274 1.44731
0.82275 1.39541
0.82275 1.38174
0.82276 1.44580
0.82276 1.43463
0.82277 1.43391
0.82277 1.44795
0.82278 1.44468
0.82278 1.46642
0.82279 1.43997
0.82279 1.46462
0.82280 1.49285
0.82280 1.46057
0.82281 1.42270
0.82281 1.49327
0.82282 1.45986
0.82282 1.45641
0.82283 1.45706
0.82283 1.37249
0.82284 1.51118
0.82284 1.46938
0.82285 1.35970
0.82285 1.49423
0.82286 1.54693
0.82286 1.41535
0.82287 1.40410
0.82287 1.44688
0.82288 1.43825
0.82288 1.35392
0.82289 1.39703
0.82289 1.47640
0.82290 1.43029
0.82290 1.47212
0.82291 1.42698
0.82291 1.37572
0.82292 1.44739
0.82292 1.46354
0.82293 1.40969
0.82293 1.47660
0.82294 1.48723
0.82294 1.42274
0.82295 1.43335
0.82295 1.41089
0.82296 1.42032
0.82296 1.45334
0.82297 1.43705
0.82297 1.42291
0.82298 1.38389
0.82298 1.41835
0.82299 1.42680
0.82299 1.45948
0.82300 1.41656
0.82300 1.34330
0.82301 1.37661
0.82301 1.40144
0.82302 1.41562
0.82302 1.41008
0.82303 1.41624
0.82303 1.39196
0.82304 1.39498
0.82304 1.37345
0.82305 1.37716
0.82305 1.44800
0.82306 1.39138
0.82306 1.41251
0.82307 1.45835
0.82307 1.39380
0.82308 1.38435
0.82308 1.47867
0.82309 1.49636
0.82309 1.47466
0.82310 1.47104
0.82310 1.37693
0.82311 1.44614
0.82311 1.40954
0.82312 1.41471
0.82312 1.45244
0.82313 1.41552
0.82313 1.44216
0.82314 1.39908
0.82314 1.41022
0.82315 1.43627
0.82315 1.47198
0.82316 1.44889
0.82316 1.37081
0.82317 1.32793
0.82317 1.34802
0.82318 1.52482
0.82318 1.46858
0.82319 1.34109
0.82319 1.47103
0.82320 1.39401
0.82320 1.35722
0.82321 1.49199
0.82321 1.49097
0.82322 1.45626
0.82322 1.44652
0.82323 1.37105
0.82323 1.31581
0.82324 1.33259
0.82324 1.38756
0.82325 1.48496
0.82325 1.44648
0.82326 1.34794
0.82326 1.39632
0.82327 1.37299
0.82327 1.33901
0.82328 1.40625
0.82328 1.44542
0.82329 1.45487
0.82329 1.38772
0.82330 1.38550
0.82330 1.40606
0.82331 1.40711
0.82331 1.39155
0.82332 1.39221
0.82332 1.40105
0.82333 1.42336
0.82333 1.45844
0.82334 1.40923
0.82334 1.35583
0.82335 1.46345
0.82335 1.43499
0.82336 1.35949
0.82336 1.43400
0.82337 1.45263
0.82337 1.36850
0.82338 1.34364
0.82338 1.37216
0.82339 1.38521
0.82339 1.46153
0.82340 1.46071
0.82340 1.38018
0.82341 1.36103
0.82341 1.42551
0.82342 1.38907
0.82342 1.40578
0.82343 1.43355
0.82343 1.35074
0.82344 1.34754
0.82344 1.40981
0.82345 1.35542
0.82345 1.37261
0.82346 1.46110
0.82346 1.43299
0.82347 1.38930
0.82347 1.38518
0.82348 1.38745
0.82348 1.34989
0.82349 1.29546
0.82349 1.40968
0.82350 1.38756
0.82350 1.36689
0.82351 1.42654
0.82351 1.40472
0.82352 1.41778
0.82352 1.35843
0.82353 1.31167
0.82353 1.35506
0.82354 1.49174
0.82354 1.42802
0.82355 1.34230
0.82355 1.34294
0.82356 1.36002
0.82356 1.33483
0.82357 1.34710
0.82357 1.36622
0.82358 1.39208
0.82358 1.42913
0.82359 1.36606
0.82359 1.40998
0.82360 1.34069
0.82360 1.31825
0.82361 1.34415
0.82361 1.33977
0.82362 1.35961
0.82362 1.36531
0.82363 1.36775
0.82363 1.36302
0.82364 1.36870
0.82364 1.35219
0.82365 1.36286
0.82365 1.36294
0.82366 1.40009
0.82366 1.33648
0.82367 1.32550
0.82367 1.37132
0.82368 1.34471
0.82368 1.33148
0.82369 1.34776
0.82369 1.36817
0.82370 1.33188
0.82370 1.35347
0.82371 1.40927
0.82371 1.34217
0.82372 1.32276
0.82372 1.36435
0.82373 1.38237
0.82373 1.33471
0.82374 1.36269
0.82374 1.28504
0.82375 1.27177
0.82375 1.37390
0.82376 1.35088
0.82376 1.32695
0.82377 1.38234
0.82377 1.39936
0.82378 1.34713
0.82378 1.34703
0.82379 1.35636
0.82379 1.37276
0.82380 1.36137
0.82380 1.33995
0.82381 1.38171
0.82381 1.39521
0.82382 1.28390
0.82382 1.37280
0.82383 1.38489
0.82383 1.36142
0.82384 1.36194
0.82384 1.28813
0.82385 1.35598
0.82385 1.34870
0.82386 1.26938
0.82386 1.30708
0.82387 1.29506
0.82387 1.33259
0.82388 1.37379
0.82388 1.40468
0.82389 1.41491
0.82389 1.35788
0.82390 1.39155
0.82390 1.33357
0.82391 1.35135
0.82391 1.33984
0.82392 1.31151
0.82392 1.32162
0.82393 1.34328
0.82393 1.45266
0.82394 1.38245
0.82394 1.31630
0.82395 1.38382
0.82395 1.32994
0.82396 1.37313
0.82396 1.34831
0.82397 1.30390
0.82397 1.37559
0.82398 1.38876
0.82398 1.36685
0.82399 1.30849
0.82399 1.40387
0.82400 1.39153
0.82400 1.28530
0.82401 1.29553
0.82401 1.34332
0.82402 1.34731
0.82402 1.34587
0.82403 1.33061
0.82403 1.42574
0.82404 1.34159
0.82404 1.24154
0.82405 1.34906
0.82405 1.28237
0.82406 1.24859
0.82406 1.36373
0.82407 1.31378
0.82407 1.27973
0.82408 1.32429
0.82408 1.30994
0.82409 1.41250
0.82409 1.32411
0.82410 1.27210
0.82410 1.35582
0.82411 1.31131
0.82411 1.23026
0.82412 1.29919
0.82412 1.43486
0.82413 1.33318
0.82413 1.24677
0.82414 1.33150
0.82414 1.36134
0.82415 1.29949
0.82415 1.27868
0.82416 1.31587
0.82416 1.31823
0.82417 1.28148
0.82417 1.31331
0.82418 1.30885
0.82418 1.33196
0.82419 1.33719
0.82419 1.28334
0.82420 1.34177
0.82420 1.36638
0.82421 1.33778
0.82421 1.23112
0.82422 1.26010
0.82422 1.27924
0.82423 1.26328
0.82423 1.31490
0.82424 1.32834
0.82424 1.31876
0.82425 1.31621
0.82425 1.27299
0.82426 1.29741
0.82426 1.40081
0.82427 1.30896
0.82427 1.28258
0.82428 1.30143
0.82428 1.31033
0.82429 1.29178
0.82429 1.21285
0.82430 1.31364
0.82430 1.25868
0.82431 1.24342
0.82431 1.32787
0.82432 1.24494
0.82432 1.27080
0.82433 1.35883
0.82433 1.23836
0.82434 1.16650
0.82434 1.34763
0.82435 1.32652
0.82435 1.29687
0.82436 1.34813
0.82436 1.22480
0.82437 1.30989
0.82437 1.28939
0.82438 1.20663
0.82438 1.25710
0.82439 1.30682
0.82439 1.39389
0.82440 1.30923
0.82440 1.20037
0.82441 1.30857
0.82441 1.31609
0.82442 1.24712
0.82442 1.29751
0.82443 1.21448
0.82443 1.23563
0.82444 1.19210
0.82444 1.29989
0.82445 1.40720
0.82445 1.13361
0.82446 1.24306
0.82446 1.32609
0.82447 1.21935
0.82447 1.35660
0.82448 1.31396
0.82448 1.31044
0.82449 1.30085
0.82449 1.31967
0.82450 1.31374
0.82450 1.20502
0.82451 1.23569
0.82451 1.27439
0.82452 1.28273
0.82452 1.27720
0.82453 1.28859
0.82453 1.38056
0.82454 1.33707
0.82454 1.27634
0.82455 1.32273
0.82455 1.30261
0.82456 1.23454
0.82456 1.27068
0.82457 1.30187
0.82457 1.22979
0.82458 1.26828
0.82458 1.22558
0.82459 1.29605
0.82459 1.29816
0.82460 1.27520
0.82460 1.23553
0.82461 1.14307
0.82461 1.30447
0.82462 1.23366
0.82462 1.14743
0.82463 1.31819
0.82463 1.29968
0.82464 1.30035
0.82464 1.27969
0.82465 1.17954
0.82465 1.30529
0.82466 1.23646
0.82466 1.19707
0.82467 1.32236
0.82467 1.26324
0.82468 1.25800
0.82468 1.23158
0.82469 1.25487
0.82469 1.26439
0.82470 1.26180
0.82470 1.24512
0.82471 1.27871
0.82471 1.28016
0.82472 1.19240
0.82472 1.30820
0.82473 1.28965
0.82473 1.27111
0.82474 1.27628
0.82474 1.25026
0.82475 1.22785
0.82475 1.25138
0.82476 1.25858
0.82476 1.16621
0.82477 1.29409
0.82477 1.28969
0.82478 1.18098
0.82478 1.28341
0.82479 1.31203
0.82479 1.28796
0.82480 1.33248
0.82480 1.30670
0.82481 1.29123
0.82481 1.22827
0.82482 1.26107
0.82482 1.29363
0.82483 1.21353
0.82483 1.23017
0.82484 1.28103
0.82484 1.26719
0.82485 1.23932
0.82485 1.31494
0.82486 1.31707
0.82486 1.26617
0.82487 1.19296
0.82487 1.24335
0.82488 1.19385
0.82488 1.13681
0.82489 1.19612
0.82489 1.20619
0.82490 1.28402
0.82490 1.20125
0.82491 1.21155
0.82491 1.22724
0.82492 1.17464
0.82492 1.24883
0.82493 1.27666
0.82493 1.24738
0.82494 1.23981
0.82494 1.26076
0.82495 1.26023
0.82495 1.14175
0.82496 1.11955
0.82496 1.21299
0.82497 1.15153
0.82497 1.24713
0.82498 1.20481
0.82498 1.17876
0.82499 1.26212
0.82499 1.23135
0.82500 1.16731
0.82500 1.11798
0.82501 1.23895
0.82501 1.21216
0.82502 1.23142
0.82502 1.29021
0.82503 1.25503
0.82503 1.28792
0.82504 1.28740
0.82504 1.17285
0.82505 1.19757
0.82505 1.27008
0.82506 1.20836
0.82506 1.16969
0.82507 1.15457
0.82507 1.21529
0.82508 1.16607
0.82508 1.23356
0.82509 1.31051
0.82509 1.25373
0.82510 1.23060
0.82510 1.21320
0.82511 1.27340
0.82511 1.16149
0.82512 1.20890
0.82512 1.18970
0.82513 1.17716
0.82513 1.27790
0.82514 1.20492
0.82514 1.26057
0.82515 1.24840
0.82515 1.22997
0.82516 1.25901
0.82516 1.23916
0.82517 1.23894
0.82517 1.26122
0.82518 1.28756
0.82518 1.22206
0.82519 1.28194
0.82519 1.36583
0.82520 1.26161
0.82520 1.20650
0.82521 1.19876
0.82521 1.14251
0.82522 1.20404
0.82522 1.18531
0.82523 1.18041
0.82523 1.29024
0.82524 1.23052
0.82524 1.16355
0.82525 1.14381
0.82525 1.22042
0.82526 1.27887
0.82526 1.20315
0.82527 1.15697
0.82527 1.29986
0.82528 1.27957
0.82528 1.20365
0.82529 1.22347
0.82529 1.18132
0.82530 1.16703
0.82530 1.13259
0.82531 1.28527
0.82531 1.22194
0.82532 1.07734
0.82532 1.21517
0.82533 1.13591
0.82533 1.16709
0.82534 1.22846
0.82534 1.22178
0.82535 1.31430
0.82535 1.28347
0.82536 1.22140
0.82536 1.19060
0.82537 1.18964
0.82537 1.22828
0.82538 1.21992
0.82538 1.14608
0.82539 1.21650
0.82539 1.24738
0.82540 1.23290
0.82540 1.27951
0.82541 1.24003
0.82541 1.19251
0.82542 1.11800
0.82542 1.15878
0.82543 1.21447
0.82543 1.16048
0.82544 1.11383
0.82544 1.23030
0.82545 1.27001
0.82545 1.18602
0.82546 1.22757
0.82546 1.22471
0.82547 1.24864
0.82547 1.21753
0.82548 1.17337
0.82548 1.23671
0.82549 1.19794
0.82549 1.18715
0.82550 1.23490
0.82550 1.15423
0.82551 1.19827
0.82551 1.16168
0.82552 1.17776
0.82552 1.21439
0.82553 1.20009
0.82553 1.15165
0.82554 1.12660
0.82554 1.19199
0.82555 1.14557
0.82555 1.20757
0.82556 1.23284
0.82556 1.23525
0.82557 1.27677
0.82557 1.21263
0.82558 1.14845
0.82558 1.14166
0.82559 1.16458
0.82559 1.25030
0.82560 1.23894
0.82560 1.18509
0.82561 1.21860
0.82561 1.19345
0.82562 1.14086
0.82562 1.20812
0.82563 1.20761
0.82563 1.16657
0.82564 1.21861
0.82564 1.19213
0.82565 1.11988
0.82565 1.13872
0.82566 1.16725
0.82566 1.09867
0.82567 1.20318
0.82567 1.29007
0.82568 1.18876
0.82568 1.15719
0.82569 1.18490
0.82569 1.18542
0.82570 1.12712
0.82570 1.11630
0.82571 1.10956
0.82571 1.10688
0.82572 1.12089
0.82572 1.17325
0.82573 1.21250
0.82573 1.16658
0.82574 1.12040
0.82574 1.19775
0.82575 1.17167
0.82575 1.07673
0.82576 1.16411
0.82576 1.16893
0.82577 1.14524
0.82577 1.20131
0.82578 1.21792
0.82578 1.15167
0.82579 1.12413
0.82579 1.10217
0.82580 1.14554
0.82580 1.22162
0.82581 1.14056
0.82581 1.14381
0.82582 1.11596
0.82582 1.15396
0.82583 1.28439
0.82583 1.16387
0.82584 1.09537
0.82584 1.17371
0.82585 1.21037
0.82585 1.17010
0.82586 1.09043
0.82586 1.13482
0.82587 1.09848
0.82587 1.13673
0.82588 1.15181
0.82588 1.13184
0.82589 1.18151
0.82589 1.14613
0.82590 1.19296
0.82590 1.17769
0.82591 1.13501
0.82591 1.12360
0.82592 1.07836
0.82592 1.09693
0.82593 1.15210
0.82593 1.13499
0.82594 1.06824
0.82594 1.13692
0.82595 1.22677
0.82595 1.14506
0.82596 1.17791
0.82596 1.16514
0.82597 1.12038
0.82597 1.24319
0.82598 1.22050
0.82598 1.08635
0.82599 1.10237
0.82599 1.17160
0.82600 1.16330
0.82600 1.18082
0.82601 1.12113
0.82601 1.03967
0.82602 1.10619
0.82602 1.14530
0.82603 1.20683
0.82603 1.26761
0.82604 1.09417
0.82604 1.12205
0.82605 1.19757
0.82605 1.10644
0.82606 1.13821
0.82606 1.15523
0.82607 1.11891
0.82607 1.05187
0.82608 1.12356
0.82608 1.16057
0.82609 1.19820
0.82609 1.15816
0.82610 1.16886
0.82610 1.12115
0.82611 1.03131
0.82611 1.20689
0.82612 1.16023
0.82612 1.08391
0.82613 1.13795
0.82613 1.12754
0.82614 1.11365
0.82614 1.15667
0.82615 1.26391
0.82615 1.21989
0.82616 1.07352
0.82616 1.10782
0.82617 1.15653
0.82617 1.19246
0.82618 1.19013
0.82618 1.19461
0.82619 1.12180
0.82619 1.11487
0.82620 1.16165
0.82620 1.10615
0.82621 1.09668
0.82621 1.08641
0.82622 1.09249
0.82622 1.17356
0.82623 1.18314
0.82623 1.06671
0.82624 1.18843
0.82624 1.11055
0.82625 1.02568
0.82625 1.10466
0.82626 1.06394
0.82626 1.10438
0.82627 1.19230
0.82627 1.15768
0.82628 1.03586
0.82628 1.11990
0.82629 1.23215
0.82629 1.21063
0.82630 1.07869
0.82630 1.15908
0.82631 1.13086
0.82631 1.10226
0.82632 1.19622
0.82632 1.18746
0.82633 1.13529
0.82633 1.09617
0.82634 1.11572
0.82634 1.06251
0.82635 1.17058
0.82635 1.10669
0.82636 1.14417
0.82636 1.14363
0.82637 1.12981
0.82637 1.21829
0.82638 1.13118
0.82638 1.13483
0.82639 1.08555
0.82639 1.14660
0.82640 1.14726
0.82640 1.07619
0.82641 1.10600
0.82641 1.15249
0.82642 1.16654
0.82642 1.11887
0.82643 1.14498
0.82643 1.10092
0.82644 1.07533
0.82644 1.18994
0.82645 1.15491
0.82645 1.12627
0.82646 1.14883
0.82646 1.10955
0.82647 1.14042
0.82647 1.14565
0.82648 1.10754
0.82648 1.05429
0.82649 1.05213
0.82649 1.18195
0.82650 1.11081
0.82650 1.03384
0.82651 1.19236
0.82651 1.13564
0.82652 1.03562
0.82652 1.09505
0.82653 1.11474
0.82653 1.05423
0.82654 1.10077
0.82654 1.13297
0.82655 1.10315
0.82655 1.15955
0.82656 1.09316
0.82656 1.06738
0.82657 1.12456
0.82657 1.06782
0.82658 1.02508
0.82658 1.12129
0.82659 1.09817
0.82659 1.12268
0.82660 1.15279
0.82660 1.10382
0.82661 1.21980
0.82661 1.10437
0.82662 1.14290
0.82662 1.16778
0.82663 0.99641
0.82663 1.03608
0.82664 1.06149
0.82664 0.96292
0.82665 1.04395
0.82665 1.23688
0.82666 1.17322
0.82666 1.13180
0.82667 1.08254
0.82667 1.13157
0.82668 1.11032
0.82668 1.05695
0.82669 1.18567
0.82669 1.08066
0.82670 1.07674
0.82670 1.17172
0.82671 1.09590
0.82671 1.11049
0.82672 1.15056
0.82672 1.14786
0.82673 1.06499
0.82673 1.03583
0.82674 1.10343
0.82674 1.07760
0.82675 1.01518
0.82675 1.07433
0.82676 1.09346
0.82676 1.08952
0.82677 1.15298
0.82677 1.09749
0.82678 1.05898
0.82678 1.10617
0.82679 1.06873
0.82679 1.05359
0.82680 1.16565
0.82680 1.11029
0.82681 1.05378
0.82681 1.09425
0.82682 1.18688
0.82682 1.06816
0.82683 1.00970
0.82683 1.09258
0.82684 1.00720
0.82684 1.17226
0.82685 1.21326
0.82685 1.06462
0.82686 1.09124
0.82686 1.08061
0.82687 1.09335
0.82687 1.12398
0.82688 1.12086
0.82688 1.07979
0.82689 1.09577
0.82689 1.15641
0.82690 1.08876
0.82690 1.05963
0.82691 1.04941
0.82691 1.12431
0.82692 1.13228
0.82692 0.96779
0.82693 1.12341
0.82693 1.13662
0.82694 1.01468
0.82694 1.16989
0.82695 1.14689
0.82695 1.04728
0.82696 1.02185
0.82696 1.05158
0.82697 1.07373
0.82697 1.12114
0.82698 1.12597
0.82698 1.06655
0.82699 1.05353
0.82699 1.02527
0.82700 1.08787
0.82700 1.03882
0.82701 0.97280
0.82701 1.08483
0.82702 1.04234
0.82702 1.05789
0.82703 1.05762
0.82703 0.99822
0.82704 1.04071
0.82704 1.00712
0.82705 1.01134
0.82705 1.05914
0.82706 0.97850
0.82706 1.02976
0.82707 1.16160
0.82707 1.12147
0.82708 1.10466
0.82708 1.07080
0.82709 1.03670
0.82709 1.01433
0.82710 1.02801
0.82710 1.11076
0.82711 1.05561
0.82711 1.11898
0.82712 1.12652
0.82712 1.08339
0.82713 1.16948
0.82713 1.13231
0.82714 1.07469
0.82714 1.00282
0.82715 0.95605
0.82715 1.11641
0.82716 1.12175
0.82716 1.05171
0.82717 1.08671
0.82717 0.97139
0.82718 1.05897
0.82718 1.14009
0.82719 0.99704
0.82719 0.98025
0.82720 1.00112
0.82720 1.05873
0.82721 1.07247
0.82721 1.06125
0.82722 1.04169
0.82722 1.01076
0.82723 1.06848
0.82723 1.13414
0.82724 1.10768
0.82724 1.03707
0.82725 1.10221
0.82725 1.13087
0.82726 1.09595
0.82726 1.02146
0.82727 1.00436
0.82727 1.03718
0.82728 1.05648
0.82728 1.03988
0.82729 1.05798
0.82729 1.04095
0.82730 1.04646
0.82730 1.07867
0.82731 1.00083
0.82731 1.07222
0.82732 1.09230
0.82732 1.02524
0.82733 1.04788
0.82733 1.01115
0.82734 1.12984
0.82734 1.04103
0.82735 1.07698
0.82735 1.19829
0.82736 1.02602
0.82736 1.04993
0.82737 1.07430
0.82737 0.99558
0.82738 1.07650
0.82738 1.15504
0.82739 1.06150
0.82739 1.01837
0.82740 1.06277
0.82740 1.10807
0.82741 1.08555
0.82741 1.03761
0.82742 1.08049
0.82742 1.09765
0.82743 1.05669
0.82743 1.04561
0.82744 0.99891
0.82744 1.06757
0.82745 1.06953
0.82745 1.07966
0.82746 1.06780
0.82746 1.04720
0.82747 1.03256
0.82747 0.99700
0.82748 1.01069
0.82748 0.97795
0.82749 1.02764
0.82749 1.16019
0.82750 1.14630
0.82750 1.06384
0.82751 1.11632
0.82751 1.10533
0.82752 1.04228
0.82752 1.03675
0.82753 1.04880
0.82753 1.04076
0.82754 1.04121
0.82754 1.08888
0.82755 1.02842
0.82755 0.98929
0.82756 1.00201
0.82756 1.01692
0.82757 1.01340
0.82757 1.02806
0.82758 1.07572
0.82758 1.01051
0.82759 1.04915
0.82759 1.10122
0.82760 0.98694
0.82760 1.03244
0.82761 1.09342
0.82761 1.07308
0.82762 1.09239
0.82762 1.04161
0.82763 1.04006
0.82763 1.09065
0.82764 1.02025
0.82764 1.03153
0.82765 1.00827
0.82765 1.06229
0.82766 1.11668
0.82766 0.95130
0.82767 1.10396
0.82767 1.07208
0.82768 0.98145
0.82768 1.02610
0.82769 1.06273
0.82769 1.01738
0.82770 1.01270
0.82770 1.06971
0.82771 0.94606
0.82771 1.03359
0.82772 1.08969
0.82772 1.07002
0.82773 1.09647
0.82773 1.01571
0.82774 1.00426
0.82774 1.05827
0.82775 1.03252
0.82775 1.08814
0.82776 1.09117
0.82776 1.05174
0.82777 1.02471
0.82777 0.95450
0.82778 0.97636
0.82778 1.02087
0.82779 1.06065
0.82779 1.06387
0.82780 1.01337
0.82780 1.02252
0.82781 1.07234
0.82781 0.99709
0.82782 1.00572
0.82782 0.99826
0.82783 1.01457
0.82783 1.08955
0.82784 1.06183
0.82784 1.10367
0.82785 1.08585
0.82785 1.04316
0.82786 1.02653
0.82786 0.96741
0.82787 0.97537
0.82787 1.02826
0.82788 1.08262
0.82788 1.04226
0.82789 1.00839
0.82789 1.01782
0.82790 1.02420
0.82790 1.07373
0.82791 1.01315
0.82791 1.07375
0.82792 1.08327
0.82792 1.00138
0.82793 1.02953
0.82793 0.98483
0.82794 0.99512
0.82794 1.06182
0.82795 1.01113
0.82795 1.00911
0.82796 1.01612
0.82796 0.97994
0.82797 1.05679
0.82797 1.06950
0.82798 1.03661
0.82798 1.05581
0.82799 1.08373
0.82799 1.05251
0.82800 1.04907
0.82800 1.09834
0.82801 0.99848
0.82801 1.01104
0.82802 1.01241
0.82802 1.06772
0.82803 1.08748
0.82803 1.00894
0.82804 1.04638
0.82804 0.99347
0.82805 1.02849
0.82805 1.03158
0.82806 1.02232
0.82806 0.99113
0.82807 0.94641
0.82807 1.09284
0.82808 1.04896
0.82808 0.98717
0.82809 1.11111
0.82809 1.02216
0.82810 1.02317
0.82810 1.02446
0.82811 1.03234
0.82811 1.15851
0.82812 1.03541
0.82812 1.03092
0.82813 1.08729
0.82813 1.04553
0.82814 1.01177
0.82814 1.00680
0.82815 0.96554
0.82815 0.95056
0.82816 1.10022
0.82816 0.98965
0.82817 0.96582
0.82817 1.03164
0.82818 0.97680
0.82818 1.04678
0.82819 1.05387
0.82819 1.06211
0.82820 1.06625
0.82820 1.06342
0.82821 0.94842
0.82821 0.98414
0.82822 1.10540
0.82822 0.98699
0.82823 0.99505
0.82823 0.97761
0.82824 0.98921
0.82824 1.01378
0.82825 0.94613
0.82825 1.04153
0.82826 1.04097
0.82826 1.08159
0.82827 0.99096
0.82827 1.04687
0.82828 1.11960
0.82828 0.98765
0.82829 1.03215
0.82829 1.01846
0.82830 1.01065
0.82830 1.00662
0.82831 1.10452
0.82831 1.08241
0.82832 0.98622
0.82832 1.01152
0.82833 1.00406
0.82833 0.96838
0.82834 0.96954
0.82834 1.03268
0.82835 0.97831
0.82835 1.07839
0.82836 1.13511
0.82836 1.01760
0.82837 1.05662
0.82837 0.99724
0.82838 0.98276
0.82838 0.95175
0.82839 1.00647
0.82839 1.06403
0.82840 0.97812
0.82840 1.03426
0.82841 1.05852
0.82841 1.02114
0.82842 1.05422
0.82842 1.06654
0.82843 0.98330
0.82843 0.97341
0.82844 1.06713
0.82844 1.02657
0.82845 0.99146
0.82845 0.97691
0.82846 1.00704
0.82846 1.01680
0.82847 1.07057
0.82847 1.06087
0.82848 0.99993
0.82848 1.04933
0.82849 0.97622
0.82849 1.01894
0.82850 1.03628
0.82850 0.96769
0.82851 1.01234
0.82851 1.02831
0.82852 1.04282
0.82852 1.01253
0.82853 0.95141
0.82853 1.01077
0.82854 0.99217
0.82854 0.95121
0.82855 1.07989
0.82855 1.04133
0.82856 0.93414
0.82856 0.99248
0.82857 1.04747
0.82857 0.96686
0.82858 1.00604
0.82858 1.08655
0.82859 0.97508
0.82859 1.01185
0.82860 1.03777
0.82860 0.93469
0.82861 0.98302
0.82861 1.04387
0.82862 1.04051
0.82862 1.12879
0.82863 1.04611
0.82863 0.98360
0.82864 1.05231
0.82864 1.09630
0.82865 1.00706
0.82865 0.96749
0.82866 1.04767
0.82866 1.01057
0.82867 1.13122
0.82867 1.04673
0.82868 0.99270
0.82868 1.03184
0.82869 0.98750
0.82869 1.03377
0.82870 1.03904
0.82870 1.04811
0.82871 0.99844
0.82871 1.00413
0.82872 1.01115
0.82872 1.07470
0.82873 1.02311
0.82873 1.05451
0.82874 1.08610
0.82874 0.98216
0.82875 1.01572
0.82875 1.06062
0.82876 0.95330
0.82876 0.98087
0.82877 1.05565
0.82877 0.94263
0.82878 0.98382
0.82878 0.94820
0.82879 0.92086
0.82879 1.04750
0.82880 1.02495
0.82880 0.96293
0.82881 0.96463
0.82881 0.97353
0.82882 1.04453
0.82882 1.05664
0.82883 1.02784
0.82883 0.95845
0.82884 0.95408
0.82884 1.00922
0.82885 0.99306
0.82885 0.96021
0.82886 1.04300
0.82886 1.03353
0.82887 0.89862
0.82887 0.97764
0.82888 1.03695
0.82888 0.94375
0.82889 0.94545
0.82889 1.04657
0.82890 0.97913
0.82890 1.08516
0.82891 1.07597
0.82891 0.87926
0.82892 1.00743
0.82892 1.03191
0.82893 1.02352
0.82893 0.94150
0.82894 0.88743
0.82894 0.99370
0.82895 1.06996
0.82895 1.00179
0.82896 1.12090
0.82896 1.08378
0.82897 0.93952
0.82897 1.03781
0.82898 0.96197
0.82898 0.96280
0.82899 0.97244
0.82899 0.96936
0.82900 0.95107
0.82900 0.99970
0.82901 1.02814
0.82901 0.98658
0.82902 1.05068
0.82902 1.00965
0.82903 0.95066
0.82903 1.01311
0.82904 1.00339
0.82904 0.96145
0.82905 0.95268
0.82905 0.97764
0.82906 0.96176
0.82906 0.97865
0.82907 1.00830
0.82907 1.00224
0.82908 0.99495
0.82908 1.00667
0.82909 0.98473
0.82909 0.94304
0.82910 1.03416
0.82910 1.00421
0.82911 1.02402
0.82911 0.90566
0.82912 0.91192
0.82912 0.98827
0.82913 0.91714
0.82913 0.99718
0.82914 0.92884
0.82914 0.96878
0.82915 0.99558
0.82915 0.97283
0.82916 0.95376
0.82916 0.97696
0.82917 1.01618
0.82917 0.92458
0.82918 0.99297
0.82918 0.95369
0.82919 0.92480
0.82919 1.02800
0.82920 0.97578
0.82920 0.95551
0.82921 0.96743
0.82921 0.95167
0.82922 1.01883
0.82922 1.05128
0.82923 0.99262
0.82923 1.01379
0.82924 0.97869
0.82924 0.95317
0.82925 1.04338
0.82925 1.05050
0.82926 0.98482
0.82926 0.96763
0.82927 0.97821
0.82927 1.02909
0.82928 0.95529
0.82928 0.99275
0.82929 1.07243
0.82929 1.01781
0.82930 1.04666
0.82930 1.04183
0.82931 0.97808
0.82931 0.92996
0.82932 1.02214
0.82932 1.02445
0.82933 0.96589
0.82933 0.94602
0.82934 0.94690
0.82934 1.04802
0.82935 1.02507
0.82935 1.00321
0.82936 0.98615
0.82936 0.93413
0.82937 0.93682
0.82937 1.01122
0.82938 0.93748
0.82938 0.99604
0.82939 1.07137
0.82939 0.91839
0.82940 1.00478
0.82940 0.92821
0.82941 0.96029
0.82941 1.04795
0.82942 0.87716
0.82942 0.91992
0.82943 0.94860
0.82943 0.91759
0.82944 1.03040
0.82944 1.00321
0.82945 0.90338
0.82945 0.98388
0.82946 0.95916
0.82946 0.91429
0.82947 0.91843
0.82947 0.97281
0.82948 1.07588
0.82948 0.93893
0.82949 0.96346
0.82949 0.97220
0.82950 0.96407
0.82950 1.02773
0.82951 1.00349
0.82951 0.99472
0.82952 0.95122
0.82952 0.89263
0.82953 0.92285
0.82953 0.98296
0.82954 0.98230
0.82954 0.99315
0.82955 0.92545
0.82955 0.95571
0.82956 0.86791
0.82956 0.90376
0.82957 1.04989
0.82957 0.88840
0.82958 0.93840
0.82958 0.95298
0.82959 0.93652
0.82959 0.94385
0.82960 0.95473
0.82960 0.99452
0.82961 0.94444
0.82961 0.93927
0.82962 1.04075
0.82962 1.00282
0.82963 0.92319
0.82963 1.00158
0.82964 0.96704
0.82964 0.98548
0.82965 1.00128
0.82965 1.01057
0.82966 0.83939
0.82966 0.91473
0.82967 1.01045
0.82967 0.90521
0.82968 1.03634
0.82968 1.00574
0.82969 0.92505
0.82969 0.87485
0.82970 0.91993
0.82970 0.95827
0.82971 0.92762
0.82971 0.92028
0.82972 0.87262
0.82972 1.06213
0.82973 0.99013
0.82973 0.91945
0.82974 0.95116
0.82974 0.88863
0.82975 0.95350
0.82975 0.96331
0.82976 1.05868
0.82976 0.95900
0.82977 0.85110
0.82977 0.97738
0.82978 0.98814
0.82978 0.95332
0.82979 1.00674
0.82979 0.94635
0.82980 0.95418
0.82980 0.94735
0.82981 0.84972
0.82981 0.89753
0.82982 0.93801
0.82982 0.96187
0.82983 0.95809
0.82983 0.99131
0.82984 1.01905
0.82984 0.93563
0.82985 0.94471
0.82985 0.98817
0.82986 0.95398
0.82986 0.98572
0.82987 0.97262
0.82987 0.90041
0.82988 0.95966
0.82988 0.97715
0.82989 0.84627
0.82989 0.92073
0.82990 1.02853
0.82990 0.93226
0.82991 0.90764
0.82991 1.02436
0.82992 1.04717
0.82992 0.89650
0.82993 1.01062
0.82993 1.06269
0.82994 0.96174
0.82994 0.95638
0.82995 0.90700
0.82995 0.97189
0.82996 0.96147
0.82996 0.93781
0.82997 1.00916
0.82997 0.94854
0.82998 0.91640
0.82998 0.94631
0.82999 0.89998
0.82999 0.94977
0.83000 0.96867
0.83000 0.98482
0.83001 0.98556
0.83001 0.99634
0.83002 1.01574
0.83002 0.86601
0.83003 0.89978
0.83003 0.93214
0.83004 0.94603
0.83004 0.95745
0.83005 0.91855
0.83005 1.00515
0.83006 0.99351
0.83006 0.89452
0.83007 0.91719
0.83007 0.96771
0.83008 0.99795
0.83008 0.95968
0.83009 0.96081
0.83009 0.96813
0.83010 0.92356
0.83010 1.01231
0.83011 1.06953
0.83011 1.01435
0.83012 0.99848
0.83012 0.95923
0.83013 0.92308
0.83013 0.93170
0.83014 0.82950
0.83014 0.87633
0.83015 0.93869
0.83015 0.89574
0.83016 0.92559
0.83016 0.93396
0.83017 0.91439
0.83017 0.89867
0.83018 0.97020
0.83018 0.92576
0.83019 0.95415
0.83019 0.95335
0.83020 0.87943
0.83020 1.01227
0.83021 0.99182
0.83021 0.91443
0.83022 0.92721
0.83022 1.00270
0.83023 0.98564
0.83023 0.91551
0.83024 0.97320
0.83024 0.98462
0.83025 0.98734
0.83025 0.98068
0.83026 0.89289
0.83026 0.93151
0.83027 0.95168
0.83027 0.94042
0.83028 0.97424
0.83028 1.02623
0.83029 1.02303
0.83029 0.93999
0.83030 0.93183
0.83030 1.00855
0.83031 0.99129
0.83031 0.99011
0.83032 0.95975
0.83032 0.92554
0.83033 0.99964
0.83033 0.96518
0.83034 0.92165
0.83034 0.86821
0.83035 0.91313
0.83035 0.95057
0.83036 0.93279
0.83036 0.92696
0.83037 0.97245
0.83037 0.91636
0.83038 0.91502
0.83038 0.97370
0.83039 0.87447
0.83039 0.94796
0.83040 0.88161
0.83040 0.95959
0.83041 1.01895
0.83041 0.91402
0.83042 0.96982
0.83042 0.96492
0.83043 0.93308
0.83043 0.93442
0.83044 0.92893
0.83044 0.92261
0.83045 0.95806
0.83045 0.98136
0.83046 0.95602
0.83046 0.94088
0.83047 1.00292
0.83047 0.95278
0.83048 0.97547
0.83048 1.00662
0.83049 0.96519
0.83049 0.97407
0.83050 0.96942
0.83050 0.94133
0.83051 0.99652
0.83051 0.93658
0.83052 0.88384
0.83052 0.93818
0.83053 1.00866
0.83053 0.98005
0.83054 0.88500
0.83054 0.99352
0.83055 0.94546
0.83055 0.98035
0.83056 0.99156
0.83056 0.92141
0.83057 0.93523
0.83057 0.90664
0.83058 0.95332
0.83058 0.86412
0.83059 0.93643
0.83059 0.98322
0.83060 0.87239
0.83060 0.89591
0.83061 0.88857
0.83061 0.97490
0.83062 0.97541
0.83062 0.93314
0.83063 0.95502
0.83063 0.96338
0.83064 0.95520
0.83064 0.87713
0.83065 0.92735
0.83065 0.94357
0.83066 0.89741
0.83066 0.95923
0.83067 0.90538
0.83067 0.86287
0.83068 1.09919
0.83068 1.05055
0.83069 0.92113
0.83069 0.99318
0.83070 0.97757
0.83070 0.98117
0.83071 0.93972
0.83071 1.03024
0.83072 0.92155
0.83072 0.91403
0.83073 0.99283
0.83073 0.93712
0.83074 1.01287
0.83074 0.96277
0.83075 0.94630
0.83075 0.99080
0.83076 1.01998
0.83076 0.93828
0.83077 0.92134
0.83077 0.97547
0.83078 0.96932
0.83078 0.92053
0.83079 0.86333
0.83079 0.95805
0.83080 0.98133
0.83080 0.95269
0.83081 0.91560
0.83081 0.90264
0.83082 0.99108
0.83082 0.98916
0.83083 0.87562
0.83083 0.95516
0.83084 0.93727
0.83084 0.94413
0.83085 1.07742
0.83085 0.96674
0.83086 0.95278
0.83086 0.95591
0.83087 0.92095
0.83087 0.89247
0.83088 0.90766
0.83088 0.99508
0.83089 0.97549
0.83089 0.92033
0.83090 0.95966
0.83090 0.94422
0.83091 0.87499
0.83091 0.99155
0.83092 0.97329
0.83092 0.92756
0.83093 0.92575
0.83093 0.86258
0.83094 0.97792
0.83094 0.93675
0.83095 0.94523
0.83095 1.00488
0.83096 0.94515
0.83096 0.95467
0.83097 0.93943
0.83097 0.89143
0.83098 0.96609
0.83098 1.01584
0.83099 0.98614
0.83099 0.87748
0.83100 0.93085
0.83100 0.99966
0.83101 0.91333
0.83101 0.93426
0.83102 0.95644
0.83102 0.90018
0.83103 0.86812
0.83103 0.84889
0.83104 0.89713
0.83104 0.97151
0.83105 0.95967
0.83105 0.97938
0.83106 0.93352
0.83106 0.99357
0.83107 0.99817
0.83107 0.92142
0.83108 1.00829
0.83108 0.90904
0.83109 0.89831
0.83109 0.99368
0.83110 0.87215
0.83110 0.92005
0.83111 0.93433
0.83111 0.87555
0.83112 0.93308
0.83112 0.97532
0.83113 0.99310
0.83113 0.96351
0.83114 0.93899
0.83114 1.04137
0.83115 1.01111
0.83115 0.88735
0.83116 0.95208
0.83116 0.81874
0.83117 0.89152
0.83117 1.02454
0.83118 0.89585
0.83118 0.94869
0.83119 0.98796
0.83119 0.90516
0.83120 0.85076
0.83120 0.89684
0.83121 0.83568
0.83121 0.87291
0.83122 0.97844
0.83122 0.98245
0.83123 0.91480
0.83123 0.86402
0.83124 0.90277
0.83124 0.95758
0.83125 0.86121
0.83125 0.88469
0.83126 0.93550
0.83126 0.92666
0.83127 0.89072
0.83127 0.91350
0.83128 0.98500
0.83128 0.86316
0.83129 0.92670
0.83129 0.89587
0.83130 0.87571
0.83130 1.00156
0.83131 0.92546
0.83131 0.85191
0.83132 1.00273
0.83132 0.90265
0.83133 0.89592
0.83133 0.97476
0.83134 0.82432
0.83134 0.87741
0.83135 0.96770
0.83135 0.94243
0.83136 0.94336
0.83136 0.99073
0.83137 0.92496
0.83137 0.89309
0.83138 0.91399
0.83138 0.96075
0.83139 0.94186
0.83139 0.90027
0.83140 0.94688
0.83140 0.89478
0.83141 0.90372
0.83141 0.85846
0.83142 0.92080
0.83142 1.02323
0.83143 0.95002
0.83143 0.86962
0.83144 0.90898
0.83144 0.99467
0.83145 0.86168
0.83145 0.85644
0.83146 0.91734
0.83146 0.91047
0.83147 0.89569
0.83147 0.89159
0.83148 0.89105
0.83148 0.99615
0.83149 1.04182
0.83149 0.86220
0.83150 0.98443
0.83150 0.97151
0.83151 0.92862
0.83151 0.93195
0.83152 0.91951
0.83152 0.89666
0.83153 0.89893
0.83153 1.00828
0.83154 0.93129
0.83154 0.88865
0.83155 0.91081
0.83155 0.90687
0.83156 0.91782
0.83156 0.95225
0.83157 0.86692
0.83157 0.87296
0.83158 0.90979
0.83158 0.96633
0.83159 0.93494
0.83159 0.86747
0.83160 0.92878
0.83160 0.82735
0.83161 0.82919
0.83161 0.94359
0.83162 0.91491
0.83162 0.97058
0.83163 1.06028
0.83163 0.96767
0.83164 0.93275
0.83164 0.92542
0.83165 0.89749
0.83165 0.99462
0.83166 0.95000
0.83166 0.99544
0.83167 0.94027
0.83167 0.86451
0.83168 0.92447
0.83168 0.96062
0.83169 1.01726
0.83169 0.89782
0.83170 0.82687
0.83170 0.88793
0.83171 0.86137
0.83171 0.90976
0.83172 0.96133
0.83172 0.91608
0.83173 0.90037
0.83173 0.86389
0.83174 0.91567
0.83174 0.90303
0.83175 0.90975
0.83175 0.92011
0.83176 0.93531
0.83176 1.00258
0.83177 0.91450
0.83177 0.92631
0.83178 0.91844
0.83178 0.87150
0.83179 0.83901
0.83179 0.89416
0.83180 0.97430
0.83180 0.95627
0.83181 0.96148
0.83181 0.88923
0.83182 0.90777
0.83182 0.88786
0.83183 0.90843
0.83183 0.95697
0.83184 0.98624
0.83184 0.88176
0.83185 0.86072
0.83185 0.94757
0.83186 0.90422
0.83186 0.91719
0.83187 0.89695
0.83187 0.96300
0.83188 0.97586
0.83188 0.93124
0.83189 0.96430
0.83189 0.94713
0.83190 0.92526
0.83190 0.91633
0.83191 0.92299
0.83191 0.91086
0.83192 0.91084
0.83192 0.90064
0.83193 0.92468
0.83193 0.90796
0.83194 0.88726
0.83194 0.90749
0.83195 0.77609
0.83195 0.89237
0.83196 0.98171
0.83196 0.89942
0.83197 0.94083
0.83197 0.89516
0.83198 0.91091
0.83198 0.93541
0.83199 0.91304
0.83199 0.93204
0.83200 0.93956
0.83200 0.92025
0.83201 0.93097
0.83201 0.92642
0.83202 0.91233
0.83202 0.94648
0.83203 0.91741
0.83203 0.90946
0.83204 0.96497
0.83204 0.98588
0.83205 1.00261
0.83205 0.96392
0.83206 0.92879
0.83206 0.93990
0.83207 0.95465
0.83207 0.94317
0.83208 0.93012
0.83208 0.93797
0.83209 0.87689
0.83209 0.87838
0.83210 0.89228
0.83210 0.89118
0.83211 0.91713
0.83211 0.96313
0.83212 0.90672
0.83212 0.87462
0.83213 0.89199
0.83213 0.89191
0.83214 0.89567
0.83214 0.88376
0.83215 0.98936
0.83215 0.95484
0.83216 0.89804
0.83216 0.88356
0.83217 0.86452
0.83217 0.92611
0.83218 0.90132
0.83218 0.89085
0.83219 0.88756
0.83219 0.92514
0.83220 0.91654
0.83220 0.86793
0.83221 0.93521
0.83221 0.91130
0.83222 0.90320
0.83222 0.89052
0.83223 0.79593
0.83223 0.99079
0.83224 0.96894
0.83224 0.86768
0.83225 0.90610
0.83225 0.84624
0.83226 0.91102
0.83226 0.92801
0.83227 0.99287
0.83227 0.95895
0.83228 0.96446
0.83228 0.92687
0.83229 0.86629
0.83229 0.97796
0.83230 0.97406
0.83230 0.91222
0.83231 0.88652
0.83231 0.90581
0.83232 0.89584
0.83232 0.94952
0.83233 0.93089
0.83233 0.88927
0.83234 0.95940
0.83234 0.89073
0.83235 0.89792
0.83235 0.93926
0.83236 0.88071
0.83236 0.82231
0.83237 0.85126
0.83237 0.92441
0.83238 0.86966
0.83238 0.96731
0.83239 0.88026
0.83239 0.79532
0.83240 0.93223
0.83240 0.87386
0.83241 0.99959
0.83241 0.91334
0.83242 0.81432
0.83242 0.93568
0.83243 0.90013
0.83243 0.94679
0.83244 0.87987
0.83244 0.87814
0.83245 0.92732
0.83245 0.93977
0.83246 0.90913
0.83246 0.78612
0.83247 0.89916
0.83247 0.90063
0.83248 0.91860
0.83248 0.99530
0.83249 0.81726
0.83249 0.88461
0.83250 0.90179
0.83250 0.92462
0.83251 1.01681
0.83251 0.88927
0.83252 0.98239
0.83252 0.94382
0.83253 0.82245
0.83253 0.92912
0.83254 0.89372
0.83254 0.92361
0.83255 0.97705
0.83255 0.87240
0.83256 0.93413
0.83256 1.00018
0.83257 0.85833
0.83257 0.90511
0.83258 0.94141
0.83258 0.94677
0.83259 0.99787
0.83259 0.89331
0.83260 0.95954
0.83260 0.88986
0.83261 0.88449
0.83261 0.97037
0.83262 0.91869
0.83262 0.93070
0.83263 0.88922
0.83263 0.95257
0.83264 0.93594
0.83264 0.82856
0.83265 0.84483
0.83265 0.90122
0.83266 0.95717
0.83266 0.98151
0.83267 0.90115
0.83267 0.90078
0.83268 0.98457
0.83268 0.84405
0.83269 0.91022
0.83269 0.89478
0.83270 0.79771
0.83270 0.88878
0.83271 0.86736
0.83271 0.93004
0.83272 0.95617
0.83272 0.87294
0.83273 0.87958
0.83273 0.96379
0.83274 0.95872
0.83274 0.92095
0.83275 0.89041
0.83275 0.88351
0.83276 0.83416
0.83276 0.93787
0.83277 0.96016
0.83277 0.92300
0.83278 1.00385
0.83278 0.94679
0.83279 0.86046
0.83279 0.86363
0.83280 0.88513
0.83280 0.93694
0.83281 0.93093
0.83281 0.84637
0.83282 0.83025
0.83282 0.91669
0.83283 0.94282
0.83283 0.93086
0.83284 0.89974
0.83284 0.91194
0.83285 0.88340
0.83285 0.90930
0.83286 0.97415
0.83286 0.90385
0.83287 0.91831
0.83287 0.89028
0.83288 0.97356
0.83288 0.91539
0.83289 0.86081
0.83289 0.96754
0.83290 0.92685
0.83290 0.89275
0.83291 0.88803
0.83291 0.97426
0.83292 0.95228
0.83292 0.86627
0.83293 0.94084
0.83293 0.96644
0.83294 0.92277
0.83294 0.86408
0.83295 0.89780
0.83295 0.98637
0.83296 0.93971
0.83296 0.87590
0.83297 0.83961
0.83297 0.83110
0.83298 0.90020
0.83298 0.93517
0.83299 0.95602
0.83299 0.91731
0.83300 0.87939
0.83300 0.87977
0.83301 0.99037
0.83301 0.92351
0.83302 0.86755
0.83302 0.96263
0.83303 0.87414
0.83303 0.82693
0.83304 0.91889
0.83304 0.85560
0.83305 0.88836
0.83305 0.93850
0.83306 0.85719
0.83306 0.84623
0.83307 0.90105
0.83307 0.94969
0.83308 0.92283
0.83308 0.91536
0.83309 0.85471
0.83309 0.88543
0.83310 0.92161
0.83310 0.86642
0.83311 0.85459
0.83311 0.95481
0.83312 0.93644
0.83312 0.82841
0.83313 0.84358
0.83313 0.85123
0.83314 0.84451
0.83314 0.91874
0.83315 0.97009
0.83315 0.87154
0.83316 0.92749
0.83316 0.93888
0.83317 0.85599
0.83317 0.93914
0.83318 0.95688
0.83318 0.93967
0.83319 0.88889
0.83319 0.87585
0.83320 0.88540
0.83320 0.89508
0.83321 0.91153
0.83321 0.87092
0.83322 0.85353
0.83322 0.84817
0.83323 0.93965
0.83323 1.04934
0.83324 0.84685
0.83324 0.85744
0.83325 0.86840
0.83325 0.82630
0.83326 0.84289
0.83326 0.81091
0.83327 0.94026
0.83327 0.88730
0.83328 0.88285
0.83328 0.97065
0.83329 0.91354
0.83329 0.86470
0.83330 0.83615
0.83330 0.80045
0.83331 0.92548
0.83331 0.92552
0.83332 0.84102
0.83332 0.85456
0.83333 0.84224
0.83333 0.93492
0.83334 0.95392
0.83334 0.89698
0.83335 0.90504
0.83335 0.93678
0.83336 0.94944
0.83336 0.84738
0.83337 0.88296
0.83337 0.92903
0.83338 0.87897
0.83338 0.90643
0.83339 0.82329
0.83339 0.93184
0.83340 0.94031
0.83340 0.84590
0.83341 0.94188
0.83341 0.82858
0.83342 0.86651
0.83342 0.93730
0.83343 0.88599
0.83343 0.88758
0.83344 0.90968
0.83344 0.88836
0.83345 0.88667
0.83345 0.95621
0.83346 0.94658
0.83346 0.85956
0.83347 0.92282
0.83347 0.94186
0.83348 0.82526
0.83348 0.94216
0.83349 0.92885
0.83349 0.79055
0.83350 0.86105
0.83350 0.92829
0.83351 0.94552
0.83351 0.95506
0.83352 0.89340
0.83352 0.86902
0.83353 1.00464
0.83353 0.89609
0.83354 0.87164
0.83354 0.94243
0.83355 0.86216
0.83355 0.91690
0.83356 0.87056
0.83356 0.87482
0.83357 0.87516
0.83357 0.81199
0.83358 0.82967
0.83358 0.88537
0.83359 0.96865
0.83359 0.86510
0.83360 0.77564
0.83360 0.80991
0.83361 0.91516
0.83361 0.93418
0.83362 0.85302
0.83362 0.89449
0.83363 0.88173
0.83363 0.83691
0.83364 0.96526
0.83364 0.96469
0.83365 0.83215
0.83365 0.91090
0.83366 0.83240
0.83366 0.88141
0.83367 0.90013
0.83367 0.83009
0.83368 0.89798
0.83368 0.88958
0.83369 0.93309
0.83369 0.80172
0.83370 0.85101
0.83370 0.92695
0.83371 0.82947
0.83371 0.86110
0.83372 0.91180
0.83372 0.92570
0.83373 0.93951
0.83373 0.85456
0.83374 0.80745
0.83374 0.94764
0.83375 0.86134
0.83375 0.81600
0.83376 0.88866
0.83376 0.96833
0.83377 0.92653
0.83377 0.85026
0.83378 0.91509
0.83378 0.88363
0.83379 0.94837
0.83379 0.93540
0.83380 0.87290
0.83380 0.86744
0.83381 0.86202
0.83381 0.92501
0.83382 0.86965
0.83382 0.84145
0.83383 0.87285
0.83383 0.90924
0.83384 0.93689
0.83384 0.96373
0.83385 0.91858
0.83385 0.82152
0.83386 0.80016
0.83386 0.84763
0.83387 0.84531
0.83387 0.83243
0.83388 0.82317
0.83388 0.87558
0.83389 0.96747
0.83389 0.93230
0.83390 0.93997
0.83390 0.80573
0.83391 0.87804
0.83391 0.94894
0.83392 0.87532
0.83392 0.95059
0.83393 0.91728
0.83393 0.90259
0.83394 0.92964
0.83394 0.85820
0.83395 0.96245
0.83395 0.99183
0.83396 0.82503
0.83396 0.87420
0.83397 0.84924
0.83397 0.78234
0.83398 0.87434
0.83398 0.91241
0.83399 0.82431
0.83399 0.91177
0.83400 0.88997
0.83400 0.77752
0.83401 0.86195
0.83401 0.92252
0.83402 0.92370
0.83402 0.90433
0.83403 0.93529
0.83403 0.87873
0.83404 0.91373
0.83404 0.86536
0.83405 0.82819
0.83405 0.88380
0.83406 0.90145
0.83406 0.93884
0.83407 0.86242
0.83407 0.88057
0.83408 0.93394
0.83408 0.94168
0.83409 0.89982
0.83409 0.86329
0.83410 0.84654
0.83410 0.86485
0.83411 0.90191
0.83411 0.84658
0.83412 0.90265
0.83412 0.90083
0.83413 0.83932
0.83413 0.92142
0.83414 0.90752
0.83414 0.90308
0.83415 0.84310
0.83415 0.82704
0.83416 0.91657
0.83416 0.92373
0.83417 0.95529
0.83417 0.93058
0.83418 0.81577
0.83418 0.81993
0.83419 0.94814
0.83419 0.86094
0.83420 0.92004
0.83420 0.97823
0.83421 0.93180
0.83421 0.90791
0.83422 0.87565
0.83422 0.95223
0.83423 0.88578
0.83423 0.91372
0.83424 0.93930
0.83424 0.86936
0.83425 0.83680
0.83425 0.90351
0.83426 0.87872
0.83426 0.84625
0.83427 0.85779
0.83427 0.77070
0.83428 0.88126
0.83428 0.88826
0.83429 0.81717
0.83429 1.02679
0.83430 0.87916
0.83430 0.78384
0.83431 0.94593
0.83431 0.79489
0.83432 0.96607
0.83432 1.03457
0.83433 0.76917
0.83433 0.90695
0.83434 0.97309
0.83434 0.81127
0.83435 0.83859
0.83435 0.94589
0.83436 0.94186
0.83436 0.99577
0.83437 0.94718
0.83437 0.88577
0.83438 0.91785
0.83438 0.89473
0.83439 0.93975
0.83439 0.93013
0.83440 0.88942
0.83440 0.83570
0.83441 0.87885
0.83441 0.92839
0.83442 0.90947
0.83442 0.89269
0.83443 0.86142
0.83443 0.95772
0.83444 0.94859
0.83444 0.81305
0.83445 0.92592
0.83445 0.96616
0.83446 0.87215
0.83446 0.79543
0.83447 0.85775
0.83447 0.93927
0.83448 0.90623
0.83448 0.87574
0.83449 0.85158
0.83449 0.80350
0.83450 0.84734
0.83450 0.88279
0.83451 0.80471
0.83451 0.92452
0.83452 0.85837
0.83452 0.84995
0.83453 0.90390
0.83453 0.91533
0.83454 1.01418
0.83454 0.78645
0.83455 0.79998
0.83455 0.93418
0.83456 0.88809
0.83456 0.83890
0.83457 0.83794
0.83457 0.96073
0.83458 0.92534
0.83458 0.86120
0.83459 0.81487
0.83459 0.81959
0.83460 0.81911
0.83460 0.88517
0.83461 0.89617
0.83461 0.85437
0.83462 0.87049
0.83462 0.90402
0.83463 0.85159
0.83463 0.84835
0.83464 0.88139
0.83464 0.84346
0.83465 0.86414
0.83465 0.86571
0.83466 0.92305
0.83466 0.87527
0.83467 0.93958
0.83467 0.89240
0.83468 0.81858
0.83468 0.93588
0.83469 0.96269
0.83469 0.91325
0.83470 0.87211
0.83470 0.93401
0.83471 0.95528
0.83471 0.85177
0.83472 0.87678
0.83472 0.88311
0.83473 0.79208
0.83473 0.83448
0.83474 1.00341
0.83474 0.95089
0.83475 0.86192
0.83475 0.98608
0.83476 0.95044
0.83476 0.90440
0.83477 0.87246
0.83477 0.93675
0.83478 0.97761
0.83478 0.92806
0.83479 0.84266
0.83479 0.83786
0.83480 0.87443
0.83480 0.87658
0.83481 0.94974
0.83481 0.87966
0.83482 0.88312
0.83482 0.89629
0.83483 0.92205
0.83483 0.93474
0.83484 0.84059
0.83484 0.85877
0.83485 0.80268
0.83485 0.84588
0.83486 0.90377
0.83486 0.91956
0.83487 0.89486
0.83487 0.88243
0.83488 0.86538
0.83488 0.87475
0.83489 0.85378
0.83489 0.87360
0.83490 0.84550
0.83490 0.77884
0.83491 0.93275
0.83491 0.91528
0.83492 0.91873
0.83492 0.89491
0.83493 0.86513
0.83493 0.97694
0.83494 0.92222
0.83494 0.88355
0.83495 0.96428
0.83495 0.89273
0.83496 0.84642
0.83496 0.85253
0.83497 0.83149
0.83497 0.87987
0.83498 0.90835
0.83498 0.90212
0.83499 0.95187
0.83499 0.89299
0.83500 0.94415
0.83500 0.90651
0.83501 0.85306
0.83501 0.88032
0.83502 0.91888
0.83502 0.87843
0.83503 0.79945
0.83503 1.00898
0.83504 0.95056
0.83504 0.89730
0.83505 0.90981
0.83505 0.84133
0.83506 0.86544
0.83506 0.87974
0.83507 0.80404
0.83507 0.80960
0.83508 0.91634
0.83508 0.88369
0.83509 0.85600
0.83509 0.84742
0.83510 0.84045
0.83510 0.89790
0.83511 0.88617
0.83511 0.86822
0.83512 0.88544
0.83512 0.84848
0.83513 0.90530
0.83513 0.91479
0.83514 0.83614
0.83514 0.81996
0.83515 0.90031
0.83515 0.80714
0.83516 0.73579
0.83516 0.81007
0.83517 0.81371
0.83517 0.84785
0.83518 0.87863
0.83518 0.93988
0.83519 0.93166
0.83519 0.86268
0.83520 0.79379
0.83520 0.86789
0.83521 0.88466
0.83521 0.88176
0.83522 0.92991
0.83522 0.84251
0.83523 0.87402
0.83523 0.91782
0.83524 0.87956
0.83524 0.93850
0.83525 0.93014
0.83525 0.85927
0.83526 0.87695
0.83526 0.86661
0.83527 0.87419
0.83527 0.87930
0.83528 0.86091
0.83528 0.89358
0.83529 0.89695
0.83529 0.93254
0.83530 0.90191
0.83530 0.81437
0.83531 0.88142
0.83531 0.93259
0.83532 0.88256
0.83532 0.87718
0.83533 0.85000
0.83533 0.87235
0.83534 0.86831
0.83534 0.80236
0.83535 0.87060
0.83535 0.88203
0.83536 0.91889
0.83536 0.95619
0.83537 0.93860
0.83537 0.85795
0.83538 0.78455
0.83538 0.88558
0.83539 0.85829
0.83539 0.86962
0.83540 0.98682
0.83540 0.87017
0.83541 0.87714
0.83541 0.87586
0.83542 0.85969
0.83542 0.90490
0.83543 0.88838
0.83543 0.82841
0.83544 0.82026
0.83544 0.88054
0.83545 0.85664
0.83545 0.90698
0.83546 0.80881
0.83546 0.81638
0.83547 0.89529
0.83547 0.84749
0.83548 0.96882
0.83548 0.85966
0.83549 0.81581
0.83549 0.91669
0.83550 0.77739
0.83550 0.81602
0.83551 0.93939
0.83551 0.79072
0.83552 0.87957
0.83552 0.97725
0.83553 0.86232
0.83553 0.85092
0.83554 0.84667
0.83554 0.93745
0.83555 0.90412
0.83555 0.88926
0.83556 0.93205
0.83556 0.84432
0.83557 0.85056
0.83557 0.92553
0.83558 0.93766
0.83558 0.86212
0.83559 0.84215
0.83559 0.80492
0.83560 0.79975
0.83560 0.97831
0.83561 0.89968
0.83561 0.85334
0.83562 0.92855
0.83562 0.85614
0.83563 0.90177
0.83563 0.94474
0.83564 0.96554
0.83564 0.88144
0.83565 0.87028
0.83565 0.95646
0.83566 0.91526
0.83566 0.96761
0.83567 0.87560
0.83567 0.83821
0.83568 0.95469
0.83568 0.91527
0.83569 0.82691
0.83569 0.80949
0.83570 0.86591
0.83570 0.91517
0.83571 0.93898
0.83571 0.86487
0.83572 0.86443
0.83572 0.85684
0.83573 0.86113
0.83573 0.97811
0.83574 0.87243
0.83574 0.83444
0.83575 0.85917
0.83575 0.83217
0.83576 0.88481
0.83576 0.91474
0.83577 0.86506
0.83577 0.81371
0.83578 0.89874
0.83578 0.91072
0.83579 0.83288
0.83579 0.84777
0.83580 0.89539
0.83580 0.89250
0.83581 0.91168
0.83581 0.88630
0.83582 0.91929
0.83582 0.87657
0.83583 0.85395
0.83583 0.93729
0.83584 0.88229
0.83584 0.88951
0.83585 0.87582
0.83585 0.79251
0.83586 0.81197
0.83586 0.88722
0.83587 0.89689
0.83587 0.94555
0.83588 0.86334
0.83588 0.74290
0.83589 0.86615
0.83589 0.87430
0.83590 0.75469
0.83590 0.80621
0.83591 0.94926
0.83591 0.88510
0.83592 0.87166
0.83592 0.94063
0.83593 0.90198
0.83593 0.86910
0.83594 0.81523
0.83594 0.79366
0.83595 0.89003
0.83595 0.94310
0.83596 0.87683
0.83596 0.90571
0.83597 0.88384
0.83597 0.84448
0.83598 0.89877
0.83598 0.89073
0.83599 0.82357
0.83599 0.81427
0.83600 0.93634
0.83600 0.88242
0.83601 0.82306
0.83601 0.90286
0.83602 0.89778
0.83602 0.81311
0.83603 0.82555
0.83603 0.88887
0.83604 0.84640
0.83604 0.95321
0.83605 0.92234
0.83605 0.76215
0.83606 0.82348
0.83606 0.87111
0.83607 0.85924
0.83607 0.91134
0.83608 0.90690
0.83608 0.91195
0.83609 0.88661
0.83609 0.83710
0.83610 0.83827
0.83610 0.88144
0.83611 1.00191
0.83611 0.94091
0.83612 0.87633
0.83612 0.87031
0.83613 0.92323
0.83613 0.94903
0.83614 0.81380
0.83614 0.83954
0.83615 0.89463
0.83615 0.91124
0.83616 0.91237
0.83616 0.85358
0.83617 0.84836
0.83617 0.90678
0.83618 0.85361
0.83618 0.81385
0.83619 0.87192
0.83619 0.81609
0.83620 0.74946
0.83620 0.85563
0.83621 0.87939
0.83621 0.88877
0.83622 0.92849
0.83622 0.93298
0.83623 0.92426
0.83623 0.87477
0.83624 0.86529
0.83624 0.81987
0.83625 0.88977
0.83625 0.88058
0.83626 0.85885
0.83626 0.92900
0.83627 0.84911
0.83627 0.82799
0.83628 0.83745
0.83628 0.88882
0.83629 0.91504
0.83629 0.84778
0.83630 0.87462
0.83630 0.79442
0.83631 0.90466
0.83631 0.94335
0.83632 0.86925
0.83632 0.89162
0.83633 0.80480
0.83633 0.86702
0.83634 0.88408
0.83634 0.84004
0.83635 0.84302
0.83635 0.91449
0.83636 0.86620
0.83636 0.84421
0.83637 0.89119
0.83637 0.88289
0.83638 0.96647
0.83638 0.86206
0.83639 0.87857
0.83639 0.85737
0.83640 0.75212
0.83640 0.87851
0.83641 0.90063
0.83641 0.91847
0.83642 0.89534
0.83642 0.93224
0.83643 0.92657
0.83643 0.77944
0.83644 0.84813
0.83644 0.94723
0.83645 0.85710
0.83645 0.81014
0.83646 0.84280
0.83646 0.94618
0.83647 1.00234
0.83647 0.83376
0.83648 0.90820
0.83648 0.83354
0.83649 0.73650
0.83649 0.86116
0.83650 0.87001
0.83650 0.93618
0.83651 0.87272
0.83651 0.95849
0.83652 0.94451
0.83652 0.84583
0.83653 0.87294
0.83653 0.77612
0.83654 0.90988
0.83654 0.92178
0.83655 0.83118
0.83655 0.84571
0.83656 0.86655
0.83656 0.93123
0.83657 0.86807
0.83657 0.84631
0.83658 0.87753
0.83658 0.89001
0.83659 0.91187
0.83659 0.87048
0.83660 0.83296
0.83660 0.85474
0.83661 0.92466
0.83661 0.88712
0.83662 0.90808
0.83662 0.97670
0.83663 0.93278
0.83663 0.93067
0.83664 0.83159
0.83664 0.76497
0.83665 0.82490
0.83665 0.89495
0.83666 0.90951
0.83666 0.83315
0.83667 0.86542
0.83667 0.89830
0.83668 0.85134
0.83668 0.88182
0.83669 0.87552
0.83669 0.87234
0.83670 0.87577
0.83670 0.84617
0.83671 0.90736
0.83671 0.86638
0.83672 0.89007
0.83672 0.93048
0.83673 0.82343
0.83673 0.84793
0.83674 0.94013
0.83674 0.89925
0.83675 0.78998
0.83675 0.90962
0.83676 0.93552
0.83676 0.84242
0.83677 0.92049
0.83677 0.85167
0.83678 0.87520
0.83678 0.96512
0.83679 0.91235
0.83679 0.92013
0.83680 0.80059
0.83680 0.84717
0.83681 0.91243
0.83681 0.80094
0.83682 0.80230
0.83682 0.82206
0.83683 0.91934
0.83683 0.89902
0.83684 0.83671
0.83684 0.92712
0.83685 0.93133
0.83685 0.88871
0.83686 0.89995
0.83686 0.92711
0.83687 0.87532
0.83687 0.80619
0.83688 0.95628
0.83688 0.90854
0.83689 0.90278
0.83689 0.89967
0.83690 0.83504
0.83690 0.91436
0.83691 0.89801
0.83691 0.97260
0.83692 0.88694
0.83692 0.82417
0.83693 0.86750
0.83693 0.90272
0.83694 0.89109
0.83694 0.88865
0.83695 0.91224
0.83695 0.81797
0.83696 0.80568
0.83696 0.84949
0.83697 0.91903
0.83697 0.86669
0.83698 0.91217
0.83698 0.91536
0.83699 0.82343
0.83699 0.82004
0.83700 0.86154
0.83700 0.83396
0.83701 0.87162
0.83701 0.94086
0.83702 0.81721
0.83702 0.85637
0.83703 0.83236
0.83703 0.88164
0.83704 0.82577
0.83704 0.78938
0.83705 0.95039
0.83705 0.89877
0.83706 0.84270
0.83706 0.78036
0.83707 0.86140
0.83707 0.88611
0.83708 0.89039
0.83708 0.91458
0.83709 0.89043
0.83709 0.80680
0.83710 0.79826
0.83710 0.90969
0.83711 0.90157
0.83711 0.93376
0.83712 0.85638
0.83712 0.88256
0.83713 0.90402
0.83713 0.81283
0.83714 0.84678
0.83714 0.91863
0.83715 0.98661
0.83715 0.92234
0.83716 0.95613
0.83716 0.95049
0.83717 0.79917
0.83717 0.79872
0.83718 0.84531
0.83718 0.93144
0.83719 0.92248
0.83719 0.87148
0.83720 0.82314
0.83720 0.84346
0.83721 0.89218
0.83721 0.89938
0.83722 0.94380
0.83722 0.87967
0.83723 0.92350
0.83723 0.85244
0.83724 0.76182
0.83724 0.95712
0.83725 0.92958
0.83725 0.87478
0.83726 0.96603
0.83726 0.94033
0.83727 0.90600
0.83727 0.82223
0.83728 0.83137
0.83728 0.90790
0.83729 0.83609
0.83729 0.85718
0.83730 0.86172
0.83730 0.89453
0.83731 0.95539
0.83731 0.86501
0.83732 0.85579
0.83732 0.86382
0.83733 0.81926
0.83733 0.86599
0.83734 0.94052
0.83734 0.87446
0.83735 0.87484
0.83735 0.85730
0.83736 0.82430
0.83736 0.85600
0.83737 0.91478
0.83737 0.82783
0.83738 0.75181
0.83738 0.86410
0.83739 0.87977
0.83739 0.86549
0.83740 0.83979
0.83740 0.83002
0.83741 0.86469
0.83741 0.88318
0.83742 0.86445
0.83742 0.82201
0.83743 0.83674
0.83743 0.88172
0.83744 0.83135
0.83744 0.86636
0.83745 0.82612
0.83745 0.79988
0.83746 0.89547
0.83746 0.96548
0.83747 0.92667
0.83747 0.85062
0.83748 0.95142
0.83748 0.90139
0.83749 0.81555
0.83749 0.77354
0.83750 0.81200
0.83750 0.79023
0.83751 0.82787
0.83751 0.94628
0.83752 0.82157
0.83752 0.84170
0.83753 0.93846
0.83753 0.92204
0.83754 0.85351
0.83754 0.86740
0.83755 0.89350
0.83755 0.83602
0.83756 0.81223
0.83756 0.91111
0.83757 0.87973
0.83757 0.93117
0.83758 0.93476
0.83758 0.70325
0.83759 0.88655
0.83759 0.91493
0.83760 0.88360
0.83760 0.94035
0.83761 0.82177
0.83761 0.87782
0.83762 0.82264
0.83762 0.89476
0.83763 0.94265
0.83763 0.90345
0.83764 0.91462
0.83764 0.83816
0.83765 0.85239
0.83765 0.94335
0.83766 0.95992
0.83766 0.86523
0.83767 0.82401
0.83767 0.84551
0.83768 0.89640
0.83768 0.83818
0.83769 0.84802
0.83769 0.93025
0.83770 0.85977
0.83770 0.87928
0.83771 0.92377
0.83771 0.82869
0.83772 0.82428
0.83772 0.87090
0.83773 0.78503
0.83773 0.74964
0.83774 0.89686
0.83774 0.91020
0.83775 0.90690
0.83775 0.88561
0.83776 0.81759
0.83776 0.89502
0.83777 0.90299
0.83777 0.89020
0.83778 0.86513
0.83778 0.86457
0.83779 0.94572
0.83779 0.85561
0.83780 0.88972
0.83780 0.87664
0.83781 0.87335
0.83781 0.99634
0.83782 0.86244
0.83782 0.86092
0.83783 0.85289
0.83783 0.82148
0.83784 0.87277
0.83784 0.87194
0.83785 0.84581
0.83785 0.87225
0.83786 0.86072
0.83786 0.89630
0.83787 0.92936
0.83787 0.84257
0.83788 0.88251
0.83788 0.90362
0.83789 0.87478
0.83789 0.85688
0.83790 0.90163
0.83790 0.88058
0.83791 0.88883
0.83791 0.89585
0.83792 0.82078
0.83792 0.90092
0.83793 0.92456
0.83793 0.92973
0.83794 0.95214
0.83794 0.87625
0.83795 0.85820
0.83795 0.88682
0.83796 0.86558
0.83796 0.90358
0.83797 0.90739
0.83797 0.92381
0.83798 0.94014
0.83798 0.88549
0.83799 0.87798
0.83799 0.90016
0.83800 0.85582
0.83800 0.78215
0.83801 0.85565
0.83801 0.88896
0.83802 0.91259
0.83802 0.89210
0.83803 0.85773
0.83803 0.86631
0.83804 0.80093
0.83804 0.78104
0.83805 0.84566
0.83805 0.89860
0.83806 0.82203
0.83806 0.89668
0.83807 0.91702
0.83807 0.84067
0.83808 0.85299
0.83808 0.86760
0.83809 0.86836
0.83809 0.84424
0.83810 0.89331
0.83810 0.88784
0.83811 0.74625
0.83811 0.82629
0.83812 0.93078
0.83812 0.90360
0.83813 0.93729
0.83813 0.79870
0.83814 0.81078
0.83814 0.92662
0.83815 0.91957
0.83815 0.88919
0.83816 0.89923
0.83816 0.92287
0.83817 0.89986
0.83817 0.81629
0.83818 0.85883
0.83818 0.90218
0.83819 0.87106
0.83819 0.86839
0.83820 0.89898
0.83820 0.92576
0.83821 0.80820
0.83821 0.81771
0.83822 0.94575
0.83822 0.88244
0.83823 0.88709
0.83823 0.93524
0.83824 0.79442
0.83824 0.84476
0.83825 0.89445
0.83825 0.83864
0.83826 0.91549
0.83826 0.82125
0.83827 0.81421
0.83827 0.90324
0.83828 0.84174
0.83828 0.86333
0.83829 0.82387
0.83829 0.83996
0.83830 0.88825
0.83830 0.85913
0.83831 0.87977
0.83831 0.86903
0.83832 0.87625
0.83832 0.86247
0.83833 0.84104
0.83833 0.87157
0.83834 0.89061
0.83834 0.90673
0.83835 0.89630
0.83835 0.94032
0.83836 0.83361
0.83836 0.78235
0.83837 0.92538
0.83837 0.89151
0.83838 0.85882
0.83838 0.85701
0.83839 0.85124
0.83839 0.89631
0.83840 0.87374
0.83840 0.93811
0.83841 0.96934
0.83841 0.91441
0.83842 0.88450
0.83842 0.82323
0.83843 0.85413
0.83843 0.86386
0.83844 0.90910
0.83844 0.91027
0.83845 0.78253
0.83845 0.76385
0.83846 0.86553
0.83846 0.89780
0.83847 0.89221
0.83847 0.93429
0.83848 0.95401
0.83848 0.87658
0.83849 0.81375
0.83849 0.87303
0.83850 0.88826
0.83850 0.85735
0.83851 0.91081
0.83851 0.87778
0.83852 0.81725
0.83852 0.90093
0.83853 0.92618
0.83853 0.93589
0.83854 0.87538
0.83854 0.84384
0.83855 0.84396
0.83855 0.84087
0.83856 0.89795
0.83856 0.91477
0.83857 0.88056
0.83857 0.84129
0.83858 0.85515
0.83858 0.88745
0.83859 0.83572
0.83859 0.82504
0.83860 0.87750
0.83860 0.82496
0.83861 0.85528
0.83861 0.85787
0.83862 0.85298
0.83862 0.87377
0.83863 0.89170
0.83863 0.83965
0.83864 0.92021
0.83864 0.89739
0.83865 0.77357
0.83865 0.88368
0.83866 0.85837
0.83866 0.87224
0.83867 0.89112
0.83867 0.86994
0.83868 0.83492
0.83868 0.76608
0.83869 0.80924
0.83869 0.86892
0.83870 0.84683
0.83870 0.76069
0.83871 0.90429
0.83871 0.89555
0.83872 0.88082
0.83872 0.92094
0.83873 0.82719
0.83873 0.83720
0.83874 0.76748
0.83874 0.85473
0.83875 0.83335
0.83875 0.78241
0.83876 0.79675
0.83876 0.85905
0.83877 0.94045
0.83877 0.86516
0.83878 0.89552
0.83878 0.90867
0.83879 0.82115
0.83879 0.90566
0.83880 0.81833
0.83880 0.76911
0.83881 0.95460
0.83881 0.91339
0.83882 0.90349
0.83882 0.92258
0.83883 0.93853
0.83883 0.93865
0.83884 0.87672
0.83884 0.86858
0.83885 0.84474
0.83885 0.87396
0.83886 0.91200
0.83886 0.92772
0.83887 0.88747
0.83887 0.90505
0.83888 0.91518
0.83888 0.79819
0.83889 0.86327
0.83889 0.87707
0.83890 0.83230
0.83890 0.78772
0.83891 0.83636
0.83891 0.87154
0.83892 0.86250
0.83892 0.87383
0.83893 0.88133
0.83893 0.90213
0.83894 0.91794
0.83894 0.93640
0.83895 0.90288
0.83895 0.88045
0.83896 0.87799
0.83896 0.90534
0.83897 0.85867
0.83897 0.82261
0.83898 0.84959
0.83898 0.84990
0.83899 0.89890
0.83899 0.93658
0.83900 0.86952
0.83900 0.84326
0.83901 0.86347
0.83901 0.85198
0.83902 0.92563
0.83902 0.86074
0.83903 0.77863
0.83903 0.91495
0.83904 0.85301
0.83904 0.87651
0.83905 0.93619
0.83905 0.88509
0.83906 0.85575
0.83906 0.90459
0.83907 0.94156
0.83907 0.88868
0.83908 0.84292
0.83908 0.89559
0.83909 0.84386
0.83909 0.84431
0.83910 0.92975
0.83910 0.85863
0.83911 0.85369
0.83911 0.72676
0.83912 0.85115
0.83912 0.87632
0.83913 0.79690
0.83913 0.95708
0.83914 0.87663
0.83914 0.82521
0.83915 0.84828
0.83915 0.89141
0.83916 0.89864
0.83916 0.88779
0.83917 0.91871
0.83917 0.82332
0.83918 0.83909
0.83918 0.91038
0.83919 0.86985
0.83919 0.86993
0.83920 0.89997
0.83920 0.88781
0.83921 0.85978
0.83921 0.83026
0.83922 0.94946
0.83922 0.97960
0.83923 0.83072
0.83923 0.78778
0.83924 0.88173
0.83924 0.87596
0.83925 0.78628
0.83925 0.88861
0.83926 0.85368
0.83926 0.75427
0.83927 0.81745
0.83927 0.83992
0.83928 0.85860
0.83928 0.86548
0.83929 0.84194
0.83929 0.85332
0.83930 0.89165
0.83930 0.90200
0.83931 0.87691
0.83931 0.86209
0.83932 0.89456
0.83932 0.88495
0.83933 0.85270
0.83933 0.83464
0.83934 0.83326
0.83934 0.92456
0.83935 0.92069
0.83935 0.80765
0.83936 0.81247
0.83936 0.84932
0.83937 0.82628
0.83937 0.89641
0.83938 0.86453
0.83938 0.82268
0.83939 0.82243
0.83939 0.88624
0.83940 0.88497
0.83940 0.79605
0.83941 0.86782
0.83941 0.83615
0.83942 0.86958
0.83942 0.82999
0.83943 0.88623
0.83943 0.92359
0.83944 0.87761
0.83944 0.96896
0.83945 0.88944
0.83945 0.83383
0.83946 0.86751
0.83946 0.85795
0.83947 0.87100
0.83947 0.90050
0.83948 0.79409
0.83948 0.78141
0.83949 0.90187
0.83949 0.90506
0.83950 0.88497
0.83950 0.84892
0.83951 0.82158
0.83951 0.94912
0.83952 0.92892
0.83952 0.85682
0.83953 0.86475
0.83953 0.81386
0.83954 0.78293
0.83954 0.91516
0.83955 0.88141
0.83955 0.85006
0.83956 0.92191
0.83956 0.83049
0.83957 0.91591
0.83957 0.87777
0.83958 0.84457
0.83958 0.87257
0.83959 0.82610
0.83959 0.87120
0.83960 0.91044
0.83960 0.85446
0.83961 0.90037
0.83961 0.87502
0.83962 0.80788
0.83962 0.92061
0.83963 0.90425
0.83963 0.91163
0.83964 0.82910
0.83964 0.83809
0.83965 0.88888
0.83965 0.84365
0.83966 0.93613
0.83966 0.80780
0.83967 0.82461
0.83967 0.78796
0.83968 0.81083
0.83968 0.91364
0.83969 0.85044
0.83969 0.85780
0.83970 0.84631
0.83970 0.86676
0.83971 0.83924
0.83971 0.89711
0.83972 0.74546
0.83972 0.81769
0.83973 0.87891
0.83973 0.87797
0.83974 0.90453
0.83974 0.76825
0.83975 0.90845
0.83975 0.90663
0.83976 0.94247
0.83976 0.97726
0.83977 0.81246
0.83977 0.79606
0.83978 0.85205
0.83978 0.82217
0.83979 0.86072
0.83979 0.89831
0.83980 0.87316
0.83980 0.84954
0.83981 0.88216
0.83981 0.88903
0.83982 0.83540
0.83982 0.88929
0.83983 0.92926
0.83983 0.83188
0.83984 0.84479
0.83984 0.90867
0.83985 0.84424
0.83985 0.86056
0.83986 0.85115
0.83986 0.79659
0.83987 0.87696
0.83987 0.94551
0.83988 0.84394
0.83988 0.81659
0.83989 0.88019
0.83989 0.88942
0.83990 0.88308
0.83990 0.87395
0.83991 0.87272
0.83991 0.82933
0.83992 0.85137
0.83992 0.85520
0.83993 0.86153
0.83993 0.87409
0.83994 0.89412
0.83994 0.93961
0.83995 0.84147
0.83995 0.84267
0.83996 0.86519
0.83996 0.82880
0.83997 0.91328
0.83997 0.90706
0.83998 0.97260
0.83998 0.87174
0.83999 0.77552
0.83999 0.89822
0.84000 0.81536
0.84000 0.87361
0.84001 0.86813
0.84001 0.88811
0.84002 0.90312
0.84002 0.82594
0.84003 0.84744
0.84003 0.80486
0.84004 0.78899
0.84004 0.84223
0.84005 0.91504
0.84005 0.75722
0.84006 0.77535
0.84006 0.88917
0.84007 0.86447
0.84007 0.93310
0.84008 0.90069
0.84008 0.83688
0.84009 0.84115
0.84009 0.82702
0.84010 0.86779
0.84010 0.84869
0.84011 0.85121
0.84011 0.85496
0.84012 0.84548
0.84012 0.86874
0.84013 0.83877
0.84013 0.85895
0.84014 0.94362
0.84014 0.89911
0.84015 0.88425
0.84015 0.92966
0.84016 0.84849
0.84016 0.86966
0.84017 0.82372
0.84017 0.85010
0.84018 0.85613
0.84018 0.91986
0.84019 0.91159
0.84019 0.83068
0.84020 0.84256
0.84020 0.83840
0.84021 0.91201
0.84021 0.84212
0.84022 0.79920
0.84022 0.93142
0.84023 0.96156
0.84023 0.83566
0.84024 0.90608
0.84024 0.81538
0.84025 0.78920
0.84025 0.94187
0.84026 0.79464
0.84026 0.76045
0.84027 0.82528
0.84027 0.83599
0.84028 0.89480
0.84028 0.90376
0.84029 0.84733
0.84029 0.90651
0.84030 0.97886
0.84030 0.83481
0.84031 0.83426
0.84031 0.88462
0.84032 0.81304
0.84032 0.87733
0.84033 0.92672
0.84033 0.83909
0.84034 0.84513
0.84034 0.85598
0.84035 0.82123
0.84035 0.84715
0.84036 0.78615
0.84036 0.73854
0.84037 0.74726
0.84037 0.85220
0.84038 0.96803
0.84038 0.83610
0.84039 0.83134
0.84039 0.88190
0.84040 0.92588
0.84040 0.90817
0.84041 0.80871
0.84041 0.95175
0.84042 0.90053
0.84042 0.73089
0.84043 0.87593
0.84043 0.85596
0.84044 0.85452
0.84044 0.97030
0.84045 0.82769
0.84045 0.86779
0.84046 0.95096
0.84046 0.90946
0.84047 0.83407
0.84047 0.89503
0.84048 0.95005
0.84048 0.88142
0.84049 0.79510
0.84049 0.75048
0.84050 0.87295
0.84050 0.95029
0.84051 0.85216
0.84051 0.81165
0.84052 0.84893
0.84052 0.79054
0.84053 0.88651
0.84053 0.89861
0.84054 0.85196
0.84054 0.86281
0.84055 0.82207
0.84055 0.85037
0.84056 0.86975
0.84056 0.86827
0.84057 0.78432
0.84057 0.83020
0.84058 0.87369
0.84058 0.86800
0.84059 0.88078
0.84059 0.79226
0.84060 0.86133
0.84060 0.91706
0.84061 0.86752
0.84061 0.87936
0.84062 0.79828
0.84062 0.83273
0.84063 0.91630
0.84063 0.82179
0.84064 0.83313
0.84064 0.95272
0.84065 0.89985
0.84065 0.83998
0.84066 0.86612
0.84066 0.85533
0.84067 0.91558
0.84067 0.87764
0.84068 0.90450
0.84068 0.90457
0.84069 0.76724
0.84069 0.84557
0.84070 0.88568
0.84070 0.82540
0.84071 0.80828
0.84071 0.85602
0.84072 0.84371
0.84072 0.83869
0.84073 0.88854
0.84073 0.83733
0.84074 0.83513
0.84074 0.79552
0.84075 0.85090
0.84075 0.87921
0.84076 0.89653
0.84076 0.91732
0.84077 0.80071
0.84077 0.80296
0.84078 0.81867
0.84078 0.87282
0.84079 0.90375
0.84079 0.86945
0.84080 0.88496
0.84080 0.85312
0.84081 0.83313
0.84081 0.86650
0.84082 0.91784
0.84082 0.85361
0.84083 0.82130
0.84083 0.81092
0.84084 0.78426
0.84084 0.86727
0.84085 0.88276
0.84085 0.92164
0.84086 0.92205
0.84086 0.80434
0.84087 0.72877
0.84087 0.78777
0.84088 0.89152
0.84088 0.84781
0.84089 0.86651
0.84089 0.98321
0.84090 0.84407
0.84090 0.79430
0.84091 0.78538
0.84091 0.83305
0.84092 0.90030
0.84092 0.89187
0.84093 0.98381
0.84093 0.83786
0.84094 0.80474
0.84094 0.88984
0.84095 0.83139
0.84095 0.86606
0.84096 0.95807
0.84096 0.87564
0.84097 0.89154
0.84097 0.88734
0.84098 0.79973
0.84098 0.90318
0.84099 0.85204
0.84099 0.91228
0.84100 0.97060
0.84100 0.82458
0.84101 0.89364
0.84101 0.86828
0.84102 0.81962
0.84102 0.85902
0.84103 0.86802
0.84103 0.92615
0.84104 0.84678
0.84104 0.89220
0.84105 0.89856
0.84105 0.78120
0.84106 0.77054
0.84106 0.87534
0.84107 0.89444
0.84107 0.80155
0.84108 0.87539
0.84108 0.89471
0.84109 0.84218
0.84109 0.88365
0.84110 0.87721
0.84110 0.86694
0.84111 0.91188
0.84111 0.91549
0.84112 0.84451
0.84112 0.88248
0.84113 0.88621
0.84113 0.87013
0.84114 0.89318
0.84114 0.85955
0.84115 0.89492
0.84115 0.85967
0.84116 0.92229
0.84116 0.84257
0.84117 0.84483
0.84117 0.89466
0.84118 0.83970
0.84118 0.88062
0.84119 0.90008
0.84119 0.92077
0.84120 0.88696
0.84120 0.86891
0.84121 0.89717
0.84121 0.92144
0.84122 0.84170
0.84122 0.83467
0.84123 0.87064
0.84123 0.92005
0.84124 0.87169
0.84124 0.89664
0.84125 0.94455
0.84125 0.74766
0.84126 0.82637
0.84126 0.87148
0.84127 0.74400
0.84127 0.84415
0.84128 0.89880
0.84128 0.92476
0.84129 0.91599
0.84129 0.87794
0.84130 0.95387
0.84130 0.90564
0.84131 0.90616
0.84131 0.90928
0.84132 0.80693
0.84132 0.77875
0.84133 0.83039
0.84133 0.88242
0.84134 0.82100
0.84134 0.79956
0.84135 0.86193
0.84135 0.85750
0.84136 0.83360
0.84136 0.86996
0.84137 0.87956
0.84137 0.82266
0.84138 0.85758
0.84138 0.95371
0.84139 0.89416
0.84139 0.79161
0.84140 0.71493
0.84140 0.83757
0.84141 0.90335
0.84141 0.77722
0.84142 0.82050
0.84142 0.98132
0.84143 0.92019
0.84143 0.81984
0.84144 0.91384
0.84144 0.90279
0.84145 0.86954
0.84145 0.91114
0.84146 0.89513
0.84146 0.89058
0.84147 0.88326
0.84147 0.81657
0.84148 0.87327
0.84148 0.90479
0.84149 0.89717
0.84149 0.89226
0.84150 0.87471
0.84150 0.92209
0.84151 0.84955
0.84151 0.86405
0.84152 0.78989
0.84152 0.73893
0.84153 0.86506
0.84153 0.85125
0.84154 0.77577
0.84154 0.82296
0.84155 0.90723
0.84155 0.85018
0.84156 0.85969
0.84156 0.98071
0.84157 0.95232
0.84157 0.88902
0.84158 0.89658
0.84158 0.85284
0.84159 0.89128
0.84159 0.89538
0.84160 0.79940
0.84160 0.76894
0.84161 0.87495
0.84161 0.89049
0.84162 0.81601
0.84162 0.85702
0.84163 0.89338
0.84163 0.89490
0.84164 0.87638
0.84164 0.84488
0.84165 0.90099
0.84165 0.91819
0.84166 0.90728
0.84166 0.93017
0.84167 0.89594
0.84167 0.83477
0.84168 0.85591
0.84168 0.85981
0.84169 0.86093
0.84169 0.76287
0.84170 0.74683
0.84170 0.83475
0.84171 0.86890
0.84171 0.95007
0.84172 0.83209
0.84172 0.82436
0.84173 0.88523
0.84173 0.82820
0.84174 0.90205
0.84174 0.88747
0.84175 0.92148
0.84175 0.95631
0.84176 0.82577
0.84176 0.86669
0.84177 0.95251
0.84177 0.90218
0.84178 0.88794
0.84178 0.87155
0.84179 0.83806
0.84179 0.92333
0.84180 0.85120
0.84180 0.82952
0.84181 0.86686
0.84181 0.82004
0.84182 0.85366
0.84182 0.85918
0.84183 0.89653
0.84183 0.85522
0.84184 0.84785
0.84184 0.93445
0.84185 0.85932
0.84185 0.82768
0.84186 0.84747
0.84186 0.85496
0.84187 0.88990
0.84187 0.90574
0.84188 0.85784
0.84188 0.82798
0.84189 0.86229
0.84189 0.89737
0.84190 0.89757
0.84190 0.87692
0.84191 0.86227
0.84191 0.87371
0.84192 0.84491
0.84192 0.85311
0.84193 0.84134
0.84193 0.77078
0.84194 0.87356
0.84194 0.84008
0.84195 0.86341
0.84195 0.93703
0.84196 0.83087
0.84196 0.83083
0.84197 0.93219
0.84197 0.87923
0.84198 0.81063
0.84198 0.81723
0.84199 0.86751
0.84199 0.90272
0.84200 0.86251
0.84200 0.82151
0.84201 0.87583
0.84201 0.89200
0.84202 0.77586
0.84202 0.88184
0.84203 0.92017
0.84203 0.83263
0.84204 0.82929
0.84204 0.88914
0.84205 0.80930
0.84205 0.85675
0.84206 0.98539
0.84206 0.88018
0.84207 0.93616
0.84207 0.89430
0.84208 0.88527
0.84208 0.93660
0.84209 0.85658
0.84209 0.89961
0.84210 0.85758
0.84210 0.83504
0.84211 0.85036
0.84211 0.87460
0.84212 0.90646
0.84212 0.98661
0.84213 0.98724
0.84213 0.87734
0.84214 0.89754
0.84214 0.86850
0.84215 0.83136
0.84215 0.85056
0.84216 0.86080
0.84216 0.87390
0.84217 0.89658
0.84217 0.91891
0.84218 0.93234
0.84218 0.86969
0.84219 0.83682
0.84219 0.85490
0.84220 0.94260
0.84220 0.91443
0.84221 0.77650
0.84221 0.86311
0.84222 0.80479
0.84222 0.83416
0.84223 0.96400
0.84223 0.89402
0.84224 0.92831
0.84224 0.89957
0.84225 0.79680
0.84225 0.83384
0.84226 0.89244
0.84226 0.90508
0.84227 0.88803
0.84227 0.83552
0.84228 0.88021
0.84228 0.84674
0.84229 0.83275
0.84229 0.80896
0.84230 0.82681
0.84230 0.90054
0.84231 0.79009
0.84231 0.79116
0.84232 0.93047
0.84232 0.87796
0.84233 0.84301
0.84233 0.92458
0.84234 0.87933
0.84234 0.92115
0.84235 0.89924
0.84235 0.83366
0.84236 0.91677
0.84236 0.89845
0.84237 0.90055
0.84237 0.88774
0.84238 0.88274
0.84238 0.86637
0.84239 0.76724
0.84239 0.90101
0.84240 0.91184
0.84240 0.90741
0.84241 0.97288
0.84241 0.87871
0.84242 0.87772
0.84242 0.87752
0.84243 0.85404
0.84243 0.86757
0.84244 0.94808
0.84244 0.90658
0.84245 0.88951
0.84245 0.90880
0.84246 0.85164
0.84246 0.84856
0.84247 0.84852
0.84247 0.88869
0.84248 0.85562
0.84248 0.81854
0.84249 0.82388
0.84249 0.83199
0.84250 0.77662
0.84250 0.81561
0.84251 0.94145
0.84251 0.88978
0.84252 0.89996
0.84252 0.80271
0.84253 0.73007
0.84253 0.86095
0.84254 0.84505
0.84254 0.85056
0.84255 0.88085
0.84255 0.82126
0.84256 0.92696
0.84256 0.92168
0.84257 0.79897
0.84257 0.82358
0.84258 0.87464
0.84258 0.90156
0.84259 0.82279
0.84259 0.84875
0.84260 0.84447
0.84260 0.84122
0.84261 0.86268
0.84261 0.79633
0.84262 0.87983
0.84262 0.93061
0.84263 0.85755
0.84263 0.87670
0.84264 0.86995
0.84264 0.97445
0.84265 0.89958
0.84265 0.83264
0.84266 0.91592
0.84266 0.76020
0.84267 0.82003
0.84267 0.87057
0.84268 0.81975
0.84268 0.82564
0.84269 0.85943
0.84269 0.88966
0.84270 0.86271
0.84270 0.88398
0.84271 0.87311
0.84271 0.83657
0.84272 0.88818
0.84272 0.92046
0.84273 0.93278
0.84273 0.90900
0.84274 0.86037
0.84274 0.84517
0.84275 0.85541
0.84275 0.86751
0.84276 0.85223
0.84276 0.86073
0.84277 0.82998
0.84277 0.82178
0.84278 0.84757
0.84278 0.88056
0.84279 0.88672
0.84279 0.90331
0.84280 0.93306
0.84280 0.86314
0.84281 0.86666
0.84281 0.92892
0.84282 0.90453
0.84282 0.91031
0.84283 0.88197
0.84283 0.87284
0.84284 0.95177
0.84284 0.89458
0.84285 1.01009
0.84285 1.01116
0.84286 0.80067
0.84286 0.82003
0.84287 0.92257
0.84287 0.94028
0.84288 0.81063
0.84288 0.83920
0.84289 0.91122
0.84289 0.87301
0.84290 0.90679
0.84290 0.81242
0.84291 0.85099
0.84291 0.94262
0.84292 0.89369
0.84292 0.95804
0.84293 0.97950
0.84293 0.88771
0.84294 0.76725
0.84294 0.85770
0.84295 0.95123
0.84295 0.87403
0.84296 0.89512
0.84296 0.84556
0.84297 0.78435
0.84297 0.89973
0.84298 0.90960
0.84298 0.89090
0.84299 0.86232
0.84299 0.89004
0.84300 0.93659
0.84300 0.89180
0.84301 0.89944
0.84301 0.91232
0.84302 0.86185
0.84302 0.76979
0.84303 0.84077
0.84303 0.83509
0.84304 0.78649
0.84304 0.81148
0.84305 0.85492
0.84305 0.88903
0.84306 0.89798
0.84306 0.85369
0.84307 0.86841
0.84307 0.89826
0.84308 0.83615
0.84308 0.79442
0.84309 0.81433
0.84309 0.86023
0.84310 0.82570
0.84310 0.95327
0.84311 0.86574
0.84311 0.85886
0.84312 0.96198
0.84312 0.88572
0.84313 0.86569
0.84313 0.81797
0.84314 0.89894
0.84314 0.92933
0.84315 0.88025
0.84315 0.93736
0.84316 0.88487
0.84316 0.88539
0.84317 0.96227
0.84317 0.91231
0.84318 0.88329
0.84318 0.89701
0.84319 0.96017
0.84319 0.90929
0.84320 0.83127
0.84320 0.85368
0.84321 0.92719
0.84321 0.88369
0.84322 0.92644
0.84322 0.92497
0.84323 0.81847
0.84323 0.97889
0.84324 0.86698
0.84324 0.83304
0.84325 0.89132
0.84325 0.82476
0.84326 0.90523
0.84326 0.78926
0.84327 0.84259
0.84327 0.92903
0.84328 0.87779
0.84328 0.88243
0.84329 0.81443
0.84329 0.91000
0.84330 0.88964
0.84330 0.85880
0.84331 0.86706
0.84331 0.77730
0.84332 0.83657
0.84332 0.96680
0.84333 0.91143
0.84333 0.78292
0.84334 0.83399
0.84334 0.85739
0.84335 0.89115
0.84335 0.86569
0.84336 0.89356
0.84336 0.92018
0.84337 0.74134
0.84337 0.87575
0.84338 0.82074
0.84338 0.80561
0.84339 0.91007
0.84339 0.84694
0.84340 0.94020
0.84340 0.82614
0.84341 0.87675
0.84341 0.81106
0.84342 0.81176
0.84342 0.93103
0.84343 0.91021
0.84343 0.89291
0.84344 0.88538
0.84344 0.87179
0.84345 0.79907
0.84345 0.89415
0.84346 0.87028
0.84346 0.86365
0.84347 0.88469
0.84347 0.81416
0.84348 0.85706
0.84348 0.85318
0.84349 0.89540
0.84349 0.94567
0.84350 0.88096
0.84350 0.86059
0.84351 0.90510
0.84351 0.91396
0.84352 0.92759
0.84352 0.89208
0.84353 0.75112
0.84353 0.79371
0.84354 0.91872
0.84354 0.79593
0.84355 0.80565
0.84355 0.90447
0.84356 0.82579
0.84356 0.84319
0.84357 0.88139
0.84357 0.88532
0.84358 0.85917
0.84358 0.89404
0.84359 0.94349
0.84359 0.84542
0.84360 0.89901
0.84360 0.93054
0.84361 0.83759
0.84361 0.95855
0.84362 0.88926
0.84362 0.82726
0.84363 0.88247
0.84363 0.90529
0.84364 0.86766
0.84364 0.85296
0.84365 0.94419
0.84365 0.88891
0.84366 0.92862
0.84366 0.92877
0.84367 0.88172
0.84367 0.92684
0.84368 0.90797
0.84368 0.82797
0.84369 0.86375
0.84369 0.88975
0.84370 0.89059
0.84370 0.90190
0.84371 0.88957
0.84371 0.91032
0.84372 0.84529
0.84372 0.89026
0.84373 0.89438
0.84373 0.92209
0.84374 0.91680
0.84374 0.81743
0.84375 0.86375
0.84375 0.83614
0.84376 0.83281
0.84376 0.92263
0.84377 0.84068
0.84377 0.80088
0.84378 0.81210
0.84378 0.77483
0.84379 0.88122
0.84379 0.93812
0.84380 0.85404
0.84380 0.82412
0.84381 0.88059
0.84381 0.87635
0.84382 0.84735
0.84382 0.84570
0.84383 0.90937
0.84383 0.89318
0.84384 0.81917
0.84384 0.82663
0.84385 0.81753
0.84385 0.89306
0.84386 0.88643
0.84386 0.81754
0.84387 0.87801
0.84387 0.84019
0.84388 0.75066
0.84388 0.78817
0.84389 0.87026
0.84389 0.95316
0.84390 0.95370
0.84390 0.88645
0.84391 0.92079
0.84391 0.84373
0.84392 0.88572
0.84392 0.81860
0.84393 0.79369
0.84393 0.86281
0.84394 0.81160
0.84394 0.87960
0.84395 0.85703
0.84395 0.92329
0.84396 0.91709
0.84396 0.81002
0.84397 0.80434
0.84397 0.82417
0.84398 0.83845
0.84398 0.85835
0.84399 0.88858
0.84399 0.90655
0.84400 0.88588
0.84400 0.88343
0.84401 0.85165
0.84401 0.90171
0.84402 0.97350
0.84402 0.91736
0.84403 0.88857
0.84403 0.86349
0.84404 0.85246
0.84404 0.87176
0.84405 0.89733
0.84405 0.88229
0.84406 0.83801
0.84406 0.93121
0.84407 0.83965
0.84407 0.85395
0.84408 0.91822
0.84408 0.92503
0.84409 0.94847
0.84409 0.85300
0.84410 0.91203
0.84410 0.91304
0.84411 0.85622
0.84411 0.85335
0.84412 0.85932
0.84412 0.90859
0.84413 0.91948
0.84413 0.92559
0.84414 0.92252
0.84414 0.84741
0.84415 0.91176
0.84415 0.87341
0.84416 0.80444
0.84416 0.85587
0.84417 0.89812
0.84417 0.91160
0.84418 0.86632
0.84418 0.92045
0.84419 0.88956
0.84419 0.86021
0.84420 0.95448
0.84420 0.89391
0.84421 0.83499
0.84421 0.92078
0.84422 0.95794
0.84422 0.88349
0.84423 0.87752
0.84423 0.88413
0.84424 0.78071
0.84424 0.80311
0.84425 0.90917
0.84425 0.78915
0.84426 0.78182
0.84426 0.88677
0.84427 0.79235
0.84427 0.80002
0.84428 0.81266
0.84428 0.83345
0.84429 0.94814
0.84429 0.90200
0.84430 0.87135
0.84430 0.91943
0.84431 0.87133
0.84431 0.80915
0.84432 0.79633
0.84432 0.86872
0.84433 0.89080
0.84433 0.89622
0.84434 0.88994
0.84434 0.89996
0.84435 1.00531
0.84435 0.92255
0.84436 0.81255
0.84436 0.90417
0.84437 0.87601
0.84437 0.85771
0.84438 0.85435
0.84438 0.84881
0.84439 0.85759
0.84439 0.83987
0.84440 0.86023
0.84440 0.88984
0.84441 0.95632
0.84441 0.85428
0.84442 0.89063
0.84442 0.92426
0.84443 0.89869
0.84443 0.83190
0.84444 0.81140
0.84444 0.90517
0.84445 0.87572
0.84445 0.81739
0.84446 0.81980
0.84446 0.90387
0.84447 0.83129
0.84447 0.85732
0.84448 0.88371
0.84448 0.77881
0.84449 0.86415
0.84449 0.91699
0.84450 0.83512
0.84450 0.79343
0.84451 0.83948
0.84451 0.85633
0.84452 0.77985
0.84452 0.81780
0.84453 0.85893
0.84453 0.81569
0.84454 0.84694
0.84454 0.92087
0.84455 0.81776
0.84455 0.76549
0.84456 0.85408
0.84456 0.85370
0.84457 0.84903
0.84457 0.90321
0.84458 0.91544
0.84458 0.82275
0.84459 0.80881
0.84459 0.91657
0.84460 0.91391
0.84460 0.80513
0.84461 0.83769
0.84461 0.84038
0.84462 0.89849
0.84462 0.97984
0.84463 0.88117
0.84463 0.88142
0.84464 0.90561
0.84464 0.88719
0.84465 0.92649
0.84465 0.85748
0.84466 0.82378
0.84466 0.90158
0.84467 0.93257
0.84467 0.94811
0.84468 0.86056
0.84468 0.80078
0.84469 0.89495
0.84469 0.90363
0.84470 0.88272
0.84470 0.81801
0.84471 0.79715
0.84471 0.87660
0.84472 0.84416
0.84472 0.87838
0.84473 0.86120
0.84473 0.87625
0.84474 0.93701
0.84474 0.83981
0.84475 0.80377
0.84475 0.88924
0.84476 0.89757
0.84476 0.77886
0.84477 1.01277
0.84477 0.99667
0.84478 0.84059
0.84478 0.93259
0.84479 0.85742
0.84479 0.82704
0.84480 0.90397
0.84480 0.93586
0.84481 0.97318
0.84481 0.91895
0.84482 0.87248
0.84482 0.94850
0.84483 0.84601
0.84483 0.89724
0.84484 0.93677
0.84484 0.90580
0.84485 0.86478
0.84485 0.84016
0.84486 0.87306
0.84486 0.80374
0.84487 0.86427
0.84487 0.89970
0.84488 0.85354
0.84488 0.87282
0.84489 0.88867
0.84489 0.90074
0.84490 0.83331
0.84490 0.77418
0.84491 0.82500
0.84491 0.81275
0.84492 0.83750
0.84492 0.84501
0.84493 0.89645
0.84493 0.89253
0.84494 0.90209
0.84494 0.92435
0.84495 0.85885
0.84495 0.88803
0.84496 0.87674
0.84496 0.84693
0.84497 0.83592
0.84497 0.87422
0.84498 0.85970
0.84498 0.83920
0.84499 0.91480
0.84499 0.91157
0.84500 0.86606
0.84500 0.86980
0.84501 0.84762
0.84501 0.88155
0.84502 0.89507
0.84502 0.94519
0.84503 0.98582
0.84503 0.84429
0.84504 0.90911
0.84504 0.87416
0.84505 0.76499
0.84505 0.90609
0.84506 0.90174
0.84506 0.89569
0.84507 0.85805
0.84507 0.90231
0.84508 0.92965
0.84508 0.91040
0.84509 0.95270
0.84509 0.90599
0.84510 0.86807
0.84510 0.91691
0.84511 0.96287
0.84511 0.80281
0.84512 0.78690
0.84512 0.86492
0.84513 0.85519
0.84513 0.81210
0.84514 0.77255
0.84514 0.86780
0.84515 0.89797
0.84515 0.77270
0.84516 0.80687
0.84516 0.89817
0.84517 0.88809
0.84517 0.86091
0.84518 0.86630
0.84518 0.81370
0.84519 0.87633
0.84519 0.91356
0.84520 0.92523
0.84520 0.93638
0.84521 0.80441
0.84521 0.83926
0.84522 0.91679
0.84522 0.89027
0.84523 0.82405
0.84523 0.85922
0.84524 0.87665
0.84524 0.87902
0.84525 0.89373
0.84525 0.83968
0.84526 0.90408
0.84526 0.91201
0.84527 0.81667
0.84527 0.82514
0.84528 0.81593
0.84528 0.84505
0.84529 0.91024
0.84529 0.90799
0.84530 1.01231
0.84530 0.95485
0.84531 0.78792
0.84531 0.89804
0.84532 0.78938
0.84532 0.77433
0.84533 0.86939
0.84533 0.79146
0.84534 0.85374
0.84534 0.89435
0.84535 0.82862
0.84535 0.87480
0.84536 0.91518
0.84536 0.82154
0.84537 0.83943
0.84537 0.78443
0.84538 0.77410
0.84538 0.91754
0.84539 0.85409
0.84539 0.80523
0.84540 0.86603
0.84540 0.85161
0.84541 0.88871
0.84541 0.85254
0.84542 0.89121
0.84542 0.95227
0.84543 0.90384
0.84543 0.88940
0.84544 0.87247
0.84544 0.87000
0.84545 0.88172
0.84545 0.87692
0.84546 0.87610
0.84546 0.89526
0.84547 0.92021
0.84547 0.79344
0.84548 0.81747
0.84548 0.89067
0.84549 0.84895
0.84549 0.87123
0.84550 0.90945
0.84550 0.85309
0.84551 0.83738
0.84551 0.94001
0.84552 0.82724
0.84552 0.88522
0.84553 0.85661
0.84553 0.75526
0.84554 0.87750
0.84554 0.85686
0.84555 0.89575
0.84555 0.98904
0.84556 0.87691
0.84556 0.83433
0.84557 0.89304
0.84557 0.96119
0.84558 0.86926
0.84558 0.88207
0.84559 0.89561
0.84559 0.72409
0.84560 0.89802
0.84560 0.91216
0.84561 0.89187
0.84561 0.92908
0.84562 0.90230
0.84562 0.93963
0.84563 0.86644
0.84563 0.94519
0.84564 0.88287
0.84564 0.85167
0.84565 0.88974
0.84565 0.83875
0.84566 0.94574
0.84566 0.87857
0.84567 0.80175
0.84567 0.90024
0.84568 0.86489
0.84568 0.83113
0.84569 0.81055
0.84569 0.79131
0.84570 0.95363
0.84570 0.90046
0.84571 0.88407
0.84571 0.88019
0.84572 0.88550
0.84572 0.89446
0.84573 0.79179
0.84573 0.85061
0.84574 0.88797
0.84574 0.86672
0.84575 0.82233
0.84575 0.83526
0.84576 0.92363
0.84576 0.89615
0.84577 0.92223
0.84577 0.89754
0.84578 0.90625
0.84578 0.91844
0.84579 0.84205
0.84579 0.90377
0.84580 0.79926
0.84580 0.84930
0.84581 0.87393
0.84581 0.80971
0.84582 0.86903
0.84582 0.83248
0.84583 0.93275
0.84583 0.92537
0.84584 0.83778
0.84584 0.92757
0.84585 0.89738
0.84585 0.87749
0.84586 0.96126
0.84586 0.88842
0.84587 0.91609
0.84587 0.90090
0.84588 0.80895
0.84588 0.88759
0.84589 0.88226
0.84589 0.85730
0.84590 0.92109
0.84590 0.88220
0.84591 0.82671
0.84591 0.92779
0.84592 0.90680
0.84592 0.82545
0.84593 0.88413
0.84593 0.94000
0.84594 0.84299
0.84594 0.88812
0.84595 0.95100
0.84595 0.88183
0.84596 0.88087
0.84596 0.93058
0.84597 0.93501
0.84597 0.96474
0.84598 0.88680
0.84598 0.81463
0.84599 0.86414
0.84599 0.79203
0.84600 0.82596
0.84600 0.86819
0.84601 0.93418
0.84601 1.04161
0.84602 0.89971
0.84602 0.88488
0.84603 0.90799
0.84603 0.87154
0.84604 0.92901
0.84604 0.89725
0.84605 0.94309
0.84605 0.93296
0.84606 0.86379
0.84606 0.87854
0.84607 0.89786
0.84607 0.91770
0.84608 0.81868
0.84608 0.85829
0.84609 0.84343
0.84609 0.76544
0.84610 0.88008
0.84610 0.83356
0.84611 0.92231
0.84611 0.88578
0.84612 0.90017
0.84612 0.92137
0.84613 0.76114
0.84613 0.92467
0.84614 0.98136
0.84614 0.89516
0.84615 0.86440
0.84615 0.83543
0.84616 0.85642
0.84616 0.86662
0.84617 0.87951
0.84617 0.89250
0.84618 0.89853
0.84618 0.87567
0.84619 0.85364
0.84619 0.88879
0.84620 0.86482
0.84620 0.83055
0.84621 0.92949
0.84621 0.95313
0.84622 0.91764
0.84622 1.02967
0.84623 0.83346
0.84623 0.83572
0.84624 0.95369
0.84624 0.78166
0.84625 0.88558
0.84625 0.80293
0.84626 0.75181
0.84626 0.89492
0.84627 0.81180
0.84627 0.84194
0.84628 0.82201
0.84628 0.79741
0.84629 0.81858
0.84629 0.78253
0.84630 0.85484
0.84630 0.86028
0.84631 0.85997
0.84631 0.85014
0.84632 0.95488
0.84632 0.92025
0.84633 0.82993
0.84633 0.81773
0.84634 0.81985
0.84634 0.90099
0.84635 0.86810
0.84635 0.85893
0.84636 0.81757
0.84636 0.90204
0.84637 0.91219
0.84637 0.83983
0.84638 0.91597
0.84638 0.93541
0.84639 0.78022
0.84639 0.83242
0.84640 0.93417
0.84640 0.80247
0.84641 0.76969
0.84641 0.83010
0.84642 0.90794
0.84642 0.90346
0.84643 0.89860
0.84643 0.84204
0.84644 0.86743
0.84644 0.91225
0.84645 0.75420
0.84645 0.85300
0.84646 0.95316
0.84646 0.89715
0.84647 0.88240
0.84647 0.87670
0.84648 0.86704
0.84648 0.86900
0.84649 0.88054
0.84649 0.82014
0.84650 0.88497
0.84650 0.86293
0.84651 0.86633
0.84651 0.90721
0.84652 0.86208
0.84652 0.85616
0.84653 0.86693
0.84653 0.84519
0.84654 0.80247
0.84654 0.81079
0.84655 0.90071
0.84655 0.94619
0.84656 0.89924
0.84656 0.88805
0.84657 0.80353
0.84657 0.81620
0.84658 0.87905
0.84658 0.81449
0.84659 0.85371
0.84659 0.88415
0.84660 0.81073
0.84660 0.81598
0.84661 0.89297
0.84661 0.88661
0.84662 0.86397
0.84662 0.82551
0.84663 0.78357
0.84663 0.86626
0.84664 0.90424
0.84664 0.90549
0.84665 0.90332
0.84665 0.86954
0.84666 0.85268
0.84666 0.92090
0.84667 0.90730
0.84667 0.87300
0.84668 0.93721
0.84668 0.86390
0.84669 0.84206
0.84669 0.81129
0.84670 0.85442
0.84670 0.90038
0.84671 0.82800
0.84671 0.90099
0.84672 0.87013
0.84672 0.91988
0.84673 0.90560
0.84673 0.80604
0.84674 0.83974
0.84674 0.79944
0.84675 0.84664
0.84675 0.89835
0.84676 0.85352
0.84676 0.82824
0.84677 0.79381
0.84677 0.83600
0.84678 0.77308
0.84678 0.85663
0.84679 0.89609
0.84679 0.80420
0.84680 0.94284
0.84680 0.92607
0.84681 0.86678
0.84681 0.86601
0.84682 0.94402
0.84682 0.95079
0.84683 0.92026
0.84683 0.90983
0.84684 0.81561
0.84684 0.84915
0.84685 0.85918
0.84685 0.86364
0.84686 0.90686
0.84686 0.89003
0.84687 0.88414
0.84687 0.89729
0.84688 0.86977
0.84688 0.83799
0.84689 0.93786
0.84689 0.90390
0.84690 0.88236
0.84690 0.89507
0.84691 0.88441
0.84691 0.89315
0.84692 0.80517
0.84692 0.85705
0.84693 0.92517
0.84693 0.88112
0.84694 0.87817
0.84694 0.85813
0.84695 0.89392
0.84695 0.82961
0.84696 0.79636
0.84696 0.87305
0.84697 0.89137
0.84697 0.86103
0.84698 0.84041
0.84698 0.79948
0.84699 0.82993
0.84699 0.97546
0.84700 0.85477
0.84700 0.80327
0.84701 0.88677
0.84701 0.86421
0.84702 0.89603
0.84702 0.93367
0.84703 0.86875
0.84703 0.81254
0.84704 0.90115
0.84704 0.96029
0.84705 0.84606
0.84705 0.82894
0.84706 0.88163
0.84706 0.82406
0.84707 0.87245
0.84707 0.81921
0.84708 0.80271
0.84708 0.87951
0.84709 0.85021
0.84709 0.90473
0.84710 0.87062
0.84710 0.87931
0.84711 0.88134
0.84711 0.81306
0.84712 0.91136
0.84712 0.87275
0.84713 0.85903
0.84713 0.86181
0.84714 0.82454
0.84714 0.86988
0.84715 0.80086
0.84715 0.86076
0.84716 0.90450
0.84716 0.86406
0.84717 0.94873
0.84717 0.87662
0.84718 0.81225
0.84718 0.92133
0.84719 0.95003
0.84719 0.90802
0.84720 0.89114
0.84720 0.80776
0.84721 0.82158
0.84721 0.87410
0.84722 0.86129
0.84722 0.93197
0.84723 0.88992
0.84723 0.95470
0.84724 0.86163
0.84724 0.77046
0.84725 0.93154
0.84725 0.88913
0.84726 0.83942
0.84726 0.87868
0.84727 0.82101
0.84727 0.80874
0.84728 0.86045
0.84728 0.90771
0.84729 0.91231
0.84729 0.90855
0.84730 0.95515
0.84730 0.99448
0.84731 0.93242
0.84731 0.88167
0.84732 0.89588
0.84732 0.85155
0.84733 0.83911
0.84733 0.86017
0.84734 0.91625
0.84734 0.88773
0.84735 0.80297
0.84735 0.90051
0.84736 0.92042
0.84736 0.82982
0.84737 0.93836
0.84737 1.02801
0.84738 0.91524
0.84738 0.79454
0.84739 0.79213
0.84739 0.82170
0.84740 0.85431
0.84740 0.91168
0.84741 0.95040
0.84741 0.80485
0.84742 0.75696
0.84742 0.86798
0.84743 0.90863
0.84743 0.87110
0.84744 0.84290
0.84744 0.83854
0.84745 0.88275
0.84745 0.92878
0.84746 0.94947
0.84746 0.87121
0.84747 0.81059
0.84747 0.87570
0.84748 0.90394
0.84748 0.86598
0.84749 0.78925
0.84749 0.84499
0.84750 0.87495
0.84750 0.88044
0.84751 0.87712
0.84751 0.85119
0.84752 0.87502
0.84752 0.92686
0.84753 0.90526
0.84753 0.86484
0.84754 0.91531
0.84754 0.93871
0.84755 0.85862
0.84755 0.81932
0.84756 0.87136
0.84756 0.81678
0.84757 0.89065
0.84757 0.93933
0.84758 0.86764
0.84758 0.86548
0.84759 0.91656
0.84759 0.80655
0.84760 0.79720
0.84760 0.88364
0.84761 0.87668
0.84761 0.93447
0.84762 0.86350
0.84762 0.84073
0.84763 0.93221
0.84763 0.83641
0.84764 0.85370
0.84764 0.87881
0.84765 0.82952
0.84765 0.85239
0.84766 0.86429
0.84766 0.89633
0.84767 0.87357
0.84767 0.97378
0.84768 0.93240
0.84768 0.88676
0.84769 0.85487
0.84769 0.85284
0.84770 0.87797
0.84770 0.86782
0.84771 0.88278
0.84771 0.92847
0.84772 0.93625
0.84772 0.75414
0.84773 0.81139
0.84773 0.86185
0.84774 0.77656
0.84774 0.87663
0.84775 0.94128
0.84775 0.89742
0.84776 0.86565
0.84776 0.81571
0.84777 0.82733
0.84777 0.90542
0.84778 0.82993
0.84778 0.90633
0.84779 0.96171
0.84779 0.81664
0.84780 0.89248
0.84780 0.87598
0.84781 0.81648
0.84781 0.88508
0.84782 0.91986
0.84782 0.89144
0.84783 0.85053
0.84783 0.93670
0.84784 0.80094
0.84784 0.90795
0.84785 0.92476
0.84785 0.85002
0.84786 0.94282
0.84786 0.81449
0.84787 0.90107
0.84787 0.95913
0.84788 0.85240
0.84788 0.80695
0.84789 0.80654
0.84789 0.84117
0.84790 0.89810
0.84790 0.77252
0.84791 0.86539
0.84791 0.97792
0.84792 0.86700
0.84792 0.89301
0.84793 0.87751
0.84793 0.85318
0.84794 0.92765
0.84794 0.92066
0.84795 0.92169
0.84795 0.85601
0.84796 0.77521
0.84796 0.76844
0.84797 0.83787
0.84797 0.85333
0.84798 0.86345
0.84798 0.87248
0.84799 0.76199
0.84799 0.82632
0.84800 0.90237
0.84800 0.88188
0.84801 0.84163
0.84801 0.83749
0.84802 0.76710
0.84802 0.76769
0.84803 0.90958
0.84803 0.87056
0.84804 0.92569
0.84804 0.96830
0.84805 0.89947
0.84805 0.85029
0.84806 0.82686
0.84806 0.85878
0.84807 0.85993
0.84807 0.85072
0.84808 0.87786
0.84808 0.96451
0.84809 0.88672
0.84809 0.80953
0.84810 0.92820
0.84810 0.90386
0.84811 0.88632
0.84811 0.85938
0.84812 0.82985
0.84812 0.94721
0.84813 0.87796
0.84813 0.81415
0.84814 0.84175
0.84814 0.88992
0.84815 0.95644
0.84815 0.87844
0.84816 0.93071
0.84816 0.89981
0.84817 0.84123
0.84817 0.92054
0.84818 0.83998
0.84818 0.84469
0.84819 0.84443
0.84819 0.83585
0.84820 0.86743
0.84820 0.87098
0.84821 0.87517
0.84821 0.92563
0.84822 0.84913
0.84822 0.89059
0.84823 0.86408
0.84823 0.77452
0.84824 0.90216
0.84824 0.89546
0.84825 0.84196
0.84825 0.87650
0.84826 0.86724
0.84826 0.87847
0.84827 0.86389
0.84827 0.92380
0.84828 0.89404
0.84828 0.80402
0.84829 0.91439
0.84829 0.87824
0.84830 0.84320
0.84830 0.83473
0.84831 0.89877
0.84831 0.91172
0.84832 0.92451
0.84832 0.86855
0.84833 0.82412
0.84833 0.87889
0.84834 0.77034
0.84834 0.86577
0.84835 0.86786
0.84835 0.80425
0.84836 0.86072
0.84836 0.85700
0.84837 0.92577
0.84837 0.85729
0.84838 0.84369
0.84838 0.90863
0.84839 0.80980
0.84839 0.87308
0.84840 0.78358
0.84840 0.82448
0.84841 0.94464
0.84841 0.83304
0.84842 0.90642
0.84842 0.83327
0.84843 0.84916
0.84843 0.85058
0.84844 0.86065
0.84844 0.86279
0.84845 0.80043
0.84845 0.85034
0.84846 0.85895
0.84846 0.84986
0.84847 0.82475
0.84847 0.86748
0.84848 0.78925
0.84848 0.80819
0.84849 0.88891
0.84849 0.89555
0.84850 0.95283
0.84850 0.90877
0.84851 0.84663
0.84851 0.87987
0.84852 0.94704
0.84852 0.94500
0.84853 0.86150
0.84853 0.83988
0.84854 0.88530
0.84854 0.89889
0.84855 0.88970
0.84855 0.89431
0.84856 0.86463
0.84856 0.84778
0.84857 0.86351
0.84857 0.89728
0.84858 0.90557
0.84858 0.79250
0.84859 0.82518
0.84859 0.83422
0.84860 0.88193
0.84860 0.91843
0.84861 0.87297
0.84861 0.92271
0.84862 0.82466
0.84862 0.88069
0.84863 0.95368
0.84863 0.87031
0.84864 0.93305
0.84864 0.89849
0.84865 0.85946
0.84865 0.83480
0.84866 0.78449
0.84866 0.83483
0.84867 0.91907
0.84867 0.86917
0.84868 0.87185
0.84868 0.90434
0.84869 0.83882
0.84869 0.94761
0.84870 0.92294
0.84870 0.85207
0.84871 0.82618
0.84871 0.88133
0.84872 0.94609
0.84872 0.86094
0.84873 0.87795
0.84873 0.85422
0.84874 0.90329
0.84874 0.89655
0.84875 0.83847
0.84875 0.95816
0.84876 0.88937
0.84876 0.88363
0.84877 0.95909
0.84877 0.88780
0.84878 0.86595
0.84878 0.82033
0.84879 0.93322
0.84879 0.97364
0.84880 0.87544
0.84880 0.85830
0.84881 0.83529
0.84881 0.90451
0.84882 0.82472
0.84882 0.85290
0.84883 0.87305
0.84883 0.81944
0.84884 0.95969
0.84884 0.89037
0.84885 0.87447
0.84885 0.92306
0.84886 0.87184
0.84886 0.86557
0.84887 0.88206
0.84887 0.83629
0.84888 0.81550
0.84888 0.93470
0.84889 0.85116
0.84889 0.84996
0.84890 0.91675
0.84890 0.87829
0.84891 0.87651
0.84891 0.88168
0.84892 0.87863
0.84892 0.88350
0.84893 0.88175
0.84893 0.89322
0.84894 0.96170
0.84894 0.89222
0.84895 0.88774
0.84895 0.84663
0.84896 0.81633
0.84896 0.94405
0.84897 0.86684
0.84897 0.83525
0.84898 0.90649
0.84898 0.90197
0.84899 0.91339
0.84899 0.83216
0.84900 0.92129
0.84900 0.99925
0.84901 0.86798
0.84901 0.90412
0.84902 0.85448
0.84902 0.89301
0.84903 0.95813
0.84903 0.78926
0.84904 0.81589
0.84904 0.96636
0.84905 0.91294
0.84905 0.85745
0.84906 0.91222
0.84906 0.86812
0.84907 0.89785
0.84907 0.86449
0.84908 0.88922
0.84908 0.92334
0.84909 0.80956
0.84909 0.83960
0.84910 0.87115
0.84910 0.82607
0.84911 0.86668
0.84911 0.95790
0.84912 0.97763
0.84912 0.89890
0.84913 0.90322
0.84913 0.95810
0.84914 0.84552
0.84914 0.82957
0.84915 0.85325
0.84915 0.78214
0.84916 0.87420
0.84916 0.95326
0.84917 0.88466
0.84917 0.88065
0.84918 0.93866
0.84918 0.90335
0.84919 0.85943
0.84919 0.84842
0.84920 0.86101
0.84920 0.94762
0.84921 0.87487
0.84921 0.85629
0.84922 0.87135
0.84922 0.83339
0.84923 0.90110
0.84923 0.87272
0.84924 0.84882
0.84924 0.87142
0.84925 0.84889
0.84925 0.81130
0.84926 0.87551
0.84926 0.95484
0.84927 0.90914
0.84927 0.88873
0.84928 0.81835
0.84928 0.90191
0.84929 0.93466
0.84929 0.83544
0.84930 0.92510
0.84930 0.85409
0.84931 0.88288
0.84931 0.87219
0.84932 0.83683
0.84932 0.90401
0.84933 0.83649
0.84933 0.89657
0.84934 0.89844
0.84934 0.87768
0.84935 0.90076
0.84935 0.86173
0.84936 0.96587
0.84936 0.89718
0.84937 0.81581
0.84937 0.80499
0.84938 0.81064
0.84938 0.92326
0.84939 0.87742
0.84939 0.89492
0.84940 0.91156
0.84940 0.84822
0.84941 0.84271
0.84941 0.88367
0.84942 0.92412
0.84942 0.92827
0.84943 0.88172
0.84943 0.82179
0.84944 0.82488
0.84944 0.93710
0.84945 0.93033
0.84945 0.87390
0.84946 0.89864
0.84946 0.91476
0.84947 0.83704
0.84947 0.80845
0.84948 0.84135
0.84948 0.78231
0.84949 0.86000
0.84949 0.91934
0.84950 0.89431
0.84950 0.92785
0.84951 0.85023
0.84951 0.85169
0.84952 0.87455
0.84952 0.85852
0.84953 0.83696
0.84953 0.81007
0.84954 0.88647
0.84954 0.90802
0.84955 0.85324
0.84955 0.81951
0.84956 0.84952
0.84956 0.92415
0.84957 0.91741
0.84957 0.86789
0.84958 0.82989
0.84958 0.81351
0.84959 0.78814
0.84959 0.84652
0.84960 0.95956
0.84960 0.86482
0.84961 0.88534
0.84961 0.91398
0.84962 0.90075
0.84962 0.91178
0.84963 0.89313
0.84963 0.93457
0.84964 0.88159
0.84964 0.92061
0.84965 0.98677
0.84965 0.84166
0.84966 0.87796
0.84966 0.94213
0.84967 0.92539
0.84967 0.90727
0.84968 0.88144
0.84968 0.96008
0.84969 0.90646
0.84969 0.86931
0.84970 0.92464
0.84970 0.91148
0.84971 0.91417
0.84971 0.88116
0.84972 0.92175
0.84972 0.83134
0.84973 0.84569
0.84973 0.94822
0.84974 0.80266
0.84974 0.87533
0.84975 0.91886
0.84975 0.90859
0.84976 0.92357
0.84976 0.89105
0.84977 0.90965
0.84977 0.88039
0.84978 0.92500
0.84978 0.94885
0.84979 0.85840
0.84979 0.92115
0.84980 0.94704
0.84980 0.85628
0.84981 0.89252
0.84981 0.85343
0.84982 0.88772
0.84982 0.94679
0.84983 0.94110
0.84983 0.93438
0.84984 0.85962
0.84984 0.92052
0.84985 0.91450
0.84985 0.88998
0.84986 0.86745
0.84986 0.88020
0.84987 0.89982
0.84987 0.79939
0.84988 0.86234
0.84988 0.86571
0.84989 0.85592
0.84989 0.92572
0.84990 0.90368
0.84990 0.89229
0.84991 0.88058
0.84991 0.87201
0.84992 0.84034
0.84992 0.91851
0.84993 0.91085
0.84993 0.87958
0.84994 0.90115
0.84994 0.87075
0.84995 0.86561
0.84995 0.87805
0.84996 0.84027
0.84996 0.87665
0.84997 0.95373
0.84997 0.93937
0.84998 0.90595
0.84998 0.87684
0.84999 0.86093
0.84999 0.82940
0.85000 0.82978
0.85000 0.86421
0.85001 0.84854
0.85001 0.78879
0.85002 0.90064
0.85002 0.88417
0.85003 0.85212
0.85003 0.91186
0.85004 0.82549
0.85004 0.79814
0.85005 0.90288
0.85005 0.93867
0.85006 0.85707
0.85006 0.87502
0.85007 0.84835
0.85007 0.85197
0.85008 0.89902
0.85008 0.88195
0.85009 0.92610
0.85009 0.84202
0.85010 0.86538
0.85010 0.94120
0.85011 0.87407
0.85011 0.84973
0.85012 0.88663
0.85012 0.86358
0.85013 0.86527
0.85013 0.96054
0.85014 0.91179
0.85014 0.96483
0.85015 0.96599
0.85015 0.91725
0.85016 0.87457
0.85016 0.89783
0.85017 0.92986
0.85017 0.86300
0.85018 0.94973
0.85018 0.92753
0.85019 0.86142
0.85019 0.82194
0.85020 0.91068
0.85020 0.86461
0.85021 0.88687
0.85021 0.95063
0.85022 0.92604
0.85022 0.88121
0.85023 0.83828
0.85023 0.95794
0.85024 0.95574
0.85024 0.92319
0.85025 0.92607
0.85025 0.85825
0.85026 0.88885
0.85026 0.89219
0.85027 0.84602
0.85027 0.93471
0.85028 0.93966
0.85028 0.94435
0.85029 0.91611
0.85029 0.90000
0.85030 0.92242
0.85030 0.93726
0.85031 0.89024
0.85031 0.82513
0.85032 0.90516
0.85032 0.99241
0.85033 0.94098
0.85033 0.88369
0.85034 0.93298
0.85034 0.94626
0.85035 0.93843
0.85035 0.90061
0.85036 0.93105
0.85036 0.83234
0.85037 0.90423
0.85037 0.94058
0.85038 0.84503
0.85038 0.95696
0.85039 0.94854
0.85039 0.93463
0.85040 0.93305
0.85040 0.90310
0.85041 0.92864
0.85041 0.96871
0.85042 0.88790
0.85042 0.90861
0.85043 0.93950
0.85043 0.96780
0.85044 0.96155
0.85044 0.90049
0.85045 0.96499
0.85045 0.98216
0.85046 0.86325
0.85046 0.86642
0.85047 0.97283
0.85047 0.92876
0.85048 0.89104
0.85048 0.90909
0.85049 0.94490
0.85049 0.89225
0.85050 0.96166
0.85050 0.95984
0.85051 0.76407
0.85051 0.88287
0.85052 0.94970
0.85052 0.84762
0.85053 0.87416
0.85053 0.87585
0.85054 0.91356
0.85054 0.94981
0.85055 0.87828
0.85055 0.94103
0.85056 0.95214
0.85056 0.97538
0.85057 0.93887
0.85057 0.83163
0.85058 0.95270
0.85058 0.92028
0.85059 0.91393
0.85059 1.01717
0.85060 0.92833
0.85060 0.92325
0.85061 0.99588
0.85061 0.88956
0.85062 0.85744
0.85062 0.92647
0.85063 0.90624
0.85063 0.86978
0.85064 0.89121
0.85064 0.95632
0.85065 1.02951
0.85065 0.96163
0.85066 0.89251
0.85066 0.95100
0.85067 0.96485
0.85067 0.87450
0.85068 0.86236
0.85068 0.97273
0.85069 0.96780
0.85069 1.01178
0.85070 0.99357
0.85070 0.90954
0.85071 0.92786
0.85071 0.93176
0.85072 0.87385
0.85072 0.84777
0.85073 0.92128
0.85073 0.89038
0.85074 0.93344
0.85074 0.90260
0.85075 0.87511
0.85075 0.92611
0.85076 0.90840
0.85076 0.94278
0.85077 0.92256
0.85077 1.00705
0.85078 0.97907
0.85078 0.90304
0.85079 0.98582
0.85079 0.97963
0.85080 0.90586
0.85080 0.93419
0.85081 1.04962
0.85081 0.94356
0.85082 0.88284
0.85082 0.95137
0.85083 0.92902
0.85083 0.92442
0.85084 0.88808
0.85084 0.86573
0.85085 0.90815
0.85085 0.95579
0.85086 0.94077
0.85086 0.99059
0.85087 0.98596
0.85087 0.84858
0.85088 0.97762
0.85088 0.97273
0.85089 0.88598
0.85089 0.95354
0.85090 0.94105
0.85090 0.95975
0.85091 0.85891
0.85091 0.86393
0.85092 0.96468
0.85092 0.93978
0.85093 0.97778
0.85093 0.91690
0.85094 0.89877
0.85094 1.01073
0.85095 0.88513
0.85095 0.89487
0.85096 0.92260
0.85096 0.87982
0.85097 0.94515
0.85097 0.95920
0.85098 0.93342
0.85098 0.92974
0.85099 0.99689
0.85099 0.97772
0.85100 0.92494
0.85100 0.96334
0.85101 0.91276
0.85101 0.91990
0.85102 1.03013
0.85102 0.95970
0.85103 0.96230
0.85103 0.95956
0.85104 0.98160
0.85104 0.96585
0.85105 0.88762
0.85105 0.96237
0.85106 0.94289
0.85106 0.91412
0.85107 0.89796
0.85107 0.90327
0.85108 0.95381
0.85108 0.84153
0.85109 0.91812
0.85109 0.92466
0.85110 0.90547
0.85110 1.02475
0.85111 0.90262
0.85111 0.92755
0.85112 0.97273
0.85112 0.97240
0.85113 1.04091
0.85113 0.93304
0.85114 0.89473
0.85114 1.04279
0.85115 0.95383
0.85115 0.92228
0.85116 0.98570
0.85116 0.93546
0.85117 1.02963
0.85117 0.98961
0.85118 0.90403
0.85118 0.94777
0.85119 0.95116
0.85119 0.92664
0.85120 0.88609
0.85120 0.96075
0.85121 0.91946
0.85121 0.89702
0.85122 0.85750
0.85122 0.89178
0.85123 1.01963
0.85123 0.91183
0.85124 0.96952
0.85124 1.02427
0.85125 0.96394
0.85125 0.92696
0.85126 0.91286
0.85126 0.97382
0.85127 0.96971
0.85127 1.00035
0.85128 1.01866
0.85128 0.94826
0.85129 0.93433
0.85129 0.93706
0.85130 1.00008
0.85130 0.98036
0.85131 0.93818
0.85131 0.94884
0.85132 0.90708
0.85132 0.95331
0.85133 1.01576
0.85133 0.93124
0.85134 0.88317
0.85134 0.98076
0.85135 1.05362
0.85135 0.98758
0.85136 0.91659
0.85136 0.92623
0.85137 0.94145
0.85137 0.94813
0.85138 0.95795
0.85138 0.95907
0.85139 0.94335
0.85139 0.96005
0.85140 0.89855
0.85140 0.95688
0.85141 0.99910
0.85141 0.94888
0.85142 1.02856
0.85142 0.95983
0.85143 0.95254
0.85143 0.96702
0.85144 0.95326
0.85144 0.99126
0.85145 0.89864
0.85145 0.93381
0.85146 0.97701
0.85146 0.92352
0.85147 0.99877
0.85147 0.94944
0.85148 0.90652
0.85148 1.01491
0.85149 0.97001
0.85149 0.96474
0.85150 0.96361
0.85150 0.93063
0.85151 0.98458
0.85151 0.93849
0.85152 0.99663
0.85152 1.01235
0.85153 0.94146
0.85153 1.01375
0.85154 0.94031
0.85154 0.99340
0.85155 0.96213
0.85155 0.92773
0.85156 1.02218
0.85156 0.93174
0.85157 0.96194
0.85157 0.93208
0.85158 0.97302
0.85158 0.98900
0.85159 0.87174
0.85159 0.94264
0.85160 0.96150
0.85160 0.86922
0.85161 0.86431
0.85161 1.04649
0.85162 1.02132
0.85162 0.89684
0.85163 1.00124
0.85163 0.97272
0.85164 0.92707
0.85164 0.97480
0.85165 0.99810
0.85165 1.01781
0.85166 1.03881
0.85166 1.02128
0.85167 0.93636
0.85167 0.94390
0.85168 0.95277
0.85168 0.95980
0.85169 0.97122
0.85169 0.96037
0.85170 0.97256
0.85170 0.97971
0.85171 1.01148
0.85171 1.01330
0.85172 1.01370
0.85172 0.93408
0.85173 1.00446
0.85173 1.06608
0.85174 0.98680
0.85174 0.92555
0.85175 0.98499
0.85175 0.93917
0.85176 0.95717
0.85176 0.99971
0.85177 0.91384
0.85177 1.03827
0.85178 1.06902
0.85178 0.94150
0.85179 0.92216
0.85179 1.01163
0.85180 0.96836
0.85180 0.95949
0.85181 1.00190
0.85181 1.03161
0.85182 0.98356
0.85182 0.89162
0.85183 0.99949
0.85183 1.06621
0.85184 1.03432
0.85184 1.02088
0.85185 0.96740
0.85185 0.97614
0.85186 0.99412
0.85186 1.04226
0.85187 1.01360
0.85187 0.98199
0.85188 1.03791
0.85188 1.04120
0.85189 0.99723
0.85189 0.96933
0.85190 1.03020
0.85190 0.98151
0.85191 0.93247
0.85191 0.99340
0.85192 0.96440
0.85192 1.02175
0.85193 1.07569
0.85193 0.98840
0.85194 1.01638
0.85194 0.99696
0.85195 1.08654
0.85195 1.06904
0.85196 0.93639
0.85196 0.99531
0.85197 1.01499
0.85197 1.05427
0.85198 1.03578
0.85198 0.93029
0.85199 0.99848
0.85199 0.96950
0.85200 0.96700
0.85200 1.04812
0.85201 1.02220
0.85201 1.01881
0.85202 1.04080
0.85202 1.00641
0.85203 0.94073
0.85203 0.97892
0.85204 0.93927
0.85204 1.05048
0.85205 1.10472
0.85205 1.09108
0.85206 1.06567
0.85206 0.98288
0.85207 0.98510
0.85207 1.02383
0.85208 0.96885
0.85208 0.96175
0.85209 1.11276
0.85209 0.95177
0.85210 0.98125
0.85210 0.99103
0.85211 0.98432
0.85211 1.03528
0.85212 1.07517
0.85212 1.10488
0.85213 0.92063
0.85213 1.05285
0.85214 1.09672
0.85214 1.03640
0.85215 1.08006
0.85215 1.04506
0.85216 1.07493
0.85216 1.05790
0.85217 1.00902
0.85217 1.05961
0.85218 1.11507
0.85218 1.04827
0.85219 1.06636
0.85219 1.13972
0.85220 1.06524
0.85220 1.05652
0.85221 1.03483
0.85221 1.05944
0.85222 1.06285
0.85222 1.02465
0.85223 1.06738
0.85223 1.05960
0.85224 1.02891
0.85224 1.07430
0.85225 1.02103
0.85225 1.00016
0.85226 1.11942
0.85226 1.12049
0.85227 1.12311
0.85227 1.08785
0.85228 1.00354
0.85228 1.07290
0.85229 1.12534
0.85229 1.07948
0.85230 1.05323
0.85230 1.05067
0.85231 1.09872
0.85231 1.09505
0.85232 1.05186
0.85232 1.05095
0.85233 1.08547
0.85233 1.07866
0.85234 1.07200
0.85234 1.15637
0.85235 1.11614
0.85235 0.98593
0.85236 1.03354
0.85236 1.08265
0.85237 1.04144
0.85237 1.10898
0.85238 1.06384
0.85238 1.04345
0.85239 1.11819
0.85239 1.03290
0.85240 1.04029
0.85240 1.06983
0.85241 1.02775
0.85241 1.12714
0.85242 1.09417
0.85242 1.08341
0.85243 1.13920
0.85243 1.05704
0.85244 0.99282
0.85244 1.05120
0.85245 1.06348
0.85245 1.04141
0.85246 1.07996
0.85246 1.07864
0.85247 1.03353
0.85247 0.99482
0.85248 1.06813
0.85248 1.14844
0.85249 1.12924
0.85249 1.06227
0.85250 1.07844
0.85250 1.07083
0.85251 1.11130
0.85251 1.09773
0.85252 1.14101
0.85252 1.04402
0.85253 0.92878
0.85253 1.02038
0.85254 1.06234
0.85254 1.08006
0.85255 1.06933
0.85255 1.10606
0.85256 1.08354
0.85256 1.08764
0.85257 1.14425
0.85257 1.18358
0.85258 1.10094
0.85258 1.06806
0.85259 1.09612
0.85259 1.07309
0.85260 1.15938
0.85260 1.04476
0.85261 1.02842
0.85261 1.12004
0.85262 1.12684
0.85262 1.08114
0.85263 1.11070
0.85263 1.10676
0.85264 1.14304
0.85264 1.11400
0.85265 1.02374
0.85265 1.08511
0.85266 1.09103
0.85266 1.03702
0.85267 1.05622
0.85267 1.12473
0.85268 1.08098
0.85268 1.12677
0.85269 1.15112
0.85269 1.17362
0.85270 1.06193
0.85270 1.05219
0.85271 1.13352
0.85271 1.15525
0.85272 1.16115
0.85272 1.10289
0.85273 1.08141
0.85273 1.16334
0.85274 1.14512
0.85274 1.04558
0.85275 1.07706
0.85275 1.15737
0.85276 1.07449
0.85276 1.05503
0.85277 1.06524
0.85277 1.08439
0.85278 1.15046
0.85278 1.13601
0.85279 1.13018
0.85279 1.10075
0.85280 1.09475
0.85280 1.12640
0.85281 1.13163
0.85281 1.04215
0.85282 1.09533
0.85282 1.16091
0.85283 1.10582
0.85283 1.10773
0.85284 1.11672
0.85284 1.08413
0.85285 1.06904
0.85285 1.06719
0.85286 1.07054
0.85286 1.10463
0.85287 1.11348
0.85287 1.13972
0.85288 1.20943
0.85288 1.11545
0.85289 1.11960
0.85289 1.11282
0.85290 1.07313
0.85290 1.11648
0.85291 1.09950
0.85291 1.12204
0.85292 1.11352
0.85292 1.12074
0.85293 1.15918
0.85293 1.14199
0.85294 1.08185
0.85294 1.08369
0.85295 1.11297
0.85295 1.11140
0.85296 1.09529
0.85296 1.09241
0.85297 1.10168
0.85297 1.11473
0.85298 1.19103
0.85298 1.10571
0.85299 1.10353
0.85299 1.13766
0.85300 1.03742
0.85300 1.06584
0.85301 1.08518
0.85301 1.01665
0.85302 1.09659
0.85302 1.15354
0.85303 1.11718
0.85303 1.22949
0.85304 1.11957
0.85304 1.11112
0.85305 1.23289
0.85305 1.16232
0.85306 1.15542
0.85306 1.17821
0.85307 1.16454
0.85307 1.12349
0.85308 1.13203
0.85308 1.02389
0.85309 1.05963
0.85309 1.08009
0.85310 1.00694
0.85310 1.06710
0.85311 1.12674
0.85311 1.09343
0.85312 1.13765
0.85312 1.10145
0.85313 1.10432
0.85313 1.21185
0.85314 1.08320
0.85314 1.17825
0.85315 1.19302
0.85315 1.13942
0.85316 1.09429
0.85316 1.03249
0.85317 1.14584
0.85317 1.16642
0.85318 1.06722
0.85318 1.04323
0.85319 1.07634
0.85319 1.14122
0.85320 1.12073
0.85320 1.12702
0.85321 1.13461
0.85321 1.08841
0.85322 1.03961
0.85322 1.04772
0.85323 1.18054
0.85323 1.13193
0.85324 1.08161
0.85324 1.12322
0.85325 1.04673
0.85325 1.02618
0.85326 1.16174
0.85326 1.15483
0.85327 1.09781
0.85327 1.08935
0.85328 1.10407
0.85328 1.17154
0.85329 1.10199
0.85329 1.05319
0.85330 1.13547
0.85330 1.12445
0.85331 1.15341
0.85331 1.17124
0.85332 1.05827
0.85332 1.12273
0.85333 1.10892
0.85333 1.11539
0.85334 1.17454
0.85334 1.17348
0.85335 1.09342
0.85335 1.13908
0.85336 1.19887
0.85336 1.08025
0.85337 1.07106
0.85337 1.06408
0.85338 1.14539
0.85338 1.15640
0.85339 1.12938
0.85339 1.12624
0.85340 1.18267
0.85340 1.10117
0.85341 1.04901
0.85341 1.12457
0.85342 1.12923
0.85342 1.07708
0.85343 1.16359
0.85343 1.17939
0.85344 1.09040
0.85344 1.09934
0.85345 1.11471
0.85345 1.18854
0.85346 1.16312
0.85346 1.03089
0.85347 1.10861
0.85347 1.15000
0.85348 1.06510
0.85348 1.18640
0.85349 1.18010
0.85349 1.05210
0.85350 1.05503
0.85350 1.09018
0.85351 1.10048
0.85351 1.19926
0.85352 1.10306
0.85352 1.10727
0.85353 1.10166
0.85353 1.01434
0.85354 1.12186
0.85354 1.17104
0.85355 1.22308
0.85355 1.16942
0.85356 1.10575
0.85356 1.13149
0.85357 1.12745
0.85357 1.17190
0.85358 1.20396
0.85358 1.09546
0.85359 1.06607
0.85359 1.15201
0.85360 1.11336
0.85360 1.11607
0.85361 1.15142
0.85361 1.10951
0.85362 1.12804
0.85362 1.18311
0.85363 1.15268
0.85363 1.09807
0.85364 1.07620
0.85364 1.03294
0.85365 1.10202
0.85365 1.23647
0.85366 1.12684
0.85366 1.03319
0.85367 1.13671
0.85367 1.15148
0.85368 1.19153
0.85368 1.11371
0.85369 1.07498
0.85369 1.20040
0.85370 1.14072
0.85370 1.11628
0.85371 1.13755
0.85371 1.17947
0.85372 1.25981
0.85372 1.15615
0.85373 1.05668
0.85373 1.12127
0.85374 1.10668
0.85374 1.17835
0.85375 1.19720
0.85375 1.14432
0.85376 1.16565
0.85376 1.16446
0.85377 1.13059
0.85377 1.16412
0.85378 1.21955
0.85378 1.14066
0.85379 1.17107
0.85379 1.13687
0.85380 1.12533
0.85380 1.16000
0.85381 1.09683
0.85381 1.13368
0.85382 1.13677
0.85382 1.16287
0.85383 1.17003
0.85383 1.13016
0.85384 1.08767
0.85384 1.06077
0.85385 1.12568
0.85385 1.13064
0.85386 1.14525
0.85386 1.15397
0.85387 1.15252
0.85387 1.14546
0.85388 1.11507
0.85388 1.11836
0.85389 1.10918
0.85389 1.13443
0.85390 1.12762
0.85390 1.14381
0.85391 1.12787
0.85391 1.11269
0.85392 1.13464
0.85392 1.13641
0.85393 1.12889
0.85393 1.13102
0.85394 1.14955
0.85394 1.10716
0.85395 1.11590
0.85395 1.15224
0.85396 1.14675
0.85396 1.12183
0.85397 1.17360
0.85397 1.09953
0.85398 1.07899
0.85398 1.17822
0.85399 1.16813
0.85399 1.16564
0.85400 1.09538
0.85400 1.12119
0.85401 1.17788
0.85401 1.15110
0.85402 1.16751
0.85402 1.09221
0.85403 1.07937
0.85403 1.11216
0.85404 1.05387
0.85404 1.16713
0.85405 1.15421
0.85405 1.17194
0.85406 1.19470
0.85406 1.03106
0.85407 1.18997
0.85407 1.19546
0.85408 1.09023
0.85408 1.13951
0.85409 1.09927
0.85409 1.19027
0.85410 1.12395
0.85410 1.12767
0.85411 1.22234
0.85411 0.99633
0.85412 0.98494
0.85412 1.13315
0.85413 1.14475
0.85413 1.09961
0.85414 1.11068
0.85414 1.10903
0.85415 1.14243
0.85415 1.20070
0.85416 1.14009
0.85416 1.17230
0.85417 1.16358
0.85417 1.08212
0.85418 1.16947
0.85418 1.19768
0.85419 1.13894
0.85419 1.12477
0.85420 1.12786
0.85420 1.14867
0.85421 1.11771
0.85421 1.12220
0.85422 1.16859
0.85422 1.17471
0.85423 1.16459
0.85423 1.11364
0.85424 1.05685
0.85424 1.11055
0.85425 1.20522
0.85425 1.19738
0.85426 1.17754
0.85426 1.17613
0.85427 1.15293
0.85427 1.14881
0.85428 1.23181
0.85428 1.19666
0.85429 1.14374
0.85429 1.15688
0.85430 1.12867
0.85430 1.12413
0.85431 1.07954
0.85431 1.20068
0.85432 1.15487
0.85432 1.08386
0.85433 1.18037
0.85433 1.19714
0.85434 1.20659
0.85434 1.15128
0.85435 1.13882
0.85435 1.10194
0.85436 1.07833
0.85436 1.15655
0.85437 1.16356
0.85437 1.15041
0.85438 1.06673
0.85438 1.04876
0.85439 1.07845
0.85439 1.08857
0.85440 1.10449
0.85440 1.12741
0.85441 1.12572
0.85441 1.07211
0.85442 1.11626
0.85442 1.11489
0.85443 1.14683
0.85443 1.13553
0.85444 1.17721
0.85444 1.17059
0.85445 1.04728
0.85445 1.10393
0.85446 1.19638
0.85446 1.23087
0.85447 1.10689
0.85447 1.09220
0.85448 1.18954
0.85448 1.14077
0.85449 1.17938
0.85449 1.07389
0.85450 1.09338
0.85450 1.17421
0.85451 1.02585
0.85451 1.07791
0.85452 1.15874
0.85452 1.21286
0.85453 1.15692
0.85453 1.07732
0.85454 1.12642
0.85454 1.05066
0.85455 1.01746
0.85455 1.07701
0.85456 1.12032
0.85456 1.05173
0.85457 1.14246
0.85457 1.18593
0.85458 1.02961
0.85458 1.08630
0.85459 1.18816
0.85459 1.12993
0.85460 1.06344
0.85460 1.07936
0.85461 1.06257
0.85461 1.11426
0.85462 1.12611
0.85462 1.11945
0.85463 1.16617
0.85463 1.17492
0.85464 1.10149
0.85464 1.09489
0.85465 1.10295
0.85465 1.07805
0.85466 1.19049
0.85466 1.17014
0.85467 1.16060
0.85467 1.08619
0.85468 1.05369
0.85468 1.14345
0.85469 1.13742
0.85469 1.21249
0.85470 1.09911
0.85470 1.09782
0.85471 1.10902
0.85471 1.05228
0.85472 1.03874
0.85472 1.04116
0.85473 1.14534
0.85473 1.13586
0.85474 1.11849
0.85474 1.14629
0.85475 1.13409
0.85475 1.04716
0.85476 1.05523
0.85476 1.06191
0.85477 1.12079
0.85477 1.17816
0.85478 1.11976
0.85478 0.99545
0.85479 1.07868
0.85479 1.22565
0.85480 1.12734
0.85480 1.09388
0.85481 1.07423
0.85481 1.04953
0.85482 1.10623
0.85482 1.09858
0.85483 1.09974
0.85483 1.08725
0.85484 1.05762
0.85484 1.09649
0.85485 1.09116
0.85485 1.11962
0.85486 1.09138
0.85486 1.09824
0.85487 1.11234
0.85487 1.07899
0.85488 1.12599
0.85488 1.11996
0.85489 1.07502
0.85489 1.12997
0.85490 1.10845
0.85490 1.02575
0.85491 1.11400
0.85491 1.11110
0.85492 1.05168
0.85492 1.08917
0.85493 1.09969
0.85493 1.07310
0.85494 1.05413
0.85494 1.01916
0.85495 1.07575
0.85495 1.08187
0.85496 1.04749
0.85496 1.09408
0.85497 1.07048
0.85497 1.04783
0.85498 1.07907
0.85498 1.07869
0.85499 1.02475
0.85499 1.03620
0.85500 1.03511
0.85500 1.11704
0.85501 1.12884
0.85501 1.04985
0.85502 1.03876
0.85502 1.04308
0.85503 1.15432
0.85503 1.07057
0.85504 1.01960
0.85504 1.10241
0.85505 1.10965
0.85505 1.10237
0.85506 1.08730
0.85506 1.13575
0.85507 1.04479
0.85507 1.02368
0.85508 1.06337
0.85508 1.00384
0.85509 1.09940
0.85509 1.10656
0.85510 1.07715
0.85510 1.10453
0.85511 1.10856
0.85511 1.04960
0.85512 1.06645
0.85512 1.11554
0.85513 1.03955
0.85513 1.08565
0.85514 1.10040
0.85514 1.09352
0.85515 1.09351
0.85515 1.07409
0.85516 1.07723
0.85516 1.08298
0.85517 1.09179
0.85517 1.05487
0.85518 1.03791
0.85518 1.05178
0.85519 1.06537
0.85519 1.08710
0.85520 0.98885
0.85520 1.05037
0.85521 1.04946
0.85521 1.04314
0.85522 1.02116
0.85522 1.07679
0.85523 1.16940
0.85523 0.94762
0.85524 1.04501
0.85524 1.13366
0.85525 1.13021
0.85525 1.12067
0.85526 1.10578
0.85526 1.06771
0.85527 1.06276
0.85527 1.09595
0.85528 1.04460
0.85528 1.08842
0.85529 1.12800
0.85529 1.12822
0.85530 1.04791
0.85530 1.07739
0.85531 1.07770
0.85531 1.06511
0.85532 1.21774
0.85532 1.15715
0.85533 1.02534
0.85533 1.04160
0.85534 0.98776
0.85534 1.04743
0.85535 1.12805
0.85535 1.04364
0.85536 1.10560
0.85536 1.11211
0.85537 1.06275
0.85537 1.07522
0.85538 1.08025
0.85538 1.11638
0.85539 1.08097
0.85539 1.10968
0.85540 1.09418
0.85540 1.00030
0.85541 1.05602
0.85541 1.00238
0.85542 1.02691
0.85542 1.15852
0.85543 1.09040
0.85543 1.09537
0.85544 0.96154
0.85544 0.95470
0.85545 1.06017
0.85545 1.05525
0.85546 1.10954
0.85546 1.04482
0.85547 1.05079
0.85547 1.04769
0.85548 1.05424
0.85548 1.02310
0.85549 1.04805
0.85549 1.16796
0.85550 1.08387
0.85550 1.07746
0.85551 1.10653
0.85551 1.01718
0.85552 1.10239
0.85552 1.11195
0.85553 1.06474
0.85553 1.10695
0.85554 1.03568
0.85554 1.07081
0.85555 1.08890
0.85555 1.07914
0.85556 1.04840
0.85556 1.03620
0.85557 1.06832
0.85557 1.11399
0.85558 1.15793
0.85558 1.05946
0.85559 1.09611
0.85559 1.05242
0.85560 0.99983
0.85560 1.04886
0.85561 1.01875
0.85561 1.06261
0.85562 1.11699
0.85562 1.10184
0.85563 0.96913
0.85563 0.98230
0.85564 1.07528
0.85564 1.05587
0.85565 1.14828
0.85565 1.06212
0.85566 1.02232
0.85566 1.10594
0.85567 1.05145
0.85567 1.09318
0.85568 1.04911
0.85568 1.04744
0.85569 1.05931
0.85569 1.00999
0.85570 1.01020
0.85570 1.05131
0.85571 1.01679
0.85571 1.01165
0.85572 0.98677
0.85572 0.95224
0.85573 1.09360
0.85573 1.05106
0.85574 1.00909
0.85574 1.05395
0.85575 1.00299
0.85575 1.08753
0.85576 1.12076
0.85576 0.98925
0.85577 0.96951
0.85577 0.98319
0.85578 1.00263
0.85578 0.94389
0.85579 1.03411
0.85579 1.06424
0.85580 0.98653
0.85580 1.05422
0.85581 1.06848
0.85581 1.04053
0.85582 1.03017
0.85582 1.01763
0.85583 1.07227
0.85583 1.06020
0.85584 0.96392
0.85584 0.95603
0.85585 0.98987
0.85585 1.06774
0.85586 1.05136
0.85586 0.97318
0.85587 0.98901
0.85587 0.98564
0.85588 1.04065
0.85588 1.09150
0.85589 0.98222
0.85589 1.03585
0.85590 1.05624
0.85590 1.04217
0.85591 1.07892
0.85591 1.03418
0.85592 0.94870
0.85592 1.01319
0.85593 0.94891
0.85593 0.98173
0.85594 1.07100
0.85594 0.98848
0.85595 1.08514
0.85595 1.02518
0.85596 0.98166
0.85596 0.95888
0.85597 1.01855
0.85597 1.10578
0.85598 1.06487
0.85598 1.04528
0.85599 0.97083
0.85599 1.04856
0.85600 1.06647
0.85600 0.96920
0.85601 1.01626
0.85601 1.01920
0.85602 0.96579
0.85602 1.01197
0.85603 1.01822
0.85603 1.01765
0.85604 1.11356
0.85604 1.02514
0.85605 0.98681
0.85605 1.02733
0.85606 0.96817
0.85606 1.01303
0.85607 1.02802
0.85607 1.01455
0.85608 0.98255
0.85608 1.00299
0.85609 1.05496
0.85609 1.02537
0.85610 1.08383
0.85610 1.00286
0.85611 1.01582
0.85611 1.08276
0.85612 0.98343
0.85612 1.04213
0.85613 0.99698
0.85613 1.04352
0.85614 1.07788
0.85614 0.97209
0.85615 1.06021
0.85615 1.03777
0.85616 0.98152
0.85616 1.08314
0.85617 1.06052
0.85617 0.97745
0.85618 1.01795
0.85618 0.97886
0.85619 0.93919
0.85619 1.01031
0.85620 0.97358
0.85620 0.95443
0.85621 1.11780
0.85621 1.09814
0.85622 1.02027
0.85622 1.01199
0.85623 1.00062
0.85623 0.98534
0.85624 1.02087
0.85624 1.04233
0.85625 0.94521
0.85625 1.01571
0.85626 0.94858
0.85626 0.95091
0.85627 1.10054
0.85627 1.01990
0.85628 1.04329
0.85628 1.05122
0.85629 0.99684
0.85629 1.04636
0.85630 1.02287
0.85630 0.96855
0.85631 1.02306
0.85631 1.06530
0.85632 1.03846
0.85632 1.04787
0.85633 0.97873
0.85633 1.01334
0.85634 1.04979
0.85634 0.96881
0.85635 0.95215
0.85635 1.00633
0.85636 0.96372
0.85636 0.96935
0.85637 1.04014
0.85637 0.95696
0.85638 0.99116
0.85638 0.99294
0.85639 0.94741
0.85639 0.94738
0.85640 0.93784
0.85640 1.02576
0.85641 1.03347
0.85641 0.96315
0.85642 1.00414
0.85642 0.95403
0.85643 0.96538
0.85643 1.04188
0.85644 1.01045
0.85644 0.95689
0.85645 1.03495
0.85645 1.07238
0.85646 0.95322
0.85646 0.90886
0.85647 0.97130
0.85647 0.95081
0.85648 0.96846
0.85648 1.03558
0.85649 0.99906
0.85649 0.98916
0.85650 0.93937
0.85650 0.97662
0.85651 0.94069
0.85651 0.95930
0.85652 0.93306
0.85652 0.92791
0.85653 1.01640
0.85653 0.92539
0.85654 0.97362
0.85654 1.00841
0.85655 0.95483
0.85655 0.95935
0.85656 0.97429
0.85656 1.00906
0.85657 0.99232
0.85657 0.91170
0.85658 0.89470
0.85658 0.97107
0.85659 0.94244
0.85659 0.98568
0.85660 1.01535
0.85660 0.91682
0.85661 1.03165
0.85661 1.04502
0.85662 0.97621
0.85662 1.00691
0.85663 0.98995
0.85663 1.00780
0.85664 1.02554
0.85664 1.00108
0.85665 0.95431
0.85665 0.95516
0.85666 0.91612
0.85666 0.92060
0.85667 1.04382
0.85667 0.99394
0.85668 0.92677
0.85668 0.97971
0.85669 0.95822
0.85669 0.94828
0.85670 1.05802
0.85670 1.09311
0.85671 0.98021
0.85671 0.97571
0.85672 0.96750
0.85672 0.95041
0.85673 0.99099
0.85673 0.91587
0.85674 0.93449
0.85674 1.01220
0.85675 0.97043
0.85675 0.94558
0.85676 0.95985
0.85676 0.93247
0.85677 1.01789
0.85677 0.96284
0.85678 0.94993
0.85678 1.05240
0.85679 0.98782
0.85679 0.93750
0.85680 0.94090
0.85680 0.91043
0.85681 0.96226
0.85681 1.06206
0.85682 0.96496
0.85682 0.93066
0.85683 0.90666
0.85683 0.87545
0.85684 0.94719
0.85684 0.92413
0.85685 0.96345
0.85685 0.98344
0.85686 0.93288
0.85686 0.90618
0.85687 0.92660
0.85687 0.91897
0.85688 0.91072
0.85688 0.98349
0.85689 0.83848
0.85689 0.93818
0.85690 1.04967
0.85690 0.93659
0.85691 1.03638
0.85691 0.97610
0.85692 0.98373
0.85692 1.00192
0.85693 0.98558
0.85693 1.01460
0.85694 0.94957
0.85694 0.98643
0.85695 0.92444
0.85695 1.01594
0.85696 1.06910
0.85696 0.95397
0.85697 0.96241
0.85697 1.02435
0.85698 1.00807
0.85698 0.85005
0.85699 0.89844
0.85699 1.01509
0.85700 0.98988
0.85700 1.00927
0.85701 0.95761
0.85701 0.93746
0.85702 0.96498
0.85702 0.97261
0.85703 0.97545
0.85703 0.89537
0.85704 0.98394
0.85704 1.00636
0.85705 0.92750
0.85705 0.95531
0.85706 0.92869
0.85706 0.96320
0.85707 0.97657
0.85707 0.95902
0.85708 0.95787
0.85708 0.92248
0.85709 0.88603
0.85709 0.98531
0.85710 0.97351
0.85710 0.95255
0.85711 0.97668
0.85711 0.94697
0.85712 1.00364
0.85712 0.95894
0.85713 0.97311
0.85713 0.98561
0.85714 1.00081
0.85714 0.98058
0.85715 0.93221
0.85715 0.99892
0.85716 1.00867
0.85716 0.99443
0.85717 0.97158
0.85717 0.92354
0.85718 0.94008
0.85718 0.92140
0.85719 0.95479
0.85719 0.96998
0.85720 0.93414
0.85720 0.95595
0.85721 0.89920
0.85721 1.01807
0.85722 1.04831
0.85722 0.91712
0.85723 1.01409
0.85723 1.03972
0.85724 0.94800
0.85724 0.91651
0.85725 0.93418
0.85725 0.91288
0.85726 0.96896
0.85726 0.98265
0.85727 0.94688
0.85727 0.93140
0.85728 0.86855
0.85728 0.93989
0.85729 0.98208
0.85729 0.97737
0.85730 0.95557
0.85730 0.94618
0.85731 0.99723
0.85731 0.95316
0.85732 0.89679
0.85732 0.91862
0.85733 0.97852
0.85733 1.01688
0.85734 0.94425
0.85734 0.85307
0.85735 0.91890
0.85735 0.92472
0.85736 0.88103
0.85736 0.95516
0.85737 0.88944
0.85737 0.87560
0.85738 0.93063
0.85738 0.93392
0.85739 0.92468
0.85739 0.84565
0.85740 0.87499
0.85740 0.90941
0.85741 0.95079
0.85741 0.98047
0.85742 0.99868
0.85742 0.94350
0.85743 0.91938
0.85743 0.94522
0.85744 0.90704
0.85744 0.95113
0.85745 1.00088
0.85745 0.96790
0.85746 0.86225
0.85746 0.90390
0.85747 0.95515
0.85747 0.95630
0.85748 1.00258
0.85748 0.90614
0.85749 0.91111
0.85749 0.84473
0.85750 0.87525
0.85750 0.99929
0.85751 0.84907
0.85751 0.85914
0.85752 0.93754
0.85752 0.92858
0.85753 0.89386
0.85753 0.95940
0.85754 0.94852
0.85754 0.90986
0.85755 0.93353
0.85755 0.92439
0.85756 0.91476
0.85756 0.88638
0.85757 0.93489
0.85757 0.95506
0.85758 0.87762
0.85758 0.85650
0.85759 0.83244
0.85759 0.86549
0.85760 0.84007
0.85760 0.83119
0.85761 0.95338
0.85761 0.94153
0.85762 0.88671
0.85762 0.93948
0.85763 0.92642
0.85763 0.95350
0.85764 0.99930
0.85764 0.92062
0.85765 0.87311
0.85765 0.83547
0.85766 0.91609
0.85766 0.91396
0.85767 0.90043
0.85767 0.96741
0.85768 0.99665
0.85768 0.90708
0.85769 0.89971
0.85769 0.93377
0.85770 0.93364
0.85770 0.99588
0.85771 0.89917
0.85771 0.90546
0.85772 1.01740
0.85772 0.94806
0.85773 0.93044
0.85773 0.94485
0.85774 0.88859
0.85774 0.92587
0.85775 0.93413
0.85775 0.93889
0.85776 0.93386
0.85776 0.90023
0.85777 0.91287
0.85777 0.89128
0.85778 0.88681
0.85778 0.87811
0.85779 0.88290
0.85779 0.97359
0.85780 0.94386
0.85780 0.89756
0.85781 0.91468
0.85781 0.89797
0.85782 0.93282
0.85782 0.92153
0.85783 0.86979
0.85783 0.93385
0.85784 0.95630
0.85784 0.86666
0.85785 0.87119
0.85785 0.87789
0.85786 0.88435
0.85786 0.82546
0.85787 0.84047
0.85787 0.92308
0.85788 0.86789
0.85788 0.90126
0.85789 0.90022
0.85789 0.93193
0.85790 0.91809
0.85790 0.94196
0.85791 0.94866
0.85791 0.85814
0.85792 1.01392
0.85792 0.97849
0.85793 0.91359
0.85793 0.96355
0.85794 0.87277
0.85794 0.84987
0.85795 0.87515
0.85795 0.86874
0.85796 0.85818
0.85796 0.82224
0.85797 0.85749
0.85797 0.82886
0.85798 0.86999
0.85798 0.93881
0.85799 0.92459
0.85799 0.97464
0.85800 0.87278
0.85800 0.86810
0.85801 0.87038
0.85801 0.88141
0.85802 0.98547
0.85802 0.89034
0.85803 0.84240
0.85803 0.86254
0.85804 0.90208
0.85804 0.90780
0.85805 0.86683
0.85805 0.92705
0.85806 0.92113
0.85806 0.87739
0.85807 0.86645
0.85807 0.91908
0.85808 0.92908
0.85808 0.89807
0.85809 0.83915
0.85809 0.84105
0.85810 0.86104
0.85810 0.91485
0.85811 0.93304
0.85811 0.87398
0.85812 0.91437
0.85812 0.94612
0.85813 0.91325
0.85813 0.84119
0.85814 0.88399
0.85814 0.85185
0.85815 0.83525
0.85815 0.93225
0.85816 0.90988
0.85816 0.82304
0.85817 0.86953
0.85817 0.90017
0.85818 0.91963
0.85818 0.90906
0.85819 0.90108
0.85819 0.97092
0.85820 0.86829
0.85820 0.87737
0.85821 0.90858
0.85821 0.90589
0.85822 0.89541
0.85822 0.89456
0.85823 0.89926
0.85823 0.75513
0.85824 0.87688
0.85824 0.94763
0.85825 0.90679
0.85825 0.93722
0.85826 0.88335
0.85826 0.90973
0.85827 0.93322
0.85827 0.87291
0.85828 0.83985
0.85828 0.83775
0.85829 0.88095
0.85829 0.92803
0.85830 0.88777
0.85830 0.89908
0.85831 0.91228
0.85831 0.83195
0.85832 0.87136
0.85832 0.98070
0.85833 0.98504
0.85833 0.91526
0.85834 0.87713
0.85834 0.85053
0.85835 0.79986
0.85835 0.89093
0.85836 0.89903
0.85836 0.89017
0.85837 0.97509
0.85837 0.89568
0.85838 0.87703
0.85838 0.88741
0.85839 0.86079
0.85839 0.86230
0.85840 0.81165
0.85840 0.86636
0.85841 0.89365
0.85841 0.88942
0.85842 0.90865
0.85842 0.81204
0.85843 0.82543
0.85843 0.91308
0.85844 0.92905
0.85844 0.82970
0.85845 0.75862
0.85845 0.80032
0.85846 0.85930
0.85846 0.89625
0.85847 0.86320
0.85847 0.89868
0.85848 0.90457
0.85848 0.88587
0.85849 0.85136
0.85849 0.85595
0.85850 0.85377
0.85850 0.79917
0.85851 0.84590
0.85851 0.89080
0.85852 0.84622
0.85852 0.85815
0.85853 0.90852
0.85853 0.82317
0.85854 0.79262
0.85854 0.83284
0.85855 0.92182
0.85855 0.91175
0.85856 0.90619
0.85856 0.90974
0.85857 0.82267
0.85857 0.84790
0.85858 0.82999
0.85858 0.85301
0.85859 0.85366
0.85859 0.84957
0.85860 0.82895
0.85860 0.79789
0.85861 0.84742
0.85861 0.85992
0.85862 0.80381
0.85862 0.81128
0.85863 0.85192
0.85863 0.86517
0.85864 0.91224
0.85864 0.91180
0.85865 0.90185
0.85865 0.86296
0.85866 0.82895
0.85866 0.85909
0.85867 0.87800
0.85867 0.81794
0.85868 0.91044
0.85868 0.92635
0.85869 0.85213
0.85869 0.89220
0.85870 0.76932
0.85870 0.79793
0.85871 0.84159
0.85871 0.84614
0.85872 0.86307
0.85872 0.80028
0.85873 0.80741
0.85873 0.80482
0.85874 0.87663
0.85874 0.81099
0.85875 0.86322
0.85875 0.91264
0.85876 0.80875
0.85876 0.95299
0.85877 0.87907
0.85877 0.78389
0.85878 0.86510
0.85878 0.86342
0.85879 0.82650
0.85879 0.83798
0.85880 0.82261
0.85880 0.90354
0.85881 0.89894
0.85881 0.81666
0.85882 0.86806
0.85882 0.81723
0.85883 0.87673
0.85883 0.93855
0.85884 0.81246
0.85884 0.82837
0.85885 0.77976
0.85885 0.81664
0.85886 0.86473
0.85886 0.79558
0.85887 0.89219
0.85887 0.75462
0.85888 0.82718
0.85888 0.88697
0.85889 0.83080
0.85889 0.85440
0.85890 0.83680
0.85890 0.92277
0.85891 0.83655
0.85891 0.82176
0.85892 0.85139
0.85892 0.82604
0.85893 0.85486
0.85893 0.83971
0.85894 0.87910
0.85894 0.93738
0.85895 0.85701
0.85895 0.78966
0.85896 0.80812
0.85896 0.87446
0.85897 0.89087
0.85897 0.85272
0.85898 0.87701
0.85898 0.83474
0.85899 0.81615
0.85899 0.79913
0.85900 0.80749
0.85900 0.78648
0.85901 0.77805
0.85901 0.83132
0.85902 0.75971
0.85902 0.85058
0.85903 0.89206
0.85903 0.80548
0.85904 0.93420
0.85904 0.86184
0.85905 0.83372
0.85905 0.90815
0.85906 0.83671
0.85906 0.87306
0.85907 0.87296
0.85907 0.84488
0.85908 0.87383
0.85908 0.81859
0.85909 0.80280
0.85909 0.84363
0.85910 0.84541
0.85910 0.90879
0.85911 0.83928
0.85911 0.85451
0.85912 0.86388
0.85912 0.83673
0.85913 0.83252
0.85913 0.79886
0.85914 0.84655
0.85914 0.89969
0.85915 0.86511
0.85915 0.76969
0.85916 0.80986
0.85916 0.86369
0.85917 0.89188
0.85917 0.86022
0.85918 0.80043
0.85918 0.95754
0.85919 0.84962
0.85919 0.79462
0.85920 0.88220
0.85920 0.79013
0.85921 0.84472
0.85921 0.86147
0.85922 0.89495
0.85922 0.81084
0.85923 0.72907
0.85923 0.82971
0.85924 0.82376
0.85924 0.81933
0.85925 0.90353
0.85925 0.82866
0.85926 0.84907
0.85926 0.87572
0.85927 0.84582
0.85927 0.83123
0.85928 0.80565
0.85928 0.93171
0.85929 0.88342
0.85929 0.85221
0.85930 0.84779
0.85930 0.85286
0.85931 0.86335
0.85931 0.83675
0.85932 0.86883
0.85932 0.84309
0.85933 0.81220
0.85933 0.83219
0.85934 0.84152
0.85934 0.83367
0.85935 0.85379
0.85935 0.79016
0.85936 0.82634
0.85936 0.92233
0.85937 0.82180
0.85937 0.80719
0.85938 0.82878
0.85938 0.78555
0.85939 0.85661
0.85939 0.80645
0.85940 0.80056
0.85940 0.88537
0.85941 0.78418
0.85941 0.83775
0.85942 0.90053
0.85942 0.80525
0.85943 0.86109
0.85943 0.81206
0.85944 0.87308
0.85944 0.88500
0.85945 0.79287
0.85945 0.80686
0.85946 0.80948
0.85946 0.89115
0.85947 0.79223
0.85947 0.72976
0.85948 0.76404
0.85948 0.74006
0.85949 0.80292
0.85949 0.84963
0.85950 0.82256
0.85950 0.82775
0.85951 0.88650
0.85951 0.85363
0.85952 0.78994
0.85952 0.87630
0.85953 0.85012
0.85953 0.75946
0.85954 0.82764
0.85954 0.85946
0.85955 0.90144
0.85955 0.84322
0.85956 0.82141
0.85956 0.82929
0.85957 0.78587
0.85957 0.81546
0.85958 0.81681
0.85958 0.79997
0.85959 0.81724
0.85959 0.82089
0.85960 0.77913
0.85960 0.80532
0.85961 0.83072
0.85961 0.90822
0.85962 0.85336
0.85962 0.80999
0.85963 0.83390
0.85963 0.76243
0.85964 0.80002
0.85964 0.81933
0.85965 0.79709
0.85965 0.79646
0.85966 0.82724
0.85966 0.82354
0.85967 0.81898
0.85967 0.82798
0.85968 0.84241
0.85968 0.79379
0.85969 0.77674
0.85969 0.85627
0.85970 0.86457
0.85970 0.83084
0.85971 0.77192
0.85971 0.83532
0.85972 0.80210
0.85972 0.75782
0.85973 0.84472
0.85973 0.84362
0.85974 0.78965
0.85974 0.79909
0.85975 0.82242
0.85975 0.87242
0.85976 0.90561
0.85976 0.81154
0.85977 0.73471
0.85977 0.75986
0.85978 0.80468
0.85978 0.75626
0.85979 0.80953
0.85979 0.88872
0.85980 0.74685
0.85980 0.77829
0.85981 0.88531
0.85981 0.76125
0.85982 0.76969
0.85982 0.82562
0.85983 0.78424
0.85983 0.83806
0.85984 0.88297
0.85984 0.86142
0.85985 0.82277
0.85985 0.83186
0.85986 0.89282
0.85986 0.87471
0.85987 0.78968
0.85987 0.84352
0.85988 0.82360
0.85988 0.75956
0.85989 0.85797
0.85989 0.83780
0.85990 0.86235
0.85990 0.76742
0.85991 0.79652
0.85991 0.90872
0.85992 0.83454
0.85992 0.82104
0.85993 0.74821
0.85993 0.75140
0.85994 0.79334
0.85994 0.85237
0.85995 0.84899
0.85995 0.82911
0.85996 0.88489
0.85996 0.78260
0.85997 0.76741
0.85997 0.86632
0.85998 0.85404
0.85998 0.84966
0.85999 0.76471
0.85999 0.74250
0.86000 0.89386
0.86000 0.75117
0.86001 0.70686
0.86001 0.80101
0.86002 0.75981
0.86002 0.88747
0.86003 0.85676
0.86003 0.82398
0.86004 0.84712
0.86004 0.74940
0.86005 0.77095
0.86005 0.80147
0.86006 0.78353
0.86006 0.76609
0.86007 0.83679
0.86007 0.83028
0.86008 0.80399
0.86008 0.89196
0.86009 0.77714
0.86009 0.79630
0.86010 0.80903
0.86010 0.82775
0.86011 0.85998
0.86011 0.75232
0.86012 0.81449
0.86012 0.84168
0.86013 0.85141
0.86013 0.82625
0.86014 0.78581
0.86014 0.81389
0.86015 0.82893
0.86015 0.85369
0.86016 0.78088
0.86016 0.82349
0.86017 0.84168
0.86017 0.73702
0.86018 0.86690
0.86018 0.77438
0.86019 0.80784
0.86019 0.87989
0.86020 0.77789
0.86020 0.81447
0.86021 0.83107
0.86021 0.79611
0.86022 0.72870
0.86022 0.86856
0.86023 0.83878
0.86023 0.71492
0.86024 0.77175
0.86024 0.77347
0.86025 0.79243
0.86025 0.79213
0.86026 0.83647
0.86026 0.90103
0.86027 0.83112
0.86027 0.82754
0.86028 0.75810
0.86028 0.68475
0.86029 0.83318
0.86029 0.76818
0.86030 0.71357
0.86030 0.81146
0.86031 0.69191
0.86031 0.73075
0.86032 0.79562
0.86032 0.81107
0.86033 0.79727
0.86033 0.77916
0.86034 0.78856
0.86034 0.80626
0.86035 0.88803
0.86035 0.80840
0.86036 0.78256
0.86036 0.83549
0.86037 0.77473
0.86037 0.73699
0.86038 0.81200
0.86038 0.79715
0.86039 0.81378
0.86039 0.83145
0.86040 0.83729
0.86040 0.85421
0.86041 0.73651
0.86041 0.76670
0.86042 0.82876
0.86042 0.78454
0.86043 0.81628
0.86043 0.82198
0.86044 0.84970
0.86044 0.88365
0.86045 0.81285
0.86045 0.74955
0.86046 0.74699
0.86046 0.77047
0.86047 0.78768
0.86047 0.83472
0.86048 0.78655
0.86048 0.77257
0.86049 0.74257
0.86049 0.73571
0.86050 0.81926
0.86050 0.79447
0.86051 0.75246
0.86051 0.74989
0.86052 0.73157
0.86052 0.70236
0.86053 0.74074
0.86053 0.77135
0.86054 0.82148
0.86054 0.72416
0.86055 0.72835
0.86055 0.83075
0.86056 0.77719
0.86056 0.84567
0.86057 0.75812
0.86057 0.74682
0.86058 0.80172
0.86058 0.79702
0.86059 0.80066
0.86059 0.80074
0.86060 0.79494
0.86060 0.73667
0.86061 0.81958
0.86061 0.75917
0.86062 0.72045
0.86062 0.72970
0.86063 0.76500
0.86063 0.78519
0.86064 0.70594
0.86064 0.75517
0.86065 0.70350
0.86065 0.75156
0.86066 0.86860
0.86066 0.72340
0.86067 0.78093
0.86067 0.85037
0.86068 0.80384
0.86068 0.73495
0.86069 0.71279
0.86069 0.71828
0.86070 0.74354
0.86070 0.82701
0.86071 0.73105
0.86071 0.74103
0.86072 0.80947
0.86072 0.79007
0.86073 0.77927
0.86073 0.78687
0.86074 0.75861
0.86074 0.72303
0.86075 0.80635
0.86075 0.75637
0.86076 0.74279
0.86076 0.76865
0.86077 0.75905
0.86077 0.78288
0.86078 0.75394
0.86078 0.71648
0.86079 0.67287
0.86079 0.77614
0.86080 0.78181
0.86080 0.77617
0.86081 0.82876
0.86081 0.69942
0.86082 0.76504
0.86082 0.81700
0.86083 0.78393
0.86083 0.87914
0.86084 0.76045
0.86084 0.74839
0.86085 0.86527
0.86085 0.79854
0.86086 0.75224
0.86086 0.74367
0.86087 0.75076
0.86087 0.70215
0.86088 0.71445
0.86088 0.84387
0.86089 0.78388
0.86089 0.76223
0.86090 0.73681
0.86090 0.79264
0.86091 0.89411
0.86091 0.75064
0.86092 0.76976
0.86092 0.76863
0.86093 0.71519
0.86093 0.80665
0.86094 0.80420
0.86094 0.80090
0.86095 0.76584
0.86095 0.69784
0.86096 0.73604
0.86096 0.73620
0.86097 0.75553
0.86097 0.80949
0.86098 0.77161
0.86098 0.71593
0.86099 0.73877
0.86099 0.76898
0.86100 0.76232
0.86100 0.74336
0.86101 0.74424
0.86101 0.79249
0.86102 0.69819
0.86102 0.72527
0.86103 0.82819
0.86103 0.78030
0.86104 0.74753
0.86104 0.74053
0.86105 0.73670
0.86105 0.76167
0.86106 0.78246
0.86106 0.74228
0.86107 0.75913
0.86107 0.75948
0.86108 0.76182
0.86108 0.81736
0.86109 0.78293
0.86109 0.62162
0.86110 0.72006
0.86110 0.82942
0.86111 0.67854
0.86111 0.73334
0.86112 0.78561
0.86112 0.70982
0.86113 0.72963
0.86113 0.76895
0.86114 0.79475
0.86114 0.78093
0.86115 0.74739
0.86115 0.80521
0.86116 0.78273
0.86116 0.69517
0.86117 0.75335
0.86117 0.74992
0.86118 0.68269
0.86118 0.77704
0.86119 0.79090
0.86119 0.72075
0.86120 0.68267
0.86120 0.73239
0.86121 0.87009
0.86121 0.81402
0.86122 0.73679
0.86122 0.72729
0.86123 0.74865
0.86123 0.76041
0.86124 0.75136
0.86124 0.76185
0.86125 0.77614
0.86125 0.74188
0.86126 0.73535
0.86126 0.74635
0.86127 0.70687
0.86127 0.75391
0.86128 0.77797
0.86128 0.79631
0.86129 0.86940
0.86129 0.76283
0.86130 0.75448
0.86130 0.76539
0.86131 0.75849
0.86131 0.73724
0.86132 0.76175
0.86132 0.77554
0.86133 0.71263
0.86133 0.73522
0.86134 0.74477
0.86134 0.68886
0.86135 0.75173
0.86135 0.76266
0.86136 0.68922
0.86136 0.74535
0.86137 0.72077
0.86137 0.70902
0.86138 0.68797
0.86138 0.74116
0.86139 0.78428
0.86139 0.72107
0.86140 0.73651
0.86140 0.75607
0.86141 0.66990
0.86141 0.73461
0.86142 0.75116
0.86142 0.74949
0.86143 0.74788
0.86143 0.62718
0.86144 0.70673
0.86144 0.78151
0.86145 0.70931
0.86145 0.72983
0.86146 0.82618
0.86146 0.78718
0.86147 0.74427
0.86147 0.77412
0.86148 0.73390
0.86148 0.72624
0.86149 0.68038
0.86149 0.75536
0.86150 0.78871
0.86150 0.77838
0.86151 0.74713
0.86151 0.66215
0.86152 0.73440
0.86152 0.77111
0.86153 0.75277
0.86153 0.76095
0.86154 0.77774
0.86154 0.76827
0.86155 0.73399
0.86155 0.73622
0.86156 0.76167
0.86156 0.73802
0.86157 0.73625
0.86157 0.81931
0.86158 0.77124
0.86158 0.68767
0.86159 0.76538
0.86159 0.73406
0.86160 0.68366
0.86160 0.76329
0.86161 0.77566
0.86161 0.77242
0.86162 0.74137
0.86162 0.67565
0.86163 0.78231
0.86163 0.74367
0.86164 0.74169
0.86164 0.78353
0.86165 0.73516
0.86165 0.78565
0.86166 0.80241
0.86166 0.80952
0.86167 0.77515
0.86167 0.71771
0.86168 0.69442
0.86168 0.71507
0.86169 0.80672
0.86169 0.80402
0.86170 0.76022
0.86170 0.77059
0.86171 0.77343
0.86171 0.77106
0.86172 0.72310
0.86172 0.73133
0.86173 0.76071
0.86173 0.81043
0.86174 0.82762
0.86174 0.71176
0.86175 0.74168
0.86175 0.73930
0.86176 0.75623
0.86176 0.67561
0.86177 0.75298
0.86177 0.82959
0.86178 0.69709
0.86178 0.69797
0.86179 0.75243
0.86179 0.79416
0.86180 0.76042
0.86180 0.80503
0.86181 0.68570
0.86181 0.64710
0.86182 0.73067
0.86182 0.73719
0.86183 0.81430
0.86183 0.76217
0.86184 0.77059
0.86184 0.75414
0.86185 0.73259
0.86185 0.77748
0.86186 0.74121
0.86186 0.73151
0.86187 0.71714
0.86187 0.69753
0.86188 0.67639
0.86188 0.73020
0.86189 0.68363
0.86189 0.68276
0.86190 0.71983
0.86190 0.71492
0.86191 0.77894
0.86191 0.78507
0.86192 0.66789
0.86192 0.67864
0.86193 0.77893
0.86193 0.67442
0.86194 0.71810
0.86194 0.73321
0.86195 0.66009
0.86195 0.75096
0.86196 0.70102
0.86196 0.74534
0.86197 0.80188
0.86197 0.69916
0.86198 0.68388
0.86198 0.73436
0.86199 0.76327
0.86199 0.68090
0.86200 0.74861
0.86200 0.78411
0.86201 0.67248
0.86201 0.73918
0.86202 0.69477
0.86202 0.66124
0.86203 0.72902
0.86203 0.75334
0.86204 0.70977
0.86204 0.63796
0.86205 0.73946
0.86205 0.78638
0.86206 0.72076
0.86206 0.76064
0.86207 0.74422
0.86207 0.75337
0.86208 0.81113
0.86208 0.72410
0.86209 0.68097
0.86209 0.70950
0.86210 0.77175
0.86210 0.74684
0.86211 0.73800
0.86211 0.73594
0.86212 0.72212
0.86212 0.79528
0.86213 0.66148
0.86213 0.67946
0.86214 0.73849
0.86214 0.67295
0.86215 0.76929
0.86215 0.74080
0.86216 0.70881
0.86216 0.73042
0.86217 0.71468
0.86217 0.68939
0.86218 0.67072
0.86218 0.71185
0.86219 0.67788
0.86219 0.75250
0.86220 0.80281
0.86220 0.76231
0.86221 0.82497
0.86221 0.74121
0.86222 0.67851
0.86222 0.70552
0.86223 0.72351
0.86223 0.72455
0.86224 0.71409
0.86224 0.76779
0.86225 0.76600
0.86225 0.69168
0.86226 0.78799
0.86226 0.76514
0.86227 0.71501
0.86227 0.74494
0.86228 0.72406
0.86228 0.71429
0.86229 0.68999
0.86229 0.67511
0.86230 0.62844
0.86230 0.70233
0.86231 0.78068
0.86231 0.65986
0.86232 0.66309
0.86232 0.77993
0.86233 0.76711
0.86233 0.74262
0.86234 0.64761
0.86234 0.69107
0.86235 0.72960
0.86235 0.69250
0.86236 0.74153
0.86236 0.70773
0.86237 0.72213
0.86237 0.75111
0.86238 0.75866
0.86238 0.70144
0.86239 0.70980
0.86239 0.79354
0.86240 0.77529
0.86240 0.70010
0.86241 0.70843
0.86241 0.71738
0.86242 0.66042
0.86242 0.63667
0.86243 0.72093
0.86243 0.74077
0.86244 0.67149
0.86244 0.75417
0.86245 0.71964
0.86245 0.76217
0.86246 0.78896
0.86246 0.69663
0.86247 0.65854
0.86247 0.70322
0.86248 0.70676
0.86248 0.66391
0.86249 0.68553
0.86249 0.71730
0.86250 0.76011
0.86250 0.71303
0.86251 0.70157
0.86251 0.68349
0.86252 0.64050
0.86252 0.70708
0.86253 0.70738
0.86253 0.72510
0.86254 0.66098
0.86254 0.66618
0.86255 0.72005
0.86255 0.65178
0.86256 0.65284
0.86256 0.70476
0.86257 0.74380
0.86257 0.74356
0.86258 0.72050
0.86258 0.66595
0.86259 0.71409
0.86259 0.68685
0.86260 0.63553
0.86260 0.77054
0.86261 0.70342
0.86261 0.67342
0.86262 0.73111
0.86262 0.69031
0.86263 0.69284
0.86263 0.67759
0.86264 0.71740
0.86264 0.73675
0.86265 0.74102
0.86265 0.67024
0.86266 0.67657
0.86266 0.70873
0.86267 0.67247
0.86267 0.67317
0.86268 0.71964
0.86268 0.71141
0.86269 0.59856
0.86269 0.66294
0.86270 0.71312
0.86270 0.69721
0.86271 0.78115
0.86271 0.72611
0.86272 0.78332
0.86272 0.73030
0.86273 0.64559
0.86273 0.72729
0.86274 0.72024
0.86274 0.79834
0.86275 0.76332
0.86275 0.72301
0.86276 0.75266
0.86276 0.70895
0.86277 0.71170
0.86277 0.67793
0.86278 0.73048
0.86278 0.79712
0.86279 0.70720
0.86279 0.73958
0.86280 0.75870
0.86280 0.69244
0.86281 0.72591
0.86281 0.65370
0.86282 0.63062
0.86282 0.71953
0.86283 0.75915
0.86283 0.81057
0.86284 0.75860
0.86284 0.63819
0.86285 0.61218
0.86285 0.66066
0.86286 0.65736
0.86286 0.74625
0.86287 0.70474
0.86287 0.67843
0.86288 0.79013
0.86288 0.70701
0.86289 0.73735
0.86289 0.73019
0.86290 0.67843
0.86290 0.71861
0.86291 0.74006
0.86291 0.73581
0.86292 0.67592
0.86292 0.71329
0.86293 0.72665
0.86293 0.66457
0.86294 0.68479
0.86294 0.69488
0.86295 0.72519
0.86295 0.73862
0.86296 0.64263
0.86296 0.72893
0.86297 0.72939
0.86297 0.62678
0.86298 0.70924
0.86298 0.68264
0.86299 0.74614
0.86299 0.79549
0.86300 0.73810
0.86300 0.70455
0.86301 0.69591
0.86301 0.69271
0.86302 0.71370
0.86302 0.72560
0.86303 0.73712
0.86303 0.68175
0.86304 0.68649
0.86304 0.67669
0.86305 0.67447
0.86305 0.79404
0.86306 0.63091
0.86306 0.64185
0.86307 0.75235
0.86307 0.63995
0.86308 0.65773
0.86308 0.74981
0.86309 0.69253
0.86309 0.68325
0.86310 0.65634
0.86310 0.65285
0.86311 0.70365
0.86311 0.72814
0.86312 0.75958
0.86312 0.72525
0.86313 0.71887
0.86313 0.71206
0.86314 0.61568
0.86314 0.67750
0.86315 0.66904
0.86315 0.65171
0.86316 0.75231
0.86316 0.67956
0.86317 0.70506
0.86317 0.68334
0.86318 0.77239
0.86318 0.79789
0.86319 0.66801
0.86319 0.72298
0.86320 0.62475
0.86320 0.67228
0.86321 0.68233
0.86321 0.62879
0.86322 0.73176
0.86322 0.61287
0.86323 0.63362
0.86323 0.73914
0.86324 0.65077
0.86324 0.66792
0.86325 0.68203
0.86325 0.73871
0.86326 0.70133
0.86326 0.62816
0.86327 0.67658
0.86327 0.66222
0.86328 0.70695
0.86328 0.66411
0.86329 0.67755
0.86329 0.72556
0.86330 0.67544
0.86330 0.65608
0.86331 0.72782
0.86331 0.72617
0.86332 0.67653
0.86332 0.68696
0.86333 0.68096
0.86333 0.72099
0.86334 0.66462
0.86334 0.65825
0.86335 0.70198
0.86335 0.58200
0.86336 0.64471
0.86336 0.72113
0.86337 0.69800
0.86337 0.70855
0.86338 0.65822
0.86338 0.67623
0.86339 0.63560
0.86339 0.66629
0.86340 0.68080
0.86340 0.64712
0.86341 0.69431
0.86341 0.65239
0.86342 0.69387
0.86342 0.72846
0.86343 0.74190
0.86343 0.67105
0.86344 0.64474
0.86344 0.74623
0.86345 0.73992
0.86345 0.67362
0.86346 0.61370
0.86346 0.66549
0.86347 0.71013
0.86347 0.67825
0.86348 0.67320
0.86348 0.64492
0.86349 0.71646
0.86349 0.70998
0.86350 0.71436
0.86350 0.71731
0.86351 0.62932
0.86351 0.70512
0.86352 0.71504
0.86352 0.68054
0.86353 0.69323
0.86353 0.70084
0.86354 0.65819
0.86354 0.62730
0.86355 0.67593
0.86355 0.69265
0.86356 0.72968
0.86356 0.68401
0.86357 0.63953
0.86357 0.67803
0.86358 0.70260
0.86358 0.73142
0.86359 0.67364
0.86359 0.67543
0.86360 0.68823
0.86360 0.67187
0.86361 0.69018
0.86361 0.70258
0.86362 0.62856
0.86362 0.67645
0.86363 0.66779
0.86363 0.61457
0.86364 0.64522
0.86364 0.63876
0.86365 0.68060
0.86365 0.68262
0.86366 0.69809
0.86366 0.67225
0.86367 0.66465
0.86367 0.72148
0.86368 0.65668
0.86368 0.68815
0.86369 0.67339
0.86369 0.63520
0.86370 0.69774
0.86370 0.63637
0.86371 0.60071
0.86371 0.65138
0.86372 0.67228
0.86372 0.68372
0.86373 0.69886
0.86373 0.64338
0.86374 0.67254
0.86374 0.66028
0.86375 0.66751
0.86375 0.68791
0.86376 0.64726
0.86376 0.73685
0.86377 0.71301
0.86377 0.61970
0.86378 0.72098
0.86378 0.66068
0.86379 0.63944
0.86379 0.67273
0.86380 0.58807
0.86380 0.71973
0.86381 0.66758
0.86381 0.65086
0.86382 0.73185
0.86382 0.64866
0.86383 0.69838
0.86383 0.66659
0.86384 0.66058
0.86384 0.70278
0.86385 0.64986
0.86385 0.65178
0.86386 0.72187
0.86386 0.59826
0.86387 0.59722
0.86387 0.63492
0.86388 0.62976
0.86388 0.65298
0.86389 0.61608
0.86389 0.65831
0.86390 0.68934
0.86390 0.68401
0.86391 0.67402
0.86391 0.73119
0.86392 0.66452
0.86392 0.63812
0.86393 0.65591
0.86393 0.64998
0.86394 0.60832
0.86394 0.67583
0.86395 0.68557
0.86395 0.58205
0.86396 0.69771
0.86396 0.67347
0.86397 0.64125
0.86397 0.69612
0.86398 0.65959
0.86398 0.65149
0.86399 0.64580
0.86399 0.70943
0.86400 0.66749
0.86400 0.69382
0.86401 0.64854
0.86401 0.57397
0.86402 0.67412
0.86402 0.58720
0.86403 0.65597
0.86403 0.73402
0.86404 0.64538
0.86404 0.62000
0.86405 0.66005
0.86405 0.74396
0.86406 0.65583
0.86406 0.67762
0.86407 0.70134
0.86407 0.59707
0.86408 0.62967
0.86408 0.72715
0.86409 0.73176
0.86409 0.62200
0.86410 0.61620
0.86410 0.64464
0.86411 0.64750
0.86411 0.72384
0.86412 0.73284
0.86412 0.65250
0.86413 0.68212
0.86413 0.63862
0.86414 0.66447
0.86414 0.61774
0.86415 0.67751
0.86415 0.70838
0.86416 0.68224
0.86416 0.71739
0.86417 0.63610
0.86417 0.65389
0.86418 0.61344
0.86418 0.57440
0.86419 0.60185
0.86419 0.64420
0.86420 0.65211
0.86420 0.71364
0.86421 0.69485
0.86421 0.64822
0.86422 0.71051
0.86422 0.71363
0.86423 0.66744
0.86423 0.55767
0.86424 0.60399
0.86424 0.72300
0.86425 0.69339
0.86425 0.62933
0.86426 0.63125
0.86426 0.64661
0.86427 0.66749
0.86427 0.66418
0.86428 0.65099
0.86428 0.66723
0.86429 0.64027
0.86429 0.65648
0.86430 0.60108
0.86430 0.61161
0.86431 0.56246
0.86431 0.59158
0.86432 0.62544
0.86432 0.58215
0.86433 0.64532
0.86433 0.62106
0.86434 0.64317
0.86434 0.72480
0.86435 0.68931
0.86435 0.65082
0.86436 0.62379
0.86436 0.66390
0.86437 0.66943
0.86437 0.64094
0.86438 0.70138
0.86438 0.58909
0.86439 0.64712
0.86439 0.72878
0.86440 0.64647
0.86440 0.66788
0.86441 0.63167
0.86441 0.60238
0.86442 0.68574
0.86442 0.69539
0.86443 0.72962
0.86443 0.74902
0.86444 0.60085
0.86444 0.56984
0.86445 0.66541
0.86445 0.69818
0.86446 0.57371
0.86446 0.60264
0.86447 0.73233
0.86447 0.64604
0.86448 0.59655
0.86448 0.64428
0.86449 0.66199
0.86449 0.60504
0.86450 0.65232
0.86450 0.64013
0.86451 0.62624
0.86451 0.75923
0.86452 0.67231
0.86452 0.57915
0.86453 0.61721
0.86453 0.61125
0.86454 0.62018
0.86454 0.59425
0.86455 0.68024
0.86455 0.73202
0.86456 0.65839
0.86456 0.67556
0.86457 0.69070
0.86457 0.58250
0.86458 0.61919
0.86458 0.70160
0.86459 0.66480
0.86459 0.65950
0.86460 0.62961
0.86460 0.60155
0.86461 0.67933
0.86461 0.67548
0.86462 0.65548
0.86462 0.69731
0.86463 0.69278
0.86463 0.68292
0.86464 0.73874
0.86464 0.65640
0.86465 0.69948
0.86465 0.67923
0.86466 0.51566
0.86466 0.66495
0.86467 0.69161
0.86467 0.77040
0.86468 0.72769
0.86468 0.64020
0.86469 0.60621
0.86469 0.52988
0.86470 0.61810
0.86470 0.62094
0.86471 0.70169
0.86471 0.65996
0.86472 0.62316
0.86472 0.66397
0.86473 0.63169
0.86473 0.67507
0.86474 0.58931
0.86474 0.58203
0.86475 0.63875
0.86475 0.60294
0.86476 0.57488
0.86476 0.64495
0.86477 0.70567
0.86477 0.65669
0.86478 0.62840
0.86478 0.57418
0.86479 0.65342
0.86479 0.70179
0.86480 0.56189
0.86480 0.61253
0.86481 0.65179
0.86481 0.61088
0.86482 0.63606
0.86482 0.63065
0.86483 0.63882
0.86483 0.61829
0.86484 0.58603
0.86484 0.61332
0.86485 0.64261
0.86485 0.67612
0.86486 0.63601
0.86486 0.61107
0.86487 0.63827
0.86487 0.65445
0.86488 0.65792
0.86488 0.60173
0.86489 0.60456
0.86489 0.65161
0.86490 0.65690
0.86490 0.62138
0.86491 0.64074
0.86491 0.66490
0.86492 0.61609
0.86492 0.63167
0.86493 0.67249
0.86493 0.62549
0.86494 0.62606
0.86494 0.63678
0.86495 0.62461
0.86495 0.58467
0.86496 0.64742
0.86496 0.64263
0.86497 0.60488
0.86497 0.65090
0.86498 0.61549
0.86498 0.67351
0.86499 0.73304
0.86499 0.71451
0.86500 0.69982
0.86500 0.56948
0.86501 0.53573
0.86501 0.66635
0.86502 0.64858
0.86502 0.63230
0.86503 0.63149
0.86503 0.60107
0.86504 0.67916
0.86504 0.65806
0.86505 0.62716
0.86505 0.67885
0.86506 0.62678
0.86506 0.61869
0.86507 0.69356
0.86507 0.65597
0.86508 0.58649
0.86508 0.62168
0.86509 0.64669
0.86509 0.69628
0.86510 0.62847
0.86510 0.60475
0.86511 0.62313
0.86511 0.58020
0.86512 0.65145
0.86512 0.62544
0.86513 0.63514
0.86513 0.63971
0.86514 0.53777
0.86514 0.62356
0.86515 0.72245
0.86515 0.69939
0.86516 0.59469
0.86516 0.61764
0.86517 0.70976
0.86517 0.60277
0.86518 0.67425
0.86518 0.65880
0.86519 0.59493
0.86519 0.63489
0.86520 0.61107
0.86520 0.68750
0.86521 0.67696
0.86521 0.67741
0.86522 0.65075
0.86522 0.60939
0.86523 0.62258
0.86523 0.60960
0.86524 0.63044
0.86524 0.62064
0.86525 0.61786
0.86525 0.63160
0.86526 0.60226
0.86526 0.63350
0.86527 0.59424
0.86527 0.61698
0.86528 0.65027
0.86528 0.54440
0.86529 0.64750
0.86529 0.65204
0.86530 0.63902
0.86530 0.59743
0.86531 0.55504
0.86531 0.59831
0.86532 0.60404
0.86532 0.66548
0.86533 0.59875
0.86533 0.62382
0.86534 0.62730
0.86534 0.57010
0.86535 0.61293
0.86535 0.63764
0.86536 0.59548
0.86536 0.57142
0.86537 0.58142
0.86537 0.56735
0.86538 0.63177
0.86538 0.68870
0.86539 0.60837
0.86539 0.61235
0.86540 0.57077
0.86540 0.57281
0.86541 0.60679
0.86541 0.57010
0.86542 0.66977
0.86542 0.66551
0.86543 0.62898
0.86543 0.62137
0.86544 0.64871
0.86544 0.61444
0.86545 0.57952
0.86545 0.64040
0.86546 0.66945
0.86546 0.64180
0.86547 0.69417
0.86547 0.70307
0.86548 0.57797
0.86548 0.52248
0.86549 0.56147
0.86549 0.62475
0.86550 0.68624
0.86550 0.67493
0.86551 0.60466
0.86551 0.55564
0.86552 0.54947
0.86552 0.65569
0.86553 0.60874
0.86553 0.54653
0.86554 0.64857
0.86554 0.67811
0.86555 0.64215
0.86555 0.55639
0.86556 0.58086
0.86556 0.66885
0.86557 0.62921
0.86557 0.70740
0.86558 0.67630
0.86558 0.59066
0.86559 0.56281
0.86559 0.55375
0.86560 0.65356
0.86560 0.71998
0.86561 0.59215
0.86561 0.64423
0.86562 0.67807
0.86562 0.57669
0.86563 0.64618
0.86563 0.60551
0.86564 0.61729
0.86564 0.60348
0.86565 0.60928
0.86565 0.65516
0.86566 0.60511
0.86566 0.56743
0.86567 0.54615
0.86567 0.51760
0.86568 0.63316
0.86568 0.70773
0.86569 0.60821
0.86569 0.63000
0.86570 0.55504
0.86570 0.52883
0.86571 0.65365
0.86571 0.66871
0.86572 0.60136
0.86572 0.58345
0.86573 0.60023
0.86573 0.61918
0.86574 0.60607
0.86574 0.68502
0.86575 0.64389
0.86575 0.58818
0.86576 0.61522
0.86576 0.51193
0.86577 0.62127
0.86577 0.61200
0.86578 0.61179
0.86578 0.60081
0.86579 0.55948
0.86579 0.58796
0.86580 0.61813
0.86580 0.62027
0.86581 0.56510
0.86581 0.63813
0.86582 0.64419
0.86582 0.61849
0.86583 0.61186
0.86583 0.60090
0.86584 0.62315
0.86584 0.61833
0.86585 0.66409
0.86585 0.59666
0.86586 0.61769
0.86586 0.61954
0.86587 0.49876
0.86587 0.56099
0.86588 0.64132
0.86588 0.64364
0.86589 0.60177
0.86589 0.64637
0.86590 0.60804
0.86590 0.56105
0.86591 0.64730
0.86591 0.63646
0.86592 0.61005
0.86592 0.63832
0.86593 0.61767
0.86593 0.55835
0.86594 0.64394
0.86594 0.67273
0.86595 0.65159
0.86595 0.59481
0.86596 0.55309
0.86596 0.62613
0.86597 0.66237
0.86597 0.64611
0.86598 0.60441
0.86598 0.60598
0.86599 0.51771
0.86599 0.57030
0.86600 0.56918
0.86600 0.53428
0.86601 0.57142
0.86601 0.57863
0.86602 0.61440
0.86602 0.61554
0.86603 0.58899
0.86603 0.56889
0.86604 0.59224
0.86604 0.59490
0.86605 0.57118
0.86605 0.63961
0.86606 0.62216
0.86606 0.58478
0.86607 0.56312
0.86607 0.62694
0.86608 0.69982
0.86608 0.60332
0.86609 0.55524
0.86609 0.52143
0.86610 0.54541
0.86610 0.56338
0.86611 0.69042
0.86611 0.63658
0.86612 0.52745
0.86612 0.67570
0.86613 0.63324
0.86613 0.56818
0.86614 0.61312
0.86614 0.55528
0.86615 0.57675
0.86615 0.63701
0.86616 0.63126
0.86616 0.67132
0.86617 0.58865
0.86617 0.58717
0.86618 0.58756
0.86618 0.52587
0.86619 0.61577
0.86619 0.59158
0.86620 0.65409
0.86620 0.62892
0.86621 0.53033
0.86621 0.60931
0.86622 0.58173
0.86622 0.56825
0.86623 0.58957
0.86623 0.65378
0.86624 0.61418
0.86624 0.56421
0.86625 0.64014
0.86625 0.58508
0.86626 0.59248
0.86626 0.61698
0.86627 0.63483
0.86627 0.59801
0.86628 0.54222
0.86628 0.63469
0.86629 0.63845
0.86629 0.61075
0.86630 0.61446
0.86630 0.59719
0.86631 0.59144
0.86631 0.63203
0.86632 0.62179
0.86632 0.63561
0.86633 0.63280
0.86633 0.54190
0.86634 0.56312
0.86634 0.56857
0.86635 0.63381
0.86635 0.61672
0.86636 0.57431
0.86636 0.58031
0.86637 0.58014
0.86637 0.63216
0.86638 0.54098
0.86638 0.52603
0.86639 0.64687
0.86639 0.50566
0.86640 0.57387
0.86640 0.63832
0.86641 0.55974
0.86641 0.59433
0.86642 0.56487
0.86642 0.66741
0.86643 0.59296
0.86643 0.55479
0.86644 0.61297
0.86644 0.54570
0.86645 0.57871
0.86645 0.57932
0.86646 0.59865
0.86646 0.56241
0.86647 0.48161
0.86647 0.57287
0.86648 0.56212
0.86648 0.54053
0.86649 0.59457
0.86649 0.57416
0.86650 0.59708
0.86650 0.58001
0.86651 0.52972
0.86651 0.56956
0.86652 0.57639
0.86652 0.54152
0.86653 0.55781
0.86653 0.62281
0.86654 0.60932
0.86654 0.59757
0.86655 0.60319
0.86655 0.60574
0.86656 0.62024
0.86656 0.62778
0.86657 0.65266
0.86657 0.57698
0.86658 0.57764
0.86658 0.66825
0.86659 0.57679
0.86659 0.54326
0.86660 0.60053
0.86660 0.66862
0.86661 0.63995
0.86661 0.57991
0.86662 0.57065
0.86662 0.58519
0.86663 0.56697
0.86663 0.53044
0.86664 0.59264
0.86664 0.59330
0.86665 0.59169
0.86665 0.52262
0.86666 0.51140
0.86666 0.58037
0.86667 0.56984
0.86667 0.57274
0.86668 0.56095
0.86668 0.60405
0.86669 0.57421
0.86669 0.59315
0.86670 0.60263
0.86670 0.57196
0.86671 0.56149
0.86671 0.59354
0.86672 0.55085
0.86672 0.51230
0.86673 0.60765
0.86673 0.58851
0.86674 0.54601
0.86674 0.56730
0.86675 0.57741
0.86675 0.57743
0.86676 0.59974
0.86676 0.54252
0.86677 0.59003
0.86677 0.58484
0.86678 0.57353
0.86678 0.61486
0.86679 0.58876
0.86679 0.59707
0.86680 0.55866
0.86680 0.55571
0.86681 0.54972
0.86681 0.50239
0.86682 0.60123
0.86682 0.64951
0.86683 0.59411
0.86683 0.56405
0.86684 0.56310
0.86684 0.60936
0.86685 0.57886
0.86685 0.53662
0.86686 0.58781
0.86686 0.61404
0.86687 0.66021
0.86687 0.59220
0.86688 0.57209
0.86688 0.64689
0.86689 0.61948
0.86689 0.52489
0.86690 0.57752
0.86690 0.65949
0.86691 0.60377
0.86691 0.62313
0.86692 0.56003
0.86692 0.51560
0.86693 0.55534
0.86693 0.58814
0.86694 0.55376
0.86694 0.63493
0.86695 0.62977
0.86695 0.59985
0.86696 0.64812
0.86696 0.54164
0.86697 0.52974
0.86697 0.55031
0.86698 0.60760
0.86698 0.59078
0.86699 0.52967
0.86699 0.59545
0.86700 0.57576
0.86700 0.57917
0.86701 0.56506
0.86701 0.47408
0.86702 0.54299
0.86702 0.55765
0.86703 0.52964
0.86703 0.61722
0.86704 0.63003
0.86704 0.55288
0.86705 0.56717
0.86705 0.58757
0.86706 0.53684
0.86706 0.49277
0.86707 0.60186
0.86707 0.56791
0.86708 0.50584
0.86708 0.56647
0.86709 0.49499
0.86709 0.54797
0.86710 0.59843
0.86710 0.59864
0.86711 0.59075
0.86711 0.53296
0.86712 0.54254
0.86712 0.56839
0.86713 0.54908
0.86713 0.57311
0.86714 0.59614
0.86714 0.59609
0.86715 0.51682
0.86715 0.55330
0.86716 0.61832
0.86716 0.50564
0.86717 0.56796
0.86717 0.59150
0.86718 0.56045
0.86718 0.61330
0.86719 0.54505
0.86719 0.59928
0.86720 0.53723
0.86720 0.55638
0.86721 0.53531
0.86721 0.50152
0.86722 0.71808
0.86722 0.55152
0.86723 0.57341
0.86723 0.61288
0.86724 0.45783
0.86724 0.59447
0.86725 0.61179
0.86725 0.64590
0.86726 0.68262
0.86726 0.55876
0.86727 0.56729
0.86727 0.56869
0.86728 0.51731
0.86728 0.61363
0.86729 0.57322
0.86729 0.52558
0.86730 0.65905
0.86730 0.53070
0.86731 0.47575
0.86731 0.57214
0.86732 0.56694
0.86732 0.56612
0.86733 0.59280
0.86733 0.66318
0.86734 0.56428
0.86734 0.49881
0.86735 0.58026
0.86735 0.58968
0.86736 0.63354
0.86736 0.55699
0.86737 0.60075
0.86737 0.51028
0.86738 0.49343
0.86738 0.63327
0.86739 0.50606
0.86739 0.56241
0.86740 0.62524
0.86740 0.61321
0.86741 0.51957
0.86741 0.53477
0.86742 0.55669
0.86742 0.52238
0.86743 0.61959
0.86743 0.58437
0.86744 0.58079
0.86744 0.53495
0.86745 0.52413
0.86745 0.54647
0.86746 0.48765
0.86746 0.63514
0.86747 0.62281
0.86747 0.56752
0.86748 0.62569
0.86748 0.55860
0.86749 0.56848
0.86749 0.56693
0.86750 0.59066
0.86750 0.57935
0.86751 0.51041
0.86751 0.53706
0.86752 0.51260
0.86752 0.58886
0.86753 0.61382
0.86753 0.51953
0.86754 0.49245
0.86754 0.53408
0.86755 0.59542
0.86755 0.54358
0.86756 0.54903
0.86756 0.56269
0.86757 0.57245
0.86757 0.63681
0.86758 0.57137
0.86758 0.57995
0.86759 0.62079
0.86759 0.63229
0.86760 0.57793
0.86760 0.48807
0.86761 0.57365
0.86761 0.55455
0.86762 0.57777
0.86762 0.50426
0.86763 0.52640
0.86763 0.60158
0.86764 0.53442
0.86764 0.63666
0.86765 0.58360
0.86765 0.49013
0.86766 0.52247
0.86766 0.58832
0.86767 0.63851
0.86767 0.54432
0.86768 0.52279
0.86768 0.61777
0.86769 0.63979
0.86769 0.62139
0.86770 0.52843
0.86770 0.55888
0.86771 0.54059
0.86771 0.59730
0.86772 0.60553
0.86772 0.49836
0.86773 0.55647
0.86773 0.59091
0.86774 0.55896
0.86774 0.58903
0.86775 0.60674
0.86775 0.47617
0.86776 0.55471
0.86776 0.59937
0.86777 0.59643
0.86777 0.67074
0.86778 0.58856
0.86778 0.57488
0.86779 0.57189
0.86779 0.49672
0.86780 0.56310
0.86780 0.55157
0.86781 0.53038
0.86781 0.62101
0.86782 0.59674
0.86782 0.64046
0.86783 0.57093
0.86783 0.54232
0.86784 0.47513
0.86784 0.48221
0.86785 0.64512
0.86785 0.53240
0.86786 0.55531
0.86786 0.57326
0.86787 0.52290
0.86787 0.53403
0.86788 0.57383
0.86788 0.58188
0.86789 0.51352
0.86789 0.57185
0.86790 0.59415
0.86790 0.54077
0.86791 0.53293
0.86791 0.48664
0.86792 0.48239
0.86792 0.47993
0.86793 0.54639
0.86793 0.56908
0.86794 0.48092
0.86794 0.53063
0.86795 0.55615
0.86795 0.44710
0.86796 0.54578
0.86796 0.52761
0.86797 0.50684
0.86797 0.56666
0.86798 0.55241
0.86798 0.56177
0.86799 0.47563
0.86799 0.47889
0.86800 0.48448
0.86800 0.63429
0.86801 0.55042
0.86801 0.55855
0.86802 0.53005
0.86802 0.45447
0.86803 0.57550
0.86803 0.51099
0.86804 0.57660
0.86804 0.53460
0.86805 0.51728
0.86805 0.58940
0.86806 0.53471
0.86806 0.53009
0.86807 0.56913
0.86807 0.55219
0.86808 0.57046
0.86808 0.56171
0.86809 0.49833
0.86809 0.49879
0.86810 0.51653
0.86810 0.53358
0.86811 0.51937
0.86811 0.56345
0.86812 0.54704
0.86812 0.52626
0.86813 0.54539
0.86813 0.59177
0.86814 0.60136
0.86814 0.51455
0.86815 0.44307
0.86815 0.52865
0.86816 0.54286
0.86816 0.59736
0.86817 0.64520
0.86817 0.47941
0.86818 0.54502
0.86818 0.57441
0.86819 0.54907
0.86819 0.57688
0.86820 0.61451
0.86820 0.63734
0.86821 0.52272
0.86821 0.51435
0.86822 0.54812
0.86822 0.58418
0.86823 0.58075
0.86823 0.50790
0.86824 0.53085
0.86824 0.52159
0.86825 0.55596
0.86825 0.59882
0.86826 0.50866
0.86826 0.53676
0.86827 0.54625
0.86827 0.54240
0.86828 0.55190
0.86828 0.43429
0.86829 0.54311
0.86829 0.59231
0.86830 0.49433
0.86830 0.53374
0.86831 0.57818
0.86831 0.57917
0.86832 0.52566
0.86832 0.54293
0.86833 0.57488
0.86833 0.50381
0.86834 0.56739
0.86834 0.53785
0.86835 0.48700
0.86835 0.59636
0.86836 0.56468
0.86836 0.57924
0.86837 0.51165
0.86837 0.47931
0.86838 0.54353
0.86838 0.55698
0.86839 0.54813
0.86839 0.49896
0.86840 0.52397
0.86840 0.57251
0.86841 0.53327
0.86841 0.54809
0.86842 0.59617
0.86842 0.58526
0.86843 0.56584
0.86843 0.46847
0.86844 0.53189
0.86844 0.54662
0.86845 0.49138
0.86845 0.44366
0.86846 0.52619
0.86846 0.50720
0.86847 0.46316
0.86847 0.63053
0.86848 0.49066
0.86848 0.51205
0.86849 0.57599
0.86849 0.49553
0.86850 0.52882
0.86850 0.51739
0.86851 0.53282
0.86851 0.57250
0.86852 0.47902
0.86852 0.43041
0.86853 0.53118
0.86853 0.56690
0.86854 0.54214
0.86854 0.47898
0.86855 0.52686
0.86855 0.59676
0.86856 0.51206
0.86856 0.56619
0.86857 0.60859
0.86857 0.51085
0.86858 0.46663
0.86858 0.51341
0.86859 0.54835
0.86859 0.51978
0.86860 0.53974
0.86860 0.54726
0.86861 0.55322
0.86861 0.52225
0.86862 0.58417
0.86862 0.51030
0.86863 0.46087
0.86863 0.58635
0.86864 0.57447
0.86864 0.52542
0.86865 0.57421
0.86865 0.60950
0.86866 0.55998
0.86866 0.54650
0.86867 0.50857
0.86867 0.51624
0.86868 0.48449
0.86868 0.57892
0.86869 0.62445
0.86869 0.50634
0.86870 0.47488
0.86870 0.51670
0.86871 0.55301
0.86871 0.61241
0.86872 0.54162
0.86872 0.60213
0.86873 0.63163
0.86873 0.48918
0.86874 0.53452
0.86874 0.54227
0.86875 0.57477
0.86875 0.51436
0.86876 0.55606
0.86876 0.57857
0.86877 0.51305
0.86877 0.60475
0.86878 0.54415
0.86878 0.54414
0.86879 0.53349
0.86879 0.52284
0.86880 0.51055
0.86880 0.47092
0.86881 0.51558
0.86881 0.52532
0.86882 0.58691
0.86882 0.54819
0.86883 0.58454
0.86883 0.56170
0.86884 0.48060
0.86884 0.49226
0.86885 0.57640
0.86885 0.62631
0.86886 0.57985
0.86886 0.52982
0.86887 0.48528
0.86887 0.54736
0.86888 0.50428
0.86888 0.43092
0.86889 0.49298
0.86889 0.55966
0.86890 0.51804
0.86890 0.53645
0.86891 0.52748
0.86891 0.47984
0.86892 0.55436
0.86892 0.53240
0.86893 0.57756
0.86893 0.49816
0.86894 0.49062
0.86894 0.56449
0.86895 0.45872
0.86895 0.47395
0.86896 0.53353
0.86896 0.46434
0.86897 0.49899
0.86897 0.54410
0.86898 0.44651
0.86898 0.54370
0.86899 0.53126
0.86899 0.53071
0.86900 0.61837
0.86900 0.54465
0.86901 0.51000
0.86901 0.51201
0.86902 0.51859
0.86902 0.52557
0.86903 0.51235
0.86903 0.53676
0.86904 0.53286
0.86904 0.55679
0.86905 0.56486
0.86905 0.56932
0.86906 0.57296
0.86906 0.49406
0.86907 0.51388
0.86907 0.54226
0.86908 0.47050
0.86908 0.53640
0.86909 0.56128
0.86909 0.52000
0.86910 0.52183
0.86910 0.55283
0.86911 0.49848
0.86911 0.57111
0.86912 0.61959
0.86912 0.51920
0.86913 0.55019
0.86913 0.53270
0.86914 0.52466
0.86914 0.55013
0.86915 0.48368
0.86915 0.50751
0.86916 0.54970
0.86916 0.46666
0.86917 0.50345
0.86917 0.50070
0.86918 0.48116
0.86918 0.50064
0.86919 0.51398
0.86919 0.53384
0.86920 0.51943
0.86920 0.58703
0.86921 0.59311
0.86921 0.56107
0.86922 0.54730
0.86922 0.46366
0.86923 0.51288
0.86923 0.48779
0.86924 0.46468
0.86924 0.48896
0.86925 0.43819
0.86925 0.49963
0.86926 0.54721
0.86926 0.52114
0.86927 0.45620
0.86927 0.45209
0.86928 0.49621
0.86928 0.49562
0.86929 0.52265
0.86929 0.56518
0.86930 0.47585
0.86930 0.51521
0.86931 0.55457
0.86931 0.50109
0.86932 0.58775
0.86932 0.53978
0.86933 0.47210
0.86933 0.56352
0.86934 0.57576
0.86934 0.52229
0.86935 0.57003
0.86935 0.52157
0.86936 0.50181
0.86936 0.46776
0.86937 0.51296
0.86937 0.59276
0.86938 0.51290
0.86938 0.56832
0.86939 0.58274
0.86939 0.50494
0.86940 0.53708
0.86940 0.50961
0.86941 0.49882
0.86941 0.54112
0.86942 0.49624
0.86942 0.47399
0.86943 0.47121
0.86943 0.46449
0.86944 0.47570
0.86944 0.51513
0.86945 0.58553
0.86945 0.48734
0.86946 0.48057
0.86946 0.55469
0.86947 0.55739
0.86947 0.58904
0.86948 0.52621
0.86948 0.56074
0.86949 0.50852
0.86949 0.45239
0.86950 0.43496
0.86950 0.46450
0.86951 0.54667
0.86951 0.52390
0.86952 0.55781
0.86952 0.55883
0.86953 0.53698
0.86953 0.60576
0.86954 0.52426
0.86954 0.48133
0.86955 0.49995
0.86955 0.48755
0.86956 0.48364
0.86956 0.47786
0.86957 0.47629
0.86957 0.47684
0.86958 0.54568
0.86958 0.50987
0.86959 0.51574
0.86959 0.51490
0.86960 0.44493
0.86960 0.46672
0.86961 0.47219
0.86961 0.47419
0.86962 0.53189
0.86962 0.54098
0.86963 0.50404
0.86963 0.57988
0.86964 0.51548
0.86964 0.50681
0.86965 0.54490
0.86965 0.50236
0.86966 0.55494
0.86966 0.52101
0.86967 0.53484
0.86967 0.51053
0.86968 0.47147
0.86968 0.55482
0.86969 0.58427
0.86969 0.51392
0.86970 0.46395
0.86970 0.38292
0.86971 0.48136
0.86971 0.50141
0.86972 0.40793
0.86972 0.50761
0.86973 0.43728
0.86973 0.47125
0.86974 0.53505
0.86974 0.48694
0.86975 0.48067
0.86975 0.45060
0.86976 0.55088
0.86976 0.53251
0.86977 0.45010
0.86977 0.48306
0.86978 0.43472
0.86978 0.46255
0.86979 0.47362
0.86979 0.52575
0.86980 0.49976
0.86980 0.40153
0.86981 0.56863
0.86981 0.51479
0.86982 0.46904
0.86982 0.55295
0.86983 0.49752
0.86983 0.50084
0.86984 0.46685
0.86984 0.48357
0.86985 0.52882
0.86985 0.50849
0.86986 0.47595
0.86986 0.52352
0.86987 0.55609
0.86987 0.48074
0.86988 0.49444
0.86988 0.39744
0.86989 0.40095
0.86989 0.55503
0.86990 0.49326
0.86990 0.52704
0.86991 0.46185
0.86991 0.42003
0.86992 0.52914
0.86992 0.54281
0.86993 0.47720
0.86993 0.46887
0.86994 0.55933
0.86994 0.51446
0.86995 0.44914
0.86995 0.45805
0.86996 0.44860
0.86996 0.51127
0.86997 0.57260
0.86997 0.51235
0.86998 0.52463
0.86998 0.54045
0.86999 0.48914
0.86999 0.55315
0.87000 0.52904
0.87000 0.49014
0.87001 0.53565
0.87001 0.49196
0.87002 0.47610
0.87002 0.44685
0.87003 0.46444
0.87003 0.54585
0.87004 0.48913
0.87004 0.45160
0.87005 0.51560
0.87005 0.49655
0.87006 0.54693
0.87006 0.55598
0.87007 0.50450
0.87007 0.48459
0.87008 0.43435
0.87008 0.46929
0.87009 0.50867
0.87009 0.56629
0.87010 0.57184
0.87010 0.53888
0.87011 0.52838
0.87011 0.50645
0.87012 0.54246
0.87012 0.53046
0.87013 0.48488
0.87013 0.52911
0.87014 0.53726
0.87014 0.54592
0.87015 0.53941
0.87015 0.48379
0.87016 0.51988
0.87016 0.51174
0.87017 0.50517
0.87017 0.48716
0.87018 0.47034
0.87018 0.48856
0.87019 0.46426
0.87019 0.46070
0.87020 0.44997
0.87020 0.46863
0.87021 0.46110
0.87021 0.42907
0.87022 0.47270
0.87022 0.52985
0.87023 0.49421
0.87023 0.50322
0.87024 0.46242
0.87024 0.49492
0.87025 0.54307
0.87025 0.46302
0.87026 0.48624
0.87026 0.54411
0.87027 0.46471
0.87027 0.44523
0.87028 0.50662
0.87028 0.44373
0.87029 0.42461
0.87029 0.48443
0.87030 0.53462
0.87030 0.55769
0.87031 0.49721
0.87031 0.44325
0.87032 0.48148
0.87032 0.45245
0.87033 0.45126
0.87033 0.48430
0.87034 0.49959
0.87034 0.51254
0.87035 0.52742
0.87035 0.46582
0.87036 0.46175
0.87036 0.50490
0.87037 0.50340
0.87037 0.51799
0.87038 0.44091
0.87038 0.51179
0.87039 0.51404
0.87039 0.49702
0.87040 0.49634
0.87040 0.45990
0.87041 0.51786
0.87041 0.50047
0.87042 0.49233
0.87042 0.52238
0.87043 0.52281
0.87043 0.50895
0.87044 0.52926
0.87044 0.52750
0.87045 0.51660
0.87045 0.54760
0.87046 0.61920
0.87046 0.55088
0.87047 0.45742
0.87047 0.49692
0.87048 0.49440
0.87048 0.46171
0.87049 0.49248
0.87049 0.49867
0.87050 0.52523
0.87050 0.55775
0.87051 0.52921
0.87051 0.51406
0.87052 0.53665
0.87052 0.48474
0.87053 0.45385
0.87053 0.48778
0.87054 0.49669
0.87054 0.54361
0.87055 0.52885
0.87055 0.43881
0.87056 0.39585
0.87056 0.51633
0.87057 0.51026
0.87057 0.48726
0.87058 0.57210
0.87058 0.49179
0.87059 0.50510
0.87059 0.54862
0.87060 0.42512
0.87060 0.44862
0.87061 0.46186
0.87061 0.42964
0.87062 0.51500
0.87062 0.47587
0.87063 0.39743
0.87063 0.42297
0.87064 0.45035
0.87064 0.55406
0.87065 0.59329
0.87065 0.54071
0.87066 0.50739
0.87066 0.50801
0.87067 0.55243
0.87067 0.49005
0.87068 0.46007
0.87068 0.47848
0.87069 0.50212
0.87069 0.51026
0.87070 0.56394
0.87070 0.44298
0.87071 0.40945
0.87071 0.54590
0.87072 0.49614
0.87072 0.47932
0.87073 0.53961
0.87073 0.52248
0.87074 0.44652
0.87074 0.44093
0.87075 0.45334
0.87075 0.43831
0.87076 0.42075
0.87076 0.42466
0.87077 0.46276
0.87077 0.52026
0.87078 0.52346
0.87078 0.44584
0.87079 0.40059
0.87079 0.52075
0.87080 0.51620
0.87080 0.49428
0.87081 0.48888
0.87081 0.49262
0.87082 0.54367
0.87082 0.47110
0.87083 0.48022
0.87083 0.51703
0.87084 0.48512
0.87084 0.49489
0.87085 0.42532
0.87085 0.42973
0.87086 0.41908
0.87086 0.41760
0.87087 0.48039
0.87087 0.44635
0.87088 0.46711
0.87088 0.49614
0.87089 0.52477
0.87089 0.48375
0.87090 0.41315
0.87090 0.49292
0.87091 0.55295
0.87091 0.46960
0.87092 0.46774
0.87092 0.56104
0.87093 0.53931
0.87093 0.47303
0.87094 0.47376
0.87094 0.48080
0.87095 0.48244
0.87095 0.51728
0.87096 0.49589
0.87096 0.40156
0.87097 0.53462
0.87097 0.57401
0.87098 0.48730
0.87098 0.60313
0.87099 0.47872
0.87099 0.35345
0.87100 0.48654
0.87100 0.49210
0.87101 0.49093
0.87101 0.50653
0.87102 0.52482
0.87102 0.48732
0.87103 0.45564
0.87103 0.43624
0.87104 0.40784
0.87104 0.49472
0.87105 0.39577
0.87105 0.46670
0.87106 0.51404
0.87106 0.44403
0.87107 0.47682
0.87107 0.43164
0.87108 0.47755
0.87108 0.50262
0.87109 0.45206
0.87109 0.42803
0.87110 0.50162
0.87110 0.48659
0.87111 0.47350
0.87111 0.48381
0.87112 0.50482
0.87112 0.49374
0.87113 0.42991
0.87113 0.47976
0.87114 0.47372
0.87114 0.45815
0.87115 0.51885
0.87115 0.49510
0.87116 0.50141
0.87116 0.47986
0.87117 0.46796
0.87117 0.43200
0.87118 0.51997
0.87118 0.53493
0.87119 0.42302
0.87119 0.49079
0.87120 0.45946
0.87120 0.47356
0.87121 0.48920
0.87121 0.50211
0.87122 0.47152
0.87122 0.38634
0.87123 0.45069
0.87123 0.45407
0.87124 0.45508
0.87124 0.51776
0.87125 0.42191
0.87125 0.42528
0.87126 0.48516
0.87126 0.50117
0.87127 0.53593
0.87127 0.45037
0.87128 0.50198
0.87128 0.53564
0.87129 0.42154
0.87129 0.48937
0.87130 0.47633
0.87130 0.44185
0.87131 0.43709
0.87131 0.43344
0.87132 0.50634
0.87132 0.42830
0.87133 0.41155
0.87133 0.57420
0.87134 0.48535
0.87134 0.40765
0.87135 0.47530
0.87135 0.45486
0.87136 0.49812
0.87136 0.55807
0.87137 0.47858
0.87137 0.36691
0.87138 0.42191
0.87138 0.47795
0.87139 0.45222
0.87139 0.39722
0.87140 0.43041
0.87140 0.53359
0.87141 0.52772
0.87141 0.43834
0.87142 0.44309
0.87142 0.47970
0.87143 0.49235
0.87143 0.48996
0.87144 0.45750
0.87144 0.45468
0.87145 0.46528
0.87145 0.41329
0.87146 0.49611
0.87146 0.49130
0.87147 0.35531
0.87147 0.49919
0.87148 0.52739
0.87148 0.47567
0.87149 0.44675
0.87149 0.42508
0.87150 0.39267
0.87150 0.42691
0.87151 0.49496
0.87151 0.46665
0.87152 0.50149
0.87152 0.46769
0.87153 0.43955
0.87153 0.45519
0.87154 0.50491
0.87154 0.49843
0.87155 0.43340
0.87155 0.53391
0.87156 0.64812
0.87156 0.57097
0.87157 0.44828
0.87157 0.41282
0.87158 0.46608
0.87158 0.45298
0.87159 0.43425
0.87159 0.41989
0.87160 0.52133
0.87160 0.47973
0.87161 0.49787
0.87161 0.56462
0.87162 0.42116
0.87162 0.35794
0.87163 0.36919
0.87163 0.45049
0.87164 0.42647
0.87164 0.43459
0.87165 0.43158
0.87165 0.45857
0.87166 0.53994
0.87166 0.48284
0.87167 0.39218
0.87167 0.49385
0.87168 0.56082
0.87168 0.48735
0.87169 0.40952
0.87169 0.41082
0.87170 0.44199
0.87170 0.41580
0.87171 0.46709
0.87171 0.48801
0.87172 0.48647
0.87172 0.37497
0.87173 0.41534
0.87173 0.48069
0.87174 0.51158
0.87174 0.49531
0.87175 0.41840
0.87175 0.53805
0.87176 0.44136
0.87176 0.41880
0.87177 0.47887
0.87177 0.45714
0.87178 0.50648
0.87178 0.49877
0.87179 0.43789
0.87179 0.37291
0.87180 0.41017
0.87180 0.50900
0.87181 0.55065
0.87181 0.45515
0.87182 0.44784
0.87182 0.53559
0.87183 0.51275
0.87183 0.45561
0.87184 0.47517
0.87184 0.52537
0.87185 0.39957
0.87185 0.41573
0.87186 0.49013
0.87186 0.46788
0.87187 0.48517
0.87187 0.43772
0.87188 0.44758
0.87188 0.43851
0.87189 0.41797
0.87189 0.49246
0.87190 0.49805
0.87190 0.52612
0.87191 0.49472
0.87191 0.52002
0.87192 0.54521
0.87192 0.44952
0.87193 0.45540
0.87193 0.52511
0.87194 0.46393
0.87194 0.43660
0.87195 0.51207
0.87195 0.48438
0.87196 0.47660
0.87196 0.51299
0.87197 0.45336
0.87197 0.47423
0.87198 0.46530
0.87198 0.42065
0.87199 0.50996
0.87199 0.49804
0.87200 0.46120
0.87200 0.49598
0.87201 0.48778
0.87201 0.44932
0.87202 0.52435
0.87202 0.51389
0.87203 0.44531
0.87203 0.47024
0.87204 0.45141
0.87204 0.40320
0.87205 0.46351
0.87205 0.49292
0.87206 0.48548
0.87206 0.53124
0.87207 0.52743
0.87207 0.42984
0.87208 0.45895
0.87208 0.50131
0.87209 0.45952
0.87209 0.50113
0.87210 0.47794
0.87210 0.48905
0.87211 0.46513
0.87211 0.38151
0.87212 0.44695
0.87212 0.50939
0.87213 0.59697
0.87213 0.54985
0.87214 0.39650
0.87214 0.40393
0.87215 0.46209
0.87215 0.40048
0.87216 0.44046
0.87216 0.49154
0.87217 0.44181
0.87217 0.45942
0.87218 0.45588
0.87218 0.51695
0.87219 0.46609
0.87219 0.38768
0.87220 0.45123
0.87220 0.46923
0.87221 0.49025
0.87221 0.50047
0.87222 0.42391
0.87222 0.41433
0.87223 0.46745
0.87223 0.40727
0.87224 0.38384
0.87224 0.44625
0.87225 0.48820
0.87225 0.45813
0.87226 0.46747
0.87226 0.48967
0.87227 0.45638
0.87227 0.52151
0.87228 0.45609
0.87228 0.44144
0.87229 0.48757
0.87229 0.46296
0.87230 0.45429
0.87230 0.40957
0.87231 0.44399
0.87231 0.45845
0.87232 0.43858
0.87232 0.48360
0.87233 0.47042
0.87233 0.49911
0.87234 0.43289
0.87234 0.40945
0.87235 0.48433
0.87235 0.47284
0.87236 0.44171
0.87236 0.50591
0.87237 0.47977
0.87237 0.44033
0.87238 0.44204
0.87238 0.45641
0.87239 0.46749
0.87239 0.47576
0.87240 0.46242
0.87240 0.46868
0.87241 0.49480
0.87241 0.39768
0.87242 0.42736
0.87242 0.46033
0.87243 0.42247
0.87243 0.49502
0.87244 0.49272
0.87244 0.43119
0.87245 0.50027
0.87245 0.40864
0.87246 0.42092
0.87246 0.47806
0.87247 0.46003
0.87247 0.43266
0.87248 0.41868
0.87248 0.45930
0.87249 0.41800
0.87249 0.45125
0.87250 0.48554
0.87250 0.43194
0.87251 0.42436
0.87251 0.44485
0.87252 0.45908
0.87252 0.45660
0.87253 0.46438
0.87253 0.50223
0.87254 0.46241
0.87254 0.42161
0.87255 0.46578
0.87255 0.40743
0.87256 0.40833
0.87256 0.47652
0.87257 0.44592
0.87257 0.43883
0.87258 0.44204
0.87258 0.42936
0.87259 0.45612
0.87259 0.42499
0.87260 0.42467
0.87260 0.49233
0.87261 0.43521
0.87261 0.45258
0.87262 0.54016
0.87262 0.48811
0.87263 0.43829
0.87263 0.50331
0.87264 0.49682
0.87264 0.44774
0.87265 0.46902
0.87265 0.48451
0.87266 0.47467
0.87266 0.46777
0.87267 0.47591
0.87267 0.47142
0.87268 0.48195
0.87268 0.43096
0.87269 0.37031
0.87269 0.53546
0.87270 0.44310
0.87270 0.44337
0.87271 0.49370
0.87271 0.34321
0.87272 0.40961
0.87272 0.41877
0.87273 0.40718
0.87273 0.42162
0.87274 0.46364
0.87274 0.48703
0.87275 0.43569
0.87275 0.45785
0.87276 0.54371
0.87276 0.45635
0.87277 0.41878
0.87277 0.47166
0.87278 0.48250
0.87278 0.44277
0.87279 0.37620
0.87279 0.41033
0.87280 0.49024
0.87280 0.48143
0.87281 0.46503
0.87281 0.46658
0.87282 0.46437
0.87282 0.44529
0.87283 0.46924
0.87283 0.45777
0.87284 0.41527
0.87284 0.44776
0.87285 0.39990
0.87285 0.42606
0.87286 0.47322
0.87286 0.46546
0.87287 0.44387
0.87287 0.42364
0.87288 0.43268
0.87288 0.44263
0.87289 0.36737
0.87289 0.36768
0.87290 0.44749
0.87290 0.39261
0.87291 0.42829
0.87291 0.42799
0.87292 0.46845
0.87292 0.44414
0.87293 0.41149
0.87293 0.53055
0.87294 0.39739
0.87294 0.40214
0.87295 0.47092
0.87295 0.40294
0.87296 0.39753
0.87296 0.48127
0.87297 0.41363
0.87297 0.42090
0.87298 0.52558
0.87298 0.42365
0.87299 0.51182
0.87299 0.45604
0.87300 0.34584
0.87300 0.46341
0.87301 0.39638
0.87301 0.43637
0.87302 0.54500
0.87302 0.49706
0.87303 0.45528
0.87303 0.44681
0.87304 0.45707
0.87304 0.44724
0.87305 0.39585
0.87305 0.43718
0.87306 0.47936
0.87306 0.44298
0.87307 0.43040
0.87307 0.41717
0.87308 0.46697
0.87308 0.49457
0.87309 0.47586
0.87309 0.46565
0.87310 0.42342
0.87310 0.44738
0.87311 0.51229
0.87311 0.44688
0.87312 0.39822
0.87312 0.46092
0.87313 0.39167
0.87313 0.38039
0.87314 0.46214
0.87314 0.37279
0.87315 0.37634
0.87315 0.47514
0.87316 0.47771
0.87316 0.49525
0.87317 0.44953
0.87317 0.34710
0.87318 0.38551
0.87318 0.40117
0.87319 0.41213
0.87319 0.50087
0.87320 0.50440
0.87320 0.49642
0.87321 0.43804
0.87321 0.39217
0.87322 0.33498
0.87322 0.42419
0.87323 0.51863
0.87323 0.41916
0.87324 0.45714
0.87324 0.41830
0.87325 0.45149
0.87325 0.49597
0.87326 0.47379
0.87326 0.41061
0.87327 0.39042
0.87327 0.42352
0.87328 0.44187
0.87328 0.47035
0.87329 0.42968
0.87329 0.45800
0.87330 0.35388
0.87330 0.41746
0.87331 0.43948
0.87331 0.39228
0.87332 0.44228
0.87332 0.39121
0.87333 0.44005
0.87333 0.38587
0.87334 0.36308
0.87334 0.46132
0.87335 0.46091
0.87335 0.48415
0.87336 0.46686
0.87336 0.42907
0.87337 0.39722
0.87337 0.42650
0.87338 0.45944
0.87338 0.41761
0.87339 0.44431
0.87339 0.38120
0.87340 0.34456
0.87340 0.43639
0.87341 0.47051
0.87341 0.40080
0.87342 0.37183
0.87342 0.48449
0.87343 0.43602
0.87343 0.35563
0.87344 0.44920
0.87344 0.41900
0.87345 0.36765
0.87345 0.40160
0.87346 0.37405
0.87346 0.43164
0.87347 0.47022
0.87347 0.53645
0.87348 0.49434
0.87348 0.34728
0.87349 0.45222
0.87349 0.44270
0.87350 0.45658
0.87350 0.45365
0.87351 0.34132
0.87351 0.45942
0.87352 0.54603
0.87352 0.36405
0.87353 0.40966
0.87353 0.47192
0.87354 0.30860
0.87354 0.35627
0.87355 0.47503
0.87355 0.46533
0.87356 0.41996
0.87356 0.44151
0.87357 0.40689
0.87357 0.40852
0.87358 0.41538
0.87358 0.43390
0.87359 0.48096
0.87359 0.41651
0.87360 0.38735
0.87360 0.47181
0.87361 0.42815
0.87361 0.48512
0.87362 0.55919
0.87362 0.44443
0.87363 0.40423
0.87363 0.40748
0.87364 0.47896
0.87364 0.42916
0.87365 0.42476
0.87365 0.46368
0.87366 0.43459
0.87366 0.43319
0.87367 0.38766
0.87367 0.36607
0.87368 0.33298
0.87368 0.42502
0.87369 0.40327
0.87369 0.38304
0.87370 0.38807
0.87370 0.42644
0.87371 0.49928
0.87371 0.39549
0.87372 0.40182
0.87372 0.38584
0.87373 0.46957
0.87373 0.46949
0.87374 0.43785
0.87374 0.50940
0.87375 0.38574
0.87375 0.47727
0.87376 0.44706
0.87376 0.34787
0.87377 0.40167
0.87377 0.40136
0.87378 0.51035
0.87378 0.45137
0.87379 0.46417
0.87379 0.44829
0.87380 0.32655
0.87380 0.33262
0.87381 0.37094
0.87381 0.42402
0.87382 0.40971
0.87382 0.42121
0.87383 0.39678
0.87383 0.35132
0.87384 0.39621
0.87384 0.45522
0.87385 0.48530
0.87385 0.45764
0.87386 0.48312
0.87386 0.43977
0.87387 0.32267
0.87387 0.47129
0.87388 0.44553
0.87388 0.40006
0.87389 0.43100
0.87389 0.45054
0.87390 0.48050
0.87390 0.40226
0.87391 0.41214
0.87391 0.39368
0.87392 0.40917
0.87392 0.43367
0.87393 0.44815
0.87393 0.45868
0.87394 0.42542
0.87394 0.37520
0.87395 0.43592
0.87395 0.43526
0.87396 0.46172
0.87396 0.44310
0.87397 0.41293
0.87397 0.44655
0.87398 0.39743
0.87398 0.43298
0.87399 0.34136
0.87399 0.38699
0.87400 0.46832
0.87400 0.42404
0.87401 0.45384
0.87401 0.51986
0.87402 0.45949
0.87402 0.39236
0.87403 0.40671
0.87403 0.41802
0.87404 0.46729
0.87404 0.43928
0.87405 0.43935
0.87405 0.47764
0.87406 0.40879
0.87406 0.51650
0.87407 0.49423
0.87407 0.33531
0.87408 0.36522
0.87408 0.39989
0.87409 0.46503
0.87409 0.40712
0.87410 0.39826
0.87410 0.39850
0.87411 0.36129
0.87411 0.41666
0.87412 0.40352
0.87412 0.43052
0.87413 0.46343
0.87413 0.41376
0.87414 0.44251
0.87414 0.42361
0.87415 0.37616
0.87415 0.46529
0.87416 0.41431
0.87416 0.39437
0.87417 0.41679
0.87417 0.36130
0.87418 0.41758
0.87418 0.45489
0.87419 0.38923
0.87419 0.39334
0.87420 0.43270
0.87420 0.40088
0.87421 0.45126
0.87421 0.42883
0.87422 0.40751
0.87422 0.41082
0.87423 0.36157
0.87423 0.37714
0.87424 0.40663
0.87424 0.41404
0.87425 0.41775
0.87425 0.40906
0.87426 0.42158
0.87426 0.36586
0.87427 0.38255
0.87427 0.42900
0.87428 0.36725
0.87428 0.41658
0.87429 0.39883
0.87429 0.40966
0.87430 0.39751
0.87430 0.43895
0.87431 0.46142
0.87431 0.40337
0.87432 0.44274
0.87432 0.38614
0.87433 0.43046
0.87433 0.47745
0.87434 0.37715
0.87434 0.42499
0.87435 0.45272
0.87435 0.39853
0.87436 0.42361
0.87436 0.36855
0.87437 0.40721
0.87437 0.51073
0.87438 0.42654
0.87438 0.48685
0.87439 0.41102
0.87439 0.35375
0.87440 0.48281
0.87440 0.40055
0.87441 0.40744
0.87441 0.49711
0.87442 0.44006
0.87442 0.39257
0.87443 0.42321
0.87443 0.46945
0.87444 0.47362
0.87444 0.44873
0.87445 0.37140
0.87445 0.37837
0.87446 0.47088
0.87446 0.42429
0.87447 0.44723
0.87447 0.39990
0.87448 0.36488
0.87448 0.39647
0.87449 0.37847
0.87449 0.43457
0.87450 0.45382
0.87450 0.37325
0.87451 0.38552
0.87451 0.42732
0.87452 0.46593
0.87452 0.39504
0.87453 0.40016
0.87453 0.50204
0.87454 0.41254
0.87454 0.43966
0.87455 0.38163
0.87455 0.46536
0.87456 0.48719
0.87456 0.40007
0.87457 0.55078
0.87457 0.45190
0.87458 0.39023
0.87458 0.39748
0.87459 0.36470
0.87459 0.35962
0.87460 0.41342
0.87460 0.50470
0.87461 0.44837
0.87461 0.37809
0.87462 0.37622
0.87462 0.45458
0.87463 0.35540
0.87463 0.25668
0.87464 0.42899
0.87464 0.44594
0.87465 0.43935
0.87465 0.36941
0.87466 0.37063
0.87466 0.43152
0.87467 0.37101
0.87467 0.35928
0.87468 0.36142
0.87468 0.43002
0.87469 0.42244
0.87469 0.38268
0.87470 0.45784
0.87470 0.42155
0.87471 0.35020
0.87471 0.44142
0.87472 0.38310
0.87472 0.38760
0.87473 0.41317
0.87473 0.38779
0.87474 0.38880
0.87474 0.34814
0.87475 0.43123
0.87475 0.42743
0.87476 0.41390
0.87476 0.43443
0.87477 0.40932
0.87477 0.43835
0.87478 0.40465
0.87478 0.45599
0.87479 0.35976
0.87479 0.32369
0.87480 0.38459
0.87480 0.42992
0.87481 0.47380
0.87481 0.43241
0.87482 0.40942
0.87482 0.35603
0.87483 0.46492
0.87483 0.41204
0.87484 0.40005
0.87484 0.42969
0.87485 0.33231
0.87485 0.44534
0.87486 0.46879
0.87486 0.37887
0.87487 0.39270
0.87487 0.40859
0.87488 0.46336
0.87488 0.45130
0.87489 0.40838
0.87489 0.43499
0.87490 0.40751
0.87490 0.39046
0.87491 0.43332
0.87491 0.40111
0.87492 0.38615
0.87492 0.41719
0.87493 0.33688
0.87493 0.42972
0.87494 0.41438
0.87494 0.34920
0.87495 0.46304
0.87495 0.47754
0.87496 0.38446
0.87496 0.38723
0.87497 0.42791
0.87497 0.31949
0.87498 0.35175
0.87498 0.44238
0.87499 0.48616
0.87499 0.48558
0.87500 0.37718
0.87500 0.33557
0.87501 0.39584
0.87501 0.43246
0.87502 0.38423
0.87502 0.40097
0.87503 0.46840
0.87503 0.40105
0.87504 0.45579
0.87504 0.41465
0.87505 0.37837
0.87505 0.40118
0.87506 0.44723
0.87506 0.41520
0.87507 0.39729
0.87507 0.45073
0.87508 0.36974
0.87508 0.41921
0.87509 0.36075
0.87509 0.37830
0.87510 0.44590
0.87510 0.45071
0.87511 0.40399
0.87511 0.46289
0.87512 0.44305
0.87512 0.32245
0.87513 0.35099
0.87513 0.36760
0.87514 0.35278
0.87514 0.38168
0.87515 0.40711
0.87515 0.36540
0.87516 0.43792
0.87516 0.43267
0.87517 0.33208
0.87517 0.45026
0.87518 0.44346
0.87518 0.36803
0.87519 0.43825
0.87519 0.40485
0.87520 0.41425
0.87520 0.36306
0.87521 0.37634
0.87521 0.40477
0.87522 0.37404
0.87522 0.45828
0.87523 0.45505
0.87523 0.42665
0.87524 0.37288
0.87524 0.34330
0.87525 0.41093
0.87525 0.44723
0.87526 0.43998
0.87526 0.35265
0.87527 0.38255
0.87527 0.42814
0.87528 0.39136
0.87528 0.39877
0.87529 0.42602
0.87529 0.41812
0.87530 0.37025
0.87530 0.45057
0.87531 0.46348
0.87531 0.40910
0.87532 0.38347
0.87532 0.41496
0.87533 0.44016
0.87533 0.38184
0.87534 0.48116
0.87534 0.45135
0.87535 0.40052
0.87535 0.40750
0.87536 0.38195
0.87536 0.43448
0.87537 0.45129
0.87537 0.44240
0.87538 0.40801
0.87538 0.39052
0.87539 0.31346
0.87539 0.30262
0.87540 0.41865
0.87540 0.41810
0.87541 0.40698
0.87541 0.47972
0.87542 0.43897
0.87542 0.39303
0.87543 0.40854
0.87543 0.39663
0.87544 0.35748
0.87544 0.33174
0.87545 0.42493
0.87545 0.36420
0.87546 0.31061
0.87546 0.35368
0.87547 0.33359
0.87547 0.46625
0.87548 0.39164
0.87548 0.36301
0.87549 0.41632
0.87549 0.38342
0.87550 0.37989
0.87550 0.36254
0.87551 0.44921
0.87551 0.46640
0.87552 0.44383
0.87552 0.42091
0.87553 0.34945
0.87553 0.40391
0.87554 0.42848
0.87554 0.44802
0.87555 0.42003
0.87555 0.42972
0.87556 0.40025
0.87556 0.31036
0.87557 0.45518
0.87557 0.45386
0.87558 0.42292
0.87558 0.37580
0.87559 0.39296
0.87559 0.48879
0.87560 0.42081
0.87560 0.40627
0.87561 0.43343
0.87561 0.44607
0.87562 0.41369
0.87562 0.40659
0.87563 0.37119
0.87563 0.35870
0.87564 0.40150
0.87564 0.46628
0.87565 0.46251
0.87565 0.29952
0.87566 0.42891
0.87566 0.47658
0.87567 0.35771
0.87567 0.36364
0.87568 0.36222
0.87568 0.40352
0.87569 0.39602
0.87569 0.37936
0.87570 0.42115
0.87570 0.37504
0.87571 0.35604
0.87571 0.35916
0.87572 0.34692
0.87572 0.37874
0.87573 0.37920
0.87573 0.35409
0.87574 0.38606
0.87574 0.42276
0.87575 0.40095
0.87575 0.38614
0.87576 0.35909
0.87576 0.36719
0.87577 0.37140
0.87577 0.38987
0.87578 0.35463
0.87578 0.37063
0.87579 0.41746
0.87579 0.37465
0.87580 0.44740
0.87580 0.35055
0.87581 0.39384
0.87581 0.36800
0.87582 0.29780
0.87582 0.43770
0.87583 0.38203
0.87583 0.42040
0.87584 0.45735
0.87584 0.38162
0.87585 0.40672
0.87585 0.41732
0.87586 0.33690
0.87586 0.40052
0.87587 0.44699
0.87587 0.40552
0.87588 0.43758
0.87588 0.41999
0.87589 0.34778
0.87589 0.39233
0.87590 0.39851
0.87590 0.44705
0.87591 0.44807
0.87591 0.35283
0.87592 0.43138
0.87592 0.46961
0.87593 0.44042
0.87593 0.46567
0.87594 0.33705
0.87594 0.30809
0.87595 0.36720
0.87595 0.41345
0.87596 0.41124
0.87596 0.37800
0.87597 0.47492
0.87597 0.43758
0.87598 0.37914
0.87598 0.35681
0.87599 0.41763
0.87599 0.43279
0.87600 0.37567
0.87600 0.41071
0.87601 0.37398
0.87601 0.36003
0.87602 0.39327
0.87602 0.44177
0.87603 0.43957
0.87603 0.43066
0.87604 0.42396
0.87604 0.39032
0.87605 0.33937
0.87605 0.34796
0.87606 0.46579
0.87606 0.40820
0.87607 0.43597
0.87607 0.44302
0.87608 0.32338
0.87608 0.35359
0.87609 0.38450
0.87609 0.47975
0.87610 0.46752
0.87610 0.38061
0.87611 0.35687
0.87611 0.27629
0.87612 0.38373
0.87612 0.38663
0.87613 0.42086
0.87613 0.43193
0.87614 0.40859
0.87614 0.40070
0.87615 0.33426
0.87615 0.41755
0.87616 0.37204
0.87616 0.34641
0.87617 0.42176
0.87617 0.40358
0.87618 0.38584
0.87618 0.35958
0.87619 0.31834
0.87619 0.40158
0.87620 0.43327
0.87620 0.37638
0.87621 0.37829
0.87621 0.41444
0.87622 0.43167
0.87622 0.41077
0.87623 0.38157
0.87623 0.40693
0.87624 0.41314
0.87624 0.34351
0.87625 0.36081
0.87625 0.40756
0.87626 0.37082
0.87626 0.40235
0.87627 0.37680
0.87627 0.44948
0.87628 0.42427
0.87628 0.37533
0.87629 0.48218
0.87629 0.38305
0.87630 0.38637
0.87630 0.39816
0.87631 0.34335
0.87631 0.39780
0.87632 0.38615
0.87632 0.32202
0.87633 0.35963
0.87633 0.37019
0.87634 0.37582
0.87634 0.43236
0.87635 0.41985
0.87635 0.28373
0.87636 0.40009
0.87636 0.43703
0.87637 0.37246
0.87637 0.43155
0.87638 0.33777
0.87638 0.39670
0.87639 0.45852
0.87639 0.38533
0.87640 0.38900
0.87640 0.44196
0.87641 0.38809
0.87641 0.31688
0.87642 0.39530
0.87642 0.39758
0.87643 0.41192
0.87643 0.40961
0.87644 0.42334
0.87644 0.38765
0.87645 0.30463
0.87645 0.41070
0.87646 0.33845
0.87646 0.43037
0.87647 0.48926
0.87647 0.39394
0.87648 0.40236
0.87648 0.38810
0.87649 0.37724
0.87649 0.35711
0.87650 0.37995
0.87650 0.39483
0.87651 0.39956
0.87651 0.34196
0.87652 0.32023
0.87652 0.44176
0.87653 0.42540
0.87653 0.32888
0.87654 0.37924
0.87654 0.36351
0.87655 0.37500
0.87655 0.39981
0.87656 0.39239
0.87656 0.38245
0.87657 0.34300
0.87657 0.35461
0.87658 0.32448
0.87658 0.41095
0.87659 0.41352
0.87659 0.40806
0.87660 0.44631
0.87660 0.35382
0.87661 0.35099
0.87661 0.35301
0.87662 0.32033
0.87662 0.33949
0.87663 0.41577
0.87663 0.40447
0.87664 0.35796
0.87664 0.45663
0.87665 0.39887
0.87665 0.38321
0.87666 0.30938
0.87666 0.32180
0.87667 0.37504
0.87667 0.35785
0.87668 0.44410
0.87668 0.38323
0.87669 0.31463
0.87669 0.29405
0.87670 0.34589
0.87670 0.35707
0.87671 0.42637
0.87671 0.40233
0.87672 0.30420
0.87672 0.33044
0.87673 0.33159
0.87673 0.38141
0.87674 0.45061
0.87674 0.37333
0.87675 0.32171
0.87675 0.31245
0.87676 0.39089
0.87676 0.42565
0.87677 0.40027
0.87677 0.33319
0.87678 0.41016
0.87678 0.44885
0.87679 0.34916
0.87679 0.33506
0.87680 0.32329
0.87680 0.36026
0.87681 0.43416
0.87681 0.41782
0.87682 0.40065
0.87682 0.37778
0.87683 0.37114
0.87683 0.35807
0.87684 0.34469
0.87684 0.36151
0.87685 0.35199
0.87685 0.42976
0.87686 0.38632
0.87686 0.44132
0.87687 0.37770
0.87687 0.31084
0.87688 0.41825
0.87688 0.38244
0.87689 0.37109
0.87689 0.39228
0.87690 0.43454
0.87690 0.32610
0.87691 0.33975
0.87691 0.40152
0.87692 0.32081
0.87692 0.39322
0.87693 0.35894
0.87693 0.32132
0.87694 0.34622
0.87694 0.40301
0.87695 0.40903
0.87695 0.40469
0.87696 0.37977
0.87696 0.32010
0.87697 0.37979
0.87697 0.36300
0.87698 0.34203
0.87698 0.35941
0.87699 0.33850
0.87699 0.36729
0.87700 0.34900
0.87700 0.40290
0.87701 0.42647
0.87701 0.35100
0.87702 0.41149
0.87702 0.39855
0.87703 0.40615
0.87703 0.35263
0.87704 0.28870
0.87704 0.33628
0.87705 0.34040
0.87705 0.36051
0.87706 0.32489
0.87706 0.37392
0.87707 0.37976
0.87707 0.40154
0.87708 0.38203
0.87708 0.34300
0.87709 0.36523
0.87709 0.31920
0.87710 0.39267
0.87710 0.36244
0.87711 0.34216
0.87711 0.34324
0.87712 0.34334
0.87712 0.39929
0.87713 0.35988
0.87713 0.35470
0.87714 0.33672
0.87714 0.36838
0.87715 0.41123
0.87715 0.36975
0.87716 0.39437
0.87716 0.38117
0.87717 0.41134
0.87717 0.35698
0.87718 0.34330
0.87718 0.43011
0.87719 0.36582
0.87719 0.39136
0.87720 0.38096
0.87720 0.42480
0.87721 0.37767
0.87721 0.32110
0.87722 0.40146
0.87722 0.35960
0.87723 0.35167
0.87723 0.34818
0.87724 0.38230
0.87724 0.37688
0.87725 0.35026
0.87725 0.37656
0.87726 0.34322
0.87726 0.30945
0.87727 0.33852
0.87727 0.34394
0.87728 0.36574
0.87728 0.35451
0.87729 0.38859
0.87729 0.41880
0.87730 0.37910
0.87730 0.42122
0.87731 0.37551
0.87731 0.31999
0.87732 0.32799
0.87732 0.41373
0.87733 0.41440
0.87733 0.39641
0.87734 0.41438
0.87734 0.38026
0.87735 0.33344
0.87735 0.33566
0.87736 0.38713
0.87736 0.36696
0.87737 0.45143
0.87737 0.38368
0.87738 0.30110
0.87738 0.39109
0.87739 0.36114
0.87739 0.40372
0.87740 0.40665
0.87740 0.24229
0.87741 0.31303
0.87741 0.37347
0.87742 0.40037
0.87742 0.38589
0.87743 0.31354
0.87743 0.35190
0.87744 0.32244
0.87744 0.37662
0.87745 0.41856
0.87745 0.37128
0.87746 0.31248
0.87746 0.30991
0.87747 0.35164
0.87747 0.36584
0.87748 0.38131
0.87748 0.37786
0.87749 0.39951
0.87749 0.40162
0.87750 0.33159
0.87750 0.33852
0.87751 0.34771
0.87751 0.34804
0.87752 0.41871
0.87752 0.46333
0.87753 0.37227
0.87753 0.40890
0.87754 0.42713
0.87754 0.28193
0.87755 0.36986
0.87755 0.36600
0.87756 0.37619
0.87756 0.42249
0.87757 0.28348
0.87757 0.39321
0.87758 0.41736
0.87758 0.36802
0.87759 0.38091
0.87759 0.38005
0.87760 0.39058
0.87760 0.32271
0.87761 0.35510
0.87761 0.40623
0.87762 0.37629
0.87762 0.37590
0.87763 0.42088
0.87763 0.45890
0.87764 0.39653
0.87764 0.34755
0.87765 0.31975
0.87765 0.38317
0.87766 0.40463
0.87766 0.27744
0.87767 0.36503
0.87767 0.38258
0.87768 0.34607
0.87768 0.38585
0.87769 0.34824
0.87769 0.30423
0.87770 0.38529
0.87770 0.38761
0.87771 0.35683
0.87771 0.40381
0.87772 0.40734
0.87772 0.36748
0.87773 0.31338
0.87773 0.34729
0.87774 0.35155
0.87774 0.42917
0.87775 0.49729
0.87775 0.47897
0.87776 0.37037
0.87776 0.31975
0.87777 0.29869
0.87777 0.30193
0.87778 0.36649
0.87778 0.35312
0.87779 0.35481
0.87779 0.32142
0.87780 0.29212
0.87780 0.36873
0.87781 0.38557
0.87781 0.39732
0.87782 0.42154
0.87782 0.33138
0.87783 0.34415
0.87783 0.36016
0.87784 0.37205
0.87784 0.38453
0.87785 0.40828
0.87785 0.39049
0.87786 0.41459
0.87786 0.39994
0.87787 0.34446
0.87787 0.42483
0.87788 0.34035
0.87788 0.35797
0.87789 0.44791
0.87789 0.37682
0.87790 0.36747
0.87790 0.36975
0.87791 0.36418
0.87791 0.36676
0.87792 0.31846
0.87792 0.34989
0.87793 0.40517
0.87793 0.35366
0.87794 0.41970
0.87794 0.38917
0.87795 0.29086
0.87795 0.34451
0.87796 0.32589
0.87796 0.35165
0.87797 0.44621
0.87797 0.36171
0.87798 0.37307
0.87798 0.34920
0.87799 0.32562
0.87799 0.39890
0.87800 0.32320
0.87800 0.36456
0.87801 0.35010
0.87801 0.35496
0.87802 0.42081
0.87802 0.37253
0.87803 0.34099
0.87803 0.37730
0.87804 0.34003
0.87804 0.36306
0.87805 0.38797
0.87805 0.37167
0.87806 0.37851
0.87806 0.34986
0.87807 0.36716
0.87807 0.34503
0.87808 0.35644
0.87808 0.40516
0.87809 0.35944
0.87809 0.31610
0.87810 0.36041
0.87810 0.35786
0.87811 0.33202
0.87811 0.41392
0.87812 0.38060
0.87812 0.31736
0.87813 0.32192
0.87813 0.33983
0.87814 0.39519
0.87814 0.44196
0.87815 0.37494
0.87815 0.28307
0.87816 0.37318
0.87816 0.43895
0.87817 0.36436
0.87817 0.43565
0.87818 0.46587
0.87818 0.33049
0.87819 0.35696
0.87819 0.33809
0.87820 0.35315
0.87820 0.33497
0.87821 0.28707
0.87821 0.38032
0.87822 0.39045
0.87822 0.43602
0.87823 0.38910
0.87823 0.39022
0.87824 0.36624
0.87824 0.31962
0.87825 0.36871
0.87825 0.43123
0.87826 0.39108
0.87826 0.34061
0.87827 0.34719
0.87827 0.30288
0.87828 0.37714
0.87828 0.30108
0.87829 0.33132
0.87829 0.41119
0.87830 0.37120
0.87830 0.36296
0.87831 0.32276
0.87831 0.35506
0.87832 0.38806
0.87832 0.33560
0.87833 0.38318
0.87833 0.32613
0.87834 0.32082
0.87834 0.40690
0.87835 0.33968
0.87835 0.37508
0.87836 0.43290
0.87836 0.28934
0.87837 0.30328
0.87837 0.38236
0.87838 0.35180
0.87838 0.36824
0.87839 0.39929
0.87839 0.36894
0.87840 0.29008
0.87840 0.36561
0.87841 0.34690
0.87841 0.29986
0.87842 0.36618
0.87842 0.37235
0.87843 0.36383
0.87843 0.37791
0.87844 0.32404
0.87844 0.24225
0.87845 0.29299
0.87845 0.39271
0.87846 0.34604
0.87846 0.32232
0.87847 0.37036
0.87847 0.36792
0.87848 0.44100
0.87848 0.35956
0.87849 0.33352
0.87849 0.40327
0.87850 0.30312
0.87850 0.36995
0.87851 0.47031
0.87851 0.38496
0.87852 0.33209
0.87852 0.32933
0.87853 0.38371
0.87853 0.38466
0.87854 0.35791
0.87854 0.40948
0.87855 0.33184
0.87855 0.35316
0.87856 0.39934
0.87856 0.39841
0.87857 0.44545
0.87857 0.39131
0.87858 0.31876
0.87858 0.33223
0.87859 0.34553
0.87859 0.34092
0.87860 0.37574
0.87860 0.44131
0.87861 0.40442
0.87861 0.36082
0.87862 0.34577
0.87862 0.34986
0.87863 0.34522
0.87863 0.31760
0.87864 0.28217
0.87864 0.33897
0.87865 0.40121
0.87865 0.37263
0.87866 0.38203
0.87866 0.36560
0.87867 0.33733
0.87867 0.40873
0.87868 0.34909
0.87868 0.29734
0.87869 0.31025
0.87869 0.38719
0.87870 0.39082
0.87870 0.34442
0.87871 0.35300
0.87871 0.25865
0.87872 0.35366
0.87872 0.38757
0.87873 0.31561
0.87873 0.33393
0.87874 0.33759
0.87874 0.36175
0.87875 0.30941
0.87875 0.30336
0.87876 0.34669
0.87876 0.33369
0.87877 0.37721
0.87877 0.34573
0.87878 0.35556
0.87878 0.31502
0.87879 0.34579
0.87879 0.39689
0.87880 0.31821
0.87880 0.29658
0.87881 0.39840
0.87881 0.42214
0.87882 0.38465
0.87882 0.34136
0.87883 0.33866
0.87883 0.37649
0.87884 0.34473
0.87884 0.33013
0.87885 0.29427
0.87885 0.38475
0.87886 0.39226
0.87886 0.29505
0.87887 0.33900
0.87887 0.31894
0.87888 0.38649
0.87888 0.33384
0.87889 0.33660
0.87889 0.35054
0.87890 0.29987
0.87890 0.43830
0.87891 0.36374
0.87891 0.31994
0.87892 0.38755
0.87892 0.39375
0.87893 0.38855
0.87893 0.30830
0.87894 0.23668
0.87894 0.38852
0.87895 0.39645
0.87895 0.34852
0.87896 0.35646
0.87896 0.26318
0.87897 0.30135
0.87897 0.34782
0.87898 0.37502
0.87898 0.38653
0.87899 0.34314
0.87899 0.39000
0.87900 0.35571
0.87900 0.31948
0.87901 0.34034
0.87901 0.37695
0.87902 0.35730
0.87902 0.37899
0.87903 0.29695
0.87903 0.27745
0.87904 0.38944
0.87904 0.31378
0.87905 0.34290
0.87905 0.34161
0.87906 0.31651
0.87906 0.36425
0.87907 0.34492
0.87907 0.30914
0.87908 0.32360
0.87908 0.31233
0.87909 0.38291
0.87909 0.38797
0.87910 0.34372
0.87910 0.41067
0.87911 0.42576
0.87911 0.36071
0.87912 0.32814
0.87912 0.33976
0.87913 0.34982
0.87913 0.36626
0.87914 0.39425
0.87914 0.39337
0.87915 0.34679
0.87915 0.36357
0.87916 0.35588
0.87916 0.37265
0.87917 0.38070
0.87917 0.34651
0.87918 0.36979
0.87918 0.39836
0.87919 0.35929
0.87919 0.34559
0.87920 0.32073
0.87920 0.38039
0.87921 0.46353
0.87921 0.40724
0.87922 0.40398
0.87922 0.32336
0.87923 0.30588
0.87923 0.30132
0.87924 0.32183
0.87924 0.47436
0.87925 0.40281
0.87925 0.31470
0.87926 0.38688
0.87926 0.42770
0.87927 0.35195
0.87927 0.23991
0.87928 0.30937
0.87928 0.38051
0.87929 0.41897
0.87929 0.38086
0.87930 0.35222
0.87930 0.32310
0.87931 0.26993
0.87931 0.37209
0.87932 0.26536
0.87932 0.35735
0.87933 0.39227
0.87933 0.30027
0.87934 0.36575
0.87934 0.30423
0.87935 0.35826
0.87935 0.37560
0.87936 0.29781
0.87936 0.35658
0.87937 0.38884
0.87937 0.32396
0.87938 0.27916
0.87938 0.30883
0.87939 0.31657
0.87939 0.34179
0.87940 0.41525
0.87940 0.32542
0.87941 0.38102
0.87941 0.33558
0.87942 0.32062
0.87942 0.40027
0.87943 0.34261
0.87943 0.42224
0.87944 0.36242
0.87944 0.30587
0.87945 0.34788
0.87945 0.25020
0.87946 0.33614
0.87946 0.39235
0.87947 0.38208
0.87947 0.39810
0.87948 0.32416
0.87948 0.31774
0.87949 0.26457
0.87949 0.30219
0.87950 0.36931
0.87950 0.39157
0.87951 0.32297
0.87951 0.37496
0.87952 0.35894
0.87952 0.25962
0.87953 0.33216
0.87953 0.35861
0.87954 0.30333
0.87954 0.25015
0.87955 0.37701
0.87955 0.39508
0.87956 0.28989
0.87956 0.40644
0.87957 0.40171
0.87957 0.32646
0.87958 0.34707
0.87958 0.34768
0.87959 0.42499
0.87959 0.40550
0.87960 0.33628
0.87960 0.27927
0.87961 0.33250
0.87961 0.33943
0.87962 0.25919
0.87962 0.37496
0.87963 0.40391
0.87963 0.37686
0.87964 0.32650
0.87964 0.35156
0.87965 0.40958
0.87965 0.24285
0.87966 0.25126
0.87966 0.36316
0.87967 0.39230
0.87967 0.35111
0.87968 0.33149
0.87968 0.36566
0.87969 0.35733
0.87969 0.35995
0.87970 0.34743
0.87970 0.31987
0.87971 0.36643
0.87971 0.39150
0.87972 0.33369
0.87972 0.38036
0.87973 0.38694
0.87973 0.33054
0.87974 0.35523
0.87974 0.30026
0.87975 0.30086
0.87975 0.28937
0.87976 0.34605
0.87976 0.39244
0.87977 0.38733
0.87977 0.35088
0.87978 0.27021
0.87978 0.36084
0.87979 0.33858
0.87979 0.38894
0.87980 0.42106
0.87980 0.30021
0.87981 0.30530
0.87981 0.34772
0.87982 0.30227
0.87982 0.31959
0.87983 0.30660
0.87983 0.33279
0.87984 0.33077
0.87984 0.27993
0.87985 0.29269
0.87985 0.31610
0.87986 0.29524
0.87986 0.33272
0.87987 0.39725
0.87987 0.32040
0.87988 0.35269
0.87988 0.36422
0.87989 0.28689
0.87989 0.29910
0.87990 0.34264
0.87990 0.36334
0.87991 0.41241
0.87991 0.39262
0.87992 0.31205
0.87992 0.28891
0.87993 0.36053
0.87993 0.28926
0.87994 0.21508
0.87994 0.40502
0.87995 0.42602
0.87995 0.32945
0.87996 0.36196
0.87996 0.33553
0.87997 0.30660
0.87997 0.31373
0.87998 0.28567
0.87998 0.32367
0.87999 0.33498
0.87999 0.32251
0.88000 0.32133
