time [s] 	 stored energy [J]
0.78500 0.87610
0.78501 0.88645
0.78502 0.89664
0.78503 0.90668
0.78504 0.91656
0.78504 0.92628
0.78505 0.93585
0.78506 0.94526
0.78507 0.95452
0.78508 0.96362
0.78508 0.97258
0.78509 0.98139
0.78510 0.99006
0.78511 0.99858
0.78512 1.00696
0.78512 1.01520
0.78513 1.02330
0.78514 1.03126
0.78515 1.03908
0.78516 1.04676
0.78516 1.05430
0.78517 1.06170
0.78518 1.06897
0.78519 1.07609
0.78520 1.08307
0.78520 1.08991
0.78521 1.09661
0.78522 1.10317
0.78523 1.10958
0.78524 1.11586
0.78524 1.12199
0.78525 1.12799
0.78526 1.13385
0.78527 1.13957
0.78528 1.14514
0.78528 1.15058
0.78529 1.15587
0.78530 1.16103
0.78531 1.16605
0.78532 1.17093
0.78532 1.17568
0.78533 1.18028
0.78534 1.18475
0.78535 1.18907
0.78536 1.19326
0.78536 1.19731
0.78537 1.20122
0.78538 1.20499
0.78539 1.20862
0.78540 1.21212
0.78540 1.21548
0.78541 1.21871
0.78542 1.22181
0.78543 1.22478
0.78544 1.22764
0.78544 1.23037
0.78545 1.23299
0.78546 1.23550
0.78547 1.23790
0.78548 1.24018
0.78548 1.24235
0.78549 1.24442
0.78550 1.24638
0.78551 1.24823
0.78552 1.24999
0.78552 1.25163
0.78553 1.25318
0.78554 1.25463
0.78555 1.25598
0.78556 1.25724
0.78556 1.25840
0.78557 1.25947
0.78558 1.26044
0.78559 1.26132
0.78560 1.26210
0.78560 1.26280
0.78561 1.26340
0.78562 1.26392
0.78563 1.26436
0.78564 1.26472
0.78564 1.26499
0.78565 1.26520
0.78566 1.26532
0.78567 1.26537
0.78568 1.26535
0.78568 1.26526
0.78569 1.26511
0.78570 1.26489
0.78571 1.26462
0.78572 1.26428
0.78572 1.26388
0.78573 1.26343
0.78574 1.26292
0.78575 1.26236
0.78576 1.26175
0.78576 1.26109
0.78577 1.26038
0.78578 1.25962
0.78579 1.25883
0.78580 1.25799
0.78580 1.25711
0.78581 1.25619
0.78582 1.25523
0.78583 1.25423
0.78584 1.25320
0.78584 1.25214
0.78585 1.25105
0.78586 1.24993
0.78587 1.24878
0.78588 1.24761
0.78588 1.24642
0.78589 1.24521
0.78590 1.24399
0.78591 1.24274
0.78592 1.24148
0.78592 1.24020
0.78593 1.23890
0.78594 1.23758
0.78595 1.23624
0.78596 1.23488
0.78596 1.23350
0.78597 1.23211
0.78598 1.23070
0.78599 1.22929
0.78600 1.22787
0.78600 1.22643
0.78601 1.22500
0.78602 1.22356
0.78603 1.22212
0.78604 1.22068
0.78604 1.21924
0.78605 1.21780
0.78606 1.21636
0.78607 1.21491
0.78608 1.21347
0.78608 1.21204
0.78609 1.21061
0.78610 1.20918
0.78611 1.20777
0.78612 1.20636
0.78612 1.20495
0.78613 1.20355
0.78614 1.20214
0.78615 1.20073
0.78616 1.19933
0.78616 1.19792
0.78617 1.19650
0.78618 1.19508
0.78619 1.19366
0.78620 1.19223
0.78620 1.19080
0.78621 1.18937
0.78622 1.18793
0.78623 1.18650
0.78624 1.18506
0.78624 1.18362
0.78625 1.18217
0.78626 1.18072
0.78627 1.17926
0.78628 1.17781
0.78628 1.17635
0.78629 1.17488
0.78630 1.17341
0.78631 1.17193
0.78632 1.17044
0.78632 1.16894
0.78633 1.16743
0.78634 1.16592
0.78635 1.16440
0.78636 1.16286
0.78636 1.16132
0.78637 1.15976
0.78638 1.15819
0.78639 1.15661
0.78640 1.15500
0.78640 1.15339
0.78641 1.15175
0.78642 1.15011
0.78643 1.14844
0.78644 1.14676
0.78644 1.14506
0.78645 1.14335
0.78646 1.14162
0.78647 1.13987
0.78648 1.13810
0.78648 1.13631
0.78649 1.13449
0.78650 1.13265
0.78651 1.13077
0.78652 1.12887
0.78652 1.12692
0.78653 1.12493
0.78654 1.12290
0.78655 1.12083
0.78656 1.11871
0.78656 1.11655
0.78657 1.11434
0.78658 1.11208
0.78659 1.10977
0.78660 1.10741
0.78660 1.10500
0.78661 1.10253
0.78662 1.10001
0.78663 1.09743
0.78664 1.09479
0.78664 1.09209
0.78665 1.08935
0.78666 1.08654
0.78667 1.08369
0.78668 1.08079
0.78668 1.07783
0.78669 1.07482
0.78670 1.07175
0.78671 1.06861
0.78672 1.06542
0.78672 1.06216
0.78673 1.05884
0.78674 1.05546
0.78675 1.05202
0.78676 1.04852
0.78676 1.04496
0.78677 1.04133
0.78678 1.03763
0.78679 1.03387
0.78680 1.03004
0.78680 1.02615
0.78681 1.02220
0.78682 1.01820
0.78683 1.01413
0.78684 1.01000
0.78684 1.00580
0.78685 1.00154
0.78686 0.99722
0.78687 0.99283
0.78688 0.98837
0.78688 0.98385
0.78689 0.97926
0.78690 0.97460
0.78691 0.96987
0.78692 0.96508
0.78692 0.96021
0.78693 0.95527
0.78694 0.95027
0.78695 0.94519
0.78696 0.94004
0.78696 0.93482
0.78697 0.92953
0.78698 0.92417
0.78699 0.91874
0.78700 0.91325
0.78700 0.90769
0.78701 0.90207
0.78702 0.89639
0.78703 0.89065
0.78704 0.88485
0.78704 0.87899
0.78705 0.87307
0.78706 0.86711
0.78707 0.86109
0.78708 0.85503
0.78708 0.84891
0.78709 0.84274
0.78710 0.83653
0.78711 0.83027
0.78712 0.82396
0.78712 0.81760
0.78713 0.81120
0.78714 0.80476
0.78715 0.79827
0.78716 0.79174
0.78716 0.78517
0.78717 0.77855
0.78718 0.77188
0.78719 0.76517
0.78720 0.75842
0.78720 0.75163
0.78721 0.74479
0.78722 0.73792
0.78723 0.73100
0.78724 0.72405
0.78724 0.71706
0.78725 0.71002
0.78726 0.70295
0.78727 0.69583
0.78728 0.68868
0.78728 0.68149
0.78729 0.67426
0.78730 0.66699
0.78731 0.65969
0.78732 0.65234
0.78732 0.64495
0.78733 0.63752
0.78734 0.63005
0.78735 0.62255
0.78736 0.61501
0.78736 0.60743
0.78737 0.59982
0.78738 0.59218
0.78739 0.58450
0.78740 0.57680
0.78740 0.56906
0.78741 0.56130
0.78742 0.55351
0.78743 0.54569
0.78744 0.53784
0.78744 0.52997
0.78745 0.52207
0.78746 0.51415
0.78747 0.50620
0.78748 0.49824
0.78748 0.49025
0.78749 0.48223
0.78750 0.47419
0.78751 0.46612
0.78752 0.45803
0.78752 0.44991
0.78753 0.44176
0.78754 0.43359
0.78755 0.42538
0.78756 0.41714
0.78756 0.40888
0.78757 0.40057
0.78758 0.39223
0.78759 0.38386
0.78760 0.37545
0.78760 0.36701
0.78761 0.35854
0.78762 0.35003
0.78763 0.34149
0.78764 0.33292
0.78764 0.32430
0.78765 0.31566
0.78766 0.30697
0.78767 0.29825
0.78768 0.28950
0.78768 0.28072
0.78769 0.27190
0.78770 0.26306
0.78771 0.25418
0.78772 0.24527
0.78772 0.23632
0.78773 0.22735
0.78774 0.21835
0.78775 0.20931
0.78776 0.20025
0.78776 0.19115
0.78777 0.18202
0.78778 0.17287
0.78779 0.16369
0.78780 0.15448
0.78780 0.14525
0.78781 0.13600
0.78782 0.12672
0.78783 0.11743
0.78784 0.10812
0.78784 0.09879
0.78785 0.08945
0.78786 0.08009
0.78787 0.07071
0.78788 0.06132
0.78788 0.05191
0.78789 0.04248
0.78790 0.03304
0.78791 0.02359
0.78792 0.01413
0.78792 0.00466
0.78793 -0.00483
0.78794 -0.01433
0.78795 -0.02383
0.78796 -0.03335
0.78796 -0.04287
0.78797 -0.05240
0.78798 -0.06193
0.78799 -0.07147
0.78800 -0.08101
0.78800 -0.09055
0.78801 -0.10008
0.78802 -0.10962
0.78803 -0.11914
0.78804 -0.12867
0.78804 -0.13818
0.78805 -0.14768
0.78806 -0.15717
0.78807 -0.16665
0.78808 -0.17610
0.78808 -0.18553
0.78809 -0.19494
0.78810 -0.20432
0.78811 -0.21368
0.78812 -0.22300
0.78812 -0.23229
0.78813 -0.24155
0.78814 -0.25077
0.78815 -0.25995
0.78816 -0.26908
0.78816 -0.27817
0.78817 -0.28722
0.78818 -0.29621
0.78819 -0.30517
0.78820 -0.31408
0.78820 -0.32294
0.78821 -0.33175
0.78822 -0.34051
0.78823 -0.34922
0.78824 -0.35787
0.78824 -0.36647
0.78825 -0.37501
0.78826 -0.38349
0.78827 -0.39191
0.78828 -0.40026
0.78828 -0.40854
0.78829 -0.41676
0.78830 -0.42491
0.78831 -0.43299
0.78832 -0.44100
0.78832 -0.44895
0.78833 -0.45683
0.78834 -0.46464
0.78835 -0.47238
0.78836 -0.48006
0.78836 -0.48766
0.78837 -0.49518
0.78838 -0.50262
0.78839 -0.50998
0.78840 -0.51725
0.78840 -0.52444
0.78841 -0.53155
0.78842 -0.53856
0.78843 -0.54549
0.78844 -0.55231
0.78844 -0.55904
0.78845 -0.56567
0.78846 -0.57219
0.78847 -0.57862
0.78848 -0.58495
0.78848 -0.59118
0.78849 -0.59731
0.78850 -0.60333
0.78851 -0.60925
0.78852 -0.61507
0.78852 -0.62078
0.78853 -0.62639
0.78854 -0.63188
0.78855 -0.63727
0.78856 -0.64254
0.78856 -0.64770
0.78857 -0.65275
0.78858 -0.65768
0.78859 -0.66250
0.78860 -0.66722
0.78860 -0.67181
0.78861 -0.67630
0.78862 -0.68068
0.78863 -0.68495
0.78864 -0.68912
0.78864 -0.69318
0.78865 -0.69713
0.78866 -0.70097
0.78867 -0.70470
0.78868 -0.70832
0.78868 -0.71183
0.78869 -0.71523
0.78870 -0.71851
0.78871 -0.72169
0.78872 -0.72476
0.78872 -0.72772
0.78873 -0.73057
0.78874 -0.73330
0.78875 -0.73593
0.78876 -0.73844
0.78876 -0.74084
0.78877 -0.74314
0.78878 -0.74533
0.78879 -0.74742
0.78880 -0.74940
0.78880 -0.75128
0.78881 -0.75305
0.78882 -0.75471
0.78883 -0.75626
0.78884 -0.75770
0.78884 -0.75903
0.78885 -0.76025
0.78886 -0.76136
0.78887 -0.76236
0.78888 -0.76327
0.78888 -0.76407
0.78889 -0.76477
0.78890 -0.76538
0.78891 -0.76589
0.78892 -0.76631
0.78892 -0.76664
0.78893 -0.76689
0.78894 -0.76706
0.78895 -0.76715
0.78896 -0.76715
0.78896 -0.76709
0.78897 -0.76694
0.78898 -0.76673
0.78899 -0.76644
0.78900 -0.76608
0.78900 -0.76565
0.78901 -0.76514
0.78902 -0.76457
0.78903 -0.76394
0.78904 -0.76323
0.78904 -0.76247
0.78905 -0.76165
0.78906 -0.76078
0.78907 -0.75985
0.78908 -0.75888
0.78908 -0.75785
0.78909 -0.75678
0.78910 -0.75567
0.78911 -0.75452
0.78912 -0.75334
0.78912 -0.75211
0.78913 -0.75085
0.78914 -0.74957
0.78915 -0.74825
0.78916 -0.74691
0.78916 -0.74553
0.78917 -0.74413
0.78918 -0.74271
0.78919 -0.74126
0.78920 -0.73979
0.78920 -0.73830
0.78921 -0.73679
0.78922 -0.73525
0.78923 -0.73369
0.78924 -0.73211
0.78924 -0.73052
0.78925 -0.72892
0.78926 -0.72731
0.78927 -0.72569
0.78928 -0.72406
0.78928 -0.72243
0.78929 -0.72081
0.78930 -0.71918
0.78931 -0.71755
0.78932 -0.71593
0.78932 -0.71432
0.78933 -0.71272
0.78934 -0.71113
0.78935 -0.70956
0.78936 -0.70801
0.78936 -0.70647
0.78937 -0.70494
0.78938 -0.70344
0.78939 -0.70196
0.78940 -0.70050
0.78940 -0.69905
0.78941 -0.69763
0.78942 -0.69623
0.78943 -0.69484
0.78944 -0.69347
0.78944 -0.69211
0.78945 -0.69077
0.78946 -0.68946
0.78947 -0.68816
0.78948 -0.68688
0.78948 -0.68562
0.78949 -0.68439
0.78950 -0.68317
0.78951 -0.68197
0.78952 -0.68079
0.78952 -0.67963
0.78953 -0.67848
0.78954 -0.67735
0.78955 -0.67624
0.78956 -0.67513
0.78956 -0.67404
0.78957 -0.67295
0.78958 -0.67186
0.78959 -0.67077
0.78960 -0.66968
0.78960 -0.66858
0.78961 -0.66748
0.78962 -0.66635
0.78963 -0.66521
0.78964 -0.66404
0.78964 -0.66285
0.78965 -0.66163
0.78966 -0.66039
0.78967 -0.65913
0.78968 -0.65785
0.78968 -0.65655
0.78969 -0.65522
0.78970 -0.65387
0.78971 -0.65250
0.78972 -0.65110
0.78972 -0.64967
0.78973 -0.64822
0.78974 -0.64673
0.78975 -0.64520
0.78976 -0.64364
0.78976 -0.64203
0.78977 -0.64038
0.78978 -0.63868
0.78979 -0.63693
0.78980 -0.63511
0.78980 -0.63324
0.78981 -0.63131
0.78982 -0.62932
0.78983 -0.62726
0.78984 -0.62514
0.78984 -0.62295
0.78985 -0.62069
0.78986 -0.61836
0.78987 -0.61597
0.78988 -0.61349
0.78988 -0.61095
0.78989 -0.60832
0.78990 -0.60560
0.78991 -0.60281
0.78992 -0.59993
0.78992 -0.59696
0.78993 -0.59392
0.78994 -0.59078
0.78995 -0.58757
0.78996 -0.58426
0.78996 -0.58086
0.78997 -0.57737
0.78998 -0.57378
0.78999 -0.57010
0.79000 -0.56632
0.79000 -0.56244
0.79001 -0.55847
0.79002 -0.55441
0.79003 -0.55025
0.79004 -0.54598
0.79004 -0.54162
0.79005 -0.53716
0.79006 -0.53261
0.79007 -0.52796
0.79008 -0.52323
0.79008 -0.51840
0.79009 -0.51348
0.79010 -0.50847
0.79011 -0.50337
0.79012 -0.49818
0.79012 -0.49292
0.79013 -0.48758
0.79014 -0.48217
0.79015 -0.47668
0.79016 -0.47111
0.79016 -0.46547
0.79017 -0.45974
0.79018 -0.45393
0.79019 -0.44804
0.79020 -0.44206
0.79020 -0.43600
0.79021 -0.42986
0.79022 -0.42364
0.79023 -0.41733
0.79024 -0.41094
0.79024 -0.40448
0.79025 -0.39794
0.79026 -0.39133
0.79027 -0.38466
0.79028 -0.37791
0.79028 -0.37110
0.79029 -0.36422
0.79030 -0.35728
0.79031 -0.35028
0.79032 -0.34322
0.79032 -0.33610
0.79033 -0.32892
0.79034 -0.32169
0.79035 -0.31441
0.79036 -0.30709
0.79036 -0.29972
0.79037 -0.29230
0.79038 -0.28485
0.79039 -0.27736
0.79040 -0.26983
0.79040 -0.26228
0.79041 -0.25471
0.79042 -0.24711
0.79043 -0.23949
0.79044 -0.23184
0.79044 -0.22417
0.79045 -0.21649
0.79046 -0.20879
0.79047 -0.20108
0.79048 -0.19336
0.79048 -0.18563
0.79049 -0.17791
0.79050 -0.17018
0.79051 -0.16246
0.79052 -0.15475
0.79052 -0.14704
0.79053 -0.13936
0.79054 -0.13169
0.79055 -0.12405
0.79056 -0.11643
0.79056 -0.10885
0.79057 -0.10130
0.79058 -0.09379
0.79059 -0.08632
0.79060 -0.07890
0.79060 -0.07154
0.79061 -0.06423
0.79062 -0.05697
0.79063 -0.04977
0.79064 -0.04264
0.79064 -0.03556
0.79065 -0.02856
0.79066 -0.02163
0.79067 -0.01477
0.79068 -0.00800
0.79068 -0.00132
0.79069 0.00527
0.79070 0.01176
0.79071 0.01815
0.79072 0.02444
0.79072 0.03061
0.79073 0.03668
0.79074 0.04262
0.79075 0.04845
0.79076 0.05416
0.79076 0.05974
0.79077 0.06520
0.79078 0.07053
0.79079 0.07573
0.79080 0.08080
0.79080 0.08574
0.79081 0.09053
0.79082 0.09519
0.79083 0.09972
0.79084 0.10410
0.79084 0.10836
0.79085 0.11247
0.79086 0.11646
0.79087 0.12031
0.79088 0.12402
0.79088 0.12760
0.79089 0.13105
0.79090 0.13435
0.79091 0.13753
0.79092 0.14056
0.79092 0.14346
0.79093 0.14622
0.79094 0.14884
0.79095 0.15131
0.79096 0.15364
0.79096 0.15584
0.79097 0.15789
0.79098 0.15980
0.79099 0.16156
0.79100 0.16319
0.79100 0.16468
0.79101 0.16604
0.79102 0.16726
0.79103 0.16835
0.79104 0.16932
0.79104 0.17016
0.79105 0.17088
0.79106 0.17148
0.79107 0.17197
0.79108 0.17234
0.79108 0.17261
0.79109 0.17277
0.79110 0.17284
0.79111 0.17282
0.79112 0.17270
0.79112 0.17250
0.79113 0.17220
0.79114 0.17181
0.79115 0.17134
0.79116 0.17079
0.79116 0.17017
0.79117 0.16946
0.79118 0.16868
0.79119 0.16784
0.79120 0.16694
0.79120 0.16597
0.79121 0.16494
0.79122 0.16386
0.79123 0.16273
0.79124 0.16156
0.79124 0.16034
0.79125 0.15909
0.79126 0.15779
0.79127 0.15647
0.79128 0.15512
0.79128 0.15374
0.79129 0.15234
0.79130 0.15092
0.79131 0.14948
0.79132 0.14802
0.79132 0.14654
0.79133 0.14505
0.79134 0.14355
0.79135 0.14203
0.79136 0.14049
0.79136 0.13894
0.79137 0.13737
0.79138 0.13578
0.79139 0.13418
0.79140 0.13257
0.79140 0.13095
0.79141 0.12933
0.79142 0.12769
0.79143 0.12605
0.79144 0.12441
0.79144 0.12276
0.79145 0.12111
0.79146 0.11946
0.79147 0.11781
0.79148 0.11617
0.79148 0.11454
0.79149 0.11292
0.79150 0.11131
0.79151 0.10970
0.79152 0.10811
0.79152 0.10652
0.79153 0.10494
0.79154 0.10336
0.79155 0.10179
0.79156 0.10023
0.79156 0.09867
0.79157 0.09712
0.79158 0.09557
0.79159 0.09403
0.79160 0.09248
0.79160 0.09093
0.79161 0.08938
0.79162 0.08783
0.79163 0.08629
0.79164 0.08474
0.79164 0.08320
0.79165 0.08165
0.79166 0.08011
0.79167 0.07857
0.79168 0.07703
0.79168 0.07550
0.79169 0.07398
0.79170 0.07246
0.79171 0.07094
0.79172 0.06943
0.79172 0.06792
0.79173 0.06641
0.79174 0.06490
0.79175 0.06340
0.79176 0.06188
0.79176 0.06036
0.79177 0.05883
0.79178 0.05729
0.79179 0.05574
0.79180 0.05417
0.79180 0.05258
0.79181 0.05097
0.79182 0.04934
0.79183 0.04770
0.79184 0.04603
0.79184 0.04435
0.79185 0.04265
0.79186 0.04093
0.79187 0.03919
0.79188 0.03743
0.79188 0.03566
0.79189 0.03388
0.79190 0.03207
0.79191 0.03025
0.79192 0.02842
0.79192 0.02657
0.79193 0.02471
0.79194 0.02283
0.79195 0.02094
0.79196 0.01903
0.79196 0.01711
0.79197 0.01516
0.79198 0.01319
0.79199 0.01119
0.79200 0.00916
0.79200 0.00710
0.79201 0.00502
0.79202 0.00291
0.79203 0.00077
0.79204 -0.00140
0.79204 -0.00359
0.79205 -0.00582
0.79206 -0.00808
0.79207 -0.01037
0.79208 -0.01269
0.79208 -0.01504
0.79209 -0.01741
0.79210 -0.01980
0.79211 -0.02222
0.79212 -0.02467
0.79212 -0.02714
0.79213 -0.02965
0.79214 -0.03218
0.79215 -0.03473
0.79216 -0.03731
0.79216 -0.03992
0.79217 -0.04255
0.79218 -0.04522
0.79219 -0.04792
0.79220 -0.05066
0.79220 -0.05344
0.79221 -0.05625
0.79222 -0.05909
0.79223 -0.06197
0.79224 -0.06488
0.79224 -0.06784
0.79225 -0.07083
0.79226 -0.07386
0.79227 -0.07693
0.79228 -0.08002
0.79228 -0.08314
0.79229 -0.08629
0.79230 -0.08946
0.79231 -0.09266
0.79232 -0.09588
0.79232 -0.09912
0.79233 -0.10239
0.79234 -0.10568
0.79235 -0.10899
0.79236 -0.11232
0.79236 -0.11566
0.79237 -0.11903
0.79238 -0.12242
0.79239 -0.12583
0.79240 -0.12926
0.79240 -0.13271
0.79241 -0.13619
0.79242 -0.13969
0.79243 -0.14322
0.79244 -0.14677
0.79244 -0.15035
0.79245 -0.15395
0.79246 -0.15758
0.79247 -0.16123
0.79248 -0.16489
0.79248 -0.16857
0.79249 -0.17227
0.79250 -0.17597
0.79251 -0.17968
0.79252 -0.18340
0.79252 -0.18714
0.79253 -0.19088
0.79254 -0.19463
0.79255 -0.19839
0.79256 -0.20216
0.79256 -0.20593
0.79257 -0.20972
0.79258 -0.21352
0.79259 -0.21733
0.79260 -0.22116
0.79260 -0.22501
0.79261 -0.22887
0.79262 -0.23275
0.79263 -0.23665
0.79264 -0.24057
0.79264 -0.24451
0.79265 -0.24847
0.79266 -0.25245
0.79267 -0.25644
0.79268 -0.26046
0.79268 -0.26449
0.79269 -0.26854
0.79270 -0.27261
0.79271 -0.27669
0.79272 -0.28080
0.79272 -0.28492
0.79273 -0.28907
0.79274 -0.29323
0.79275 -0.29742
0.79276 -0.30163
0.79276 -0.30585
0.79277 -0.31010
0.79278 -0.31437
0.79279 -0.31867
0.79280 -0.32300
0.79280 -0.32736
0.79281 -0.33174
0.79282 -0.33616
0.79283 -0.34061
0.79284 -0.34509
0.79284 -0.34961
0.79285 -0.35417
0.79286 -0.35876
0.79287 -0.36338
0.79288 -0.36805
0.79288 -0.37275
0.79289 -0.37749
0.79290 -0.38227
0.79291 -0.38708
0.79292 -0.39193
0.79292 -0.39682
0.79293 -0.40174
0.79294 -0.40670
0.79295 -0.41169
0.79296 -0.41673
0.79296 -0.42180
0.79297 -0.42692
0.79298 -0.43208
0.79299 -0.43728
0.79300 -0.44254
0.79300 -0.44785
0.79301 -0.45323
0.79302 -0.45865
0.79303 -0.46413
0.79304 -0.46966
0.79304 -0.47525
0.79305 -0.48090
0.79306 -0.48660
0.79307 -0.49236
0.79308 -0.49817
0.79308 -0.50404
0.79309 -0.50996
0.79310 -0.51593
0.79311 -0.52195
0.79312 -0.52803
0.79312 -0.53416
0.79313 -0.54034
0.79314 -0.54658
0.79315 -0.55288
0.79316 -0.55923
0.79316 -0.56564
0.79317 -0.57210
0.79318 -0.57863
0.79319 -0.58522
0.79320 -0.59187
0.79320 -0.59857
0.79321 -0.60533
0.79322 -0.61215
0.79323 -0.61902
0.79324 -0.62595
0.79324 -0.63292
0.79325 -0.63995
0.79326 -0.64702
0.79327 -0.65416
0.79328 -0.66134
0.79328 -0.66857
0.79329 -0.67586
0.79330 -0.68319
0.79331 -0.69058
0.79332 -0.69800
0.79332 -0.70547
0.79333 -0.71299
0.79334 -0.72055
0.79335 -0.72816
0.79336 -0.73581
0.79336 -0.74350
0.79337 -0.75124
0.79338 -0.75903
0.79339 -0.76685
0.79340 -0.77472
0.79340 -0.78263
0.79341 -0.79059
0.79342 -0.79859
0.79343 -0.80663
0.79344 -0.81471
0.79344 -0.82283
0.79345 -0.83099
0.79346 -0.83918
0.79347 -0.84740
0.79348 -0.85564
0.79348 -0.86392
0.79349 -0.87222
0.79350 -0.88054
0.79351 -0.88887
0.79352 -0.89720
0.79352 -0.90554
0.79353 -0.91389
0.79354 -0.92224
0.79355 -0.93060
0.79356 -0.93896
0.79356 -0.94731
0.79357 -0.95566
0.79358 -0.96400
0.79359 -0.97233
0.79360 -0.98066
0.79360 -0.98897
0.79361 -0.99728
0.79362 -1.00556
0.79363 -1.01382
0.79364 -1.02206
0.79364 -1.03027
0.79365 -1.03845
0.79366 -1.04659
0.79367 -1.05470
0.79368 -1.06276
0.79368 -1.07079
0.79369 -1.07876
0.79370 -1.08668
0.79371 -1.09454
0.79372 -1.10235
0.79372 -1.11009
0.79373 -1.11777
0.79374 -1.12538
0.79375 -1.13293
0.79376 -1.14041
0.79376 -1.14781
0.79377 -1.15514
0.79378 -1.16239
0.79379 -1.16955
0.79380 -1.17662
0.79380 -1.18360
0.79381 -1.19049
0.79382 -1.19729
0.79383 -1.20399
0.79384 -1.21059
0.79384 -1.21709
0.79385 -1.22348
0.79386 -1.22976
0.79387 -1.23592
0.79388 -1.24197
0.79388 -1.24790
0.79389 -1.25371
0.79390 -1.25940
0.79391 -1.26497
0.79392 -1.27040
0.79392 -1.27570
0.79393 -1.28087
0.79394 -1.28590
0.79395 -1.29080
0.79396 -1.29557
0.79396 -1.30021
0.79397 -1.30470
0.79398 -1.30906
0.79399 -1.31328
0.79400 -1.31736
0.79400 -1.32131
0.79401 -1.32511
0.79402 -1.32877
0.79403 -1.33230
0.79404 -1.33568
0.79404 -1.33893
0.79405 -1.34203
0.79406 -1.34499
0.79407 -1.34781
0.79408 -1.35048
0.79408 -1.35302
0.79409 -1.35541
0.79410 -1.35765
0.79411 -1.35975
0.79412 -1.36170
0.79412 -1.36350
0.79413 -1.36516
0.79414 -1.36668
0.79415 -1.36806
0.79416 -1.36929
0.79416 -1.37038
0.79417 -1.37133
0.79418 -1.37214
0.79419 -1.37280
0.79420 -1.37333
0.79420 -1.37372
0.79421 -1.37398
0.79422 -1.37410
0.79423 -1.37410
0.79424 -1.37398
0.79424 -1.37372
0.79425 -1.37334
0.79426 -1.37283
0.79427 -1.37219
0.79428 -1.37143
0.79428 -1.37054
0.79429 -1.36953
0.79430 -1.36840
0.79431 -1.36715
0.79432 -1.36580
0.79432 -1.36432
0.79433 -1.36274
0.79434 -1.36104
0.79435 -1.35924
0.79436 -1.35732
0.79436 -1.35530
0.79437 -1.35316
0.79438 -1.35092
0.79439 -1.34857
0.79440 -1.34611
0.79440 -1.34354
0.79441 -1.34087
0.79442 -1.33809
0.79443 -1.33522
0.79444 -1.33224
0.79444 -1.32915
0.79445 -1.32596
0.79446 -1.32268
0.79447 -1.31930
0.79448 -1.31583
0.79448 -1.31226
0.79449 -1.30860
0.79450 -1.30485
0.79451 -1.30102
0.79452 -1.29710
0.79452 -1.29311
0.79453 -1.28904
0.79454 -1.28490
0.79455 -1.28068
0.79456 -1.27639
0.79456 -1.27203
0.79457 -1.26759
0.79458 -1.26308
0.79459 -1.25851
0.79460 -1.25386
0.79460 -1.24916
0.79461 -1.24440
0.79462 -1.23958
0.79463 -1.23470
0.79464 -1.22977
0.79464 -1.22478
0.79465 -1.21973
0.79466 -1.21463
0.79467 -1.20948
0.79468 -1.20428
0.79468 -1.19904
0.79469 -1.19375
0.79470 -1.18842
0.79471 -1.18305
0.79472 -1.17763
0.79472 -1.17218
0.79473 -1.16668
0.79474 -1.16115
0.79475 -1.15558
0.79476 -1.14998
0.79476 -1.14435
0.79477 -1.13869
0.79478 -1.13300
0.79479 -1.12729
0.79480 -1.12155
0.79480 -1.11580
0.79481 -1.11002
0.79482 -1.10422
0.79483 -1.09841
0.79484 -1.09257
0.79484 -1.08672
0.79485 -1.08086
0.79486 -1.07498
0.79487 -1.06911
0.79488 -1.06323
0.79488 -1.05735
0.79489 -1.05147
0.79490 -1.04560
0.79491 -1.03973
0.79492 -1.03387
0.79492 -1.02802
0.79493 -1.02218
0.79494 -1.01635
0.79495 -1.01053
0.79496 -1.00472
0.79496 -0.99892
0.79497 -0.99312
0.79498 -0.98733
0.79499 -0.98154
0.79500 -0.97577
0.79500 -0.96999
0.79501 -0.96422
0.79502 -0.95846
0.79503 -0.95269
0.79504 -0.94692
0.79504 -0.94114
0.79505 -0.93536
0.79506 -0.92958
0.79507 -0.92381
0.79508 -0.91803
0.79508 -0.91226
0.79509 -0.90649
0.79510 -0.90071
0.79511 -0.89494
0.79512 -0.88917
0.79512 -0.88340
0.79513 -0.87762
0.79514 -0.87184
0.79515 -0.86606
0.79516 -0.86027
0.79516 -0.85447
0.79517 -0.84866
0.79518 -0.84284
0.79519 -0.83700
0.79520 -0.83114
0.79520 -0.82528
0.79521 -0.81939
0.79522 -0.81349
0.79523 -0.80756
0.79524 -0.80161
0.79524 -0.79564
0.79525 -0.78964
0.79526 -0.78361
0.79527 -0.77755
0.79528 -0.77146
0.79528 -0.76533
0.79529 -0.75917
0.79530 -0.75296
0.79531 -0.74672
0.79532 -0.74043
0.79532 -0.73410
0.79533 -0.72772
0.79534 -0.72129
0.79535 -0.71481
0.79536 -0.70826
0.79536 -0.70166
0.79537 -0.69499
0.79538 -0.68826
0.79539 -0.68146
0.79540 -0.67458
0.79540 -0.66764
0.79541 -0.66062
0.79542 -0.65352
0.79543 -0.64635
0.79544 -0.63911
0.79544 -0.63178
0.79545 -0.62438
0.79546 -0.61690
0.79547 -0.60934
0.79548 -0.60170
0.79548 -0.59399
0.79549 -0.58620
0.79550 -0.57833
0.79551 -0.57038
0.79552 -0.56235
0.79552 -0.55424
0.79553 -0.54606
0.79554 -0.53780
0.79555 -0.52945
0.79556 -0.52103
0.79556 -0.51252
0.79557 -0.50393
0.79558 -0.49526
0.79559 -0.48650
0.79560 -0.47765
0.79560 -0.46872
0.79561 -0.45970
0.79562 -0.45060
0.79563 -0.44140
0.79564 -0.43213
0.79564 -0.42277
0.79565 -0.41332
0.79566 -0.40380
0.79567 -0.39420
0.79568 -0.38452
0.79568 -0.37477
0.79569 -0.36494
0.79570 -0.35504
0.79571 -0.34507
0.79572 -0.33503
0.79572 -0.32491
0.79573 -0.31473
0.79574 -0.30448
0.79575 -0.29416
0.79576 -0.28378
0.79576 -0.27334
0.79577 -0.26284
0.79578 -0.25227
0.79579 -0.24165
0.79580 -0.23097
0.79580 -0.22025
0.79581 -0.20946
0.79582 -0.19864
0.79583 -0.18776
0.79584 -0.17685
0.79584 -0.16589
0.79585 -0.15490
0.79586 -0.14388
0.79587 -0.13283
0.79588 -0.12176
0.79588 -0.11066
0.79589 -0.09954
0.79590 -0.08840
0.79591 -0.07725
0.79592 -0.06609
0.79592 -0.05491
0.79593 -0.04373
0.79594 -0.03255
0.79595 -0.02136
0.79596 -0.01017
0.79596 0.00101
0.79597 0.01218
0.79598 0.02335
0.79599 0.03451
0.79600 0.04566
0.79600 0.05679
0.79601 0.06791
0.79602 0.07900
0.79603 0.09007
0.79604 0.10111
0.79604 0.11212
0.79605 0.12309
0.79606 0.13403
0.79607 0.14492
0.79608 0.15576
0.79608 0.16656
0.79609 0.17730
0.79610 0.18799
0.79611 0.19861
0.79612 0.20918
0.79612 0.21968
0.79613 0.23012
0.79614 0.24049
0.79615 0.25079
0.79616 0.26102
0.79616 0.27117
0.79617 0.28125
0.79618 0.29125
0.79619 0.30118
0.79620 0.31102
0.79620 0.32078
0.79621 0.33045
0.79622 0.34002
0.79623 0.34951
0.79624 0.35890
0.79624 0.36819
0.79625 0.37738
0.79626 0.38647
0.79627 0.39545
0.79628 0.40433
0.79628 0.41309
0.79629 0.42173
0.79630 0.43025
0.79631 0.43866
0.79632 0.44695
0.79632 0.45512
0.79633 0.46317
0.79634 0.47110
0.79635 0.47891
0.79636 0.48660
0.79636 0.49416
0.79637 0.50161
0.79638 0.50893
0.79639 0.51613
0.79640 0.52321
0.79640 0.53016
0.79641 0.53700
0.79642 0.54370
0.79643 0.55028
0.79644 0.55674
0.79644 0.56307
0.79645 0.56927
0.79646 0.57534
0.79647 0.58129
0.79648 0.58711
0.79648 0.59280
0.79649 0.59837
0.79650 0.60380
0.79651 0.60911
0.79652 0.61430
0.79652 0.61936
0.79653 0.62429
0.79654 0.62910
0.79655 0.63379
0.79656 0.63837
0.79656 0.64283
0.79657 0.64718
0.79658 0.65142
0.79659 0.65554
0.79660 0.65955
0.79660 0.66346
0.79661 0.66726
0.79662 0.67095
0.79663 0.67453
0.79664 0.67800
0.79664 0.68137
0.79665 0.68463
0.79666 0.68779
0.79667 0.69084
0.79668 0.69379
0.79668 0.69663
0.79669 0.69937
0.79670 0.70201
0.79671 0.70455
0.79672 0.70700
0.79672 0.70936
0.79673 0.71162
0.79674 0.71380
0.79675 0.71588
0.79676 0.71787
0.79676 0.71978
0.79677 0.72162
0.79678 0.72338
0.79679 0.72507
0.79680 0.72671
0.79680 0.72827
0.79681 0.72978
0.79682 0.73122
0.79683 0.73260
0.79684 0.73392
0.79684 0.73517
0.79685 0.73636
0.79686 0.73749
0.79687 0.73856
0.79688 0.73958
0.79688 0.74055
0.79689 0.74146
0.79690 0.74231
0.79691 0.74311
0.79692 0.74386
0.79692 0.74455
0.79693 0.74521
0.79694 0.74582
0.79695 0.74640
0.79696 0.74694
0.79696 0.74744
0.79697 0.74791
0.79698 0.74835
0.79699 0.74876
0.79700 0.74914
0.79700 0.74949
0.79701 0.74981
0.79702 0.75010
0.79703 0.75037
0.79704 0.75061
0.79704 0.75082
0.79705 0.75100
0.79706 0.75116
0.79707 0.75128
0.79708 0.75137
0.79708 0.75143
0.79709 0.75146
0.79710 0.75147
0.79711 0.75146
0.79712 0.75142
0.79712 0.75136
0.79713 0.75127
0.79714 0.75117
0.79715 0.75104
0.79716 0.75091
0.79716 0.75075
0.79717 0.75059
0.79718 0.75042
0.79719 0.75023
0.79720 0.75004
0.79720 0.74984
0.79721 0.74963
0.79722 0.74941
0.79723 0.74919
0.79724 0.74897
0.79724 0.74874
0.79725 0.74852
0.79726 0.74830
0.79727 0.74807
0.79728 0.74784
0.79728 0.74760
0.79729 0.74735
0.79730 0.74709
0.79731 0.74682
0.79732 0.74655
0.79732 0.74627
0.79733 0.74598
0.79734 0.74569
0.79735 0.74539
0.79736 0.74509
0.79736 0.74479
0.79737 0.74448
0.79738 0.74416
0.79739 0.74383
0.79740 0.74351
0.79740 0.74318
0.79741 0.74284
0.79742 0.74251
0.79743 0.74216
0.79744 0.74180
0.79744 0.74143
0.79745 0.74103
0.79746 0.74062
0.79747 0.74018
0.79748 0.73972
0.79748 0.73925
0.79749 0.73875
0.79750 0.73824
0.79751 0.73770
0.79752 0.73714
0.79752 0.73656
0.79753 0.73596
0.79754 0.73534
0.79755 0.73471
0.79756 0.73406
0.79756 0.73339
0.79757 0.73270
0.79758 0.73201
0.79759 0.73129
0.79760 0.73056
0.79760 0.72981
0.79761 0.72903
0.79762 0.72824
0.79763 0.72743
0.79764 0.72660
0.79764 0.72574
0.79765 0.72485
0.79766 0.72394
0.79767 0.72299
0.79768 0.72201
0.79768 0.72100
0.79769 0.71996
0.79770 0.71889
0.79771 0.71778
0.79772 0.71665
0.79772 0.71547
0.79773 0.71425
0.79774 0.71299
0.79775 0.71168
0.79776 0.71034
0.79776 0.70894
0.79777 0.70750
0.79778 0.70601
0.79779 0.70448
0.79780 0.70290
0.79780 0.70127
0.79781 0.69959
0.79782 0.69785
0.79783 0.69607
0.79784 0.69424
0.79784 0.69235
0.79785 0.69041
0.79786 0.68842
0.79787 0.68637
0.79788 0.68427
0.79788 0.68212
0.79789 0.67991
0.79790 0.67764
0.79791 0.67531
0.79792 0.67293
0.79792 0.67049
0.79793 0.66799
0.79794 0.66544
0.79795 0.66283
0.79796 0.66017
0.79796 0.65746
0.79797 0.65470
0.79798 0.65189
0.79799 0.64901
0.79800 0.64609
0.79800 0.64310
0.79801 0.64007
0.79802 0.63698
0.79803 0.63383
0.79804 0.63062
0.79804 0.62736
0.79805 0.62405
0.79806 0.62067
0.79807 0.61725
0.79808 0.61376
0.79808 0.61021
0.79809 0.60661
0.79810 0.60295
0.79811 0.59924
0.79812 0.59548
0.79812 0.59167
0.79813 0.58781
0.79814 0.58390
0.79815 0.57994
0.79816 0.57593
0.79816 0.57189
0.79817 0.56781
0.79818 0.56368
0.79819 0.55952
0.79820 0.55530
0.79820 0.55105
0.79821 0.54675
0.79822 0.54241
0.79823 0.53803
0.79824 0.53361
0.79824 0.52915
0.79825 0.52465
0.79826 0.52011
0.79827 0.51554
0.79828 0.51093
0.79828 0.50628
0.79829 0.50160
0.79830 0.49689
0.79831 0.49216
0.79832 0.48739
0.79832 0.48260
0.79833 0.47777
0.79834 0.47292
0.79835 0.46803
0.79836 0.46312
0.79836 0.45818
0.79837 0.45322
0.79838 0.44824
0.79839 0.44322
0.79840 0.43819
0.79840 0.43314
0.79841 0.42806
0.79842 0.42295
0.79843 0.41783
0.79844 0.41269
0.79844 0.40753
0.79845 0.40236
0.79846 0.39718
0.79847 0.39199
0.79848 0.38678
0.79848 0.38157
0.79849 0.37636
0.79850 0.37114
0.79851 0.36593
0.79852 0.36071
0.79852 0.35548
0.79853 0.35026
0.79854 0.34504
0.79855 0.33981
0.79856 0.33459
0.79856 0.32936
0.79857 0.32414
0.79858 0.31891
0.79859 0.31369
0.79860 0.30847
0.79860 0.30324
0.79861 0.29800
0.79862 0.29276
0.79863 0.28751
0.79864 0.28224
0.79864 0.27697
0.79865 0.27170
0.79866 0.26641
0.79867 0.26110
0.79868 0.25579
0.79868 0.25046
0.79869 0.24512
0.79870 0.23977
0.79871 0.23441
0.79872 0.22904
0.79872 0.22365
0.79873 0.21825
0.79874 0.21284
0.79875 0.20741
0.79876 0.20198
0.79876 0.19654
0.79877 0.19109
0.79878 0.18562
0.79879 0.18014
0.79880 0.17465
0.79880 0.16914
0.79881 0.16361
0.79882 0.15806
0.79883 0.15251
0.79884 0.14694
0.79884 0.14136
0.79885 0.13577
0.79886 0.13018
0.79887 0.12457
0.79888 0.11895
0.79888 0.11332
0.79889 0.10767
0.79890 0.10203
0.79891 0.09637
0.79892 0.09072
0.79892 0.08506
0.79893 0.07939
0.79894 0.07372
0.79895 0.06804
0.79896 0.06236
0.79896 0.05666
0.79897 0.05096
0.79898 0.04524
0.79899 0.03951
0.79900 0.03377
0.79900 0.02802
0.79901 0.02225
0.79902 0.01647
0.79903 0.01067
0.79904 0.00487
0.79904 -0.00095
0.79905 -0.00677
0.79906 -0.01261
0.79907 -0.01845
0.79908 -0.02430
0.79908 -0.03015
0.79909 -0.03601
0.79910 -0.04186
0.79911 -0.04772
0.79912 -0.05356
0.79912 -0.05940
0.79913 -0.06522
0.79914 -0.07102
0.79915 -0.07681
0.79916 -0.08258
0.79916 -0.08833
0.79917 -0.09406
0.79918 -0.09976
0.79919 -0.10543
0.79920 -0.11107
0.79920 -0.11668
0.79921 -0.12225
0.79922 -0.12779
0.79923 -0.13330
0.79924 -0.13876
0.79924 -0.14417
0.79925 -0.14955
0.79926 -0.15487
0.79927 -0.16015
0.79928 -0.16538
0.79928 -0.17055
0.79929 -0.17566
0.79930 -0.18071
0.79931 -0.18569
0.79932 -0.19061
0.79932 -0.19546
0.79933 -0.20024
0.79934 -0.20494
0.79935 -0.20958
0.79936 -0.21413
0.79936 -0.21861
0.79937 -0.22301
0.79938 -0.22733
0.79939 -0.23156
0.79940 -0.23571
0.79940 -0.23977
0.79941 -0.24375
0.79942 -0.24763
0.79943 -0.25142
0.79944 -0.25512
0.79944 -0.25871
0.79945 -0.26221
0.79946 -0.26560
0.79947 -0.26889
0.79948 -0.27207
0.79948 -0.27514
0.79949 -0.27808
0.79950 -0.28092
0.79951 -0.28363
0.79952 -0.28621
0.79952 -0.28867
0.79953 -0.29100
0.79954 -0.29320
0.79955 -0.29527
0.79956 -0.29721
0.79956 -0.29901
0.79957 -0.30067
0.79958 -0.30219
0.79959 -0.30357
0.79960 -0.30481
0.79960 -0.30591
0.79961 -0.30687
0.79962 -0.30768
0.79963 -0.30836
0.79964 -0.30889
0.79964 -0.30929
0.79965 -0.30954
0.79966 -0.30966
0.79967 -0.30963
0.79968 -0.30947
0.79968 -0.30917
0.79969 -0.30873
0.79970 -0.30814
0.79971 -0.30742
0.79972 -0.30655
0.79972 -0.30553
0.79973 -0.30437
0.79974 -0.30306
0.79975 -0.30160
0.79976 -0.30000
0.79976 -0.29825
0.79977 -0.29636
0.79978 -0.29433
0.79979 -0.29215
0.79980 -0.28983
0.79980 -0.28737
0.79981 -0.28478
0.79982 -0.28205
0.79983 -0.27918
0.79984 -0.27618
0.79984 -0.27305
0.79985 -0.26978
0.79986 -0.26638
0.79987 -0.26285
0.79988 -0.25919
0.79988 -0.25540
0.79989 -0.25148
0.79990 -0.24743
0.79991 -0.24325
0.79992 -0.23894
0.79992 -0.23451
0.79993 -0.22995
0.79994 -0.22528
0.79995 -0.22049
0.79996 -0.21558
0.79996 -0.21056
0.79997 -0.20543
0.79998 -0.20019
0.79999 -0.19484
0.80000 -0.18940
0.80000 -0.18386
0.80001 -0.17822
0.80002 -0.17249
0.80003 -0.16667
0.80004 -0.16076
0.80004 -0.15476
0.80005 -0.14869
0.80006 -0.14253
0.80007 -0.13630
0.80008 -0.13000
0.80008 -0.12363
0.80009 -0.11720
0.80010 -0.11070
0.80011 -0.10415
0.80012 -0.09753
0.80012 -0.09085
0.80013 -0.08411
0.80014 -0.07731
0.80015 -0.07046
0.80016 -0.06355
0.80016 -0.05659
0.80017 -0.04957
0.80018 -0.04250
0.80019 -0.03537
0.80020 -0.02820
0.80020 -0.02097
0.80021 -0.01371
0.80022 -0.00641
0.80023 0.00093
0.80024 0.00831
0.80024 0.01572
0.80025 0.02316
0.80026 0.03064
0.80027 0.03814
0.80028 0.04568
0.80028 0.05325
0.80029 0.06085
0.80030 0.06848
0.80031 0.07613
0.80032 0.08381
0.80032 0.09152
0.80033 0.09926
0.80034 0.10703
0.80035 0.11481
0.80036 0.12262
0.80036 0.13045
0.80037 0.13830
0.80038 0.14616
0.80039 0.15405
0.80040 0.16195
0.80040 0.16986
0.80041 0.17779
0.80042 0.18573
0.80043 0.19368
0.80044 0.20165
0.80044 0.20963
0.80045 0.21762
0.80046 0.22563
0.80047 0.23366
0.80048 0.24170
0.80048 0.24976
0.80049 0.25784
0.80050 0.26595
0.80051 0.27408
0.80052 0.28224
0.80052 0.29043
0.80053 0.29865
0.80054 0.30691
0.80055 0.31520
0.80056 0.32354
0.80056 0.33192
0.80057 0.34035
0.80058 0.34883
0.80059 0.35738
0.80060 0.36599
0.80060 0.37466
0.80061 0.38340
0.80062 0.39221
0.80063 0.40108
0.80064 0.41003
0.80064 0.41906
0.80065 0.42817
0.80066 0.43737
0.80067 0.44665
0.80068 0.45603
0.80068 0.46550
0.80069 0.47506
0.80070 0.48473
0.80071 0.49451
0.80072 0.50440
0.80072 0.51442
0.80073 0.52457
0.80074 0.53485
0.80075 0.54527
0.80076 0.55584
0.80076 0.56655
0.80077 0.57742
0.80078 0.58844
0.80079 0.59963
0.80080 0.61098
0.80080 0.62252
0.80081 0.63424
0.80082 0.64615
0.80083 0.65825
0.80084 0.67055
0.80084 0.68305
0.80085 0.69578
0.80086 0.70872
0.80087 0.72189
0.80088 0.73529
0.80088 0.74892
0.80089 0.76278
0.80090 0.77687
0.80091 0.79122
0.80092 0.80580
0.80092 0.82064
0.80093 0.83572
0.80094 0.85106
0.80095 0.86666
0.80096 0.88252
0.80096 0.89864
0.80097 0.91503
0.80098 0.93168
0.80099 0.94859
0.80100 0.96578
0.80100 0.98323
0.80101 1.00096
0.80102 1.01896
0.80103 1.03724
0.80104 1.05578
0.80104 1.07461
0.80105 1.09370
0.80106 1.11307
0.80107 1.13271
0.80108 1.15261
0.80108 1.17278
0.80109 1.19322
0.80110 1.21393
0.80111 1.23491
0.80112 1.25616
0.80112 1.27768
0.80113 1.29948
0.80114 1.32155
0.80115 1.34390
0.80116 1.36652
0.80116 1.38942
0.80117 1.41260
0.80118 1.43606
0.80119 1.45979
0.80120 1.48379
0.80120 1.50808
0.80121 1.53263
0.80122 1.55746
0.80123 1.58256
0.80124 1.60793
0.80124 1.63357
0.80125 1.65947
0.80126 1.68563
0.80127 1.71206
0.80128 1.73874
0.80128 1.76567
0.80129 1.79287
0.80130 1.82032
0.80131 1.84802
0.80132 1.87596
0.80132 1.90416
0.80133 1.93261
0.80134 1.96130
0.80135 1.99024
0.80136 2.01941
0.80136 2.04883
0.80137 2.07849
0.80138 2.10840
0.80139 2.13855
0.80140 2.16898
0.80140 2.19966
0.80141 2.23060
0.80142 2.26180
0.80143 2.29328
0.80144 2.32503
0.80144 2.35706
0.80145 2.38939
0.80146 2.42199
0.80147 2.45489
0.80148 2.48811
0.80148 2.52164
0.80149 2.55548
0.80150 2.58963
0.80151 2.62411
0.80152 2.65891
0.80152 2.69406
0.80153 2.72955
0.80154 2.76538
0.80155 2.80157
0.80156 2.83813
0.80156 2.87507
0.80157 2.91239
0.80158 2.95012
0.80159 2.98823
0.80160 3.02675
0.80160 3.06570
0.80161 3.10505
0.80162 3.14483
0.80163 3.18505
0.80164 3.22569
0.80164 3.26678
0.80165 3.30831
0.80166 3.35029
0.80167 3.39271
0.80168 3.43558
0.80168 3.47892
0.80169 3.52272
0.80170 3.56698
0.80171 3.61172
0.80172 3.65694
0.80172 3.70263
0.80173 3.74881
0.80174 3.79548
0.80175 3.84262
0.80176 3.89028
0.80176 3.93845
0.80177 3.98711
0.80178 4.03629
0.80179 4.08599
0.80180 4.13619
0.80180 4.18691
0.80181 4.23817
0.80182 4.28994
0.80183 4.34222
0.80184 4.39504
0.80184 4.44838
0.80185 4.50223
0.80186 4.55661
0.80187 4.61152
0.80188 4.66694
0.80188 4.72289
0.80189 4.77936
0.80190 4.83634
0.80191 4.89382
0.80192 4.95184
0.80192 5.01036
0.80193 5.06937
0.80194 5.12889
0.80195 5.18889
0.80196 5.24935
0.80196 5.31030
0.80197 5.37171
0.80198 5.43356
0.80199 5.49586
0.80200 5.55860
0.80200 5.62178
0.80201 5.68539
0.80202 5.74944
0.80203 5.81389
0.80204 5.87875
0.80204 5.94403
0.80205 6.00968
0.80206 6.07571
0.80207 6.14212
0.80208 6.20889
0.80208 6.27599
0.80209 6.34345
0.80210 6.41124
0.80211 6.47935
0.80212 6.54778
0.80212 6.61653
0.80213 6.68558
0.80214 6.75493
0.80215 6.82458
0.80216 6.89451
0.80216 6.96472
0.80217 7.03522
0.80218 7.10599
0.80219 7.17703
0.80220 7.24835
0.80220 7.31993
0.80221 7.39174
0.80222 7.46381
0.80223 7.53615
0.80224 7.60871
0.80224 7.68151
0.80225 7.75456
0.80226 7.82781
0.80227 7.90126
0.80228 7.97494
0.80228 8.04883
0.80229 8.12290
0.80230 8.19719
0.80231 8.27169
0.80232 8.34637
0.80232 8.42125
0.80233 8.49634
0.80234 8.57160
0.80235 8.64705
0.80236 8.72271
0.80236 8.79857
0.80237 8.87459
0.80238 8.95083
0.80239 9.02726
0.80240 9.10385
0.80240 9.18065
0.80241 9.25765
0.80242 9.33482
0.80243 9.41219
0.80244 9.48977
0.80244 9.56754
0.80245 9.64551
0.80246 9.72373
0.80247 9.80217
0.80248 9.88082
0.80248 9.95973
0.80249 10.03888
0.80250 10.11825
0.80251 10.19788
0.80252 10.27775
0.80252 10.35785
0.80253 10.43820
0.80254 10.51880
0.80255 10.59965
0.80256 10.68075
0.80256 10.76210
0.80257 10.84371
0.80258 10.92556
0.80259 11.00767
0.80260 11.09006
0.80260 11.17270
0.80261 11.25559
0.80262 11.33875
0.80263 11.42216
0.80264 11.50581
0.80264 11.58973
0.80265 11.67388
0.80266 11.75827
0.80267 11.84291
0.80268 11.92778
0.80268 12.01286
0.80269 12.09816
0.80270 12.18368
0.80271 12.26940
0.80272 12.35531
0.80272 12.44142
0.80273 12.52772
0.80274 12.61419
0.80275 12.70085
0.80276 12.78768
0.80276 12.87467
0.80277 12.96185
0.80278 13.04919
0.80279 13.13667
0.80280 13.22431
0.80280 13.31209
0.80281 13.39999
0.80282 13.48804
0.80283 13.57620
0.80284 13.66447
0.80284 13.75284
0.80285 13.84132
0.80286 13.92988
0.80287 14.01850
0.80288 14.10719
0.80288 14.19593
0.80289 14.28470
0.80290 14.37351
0.80291 14.46233
0.80292 14.55112
0.80292 14.63991
0.80293 14.72867
0.80294 14.81738
0.80295 14.90605
0.80296 14.99465
0.80296 15.08316
0.80297 15.17158
0.80298 15.25990
0.80299 15.34809
0.80300 15.43615
0.80300 15.52407
0.80301 15.61184
0.80302 15.69946
0.80303 15.78691
0.80304 15.87420
0.80304 15.96131
0.80305 16.04823
0.80306 16.13496
0.80307 16.22151
0.80308 16.30785
0.80308 16.39397
0.80309 16.47989
0.80310 16.56556
0.80311 16.65100
0.80312 16.73621
0.80312 16.82115
0.80313 16.90586
0.80314 16.99033
0.80315 17.07451
0.80316 17.15844
0.80316 17.24211
0.80317 17.32550
0.80318 17.40863
0.80319 17.49148
0.80320 17.57407
0.80320 17.65639
0.80321 17.73844
0.80322 17.82023
0.80323 17.90174
0.80324 17.98296
0.80324 18.06393
0.80325 18.14461
0.80326 18.22500
0.80327 18.30514
0.80328 18.38498
0.80328 18.46453
0.80329 18.54381
0.80330 18.62279
0.80331 18.70148
0.80332 18.77989
0.80332 18.85800
0.80333 18.93582
0.80334 19.01336
0.80335 19.09061
0.80336 19.16757
0.80336 19.24424
0.80337 19.32063
0.80338 19.39676
0.80339 19.47262
0.80340 19.54823
0.80340 19.62358
0.80341 19.69867
0.80342 19.77354
0.80343 19.84817
0.80344 19.92257
0.80344 19.99677
0.80345 20.07075
0.80346 20.14450
0.80347 20.21805
0.80348 20.29139
0.80348 20.36451
0.80349 20.43746
0.80350 20.51021
0.80351 20.58276
0.80352 20.65513
0.80352 20.72730
0.80353 20.79927
0.80354 20.87106
0.80355 20.94265
0.80356 21.01405
0.80356 21.08527
0.80357 21.15630
0.80358 21.22716
0.80359 21.29785
0.80360 21.36836
0.80360 21.43872
0.80361 21.50892
0.80362 21.57896
0.80363 21.64885
0.80364 21.71858
0.80364 21.78815
0.80365 21.85759
0.80366 21.92688
0.80367 21.99602
0.80368 22.06502
0.80368 22.13388
0.80369 22.20262
0.80370 22.27121
0.80371 22.33967
0.80372 22.40800
0.80372 22.47620
0.80373 22.54427
0.80374 22.61224
0.80375 22.68007
0.80376 22.74779
0.80376 22.81540
0.80377 22.88289
0.80378 22.95027
0.80379 23.01754
0.80380 23.08470
0.80380 23.15177
0.80381 23.21874
0.80382 23.28562
0.80383 23.35239
0.80384 23.41907
0.80384 23.48564
0.80385 23.55213
0.80386 23.61852
0.80387 23.68483
0.80388 23.75105
0.80388 23.81717
0.80389 23.88318
0.80390 23.94909
0.80391 24.01491
0.80392 24.08065
0.80392 24.14628
0.80393 24.21182
0.80394 24.27727
0.80395 24.34266
0.80396 24.40797
0.80396 24.47323
0.80397 24.53845
0.80398 24.60364
0.80399 24.66880
0.80400 24.73391
0.80400 24.79899
0.80401 24.86403
0.80402 24.92903
0.80403 24.99400
0.80404 25.05894
0.80404 25.12383
0.80405 25.18869
0.80406 25.25349
0.80407 25.31824
0.80408 25.38296
0.80408 25.44760
0.80409 25.51219
0.80410 25.57673
0.80411 25.64120
0.80412 25.70560
0.80412 25.76993
0.80413 25.83420
0.80414 25.89840
0.80415 25.96253
0.80416 26.02658
0.80416 26.09055
0.80417 26.15445
0.80418 26.21826
0.80419 26.28198
0.80420 26.34559
0.80420 26.40910
0.80421 26.47250
0.80422 26.53577
0.80423 26.59892
0.80424 26.66193
0.80424 26.72481
0.80425 26.78754
0.80426 26.85013
0.80427 26.91255
0.80428 26.97480
0.80428 27.03688
0.80429 27.09878
0.80430 27.16051
0.80431 27.22204
0.80432 27.28337
0.80432 27.34448
0.80433 27.40540
0.80434 27.46609
0.80435 27.52654
0.80436 27.58674
0.80436 27.64669
0.80437 27.70639
0.80438 27.76583
0.80439 27.82501
0.80440 27.88391
0.80440 27.94253
0.80441 28.00086
0.80442 28.05888
0.80443 28.11658
0.80444 28.17397
0.80444 28.23100
0.80445 28.28762
0.80446 28.34384
0.80447 28.39965
0.80448 28.45496
0.80448 28.50979
0.80449 28.56412
0.80450 28.61797
0.80451 28.67130
0.80452 28.72411
0.80452 28.77641
0.80453 28.82816
0.80454 28.87938
0.80455 28.93007
0.80456 28.98024
0.80456 29.02988
0.80457 29.07897
0.80458 29.12752
0.80459 29.17553
0.80460 29.22300
0.80460 29.26990
0.80461 29.31624
0.80462 29.36203
0.80463 29.40724
0.80464 29.45185
0.80464 29.49586
0.80465 29.53930
0.80466 29.58214
0.80467 29.62436
0.80468 29.66597
0.80468 29.70699
0.80469 29.74742
0.80470 29.78723
0.80471 29.82642
0.80472 29.86504
0.80472 29.90308
0.80473 29.94054
0.80474 29.97742
0.80475 30.01372
0.80476 30.04944
0.80476 30.08457
0.80477 30.11914
0.80478 30.15315
0.80479 30.18661
0.80480 30.21951
0.80480 30.25185
0.80481 30.28365
0.80482 30.31492
0.80483 30.34565
0.80484 30.37584
0.80484 30.40551
0.80485 30.43467
0.80486 30.46335
0.80487 30.49154
0.80488 30.51923
0.80488 30.54644
0.80489 30.57316
0.80490 30.59941
0.80491 30.62519
0.80492 30.65052
0.80492 30.67539
0.80493 30.69982
0.80494 30.72382
0.80495 30.74739
0.80496 30.77057
0.80496 30.79335
0.80497 30.81576
0.80498 30.83783
0.80499 30.85957
0.80500 30.88098
0.80500 30.90209
0.80501 30.92290
0.80502 30.94345
0.80503 30.96372
0.80504 30.98374
0.80504 31.00352
0.80505 31.02306
0.80506 31.04236
0.80507 31.06141
0.80508 31.08023
0.80508 31.09883
0.80509 31.11721
0.80510 31.13537
0.80511 31.15334
0.80512 31.17111
0.80512 31.18869
0.80513 31.20612
0.80514 31.22340
0.80515 31.24055
0.80516 31.25758
0.80516 31.27449
0.80517 31.29131
0.80518 31.30804
0.80519 31.32469
0.80520 31.34128
0.80520 31.35782
0.80521 31.37431
0.80522 31.39076
0.80523 31.40715
0.80524 31.42349
0.80524 31.43980
0.80525 31.45609
0.80526 31.47237
0.80527 31.48867
0.80528 31.50498
0.80528 31.52129
0.80529 31.53762
0.80530 31.55397
0.80531 31.57034
0.80532 31.58676
0.80532 31.60322
0.80533 31.61975
0.80534 31.63635
0.80535 31.65303
0.80536 31.66981
0.80536 31.68666
0.80537 31.70362
0.80538 31.72067
0.80539 31.73783
0.80540 31.75512
0.80540 31.77254
0.80541 31.79012
0.80542 31.80786
0.80543 31.82575
0.80544 31.84382
0.80544 31.86206
0.80545 31.88047
0.80546 31.89908
0.80547 31.91788
0.80548 31.93689
0.80548 31.95610
0.80549 31.97551
0.80550 31.99513
0.80551 32.01494
0.80552 32.03494
0.80552 32.05512
0.80553 32.07549
0.80554 32.09604
0.80555 32.11678
0.80556 32.13771
0.80556 32.15884
0.80557 32.18020
0.80558 32.20176
0.80559 32.22356
0.80560 32.24558
0.80560 32.26783
0.80561 32.29032
0.80562 32.31305
0.80563 32.33603
0.80564 32.35926
0.80564 32.38274
0.80565 32.40646
0.80566 32.43042
0.80567 32.45464
0.80568 32.47910
0.80568 32.50379
0.80569 32.52873
0.80570 32.55390
0.80571 32.57931
0.80572 32.60495
0.80572 32.63081
0.80573 32.65690
0.80574 32.68321
0.80575 32.70973
0.80576 32.73646
0.80576 32.76339
0.80577 32.79052
0.80578 32.81786
0.80579 32.84540
0.80580 32.87315
0.80580 32.90111
0.80581 32.92928
0.80582 32.95764
0.80583 32.98619
0.80584 33.01491
0.80584 33.04380
0.80585 33.07284
0.80586 33.10204
0.80587 33.13138
0.80588 33.16085
0.80588 33.19047
0.80589 33.22023
0.80590 33.25010
0.80591 33.28009
0.80592 33.31018
0.80592 33.34037
0.80593 33.37066
0.80594 33.40105
0.80595 33.43154
0.80596 33.46213
0.80596 33.49281
0.80597 33.52357
0.80598 33.55441
0.80599 33.58533
0.80600 33.61632
0.80600 33.64738
0.80601 33.67852
0.80602 33.70973
0.80603 33.74102
0.80604 33.77239
0.80604 33.80383
0.80605 33.83535
0.80606 33.86693
0.80607 33.89856
0.80608 33.93024
0.80608 33.96196
0.80609 33.99371
0.80610 34.02550
0.80611 34.05732
0.80612 34.08915
0.80612 34.12099
0.80613 34.15282
0.80614 34.18464
0.80615 34.21645
0.80616 34.24826
0.80616 34.28005
0.80617 34.31182
0.80618 34.34357
0.80619 34.37531
0.80620 34.40701
0.80620 34.43869
0.80621 34.47032
0.80622 34.50194
0.80623 34.53352
0.80624 34.56510
0.80624 34.59666
0.80625 34.62822
0.80626 34.65977
0.80627 34.69131
0.80628 34.72283
0.80628 34.75435
0.80629 34.78584
0.80630 34.81729
0.80631 34.84871
0.80632 34.88010
0.80632 34.91146
0.80633 34.94280
0.80634 34.97412
0.80635 35.00543
0.80636 35.03673
0.80636 35.06801
0.80637 35.09930
0.80638 35.13057
0.80639 35.16184
0.80640 35.19310
0.80640 35.22437
0.80641 35.25564
0.80642 35.28690
0.80643 35.31816
0.80644 35.34942
0.80644 35.38069
0.80645 35.41194
0.80646 35.44317
0.80647 35.47440
0.80648 35.50561
0.80648 35.53681
0.80649 35.56800
0.80650 35.59919
0.80651 35.63037
0.80652 35.66154
0.80652 35.69270
0.80653 35.72385
0.80654 35.75499
0.80655 35.78613
0.80656 35.81725
0.80656 35.84838
0.80657 35.87950
0.80658 35.91062
0.80659 35.94173
0.80660 35.97283
0.80660 36.00392
0.80661 36.03496
0.80662 36.06595
0.80663 36.09687
0.80664 36.12772
0.80664 36.15847
0.80665 36.18912
0.80666 36.21965
0.80667 36.25004
0.80668 36.28029
0.80668 36.31038
0.80669 36.34031
0.80670 36.37008
0.80671 36.39969
0.80672 36.42914
0.80672 36.45842
0.80673 36.48752
0.80674 36.51644
0.80675 36.54517
0.80676 36.57373
0.80676 36.60210
0.80677 36.63027
0.80678 36.65822
0.80679 36.68596
0.80680 36.71347
0.80680 36.74076
0.80681 36.76782
0.80682 36.79464
0.80683 36.82121
0.80684 36.84752
0.80684 36.87357
0.80685 36.89935
0.80686 36.92486
0.80687 36.95011
0.80688 36.97510
0.80688 36.99981
0.80689 37.02426
0.80690 37.04842
0.80691 37.07229
0.80692 37.09587
0.80692 37.11915
0.80693 37.14215
0.80694 37.16484
0.80695 37.18724
0.80696 37.20934
0.80696 37.23115
0.80697 37.25267
0.80698 37.27389
0.80699 37.29481
0.80700 37.31541
0.80700 37.33569
0.80701 37.35565
0.80702 37.37531
0.80703 37.39465
0.80704 37.41367
0.80704 37.43236
0.80705 37.45071
0.80706 37.46873
0.80707 37.48640
0.80708 37.50372
0.80708 37.52069
0.80709 37.53734
0.80710 37.55367
0.80711 37.56969
0.80712 37.58543
0.80712 37.60097
0.80713 37.61633
0.80714 37.63152
0.80715 37.64658
0.80716 37.66153
0.80716 37.67640
0.80717 37.69122
0.80718 37.70600
0.80719 37.72076
0.80720 37.73552
0.80720 37.75028
0.80721 37.76505
0.80722 37.77982
0.80723 37.79461
0.80724 37.80943
0.80724 37.82428
0.80725 37.83917
0.80726 37.85408
0.80727 37.86901
0.80728 37.88399
0.80728 37.89903
0.80729 37.91415
0.80730 37.92937
0.80731 37.94469
0.80732 37.96015
0.80732 37.97574
0.80733 37.99149
0.80734 38.00742
0.80735 38.02352
0.80736 38.03980
0.80736 38.05626
0.80737 38.07289
0.80738 38.08971
0.80739 38.10670
0.80740 38.12389
0.80740 38.14128
0.80741 38.15888
0.80742 38.17669
0.80743 38.19471
0.80744 38.21294
0.80744 38.23137
0.80745 38.25001
0.80746 38.26886
0.80747 38.28793
0.80748 38.30721
0.80748 38.32672
0.80749 38.34647
0.80750 38.36648
0.80751 38.38675
0.80752 38.40727
0.80752 38.42804
0.80753 38.44906
0.80754 38.47032
0.80755 38.49183
0.80756 38.51361
0.80756 38.53567
0.80757 38.55802
0.80758 38.58067
0.80759 38.60361
0.80760 38.62684
0.80760 38.65034
0.80761 38.67411
0.80762 38.69814
0.80763 38.72239
0.80764 38.74685
0.80764 38.77150
0.80765 38.79633
0.80766 38.82132
0.80767 38.84646
0.80768 38.87172
0.80768 38.89712
0.80769 38.92262
0.80770 38.94823
0.80771 38.97394
0.80772 38.99976
0.80772 39.02567
0.80773 39.05169
0.80774 39.07780
0.80775 39.10399
0.80776 39.13026
0.80776 39.15662
0.80777 39.18307
0.80778 39.20961
0.80779 39.23624
0.80780 39.26294
0.80780 39.28970
0.80781 39.31652
0.80782 39.34338
0.80783 39.37028
0.80784 39.39720
0.80784 39.42413
0.80785 39.45107
0.80786 39.47802
0.80787 39.50500
0.80788 39.53199
0.80788 39.55899
0.80789 39.58602
0.80790 39.61308
0.80791 39.64015
0.80792 39.66725
0.80792 39.69438
0.80793 39.72155
0.80794 39.74876
0.80795 39.77603
0.80796 39.80336
0.80796 39.83074
0.80797 39.85817
0.80798 39.88565
0.80799 39.91317
0.80800 39.94072
0.80800 39.96830
0.80801 39.99592
0.80802 40.02357
0.80803 40.05128
0.80804 40.07904
0.80804 40.10686
0.80805 40.13475
0.80806 40.16269
0.80807 40.19067
0.80808 40.21870
0.80808 40.24677
0.80809 40.27488
0.80810 40.30303
0.80811 40.33121
0.80812 40.35945
0.80812 40.38773
0.80813 40.41604
0.80814 40.44441
0.80815 40.47282
0.80816 40.50128
0.80816 40.52978
0.80817 40.55833
0.80818 40.58693
0.80819 40.61558
0.80820 40.64427
0.80820 40.67302
0.80821 40.70181
0.80822 40.73065
0.80823 40.75953
0.80824 40.78845
0.80824 40.81739
0.80825 40.84636
0.80826 40.87537
0.80827 40.90441
0.80828 40.93349
0.80828 40.96261
0.80829 40.99174
0.80830 41.02090
0.80831 41.05008
0.80832 41.07929
0.80832 41.10851
0.80833 41.13774
0.80834 41.16699
0.80835 41.19626
0.80836 41.22555
0.80836 41.25487
0.80837 41.28418
0.80838 41.31348
0.80839 41.34274
0.80840 41.37194
0.80840 41.40105
0.80841 41.43007
0.80842 41.45896
0.80843 41.48771
0.80844 41.51629
0.80844 41.54468
0.80845 41.57286
0.80846 41.60081
0.80847 41.62851
0.80848 41.65595
0.80848 41.68314
0.80849 41.71005
0.80850 41.73669
0.80851 41.76303
0.80852 41.78907
0.80852 41.81480
0.80853 41.84020
0.80854 41.86525
0.80855 41.88995
0.80856 41.91428
0.80856 41.93825
0.80857 41.96183
0.80858 41.98502
0.80859 42.00780
0.80860 42.03017
0.80860 42.05212
0.80861 42.07365
0.80862 42.09474
0.80863 42.11539
0.80864 42.13560
0.80864 42.15536
0.80865 42.17467
0.80866 42.19352
0.80867 42.21192
0.80868 42.22984
0.80868 42.24730
0.80869 42.26428
0.80870 42.28077
0.80871 42.29676
0.80872 42.31223
0.80872 42.32719
0.80873 42.34163
0.80874 42.35556
0.80875 42.36898
0.80876 42.38189
0.80876 42.39426
0.80877 42.40610
0.80878 42.41739
0.80879 42.42814
0.80880 42.43835
0.80880 42.44800
0.80881 42.45710
0.80882 42.46564
0.80883 42.47364
0.80884 42.48109
0.80884 42.48803
0.80885 42.49440
0.80886 42.50021
0.80887 42.50546
0.80888 42.51015
0.80888 42.51434
0.80889 42.51803
0.80890 42.52127
0.80891 42.52408
0.80892 42.52647
0.80892 42.52848
0.80893 42.53013
0.80894 42.53146
0.80895 42.53249
0.80896 42.53326
0.80896 42.53379
0.80897 42.53411
0.80898 42.53424
0.80899 42.53418
0.80900 42.53397
0.80900 42.53361
0.80901 42.53311
0.80902 42.53249
0.80903 42.53177
0.80904 42.53095
0.80904 42.53007
0.80905 42.52913
0.80906 42.52814
0.80907 42.52714
0.80908 42.52612
0.80908 42.52511
0.80909 42.52414
0.80910 42.52322
0.80911 42.52234
0.80912 42.52153
0.80912 42.52080
0.80913 42.52014
0.80914 42.51957
0.80915 42.51910
0.80916 42.51875
0.80916 42.51854
0.80917 42.51847
0.80918 42.51856
0.80919 42.51883
0.80920 42.51930
0.80920 42.51998
0.80921 42.52091
0.80922 42.52209
0.80923 42.52354
0.80924 42.52528
0.80924 42.52730
0.80925 42.52962
0.80926 42.53226
0.80927 42.53523
0.80928 42.53854
0.80928 42.54220
0.80929 42.54622
0.80930 42.55063
0.80931 42.55542
0.80932 42.56063
0.80932 42.56624
0.80933 42.57226
0.80934 42.57868
0.80935 42.58551
0.80936 42.59278
0.80936 42.60049
0.80937 42.60863
0.80938 42.61723
0.80939 42.62627
0.80940 42.63574
0.80940 42.64562
0.80941 42.65593
0.80942 42.66665
0.80943 42.67778
0.80944 42.68931
0.80944 42.70123
0.80945 42.71351
0.80946 42.72615
0.80947 42.73913
0.80948 42.75244
0.80948 42.76609
0.80949 42.78005
0.80950 42.79432
0.80951 42.80889
0.80952 42.82378
0.80952 42.83899
0.80953 42.85450
0.80954 42.87031
0.80955 42.88642
0.80956 42.90284
0.80956 42.91953
0.80957 42.93651
0.80958 42.95376
0.80959 42.97129
0.80960 42.98908
0.80960 43.00713
0.80961 43.02544
0.80962 43.04400
0.80963 43.06281
0.80964 43.08188
0.80964 43.10120
0.80965 43.12076
0.80966 43.14056
0.80967 43.16057
0.80968 43.18080
0.80968 43.20123
0.80969 43.22186
0.80970 43.24267
0.80971 43.26366
0.80972 43.28480
0.80972 43.30611
0.80973 43.32757
0.80974 43.34918
0.80975 43.37093
0.80976 43.39282
0.80976 43.41485
0.80977 43.43701
0.80978 43.45930
0.80979 43.48172
0.80980 43.50426
0.80980 43.52690
0.80981 43.54965
0.80982 43.57249
0.80983 43.59541
0.80984 43.61841
0.80984 43.64149
0.80985 43.66465
0.80986 43.68787
0.80987 43.71116
0.80988 43.73451
0.80988 43.75792
0.80989 43.78139
0.80990 43.80491
0.80991 43.82847
0.80992 43.85208
0.80992 43.87574
0.80993 43.89941
0.80994 43.92302
0.80995 43.94652
0.80996 43.96990
0.80996 43.99316
0.80997 44.01627
0.80998 44.03918
0.80999 44.06188
0.81000 44.08434
0.81000 44.10653
0.81001 44.12845
0.81002 44.15005
0.81003 44.17133
0.81004 44.19226
0.81004 44.21283
0.81005 44.23302
0.81006 44.25282
0.81007 44.27223
0.81008 44.29123
0.81008 44.30981
0.81009 44.32796
0.81010 44.34566
0.81011 44.36293
0.81012 44.37974
0.81012 44.39610
0.81013 44.41199
0.81014 44.42741
0.81015 44.44234
0.81016 44.45679
0.81016 44.47074
0.81017 44.48419
0.81018 44.49713
0.81019 44.50954
0.81020 44.52143
0.81020 44.53277
0.81021 44.54357
0.81022 44.55379
0.81023 44.56344
0.81024 44.57249
0.81024 44.58093
0.81025 44.58876
0.81026 44.59595
0.81027 44.60249
0.81028 44.60838
0.81028 44.61359
0.81029 44.61812
0.81030 44.62196
0.81031 44.62511
0.81032 44.62756
0.81032 44.62931
0.81033 44.63034
0.81034 44.63067
0.81035 44.63026
0.81036 44.62913
0.81036 44.62726
0.81037 44.62465
0.81038 44.62130
0.81039 44.61718
0.81040 44.61232
0.81040 44.60669
0.81041 44.60031
0.81042 44.59314
0.81043 44.58520
0.81044 44.57651
0.81044 44.56721
0.81045 44.55744
0.81046 44.54716
0.81047 44.53640
0.81048 44.52522
0.81048 44.51368
0.81049 44.50184
0.81050 44.48974
0.81051 44.47741
0.81052 44.46488
0.81052 44.45219
0.81053 44.43936
0.81054 44.42642
0.81055 44.41338
0.81056 44.40027
0.81056 44.38709
0.81057 44.37387
0.81058 44.36062
0.81059 44.34734
0.81060 44.33407
0.81060 44.32080
0.81061 44.30756
0.81062 44.29434
0.81063 44.28116
0.81064 44.26804
0.81064 44.25498
0.81065 44.24200
0.81066 44.22913
0.81067 44.21635
0.81068 44.20369
0.81068 44.19116
0.81069 44.17880
0.81070 44.16661
0.81071 44.15462
0.81072 44.14285
0.81072 44.13134
0.81073 44.12010
0.81074 44.10917
0.81075 44.09856
0.81076 44.08830
0.81076 44.07841
0.81077 44.06890
0.81078 44.05979
0.81079 44.05110
0.81080 44.04285
0.81080 44.03505
0.81081 44.02771
0.81082 44.02085
0.81083 44.01450
0.81084 44.00867
0.81084 44.00337
0.81085 43.99863
0.81086 43.99446
0.81087 43.99087
0.81088 43.98787
0.81088 43.98549
0.81089 43.98372
0.81090 43.98258
0.81091 43.98209
0.81092 43.98225
0.81092 43.98309
0.81093 43.98462
0.81094 43.98683
0.81095 43.98967
0.81096 43.99309
0.81096 43.99712
0.81097 44.00175
0.81098 44.00697
0.81099 44.01277
0.81100 44.01912
0.81100 44.02600
0.81101 44.03341
0.81102 44.04134
0.81103 44.04977
0.81104 44.05871
0.81104 44.06815
0.81105 44.07809
0.81106 44.08855
0.81107 44.09951
0.81108 44.11098
0.81108 44.12295
0.81109 44.13544
0.81110 44.14844
0.81111 44.16196
0.81112 44.17599
0.81112 44.19053
0.81113 44.20559
0.81114 44.22116
0.81115 44.23723
0.81116 44.25380
0.81116 44.27086
0.81117 44.28843
0.81118 44.30649
0.81119 44.32505
0.81120 44.34409
0.81120 44.36361
0.81121 44.38360
0.81122 44.40405
0.81123 44.42497
0.81124 44.44633
0.81124 44.46812
0.81125 44.49033
0.81126 44.51294
0.81127 44.53596
0.81128 44.55937
0.81128 44.58318
0.81129 44.60738
0.81130 44.63196
0.81131 44.65692
0.81132 44.68224
0.81132 44.70793
0.81133 44.73396
0.81134 44.76033
0.81135 44.78703
0.81136 44.81406
0.81136 44.84143
0.81137 44.86912
0.81138 44.89712
0.81139 44.92543
0.81140 44.95406
0.81140 44.98299
0.81141 45.01223
0.81142 45.04177
0.81143 45.07158
0.81144 45.10167
0.81144 45.13202
0.81145 45.16264
0.81146 45.19349
0.81147 45.22458
0.81148 45.25590
0.81148 45.28742
0.81149 45.31916
0.81150 45.35111
0.81151 45.38326
0.81152 45.41561
0.81152 45.44818
0.81153 45.48095
0.81154 45.51392
0.81155 45.54708
0.81156 45.58043
0.81156 45.61396
0.81157 45.64766
0.81158 45.68153
0.81159 45.71556
0.81160 45.74975
0.81160 45.78409
0.81161 45.81852
0.81162 45.85302
0.81163 45.88762
0.81164 45.92230
0.81164 45.95706
0.81165 45.99185
0.81166 46.02665
0.81167 46.06142
0.81168 46.09616
0.81168 46.13082
0.81169 46.16539
0.81170 46.19986
0.81171 46.23419
0.81172 46.26836
0.81172 46.30236
0.81173 46.33616
0.81174 46.36976
0.81175 46.40312
0.81176 46.43625
0.81176 46.46914
0.81177 46.50177
0.81178 46.53413
0.81179 46.56620
0.81180 46.59797
0.81180 46.62942
0.81181 46.66054
0.81182 46.69131
0.81183 46.72173
0.81184 46.75178
0.81184 46.78144
0.81185 46.81070
0.81186 46.83955
0.81187 46.86795
0.81188 46.89590
0.81188 46.92339
0.81189 46.95040
0.81190 46.97691
0.81191 47.00291
0.81192 47.02838
0.81192 47.05330
0.81193 47.07769
0.81194 47.10151
0.81195 47.12477
0.81196 47.14746
0.81196 47.16956
0.81197 47.19106
0.81198 47.21195
0.81199 47.23222
0.81200 47.25185
0.81200 47.27084
0.81201 47.28916
0.81202 47.30682
0.81203 47.32378
0.81204 47.34005
0.81204 47.35562
0.81205 47.37048
0.81206 47.38460
0.81207 47.39800
0.81208 47.41065
0.81208 47.42255
0.81209 47.43369
0.81210 47.44408
0.81211 47.45369
0.81212 47.46262
0.81212 47.47089
0.81213 47.47844
0.81214 47.48526
0.81215 47.49140
0.81216 47.49689
0.81216 47.50178
0.81217 47.50612
0.81218 47.50994
0.81219 47.51329
0.81220 47.51619
0.81220 47.51868
0.81221 47.52078
0.81222 47.52253
0.81223 47.52396
0.81224 47.52508
0.81224 47.52591
0.81225 47.52649
0.81226 47.52683
0.81227 47.52695
0.81228 47.52687
0.81228 47.52660
0.81229 47.52615
0.81230 47.52550
0.81231 47.52467
0.81232 47.52365
0.81232 47.52245
0.81233 47.52106
0.81234 47.51950
0.81235 47.51776
0.81236 47.51585
0.81236 47.51376
0.81237 47.51151
0.81238 47.50910
0.81239 47.50653
0.81240 47.50380
0.81240 47.50092
0.81241 47.49788
0.81242 47.49470
0.81243 47.49137
0.81244 47.48789
0.81244 47.48426
0.81245 47.48050
0.81246 47.47658
0.81247 47.47255
0.81248 47.46839
0.81248 47.46412
0.81249 47.45974
0.81250 47.45525
0.81251 47.45066
0.81252 47.44597
0.81252 47.44118
0.81253 47.43631
0.81254 47.43136
0.81255 47.42633
0.81256 47.42123
0.81256 47.41604
0.81257 47.41079
0.81258 47.40547
0.81259 47.40010
0.81260 47.39467
0.81260 47.38917
0.81261 47.38361
0.81262 47.37796
0.81263 47.37221
0.81264 47.36640
0.81264 47.36052
0.81265 47.35456
0.81266 47.34850
0.81267 47.34233
0.81268 47.33602
0.81268 47.32955
0.81269 47.32290
0.81270 47.31604
0.81271 47.30898
0.81272 47.30168
0.81272 47.29414
0.81273 47.28634
0.81274 47.27827
0.81275 47.26993
0.81276 47.26129
0.81276 47.25235
0.81277 47.24311
0.81278 47.23354
0.81279 47.22365
0.81280 47.21348
0.81280 47.20305
0.81281 47.19240
0.81282 47.18155
0.81283 47.17054
0.81284 47.15940
0.81284 47.14813
0.81285 47.13679
0.81286 47.12539
0.81287 47.11396
0.81288 47.10251
0.81288 47.09108
0.81289 47.07969
0.81290 47.06836
0.81291 47.05714
0.81292 47.04602
0.81292 47.03505
0.81293 47.02424
0.81294 47.01362
0.81295 47.00320
0.81296 46.99301
0.81296 46.98307
0.81297 46.97339
0.81298 46.96397
0.81299 46.95483
0.81300 46.94597
0.81300 46.93743
0.81301 46.92922
0.81302 46.92134
0.81303 46.91382
0.81304 46.90666
0.81304 46.89987
0.81305 46.89346
0.81306 46.88744
0.81307 46.88184
0.81308 46.87667
0.81308 46.87193
0.81309 46.86763
0.81310 46.86379
0.81311 46.86042
0.81312 46.85751
0.81312 46.85502
0.81313 46.85295
0.81314 46.85128
0.81315 46.85000
0.81316 46.84910
0.81316 46.84856
0.81317 46.84838
0.81318 46.84854
0.81319 46.84903
0.81320 46.84987
0.81320 46.85103
0.81321 46.85250
0.81322 46.85428
0.81323 46.85635
0.81324 46.85872
0.81324 46.86138
0.81325 46.86434
0.81326 46.86757
0.81327 46.87107
0.81328 46.87485
0.81328 46.87890
0.81329 46.88319
0.81330 46.88772
0.81331 46.89246
0.81332 46.89737
0.81332 46.90244
0.81333 46.90763
0.81334 46.91294
0.81335 46.91833
0.81336 46.92380
0.81336 46.92932
0.81337 46.93488
0.81338 46.94045
0.81339 46.94602
0.81340 46.95157
0.81340 46.95707
0.81341 46.96250
0.81342 46.96785
0.81343 46.97308
0.81344 46.97816
0.81344 46.98305
0.81345 46.98771
0.81346 46.99212
0.81347 46.99625
0.81348 47.00009
0.81348 47.00360
0.81349 47.00677
0.81350 47.00958
0.81351 47.01200
0.81352 47.01402
0.81352 47.01562
0.81353 47.01676
0.81354 47.01745
0.81355 47.01767
0.81356 47.01739
0.81356 47.01662
0.81357 47.01533
0.81358 47.01348
0.81359 47.01109
0.81360 47.00812
0.81360 47.00456
0.81361 47.00040
0.81362 46.99569
0.81363 46.99046
0.81364 46.98474
0.81364 46.97856
0.81365 46.97194
0.81366 46.96491
0.81367 46.95747
0.81368 46.94967
0.81368 46.94151
0.81369 46.93303
0.81370 46.92424
0.81371 46.91516
0.81372 46.90580
0.81372 46.89620
0.81373 46.88637
0.81374 46.87632
0.81375 46.86607
0.81376 46.85561
0.81376 46.84497
0.81377 46.83414
0.81378 46.82313
0.81379 46.81194
0.81380 46.80058
0.81380 46.78904
0.81381 46.77733
0.81382 46.76545
0.81383 46.75340
0.81384 46.74120
0.81384 46.72883
0.81385 46.71630
0.81386 46.70359
0.81387 46.69071
0.81388 46.67764
0.81388 46.66440
0.81389 46.65100
0.81390 46.63743
0.81391 46.62369
0.81392 46.60981
0.81392 46.59577
0.81393 46.58159
0.81394 46.56734
0.81395 46.55303
0.81396 46.53870
0.81396 46.52437
0.81397 46.51006
0.81398 46.49580
0.81399 46.48160
0.81400 46.46749
0.81400 46.45348
0.81401 46.43960
0.81402 46.42585
0.81403 46.41224
0.81404 46.39879
0.81404 46.38551
0.81405 46.37242
0.81406 46.35952
0.81407 46.34682
0.81408 46.33433
0.81408 46.32208
0.81409 46.31006
0.81410 46.29829
0.81411 46.28680
0.81412 46.27558
0.81412 46.26461
0.81413 46.25389
0.81414 46.24339
0.81415 46.23311
0.81416 46.22305
0.81416 46.21321
0.81417 46.20358
0.81418 46.19416
0.81419 46.18493
0.81420 46.17590
0.81420 46.16704
0.81421 46.15837
0.81422 46.14986
0.81423 46.14151
0.81424 46.13332
0.81424 46.12526
0.81425 46.11736
0.81426 46.10960
0.81427 46.10198
0.81428 46.09452
0.81428 46.08723
0.81429 46.08015
0.81430 46.07327
0.81431 46.06663
0.81432 46.06021
0.81432 46.05405
0.81433 46.04814
0.81434 46.04251
0.81435 46.03718
0.81436 46.03215
0.81436 46.02745
0.81437 46.02308
0.81438 46.01907
0.81439 46.01541
0.81440 46.01211
0.81440 46.00918
0.81441 46.00663
0.81442 46.00447
0.81443 46.00270
0.81444 46.00133
0.81444 46.00034
0.81445 45.99973
0.81446 45.99949
0.81447 45.99962
0.81448 46.00012
0.81448 46.00099
0.81449 46.00219
0.81450 46.00373
0.81451 46.00558
0.81452 46.00774
0.81452 46.01021
0.81453 46.01299
0.81454 46.01608
0.81455 46.01947
0.81456 46.02316
0.81456 46.02715
0.81457 46.03144
0.81458 46.03601
0.81459 46.04085
0.81460 46.04594
0.81460 46.05127
0.81461 46.05683
0.81462 46.06259
0.81463 46.06855
0.81464 46.07470
0.81464 46.08103
0.81465 46.08751
0.81466 46.09412
0.81467 46.10085
0.81468 46.10768
0.81468 46.11460
0.81469 46.12159
0.81470 46.12865
0.81471 46.13575
0.81472 46.14289
0.81472 46.15006
0.81473 46.15724
0.81474 46.16444
0.81475 46.17163
0.81476 46.17882
0.81476 46.18598
0.81477 46.19312
0.81478 46.20020
0.81479 46.20720
0.81480 46.21410
0.81480 46.22090
0.81481 46.22757
0.81482 46.23410
0.81483 46.24048
0.81484 46.24667
0.81484 46.25267
0.81485 46.25845
0.81486 46.26400
0.81487 46.26931
0.81488 46.27437
0.81488 46.27915
0.81489 46.28365
0.81490 46.28787
0.81491 46.29179
0.81492 46.29540
0.81492 46.29868
0.81493 46.30163
0.81494 46.30421
0.81495 46.30643
0.81496 46.30828
0.81496 46.30974
0.81497 46.31079
0.81498 46.31142
0.81499 46.31163
0.81500 46.31146
0.81500 46.31090
0.81501 46.30996
0.81502 46.30863
0.81503 46.30691
0.81504 46.30479
0.81504 46.30228
0.81505 46.29937
0.81506 46.29604
0.81507 46.29231
0.81508 46.28816
0.81508 46.28361
0.81509 46.27867
0.81510 46.27337
0.81511 46.26774
0.81512 46.26179
0.81512 46.25554
0.81513 46.24900
0.81514 46.24220
0.81515 46.23516
0.81516 46.22788
0.81516 46.22040
0.81517 46.21274
0.81518 46.20490
0.81519 46.19691
0.81520 46.18879
0.81520 46.18055
0.81521 46.17224
0.81522 46.16385
0.81523 46.15543
0.81524 46.14698
0.81524 46.13851
0.81525 46.13005
0.81526 46.12160
0.81527 46.11319
0.81528 46.10484
0.81528 46.09657
0.81529 46.08838
0.81530 46.08031
0.81531 46.07235
0.81532 46.06452
0.81532 46.05683
0.81533 46.04930
0.81534 46.04196
0.81535 46.03480
0.81536 46.02785
0.81536 46.02112
0.81537 46.01461
0.81538 46.00834
0.81539 46.00233
0.81540 45.99656
0.81540 45.99106
0.81541 45.98583
0.81542 45.98089
0.81543 45.97626
0.81544 45.97194
0.81544 45.96795
0.81545 45.96430
0.81546 45.96100
0.81547 45.95807
0.81548 45.95551
0.81548 45.95335
0.81549 45.95158
0.81550 45.95022
0.81551 45.94927
0.81552 45.94875
0.81552 45.94868
0.81553 45.94905
0.81554 45.94989
0.81555 45.95121
0.81556 45.95301
0.81556 45.95531
0.81557 45.95814
0.81558 45.96149
0.81559 45.96538
0.81560 45.96981
0.81560 45.97478
0.81561 45.98026
0.81562 45.98628
0.81563 45.99282
0.81564 45.99988
0.81564 46.00748
0.81565 46.01560
0.81566 46.02425
0.81567 46.03341
0.81568 46.04310
0.81568 46.05330
0.81569 46.06402
0.81570 46.07524
0.81571 46.08696
0.81572 46.09917
0.81572 46.11187
0.81573 46.12503
0.81574 46.13866
0.81575 46.15277
0.81576 46.16733
0.81576 46.18235
0.81577 46.19783
0.81578 46.21374
0.81579 46.23009
0.81580 46.24688
0.81580 46.26409
0.81581 46.28174
0.81582 46.29982
0.81583 46.31831
0.81584 46.33722
0.81584 46.35654
0.81585 46.37626
0.81586 46.39640
0.81587 46.41693
0.81588 46.43787
0.81588 46.45922
0.81589 46.48096
0.81590 46.50310
0.81591 46.52563
0.81592 46.54855
0.81592 46.57185
0.81593 46.59553
0.81594 46.61958
0.81595 46.64399
0.81596 46.66877
0.81596 46.69392
0.81597 46.71943
0.81598 46.74531
0.81599 46.77154
0.81600 46.79812
0.81600 46.82505
0.81601 46.85232
0.81602 46.87992
0.81603 46.90784
0.81604 46.93609
0.81604 46.96467
0.81605 46.99358
0.81606 47.02281
0.81607 47.05237
0.81608 47.08225
0.81608 47.11243
0.81609 47.14291
0.81610 47.17369
0.81611 47.20476
0.81612 47.23613
0.81612 47.26778
0.81613 47.29971
0.81614 47.33193
0.81615 47.36443
0.81616 47.39720
0.81616 47.43025
0.81617 47.46357
0.81618 47.49718
0.81619 47.53106
0.81620 47.56522
0.81620 47.59965
0.81621 47.63436
0.81622 47.66934
0.81623 47.70459
0.81624 47.74012
0.81624 47.77592
0.81625 47.81199
0.81626 47.84832
0.81627 47.88493
0.81628 47.92181
0.81628 47.95895
0.81629 47.99637
0.81630 48.03406
0.81631 48.07201
0.81632 48.11023
0.81632 48.14871
0.81633 48.18745
0.81634 48.22646
0.81635 48.26572
0.81636 48.30525
0.81636 48.34504
0.81637 48.38509
0.81638 48.42540
0.81639 48.46596
0.81640 48.50679
0.81640 48.54787
0.81641 48.58920
0.81642 48.63079
0.81643 48.67265
0.81644 48.71478
0.81644 48.75717
0.81645 48.79984
0.81646 48.84277
0.81647 48.88597
0.81648 48.92943
0.81648 48.97316
0.81649 49.01714
0.81650 49.06137
0.81651 49.10585
0.81652 49.15058
0.81652 49.19556
0.81653 49.24079
0.81654 49.28626
0.81655 49.33197
0.81656 49.37791
0.81656 49.42407
0.81657 49.47046
0.81658 49.51706
0.81659 49.56388
0.81660 49.61092
0.81660 49.65818
0.81661 49.70564
0.81662 49.75333
0.81663 49.80122
0.81664 49.84931
0.81664 49.89760
0.81665 49.94607
0.81666 49.99474
0.81667 50.04358
0.81668 50.09259
0.81668 50.14177
0.81669 50.19112
0.81670 50.24064
0.81671 50.29032
0.81672 50.34016
0.81672 50.39015
0.81673 50.44030
0.81674 50.49060
0.81675 50.54106
0.81676 50.59166
0.81676 50.64241
0.81677 50.69329
0.81678 50.74431
0.81679 50.79546
0.81680 50.84674
0.81680 50.89814
0.81681 50.94966
0.81682 51.00130
0.81683 51.05305
0.81684 51.10491
0.81684 51.15689
0.81685 51.20897
0.81686 51.26116
0.81687 51.31346
0.81688 51.36586
0.81688 51.41834
0.81689 51.47090
0.81690 51.52355
0.81691 51.57627
0.81692 51.62906
0.81692 51.68192
0.81693 51.73484
0.81694 51.78781
0.81695 51.84082
0.81696 51.89387
0.81696 51.94696
0.81697 52.00007
0.81698 52.05322
0.81699 52.10639
0.81700 52.15959
0.81700 52.21281
0.81701 52.26605
0.81702 52.31929
0.81703 52.37255
0.81704 52.42580
0.81704 52.47904
0.81705 52.53226
0.81706 52.58546
0.81707 52.63863
0.81708 52.69178
0.81708 52.74491
0.81709 52.79800
0.81710 52.85107
0.81711 52.90411
0.81712 52.95710
0.81712 53.01005
0.81713 53.06296
0.81714 53.11583
0.81715 53.16865
0.81716 53.22144
0.81716 53.27419
0.81717 53.32689
0.81718 53.37955
0.81719 53.43217
0.81720 53.48475
0.81720 53.53726
0.81721 53.58971
0.81722 53.64210
0.81723 53.69442
0.81724 53.74666
0.81724 53.79883
0.81725 53.85092
0.81726 53.90293
0.81727 53.95488
0.81728 54.00674
0.81728 54.05853
0.81729 54.11024
0.81730 54.16186
0.81731 54.21340
0.81732 54.26486
0.81732 54.31624
0.81733 54.36753
0.81734 54.41873
0.81735 54.46982
0.81736 54.52080
0.81736 54.57167
0.81737 54.62243
0.81738 54.67306
0.81739 54.72359
0.81740 54.77401
0.81740 54.82433
0.81741 54.87453
0.81742 54.92463
0.81743 54.97461
0.81744 55.02447
0.81744 55.07422
0.81745 55.12385
0.81746 55.17336
0.81747 55.22275
0.81748 55.27201
0.81748 55.32114
0.81749 55.37013
0.81750 55.41899
0.81751 55.46771
0.81752 55.51630
0.81752 55.56475
0.81753 55.61307
0.81754 55.66124
0.81755 55.70928
0.81756 55.75718
0.81756 55.80494
0.81757 55.85255
0.81758 55.90001
0.81759 55.94732
0.81760 55.99447
0.81760 56.04148
0.81761 56.08832
0.81762 56.13502
0.81763 56.18155
0.81764 56.22792
0.81764 56.27413
0.81765 56.32018
0.81766 56.36605
0.81767 56.41173
0.81768 56.45724
0.81768 56.50254
0.81769 56.54761
0.81770 56.59241
0.81771 56.63691
0.81772 56.68110
0.81772 56.72495
0.81773 56.76842
0.81774 56.81149
0.81775 56.85412
0.81776 56.89630
0.81776 56.93799
0.81777 56.97915
0.81778 57.01977
0.81779 57.05982
0.81780 57.09928
0.81780 57.13811
0.81781 57.17630
0.81782 57.21383
0.81783 57.25066
0.81784 57.28679
0.81784 57.32218
0.81785 57.35684
0.81786 57.39073
0.81787 57.42383
0.81788 57.45611
0.81788 57.48755
0.81789 57.51811
0.81790 57.54776
0.81791 57.57647
0.81792 57.60422
0.81792 57.63097
0.81793 57.65670
0.81794 57.68139
0.81795 57.70500
0.81796 57.72752
0.81796 57.74893
0.81797 57.76921
0.81798 57.78835
0.81799 57.80632
0.81800 57.82311
0.81800 57.83870
0.81801 57.85307
0.81802 57.86620
0.81803 57.87808
0.81804 57.88868
0.81804 57.89800
0.81805 57.90602
0.81806 57.91273
0.81807 57.91810
0.81808 57.92213
0.81808 57.92479
0.81809 57.92607
0.81810 57.92593
0.81811 57.92437
0.81812 57.92136
0.81812 57.91690
0.81813 57.91095
0.81814 57.90351
0.81815 57.89455
0.81816 57.88405
0.81816 57.87203
0.81817 57.85845
0.81818 57.84331
0.81819 57.82661
0.81820 57.80842
0.81820 57.78878
0.81821 57.76773
0.81822 57.74532
0.81823 57.72157
0.81824 57.69655
0.81824 57.67029
0.81825 57.64285
0.81826 57.61427
0.81827 57.58458
0.81828 57.55383
0.81828 57.52206
0.81829 57.48930
0.81830 57.45559
0.81831 57.42097
0.81832 57.38546
0.81832 57.34908
0.81833 57.31188
0.81834 57.27386
0.81835 57.23508
0.81836 57.19556
0.81836 57.15533
0.81837 57.11442
0.81838 57.07290
0.81839 57.03079
0.81840 56.98815
0.81840 56.94501
0.81841 56.90144
0.81842 56.85747
0.81843 56.81316
0.81844 56.76855
0.81844 56.72369
0.81845 56.67863
0.81846 56.63339
0.81847 56.58801
0.81848 56.54254
0.81848 56.49701
0.81849 56.45144
0.81850 56.40586
0.81851 56.36031
0.81852 56.31482
0.81852 56.26941
0.81853 56.22410
0.81854 56.17893
0.81855 56.13393
0.81856 56.08913
0.81856 56.04457
0.81857 56.00025
0.81858 55.95623
0.81859 55.91252
0.81860 55.86916
0.81860 55.82618
0.81861 55.78359
0.81862 55.74140
0.81863 55.69964
0.81864 55.65832
0.81864 55.61745
0.81865 55.57706
0.81866 55.53715
0.81867 55.49773
0.81868 55.45880
0.81868 55.42039
0.81869 55.38249
0.81870 55.34507
0.81871 55.30813
0.81872 55.27164
0.81872 55.23560
0.81873 55.19998
0.81874 55.16479
0.81875 55.12999
0.81876 55.09557
0.81876 55.06151
0.81877 55.02778
0.81878 54.99437
0.81879 54.96127
0.81880 54.92848
0.81880 54.89596
0.81881 54.86373
0.81882 54.83178
0.81883 54.80010
0.81884 54.76869
0.81884 54.73755
0.81885 54.70666
0.81886 54.67603
0.81887 54.64564
0.81888 54.61548
0.81888 54.58555
0.81889 54.55583
0.81890 54.52632
0.81891 54.49701
0.81892 54.46787
0.81892 54.43890
0.81893 54.41007
0.81894 54.38136
0.81895 54.35275
0.81896 54.32425
0.81896 54.29582
0.81897 54.26747
0.81898 54.23916
0.81899 54.21090
0.81900 54.18267
0.81900 54.15447
0.81901 54.12629
0.81902 54.09812
0.81903 54.06996
0.81904 54.04181
0.81904 54.01366
0.81905 53.98550
0.81906 53.95731
0.81907 53.92909
0.81908 53.90084
0.81908 53.87253
0.81909 53.84416
0.81910 53.81572
0.81911 53.78722
0.81912 53.75867
0.81912 53.73009
0.81913 53.70152
0.81914 53.67295
0.81915 53.64442
0.81916 53.61594
0.81916 53.58752
0.81917 53.55918
0.81918 53.53093
0.81919 53.50278
0.81920 53.47475
0.81920 53.44685
0.81921 53.41909
0.81922 53.39147
0.81923 53.36400
0.81924 53.33667
0.81924 53.30948
0.81925 53.28245
0.81926 53.25557
0.81927 53.22885
0.81928 53.20229
0.81928 53.17588
0.81929 53.14960
0.81930 53.12346
0.81931 53.09743
0.81932 53.07151
0.81932 53.04570
0.81933 53.01998
0.81934 52.99435
0.81935 52.96881
0.81936 52.94334
0.81936 52.91795
0.81937 52.89264
0.81938 52.86738
0.81939 52.84219
0.81940 52.81703
0.81940 52.79192
0.81941 52.76682
0.81942 52.74173
0.81943 52.71665
0.81944 52.69159
0.81944 52.66655
0.81945 52.64150
0.81946 52.61646
0.81947 52.59141
0.81948 52.56636
0.81948 52.54130
0.81949 52.51624
0.81950 52.49116
0.81951 52.46606
0.81952 52.44093
0.81952 52.41578
0.81953 52.39058
0.81954 52.36533
0.81955 52.34002
0.81956 52.31464
0.81956 52.28921
0.81957 52.26370
0.81958 52.23813
0.81959 52.21249
0.81960 52.18677
0.81960 52.16099
0.81961 52.13513
0.81962 52.10917
0.81963 52.08311
0.81964 52.05691
0.81964 52.03055
0.81965 52.00403
0.81966 51.97733
0.81967 51.95046
0.81968 51.92342
0.81968 51.89621
0.81969 51.86883
0.81970 51.84130
0.81971 51.81362
0.81972 51.78577
0.81972 51.75778
0.81973 51.72965
0.81974 51.70138
0.81975 51.67301
0.81976 51.64453
0.81976 51.61595
0.81977 51.58729
0.81978 51.55859
0.81979 51.52988
0.81980 51.50120
0.81980 51.47259
0.81981 51.44406
0.81982 51.41565
0.81983 51.38737
0.81984 51.35926
0.81984 51.33133
0.81985 51.30359
0.81986 51.27606
0.81987 51.24877
0.81988 51.22172
0.81988 51.19494
0.81989 51.16845
0.81990 51.14225
0.81991 51.11638
0.81992 51.09086
0.81992 51.06571
0.81993 51.04094
0.81994 51.01655
0.81995 50.99257
0.81996 50.96899
0.81996 50.94584
0.81997 50.92312
0.81998 50.90084
0.81999 50.87902
0.82000 50.85767
0.82000 50.83678
0.82001 50.81639
0.82002 50.79648
0.82003 50.77709
0.82004 50.75821
0.82004 50.73985
0.82005 50.72203
0.82006 50.70476
0.82007 50.68803
0.82008 50.67184
0.82008 50.65621
0.82009 50.64114
0.82010 50.62663
0.82011 50.61269
0.82012 50.59931
0.82012 50.58650
0.82013 50.57425
0.82014 50.56259
0.82015 50.55152
0.82016 50.54106
0.82016 50.53120
0.82017 50.52194
0.82018 50.51329
0.82019 50.50522
0.82020 50.49773
0.82020 50.49082
0.82021 50.48447
0.82022 50.47869
0.82023 50.47347
0.82024 50.46880
0.82024 50.46467
0.82025 50.46105
0.82026 50.45796
0.82027 50.45538
0.82028 50.45329
0.82028 50.45167
0.82029 50.45051
0.82030 50.44978
0.82031 50.44947
0.82032 50.44954
0.82032 50.45000
0.82033 50.45083
0.82034 50.45201
0.82035 50.45352
0.82036 50.45537
0.82036 50.45753
0.82037 50.45999
0.82038 50.46274
0.82039 50.46577
0.82040 50.46907
0.82040 50.47263
0.82041 50.47644
0.82042 50.48049
0.82043 50.48476
0.82044 50.48925
0.82044 50.49393
0.82045 50.49882
0.82046 50.50390
0.82047 50.50918
0.82048 50.51465
0.82048 50.52030
0.82049 50.52612
0.82050 50.53210
0.82051 50.53824
0.82052 50.54452
0.82052 50.55096
0.82053 50.55754
0.82054 50.56426
0.82055 50.57114
0.82056 50.57814
0.82056 50.58524
0.82057 50.59239
0.82058 50.59956
0.82059 50.60674
0.82060 50.61391
0.82060 50.62104
0.82061 50.62812
0.82062 50.63510
0.82063 50.64200
0.82064 50.64878
0.82064 50.65541
0.82065 50.66189
0.82066 50.66818
0.82067 50.67426
0.82068 50.68013
0.82068 50.68576
0.82069 50.69114
0.82070 50.69627
0.82071 50.70112
0.82072 50.70569
0.82072 50.70994
0.82073 50.71388
0.82074 50.71748
0.82075 50.72075
0.82076 50.72367
0.82076 50.72623
0.82077 50.72840
0.82078 50.73019
0.82079 50.73157
0.82080 50.73254
0.82080 50.73308
0.82081 50.73318
0.82082 50.73284
0.82083 50.73205
0.82084 50.73079
0.82084 50.72907
0.82085 50.72687
0.82086 50.72419
0.82087 50.72103
0.82088 50.71738
0.82088 50.71323
0.82089 50.70857
0.82090 50.70340
0.82091 50.69771
0.82092 50.69148
0.82092 50.68470
0.82093 50.67736
0.82094 50.66945
0.82095 50.66096
0.82096 50.65188
0.82096 50.64220
0.82097 50.63190
0.82098 50.62100
0.82099 50.60947
0.82100 50.59730
0.82100 50.58451
0.82101 50.57108
0.82102 50.55700
0.82103 50.54226
0.82104 50.52686
0.82104 50.51080
0.82105 50.49406
0.82106 50.47666
0.82107 50.45866
0.82108 50.44017
0.82108 50.42123
0.82109 50.40184
0.82110 50.38205
0.82111 50.36188
0.82112 50.34140
0.82112 50.32062
0.82113 50.29958
0.82114 50.27831
0.82115 50.25683
0.82116 50.23516
0.82116 50.21333
0.82117 50.19134
0.82118 50.16920
0.82119 50.14694
0.82120 50.12454
0.82120 50.10204
0.82121 50.07943
0.82122 50.05675
0.82123 50.03400
0.82124 50.01120
0.82124 49.98836
0.82125 49.96549
0.82126 49.94262
0.82127 49.91975
0.82128 49.89692
0.82128 49.87413
0.82129 49.85140
0.82130 49.82874
0.82131 49.80616
0.82132 49.78366
0.82132 49.76127
0.82133 49.73898
0.82134 49.71682
0.82135 49.69479
0.82136 49.67291
0.82136 49.65118
0.82137 49.62960
0.82138 49.60819
0.82139 49.58696
0.82140 49.56590
0.82140 49.54504
0.82141 49.52437
0.82142 49.50392
0.82143 49.48371
0.82144 49.46377
0.82144 49.44409
0.82145 49.42472
0.82146 49.40565
0.82147 49.38691
0.82148 49.36851
0.82148 49.35046
0.82149 49.33276
0.82150 49.31545
0.82151 49.29853
0.82152 49.28201
0.82152 49.26591
0.82153 49.25023
0.82154 49.23499
0.82155 49.22020
0.82156 49.20586
0.82156 49.19198
0.82157 49.17854
0.82158 49.16549
0.82159 49.15282
0.82160 49.14054
0.82160 49.12865
0.82161 49.11714
0.82162 49.10600
0.82163 49.09523
0.82164 49.08484
0.82164 49.07482
0.82165 49.06518
0.82166 49.05594
0.82167 49.04710
0.82168 49.03868
0.82168 49.03072
0.82169 49.02323
0.82170 49.01622
0.82171 49.00972
0.82172 49.00374
0.82172 48.99830
0.82173 48.99341
0.82174 48.98907
0.82175 48.98531
0.82176 48.98215
0.82176 48.97958
0.82177 48.97761
0.82178 48.97626
0.82179 48.97552
0.82180 48.97543
0.82180 48.97597
0.82181 48.97717
0.82182 48.97905
0.82183 48.98162
0.82184 48.98488
0.82184 48.98884
0.82185 48.99351
0.82186 48.99889
0.82187 49.00498
0.82188 49.01180
0.82188 49.01936
0.82189 49.02765
0.82190 49.03671
0.82191 49.04653
0.82192 49.05713
0.82192 49.06850
0.82193 49.08063
0.82194 49.09353
0.82195 49.10721
0.82196 49.12166
0.82196 49.13688
0.82197 49.15289
0.82198 49.16966
0.82199 49.18721
0.82200 49.20553
0.82200 49.22460
0.82201 49.24442
0.82202 49.26499
0.82203 49.28629
0.82204 49.30833
0.82204 49.33109
0.82205 49.35457
0.82206 49.37876
0.82207 49.40363
0.82208 49.42918
0.82208 49.45539
0.82209 49.48224
0.82210 49.50972
0.82211 49.53781
0.82212 49.56648
0.82212 49.59573
0.82213 49.62552
0.82214 49.65584
0.82215 49.68666
0.82216 49.71798
0.82216 49.74975
0.82217 49.78197
0.82218 49.81460
0.82219 49.84761
0.82220 49.88097
0.82220 49.91466
0.82221 49.94865
0.82222 49.98292
0.82223 50.01744
0.82224 50.05219
0.82224 50.08715
0.82225 50.12229
0.82226 50.15760
0.82227 50.19304
0.82228 50.22860
0.82228 50.26426
0.82229 50.29998
0.82230 50.33575
0.82231 50.37155
0.82232 50.40737
0.82232 50.44316
0.82233 50.47892
0.82234 50.51462
0.82235 50.55026
0.82236 50.58583
0.82236 50.62130
0.82237 50.65667
0.82238 50.69191
0.82239 50.72702
0.82240 50.76198
0.82240 50.79676
0.82241 50.83136
0.82242 50.86575
0.82243 50.89993
0.82244 50.93388
0.82244 50.96759
0.82245 51.00105
0.82246 51.03424
0.82247 51.06714
0.82248 51.09973
0.82248 51.13202
0.82249 51.16400
0.82250 51.19566
0.82251 51.22702
0.82252 51.25808
0.82252 51.28885
0.82253 51.31931
0.82254 51.34949
0.82255 51.37939
0.82256 51.40901
0.82256 51.43836
0.82257 51.46746
0.82258 51.49630
0.82259 51.52491
0.82260 51.55329
0.82260 51.58143
0.82261 51.60935
0.82262 51.63704
0.82263 51.66453
0.82264 51.69182
0.82264 51.71891
0.82265 51.74581
0.82266 51.77253
0.82267 51.79907
0.82268 51.82544
0.82268 51.85165
0.82269 51.87770
0.82270 51.90361
0.82271 51.92936
0.82272 51.95498
0.82272 51.98047
0.82273 52.00583
0.82274 52.03108
0.82275 52.05621
0.82276 52.08122
0.82276 52.10614
0.82277 52.13096
0.82278 52.15570
0.82279 52.18036
0.82280 52.20496
0.82280 52.22950
0.82281 52.25399
0.82282 52.27843
0.82283 52.30284
0.82284 52.32722
0.82284 52.35156
0.82285 52.37588
0.82286 52.40018
0.82287 52.42445
0.82288 52.44872
0.82288 52.47297
0.82289 52.49721
0.82290 52.52145
0.82291 52.54570
0.82292 52.56995
0.82292 52.59422
0.82293 52.61851
0.82294 52.64281
0.82295 52.66715
0.82296 52.69151
0.82296 52.71592
0.82297 52.74037
0.82298 52.76488
0.82299 52.78943
0.82300 52.81404
0.82300 52.83870
0.82301 52.86341
0.82302 52.88815
0.82303 52.91293
0.82304 52.93775
0.82304 52.96259
0.82305 52.98746
0.82306 53.01236
0.82307 53.03729
0.82308 53.06223
0.82308 53.08720
0.82309 53.11220
0.82310 53.13725
0.82311 53.16234
0.82312 53.18750
0.82312 53.21273
0.82313 53.23805
0.82314 53.26345
0.82315 53.28895
0.82316 53.31454
0.82316 53.34025
0.82317 53.36606
0.82318 53.39200
0.82319 53.41806
0.82320 53.44427
0.82320 53.47062
0.82321 53.49715
0.82322 53.52384
0.82323 53.55071
0.82324 53.57776
0.82324 53.60500
0.82325 53.63244
0.82326 53.66008
0.82327 53.68791
0.82328 53.71592
0.82328 53.74411
0.82329 53.77249
0.82330 53.80103
0.82331 53.82973
0.82332 53.85859
0.82332 53.88759
0.82333 53.91673
0.82334 53.94599
0.82335 53.97535
0.82336 54.00483
0.82336 54.03439
0.82337 54.06404
0.82338 54.09375
0.82339 54.12351
0.82340 54.15332
0.82340 54.18315
0.82341 54.21297
0.82342 54.24280
0.82343 54.27259
0.82344 54.30235
0.82344 54.33205
0.82345 54.36168
0.82346 54.39122
0.82347 54.42066
0.82348 54.44998
0.82348 54.47917
0.82349 54.50822
0.82350 54.53712
0.82351 54.56586
0.82352 54.59442
0.82352 54.62279
0.82353 54.65095
0.82354 54.67888
0.82355 54.70659
0.82356 54.73405
0.82356 54.76124
0.82357 54.78816
0.82358 54.81477
0.82359 54.84106
0.82360 54.86702
0.82360 54.89262
0.82361 54.91786
0.82362 54.94269
0.82363 54.96711
0.82364 54.99108
0.82364 55.01460
0.82365 55.03765
0.82366 55.06021
0.82367 55.08228
0.82368 55.10382
0.82368 55.12482
0.82369 55.14525
0.82370 55.16509
0.82371 55.18429
0.82372 55.20282
0.82372 55.22065
0.82373 55.23776
0.82374 55.25410
0.82375 55.26965
0.82376 55.28439
0.82376 55.29830
0.82377 55.31136
0.82378 55.32357
0.82379 55.33492
0.82380 55.34538
0.82380 55.35496
0.82381 55.36366
0.82382 55.37147
0.82383 55.37840
0.82384 55.38444
0.82384 55.38961
0.82385 55.39391
0.82386 55.39735
0.82387 55.39994
0.82388 55.40168
0.82388 55.40258
0.82389 55.40267
0.82390 55.40196
0.82391 55.40046
0.82392 55.39821
0.82392 55.39520
0.82393 55.39147
0.82394 55.38702
0.82395 55.38186
0.82396 55.37603
0.82396 55.36953
0.82397 55.36238
0.82398 55.35460
0.82399 55.34620
0.82400 55.33720
0.82400 55.32761
0.82401 55.31744
0.82402 55.30672
0.82403 55.29544
0.82404 55.28364
0.82404 55.27133
0.82405 55.25851
0.82406 55.24522
0.82407 55.23145
0.82408 55.21725
0.82408 55.20262
0.82409 55.18758
0.82410 55.17216
0.82411 55.15635
0.82412 55.14018
0.82412 55.12367
0.82413 55.10683
0.82414 55.08967
0.82415 55.07221
0.82416 55.05446
0.82416 55.03643
0.82417 55.01813
0.82418 54.99957
0.82419 54.98077
0.82420 54.96174
0.82420 54.94252
0.82421 54.92315
0.82422 54.90367
0.82423 54.88412
0.82424 54.86453
0.82424 54.84496
0.82425 54.82542
0.82426 54.80597
0.82427 54.78662
0.82428 54.76741
0.82428 54.74836
0.82429 54.72949
0.82430 54.71080
0.82431 54.69229
0.82432 54.67396
0.82432 54.65582
0.82433 54.63788
0.82434 54.62014
0.82435 54.60259
0.82436 54.58525
0.82436 54.56811
0.82437 54.55117
0.82438 54.53443
0.82439 54.51787
0.82440 54.50150
0.82440 54.48532
0.82441 54.46930
0.82442 54.45346
0.82443 54.43779
0.82444 54.42227
0.82444 54.40693
0.82445 54.39175
0.82446 54.37673
0.82447 54.36185
0.82448 54.34713
0.82448 54.33254
0.82449 54.31809
0.82450 54.30376
0.82451 54.28956
0.82452 54.27548
0.82452 54.26151
0.82453 54.24766
0.82454 54.23392
0.82455 54.22029
0.82456 54.20676
0.82456 54.19331
0.82457 54.17996
0.82458 54.16668
0.82459 54.15348
0.82460 54.14034
0.82460 54.12724
0.82461 54.11417
0.82462 54.10109
0.82463 54.08797
0.82464 54.07481
0.82464 54.06157
0.82465 54.04825
0.82466 54.03483
0.82467 54.02130
0.82468 54.00765
0.82468 53.99387
0.82469 53.97995
0.82470 53.96587
0.82471 53.95163
0.82472 53.93721
0.82472 53.92256
0.82473 53.90768
0.82474 53.89253
0.82475 53.87708
0.82476 53.86133
0.82476 53.84524
0.82477 53.82880
0.82478 53.81199
0.82479 53.79479
0.82480 53.77722
0.82480 53.75931
0.82481 53.74108
0.82482 53.72255
0.82483 53.70373
0.82484 53.68463
0.82484 53.66527
0.82485 53.64564
0.82486 53.62575
0.82487 53.60563
0.82488 53.58528
0.82488 53.56472
0.82489 53.54395
0.82490 53.52299
0.82491 53.50185
0.82492 53.48055
0.82492 53.45909
0.82493 53.43748
0.82494 53.41571
0.82495 53.39380
0.82496 53.37175
0.82496 53.34957
0.82497 53.32726
0.82498 53.30483
0.82499 53.28229
0.82500 53.25966
0.82500 53.23693
0.82501 53.21412
0.82502 53.19124
0.82503 53.16828
0.82504 53.14526
0.82504 53.12215
0.82505 53.09899
0.82506 53.07576
0.82507 53.05248
0.82508 53.02916
0.82508 53.00578
0.82509 52.98236
0.82510 52.95891
0.82511 52.93545
0.82512 52.91203
0.82512 52.88869
0.82513 52.86548
0.82514 52.84241
0.82515 52.81954
0.82516 52.79689
0.82516 52.77448
0.82517 52.75233
0.82518 52.73048
0.82519 52.70893
0.82520 52.68772
0.82520 52.66686
0.82521 52.64637
0.82522 52.62626
0.82523 52.60657
0.82524 52.58730
0.82524 52.56850
0.82525 52.55017
0.82526 52.53233
0.82527 52.51501
0.82528 52.49821
0.82528 52.48197
0.82529 52.46629
0.82530 52.45117
0.82531 52.43661
0.82532 52.42260
0.82532 52.40914
0.82533 52.39624
0.82534 52.38389
0.82535 52.37211
0.82536 52.36090
0.82536 52.35025
0.82537 52.34017
0.82538 52.33067
0.82539 52.32174
0.82540 52.31339
0.82540 52.30561
0.82541 52.29841
0.82542 52.29177
0.82543 52.28571
0.82544 52.28022
0.82544 52.27528
0.82545 52.27090
0.82546 52.26706
0.82547 52.26376
0.82548 52.26098
0.82548 52.25870
0.82549 52.25692
0.82550 52.25561
0.82551 52.25475
0.82552 52.25434
0.82552 52.25436
0.82553 52.25480
0.82554 52.25566
0.82555 52.25694
0.82556 52.25861
0.82556 52.26067
0.82557 52.26311
0.82558 52.26593
0.82559 52.26912
0.82560 52.27269
0.82560 52.27660
0.82561 52.28086
0.82562 52.28543
0.82563 52.29027
0.82564 52.29538
0.82564 52.30073
0.82565 52.30630
0.82566 52.31207
0.82567 52.31802
0.82568 52.32413
0.82568 52.33039
0.82569 52.33677
0.82570 52.34326
0.82571 52.34986
0.82572 52.35654
0.82572 52.36330
0.82573 52.37011
0.82574 52.37698
0.82575 52.38388
0.82576 52.39080
0.82576 52.39773
0.82577 52.40466
0.82578 52.41158
0.82579 52.41846
0.82580 52.42530
0.82580 52.43208
0.82581 52.43880
0.82582 52.44544
0.82583 52.45198
0.82584 52.45842
0.82584 52.46474
0.82585 52.47093
0.82586 52.47699
0.82587 52.48290
0.82588 52.48864
0.82588 52.49419
0.82589 52.49954
0.82590 52.50467
0.82591 52.50957
0.82592 52.51422
0.82592 52.51862
0.82593 52.52274
0.82594 52.52659
0.82595 52.53019
0.82596 52.53354
0.82596 52.53664
0.82597 52.53949
0.82598 52.54213
0.82599 52.54456
0.82600 52.54680
0.82600 52.54887
0.82601 52.55077
0.82602 52.55254
0.82603 52.55417
0.82604 52.55567
0.82604 52.55705
0.82605 52.55830
0.82606 52.55946
0.82607 52.56053
0.82608 52.56152
0.82608 52.56245
0.82609 52.56330
0.82610 52.56409
0.82611 52.56484
0.82612 52.56553
0.82612 52.56618
0.82613 52.56680
0.82614 52.56740
0.82615 52.56797
0.82616 52.56852
0.82616 52.56907
0.82617 52.56961
0.82618 52.57016
0.82619 52.57072
0.82620 52.57130
0.82620 52.57190
0.82621 52.57253
0.82622 52.57319
0.82623 52.57389
0.82624 52.57462
0.82624 52.57539
0.82625 52.57620
0.82626 52.57705
0.82627 52.57795
0.82628 52.57890
0.82628 52.57989
0.82629 52.58094
0.82630 52.58204
0.82631 52.58321
0.82632 52.58444
0.82632 52.58572
0.82633 52.58705
0.82634 52.58842
0.82635 52.58984
0.82636 52.59128
0.82636 52.59275
0.82637 52.59426
0.82638 52.59581
0.82639 52.59742
0.82640 52.59908
0.82640 52.60081
0.82641 52.60262
0.82642 52.60451
0.82643 52.60649
0.82644 52.60857
0.82644 52.61074
0.82645 52.61301
0.82646 52.61537
0.82647 52.61783
0.82648 52.62039
0.82648 52.62303
0.82649 52.62575
0.82650 52.62856
0.82651 52.63144
0.82652 52.63440
0.82652 52.63743
0.82653 52.64054
0.82654 52.64373
0.82655 52.64701
0.82656 52.65038
0.82656 52.65384
0.82657 52.65739
0.82658 52.66102
0.82659 52.66471
0.82660 52.66849
0.82660 52.67233
0.82661 52.67624
0.82662 52.68022
0.82663 52.68426
0.82664 52.68837
0.82664 52.69254
0.82665 52.69677
0.82666 52.70105
0.82667 52.70539
0.82668 52.70978
0.82668 52.71421
0.82669 52.71867
0.82670 52.72317
0.82671 52.72771
0.82672 52.73227
0.82672 52.73685
0.82673 52.74146
0.82674 52.74610
0.82675 52.75076
0.82676 52.75544
0.82676 52.76015
0.82677 52.76487
0.82678 52.76961
0.82679 52.77438
0.82680 52.77916
0.82680 52.78394
0.82681 52.78874
0.82682 52.79355
0.82683 52.79837
0.82684 52.80324
0.82684 52.80815
0.82685 52.81312
0.82686 52.81817
0.82687 52.82330
0.82688 52.82851
0.82688 52.83379
0.82689 52.83915
0.82690 52.84460
0.82691 52.85014
0.82692 52.85578
0.82692 52.86152
0.82693 52.86737
0.82694 52.87333
0.82695 52.87942
0.82696 52.88562
0.82696 52.89195
0.82697 52.89840
0.82698 52.90499
0.82699 52.91172
0.82700 52.91861
0.82700 52.92566
0.82701 52.93288
0.82702 52.94026
0.82703 52.94782
0.82704 52.95557
0.82704 52.96351
0.82705 52.97164
0.82706 52.97996
0.82707 52.98847
0.82708 52.99718
0.82708 53.00609
0.82709 53.01520
0.82710 53.02454
0.82711 53.03409
0.82712 53.04388
0.82712 53.05392
0.82713 53.06419
0.82714 53.07471
0.82715 53.08547
0.82716 53.09647
0.82716 53.10774
0.82717 53.11928
0.82718 53.13111
0.82719 53.14323
0.82720 53.15565
0.82720 53.16839
0.82721 53.18145
0.82722 53.19484
0.82723 53.20857
0.82724 53.22263
0.82724 53.23704
0.82725 53.25179
0.82726 53.26689
0.82727 53.28236
0.82728 53.29818
0.82728 53.31438
0.82729 53.33094
0.82730 53.34788
0.82731 53.36521
0.82732 53.38293
0.82732 53.40106
0.82733 53.41959
0.82734 53.43852
0.82735 53.45784
0.82736 53.47757
0.82736 53.49769
0.82737 53.51822
0.82738 53.53916
0.82739 53.56052
0.82740 53.58231
0.82740 53.60451
0.82741 53.62713
0.82742 53.65016
0.82743 53.67360
0.82744 53.69746
0.82744 53.72172
0.82745 53.74639
0.82746 53.77148
0.82747 53.79696
0.82748 53.82285
0.82748 53.84914
0.82749 53.87582
0.82750 53.90288
0.82751 53.93033
0.82752 53.95815
0.82752 53.98634
0.82753 54.01489
0.82754 54.04378
0.82755 54.07302
0.82756 54.10259
0.82756 54.13250
0.82757 54.16274
0.82758 54.19332
0.82759 54.22422
0.82760 54.25545
0.82760 54.28700
0.82761 54.31887
0.82762 54.35103
0.82763 54.38350
0.82764 54.41628
0.82764 54.44936
0.82765 54.48275
0.82766 54.51646
0.82767 54.55046
0.82768 54.58477
0.82768 54.61936
0.82769 54.65422
0.82770 54.68932
0.82771 54.72464
0.82772 54.76017
0.82772 54.79591
0.82773 54.83182
0.82774 54.86789
0.82775 54.90407
0.82776 54.94035
0.82776 54.97667
0.82777 55.01301
0.82778 55.04935
0.82779 55.08566
0.82780 55.12191
0.82780 55.15809
0.82781 55.19417
0.82782 55.23013
0.82783 55.26593
0.82784 55.30156
0.82784 55.33698
0.82785 55.37218
0.82786 55.40711
0.82787 55.44177
0.82788 55.47612
0.82788 55.51014
0.82789 55.54379
0.82790 55.57706
0.82791 55.60993
0.82792 55.64237
0.82792 55.67436
0.82793 55.70589
0.82794 55.73693
0.82795 55.76745
0.82796 55.79745
0.82796 55.82688
0.82797 55.85574
0.82798 55.88401
0.82799 55.91167
0.82800 55.93870
0.82800 55.96507
0.82801 55.99078
0.82802 56.01580
0.82803 56.04012
0.82804 56.06373
0.82804 56.08661
0.82805 56.10874
0.82806 56.13011
0.82807 56.15069
0.82808 56.17047
0.82808 56.18943
0.82809 56.20754
0.82810 56.22479
0.82811 56.24117
0.82812 56.25668
0.82812 56.27129
0.82813 56.28499
0.82814 56.29776
0.82815 56.30957
0.82816 56.32041
0.82816 56.33026
0.82817 56.33911
0.82818 56.34693
0.82819 56.35373
0.82820 56.35948
0.82820 56.36425
0.82821 56.36806
0.82822 56.37086
0.82823 56.37269
0.82824 56.37355
0.82824 56.37348
0.82825 56.37254
0.82826 56.37078
0.82827 56.36821
0.82828 56.36492
0.82828 56.36091
0.82829 56.35623
0.82830 56.35091
0.82831 56.34497
0.82832 56.33844
0.82832 56.33134
0.82833 56.32369
0.82834 56.31551
0.82835 56.30683
0.82836 56.29766
0.82836 56.28803
0.82837 56.27794
0.82838 56.26742
0.82839 56.25649
0.82840 56.24516
0.82840 56.23345
0.82841 56.22138
0.82842 56.20896
0.82843 56.19622
0.82844 56.18316
0.82844 56.16980
0.82845 56.15617
0.82846 56.14227
0.82847 56.12815
0.82848 56.11380
0.82848 56.09925
0.82849 56.08450
0.82850 56.06957
0.82851 56.05448
0.82852 56.03925
0.82852 56.02388
0.82853 56.00840
0.82854 55.99283
0.82855 55.97716
0.82856 55.96144
0.82856 55.94565
0.82857 55.92984
0.82858 55.91402
0.82859 55.89821
0.82860 55.88244
0.82860 55.86673
0.82861 55.85109
0.82862 55.83553
0.82863 55.82006
0.82864 55.80471
0.82864 55.78950
0.82865 55.77445
0.82866 55.75958
0.82867 55.74491
0.82868 55.73045
0.82868 55.71622
0.82869 55.70223
0.82870 55.68850
0.82871 55.67500
0.82872 55.66173
0.82872 55.64872
0.82873 55.63597
0.82874 55.62347
0.82875 55.61122
0.82876 55.59919
0.82876 55.58739
0.82877 55.57582
0.82878 55.56444
0.82879 55.55325
0.82880 55.54225
0.82880 55.53141
0.82881 55.52075
0.82882 55.51024
0.82883 55.49990
0.82884 55.48974
0.82884 55.47977
0.82885 55.47003
0.82886 55.46053
0.82887 55.45128
0.82888 55.44231
0.82888 55.43364
0.82889 55.42527
0.82890 55.41723
0.82891 55.40954
0.82892 55.40220
0.82892 55.39525
0.82893 55.38868
0.82894 55.38251
0.82895 55.37674
0.82896 55.37139
0.82896 55.36647
0.82897 55.36198
0.82898 55.35793
0.82899 55.35434
0.82900 55.35122
0.82900 55.34858
0.82901 55.34644
0.82902 55.34481
0.82903 55.34369
0.82904 55.34309
0.82904 55.34303
0.82905 55.34351
0.82906 55.34455
0.82907 55.34615
0.82908 55.34833
0.82908 55.35107
0.82909 55.35438
0.82910 55.35825
0.82911 55.36269
0.82912 55.36769
0.82912 55.37327
0.82913 55.37940
0.82914 55.38608
0.82915 55.39328
0.82916 55.40102
0.82916 55.40928
0.82917 55.41804
0.82918 55.42730
0.82919 55.43705
0.82920 55.44728
0.82920 55.45798
0.82921 55.46914
0.82922 55.48076
0.82923 55.49282
0.82924 55.50532
0.82924 55.51824
0.82925 55.53158
0.82926 55.54531
0.82927 55.55942
0.82928 55.57389
0.82928 55.58869
0.82929 55.60383
0.82930 55.61930
0.82931 55.63509
0.82932 55.65118
0.82932 55.66757
0.82933 55.68424
0.82934 55.70117
0.82935 55.71834
0.82936 55.73571
0.82936 55.75326
0.82937 55.77095
0.82938 55.78876
0.82939 55.80664
0.82940 55.82456
0.82940 55.84252
0.82941 55.86047
0.82942 55.87838
0.82943 55.89624
0.82944 55.91401
0.82944 55.93170
0.82945 55.94926
0.82946 55.96669
0.82947 55.98396
0.82948 56.00105
0.82948 56.01795
0.82949 56.03461
0.82950 56.05103
0.82951 56.06718
0.82952 56.08302
0.82952 56.09855
0.82953 56.11373
0.82954 56.12855
0.82955 56.14300
0.82956 56.15703
0.82956 56.17064
0.82957 56.18380
0.82958 56.19648
0.82959 56.20868
0.82960 56.22038
0.82960 56.23155
0.82961 56.24219
0.82962 56.25230
0.82963 56.26187
0.82964 56.27091
0.82964 56.27942
0.82965 56.28742
0.82966 56.29491
0.82967 56.30189
0.82968 56.30838
0.82968 56.31438
0.82969 56.31990
0.82970 56.32495
0.82971 56.32955
0.82972 56.33370
0.82972 56.33742
0.82973 56.34071
0.82974 56.34357
0.82975 56.34602
0.82976 56.34807
0.82976 56.34973
0.82977 56.35103
0.82978 56.35197
0.82979 56.35258
0.82980 56.35285
0.82980 56.35281
0.82981 56.35244
0.82982 56.35173
0.82983 56.35070
0.82984 56.34933
0.82984 56.34760
0.82985 56.34553
0.82986 56.34309
0.82987 56.34031
0.82988 56.33716
0.82988 56.33366
0.82989 56.32981
0.82990 56.32560
0.82991 56.32103
0.82992 56.31611
0.82992 56.31082
0.82993 56.30519
0.82994 56.29920
0.82995 56.29284
0.82996 56.28613
0.82996 56.27907
0.82997 56.27166
0.82998 56.26390
0.82999 56.25579
0.83000 56.24735
0.83000 56.23856
0.83001 56.22943
0.83002 56.21998
0.83003 56.21021
0.83004 56.20012
0.83004 56.18970
0.83005 56.17897
0.83006 56.16792
0.83007 56.15657
0.83008 56.14492
0.83008 56.13298
0.83009 56.12076
0.83010 56.10826
0.83011 56.09549
0.83012 56.08246
0.83012 56.06916
0.83013 56.05559
0.83014 56.04174
0.83015 56.02759
0.83016 56.01315
0.83016 55.99841
0.83017 55.98337
0.83018 55.96803
0.83019 55.95237
0.83020 55.93639
0.83020 55.92007
0.83021 55.90340
0.83022 55.88641
0.83023 55.86906
0.83024 55.85136
0.83024 55.83332
0.83025 55.81491
0.83026 55.79614
0.83027 55.77699
0.83028 55.75745
0.83028 55.73753
0.83029 55.71721
0.83030 55.69648
0.83031 55.67535
0.83032 55.65382
0.83032 55.63190
0.83033 55.60962
0.83034 55.58699
0.83035 55.56404
0.83036 55.54078
0.83036 55.51723
0.83037 55.49342
0.83038 55.46937
0.83039 55.44511
0.83040 55.42066
0.83040 55.39605
0.83041 55.37130
0.83042 55.34643
0.83043 55.32146
0.83044 55.29640
0.83044 55.27129
0.83045 55.24614
0.83046 55.22095
0.83047 55.19574
0.83048 55.17051
0.83048 55.14529
0.83049 55.12010
0.83050 55.09494
0.83051 55.06983
0.83052 55.04479
0.83052 55.01982
0.83053 54.99493
0.83054 54.97015
0.83055 54.94549
0.83056 54.92096
0.83056 54.89657
0.83057 54.87232
0.83058 54.84823
0.83059 54.82431
0.83060 54.80056
0.83060 54.77700
0.83061 54.75364
0.83062 54.73047
0.83063 54.70752
0.83064 54.68478
0.83064 54.66228
0.83065 54.64001
0.83066 54.61801
0.83067 54.59626
0.83068 54.57477
0.83068 54.55354
0.83069 54.53260
0.83070 54.51194
0.83071 54.49159
0.83072 54.47154
0.83072 54.45181
0.83073 54.43240
0.83074 54.41331
0.83075 54.39454
0.83076 54.37611
0.83076 54.35802
0.83077 54.34028
0.83078 54.32291
0.83079 54.30590
0.83080 54.28927
0.83080 54.27303
0.83081 54.25720
0.83082 54.24178
0.83083 54.22677
0.83084 54.21217
0.83084 54.19799
0.83085 54.18424
0.83086 54.17092
0.83087 54.15804
0.83088 54.14560
0.83088 54.13360
0.83089 54.12202
0.83090 54.11088
0.83091 54.10017
0.83092 54.08988
0.83092 54.08001
0.83093 54.07057
0.83094 54.06155
0.83095 54.05294
0.83096 54.04473
0.83096 54.03694
0.83097 54.02955
0.83098 54.02256
0.83099 54.01595
0.83100 54.00972
0.83100 54.00386
0.83101 53.99835
0.83102 53.99320
0.83103 53.98839
0.83104 53.98391
0.83104 53.97975
0.83105 53.97589
0.83106 53.97234
0.83107 53.96908
0.83108 53.96612
0.83108 53.96345
0.83109 53.96108
0.83110 53.95897
0.83111 53.95714
0.83112 53.95558
0.83112 53.95428
0.83113 53.95323
0.83114 53.95245
0.83115 53.95192
0.83116 53.95164
0.83116 53.95159
0.83117 53.95177
0.83118 53.95218
0.83119 53.95281
0.83120 53.95367
0.83120 53.95474
0.83121 53.95601
0.83122 53.95747
0.83123 53.95911
0.83124 53.96093
0.83124 53.96292
0.83125 53.96509
0.83126 53.96744
0.83127 53.96995
0.83128 53.97261
0.83128 53.97544
0.83129 53.97842
0.83130 53.98154
0.83131 53.98480
0.83132 53.98820
0.83132 53.99173
0.83133 53.99538
0.83134 53.99915
0.83135 54.00302
0.83136 54.00697
0.83136 54.01101
0.83137 54.01511
0.83138 54.01927
0.83139 54.02349
0.83140 54.02775
0.83140 54.03207
0.83141 54.03643
0.83142 54.04085
0.83143 54.04530
0.83144 54.04977
0.83144 54.05427
0.83145 54.05877
0.83146 54.06329
0.83147 54.06782
0.83148 54.07236
0.83148 54.07693
0.83149 54.08153
0.83150 54.08616
0.83151 54.09082
0.83152 54.09553
0.83152 54.10027
0.83153 54.10507
0.83154 54.10992
0.83155 54.11483
0.83156 54.11982
0.83156 54.12488
0.83157 54.13001
0.83158 54.13522
0.83159 54.14049
0.83160 54.14583
0.83160 54.15125
0.83161 54.15674
0.83162 54.16229
0.83163 54.16791
0.83164 54.17359
0.83164 54.17933
0.83165 54.18512
0.83166 54.19096
0.83167 54.19686
0.83168 54.20282
0.83168 54.20883
0.83169 54.21490
0.83170 54.22103
0.83171 54.22720
0.83172 54.23344
0.83172 54.23973
0.83173 54.24609
0.83174 54.25252
0.83175 54.25901
0.83176 54.26557
0.83176 54.27219
0.83177 54.27887
0.83178 54.28560
0.83179 54.29240
0.83180 54.29923
0.83180 54.30610
0.83181 54.31300
0.83182 54.31993
0.83183 54.32688
0.83184 54.33385
0.83184 54.34084
0.83185 54.34785
0.83186 54.35487
0.83187 54.36189
0.83188 54.36892
0.83188 54.37595
0.83189 54.38298
0.83190 54.38999
0.83191 54.39698
0.83192 54.40393
0.83192 54.41083
0.83193 54.41769
0.83194 54.42453
0.83195 54.43135
0.83196 54.43817
0.83196 54.44498
0.83197 54.45180
0.83198 54.45862
0.83199 54.46545
0.83200 54.47229
0.83200 54.47915
0.83201 54.48605
0.83202 54.49300
0.83203 54.50000
0.83204 54.50704
0.83204 54.51415
0.83205 54.52131
0.83206 54.52854
0.83207 54.53584
0.83208 54.54321
0.83208 54.55065
0.83209 54.55819
0.83210 54.56582
0.83211 54.57353
0.83212 54.58134
0.83212 54.58926
0.83213 54.59727
0.83214 54.60538
0.83215 54.61360
0.83216 54.62193
0.83216 54.63036
0.83217 54.63888
0.83218 54.64749
0.83219 54.65619
0.83220 54.66498
0.83220 54.67385
0.83221 54.68281
0.83222 54.69185
0.83223 54.70098
0.83224 54.71018
0.83224 54.71944
0.83225 54.72876
0.83226 54.73813
0.83227 54.74756
0.83228 54.75703
0.83228 54.76657
0.83229 54.77616
0.83230 54.78583
0.83231 54.79557
0.83232 54.80539
0.83232 54.81531
0.83233 54.82532
0.83234 54.83542
0.83235 54.84563
0.83236 54.85594
0.83236 54.86636
0.83237 54.87688
0.83238 54.88750
0.83239 54.89823
0.83240 54.90906
0.83240 54.91999
0.83241 54.93103
0.83242 54.94217
0.83243 54.95342
0.83244 54.96478
0.83244 54.97623
0.83245 54.98776
0.83246 54.99938
0.83247 55.01105
0.83248 55.02276
0.83248 55.03451
0.83249 55.04628
0.83250 55.05805
0.83251 55.06981
0.83252 55.08154
0.83252 55.09321
0.83253 55.10482
0.83254 55.11637
0.83255 55.12783
0.83256 55.13921
0.83256 55.15050
0.83257 55.16169
0.83258 55.17279
0.83259 55.18377
0.83260 55.19464
0.83260 55.20538
0.83261 55.21600
0.83262 55.22650
0.83263 55.23688
0.83264 55.24714
0.83264 55.25731
0.83265 55.26738
0.83266 55.27736
0.83267 55.28728
0.83268 55.29713
0.83268 55.30693
0.83269 55.31670
0.83270 55.32645
0.83271 55.33617
0.83272 55.34588
0.83272 55.35554
0.83273 55.36517
0.83274 55.37475
0.83275 55.38428
0.83276 55.39376
0.83276 55.40319
0.83277 55.41256
0.83278 55.42188
0.83279 55.43113
0.83280 55.44030
0.83280 55.44939
0.83281 55.45838
0.83282 55.46726
0.83283 55.47602
0.83284 55.48464
0.83284 55.49312
0.83285 55.50143
0.83286 55.50959
0.83287 55.51757
0.83288 55.52539
0.83288 55.53305
0.83289 55.54055
0.83290 55.54789
0.83291 55.55506
0.83292 55.56207
0.83292 55.56892
0.83293 55.57562
0.83294 55.58214
0.83295 55.58849
0.83296 55.59465
0.83296 55.60062
0.83297 55.60642
0.83298 55.61205
0.83299 55.61750
0.83300 55.62278
0.83300 55.62789
0.83301 55.63284
0.83302 55.63763
0.83303 55.64228
0.83304 55.64677
0.83304 55.65111
0.83305 55.65529
0.83306 55.65931
0.83307 55.66316
0.83308 55.66683
0.83308 55.67031
0.83309 55.67361
0.83310 55.67672
0.83311 55.67961
0.83312 55.68228
0.83312 55.68471
0.83313 55.68688
0.83314 55.68878
0.83315 55.69038
0.83316 55.69167
0.83316 55.69262
0.83317 55.69321
0.83318 55.69341
0.83319 55.69322
0.83320 55.69259
0.83320 55.69151
0.83321 55.68995
0.83322 55.68793
0.83323 55.68548
0.83324 55.68261
0.83324 55.67934
0.83325 55.67570
0.83326 55.67169
0.83327 55.66734
0.83328 55.66265
0.83328 55.65762
0.83329 55.65229
0.83330 55.64664
0.83331 55.64069
0.83332 55.63445
0.83332 55.62793
0.83333 55.62114
0.83334 55.61409
0.83335 55.60679
0.83336 55.59926
0.83336 55.59149
0.83337 55.58352
0.83338 55.57532
0.83339 55.56689
0.83340 55.55824
0.83340 55.54936
0.83341 55.54027
0.83342 55.53096
0.83343 55.52142
0.83344 55.51167
0.83344 55.50171
0.83345 55.49156
0.83346 55.48124
0.83347 55.47075
0.83348 55.46010
0.83348 55.44930
0.83349 55.43834
0.83350 55.42726
0.83351 55.41603
0.83352 55.40468
0.83352 55.39320
0.83353 55.38160
0.83354 55.36988
0.83355 55.35806
0.83356 55.34614
0.83356 55.33414
0.83357 55.32206
0.83358 55.30993
0.83359 55.29773
0.83360 55.28550
0.83360 55.27326
0.83361 55.26101
0.83362 55.24881
0.83363 55.23666
0.83364 55.22459
0.83364 55.21263
0.83365 55.20079
0.83366 55.18912
0.83367 55.17764
0.83368 55.16638
0.83368 55.15537
0.83369 55.14465
0.83370 55.13424
0.83371 55.12419
0.83372 55.11451
0.83372 55.10521
0.83373 55.09629
0.83374 55.08776
0.83375 55.07961
0.83376 55.07185
0.83376 55.06448
0.83377 55.05749
0.83378 55.05090
0.83379 55.04470
0.83380 55.03890
0.83380 55.03353
0.83381 55.02857
0.83382 55.02404
0.83383 55.01995
0.83384 55.01630
0.83384 55.01309
0.83385 55.01033
0.83386 55.00802
0.83387 55.00616
0.83388 55.00475
0.83388 55.00379
0.83389 55.00329
0.83390 55.00325
0.83391 55.00369
0.83392 55.00459
0.83392 55.00596
0.83393 55.00782
0.83394 55.01016
0.83395 55.01296
0.83396 55.01623
0.83396 55.01995
0.83397 55.02412
0.83398 55.02874
0.83399 55.03380
0.83400 55.03928
0.83400 55.04519
0.83401 55.05153
0.83402 55.05828
0.83403 55.06544
0.83404 55.07302
0.83404 55.08101
0.83405 55.08940
0.83406 55.09818
0.83407 55.10733
0.83408 55.11686
0.83408 55.12675
0.83409 55.13698
0.83410 55.14755
0.83411 55.15843
0.83412 55.16961
0.83412 55.18106
0.83413 55.19276
0.83414 55.20467
0.83415 55.21679
0.83416 55.22909
0.83416 55.24155
0.83417 55.25414
0.83418 55.26683
0.83419 55.27959
0.83420 55.29241
0.83420 55.30525
0.83421 55.31810
0.83422 55.33093
0.83423 55.34373
0.83424 55.35647
0.83424 55.36914
0.83425 55.38171
0.83426 55.39417
0.83427 55.40649
0.83428 55.41868
0.83428 55.43071
0.83429 55.44256
0.83430 55.45423
0.83431 55.46569
0.83432 55.47693
0.83432 55.48793
0.83433 55.49868
0.83434 55.50917
0.83435 55.51939
0.83436 55.52934
0.83436 55.53899
0.83437 55.54835
0.83438 55.55741
0.83439 55.56616
0.83440 55.57460
0.83440 55.58273
0.83441 55.59053
0.83442 55.59801
0.83443 55.60514
0.83444 55.61194
0.83444 55.61840
0.83445 55.62451
0.83446 55.63029
0.83447 55.63573
0.83448 55.64083
0.83448 55.64560
0.83449 55.65002
0.83450 55.65413
0.83451 55.65790
0.83452 55.66134
0.83452 55.66446
0.83453 55.66724
0.83454 55.66970
0.83455 55.67181
0.83456 55.67359
0.83456 55.67505
0.83457 55.67618
0.83458 55.67700
0.83459 55.67751
0.83460 55.67774
0.83460 55.67768
0.83461 55.67736
0.83462 55.67677
0.83463 55.67595
0.83464 55.67492
0.83464 55.67368
0.83465 55.67226
0.83466 55.67067
0.83467 55.66892
0.83468 55.66704
0.83468 55.66503
0.83469 55.66292
0.83470 55.66071
0.83471 55.65842
0.83472 55.65605
0.83472 55.65362
0.83473 55.65114
0.83474 55.64862
0.83475 55.64607
0.83476 55.64352
0.83476 55.64097
0.83477 55.63844
0.83478 55.63592
0.83479 55.63342
0.83480 55.63096
0.83480 55.62853
0.83481 55.62616
0.83482 55.62385
0.83483 55.62161
0.83484 55.61945
0.83484 55.61738
0.83485 55.61542
0.83486 55.61356
0.83487 55.61182
0.83488 55.61022
0.83488 55.60876
0.83489 55.60744
0.83490 55.60628
0.83491 55.60529
0.83492 55.60448
0.83492 55.60386
0.83493 55.60344
0.83494 55.60322
0.83495 55.60320
0.83496 55.60340
0.83496 55.60383
0.83497 55.60450
0.83498 55.60540
0.83499 55.60655
0.83500 55.60796
0.83500 55.60962
0.83501 55.61154
0.83502 55.61374
0.83503 55.61621
0.83504 55.61897
0.83504 55.62203
0.83505 55.62539
0.83506 55.62906
0.83507 55.63305
0.83508 55.63734
0.83508 55.64195
0.83509 55.64687
0.83510 55.65210
0.83511 55.65763
0.83512 55.66347
0.83512 55.66963
0.83513 55.67609
0.83514 55.68287
0.83515 55.68995
0.83516 55.69733
0.83516 55.70501
0.83517 55.71298
0.83518 55.72122
0.83519 55.72974
0.83520 55.73856
0.83520 55.74766
0.83521 55.75704
0.83522 55.76672
0.83523 55.77669
0.83524 55.78696
0.83524 55.79753
0.83525 55.80839
0.83526 55.81953
0.83527 55.83096
0.83528 55.84267
0.83528 55.85468
0.83529 55.86697
0.83530 55.87955
0.83531 55.89242
0.83532 55.90557
0.83532 55.91899
0.83533 55.93269
0.83534 55.94667
0.83535 55.96092
0.83536 55.97544
0.83536 55.99023
0.83537 56.00528
0.83538 56.02059
0.83539 56.03616
0.83540 56.05198
0.83540 56.06804
0.83541 56.08433
0.83542 56.10086
0.83543 56.11761
0.83544 56.13457
0.83544 56.15175
0.83545 56.16913
0.83546 56.18671
0.83547 56.20449
0.83548 56.22244
0.83548 56.24057
0.83549 56.25887
0.83550 56.27733
0.83551 56.29594
0.83552 56.31472
0.83552 56.33364
0.83553 56.35270
0.83554 56.37189
0.83555 56.39120
0.83556 56.41064
0.83556 56.43018
0.83557 56.44984
0.83558 56.46961
0.83559 56.48950
0.83560 56.50948
0.83560 56.52955
0.83561 56.54969
0.83562 56.56986
0.83563 56.59004
0.83564 56.61021
0.83564 56.63033
0.83565 56.65039
0.83566 56.67036
0.83567 56.69024
0.83568 56.71000
0.83568 56.72963
0.83569 56.74910
0.83570 56.76837
0.83571 56.78743
0.83572 56.80625
0.83572 56.82480
0.83573 56.84304
0.83574 56.86096
0.83575 56.87852
0.83576 56.89572
0.83576 56.91253
0.83577 56.92896
0.83578 56.94498
0.83579 56.96057
0.83580 56.97572
0.83580 56.99041
0.83581 57.00462
0.83582 57.01834
0.83583 57.03155
0.83584 57.04422
0.83584 57.05633
0.83585 57.06787
0.83586 57.07881
0.83587 57.08914
0.83588 57.09882
0.83588 57.10784
0.83589 57.11617
0.83590 57.12379
0.83591 57.13069
0.83592 57.13687
0.83592 57.14229
0.83593 57.14695
0.83594 57.15084
0.83595 57.15394
0.83596 57.15623
0.83596 57.15770
0.83597 57.15834
0.83598 57.15814
0.83599 57.15708
0.83600 57.15516
0.83600 57.15235
0.83601 57.14866
0.83602 57.14406
0.83603 57.13856
0.83604 57.13214
0.83604 57.12481
0.83605 57.11655
0.83606 57.10735
0.83607 57.09721
0.83608 57.08612
0.83608 57.07405
0.83609 57.06100
0.83610 57.04698
0.83611 57.03200
0.83612 57.01609
0.83612 56.99927
0.83613 56.98158
0.83614 56.96306
0.83615 56.94374
0.83616 56.92364
0.83616 56.90281
0.83617 56.88126
0.83618 56.85903
0.83619 56.83614
0.83620 56.81263
0.83620 56.78855
0.83621 56.76391
0.83622 56.73877
0.83623 56.71317
0.83624 56.68714
0.83624 56.66072
0.83625 56.63392
0.83626 56.60679
0.83627 56.57934
0.83628 56.55158
0.83628 56.52356
0.83629 56.49529
0.83630 56.46679
0.83631 56.43810
0.83632 56.40924
0.83632 56.38024
0.83633 56.35115
0.83634 56.32199
0.83635 56.29280
0.83636 56.26362
0.83636 56.23448
0.83637 56.20540
0.83638 56.17643
0.83639 56.14762
0.83640 56.11898
0.83640 56.09056
0.83641 56.06239
0.83642 56.03450
0.83643 56.00690
0.83644 55.97964
0.83644 55.95274
0.83645 55.92623
0.83646 55.90015
0.83647 55.87451
0.83648 55.84935
0.83648 55.82468
0.83649 55.80053
0.83650 55.77692
0.83651 55.75386
0.83652 55.73140
0.83652 55.70952
0.83653 55.68827
0.83654 55.66764
0.83655 55.64766
0.83656 55.62833
0.83656 55.60969
0.83657 55.59174
0.83658 55.57452
0.83659 55.55804
0.83660 55.54231
0.83660 55.52736
0.83661 55.51318
0.83662 55.49978
0.83663 55.48715
0.83664 55.47530
0.83664 55.46422
0.83665 55.45389
0.83666 55.44433
0.83667 55.43551
0.83668 55.42743
0.83668 55.42008
0.83669 55.41347
0.83670 55.40757
0.83671 55.40239
0.83672 55.39790
0.83672 55.39409
0.83673 55.39094
0.83674 55.38844
0.83675 55.38657
0.83676 55.38535
0.83676 55.38476
0.83677 55.38479
0.83678 55.38545
0.83679 55.38672
0.83680 55.38858
0.83680 55.39103
0.83681 55.39408
0.83682 55.39770
0.83683 55.40189
0.83684 55.40663
0.83684 55.41190
0.83685 55.41769
0.83686 55.42398
0.83687 55.43076
0.83688 55.43802
0.83688 55.44575
0.83689 55.45393
0.83690 55.46255
0.83691 55.47159
0.83692 55.48103
0.83692 55.49086
0.83693 55.50107
0.83694 55.51165
0.83695 55.52256
0.83696 55.53380
0.83696 55.54536
0.83697 55.55722
0.83698 55.56938
0.83699 55.58183
0.83700 55.59455
0.83700 55.60755
0.83701 55.62080
0.83702 55.63431
0.83703 55.64805
0.83704 55.66202
0.83704 55.67622
0.83705 55.69063
0.83706 55.70525
0.83707 55.72007
0.83708 55.73509
0.83708 55.75029
0.83709 55.76565
0.83710 55.78119
0.83711 55.79688
0.83712 55.81272
0.83712 55.82869
0.83713 55.84480
0.83714 55.86102
0.83715 55.87736
0.83716 55.89381
0.83716 55.91036
0.83717 55.92701
0.83718 55.94374
0.83719 55.96055
0.83720 55.97745
0.83720 55.99441
0.83721 56.01143
0.83722 56.02851
0.83723 56.04566
0.83724 56.06287
0.83724 56.08013
0.83725 56.09746
0.83726 56.11483
0.83727 56.13224
0.83728 56.14970
0.83728 56.16721
0.83729 56.18475
0.83730 56.20234
0.83731 56.21997
0.83732 56.23763
0.83732 56.25532
0.83733 56.27305
0.83734 56.29080
0.83735 56.30857
0.83736 56.32638
0.83736 56.34422
0.83737 56.36209
0.83738 56.37999
0.83739 56.39792
0.83740 56.41587
0.83740 56.43384
0.83741 56.45183
0.83742 56.46985
0.83743 56.48791
0.83744 56.50599
0.83744 56.52410
0.83745 56.54226
0.83746 56.56045
0.83747 56.57869
0.83748 56.59696
0.83748 56.61527
0.83749 56.63362
0.83750 56.65201
0.83751 56.67044
0.83752 56.68892
0.83752 56.70744
0.83753 56.72600
0.83754 56.74459
0.83755 56.76319
0.83756 56.78181
0.83756 56.80042
0.83757 56.81900
0.83758 56.83755
0.83759 56.85604
0.83760 56.87446
0.83760 56.89276
0.83761 56.91093
0.83762 56.92895
0.83763 56.94680
0.83764 56.96445
0.83764 56.98188
0.83765 56.99908
0.83766 57.01600
0.83767 57.03263
0.83768 57.04894
0.83768 57.06493
0.83769 57.08056
0.83770 57.09581
0.83771 57.11068
0.83772 57.12513
0.83772 57.13916
0.83773 57.15274
0.83774 57.16586
0.83775 57.17850
0.83776 57.19064
0.83776 57.20226
0.83777 57.21335
0.83778 57.22389
0.83779 57.23385
0.83780 57.24322
0.83780 57.25199
0.83781 57.26014
0.83782 57.26765
0.83783 57.27451
0.83784 57.28071
0.83784 57.28624
0.83785 57.29107
0.83786 57.29518
0.83787 57.29857
0.83788 57.30121
0.83788 57.30308
0.83789 57.30418
0.83790 57.30449
0.83791 57.30400
0.83792 57.30269
0.83792 57.30056
0.83793 57.29759
0.83794 57.29377
0.83795 57.28908
0.83796 57.28352
0.83796 57.27707
0.83797 57.26972
0.83798 57.26146
0.83799 57.25228
0.83800 57.24216
0.83800 57.23109
0.83801 57.21905
0.83802 57.20602
0.83803 57.19201
0.83804 57.17702
0.83804 57.16106
0.83805 57.14415
0.83806 57.12631
0.83807 57.10754
0.83808 57.08787
0.83808 57.06733
0.83809 57.04596
0.83810 57.02379
0.83811 57.00087
0.83812 56.97724
0.83812 56.95293
0.83813 56.92799
0.83814 56.90245
0.83815 56.87636
0.83816 56.84975
0.83816 56.82267
0.83817 56.79515
0.83818 56.76725
0.83819 56.73899
0.83820 56.71041
0.83820 56.68157
0.83821 56.65247
0.83822 56.62317
0.83823 56.59370
0.83824 56.56406
0.83824 56.53431
0.83825 56.50446
0.83826 56.47456
0.83827 56.44461
0.83828 56.41466
0.83828 56.38473
0.83829 56.35485
0.83830 56.32505
0.83831 56.29536
0.83832 56.26579
0.83832 56.23639
0.83833 56.20717
0.83834 56.17816
0.83835 56.14940
0.83836 56.12090
0.83836 56.09271
0.83837 56.06484
0.83838 56.03732
0.83839 56.01019
0.83840 55.98346
0.83840 55.95715
0.83841 55.93129
0.83842 55.90588
0.83843 55.88096
0.83844 55.85653
0.83844 55.83262
0.83845 55.80927
0.83846 55.78646
0.83847 55.76424
0.83848 55.74262
0.83848 55.72161
0.83849 55.70124
0.83850 55.68153
0.83851 55.66252
0.83852 55.64422
0.83852 55.62666
0.83853 55.60984
0.83854 55.59377
0.83855 55.57845
0.83856 55.56389
0.83856 55.55010
0.83857 55.53707
0.83858 55.52480
0.83859 55.51329
0.83860 55.50252
0.83860 55.49248
0.83861 55.48317
0.83862 55.47457
0.83863 55.46666
0.83864 55.45944
0.83864 55.45290
0.83865 55.44702
0.83866 55.44182
0.83867 55.43726
0.83868 55.43335
0.83868 55.43005
0.83869 55.42735
0.83870 55.42526
0.83871 55.42375
0.83872 55.42282
0.83872 55.42245
0.83873 55.42263
0.83874 55.42333
0.83875 55.42453
0.83876 55.42621
0.83876 55.42836
0.83877 55.43093
0.83878 55.43394
0.83879 55.43737
0.83880 55.44120
0.83880 55.44540
0.83881 55.44996
0.83882 55.45487
0.83883 55.46011
0.83884 55.46566
0.83884 55.47150
0.83885 55.47760
0.83886 55.48396
0.83887 55.49056
0.83888 55.49736
0.83888 55.50435
0.83889 55.51148
0.83890 55.51872
0.83891 55.52604
0.83892 55.53341
0.83892 55.54079
0.83893 55.54814
0.83894 55.55544
0.83895 55.56264
0.83896 55.56968
0.83896 55.57656
0.83897 55.58323
0.83898 55.58967
0.83899 55.59585
0.83900 55.60174
0.83900 55.60731
0.83901 55.61250
0.83902 55.61730
0.83903 55.62168
0.83904 55.62561
0.83904 55.62907
0.83905 55.63203
0.83906 55.63448
0.83907 55.63639
0.83908 55.63774
0.83908 55.63850
0.83909 55.63866
0.83910 55.63819
0.83911 55.63708
0.83912 55.63529
0.83912 55.63282
0.83913 55.62964
0.83914 55.62573
0.83915 55.62107
0.83916 55.61566
0.83916 55.60945
0.83917 55.60244
0.83918 55.59461
0.83919 55.58595
0.83920 55.57645
0.83920 55.56607
0.83921 55.55481
0.83922 55.54264
0.83923 55.52956
0.83924 55.51558
0.83924 55.50074
0.83925 55.48502
0.83926 55.46845
0.83927 55.45106
0.83928 55.43283
0.83928 55.41378
0.83929 55.39392
0.83930 55.37325
0.83931 55.35179
0.83932 55.32955
0.83932 55.30651
0.83933 55.28271
0.83934 55.25813
0.83935 55.23278
0.83936 55.20668
0.83936 55.17983
0.83937 55.15223
0.83938 55.12390
0.83939 55.09488
0.83940 55.06523
0.83940 55.03498
0.83941 55.00417
0.83942 54.97287
0.83943 54.94114
0.83944 54.90902
0.83944 54.87656
0.83945 54.84384
0.83946 54.81090
0.83947 54.77778
0.83948 54.74454
0.83948 54.71119
0.83949 54.67777
0.83950 54.64429
0.83951 54.61080
0.83952 54.57733
0.83952 54.54392
0.83953 54.51060
0.83954 54.47739
0.83955 54.44430
0.83956 54.41137
0.83956 54.37861
0.83957 54.34604
0.83958 54.31369
0.83959 54.28156
0.83960 54.24970
0.83960 54.21811
0.83961 54.18681
0.83962 54.15581
0.83963 54.12515
0.83964 54.09482
0.83964 54.06485
0.83965 54.03525
0.83966 54.00602
0.83967 53.97720
0.83968 53.94879
0.83968 53.92079
0.83969 53.89324
0.83970 53.86613
0.83971 53.83950
0.83972 53.81337
0.83972 53.78774
0.83973 53.76263
0.83974 53.73804
0.83975 53.71395
0.83976 53.69038
0.83976 53.66733
0.83977 53.64478
0.83978 53.62274
0.83979 53.60121
0.83980 53.58018
0.83980 53.55966
0.83981 53.53963
0.83982 53.52010
0.83983 53.50109
0.83984 53.48260
0.83984 53.46461
0.83985 53.44715
0.83986 53.43021
0.83987 53.41379
0.83988 53.39790
0.83988 53.38253
0.83989 53.36765
0.83990 53.35325
0.83991 53.33929
0.83992 53.32576
0.83992 53.31262
0.83993 53.29986
0.83994 53.28742
0.83995 53.27530
0.83996 53.26345
0.83996 53.25182
0.83997 53.24042
0.83998 53.22924
0.83999 53.21827
0.84000 53.20752
0.84000 53.19700
0.84001 53.18670
0.84002 53.17660
0.84003 53.16671
0.84004 53.15704
0.84004 53.14758
0.84005 53.13835
0.84006 53.12934
0.84007 53.12058
0.84008 53.11205
0.84008 53.10377
0.84009 53.09574
0.84010 53.08796
0.84011 53.08044
0.84012 53.07318
0.84012 53.06621
0.84013 53.05953
0.84014 53.05313
0.84015 53.04704
0.84016 53.04127
0.84016 53.03581
0.84017 53.03068
0.84018 53.02588
0.84019 53.02143
0.84020 53.01732
0.84020 53.01356
0.84021 53.01016
0.84022 53.00709
0.84023 53.00438
0.84024 53.00201
0.84024 52.99999
0.84025 52.99833
0.84026 52.99701
0.84027 52.99603
0.84028 52.99537
0.84028 52.99504
0.84029 52.99501
0.84030 52.99529
0.84031 52.99587
0.84032 52.99674
0.84032 52.99790
0.84033 52.99931
0.84034 53.00097
0.84035 53.00288
0.84036 53.00502
0.84036 53.00738
0.84037 53.00996
0.84038 53.01273
0.84039 53.01571
0.84040 53.01889
0.84040 53.02225
0.84041 53.02581
0.84042 53.02956
0.84043 53.03349
0.84044 53.03759
0.84044 53.04189
0.84045 53.04637
0.84046 53.05105
0.84047 53.05594
0.84048 53.06102
0.84048 53.06628
0.84049 53.07171
0.84050 53.07728
0.84051 53.08299
0.84052 53.08881
0.84052 53.09475
0.84053 53.10077
0.84054 53.10687
0.84055 53.11303
0.84056 53.11922
0.84056 53.12544
0.84057 53.13166
0.84058 53.13788
0.84059 53.14407
0.84060 53.15023
0.84060 53.15633
0.84061 53.16238
0.84062 53.16834
0.84063 53.17421
0.84064 53.17997
0.84064 53.18562
0.84065 53.19112
0.84066 53.19647
0.84067 53.20166
0.84068 53.20667
0.84068 53.21148
0.84069 53.21607
0.84070 53.22043
0.84071 53.22454
0.84072 53.22841
0.84072 53.23202
0.84073 53.23537
0.84074 53.23843
0.84075 53.24122
0.84076 53.24370
0.84076 53.24589
0.84077 53.24781
0.84078 53.24947
0.84079 53.25088
0.84080 53.25207
0.84080 53.25302
0.84081 53.25375
0.84082 53.25429
0.84083 53.25464
0.84084 53.25482
0.84084 53.25485
0.84085 53.25472
0.84086 53.25446
0.84087 53.25407
0.84088 53.25356
0.84088 53.25295
0.84089 53.25224
0.84090 53.25144
0.84091 53.25056
0.84092 53.24961
0.84092 53.24859
0.84093 53.24751
0.84094 53.24639
0.84095 53.24521
0.84096 53.24398
0.84096 53.24272
0.84097 53.24141
0.84098 53.24007
0.84099 53.23869
0.84100 53.23728
0.84100 53.23585
0.84101 53.23441
0.84102 53.23296
0.84103 53.23152
0.84104 53.23010
0.84104 53.22870
0.84105 53.22734
0.84106 53.22602
0.84107 53.22475
0.84108 53.22353
0.84108 53.22239
0.84109 53.22131
0.84110 53.22033
0.84111 53.21944
0.84112 53.21865
0.84112 53.21796
0.84113 53.21738
0.84114 53.21692
0.84115 53.21657
0.84116 53.21635
0.84116 53.21626
0.84117 53.21631
0.84118 53.21651
0.84119 53.21687
0.84120 53.21741
0.84120 53.21814
0.84121 53.21905
0.84122 53.22016
0.84123 53.22147
0.84124 53.22300
0.84124 53.22476
0.84125 53.22673
0.84126 53.22894
0.84127 53.23138
0.84128 53.23405
0.84128 53.23692
0.84129 53.24000
0.84130 53.24329
0.84131 53.24679
0.84132 53.25050
0.84132 53.25440
0.84133 53.25850
0.84134 53.26280
0.84135 53.26729
0.84136 53.27198
0.84136 53.27687
0.84137 53.28196
0.84138 53.28725
0.84139 53.29275
0.84140 53.29846
0.84140 53.30436
0.84141 53.31049
0.84142 53.31683
0.84143 53.32338
0.84144 53.33016
0.84144 53.33715
0.84145 53.34436
0.84146 53.35179
0.84147 53.35943
0.84148 53.36728
0.84148 53.37536
0.84149 53.38367
0.84150 53.39220
0.84151 53.40096
0.84152 53.40996
0.84152 53.41918
0.84153 53.42863
0.84154 53.43832
0.84155 53.44823
0.84156 53.45838
0.84156 53.46875
0.84157 53.47935
0.84158 53.49019
0.84159 53.50127
0.84160 53.51258
0.84160 53.52412
0.84161 53.53588
0.84162 53.54789
0.84163 53.56013
0.84164 53.57260
0.84164 53.58531
0.84165 53.59825
0.84166 53.61143
0.84167 53.62484
0.84168 53.63849
0.84168 53.65237
0.84169 53.66649
0.84170 53.68083
0.84171 53.69539
0.84172 53.71018
0.84172 53.72518
0.84173 53.74039
0.84174 53.75581
0.84175 53.77143
0.84176 53.78724
0.84176 53.80327
0.84177 53.81948
0.84178 53.83590
0.84179 53.85250
0.84180 53.86930
0.84180 53.88629
0.84181 53.90348
0.84182 53.92084
0.84183 53.93839
0.84184 53.95612
0.84184 53.97402
0.84185 53.99209
0.84186 54.01033
0.84187 54.02872
0.84188 54.04727
0.84188 54.06598
0.84189 54.08484
0.84190 54.10383
0.84191 54.12297
0.84192 54.14222
0.84192 54.16158
0.84193 54.18105
0.84194 54.20062
0.84195 54.22029
0.84196 54.24006
0.84196 54.25993
0.84197 54.27988
0.84198 54.29995
0.84199 54.32011
0.84200 54.34036
0.84200 54.36068
0.84201 54.38103
0.84202 54.40141
0.84203 54.42179
0.84204 54.44215
0.84204 54.46247
0.84205 54.48273
0.84206 54.50292
0.84207 54.52302
0.84208 54.54304
0.84208 54.56294
0.84209 54.58272
0.84210 54.60236
0.84211 54.62183
0.84212 54.64114
0.84212 54.66027
0.84213 54.67919
0.84214 54.69791
0.84215 54.71640
0.84216 54.73465
0.84216 54.75266
0.84217 54.77041
0.84218 54.78790
0.84219 54.80509
0.84220 54.82200
0.84220 54.83861
0.84221 54.85492
0.84222 54.87092
0.84223 54.88661
0.84224 54.90198
0.84224 54.91704
0.84225 54.93177
0.84226 54.94618
0.84227 54.96023
0.84228 54.97395
0.84228 54.98733
0.84229 55.00035
0.84230 55.01301
0.84231 55.02530
0.84232 55.03723
0.84232 55.04878
0.84233 55.05997
0.84234 55.07077
0.84235 55.08118
0.84236 55.09122
0.84236 55.10085
0.84237 55.11008
0.84238 55.11891
0.84239 55.12731
0.84240 55.13529
0.84240 55.14285
0.84241 55.14998
0.84242 55.15670
0.84243 55.16300
0.84244 55.16888
0.84244 55.17432
0.84245 55.17934
0.84246 55.18391
0.84247 55.18805
0.84248 55.19178
0.84248 55.19504
0.84249 55.19785
0.84250 55.20023
0.84251 55.20221
0.84252 55.20382
0.84252 55.20511
0.84253 55.20611
0.84254 55.20685
0.84255 55.20737
0.84256 55.20769
0.84256 55.20784
0.84257 55.20784
0.84258 55.20771
0.84259 55.20749
0.84260 55.20718
0.84260 55.20682
0.84261 55.20642
0.84262 55.20602
0.84263 55.20564
0.84264 55.20530
0.84264 55.20502
0.84265 55.20485
0.84266 55.20478
0.84267 55.20485
0.84268 55.20508
0.84268 55.20549
0.84269 55.20610
0.84270 55.20692
0.84271 55.20798
0.84272 55.20927
0.84272 55.21083
0.84273 55.21265
0.84274 55.21476
0.84275 55.21716
0.84276 55.21987
0.84276 55.22291
0.84277 55.22629
0.84278 55.23003
0.84279 55.23413
0.84280 55.23861
0.84280 55.24349
0.84281 55.24877
0.84282 55.25445
0.84283 55.26056
0.84284 55.26708
0.84284 55.27405
0.84285 55.28146
0.84286 55.28932
0.84287 55.29763
0.84288 55.30639
0.84288 55.31562
0.84289 55.32530
0.84290 55.33545
0.84291 55.34607
0.84292 55.35716
0.84292 55.36870
0.84293 55.38069
0.84294 55.39314
0.84295 55.40603
0.84296 55.41936
0.84296 55.43313
0.84297 55.44731
0.84298 55.46189
0.84299 55.47686
0.84300 55.49220
0.84300 55.50790
0.84301 55.52394
0.84302 55.54027
0.84303 55.55689
0.84304 55.57376
0.84304 55.59086
0.84305 55.60816
0.84306 55.62564
0.84307 55.64328
0.84308 55.66107
0.84308 55.67897
0.84309 55.69695
0.84310 55.71500
0.84311 55.73312
0.84312 55.75127
0.84312 55.76944
0.84313 55.78761
0.84314 55.80576
0.84315 55.82387
0.84316 55.84191
0.84316 55.85988
0.84317 55.87775
0.84318 55.89548
0.84319 55.91307
0.84320 55.93051
0.84320 55.94777
0.84321 55.96484
0.84322 55.98171
0.84323 55.99837
0.84324 56.01480
0.84324 56.03099
0.84325 56.04694
0.84326 56.06262
0.84327 56.07803
0.84328 56.09313
0.84328 56.10791
0.84329 56.12237
0.84330 56.13648
0.84331 56.15024
0.84332 56.16364
0.84332 56.17666
0.84333 56.18930
0.84334 56.20155
0.84335 56.21338
0.84336 56.22479
0.84336 56.23579
0.84337 56.24638
0.84338 56.25657
0.84339 56.26636
0.84340 56.27576
0.84340 56.28477
0.84341 56.29339
0.84342 56.30162
0.84343 56.30949
0.84344 56.31700
0.84344 56.32418
0.84345 56.33104
0.84346 56.33761
0.84347 56.34392
0.84348 56.34998
0.84348 56.35584
0.84349 56.36153
0.84350 56.36707
0.84351 56.37248
0.84352 56.37779
0.84352 56.38302
0.84353 56.38816
0.84354 56.39325
0.84355 56.39831
0.84356 56.40335
0.84356 56.40839
0.84357 56.41344
0.84358 56.41852
0.84359 56.42366
0.84360 56.42888
0.84360 56.43418
0.84361 56.43959
0.84362 56.44510
0.84363 56.45075
0.84364 56.45652
0.84364 56.46245
0.84365 56.46855
0.84366 56.47483
0.84367 56.48130
0.84368 56.48800
0.84368 56.49493
0.84369 56.50211
0.84370 56.50954
0.84371 56.51724
0.84372 56.52523
0.84372 56.53350
0.84373 56.54207
0.84374 56.55096
0.84375 56.56016
0.84376 56.56970
0.84376 56.57957
0.84377 56.58979
0.84378 56.60039
0.84379 56.61138
0.84380 56.62277
0.84380 56.63458
0.84381 56.64682
0.84382 56.65951
0.84383 56.67265
0.84384 56.68627
0.84384 56.70037
0.84385 56.71498
0.84386 56.73010
0.84387 56.74575
0.84388 56.76192
0.84388 56.77860
0.84389 56.79582
0.84390 56.81356
0.84391 56.83184
0.84392 56.85067
0.84392 56.87006
0.84393 56.88999
0.84394 56.91049
0.84395 56.93153
0.84396 56.95311
0.84396 56.97521
0.84397 56.99782
0.84398 57.02094
0.84399 57.04455
0.84400 57.06862
0.84400 57.09316
0.84401 57.11814
0.84402 57.14357
0.84403 57.16944
0.84404 57.19573
0.84404 57.22246
0.84405 57.24960
0.84406 57.27716
0.84407 57.30512
0.84408 57.33348
0.84408 57.36224
0.84409 57.39137
0.84410 57.42088
0.84411 57.45076
0.84412 57.48099
0.84412 57.51158
0.84413 57.54252
0.84414 57.57380
0.84415 57.60541
0.84416 57.63735
0.84416 57.66961
0.84417 57.70218
0.84418 57.73503
0.84419 57.76818
0.84420 57.80161
0.84420 57.83532
0.84421 57.86931
0.84422 57.90356
0.84423 57.93807
0.84424 57.97285
0.84424 58.00788
0.84425 58.04315
0.84426 58.07864
0.84427 58.11433
0.84428 58.15020
0.84428 58.18620
0.84429 58.22232
0.84430 58.25852
0.84431 58.29477
0.84432 58.33104
0.84432 58.36730
0.84433 58.40351
0.84434 58.43966
0.84435 58.47570
0.84436 58.51161
0.84436 58.54734
0.84437 58.58287
0.84438 58.61819
0.84439 58.65325
0.84440 58.68803
0.84440 58.72251
0.84441 58.75666
0.84442 58.79044
0.84443 58.82384
0.84444 58.85683
0.84444 58.88938
0.84445 58.92146
0.84446 58.95306
0.84447 58.98414
0.84448 59.01470
0.84448 59.04470
0.84449 59.07411
0.84450 59.10293
0.84451 59.13111
0.84452 59.15864
0.84452 59.18548
0.84453 59.21161
0.84454 59.23702
0.84455 59.26169
0.84456 59.28559
0.84456 59.30869
0.84457 59.33097
0.84458 59.35240
0.84459 59.37297
0.84460 59.39265
0.84460 59.41143
0.84461 59.42929
0.84462 59.44621
0.84463 59.46218
0.84464 59.47719
0.84464 59.49121
0.84465 59.50425
0.84466 59.51627
0.84467 59.52726
0.84468 59.53722
0.84468 59.54612
0.84469 59.55395
0.84470 59.56069
0.84471 59.56633
0.84472 59.57085
0.84472 59.57424
0.84473 59.57649
0.84474 59.57758
0.84475 59.57749
0.84476 59.57624
0.84476 59.57382
0.84477 59.57027
0.84478 59.56560
0.84479 59.55984
0.84480 59.55304
0.84480 59.54521
0.84481 59.53639
0.84482 59.52662
0.84483 59.51591
0.84484 59.50430
0.84484 59.49182
0.84485 59.47850
0.84486 59.46438
0.84487 59.44950
0.84488 59.43391
0.84488 59.41761
0.84489 59.40065
0.84490 59.38306
0.84491 59.36488
0.84492 59.34613
0.84492 59.32683
0.84493 59.30701
0.84494 59.28670
0.84495 59.26594
0.84496 59.24474
0.84496 59.22314
0.84497 59.20117
0.84498 59.17887
0.84499 59.15627
0.84500 59.13339
0.84500 59.11027
0.84501 59.08695
0.84502 59.06345
0.84503 59.03981
0.84504 59.01603
0.84504 58.99213
0.84505 58.96814
0.84506 58.94406
0.84507 58.91995
0.84508 58.89581
0.84508 58.87167
0.84509 58.84756
0.84510 58.82348
0.84511 58.79947
0.84512 58.77554
0.84512 58.75169
0.84513 58.72795
0.84514 58.70432
0.84515 58.68082
0.84516 58.65745
0.84516 58.63426
0.84517 58.61126
0.84518 58.58847
0.84519 58.56591
0.84520 58.54360
0.84520 58.52155
0.84521 58.49979
0.84522 58.47832
0.84523 58.45718
0.84524 58.43637
0.84524 58.41592
0.84525 58.39584
0.84526 58.37613
0.84527 58.35681
0.84528 58.33786
0.84528 58.31929
0.84529 58.30108
0.84530 58.28323
0.84531 58.26574
0.84532 58.24860
0.84532 58.23181
0.84533 58.21536
0.84534 58.19925
0.84535 58.18348
0.84536 58.16802
0.84536 58.15287
0.84537 58.13803
0.84538 58.12346
0.84539 58.10917
0.84540 58.09512
0.84540 58.08132
0.84541 58.06774
0.84542 58.05438
0.84543 58.04124
0.84544 58.02830
0.84544 58.01557
0.84545 58.00303
0.84546 57.99065
0.84547 57.97843
0.84548 57.96636
0.84548 57.95440
0.84549 57.94255
0.84550 57.93082
0.84551 57.91919
0.84552 57.90765
0.84552 57.89622
0.84553 57.88487
0.84554 57.87364
0.84555 57.86251
0.84556 57.85147
0.84556 57.84050
0.84557 57.82958
0.84558 57.81870
0.84559 57.80782
0.84560 57.79694
0.84560 57.78603
0.84561 57.77509
0.84562 57.76411
0.84563 57.75308
0.84564 57.74202
0.84564 57.73090
0.84565 57.71974
0.84566 57.70852
0.84567 57.69721
0.84568 57.68583
0.84568 57.67434
0.84569 57.66274
0.84570 57.65102
0.84571 57.63915
0.84572 57.62714
0.84572 57.61496
0.84573 57.60262
0.84574 57.59011
0.84575 57.57741
0.84576 57.56452
0.84576 57.55144
0.84577 57.53815
0.84578 57.52465
0.84579 57.51092
0.84580 57.49698
0.84580 57.48281
0.84581 57.46839
0.84582 57.45374
0.84583 57.43882
0.84584 57.42363
0.84584 57.40817
0.84585 57.39242
0.84586 57.37638
0.84587 57.36003
0.84588 57.34338
0.84588 57.32641
0.84589 57.30914
0.84590 57.29155
0.84591 57.27364
0.84592 57.25539
0.84592 57.23679
0.84593 57.21781
0.84594 57.19844
0.84595 57.17866
0.84596 57.15845
0.84596 57.13781
0.84597 57.11673
0.84598 57.09520
0.84599 57.07323
0.84600 57.05080
0.84600 57.02791
0.84601 57.00455
0.84602 56.98069
0.84603 56.95633
0.84604 56.93145
0.84604 56.90604
0.84605 56.88012
0.84606 56.85369
0.84607 56.82678
0.84608 56.79942
0.84608 56.77166
0.84609 56.74353
0.84610 56.71507
0.84611 56.68629
0.84612 56.65721
0.84612 56.62784
0.84613 56.59820
0.84614 56.56827
0.84615 56.53808
0.84616 56.50763
0.84616 56.47693
0.84617 56.44599
0.84618 56.41482
0.84619 56.38344
0.84620 56.35185
0.84620 56.32006
0.84621 56.28811
0.84622 56.25599
0.84623 56.22371
0.84624 56.19127
0.84624 56.15869
0.84625 56.12596
0.84626 56.09308
0.84627 56.06008
0.84628 56.02695
0.84628 55.99371
0.84629 55.96036
0.84630 55.92689
0.84631 55.89333
0.84632 55.85967
0.84632 55.82591
0.84633 55.79207
0.84634 55.75816
0.84635 55.72418
0.84636 55.69016
0.84636 55.65609
0.84637 55.62200
0.84638 55.58787
0.84639 55.55373
0.84640 55.51959
0.84640 55.48545
0.84641 55.45132
0.84642 55.41725
0.84643 55.38325
0.84644 55.34935
0.84644 55.31557
0.84645 55.28196
0.84646 55.24855
0.84647 55.21535
0.84648 55.18241
0.84648 55.14975
0.84649 55.11739
0.84650 55.08533
0.84651 55.05359
0.84652 55.02220
0.84652 54.99117
0.84653 54.96052
0.84654 54.93027
0.84655 54.90043
0.84656 54.87101
0.84656 54.84202
0.84657 54.81346
0.84658 54.78531
0.84659 54.75758
0.84660 54.73023
0.84660 54.70327
0.84661 54.67670
0.84662 54.65052
0.84663 54.62475
0.84664 54.59938
0.84664 54.57443
0.84665 54.54991
0.84666 54.52581
0.84667 54.50214
0.84668 54.47890
0.84668 54.45609
0.84669 54.43372
0.84670 54.41180
0.84671 54.39033
0.84672 54.36932
0.84672 54.34876
0.84673 54.32867
0.84674 54.30904
0.84675 54.28988
0.84676 54.27119
0.84676 54.25297
0.84677 54.23523
0.84678 54.21798
0.84679 54.20121
0.84680 54.18493
0.84680 54.16914
0.84681 54.15385
0.84682 54.13906
0.84683 54.12478
0.84684 54.11100
0.84684 54.09773
0.84685 54.08495
0.84686 54.07267
0.84687 54.06088
0.84688 54.04958
0.84688 54.03878
0.84689 54.02846
0.84690 54.01864
0.84691 54.00930
0.84692 54.00044
0.84692 53.99207
0.84693 53.98416
0.84694 53.97672
0.84695 53.96973
0.84696 53.96320
0.84696 53.95709
0.84697 53.95141
0.84698 53.94614
0.84699 53.94127
0.84700 53.93680
0.84700 53.93272
0.84701 53.92903
0.84702 53.92574
0.84703 53.92283
0.84704 53.92029
0.84704 53.91814
0.84705 53.91633
0.84706 53.91490
0.84707 53.91383
0.84708 53.91310
0.84708 53.91271
0.84709 53.91264
0.84710 53.91289
0.84711 53.91347
0.84712 53.91436
0.84712 53.91556
0.84713 53.91704
0.84714 53.91879
0.84715 53.92081
0.84716 53.92309
0.84716 53.92564
0.84717 53.92844
0.84718 53.93148
0.84719 53.93478
0.84720 53.93831
0.84720 53.94207
0.84721 53.94605
0.84722 53.95024
0.84723 53.95464
0.84724 53.95925
0.84724 53.96404
0.84725 53.96905
0.84726 53.97427
0.84727 53.97970
0.84728 53.98532
0.84728 53.99114
0.84729 53.99714
0.84730 54.00334
0.84731 54.00971
0.84732 54.01627
0.84732 54.02301
0.84733 54.02991
0.84734 54.03699
0.84735 54.04425
0.84736 54.05170
0.84736 54.05934
0.84737 54.06717
0.84738 54.07520
0.84739 54.08342
0.84740 54.09182
0.84740 54.10040
0.84741 54.10912
0.84742 54.11800
0.84743 54.12701
0.84744 54.13613
0.84744 54.14536
0.84745 54.15466
0.84746 54.16402
0.84747 54.17342
0.84748 54.18282
0.84748 54.19222
0.84749 54.20160
0.84750 54.21093
0.84751 54.22021
0.84752 54.22942
0.84752 54.23852
0.84753 54.24751
0.84754 54.25638
0.84755 54.26510
0.84756 54.27367
0.84756 54.28207
0.84757 54.29029
0.84758 54.29833
0.84759 54.30616
0.84760 54.31380
0.84760 54.32122
0.84761 54.32841
0.84762 54.33538
0.84763 54.34210
0.84764 54.34857
0.84764 54.35479
0.84765 54.36074
0.84766 54.36642
0.84767 54.37180
0.84768 54.37688
0.84768 54.38165
0.84769 54.38609
0.84770 54.39020
0.84771 54.39397
0.84772 54.39739
0.84772 54.40047
0.84773 54.40321
0.84774 54.40558
0.84775 54.40760
0.84776 54.40923
0.84776 54.41048
0.84777 54.41135
0.84778 54.41182
0.84779 54.41189
0.84780 54.41155
0.84780 54.41080
0.84781 54.40962
0.84782 54.40803
0.84783 54.40600
0.84784 54.40354
0.84784 54.40063
0.84785 54.39726
0.84786 54.39341
0.84787 54.38908
0.84788 54.38425
0.84788 54.37894
0.84789 54.37314
0.84790 54.36686
0.84791 54.36013
0.84792 54.35295
0.84792 54.34535
0.84793 54.33735
0.84794 54.32899
0.84795 54.32029
0.84796 54.31128
0.84796 54.30200
0.84797 54.29248
0.84798 54.28275
0.84799 54.27284
0.84800 54.26278
0.84800 54.25260
0.84801 54.24232
0.84802 54.23197
0.84803 54.22155
0.84804 54.21112
0.84804 54.20067
0.84805 54.19024
0.84806 54.17982
0.84807 54.16945
0.84808 54.15912
0.84808 54.14885
0.84809 54.13867
0.84810 54.12858
0.84811 54.11862
0.84812 54.10877
0.84812 54.09907
0.84813 54.08952
0.84814 54.08015
0.84815 54.07097
0.84816 54.06201
0.84816 54.05327
0.84817 54.04480
0.84818 54.03659
0.84819 54.02867
0.84820 54.02106
0.84820 54.01379
0.84821 54.00685
0.84822 54.00026
0.84823 53.99403
0.84824 53.98817
0.84824 53.98269
0.84825 53.97760
0.84826 53.97292
0.84827 53.96865
0.84828 53.96480
0.84828 53.96139
0.84829 53.95843
0.84830 53.95593
0.84831 53.95391
0.84832 53.95236
0.84832 53.95130
0.84833 53.95074
0.84834 53.95069
0.84835 53.95116
0.84836 53.95215
0.84836 53.95369
0.84837 53.95577
0.84838 53.95841
0.84839 53.96160
0.84840 53.96534
0.84840 53.96964
0.84841 53.97449
0.84842 53.97989
0.84843 53.98582
0.84844 53.99228
0.84844 53.99924
0.84845 54.00669
0.84846 54.01463
0.84847 54.02304
0.84848 54.03189
0.84848 54.04120
0.84849 54.05095
0.84850 54.06111
0.84851 54.07170
0.84852 54.08269
0.84852 54.09407
0.84853 54.10585
0.84854 54.11798
0.84855 54.13048
0.84856 54.14334
0.84856 54.15656
0.84857 54.17014
0.84858 54.18408
0.84859 54.19838
0.84860 54.21302
0.84860 54.22799
0.84861 54.24328
0.84862 54.25890
0.84863 54.27484
0.84864 54.29109
0.84864 54.30762
0.84865 54.32441
0.84866 54.34144
0.84867 54.35869
0.84868 54.37613
0.84868 54.39375
0.84869 54.41154
0.84870 54.42947
0.84871 54.44752
0.84872 54.46567
0.84872 54.48392
0.84873 54.50224
0.84874 54.52062
0.84875 54.53903
0.84876 54.55748
0.84876 54.57593
0.84877 54.59438
0.84878 54.61283
0.84879 54.63125
0.84880 54.64962
0.84880 54.66794
0.84881 54.68618
0.84882 54.70434
0.84883 54.72240
0.84884 54.74034
0.84884 54.75815
0.84885 54.77582
0.84886 54.79333
0.84887 54.81067
0.84888 54.82783
0.84888 54.84478
0.84889 54.86151
0.84890 54.87799
0.84891 54.89420
0.84892 54.91013
0.84892 54.92576
0.84893 54.94109
0.84894 54.95608
0.84895 54.97072
0.84896 54.98500
0.84896 54.99891
0.84897 55.01241
0.84898 55.02549
0.84899 55.03811
0.84900 55.05025
0.84900 55.06188
0.84901 55.07300
0.84902 55.08359
0.84903 55.09361
0.84904 55.10309
0.84904 55.11199
0.84905 55.12031
0.84906 55.12803
0.84907 55.13513
0.84908 55.14159
0.84908 55.14740
0.84909 55.15254
0.84910 55.15700
0.84911 55.16078
0.84912 55.16384
0.84912 55.16620
0.84913 55.16784
0.84914 55.16876
0.84915 55.16898
0.84916 55.16852
0.84916 55.16737
0.84917 55.16556
0.84918 55.16308
0.84919 55.15996
0.84920 55.15620
0.84920 55.15182
0.84921 55.14682
0.84922 55.14123
0.84923 55.13504
0.84924 55.12826
0.84924 55.12092
0.84925 55.11301
0.84926 55.10454
0.84927 55.09552
0.84928 55.08594
0.84928 55.07580
0.84929 55.06512
0.84930 55.05390
0.84931 55.04217
0.84932 55.02993
0.84932 55.01721
0.84933 55.00400
0.84934 54.99033
0.84935 54.97621
0.84936 54.96165
0.84936 54.94666
0.84937 54.93126
0.84938 54.91547
0.84939 54.89932
0.84940 54.88284
0.84940 54.86604
0.84941 54.84897
0.84942 54.83164
0.84943 54.81407
0.84944 54.79628
0.84944 54.77830
0.84945 54.76016
0.84946 54.74189
0.84947 54.72351
0.84948 54.70505
0.84948 54.68656
0.84949 54.66806
0.84950 54.64960
0.84951 54.63120
0.84952 54.61289
0.84952 54.59468
0.84953 54.57661
0.84954 54.55865
0.84955 54.54082
0.84956 54.52310
0.84956 54.50550
0.84957 54.48800
0.84958 54.47061
0.84959 54.45330
0.84960 54.43609
0.84960 54.41894
0.84961 54.40186
0.84962 54.38484
0.84963 54.36785
0.84964 54.35088
0.84964 54.33390
0.84965 54.31688
0.84966 54.29981
0.84967 54.28267
0.84968 54.26542
0.84968 54.24803
0.84969 54.23047
0.84970 54.21270
0.84971 54.19471
0.84972 54.17645
0.84972 54.15790
0.84973 54.13902
0.84974 54.11979
0.84975 54.10018
0.84976 54.08017
0.84976 54.05971
0.84977 54.03879
0.84978 54.01738
0.84979 53.99545
0.84980 53.97296
0.84980 53.94988
0.84981 53.92616
0.84982 53.90176
0.84983 53.87666
0.84984 53.85080
0.84984 53.82416
0.84985 53.79670
0.84986 53.76838
0.84987 53.73917
0.84988 53.70902
0.84988 53.67790
0.84989 53.64576
0.84990 53.61254
0.84991 53.57820
0.84992 53.54269
0.84992 53.50598
0.84993 53.46801
0.84994 53.42874
0.84995 53.38812
0.84996 53.34610
0.84996 53.30263
0.84997 53.25765
0.84998 53.21113
0.84999 53.16300
0.85000 53.11320
0.85000 53.06168
0.85001 53.00839
0.85002 52.95328
0.85003 52.89631
0.85004 52.83744
0.85004 52.77665
0.85005 52.71396
0.85006 52.64937
0.85007 52.58289
0.85008 52.51452
0.85008 52.44428
0.85009 52.37216
0.85010 52.29820
0.85011 52.22239
0.85012 52.14475
0.85012 52.06530
0.85013 51.98405
0.85014 51.90102
0.85015 51.81623
0.85016 51.72969
0.85016 51.64142
0.85017 51.55145
0.85018 51.45980
0.85019 51.36649
0.85020 51.27156
0.85020 51.17505
0.85021 51.07696
0.85022 50.97733
0.85023 50.87618
0.85024 50.77355
0.85024 50.66946
0.85025 50.56392
0.85026 50.45697
0.85027 50.34865
0.85028 50.23898
0.85028 50.12799
0.85029 50.01572
0.85030 49.90220
0.85031 49.78747
0.85032 49.67157
0.85032 49.55452
0.85033 49.43635
0.85034 49.31710
0.85035 49.19681
0.85036 49.07551
0.85036 48.95323
0.85037 48.83002
0.85038 48.70590
0.85039 48.58091
0.85040 48.45509
0.85040 48.32848
0.85041 48.20111
0.85042 48.07303
0.85043 47.94427
0.85044 47.81486
0.85044 47.68484
0.85045 47.55426
0.85046 47.42315
0.85047 47.29155
0.85048 47.15951
0.85048 47.02705
0.85049 46.89423
0.85050 46.76108
0.85051 46.62765
0.85052 46.49399
0.85052 46.36013
0.85053 46.22612
0.85054 46.09199
0.85055 45.95775
0.85056 45.82343
0.85056 45.68904
0.85057 45.55459
0.85058 45.42008
0.85059 45.28555
0.85060 45.15099
0.85060 45.01642
0.85061 44.88186
0.85062 44.74730
0.85063 44.61277
0.85064 44.47828
0.85064 44.34383
0.85065 44.20944
0.85066 44.07512
0.85067 43.94087
0.85068 43.80671
0.85068 43.67263
0.85069 43.53867
0.85070 43.40481
0.85071 43.27107
0.85072 43.13745
0.85072 43.00395
0.85073 42.87059
0.85074 42.73738
0.85075 42.60432
0.85076 42.47143
0.85076 42.33870
0.85077 42.20616
0.85078 42.07378
0.85079 41.94160
0.85080 41.80961
0.85080 41.67782
0.85081 41.54623
0.85082 41.41486
0.85083 41.28370
0.85084 41.15278
0.85084 41.02208
0.85085 40.89162
0.85086 40.76140
0.85087 40.63141
0.85088 40.50166
0.85088 40.37216
0.85089 40.24291
0.85090 40.11391
0.85091 39.98518
0.85092 39.85672
0.85092 39.72853
0.85093 39.60063
0.85094 39.47302
0.85095 39.34572
0.85096 39.21872
0.85096 39.09203
0.85097 38.96565
0.85098 38.83960
0.85099 38.71387
0.85100 38.58847
0.85100 38.46341
0.85101 38.33869
0.85102 38.21431
0.85103 38.09028
0.85104 37.96660
0.85104 37.84329
0.85105 37.72034
0.85106 37.59776
0.85107 37.47556
0.85108 37.35374
0.85108 37.23232
0.85109 37.11129
0.85110 36.99066
0.85111 36.87045
0.85112 36.75064
0.85112 36.63126
0.85113 36.51229
0.85114 36.39375
0.85115 36.27565
0.85116 36.15798
0.85116 36.04075
0.85117 35.92395
0.85118 35.80759
0.85119 35.69166
0.85120 35.57616
0.85120 35.46109
0.85121 35.34644
0.85122 35.23221
0.85123 35.11840
0.85124 35.00502
0.85124 34.89206
0.85125 34.77952
0.85126 34.66739
0.85127 34.55569
0.85128 34.44440
0.85128 34.33352
0.85129 34.22306
0.85130 34.11301
0.85131 34.00336
0.85132 33.89412
0.85132 33.78528
0.85133 33.67684
0.85134 33.56880
0.85135 33.46115
0.85136 33.35390
0.85136 33.24704
0.85137 33.14058
0.85138 33.03450
0.85139 32.92881
0.85140 32.82350
0.85140 32.71856
0.85141 32.61399
0.85142 32.50977
0.85143 32.40590
0.85144 32.30238
0.85144 32.19920
0.85145 32.09634
0.85146 31.99380
0.85147 31.89157
0.85148 31.78966
0.85148 31.68804
0.85149 31.58673
0.85150 31.48570
0.85151 31.38495
0.85152 31.28448
0.85152 31.18428
0.85153 31.08435
0.85154 30.98467
0.85155 30.88525
0.85156 30.78607
0.85156 30.68712
0.85157 30.58841
0.85158 30.48991
0.85159 30.39163
0.85160 30.29354
0.85160 30.19565
0.85161 30.09793
0.85162 30.00040
0.85163 29.90304
0.85164 29.80584
0.85164 29.70879
0.85165 29.61189
0.85166 29.51513
0.85167 29.41851
0.85168 29.32202
0.85168 29.22566
0.85169 29.12943
0.85170 29.03333
0.85171 28.93735
0.85172 28.84150
0.85172 28.74577
0.85173 28.65016
0.85174 28.55468
0.85175 28.45931
0.85176 28.36407
0.85176 28.26893
0.85177 28.17391
0.85178 28.07900
0.85179 27.98421
0.85180 27.88952
0.85180 27.79495
0.85181 27.70048
0.85182 27.60613
0.85183 27.51188
0.85184 27.41774
0.85184 27.32371
0.85185 27.22977
0.85186 27.13594
0.85187 27.04221
0.85188 26.94859
0.85188 26.85506
0.85189 26.76163
0.85190 26.66832
0.85191 26.57512
0.85192 26.48203
0.85192 26.38907
0.85193 26.29623
0.85194 26.20352
0.85195 26.11093
0.85196 26.01848
0.85196 25.92618
0.85197 25.83402
0.85198 25.74203
0.85199 25.65019
0.85200 25.55852
0.85200 25.46701
0.85201 25.37569
0.85202 25.28454
0.85203 25.19357
0.85204 25.10278
0.85204 25.01216
0.85205 24.92172
0.85206 24.83144
0.85207 24.74133
0.85208 24.65139
0.85208 24.56162
0.85209 24.47202
0.85210 24.38259
0.85211 24.29334
0.85212 24.20425
0.85212 24.11534
0.85213 24.02659
0.85214 23.93801
0.85215 23.84960
0.85216 23.76136
0.85216 23.67328
0.85217 23.58537
0.85218 23.49764
0.85219 23.41006
0.85220 23.32266
0.85220 23.23543
0.85221 23.14837
0.85222 23.06148
0.85223 22.97477
0.85224 22.88823
0.85224 22.80185
0.85225 22.71565
0.85226 22.62961
0.85227 22.54374
0.85228 22.45803
0.85228 22.37248
0.85229 22.28709
0.85230 22.20184
0.85231 22.11676
0.85232 22.03182
0.85232 21.94703
0.85233 21.86240
0.85234 21.77791
0.85235 21.69358
0.85236 21.60939
0.85236 21.52536
0.85237 21.44147
0.85238 21.35772
0.85239 21.27413
0.85240 21.19070
0.85240 21.10741
0.85241 21.02427
0.85242 20.94127
0.85243 20.85842
0.85244 20.77571
0.85244 20.69315
0.85245 20.61072
0.85246 20.52844
0.85247 20.44629
0.85248 20.36426
0.85248 20.28235
0.85249 20.20056
0.85250 20.11887
0.85251 20.03728
0.85252 19.95578
0.85252 19.87438
0.85253 19.79307
0.85254 19.71184
0.85255 19.63072
0.85256 19.54970
0.85256 19.46881
0.85257 19.38803
0.85258 19.30738
0.85259 19.22686
0.85260 19.14647
0.85260 19.06623
0.85261 18.98614
0.85262 18.90619
0.85263 18.82641
0.85264 18.74678
0.85264 18.66733
0.85265 18.58806
0.85266 18.50897
0.85267 18.43006
0.85268 18.35136
0.85268 18.27284
0.85269 18.19453
0.85270 18.11642
0.85271 18.03852
0.85272 17.96081
0.85272 17.88331
0.85273 17.80601
0.85274 17.72893
0.85275 17.65205
0.85276 17.57539
0.85276 17.49894
0.85277 17.42271
0.85278 17.34671
0.85279 17.27093
0.85280 17.19539
0.85280 17.12009
0.85281 17.04503
0.85282 16.97022
0.85283 16.89566
0.85284 16.82135
0.85284 16.74730
0.85285 16.67351
0.85286 16.59999
0.85287 16.52675
0.85288 16.45377
0.85288 16.38108
0.85289 16.30866
0.85290 16.23652
0.85291 16.16466
0.85292 16.09307
0.85292 16.02177
0.85293 15.95075
0.85294 15.88001
0.85295 15.80955
0.85296 15.73937
0.85296 15.66947
0.85297 15.59985
0.85298 15.53051
0.85299 15.46147
0.85300 15.39272
0.85300 15.32427
0.85301 15.25613
0.85302 15.18831
0.85303 15.12081
0.85304 15.05363
0.85304 14.98678
0.85305 14.92025
0.85306 14.85404
0.85307 14.78816
0.85308 14.72260
0.85308 14.65736
0.85309 14.59244
0.85310 14.52784
0.85311 14.46355
0.85312 14.39958
0.85312 14.33592
0.85313 14.27258
0.85314 14.20955
0.85315 14.14682
0.85316 14.08440
0.85316 14.02228
0.85317 13.96046
0.85318 13.89893
0.85319 13.83769
0.85320 13.77674
0.85320 13.71608
0.85321 13.65572
0.85322 13.59564
0.85323 13.53584
0.85324 13.47633
0.85324 13.41710
0.85325 13.35815
0.85326 13.29948
0.85327 13.24109
0.85328 13.18297
0.85328 13.12514
0.85329 13.06758
0.85330 13.01029
0.85331 12.95328
0.85332 12.89653
0.85332 12.84005
0.85333 12.78383
0.85334 12.72787
0.85335 12.67217
0.85336 12.61672
0.85336 12.56152
0.85337 12.50657
0.85338 12.45185
0.85339 12.39737
0.85340 12.34313
0.85340 12.28911
0.85341 12.23533
0.85342 12.18177
0.85343 12.12844
0.85344 12.07535
0.85344 12.02248
0.85345 11.96984
0.85346 11.91744
0.85347 11.86527
0.85348 11.81333
0.85348 11.76163
0.85349 11.71016
0.85350 11.65892
0.85351 11.60790
0.85352 11.55711
0.85352 11.50654
0.85353 11.45619
0.85354 11.40606
0.85355 11.35615
0.85356 11.30645
0.85356 11.25697
0.85357 11.20771
0.85358 11.15865
0.85359 11.10981
0.85360 11.06119
0.85360 11.01278
0.85361 10.96458
0.85362 10.91661
0.85363 10.86886
0.85364 10.82132
0.85364 10.77399
0.85365 10.72689
0.85366 10.68002
0.85367 10.63337
0.85368 10.58695
0.85368 10.54076
0.85369 10.49481
0.85370 10.44910
0.85371 10.40363
0.85372 10.35840
0.85372 10.31342
0.85373 10.26870
0.85374 10.22423
0.85375 10.18003
0.85376 10.13609
0.85376 10.09242
0.85377 10.04902
0.85378 10.00590
0.85379 9.96305
0.85380 9.92048
0.85380 9.87818
0.85381 9.83617
0.85382 9.79443
0.85383 9.75299
0.85384 9.71183
0.85384 9.67097
0.85385 9.63041
0.85386 9.59015
0.85387 9.55019
0.85388 9.51054
0.85388 9.47120
0.85389 9.43218
0.85390 9.39348
0.85391 9.35512
0.85392 9.31708
0.85392 9.27937
0.85393 9.24200
0.85394 9.20497
0.85395 9.16827
0.85396 9.13191
0.85396 9.09589
0.85397 9.06021
0.85398 9.02488
0.85399 8.98989
0.85400 8.95525
0.85400 8.92096
0.85401 8.88703
0.85402 8.85345
0.85403 8.82022
0.85404 8.78736
0.85404 8.75486
0.85405 8.72271
0.85406 8.69093
0.85407 8.65951
0.85408 8.62845
0.85408 8.59776
0.85409 8.56743
0.85410 8.53747
0.85411 8.50787
0.85412 8.47862
0.85412 8.44974
0.85413 8.42122
0.85414 8.39306
0.85415 8.36525
0.85416 8.33779
0.85416 8.31068
0.85417 8.28392
0.85418 8.25750
0.85419 8.23142
0.85420 8.20568
0.85420 8.18027
0.85421 8.15520
0.85422 8.13045
0.85423 8.10602
0.85424 8.08192
0.85424 8.05813
0.85425 8.03465
0.85426 8.01148
0.85427 7.98861
0.85428 7.96605
0.85428 7.94378
0.85429 7.92180
0.85430 7.90012
0.85431 7.87873
0.85432 7.85763
0.85432 7.83680
0.85433 7.81625
0.85434 7.79597
0.85435 7.77595
0.85436 7.75619
0.85436 7.73668
0.85437 7.71742
0.85438 7.69840
0.85439 7.67962
0.85440 7.66106
0.85440 7.64273
0.85441 7.62461
0.85442 7.60670
0.85443 7.58899
0.85444 7.57148
0.85444 7.55416
0.85445 7.53703
0.85446 7.52009
0.85447 7.50332
0.85448 7.48672
0.85448 7.47029
0.85449 7.45403
0.85450 7.43792
0.85451 7.42196
0.85452 7.40615
0.85452 7.39047
0.85453 7.37493
0.85454 7.35951
0.85455 7.34422
0.85456 7.32905
0.85456 7.31400
0.85457 7.29906
0.85458 7.28423
0.85459 7.26950
0.85460 7.25487
0.85460 7.24034
0.85461 7.22590
0.85462 7.21155
0.85463 7.19728
0.85464 7.18311
0.85464 7.16902
0.85465 7.15501
0.85466 7.14108
0.85467 7.12723
0.85468 7.11345
0.85468 7.09974
0.85469 7.08610
0.85470 7.07253
0.85471 7.05902
0.85472 7.04558
0.85472 7.03220
0.85473 7.01888
0.85474 7.00562
0.85475 6.99242
0.85476 6.97927
0.85476 6.96617
0.85477 6.95313
0.85478 6.94013
0.85479 6.92718
0.85480 6.91428
0.85480 6.90142
0.85481 6.88859
0.85482 6.87580
0.85483 6.86305
0.85484 6.85034
0.85484 6.83766
0.85485 6.82502
0.85486 6.81241
0.85487 6.79984
0.85488 6.78730
0.85488 6.77480
0.85489 6.76234
0.85490 6.74991
0.85491 6.73752
0.85492 6.72518
0.85492 6.71289
0.85493 6.70065
0.85494 6.68846
0.85495 6.67632
0.85496 6.66424
0.85496 6.65221
0.85497 6.64025
0.85498 6.62834
0.85499 6.61649
0.85500 6.60470
0.85500 6.59297
0.85501 6.58130
0.85502 6.56969
0.85503 6.55815
0.85504 6.54668
0.85504 6.53526
0.85505 6.52391
0.85506 6.51263
0.85507 6.50141
0.85508 6.49025
0.85508 6.47915
0.85509 6.46812
0.85510 6.45716
0.85511 6.44627
0.85512 6.43545
0.85512 6.42469
0.85513 6.41400
0.85514 6.40337
0.85515 6.39281
0.85516 6.38232
0.85516 6.37190
0.85517 6.36154
0.85518 6.35126
0.85519 6.34106
0.85520 6.33092
0.85520 6.32086
0.85521 6.31087
0.85522 6.30095
0.85523 6.29111
0.85524 6.28135
0.85524 6.27165
0.85525 6.26202
0.85526 6.25246
0.85527 6.24296
0.85528 6.23354
0.85528 6.22419
0.85529 6.21491
0.85530 6.20570
0.85531 6.19656
0.85532 6.18749
0.85532 6.17850
0.85533 6.16958
0.85534 6.16073
0.85535 6.15197
0.85536 6.14328
0.85536 6.13469
0.85537 6.12617
0.85538 6.11773
0.85539 6.10939
0.85540 6.10112
0.85540 6.09294
0.85541 6.08483
0.85542 6.07680
0.85543 6.06884
0.85544 6.06095
0.85544 6.05313
0.85545 6.04537
0.85546 6.03767
0.85547 6.03003
0.85548 6.02244
0.85548 6.01491
0.85549 6.00743
0.85550 6.00000
0.85551 5.99263
0.85552 5.98531
0.85552 5.97804
0.85553 5.97082
0.85554 5.96365
0.85555 5.95653
0.85556 5.94946
0.85556 5.94244
0.85557 5.93547
0.85558 5.92854
0.85559 5.92165
0.85560 5.91480
0.85560 5.90800
0.85561 5.90123
0.85562 5.89449
0.85563 5.88779
0.85564 5.88113
0.85564 5.87449
0.85565 5.86789
0.85566 5.86132
0.85567 5.85477
0.85568 5.84825
0.85568 5.84175
0.85569 5.83527
0.85570 5.82880
0.85571 5.82234
0.85572 5.81588
0.85572 5.80942
0.85573 5.80296
0.85574 5.79650
0.85575 5.79004
0.85576 5.78357
0.85576 5.77710
0.85577 5.77061
0.85578 5.76412
0.85579 5.75762
0.85580 5.75110
0.85580 5.74457
0.85581 5.73803
0.85582 5.73146
0.85583 5.72488
0.85584 5.71828
0.85584 5.71165
0.85585 5.70498
0.85586 5.69828
0.85587 5.69153
0.85588 5.68474
0.85588 5.67790
0.85589 5.67100
0.85590 5.66404
0.85591 5.65702
0.85592 5.64994
0.85592 5.64280
0.85593 5.63558
0.85594 5.62830
0.85595 5.62095
0.85596 5.61353
0.85596 5.60604
0.85597 5.59848
0.85598 5.59084
0.85599 5.58313
0.85600 5.57535
0.85600 5.56749
0.85601 5.55954
0.85602 5.55151
0.85603 5.54340
0.85604 5.53519
0.85604 5.52688
0.85605 5.51847
0.85606 5.50996
0.85607 5.50134
0.85608 5.49262
0.85608 5.48379
0.85609 5.47485
0.85610 5.46580
0.85611 5.45663
0.85612 5.44734
0.85612 5.43794
0.85613 5.42841
0.85614 5.41875
0.85615 5.40897
0.85616 5.39906
0.85616 5.38901
0.85617 5.37882
0.85618 5.36849
0.85619 5.35802
0.85620 5.34741
0.85620 5.33666
0.85621 5.32578
0.85622 5.31476
0.85623 5.30361
0.85624 5.29232
0.85624 5.28089
0.85625 5.26933
0.85626 5.25762
0.85627 5.24578
0.85628 5.23380
0.85628 5.22167
0.85629 5.20939
0.85630 5.19696
0.85631 5.18437
0.85632 5.17164
0.85632 5.15874
0.85633 5.14569
0.85634 5.13248
0.85635 5.11911
0.85636 5.10558
0.85636 5.09190
0.85637 5.07806
0.85638 5.06408
0.85639 5.04995
0.85640 5.03567
0.85640 5.02127
0.85641 5.00672
0.85642 4.99205
0.85643 4.97724
0.85644 4.96231
0.85644 4.94725
0.85645 4.93205
0.85646 4.91673
0.85647 4.90128
0.85648 4.88571
0.85648 4.87001
0.85649 4.85419
0.85650 4.83825
0.85651 4.82218
0.85652 4.80598
0.85652 4.78967
0.85653 4.77323
0.85654 4.75668
0.85655 4.74003
0.85656 4.72328
0.85656 4.70642
0.85657 4.68947
0.85658 4.67242
0.85659 4.65527
0.85660 4.63803
0.85660 4.62071
0.85661 4.60330
0.85662 4.58580
0.85663 4.56823
0.85664 4.55058
0.85664 4.53285
0.85665 4.51506
0.85666 4.49719
0.85667 4.47925
0.85668 4.46126
0.85668 4.44321
0.85669 4.42511
0.85670 4.40696
0.85671 4.38877
0.85672 4.37053
0.85672 4.35224
0.85673 4.33392
0.85674 4.31556
0.85675 4.29716
0.85676 4.27874
0.85676 4.26028
0.85677 4.24179
0.85678 4.22328
0.85679 4.20474
0.85680 4.18619
0.85680 4.16762
0.85681 4.14904
0.85682 4.13046
0.85683 4.11186
0.85684 4.09326
0.85684 4.07466
0.85685 4.05607
0.85686 4.03747
0.85687 4.01887
0.85688 4.00028
0.85688 3.98167
0.85689 3.96307
0.85690 3.94446
0.85691 3.92584
0.85692 3.90720
0.85692 3.88856
0.85693 3.86990
0.85694 3.85122
0.85695 3.83253
0.85696 3.81383
0.85696 3.79511
0.85697 3.77638
0.85698 3.75763
0.85699 3.73887
0.85700 3.72010
0.85700 3.70133
0.85701 3.68256
0.85702 3.66379
0.85703 3.64503
0.85704 3.62627
0.85704 3.60751
0.85705 3.58875
0.85706 3.56999
0.85707 3.55122
0.85708 3.53246
0.85708 3.51369
0.85709 3.49493
0.85710 3.47616
0.85711 3.45740
0.85712 3.43863
0.85712 3.41987
0.85713 3.40112
0.85714 3.38237
0.85715 3.36362
0.85716 3.34488
0.85716 3.32614
0.85717 3.30742
0.85718 3.28870
0.85719 3.26997
0.85720 3.25125
0.85720 3.23252
0.85721 3.21379
0.85722 3.19507
0.85723 3.17635
0.85724 3.15763
0.85724 3.13891
0.85725 3.12019
0.85726 3.10149
0.85727 3.08278
0.85728 3.06409
0.85728 3.04541
0.85729 3.02675
0.85730 3.00810
0.85731 2.98947
0.85732 2.97085
0.85732 2.95225
0.85733 2.93367
0.85734 2.91512
0.85735 2.89659
0.85736 2.87808
0.85736 2.85961
0.85737 2.84117
0.85738 2.82276
0.85739 2.80439
0.85740 2.78606
0.85740 2.76777
0.85741 2.74951
0.85742 2.73130
0.85743 2.71313
0.85744 2.69501
0.85744 2.67694
0.85745 2.65893
0.85746 2.64097
0.85747 2.62308
0.85748 2.60524
0.85748 2.58746
0.85749 2.56973
0.85750 2.55206
0.85751 2.53445
0.85752 2.51688
0.85752 2.49937
0.85753 2.48191
0.85754 2.46450
0.85755 2.44714
0.85756 2.42985
0.85756 2.41260
0.85757 2.39542
0.85758 2.37829
0.85759 2.36122
0.85760 2.34421
0.85760 2.32725
0.85761 2.31034
0.85762 2.29348
0.85763 2.27666
0.85764 2.25989
0.85764 2.24316
0.85765 2.22647
0.85766 2.20982
0.85767 2.19321
0.85768 2.17664
0.85768 2.16010
0.85769 2.14361
0.85770 2.12715
0.85771 2.11074
0.85772 2.09436
0.85772 2.07801
0.85773 2.06170
0.85774 2.04542
0.85775 2.02917
0.85776 2.01294
0.85776 1.99674
0.85777 1.98057
0.85778 1.96441
0.85779 1.94827
0.85780 1.93215
0.85780 1.91604
0.85781 1.89996
0.85782 1.88389
0.85783 1.86783
0.85784 1.85178
0.85784 1.83575
0.85785 1.81972
0.85786 1.80369
0.85787 1.78767
0.85788 1.77165
0.85788 1.75564
0.85789 1.73962
0.85790 1.72362
0.85791 1.70761
0.85792 1.69161
0.85792 1.67562
0.85793 1.65963
0.85794 1.64365
0.85795 1.62769
0.85796 1.61172
0.85796 1.59577
0.85797 1.57982
0.85798 1.56389
0.85799 1.54797
0.85800 1.53206
0.85800 1.51617
0.85801 1.50030
0.85802 1.48445
0.85803 1.46861
0.85804 1.45280
0.85804 1.43701
0.85805 1.42124
0.85806 1.40550
0.85807 1.38979
0.85808 1.37411
0.85808 1.35845
0.85809 1.34284
0.85810 1.32725
0.85811 1.31171
0.85812 1.29622
0.85812 1.28078
0.85813 1.26539
0.85814 1.25007
0.85815 1.23481
0.85816 1.21963
0.85816 1.20452
0.85817 1.18950
0.85818 1.17456
0.85819 1.15971
0.85820 1.14496
0.85820 1.13030
0.85821 1.11573
0.85822 1.10127
0.85823 1.08692
0.85824 1.07267
0.85824 1.05853
0.85825 1.04450
0.85826 1.03059
0.85827 1.01680
0.85828 1.00313
0.85828 0.98958
0.85829 0.97616
0.85830 0.96286
0.85831 0.94969
0.85832 0.93665
0.85832 0.92374
0.85833 0.91096
0.85834 0.89831
0.85835 0.88579
0.85836 0.87341
0.85836 0.86117
0.85837 0.84907
0.85838 0.83711
0.85839 0.82530
0.85840 0.81362
0.85840 0.80208
0.85841 0.79069
0.85842 0.77945
0.85843 0.76835
0.85844 0.75739
0.85844 0.74658
0.85845 0.73591
0.85846 0.72538
0.85847 0.71500
0.85848 0.70475
0.85848 0.69464
0.85849 0.68467
0.85850 0.67483
0.85851 0.66513
0.85852 0.65557
0.85852 0.64614
0.85853 0.63685
0.85854 0.62768
0.85855 0.61864
0.85856 0.60974
0.85856 0.60096
0.85857 0.59231
0.85858 0.58379
0.85859 0.57538
0.85860 0.56710
0.85860 0.55894
0.85861 0.55089
0.85862 0.54295
0.85863 0.53512
0.85864 0.52739
0.85864 0.51976
0.85865 0.51223
0.85866 0.50478
0.85867 0.49742
0.85868 0.49014
0.85868 0.48294
0.85869 0.47581
0.85870 0.46875
0.85871 0.46176
0.85872 0.45483
0.85872 0.44797
0.85873 0.44117
0.85874 0.43444
0.85875 0.42777
0.85876 0.42115
0.85876 0.41460
0.85877 0.40810
0.85878 0.40165
0.85879 0.39526
0.85880 0.38893
0.85880 0.38265
0.85881 0.37643
0.85882 0.37026
0.85883 0.36413
0.85884 0.35807
0.85884 0.35205
0.85885 0.34609
0.85886 0.34019
0.85887 0.33433
0.85888 0.32853
0.85888 0.32278
0.85889 0.31708
0.85890 0.31143
0.85891 0.30584
0.85892 0.30029
0.85892 0.29479
0.85893 0.28933
0.85894 0.28392
0.85895 0.27856
0.85896 0.27325
0.85896 0.26800
0.85897 0.26279
0.85898 0.25764
0.85899 0.25254
0.85900 0.24749
0.85900 0.24249
0.85901 0.23755
0.85902 0.23266
0.85903 0.22783
0.85904 0.22305
0.85904 0.21834
0.85905 0.21368
0.85906 0.20908
0.85907 0.20453
0.85908 0.20005
0.85908 0.19562
0.85909 0.19126
0.85910 0.18696
0.85911 0.18273
0.85912 0.17856
0.85912 0.17446
0.85913 0.17043
0.85914 0.16649
0.85915 0.16262
0.85916 0.15883
0.85916 0.15513
0.85917 0.15152
0.85918 0.14800
0.85919 0.14456
0.85920 0.14122
0.85920 0.13798
0.85921 0.13483
0.85922 0.13178
0.85923 0.12883
0.85924 0.12597
0.85924 0.12320
0.85925 0.12053
0.85926 0.11795
0.85927 0.11547
0.85928 0.11309
0.85928 0.11081
0.85929 0.10862
0.85930 0.10653
0.85931 0.10454
0.85932 0.10265
0.85932 0.10085
0.85933 0.09916
0.85934 0.09757
0.85935 0.09607
0.85936 0.09468
0.85936 0.09339
0.85937 0.09219
0.85938 0.09108
0.85939 0.09007
0.85940 0.08915
0.85940 0.08832
0.85941 0.08760
0.85942 0.08697
0.85943 0.08644
0.85944 0.08601
0.85944 0.08568
0.85945 0.08545
0.85946 0.08531
0.85947 0.08527
0.85948 0.08532
0.85948 0.08546
0.85949 0.08571
0.85950 0.08605
0.85951 0.08650
0.85952 0.08705
0.85952 0.08771
0.85953 0.08847
0.85954 0.08933
0.85955 0.09029
0.85956 0.09135
0.85956 0.09251
0.85957 0.09378
0.85958 0.09516
0.85959 0.09665
0.85960 0.09824
0.85960 0.09994
0.85961 0.10174
0.85962 0.10366
0.85963 0.10568
0.85964 0.10780
0.85964 0.11003
0.85965 0.11236
0.85966 0.11479
0.85967 0.11732
0.85968 0.11995
0.85968 0.12269
0.85969 0.12552
0.85970 0.12844
0.85971 0.13146
0.85972 0.13457
0.85972 0.13778
0.85973 0.14109
0.85974 0.14450
0.85975 0.14801
0.85976 0.15161
0.85976 0.15532
0.85977 0.15913
0.85978 0.16303
0.85979 0.16703
0.85980 0.17112
0.85980 0.17531
0.85981 0.17959
0.85982 0.18396
0.85983 0.18843
0.85984 0.19298
0.85984 0.19763
0.85985 0.20236
0.85986 0.20718
0.85987 0.21209
0.85988 0.21708
0.85988 0.22217
0.85989 0.22735
0.85990 0.23262
0.85991 0.23798
0.85992 0.24341
0.85992 0.24893
0.85993 0.25454
0.85994 0.26022
0.85995 0.26598
0.85996 0.27182
0.85996 0.27775
0.85997 0.28375
0.85998 0.28983
0.85999 0.29598
0.86000 0.30221
0.86000 0.30850
0.86001 0.31486
0.86002 0.32128
0.86003 0.32776
0.86004 0.33429
0.86004 0.34088
0.86005 0.34752
0.86006 0.35422
0.86007 0.36096
0.86008 0.36775
0.86008 0.37457
0.86009 0.38143
0.86010 0.38833
0.86011 0.39525
0.86012 0.40221
0.86012 0.40919
0.86013 0.41619
0.86014 0.42323
0.86015 0.43028
0.86016 0.43735
0.86016 0.44443
0.86017 0.45152
0.86018 0.45863
0.86019 0.46575
0.86020 0.47288
0.86020 0.48002
0.86021 0.48717
0.86022 0.49433
0.86023 0.50150
0.86024 0.50868
0.86024 0.51585
0.86025 0.52302
0.86026 0.53018
0.86027 0.53734
0.86028 0.54449
0.86028 0.55164
0.86029 0.55878
0.86030 0.56591
0.86031 0.57304
0.86032 0.58016
0.86032 0.58727
0.86033 0.59438
0.86034 0.60148
0.86035 0.60858
0.86036 0.61568
0.86036 0.62277
0.86037 0.62986
0.86038 0.63695
0.86039 0.64403
0.86040 0.65110
0.86040 0.65817
0.86041 0.66523
0.86042 0.67229
0.86043 0.67934
0.86044 0.68638
0.86044 0.69342
0.86045 0.70045
0.86046 0.70747
0.86047 0.71448
0.86048 0.72148
0.86048 0.72846
0.86049 0.73543
0.86050 0.74238
0.86051 0.74932
0.86052 0.75624
0.86052 0.76315
0.86053 0.77004
0.86054 0.77691
0.86055 0.78377
0.86056 0.79061
0.86056 0.79744
0.86057 0.80426
0.86058 0.81107
0.86059 0.81787
0.86060 0.82466
0.86060 0.83144
0.86061 0.83821
0.86062 0.84497
0.86063 0.85172
0.86064 0.85845
0.86064 0.86518
0.86065 0.87189
0.86066 0.87860
0.86067 0.88530
0.86068 0.89199
0.86068 0.89868
0.86069 0.90536
0.86070 0.91202
0.86071 0.91868
0.86072 0.92532
0.86072 0.93195
0.86073 0.93857
0.86074 0.94518
0.86075 0.95178
0.86076 0.95836
0.86076 0.96494
0.86077 0.97151
0.86078 0.97807
0.86079 0.98461
0.86080 0.99115
0.86080 0.99768
0.86081 1.00419
0.86082 1.01068
0.86083 1.01716
0.86084 1.02361
0.86084 1.03004
0.86085 1.03645
0.86086 1.04283
0.86087 1.04917
0.86088 1.05549
0.86088 1.06178
0.86089 1.06803
0.86090 1.07426
0.86091 1.08046
0.86092 1.08662
0.86092 1.09275
0.86093 1.09884
0.86094 1.10491
0.86095 1.11094
0.86096 1.11695
0.86096 1.12292
0.86097 1.12887
0.86098 1.13479
0.86099 1.14068
0.86100 1.14655
0.86100 1.15239
0.86101 1.15821
0.86102 1.16401
0.86103 1.16978
0.86104 1.17553
0.86104 1.18125
0.86105 1.18696
0.86106 1.19265
0.86107 1.19832
0.86108 1.20396
0.86108 1.20957
0.86109 1.21516
0.86110 1.22073
0.86111 1.22626
0.86112 1.23177
0.86112 1.23725
0.86113 1.24272
0.86114 1.24816
0.86115 1.25358
0.86116 1.25898
0.86116 1.26435
0.86117 1.26969
0.86118 1.27502
0.86119 1.28031
0.86120 1.28559
0.86120 1.29084
0.86121 1.29607
0.86122 1.30128
0.86123 1.30647
0.86124 1.31165
0.86124 1.31680
0.86125 1.32194
0.86126 1.32706
0.86127 1.33217
0.86128 1.33725
0.86128 1.34233
0.86129 1.34738
0.86130 1.35243
0.86131 1.35745
0.86132 1.36247
0.86132 1.36747
0.86133 1.37247
0.86134 1.37745
0.86135 1.38242
0.86136 1.38738
0.86136 1.39233
0.86137 1.39727
0.86138 1.40221
0.86139 1.40714
0.86140 1.41206
0.86140 1.41697
0.86141 1.42187
0.86142 1.42677
0.86143 1.43166
0.86144 1.43653
0.86144 1.44139
0.86145 1.44624
0.86146 1.45107
0.86147 1.45589
0.86148 1.46069
0.86148 1.46548
0.86149 1.47025
0.86150 1.47499
0.86151 1.47972
0.86152 1.48443
0.86152 1.48911
0.86153 1.49378
0.86154 1.49842
0.86155 1.50303
0.86156 1.50761
0.86156 1.51215
0.86157 1.51667
0.86158 1.52115
0.86159 1.52560
0.86160 1.53002
0.86160 1.53442
0.86161 1.53878
0.86162 1.54312
0.86163 1.54743
0.86164 1.55169
0.86164 1.55592
0.86165 1.56010
0.86166 1.56424
0.86167 1.56834
0.86168 1.57240
0.86168 1.57640
0.86169 1.58037
0.86170 1.58428
0.86171 1.58814
0.86172 1.59194
0.86172 1.59568
0.86173 1.59936
0.86174 1.60298
0.86175 1.60653
0.86176 1.61000
0.86176 1.61341
0.86177 1.61674
0.86178 1.62000
0.86179 1.62318
0.86180 1.62628
0.86180 1.62930
0.86181 1.63223
0.86182 1.63508
0.86183 1.63783
0.86184 1.64050
0.86184 1.64308
0.86185 1.64557
0.86186 1.64796
0.86187 1.65026
0.86188 1.65247
0.86188 1.65457
0.86189 1.65657
0.86190 1.65848
0.86191 1.66028
0.86192 1.66197
0.86192 1.66356
0.86193 1.66504
0.86194 1.66641
0.86195 1.66768
0.86196 1.66884
0.86196 1.66989
0.86197 1.67084
0.86198 1.67168
0.86199 1.67241
0.86200 1.67304
0.86200 1.67355
0.86201 1.67396
0.86202 1.67425
0.86203 1.67444
0.86204 1.67452
0.86204 1.67449
0.86205 1.67436
0.86206 1.67412
0.86207 1.67378
0.86208 1.67333
0.86208 1.67278
0.86209 1.67212
0.86210 1.67135
0.86211 1.67047
0.86212 1.66948
0.86212 1.66837
0.86213 1.66716
0.86214 1.66584
0.86215 1.66441
0.86216 1.66288
0.86216 1.66124
0.86217 1.65948
0.86218 1.65762
0.86219 1.65566
0.86220 1.65358
0.86220 1.65141
0.86221 1.64912
0.86222 1.64673
0.86223 1.64424
0.86224 1.64165
0.86224 1.63897
0.86225 1.63618
0.86226 1.63329
0.86227 1.63031
0.86228 1.62724
0.86228 1.62406
0.86229 1.62079
0.86230 1.61742
0.86231 1.61396
0.86232 1.61041
0.86232 1.60675
0.86233 1.60301
0.86234 1.59917
0.86235 1.59523
0.86236 1.59120
0.86236 1.58707
0.86237 1.58285
0.86238 1.57853
0.86239 1.57413
0.86240 1.56963
0.86240 1.56504
0.86241 1.56036
0.86242 1.55559
0.86243 1.55073
0.86244 1.54579
0.86244 1.54076
0.86245 1.53563
0.86246 1.53042
0.86247 1.52512
0.86248 1.51972
0.86248 1.51423
0.86249 1.50864
0.86250 1.50296
0.86251 1.49719
0.86252 1.49132
0.86252 1.48536
0.86253 1.47930
0.86254 1.47315
0.86255 1.46691
0.86256 1.46056
0.86256 1.45412
0.86257 1.44758
0.86258 1.44094
0.86259 1.43421
0.86260 1.42739
0.86260 1.42047
0.86261 1.41346
0.86262 1.40636
0.86263 1.39916
0.86264 1.39188
0.86264 1.38451
0.86265 1.37705
0.86266 1.36951
0.86267 1.36188
0.86268 1.35417
0.86268 1.34639
0.86269 1.33852
0.86270 1.33058
0.86271 1.32256
0.86272 1.31446
0.86272 1.30629
0.86273 1.29805
0.86274 1.28973
0.86275 1.28134
0.86276 1.27288
0.86276 1.26435
0.86277 1.25575
0.86278 1.24708
0.86279 1.23835
0.86280 1.22956
0.86280 1.22070
0.86281 1.21179
0.86282 1.20282
0.86283 1.19379
0.86284 1.18471
0.86284 1.17557
0.86285 1.16639
0.86286 1.15715
0.86287 1.14787
0.86288 1.13854
0.86288 1.12917
0.86289 1.11976
0.86290 1.11031
0.86291 1.10081
0.86292 1.09127
0.86292 1.08169
0.86293 1.07208
0.86294 1.06243
0.86295 1.05274
0.86296 1.04301
0.86296 1.03325
0.86297 1.02347
0.86298 1.01364
0.86299 1.00379
0.86300 0.99392
0.86300 0.98402
0.86301 0.97409
0.86302 0.96414
0.86303 0.95417
0.86304 0.94416
0.86304 0.93414
0.86305 0.92409
0.86306 0.91402
0.86307 0.90394
0.86308 0.89383
0.86308 0.88371
0.86309 0.87356
0.86310 0.86340
0.86311 0.85323
0.86312 0.84304
0.86312 0.83283
0.86313 0.82261
0.86314 0.81237
0.86315 0.80211
0.86316 0.79183
0.86316 0.78154
0.86317 0.77122
0.86318 0.76088
0.86319 0.75052
0.86320 0.74014
0.86320 0.72973
0.86321 0.71931
0.86322 0.70886
0.86323 0.69841
0.86324 0.68793
0.86324 0.67745
0.86325 0.66694
0.86326 0.65642
0.86327 0.64589
0.86328 0.63534
0.86328 0.62478
0.86329 0.61421
0.86330 0.60363
0.86331 0.59304
0.86332 0.58245
0.86332 0.57185
0.86333 0.56125
0.86334 0.55064
0.86335 0.54004
0.86336 0.52944
0.86336 0.51885
0.86337 0.50826
0.86338 0.49767
0.86339 0.48709
0.86340 0.47653
0.86340 0.46597
0.86341 0.45544
0.86342 0.44491
0.86343 0.43440
0.86344 0.42391
0.86344 0.41343
0.86345 0.40297
0.86346 0.39254
0.86347 0.38215
0.86348 0.37178
0.86348 0.36145
0.86349 0.35116
0.86350 0.34091
0.86351 0.33069
0.86352 0.32053
0.86352 0.31042
0.86353 0.30036
0.86354 0.29037
0.86355 0.28044
0.86356 0.27058
0.86356 0.26077
0.86357 0.25104
0.86358 0.24137
0.86359 0.23177
0.86360 0.22224
0.86360 0.21278
0.86361 0.20338
0.86362 0.19405
0.86363 0.18479
0.86364 0.17561
0.86364 0.16650
0.86365 0.15748
0.86366 0.14854
0.86367 0.13969
0.86368 0.13094
0.86368 0.12227
0.86369 0.11370
0.86370 0.10523
0.86371 0.09687
0.86372 0.08860
0.86372 0.08043
0.86373 0.07236
0.86374 0.06439
0.86375 0.05651
0.86376 0.04875
0.86376 0.04108
0.86377 0.03353
0.86378 0.02608
0.86379 0.01873
0.86380 0.01148
0.86380 0.00433
0.86381 -0.00272
0.86382 -0.00967
0.86383 -0.01653
0.86384 -0.02329
0.86384 -0.02996
0.86385 -0.03654
0.86386 -0.04303
0.86387 -0.04943
0.86388 -0.05575
0.86388 -0.06198
0.86389 -0.06812
0.86390 -0.07418
0.86391 -0.08016
0.86392 -0.08606
0.86392 -0.09187
0.86393 -0.09759
0.86394 -0.10322
0.86395 -0.10877
0.86396 -0.11423
0.86396 -0.11961
0.86397 -0.12492
0.86398 -0.13014
0.86399 -0.13530
0.86400 -0.14038
0.86400 -0.14538
0.86401 -0.15032
0.86402 -0.15518
0.86403 -0.15999
0.86404 -0.16473
0.86404 -0.16942
0.86405 -0.17404
0.86406 -0.17861
0.86407 -0.18312
0.86408 -0.18756
0.86408 -0.19194
0.86409 -0.19626
0.86410 -0.20051
0.86411 -0.20469
0.86412 -0.20880
0.86412 -0.21283
0.86413 -0.21679
0.86414 -0.22068
0.86415 -0.22450
0.86416 -0.22825
0.86416 -0.23194
0.86417 -0.23556
0.86418 -0.23912
0.86419 -0.24262
0.86420 -0.24606
0.86420 -0.24944
0.86421 -0.25276
0.86422 -0.25602
0.86423 -0.25922
0.86424 -0.26236
0.86424 -0.26543
0.86425 -0.26845
0.86426 -0.27140
0.86427 -0.27430
0.86428 -0.27713
0.86428 -0.27990
0.86429 -0.28260
0.86430 -0.28525
0.86431 -0.28783
0.86432 -0.29035
0.86432 -0.29281
0.86433 -0.29521
0.86434 -0.29754
0.86435 -0.29980
0.86436 -0.30200
0.86436 -0.30413
0.86437 -0.30619
0.86438 -0.30819
0.86439 -0.31012
0.86440 -0.31199
0.86440 -0.31379
0.86441 -0.31553
0.86442 -0.31720
0.86443 -0.31880
0.86444 -0.32035
0.86444 -0.32184
0.86445 -0.32326
0.86446 -0.32462
0.86447 -0.32593
0.86448 -0.32717
0.86448 -0.32835
0.86449 -0.32947
0.86450 -0.33053
0.86451 -0.33152
0.86452 -0.33246
0.86452 -0.33333
0.86453 -0.33414
0.86454 -0.33489
0.86455 -0.33557
0.86456 -0.33620
0.86456 -0.33676
0.86457 -0.33726
0.86458 -0.33770
0.86459 -0.33809
0.86460 -0.33842
0.86460 -0.33869
0.86461 -0.33891
0.86462 -0.33908
0.86463 -0.33920
0.86464 -0.33926
0.86464 -0.33926
0.86465 -0.33921
0.86466 -0.33910
0.86467 -0.33893
0.86468 -0.33870
0.86468 -0.33841
0.86469 -0.33806
0.86470 -0.33763
0.86471 -0.33714
0.86472 -0.33659
0.86472 -0.33597
0.86473 -0.33528
0.86474 -0.33452
0.86475 -0.33370
0.86476 -0.33280
0.86476 -0.33184
0.86477 -0.33081
0.86478 -0.32972
0.86479 -0.32855
0.86480 -0.32732
0.86480 -0.32601
0.86481 -0.32462
0.86482 -0.32316
0.86483 -0.32163
0.86484 -0.32001
0.86484 -0.31832
0.86485 -0.31655
0.86486 -0.31469
0.86487 -0.31276
0.86488 -0.31074
0.86488 -0.30865
0.86489 -0.30646
0.86490 -0.30419
0.86491 -0.30184
0.86492 -0.29939
0.86492 -0.29685
0.86493 -0.29422
0.86494 -0.29150
0.86495 -0.28869
0.86496 -0.28578
0.86496 -0.28279
0.86497 -0.27969
0.86498 -0.27650
0.86499 -0.27320
0.86500 -0.26982
0.86500 -0.26633
0.86501 -0.26275
0.86502 -0.25907
0.86503 -0.25528
0.86504 -0.25140
0.86504 -0.24742
0.86505 -0.24333
0.86506 -0.23915
0.86507 -0.23487
0.86508 -0.23048
0.86508 -0.22600
0.86509 -0.22142
0.86510 -0.21673
0.86511 -0.21195
0.86512 -0.20706
0.86512 -0.20206
0.86513 -0.19697
0.86514 -0.19178
0.86515 -0.18650
0.86516 -0.18113
0.86516 -0.17566
0.86517 -0.17010
0.86518 -0.16444
0.86519 -0.15871
0.86520 -0.15289
0.86520 -0.14700
0.86521 -0.14103
0.86522 -0.13497
0.86523 -0.12884
0.86524 -0.12263
0.86524 -0.11635
0.86525 -0.10999
0.86526 -0.10356
0.86527 -0.09705
0.86528 -0.09048
0.86528 -0.08384
0.86529 -0.07713
0.86530 -0.07036
0.86531 -0.06352
0.86532 -0.05661
0.86532 -0.04963
0.86533 -0.04259
0.86534 -0.03548
0.86535 -0.02830
0.86536 -0.02107
0.86536 -0.01377
0.86537 -0.00642
0.86538 0.00100
0.86539 0.00848
0.86540 0.01601
0.86540 0.02360
0.86541 0.03125
0.86542 0.03894
0.86543 0.04669
0.86544 0.05448
0.86544 0.06232
0.86545 0.07020
0.86546 0.07812
0.86547 0.08608
0.86548 0.09408
0.86548 0.10212
0.86549 0.11020
0.86550 0.11831
0.86551 0.12646
0.86552 0.13464
0.86552 0.14286
0.86553 0.15111
0.86554 0.15939
0.86555 0.16770
0.86556 0.17604
0.86556 0.18441
0.86557 0.19281
0.86558 0.20124
0.86559 0.20969
0.86560 0.21818
0.86560 0.22669
0.86561 0.23522
0.86562 0.24377
0.86563 0.25234
0.86564 0.26092
0.86564 0.26952
0.86565 0.27813
0.86566 0.28676
0.86567 0.29541
0.86568 0.30407
0.86568 0.31275
0.86569 0.32144
0.86570 0.33015
0.86571 0.33887
0.86572 0.34761
0.86572 0.35637
0.86573 0.36513
0.86574 0.37391
0.86575 0.38269
0.86576 0.39148
0.86576 0.40029
0.86577 0.40911
0.86578 0.41794
0.86579 0.42678
0.86580 0.43563
0.86580 0.44450
0.86581 0.45337
0.86582 0.46223
0.86583 0.47110
0.86584 0.47997
0.86584 0.48882
0.86585 0.49767
0.86586 0.50651
0.86587 0.51534
0.86588 0.52416
0.86588 0.53297
0.86589 0.54177
0.86590 0.55055
0.86591 0.55931
0.86592 0.56805
0.86592 0.57678
0.86593 0.58548
0.86594 0.59416
0.86595 0.60282
0.86596 0.61147
0.86596 0.62009
0.86597 0.62868
0.86598 0.63726
0.86599 0.64580
0.86600 0.65431
0.86600 0.66278
0.86601 0.67122
0.86602 0.67962
0.86603 0.68799
0.86604 0.69632
0.86604 0.70461
0.86605 0.71287
0.86606 0.72108
0.86607 0.72926
0.86608 0.73740
0.86608 0.74549
0.86609 0.75354
0.86610 0.76154
0.86611 0.76949
0.86612 0.77740
0.86612 0.78527
0.86613 0.79309
0.86614 0.80087
0.86615 0.80859
0.86616 0.81627
0.86616 0.82390
0.86617 0.83148
0.86618 0.83900
0.86619 0.84647
0.86620 0.85390
0.86620 0.86126
0.86621 0.86856
0.86622 0.87581
0.86623 0.88300
0.86624 0.89013
0.86624 0.89721
0.86625 0.90422
0.86626 0.91118
0.86627 0.91808
0.86628 0.92492
0.86628 0.93170
0.86629 0.93840
0.86630 0.94504
0.86631 0.95160
0.86632 0.95809
0.86632 0.96452
0.86633 0.97088
0.86634 0.97717
0.86635 0.98340
0.86636 0.98958
0.86636 0.99568
0.86637 1.00173
0.86638 1.00771
0.86639 1.01363
0.86640 1.01949
0.86640 1.02528
0.86641 1.03101
0.86642 1.03668
0.86643 1.04230
0.86644 1.04786
0.86644 1.05336
0.86645 1.05881
0.86646 1.06421
0.86647 1.06956
0.86648 1.07485
0.86648 1.08009
0.86649 1.08529
0.86650 1.09043
0.86651 1.09553
0.86652 1.10059
0.86652 1.10561
0.86653 1.11058
0.86654 1.11551
0.86655 1.12039
0.86656 1.12523
0.86656 1.13001
0.86657 1.13476
0.86658 1.13945
0.86659 1.14411
0.86660 1.14871
0.86660 1.15328
0.86661 1.15780
0.86662 1.16227
0.86663 1.16670
0.86664 1.17109
0.86664 1.17545
0.86665 1.17977
0.86666 1.18405
0.86667 1.18830
0.86668 1.19251
0.86668 1.19668
0.86669 1.20083
0.86670 1.20494
0.86671 1.20902
0.86672 1.21307
0.86672 1.21709
0.86673 1.22108
0.86674 1.22503
0.86675 1.22895
0.86676 1.23284
0.86676 1.23670
0.86677 1.24052
0.86678 1.24431
0.86679 1.24807
0.86680 1.25180
0.86680 1.25550
0.86681 1.25918
0.86682 1.26283
0.86683 1.26646
0.86684 1.27006
0.86684 1.27363
0.86685 1.27717
0.86686 1.28067
0.86687 1.28414
0.86688 1.28757
0.86688 1.29096
0.86689 1.29432
0.86690 1.29763
0.86691 1.30091
0.86692 1.30414
0.86692 1.30733
0.86693 1.31047
0.86694 1.31356
0.86695 1.31660
0.86696 1.31958
0.86696 1.32251
0.86697 1.32538
0.86698 1.32819
0.86699 1.33095
0.86700 1.33364
0.86700 1.33628
0.86701 1.33884
0.86702 1.34134
0.86703 1.34377
0.86704 1.34611
0.86704 1.34839
0.86705 1.35058
0.86706 1.35270
0.86707 1.35474
0.86708 1.35670
0.86708 1.35857
0.86709 1.36036
0.86710 1.36206
0.86711 1.36368
0.86712 1.36520
0.86712 1.36663
0.86713 1.36797
0.86714 1.36921
0.86715 1.37035
0.86716 1.37138
0.86716 1.37231
0.86717 1.37313
0.86718 1.37384
0.86719 1.37444
0.86720 1.37493
0.86720 1.37531
0.86721 1.37558
0.86722 1.37573
0.86723 1.37576
0.86724 1.37568
0.86724 1.37548
0.86725 1.37516
0.86726 1.37471
0.86727 1.37415
0.86728 1.37346
0.86728 1.37265
0.86729 1.37172
0.86730 1.37065
0.86731 1.36946
0.86732 1.36814
0.86732 1.36668
0.86733 1.36508
0.86734 1.36335
0.86735 1.36150
0.86736 1.35951
0.86736 1.35739
0.86737 1.35515
0.86738 1.35278
0.86739 1.35029
0.86740 1.34767
0.86740 1.34493
0.86741 1.34207
0.86742 1.33909
0.86743 1.33600
0.86744 1.33279
0.86744 1.32946
0.86745 1.32602
0.86746 1.32247
0.86747 1.31881
0.86748 1.31504
0.86748 1.31117
0.86749 1.30719
0.86750 1.30310
0.86751 1.29891
0.86752 1.29462
0.86752 1.29024
0.86753 1.28577
0.86754 1.28122
0.86755 1.27658
0.86756 1.27186
0.86756 1.26706
0.86757 1.26218
0.86758 1.25722
0.86759 1.25220
0.86760 1.24710
0.86760 1.24195
0.86761 1.23673
0.86762 1.23145
0.86763 1.22612
0.86764 1.22073
0.86764 1.21529
0.86765 1.20980
0.86766 1.20427
0.86767 1.19870
0.86768 1.19310
0.86768 1.18746
0.86769 1.18178
0.86770 1.17606
0.86771 1.17030
0.86772 1.16451
0.86772 1.15869
0.86773 1.15284
0.86774 1.14697
0.86775 1.14107
0.86776 1.13515
0.86776 1.12921
0.86777 1.12326
0.86778 1.11728
0.86779 1.11130
0.86780 1.10530
0.86780 1.09930
0.86781 1.09329
0.86782 1.08729
0.86783 1.08128
0.86784 1.07526
0.86784 1.06924
0.86785 1.06322
0.86786 1.05719
0.86787 1.05115
0.86788 1.04511
0.86788 1.03906
0.86789 1.03301
0.86790 1.02694
0.86791 1.02086
0.86792 1.01476
0.86792 1.00864
0.86793 1.00250
0.86794 0.99635
0.86795 0.99019
0.86796 0.98400
0.86796 0.97780
0.86797 0.97158
0.86798 0.96534
0.86799 0.95909
0.86800 0.95281
0.86800 0.94651
0.86801 0.94018
0.86802 0.93383
0.86803 0.92745
0.86804 0.92104
0.86804 0.91460
0.86805 0.90812
0.86806 0.90161
0.86807 0.89506
0.86808 0.88847
0.86808 0.88183
0.86809 0.87515
0.86810 0.86843
0.86811 0.86165
0.86812 0.85482
0.86812 0.84794
0.86813 0.84100
0.86814 0.83400
0.86815 0.82694
0.86816 0.81981
0.86816 0.81261
0.86817 0.80534
0.86818 0.79800
0.86819 0.79059
0.86820 0.78311
0.86820 0.77556
0.86821 0.76794
0.86822 0.76025
0.86823 0.75248
0.86824 0.74465
0.86824 0.73674
0.86825 0.72875
0.86826 0.72070
0.86827 0.71257
0.86828 0.70436
0.86828 0.69607
0.86829 0.68770
0.86830 0.67925
0.86831 0.67071
0.86832 0.66208
0.86832 0.65336
0.86833 0.64455
0.86834 0.63565
0.86835 0.62666
0.86836 0.61759
0.86836 0.60843
0.86837 0.59919
0.86838 0.58986
0.86839 0.58046
0.86840 0.57097
0.86840 0.56141
0.86841 0.55178
0.86842 0.54209
0.86843 0.53232
0.86844 0.52250
0.86844 0.51261
0.86845 0.50265
0.86846 0.49262
0.86847 0.48253
0.86848 0.47238
0.86848 0.46216
0.86849 0.45188
0.86850 0.44153
0.86851 0.43112
0.86852 0.42066
0.86852 0.41013
0.86853 0.39955
0.86854 0.38891
0.86855 0.37821
0.86856 0.36746
0.86856 0.35666
0.86857 0.34580
0.86858 0.33490
0.86859 0.32395
0.86860 0.31296
0.86860 0.30192
0.86861 0.29084
0.86862 0.27973
0.86863 0.26859
0.86864 0.25741
0.86864 0.24620
0.86865 0.23497
0.86866 0.22372
0.86867 0.21245
0.86868 0.20116
0.86868 0.18985
0.86869 0.17853
0.86870 0.16718
0.86871 0.15582
0.86872 0.14444
0.86872 0.13305
0.86873 0.12165
0.86874 0.11023
0.86875 0.09880
0.86876 0.08735
0.86876 0.07589
0.86877 0.06442
0.86878 0.05294
0.86879 0.04146
0.86880 0.02997
0.86880 0.01848
0.86881 0.00699
0.86882 -0.00449
0.86883 -0.01596
0.86884 -0.02742
0.86884 -0.03886
0.86885 -0.05028
0.86886 -0.06167
0.86887 -0.07305
0.86888 -0.08440
0.86888 -0.09573
0.86889 -0.10703
0.86890 -0.11831
0.86891 -0.12956
0.86892 -0.14078
0.86892 -0.15198
0.86893 -0.16315
0.86894 -0.17429
0.86895 -0.18540
0.86896 -0.19648
0.86896 -0.20752
0.86897 -0.21852
0.86898 -0.22948
0.86899 -0.24040
0.86900 -0.25127
0.86900 -0.26210
0.86901 -0.27287
0.86902 -0.28360
0.86903 -0.29427
0.86904 -0.30488
0.86904 -0.31543
0.86905 -0.32592
0.86906 -0.33635
0.86907 -0.34670
0.86908 -0.35699
0.86908 -0.36720
0.86909 -0.37733
0.86910 -0.38739
0.86911 -0.39736
0.86912 -0.40726
0.86912 -0.41707
0.86913 -0.42680
0.86914 -0.43645
0.86915 -0.44601
0.86916 -0.45549
0.86916 -0.46488
0.86917 -0.47418
0.86918 -0.48340
0.86919 -0.49253
0.86920 -0.50156
0.86920 -0.51051
0.86921 -0.51936
0.86922 -0.52811
0.86923 -0.53677
0.86924 -0.54532
0.86924 -0.55378
0.86925 -0.56212
0.86926 -0.57037
0.86927 -0.57850
0.86928 -0.58652
0.86928 -0.59442
0.86929 -0.60221
0.86930 -0.60988
0.86931 -0.61743
0.86932 -0.62486
0.86932 -0.63217
0.86933 -0.63935
0.86934 -0.64642
0.86935 -0.65338
0.86936 -0.66021
0.86936 -0.66693
0.86937 -0.67353
0.86938 -0.68001
0.86939 -0.68637
0.86940 -0.69261
0.86940 -0.69873
0.86941 -0.70474
0.86942 -0.71063
0.86943 -0.71640
0.86944 -0.72206
0.86944 -0.72760
0.86945 -0.73302
0.86946 -0.73832
0.86947 -0.74351
0.86948 -0.74859
0.86948 -0.75355
0.86949 -0.75839
0.86950 -0.76313
0.86951 -0.76774
0.86952 -0.77225
0.86952 -0.77665
0.86953 -0.78093
0.86954 -0.78511
0.86955 -0.78918
0.86956 -0.79315
0.86956 -0.79701
0.86957 -0.80078
0.86958 -0.80445
0.86959 -0.80804
0.86960 -0.81153
0.86960 -0.81494
0.86961 -0.81827
0.86962 -0.82152
0.86963 -0.82469
0.86964 -0.82778
0.86964 -0.83081
0.86965 -0.83376
0.86966 -0.83664
0.86967 -0.83945
0.86968 -0.84220
0.86968 -0.84487
0.86969 -0.84747
0.86970 -0.85000
0.86971 -0.85246
0.86972 -0.85485
0.86972 -0.85718
0.86973 -0.85944
0.86974 -0.86164
0.86975 -0.86378
0.86976 -0.86586
0.86976 -0.86788
0.86977 -0.86986
0.86978 -0.87179
0.86979 -0.87368
0.86980 -0.87553
0.86980 -0.87735
0.86981 -0.87913
0.86982 -0.88088
0.86983 -0.88260
0.86984 -0.88429
0.86984 -0.88595
0.86985 -0.88758
0.86986 -0.88919
0.86987 -0.89077
0.86988 -0.89233
0.86988 -0.89387
0.86989 -0.89539
0.86990 -0.89689
0.86991 -0.89837
0.86992 -0.89983
0.86992 -0.90127
0.86993 -0.90268
0.86994 -0.90408
0.86995 -0.90545
0.86996 -0.90681
0.86996 -0.90815
0.86997 -0.90948
0.86998 -0.91079
0.86999 -0.91208
0.87000 -0.91335
0.87000 -0.91462
0.87001 -0.91587
0.87002 -0.91711
0.87003 -0.91834
0.87004 -0.91956
0.87004 -0.92077
0.87005 -0.92196
0.87006 -0.92313
0.87007 -0.92429
0.87008 -0.92543
0.87008 -0.92655
0.87009 -0.92764
0.87010 -0.92870
0.87011 -0.92974
0.87012 -0.93074
0.87012 -0.93170
0.87013 -0.93263
0.87014 -0.93352
0.87015 -0.93436
0.87016 -0.93517
0.87016 -0.93592
0.87017 -0.93663
0.87018 -0.93729
0.87019 -0.93790
0.87020 -0.93847
0.87020 -0.93900
0.87021 -0.93947
0.87022 -0.93991
0.87023 -0.94029
0.87024 -0.94063
0.87024 -0.94092
0.87025 -0.94115
0.87026 -0.94133
0.87027 -0.94145
0.87028 -0.94150
0.87028 -0.94149
0.87029 -0.94140
0.87030 -0.94124
0.87031 -0.94101
0.87032 -0.94070
0.87032 -0.94031
0.87033 -0.93984
0.87034 -0.93929
0.87035 -0.93866
0.87036 -0.93794
0.87036 -0.93713
0.87037 -0.93624
0.87038 -0.93526
0.87039 -0.93419
0.87040 -0.93302
0.87040 -0.93177
0.87041 -0.93041
0.87042 -0.92896
0.87043 -0.92742
0.87044 -0.92577
0.87044 -0.92404
0.87045 -0.92220
0.87046 -0.92025
0.87047 -0.91820
0.87048 -0.91605
0.87048 -0.91379
0.87049 -0.91142
0.87050 -0.90895
0.87051 -0.90636
0.87052 -0.90366
0.87052 -0.90084
0.87053 -0.89792
0.87054 -0.89488
0.87055 -0.89172
0.87056 -0.88846
0.87056 -0.88508
0.87057 -0.88160
0.87058 -0.87800
0.87059 -0.87430
0.87060 -0.87049
0.87060 -0.86657
0.87061 -0.86255
0.87062 -0.85842
0.87063 -0.85419
0.87064 -0.84986
0.87064 -0.84543
0.87065 -0.84090
0.87066 -0.83627
0.87067 -0.83154
0.87068 -0.82671
0.87068 -0.82178
0.87069 -0.81674
0.87070 -0.81160
0.87071 -0.80636
0.87072 -0.80101
0.87072 -0.79556
0.87073 -0.79000
0.87074 -0.78435
0.87075 -0.77859
0.87076 -0.77273
0.87076 -0.76677
0.87077 -0.76071
0.87078 -0.75456
0.87079 -0.74831
0.87080 -0.74197
0.87080 -0.73554
0.87081 -0.72902
0.87082 -0.72241
0.87083 -0.71571
0.87084 -0.70893
0.87084 -0.70206
0.87085 -0.69510
0.87086 -0.68806
0.87087 -0.68094
0.87088 -0.67374
0.87088 -0.66645
0.87089 -0.65909
0.87090 -0.65164
0.87091 -0.64412
0.87092 -0.63653
0.87092 -0.62886
0.87093 -0.62111
0.87094 -0.61330
0.87095 -0.60542
0.87096 -0.59747
0.87096 -0.58947
0.87097 -0.58140
0.87098 -0.57326
0.87099 -0.56508
0.87100 -0.55683
0.87100 -0.54854
0.87101 -0.54019
0.87102 -0.53180
0.87103 -0.52336
0.87104 -0.51487
0.87104 -0.50634
0.87105 -0.49777
0.87106 -0.48915
0.87107 -0.48050
0.87108 -0.47180
0.87108 -0.46307
0.87109 -0.45429
0.87110 -0.44548
0.87111 -0.43663
0.87112 -0.42774
0.87112 -0.41881
0.87113 -0.40985
0.87114 -0.40085
0.87115 -0.39183
0.87116 -0.38278
0.87116 -0.37370
0.87117 -0.36460
0.87118 -0.35548
0.87119 -0.34634
0.87120 -0.33719
0.87120 -0.32803
0.87121 -0.31886
0.87122 -0.30968
0.87123 -0.30050
0.87124 -0.29132
0.87124 -0.28214
0.87125 -0.27297
0.87126 -0.26380
0.87127 -0.25465
0.87128 -0.24550
0.87128 -0.23637
0.87129 -0.22726
0.87130 -0.21817
0.87131 -0.20910
0.87132 -0.20004
0.87132 -0.19101
0.87133 -0.18201
0.87134 -0.17303
0.87135 -0.16409
0.87136 -0.15518
0.87136 -0.14631
0.87137 -0.13747
0.87138 -0.12868
0.87139 -0.11994
0.87140 -0.11125
0.87140 -0.10260
0.87141 -0.09401
0.87142 -0.08547
0.87143 -0.07699
0.87144 -0.06856
0.87144 -0.06019
0.87145 -0.05187
0.87146 -0.04362
0.87147 -0.03543
0.87148 -0.02730
0.87148 -0.01924
0.87149 -0.01124
0.87150 -0.00332
0.87151 0.00454
0.87152 0.01233
0.87152 0.02004
0.87153 0.02768
0.87154 0.03524
0.87155 0.04273
0.87156 0.05014
0.87156 0.05748
0.87157 0.06474
0.87158 0.07191
0.87159 0.07901
0.87160 0.08601
0.87160 0.09292
0.87161 0.09974
0.87162 0.10646
0.87163 0.11308
0.87164 0.11960
0.87164 0.12602
0.87165 0.13234
0.87166 0.13857
0.87167 0.14470
0.87168 0.15073
0.87168 0.15667
0.87169 0.16250
0.87170 0.16824
0.87171 0.17388
0.87172 0.17942
0.87172 0.18486
0.87173 0.19022
0.87174 0.19549
0.87175 0.20067
0.87176 0.20576
0.87176 0.21076
0.87177 0.21567
0.87178 0.22049
0.87179 0.22522
0.87180 0.22987
0.87180 0.23442
0.87181 0.23889
0.87182 0.24326
0.87183 0.24753
0.87184 0.25172
0.87184 0.25582
0.87185 0.25983
0.87186 0.26376
0.87187 0.26761
0.87188 0.27138
0.87188 0.27509
0.87189 0.27872
0.87190 0.28229
0.87191 0.28579
0.87192 0.28922
0.87192 0.29259
0.87193 0.29590
0.87194 0.29913
0.87195 0.30231
0.87196 0.30542
0.87196 0.30847
0.87197 0.31146
0.87198 0.31439
0.87199 0.31725
0.87200 0.32006
0.87200 0.32283
0.87201 0.32553
0.87202 0.32818
0.87203 0.33078
0.87204 0.33334
0.87204 0.33585
0.87205 0.33831
0.87206 0.34071
0.87207 0.34306
0.87208 0.34536
0.87208 0.34762
0.87209 0.34984
0.87210 0.35202
0.87211 0.35416
0.87212 0.35628
0.87212 0.35837
0.87213 0.36044
0.87214 0.36248
0.87215 0.36451
0.87216 0.36651
0.87216 0.36850
0.87217 0.37046
0.87218 0.37240
0.87219 0.37432
0.87220 0.37620
0.87220 0.37807
0.87221 0.37990
0.87222 0.38171
0.87223 0.38349
0.87224 0.38523
0.87224 0.38693
0.87225 0.38860
0.87226 0.39024
0.87227 0.39184
0.87228 0.39342
0.87228 0.39497
0.87229 0.39649
0.87230 0.39799
0.87231 0.39946
0.87232 0.40090
0.87232 0.40232
0.87233 0.40372
0.87234 0.40510
0.87235 0.40645
0.87236 0.40778
0.87236 0.40909
0.87237 0.41036
0.87238 0.41160
0.87239 0.41281
0.87240 0.41397
0.87240 0.41510
0.87241 0.41619
0.87242 0.41724
0.87243 0.41824
0.87244 0.41921
0.87244 0.42013
0.87245 0.42100
0.87246 0.42184
0.87247 0.42264
0.87248 0.42340
0.87248 0.42413
0.87249 0.42481
0.87250 0.42546
0.87251 0.42607
0.87252 0.42665
0.87252 0.42719
0.87253 0.42770
0.87254 0.42818
0.87255 0.42863
0.87256 0.42905
0.87256 0.42944
0.87257 0.42981
0.87258 0.43016
0.87259 0.43048
0.87260 0.43077
0.87260 0.43102
0.87261 0.43124
0.87262 0.43142
0.87263 0.43155
0.87264 0.43164
0.87264 0.43168
0.87265 0.43168
0.87266 0.43162
0.87267 0.43152
0.87268 0.43136
0.87268 0.43116
0.87269 0.43091
0.87270 0.43062
0.87271 0.43029
0.87272 0.42992
0.87272 0.42951
0.87273 0.42905
0.87274 0.42855
0.87275 0.42802
0.87276 0.42743
0.87276 0.42681
0.87277 0.42613
0.87278 0.42539
0.87279 0.42458
0.87280 0.42372
0.87280 0.42279
0.87281 0.42181
0.87282 0.42076
0.87283 0.41965
0.87284 0.41847
0.87284 0.41722
0.87285 0.41591
0.87286 0.41453
0.87287 0.41307
0.87288 0.41155
0.87288 0.40995
0.87289 0.40828
0.87290 0.40654
0.87291 0.40472
0.87292 0.40282
0.87292 0.40085
0.87293 0.39880
0.87294 0.39668
0.87295 0.39447
0.87296 0.39219
0.87296 0.38982
0.87297 0.38737
0.87298 0.38483
0.87299 0.38220
0.87300 0.37948
0.87300 0.37666
0.87301 0.37374
0.87302 0.37071
0.87303 0.36757
0.87304 0.36432
0.87304 0.36095
0.87305 0.35747
0.87306 0.35387
0.87307 0.35014
0.87308 0.34629
0.87308 0.34232
0.87309 0.33821
0.87310 0.33398
0.87311 0.32963
0.87312 0.32515
0.87312 0.32056
0.87313 0.31584
0.87314 0.31100
0.87315 0.30605
0.87316 0.30098
0.87316 0.29578
0.87317 0.29047
0.87318 0.28504
0.87319 0.27948
0.87320 0.27380
0.87320 0.26800
0.87321 0.26208
0.87322 0.25603
0.87323 0.24986
0.87324 0.24359
0.87324 0.23720
0.87325 0.23070
0.87326 0.22409
0.87327 0.21738
0.87328 0.21058
0.87328 0.20368
0.87329 0.19669
0.87330 0.18961
0.87331 0.18244
0.87332 0.17517
0.87332 0.16782
0.87333 0.16038
0.87334 0.15286
0.87335 0.14526
0.87336 0.13757
0.87336 0.12981
0.87337 0.12197
0.87338 0.11406
0.87339 0.10609
0.87340 0.09805
0.87340 0.08995
0.87341 0.08179
0.87342 0.07357
0.87343 0.06530
0.87344 0.05698
0.87344 0.04860
0.87345 0.04018
0.87346 0.03170
0.87347 0.02319
0.87348 0.01463
0.87348 0.00603
0.87349 -0.00260
0.87350 -0.01127
0.87351 -0.01996
0.87352 -0.02869
0.87352 -0.03743
0.87353 -0.04620
0.87354 -0.05498
0.87355 -0.06377
0.87356 -0.07258
0.87356 -0.08141
0.87357 -0.09024
0.87358 -0.09908
0.87359 -0.10793
0.87360 -0.11679
0.87360 -0.12565
0.87361 -0.13451
0.87362 -0.14338
0.87363 -0.15225
0.87364 -0.16113
0.87364 -0.17001
0.87365 -0.17889
0.87366 -0.18777
0.87367 -0.19666
0.87368 -0.20555
0.87368 -0.21443
0.87369 -0.22330
0.87370 -0.23216
0.87371 -0.24102
0.87372 -0.24986
0.87372 -0.25869
0.87373 -0.26752
0.87374 -0.27634
0.87375 -0.28516
0.87376 -0.29398
0.87376 -0.30279
0.87377 -0.31160
0.87378 -0.32040
0.87379 -0.32919
0.87380 -0.33798
0.87380 -0.34675
0.87381 -0.35550
0.87382 -0.36424
0.87383 -0.37297
0.87384 -0.38168
0.87384 -0.39038
0.87385 -0.39907
0.87386 -0.40774
0.87387 -0.41639
0.87388 -0.42504
0.87388 -0.43368
0.87389 -0.44230
0.87390 -0.45091
0.87391 -0.45951
0.87392 -0.46810
0.87392 -0.47668
0.87393 -0.48525
0.87394 -0.49380
0.87395 -0.50235
0.87396 -0.51088
0.87396 -0.51941
0.87397 -0.52792
0.87398 -0.53641
0.87399 -0.54489
0.87400 -0.55336
0.87400 -0.56181
0.87401 -0.57025
0.87402 -0.57867
0.87403 -0.58709
0.87404 -0.59548
0.87404 -0.60387
0.87405 -0.61224
0.87406 -0.62061
0.87407 -0.62896
0.87408 -0.63730
0.87408 -0.64563
0.87409 -0.65395
0.87410 -0.66225
0.87411 -0.67055
0.87412 -0.67883
0.87412 -0.68710
0.87413 -0.69536
0.87414 -0.70362
0.87415 -0.71186
0.87416 -0.72009
0.87416 -0.72831
0.87417 -0.73651
0.87418 -0.74471
0.87419 -0.75291
0.87420 -0.76110
0.87420 -0.76928
0.87421 -0.77746
0.87422 -0.78563
0.87423 -0.79380
0.87424 -0.80197
0.87424 -0.81014
0.87425 -0.81831
0.87426 -0.82648
0.87427 -0.83465
0.87428 -0.84283
0.87428 -0.85102
0.87429 -0.85923
0.87430 -0.86745
0.87431 -0.87569
0.87432 -0.88395
0.87432 -0.89223
0.87433 -0.90053
0.87434 -0.90885
0.87435 -0.91720
0.87436 -0.92557
0.87436 -0.93398
0.87437 -0.94241
0.87438 -0.95086
0.87439 -0.95934
0.87440 -0.96785
0.87440 -0.97640
0.87441 -0.98498
0.87442 -0.99358
0.87443 -1.00222
0.87444 -1.01089
0.87444 -1.01959
0.87445 -1.02832
0.87446 -1.03708
0.87447 -1.04587
0.87448 -1.05470
0.87448 -1.06357
0.87449 -1.07247
0.87450 -1.08140
0.87451 -1.09037
0.87452 -1.09937
0.87452 -1.10841
0.87453 -1.11748
0.87454 -1.12658
0.87455 -1.13572
0.87456 -1.14488
0.87456 -1.15407
0.87457 -1.16328
0.87458 -1.17252
0.87459 -1.18177
0.87460 -1.19105
0.87460 -1.20035
0.87461 -1.20968
0.87462 -1.21901
0.87463 -1.22837
0.87464 -1.23773
0.87464 -1.24711
0.87465 -1.25651
0.87466 -1.26591
0.87467 -1.27533
0.87468 -1.28475
0.87468 -1.29417
0.87469 -1.30360
0.87470 -1.31303
0.87471 -1.32246
0.87472 -1.33189
0.87472 -1.34132
0.87473 -1.35075
0.87474 -1.36016
0.87475 -1.36956
0.87476 -1.37894
0.87476 -1.38830
0.87477 -1.39765
0.87478 -1.40696
0.87479 -1.41625
0.87480 -1.42550
0.87480 -1.43472
0.87481 -1.44391
0.87482 -1.45305
0.87483 -1.46216
0.87484 -1.47123
0.87484 -1.48025
0.87485 -1.48923
0.87486 -1.49815
0.87487 -1.50702
0.87488 -1.51584
0.87488 -1.52461
0.87489 -1.53332
0.87490 -1.54197
0.87491 -1.55057
0.87492 -1.55910
0.87492 -1.56758
0.87493 -1.57600
0.87494 -1.58435
0.87495 -1.59265
0.87496 -1.60088
0.87496 -1.60905
0.87497 -1.61715
0.87498 -1.62518
0.87499 -1.63314
0.87500 -1.64104
