time [s] 	 stored energy [J]
0.78500 0.48454
0.78501 0.47524
0.78502 0.46606
0.78503 0.45702
0.78504 0.44811
0.78504 0.43932
0.78505 0.43065
0.78506 0.42211
0.78507 0.41370
0.78508 0.40540
0.78508 0.39722
0.78509 0.38916
0.78510 0.38120
0.78511 0.37335
0.78512 0.36561
0.78512 0.35798
0.78513 0.35045
0.78514 0.34303
0.78515 0.33572
0.78516 0.32852
0.78516 0.32142
0.78517 0.31442
0.78518 0.30753
0.78519 0.30074
0.78520 0.29406
0.78520 0.28748
0.78521 0.28101
0.78522 0.27465
0.78523 0.26838
0.78524 0.26222
0.78524 0.25616
0.78525 0.25019
0.78526 0.24433
0.78527 0.23856
0.78528 0.23289
0.78528 0.22733
0.78529 0.22186
0.78530 0.21648
0.78531 0.21120
0.78532 0.20601
0.78532 0.20090
0.78533 0.19588
0.78534 0.19096
0.78535 0.18612
0.78536 0.18138
0.78536 0.17672
0.78537 0.17215
0.78538 0.16767
0.78539 0.16328
0.78540 0.15899
0.78540 0.15478
0.78541 0.15067
0.78542 0.14664
0.78543 0.14270
0.78544 0.13885
0.78544 0.13509
0.78545 0.13141
0.78546 0.12781
0.78547 0.12430
0.78548 0.12086
0.78548 0.11751
0.78549 0.11424
0.78550 0.11105
0.78551 0.10794
0.78552 0.10491
0.78552 0.10196
0.78553 0.09909
0.78554 0.09631
0.78555 0.09361
0.78556 0.09100
0.78556 0.08847
0.78557 0.08604
0.78558 0.08369
0.78559 0.08144
0.78560 0.07928
0.78560 0.07722
0.78561 0.07525
0.78562 0.07338
0.78563 0.07161
0.78564 0.06993
0.78564 0.06835
0.78565 0.06687
0.78566 0.06549
0.78567 0.06421
0.78568 0.06302
0.78568 0.06193
0.78569 0.06094
0.78570 0.06004
0.78571 0.05924
0.78572 0.05853
0.78572 0.05790
0.78573 0.05737
0.78574 0.05691
0.78575 0.05655
0.78576 0.05627
0.78576 0.05608
0.78577 0.05597
0.78578 0.05594
0.78579 0.05600
0.78580 0.05614
0.78580 0.05636
0.78581 0.05667
0.78582 0.05707
0.78583 0.05755
0.78584 0.05812
0.78584 0.05877
0.78585 0.05950
0.78586 0.06031
0.78587 0.06120
0.78588 0.06217
0.78588 0.06322
0.78589 0.06434
0.78590 0.06553
0.78591 0.06680
0.78592 0.06813
0.78592 0.06954
0.78593 0.07101
0.78594 0.07255
0.78595 0.07417
0.78596 0.07585
0.78596 0.07761
0.78597 0.07944
0.78598 0.08134
0.78599 0.08332
0.78600 0.08536
0.78600 0.08747
0.78601 0.08966
0.78602 0.09192
0.78603 0.09425
0.78604 0.09664
0.78604 0.09910
0.78605 0.10162
0.78606 0.10420
0.78607 0.10685
0.78608 0.10954
0.78608 0.11230
0.78609 0.11511
0.78610 0.11798
0.78611 0.12091
0.78612 0.12389
0.78612 0.12693
0.78613 0.13003
0.78614 0.13317
0.78615 0.13636
0.78616 0.13959
0.78616 0.14288
0.78617 0.14620
0.78618 0.14958
0.78619 0.15300
0.78620 0.15645
0.78620 0.15995
0.78621 0.16349
0.78622 0.16707
0.78623 0.17070
0.78624 0.17437
0.78624 0.17809
0.78625 0.18184
0.78626 0.18564
0.78627 0.18948
0.78628 0.19336
0.78628 0.19727
0.78629 0.20123
0.78630 0.20522
0.78631 0.20926
0.78632 0.21332
0.78632 0.21741
0.78633 0.22153
0.78634 0.22568
0.78635 0.22985
0.78636 0.23405
0.78636 0.23826
0.78637 0.24250
0.78638 0.24676
0.78639 0.25104
0.78640 0.25533
0.78640 0.25965
0.78641 0.26399
0.78642 0.26836
0.78643 0.27274
0.78644 0.27715
0.78644 0.28159
0.78645 0.28604
0.78646 0.29051
0.78647 0.29499
0.78648 0.29949
0.78648 0.30400
0.78649 0.30852
0.78650 0.31305
0.78651 0.31759
0.78652 0.32213
0.78652 0.32668
0.78653 0.33123
0.78654 0.33579
0.78655 0.34036
0.78656 0.34493
0.78656 0.34951
0.78657 0.35409
0.78658 0.35868
0.78659 0.36327
0.78660 0.36787
0.78660 0.37247
0.78661 0.37707
0.78662 0.38166
0.78663 0.38626
0.78664 0.39086
0.78664 0.39547
0.78665 0.40008
0.78666 0.40469
0.78667 0.40931
0.78668 0.41393
0.78668 0.41855
0.78669 0.42317
0.78670 0.42780
0.78671 0.43242
0.78672 0.43705
0.78672 0.44168
0.78673 0.44630
0.78674 0.45093
0.78675 0.45556
0.78676 0.46019
0.78676 0.46482
0.78677 0.46946
0.78678 0.47410
0.78679 0.47873
0.78680 0.48338
0.78680 0.48802
0.78681 0.49267
0.78682 0.49732
0.78683 0.50198
0.78684 0.50664
0.78684 0.51131
0.78685 0.51599
0.78686 0.52068
0.78687 0.52537
0.78688 0.53008
0.78688 0.53480
0.78689 0.53953
0.78690 0.54427
0.78691 0.54901
0.78692 0.55376
0.78692 0.55850
0.78693 0.56325
0.78694 0.56799
0.78695 0.57273
0.78696 0.57745
0.78696 0.58217
0.78697 0.58688
0.78698 0.59158
0.78699 0.59627
0.78700 0.60096
0.78700 0.60563
0.78701 0.61030
0.78702 0.61496
0.78703 0.61962
0.78704 0.62428
0.78704 0.62893
0.78705 0.63357
0.78706 0.63821
0.78707 0.64284
0.78708 0.64746
0.78708 0.65209
0.78709 0.65671
0.78710 0.66133
0.78711 0.66594
0.78712 0.67054
0.78712 0.67514
0.78713 0.67973
0.78714 0.68431
0.78715 0.68887
0.78716 0.69342
0.78716 0.69796
0.78717 0.70248
0.78718 0.70699
0.78719 0.71149
0.78720 0.71598
0.78720 0.72045
0.78721 0.72490
0.78722 0.72933
0.78723 0.73376
0.78724 0.73817
0.78724 0.74256
0.78725 0.74693
0.78726 0.75128
0.78727 0.75561
0.78728 0.75992
0.78728 0.76421
0.78729 0.76849
0.78730 0.77275
0.78731 0.77698
0.78732 0.78119
0.78732 0.78538
0.78733 0.78954
0.78734 0.79367
0.78735 0.79778
0.78736 0.80186
0.78736 0.80592
0.78737 0.80994
0.78738 0.81394
0.78739 0.81791
0.78740 0.82185
0.78740 0.82575
0.78741 0.82964
0.78742 0.83349
0.78743 0.83732
0.78744 0.84113
0.78744 0.84491
0.78745 0.84868
0.78746 0.85242
0.78747 0.85614
0.78748 0.85985
0.78748 0.86353
0.78749 0.86719
0.78750 0.87082
0.78751 0.87442
0.78752 0.87800
0.78752 0.88155
0.78753 0.88507
0.78754 0.88856
0.78755 0.89201
0.78756 0.89543
0.78756 0.89881
0.78757 0.90215
0.78758 0.90545
0.78759 0.90870
0.78760 0.91191
0.78760 0.91508
0.78761 0.91820
0.78762 0.92127
0.78763 0.92430
0.78764 0.92728
0.78764 0.93022
0.78765 0.93312
0.78766 0.93597
0.78767 0.93878
0.78768 0.94153
0.78768 0.94424
0.78769 0.94690
0.78770 0.94950
0.78771 0.95206
0.78772 0.95457
0.78772 0.95703
0.78773 0.95944
0.78774 0.96179
0.78775 0.96408
0.78776 0.96632
0.78776 0.96849
0.78777 0.97060
0.78778 0.97264
0.78779 0.97460
0.78780 0.97650
0.78780 0.97832
0.78781 0.98008
0.78782 0.98177
0.78783 0.98340
0.78784 0.98495
0.78784 0.98644
0.78785 0.98786
0.78786 0.98920
0.78787 0.99049
0.78788 0.99170
0.78788 0.99284
0.78789 0.99391
0.78790 0.99491
0.78791 0.99584
0.78792 0.99670
0.78792 0.99748
0.78793 0.99819
0.78794 0.99882
0.78795 0.99937
0.78796 0.99985
0.78796 1.00025
0.78797 1.00059
0.78798 1.00085
0.78799 1.00104
0.78800 1.00116
0.78800 1.00121
0.78801 1.00119
0.78802 1.00110
0.78803 1.00093
0.78804 1.00070
0.78804 1.00039
0.78805 1.00002
0.78806 0.99958
0.78807 0.99908
0.78808 0.99852
0.78808 0.99789
0.78809 0.99721
0.78810 0.99646
0.78811 0.99565
0.78812 0.99478
0.78812 0.99384
0.78813 0.99285
0.78814 0.99180
0.78815 0.99069
0.78816 0.98952
0.78816 0.98829
0.78817 0.98699
0.78818 0.98564
0.78819 0.98423
0.78820 0.98276
0.78820 0.98123
0.78821 0.97964
0.78822 0.97799
0.78823 0.97629
0.78824 0.97452
0.78824 0.97270
0.78825 0.97083
0.78826 0.96891
0.78827 0.96693
0.78828 0.96491
0.78828 0.96285
0.78829 0.96074
0.78830 0.95858
0.78831 0.95638
0.78832 0.95413
0.78832 0.95183
0.78833 0.94948
0.78834 0.94708
0.78835 0.94463
0.78836 0.94213
0.78836 0.93957
0.78837 0.93697
0.78838 0.93430
0.78839 0.93158
0.78840 0.92880
0.78840 0.92596
0.78841 0.92306
0.78842 0.92011
0.78843 0.91709
0.78844 0.91402
0.78844 0.91088
0.78845 0.90768
0.78846 0.90441
0.78847 0.90108
0.78848 0.89767
0.78848 0.89420
0.78849 0.89065
0.78850 0.88703
0.78851 0.88333
0.78852 0.87956
0.78852 0.87571
0.78853 0.87178
0.78854 0.86778
0.78855 0.86370
0.78856 0.85954
0.78856 0.85529
0.78857 0.85096
0.78858 0.84653
0.78859 0.84202
0.78860 0.83742
0.78860 0.83272
0.78861 0.82794
0.78862 0.82306
0.78863 0.81810
0.78864 0.81304
0.78864 0.80788
0.78865 0.80263
0.78866 0.79728
0.78867 0.79183
0.78868 0.78628
0.78868 0.78064
0.78869 0.77490
0.78870 0.76906
0.78871 0.76313
0.78872 0.75709
0.78872 0.75095
0.78873 0.74471
0.78874 0.73837
0.78875 0.73192
0.78876 0.72536
0.78876 0.71869
0.78877 0.71192
0.78878 0.70504
0.78879 0.69805
0.78880 0.69095
0.78880 0.68374
0.78881 0.67642
0.78882 0.66899
0.78883 0.66145
0.78884 0.65381
0.78884 0.64606
0.78885 0.63820
0.78886 0.63023
0.78887 0.62216
0.78888 0.61399
0.78888 0.60572
0.78889 0.59734
0.78890 0.58887
0.78891 0.58030
0.78892 0.57163
0.78892 0.56286
0.78893 0.55399
0.78894 0.54504
0.78895 0.53599
0.78896 0.52685
0.78896 0.51762
0.78897 0.50830
0.78898 0.49889
0.78899 0.48940
0.78900 0.47983
0.78900 0.47017
0.78901 0.46044
0.78902 0.45063
0.78903 0.44074
0.78904 0.43078
0.78904 0.42073
0.78905 0.41060
0.78906 0.40040
0.78907 0.39013
0.78908 0.37979
0.78908 0.36940
0.78909 0.35894
0.78910 0.34843
0.78911 0.33786
0.78912 0.32723
0.78912 0.31654
0.78913 0.30580
0.78914 0.29500
0.78915 0.28416
0.78916 0.27327
0.78916 0.26234
0.78917 0.25137
0.78918 0.24035
0.78919 0.22930
0.78920 0.21820
0.78920 0.20708
0.78921 0.19591
0.78922 0.18472
0.78923 0.17351
0.78924 0.16228
0.78924 0.15103
0.78925 0.13977
0.78926 0.12850
0.78927 0.11723
0.78928 0.10594
0.78928 0.09466
0.78929 0.08338
0.78930 0.07210
0.78931 0.06084
0.78932 0.04959
0.78932 0.03835
0.78933 0.02714
0.78934 0.01593
0.78935 0.00475
0.78936 -0.00641
0.78936 -0.01755
0.78937 -0.02866
0.78938 -0.03975
0.78939 -0.05082
0.78940 -0.06185
0.78940 -0.07284
0.78941 -0.08380
0.78942 -0.09473
0.78943 -0.10562
0.78944 -0.11646
0.78944 -0.12726
0.78945 -0.13802
0.78946 -0.14872
0.78947 -0.15938
0.78948 -0.16999
0.78948 -0.18053
0.78949 -0.19102
0.78950 -0.20145
0.78951 -0.21182
0.78952 -0.22213
0.78952 -0.23237
0.78953 -0.24253
0.78954 -0.25263
0.78955 -0.26264
0.78956 -0.27257
0.78956 -0.28241
0.78957 -0.29217
0.78958 -0.30185
0.78959 -0.31145
0.78960 -0.32098
0.78960 -0.33042
0.78961 -0.33978
0.78962 -0.34906
0.78963 -0.35825
0.78964 -0.36735
0.78964 -0.37637
0.78965 -0.38530
0.78966 -0.39414
0.78967 -0.40290
0.78968 -0.41157
0.78968 -0.42015
0.78969 -0.42864
0.78970 -0.43704
0.78971 -0.44535
0.78972 -0.45357
0.78972 -0.46170
0.78973 -0.46976
0.78974 -0.47773
0.78975 -0.48562
0.78976 -0.49343
0.78976 -0.50117
0.78977 -0.50884
0.78978 -0.51643
0.78979 -0.52395
0.78980 -0.53141
0.78980 -0.53879
0.78981 -0.54610
0.78982 -0.55336
0.78983 -0.56055
0.78984 -0.56768
0.78984 -0.57474
0.78985 -0.58173
0.78986 -0.58866
0.78987 -0.59552
0.78988 -0.60230
0.78988 -0.60901
0.78989 -0.61565
0.78990 -0.62221
0.78991 -0.62870
0.78992 -0.63511
0.78992 -0.64145
0.78993 -0.64771
0.78994 -0.65390
0.78995 -0.66002
0.78996 -0.66606
0.78996 -0.67204
0.78997 -0.67794
0.78998 -0.68378
0.78999 -0.68954
0.79000 -0.69524
0.79000 -0.70087
0.79001 -0.70644
0.79002 -0.71195
0.79003 -0.71740
0.79004 -0.72279
0.79004 -0.72813
0.79005 -0.73342
0.79006 -0.73866
0.79007 -0.74385
0.79008 -0.74900
0.79008 -0.75409
0.79009 -0.75913
0.79010 -0.76412
0.79011 -0.76906
0.79012 -0.77395
0.79012 -0.77878
0.79013 -0.78356
0.79014 -0.78829
0.79015 -0.79297
0.79016 -0.79759
0.79016 -0.80216
0.79017 -0.80667
0.79018 -0.81114
0.79019 -0.81555
0.79020 -0.81991
0.79020 -0.82423
0.79021 -0.82849
0.79022 -0.83270
0.79023 -0.83685
0.79024 -0.84095
0.79024 -0.84500
0.79025 -0.84898
0.79026 -0.85290
0.79027 -0.85675
0.79028 -0.86053
0.79028 -0.86425
0.79029 -0.86790
0.79030 -0.87148
0.79031 -0.87499
0.79032 -0.87843
0.79032 -0.88180
0.79033 -0.88509
0.79034 -0.88831
0.79035 -0.89146
0.79036 -0.89454
0.79036 -0.89756
0.79037 -0.90050
0.79038 -0.90338
0.79039 -0.90621
0.79040 -0.90897
0.79040 -0.91168
0.79041 -0.91433
0.79042 -0.91693
0.79043 -0.91949
0.79044 -0.92199
0.79044 -0.92445
0.79045 -0.92685
0.79046 -0.92922
0.79047 -0.93153
0.79048 -0.93381
0.79048 -0.93603
0.79049 -0.93822
0.79050 -0.94036
0.79051 -0.94247
0.79052 -0.94453
0.79052 -0.94654
0.79053 -0.94850
0.79054 -0.95041
0.79055 -0.95227
0.79056 -0.95407
0.79056 -0.95582
0.79057 -0.95752
0.79058 -0.95916
0.79059 -0.96074
0.79060 -0.96227
0.79060 -0.96375
0.79061 -0.96517
0.79062 -0.96654
0.79063 -0.96785
0.79064 -0.96912
0.79064 -0.97034
0.79065 -0.97151
0.79066 -0.97262
0.79067 -0.97368
0.79068 -0.97469
0.79068 -0.97564
0.79069 -0.97654
0.79070 -0.97737
0.79071 -0.97815
0.79072 -0.97887
0.79072 -0.97952
0.79073 -0.98013
0.79074 -0.98067
0.79075 -0.98116
0.79076 -0.98159
0.79076 -0.98198
0.79077 -0.98231
0.79078 -0.98259
0.79079 -0.98283
0.79080 -0.98302
0.79080 -0.98317
0.79081 -0.98326
0.79082 -0.98331
0.79083 -0.98333
0.79084 -0.98330
0.79084 -0.98324
0.79085 -0.98313
0.79086 -0.98299
0.79087 -0.98281
0.79088 -0.98259
0.79088 -0.98233
0.79089 -0.98203
0.79090 -0.98170
0.79091 -0.98132
0.79092 -0.98090
0.79092 -0.98043
0.79093 -0.97991
0.79094 -0.97934
0.79095 -0.97872
0.79096 -0.97805
0.79096 -0.97734
0.79097 -0.97656
0.79098 -0.97573
0.79099 -0.97485
0.79100 -0.97392
0.79100 -0.97293
0.79101 -0.97188
0.79102 -0.97077
0.79103 -0.96961
0.79104 -0.96840
0.79104 -0.96713
0.79105 -0.96582
0.79106 -0.96446
0.79107 -0.96305
0.79108 -0.96159
0.79108 -0.96010
0.79109 -0.95855
0.79110 -0.95696
0.79111 -0.95533
0.79112 -0.95365
0.79112 -0.95193
0.79113 -0.95017
0.79114 -0.94836
0.79115 -0.94650
0.79116 -0.94460
0.79116 -0.94266
0.79117 -0.94068
0.79118 -0.93867
0.79119 -0.93662
0.79120 -0.93454
0.79120 -0.93243
0.79121 -0.93028
0.79122 -0.92811
0.79123 -0.92591
0.79124 -0.92369
0.79124 -0.92143
0.79125 -0.91915
0.79126 -0.91684
0.79127 -0.91450
0.79128 -0.91214
0.79128 -0.90974
0.79129 -0.90732
0.79130 -0.90486
0.79131 -0.90238
0.79132 -0.89986
0.79132 -0.89731
0.79133 -0.89472
0.79134 -0.89210
0.79135 -0.88945
0.79136 -0.88675
0.79136 -0.88401
0.79137 -0.88123
0.79138 -0.87841
0.79139 -0.87554
0.79140 -0.87264
0.79140 -0.86970
0.79141 -0.86671
0.79142 -0.86368
0.79143 -0.86062
0.79144 -0.85751
0.79144 -0.85437
0.79145 -0.85119
0.79146 -0.84797
0.79147 -0.84471
0.79148 -0.84141
0.79148 -0.83808
0.79149 -0.83471
0.79150 -0.83131
0.79151 -0.82788
0.79152 -0.82441
0.79152 -0.82092
0.79153 -0.81740
0.79154 -0.81384
0.79155 -0.81026
0.79156 -0.80665
0.79156 -0.80300
0.79157 -0.79933
0.79158 -0.79561
0.79159 -0.79187
0.79160 -0.78809
0.79160 -0.78428
0.79161 -0.78044
0.79162 -0.77657
0.79163 -0.77267
0.79164 -0.76874
0.79164 -0.76478
0.79165 -0.76079
0.79166 -0.75677
0.79167 -0.75272
0.79168 -0.74864
0.79168 -0.74453
0.79169 -0.74038
0.79170 -0.73621
0.79171 -0.73200
0.79172 -0.72776
0.79172 -0.72348
0.79173 -0.71917
0.79174 -0.71481
0.79175 -0.71042
0.79176 -0.70600
0.79176 -0.70154
0.79177 -0.69705
0.79178 -0.69252
0.79179 -0.68795
0.79180 -0.68336
0.79180 -0.67874
0.79181 -0.67409
0.79182 -0.66940
0.79183 -0.66470
0.79184 -0.65996
0.79184 -0.65520
0.79185 -0.65042
0.79186 -0.64561
0.79187 -0.64079
0.79188 -0.63595
0.79188 -0.63109
0.79189 -0.62621
0.79190 -0.62131
0.79191 -0.61639
0.79192 -0.61145
0.79192 -0.60649
0.79193 -0.60152
0.79194 -0.59653
0.79195 -0.59153
0.79196 -0.58651
0.79196 -0.58147
0.79197 -0.57643
0.79198 -0.57137
0.79199 -0.56628
0.79200 -0.56118
0.79200 -0.55606
0.79201 -0.55091
0.79202 -0.54575
0.79203 -0.54057
0.79204 -0.53536
0.79204 -0.53013
0.79205 -0.52488
0.79206 -0.51961
0.79207 -0.51433
0.79208 -0.50904
0.79208 -0.50373
0.79209 -0.49840
0.79210 -0.49306
0.79211 -0.48770
0.79212 -0.48233
0.79212 -0.47693
0.79213 -0.47153
0.79214 -0.46610
0.79215 -0.46066
0.79216 -0.45520
0.79216 -0.44973
0.79217 -0.44424
0.79218 -0.43874
0.79219 -0.43322
0.79220 -0.42769
0.79220 -0.42214
0.79221 -0.41659
0.79222 -0.41102
0.79223 -0.40544
0.79224 -0.39985
0.79224 -0.39426
0.79225 -0.38866
0.79226 -0.38305
0.79227 -0.37743
0.79228 -0.37181
0.79228 -0.36617
0.79229 -0.36053
0.79230 -0.35487
0.79231 -0.34920
0.79232 -0.34352
0.79232 -0.33783
0.79233 -0.33211
0.79234 -0.32638
0.79235 -0.32062
0.79236 -0.31486
0.79236 -0.30908
0.79237 -0.30329
0.79238 -0.29748
0.79239 -0.29165
0.79240 -0.28582
0.79240 -0.27998
0.79241 -0.27413
0.79242 -0.26827
0.79243 -0.26240
0.79244 -0.25653
0.79244 -0.25066
0.79245 -0.24478
0.79246 -0.23890
0.79247 -0.23303
0.79248 -0.22715
0.79248 -0.22129
0.79249 -0.21544
0.79250 -0.20961
0.79251 -0.20378
0.79252 -0.19797
0.79252 -0.19217
0.79253 -0.18639
0.79254 -0.18063
0.79255 -0.17489
0.79256 -0.16917
0.79256 -0.16346
0.79257 -0.15777
0.79258 -0.15210
0.79259 -0.14644
0.79260 -0.14081
0.79260 -0.13519
0.79261 -0.12959
0.79262 -0.12402
0.79263 -0.11846
0.79264 -0.11293
0.79264 -0.10742
0.79265 -0.10192
0.79266 -0.09645
0.79267 -0.09101
0.79268 -0.08559
0.79268 -0.08019
0.79269 -0.07482
0.79270 -0.06947
0.79271 -0.06415
0.79272 -0.05885
0.79272 -0.05359
0.79273 -0.04835
0.79274 -0.04314
0.79275 -0.03797
0.79276 -0.03283
0.79276 -0.02772
0.79277 -0.02265
0.79278 -0.01762
0.79279 -0.01263
0.79280 -0.00767
0.79280 -0.00276
0.79281 0.00211
0.79282 0.00693
0.79283 0.01169
0.79284 0.01640
0.79284 0.02105
0.79285 0.02564
0.79286 0.03018
0.79287 0.03467
0.79288 0.03910
0.79288 0.04348
0.79289 0.04780
0.79290 0.05207
0.79291 0.05628
0.79292 0.06044
0.79292 0.06455
0.79293 0.06860
0.79294 0.07259
0.79295 0.07652
0.79296 0.08040
0.79296 0.08423
0.79297 0.08802
0.79298 0.09176
0.79299 0.09546
0.79300 0.09911
0.79300 0.10272
0.79301 0.10628
0.79302 0.10979
0.79303 0.11325
0.79304 0.11667
0.79304 0.12004
0.79305 0.12338
0.79306 0.12667
0.79307 0.12992
0.79308 0.13311
0.79308 0.13626
0.79309 0.13936
0.79310 0.14240
0.79311 0.14540
0.79312 0.14835
0.79312 0.15124
0.79313 0.15408
0.79314 0.15687
0.79315 0.15960
0.79316 0.16228
0.79316 0.16490
0.79317 0.16747
0.79318 0.16999
0.79319 0.17245
0.79320 0.17486
0.79320 0.17721
0.79321 0.17950
0.79322 0.18173
0.79323 0.18391
0.79324 0.18603
0.79324 0.18810
0.79325 0.19012
0.79326 0.19207
0.79327 0.19398
0.79328 0.19583
0.79328 0.19762
0.79329 0.19935
0.79330 0.20103
0.79331 0.20265
0.79332 0.20423
0.79332 0.20574
0.79333 0.20721
0.79334 0.20863
0.79335 0.21000
0.79336 0.21132
0.79336 0.21259
0.79337 0.21381
0.79338 0.21498
0.79339 0.21611
0.79340 0.21719
0.79340 0.21822
0.79341 0.21920
0.79342 0.22014
0.79343 0.22103
0.79344 0.22188
0.79344 0.22269
0.79345 0.22345
0.79346 0.22417
0.79347 0.22484
0.79348 0.22546
0.79348 0.22602
0.79349 0.22653
0.79350 0.22699
0.79351 0.22740
0.79352 0.22776
0.79352 0.22807
0.79353 0.22833
0.79354 0.22854
0.79355 0.22869
0.79356 0.22879
0.79356 0.22885
0.79357 0.22886
0.79358 0.22883
0.79359 0.22876
0.79360 0.22865
0.79360 0.22851
0.79361 0.22833
0.79362 0.22811
0.79363 0.22786
0.79364 0.22757
0.79364 0.22724
0.79365 0.22688
0.79366 0.22649
0.79367 0.22607
0.79368 0.22560
0.79368 0.22510
0.79369 0.22455
0.79370 0.22398
0.79371 0.22337
0.79372 0.22272
0.79372 0.22206
0.79373 0.22136
0.79374 0.22063
0.79375 0.21987
0.79376 0.21908
0.79376 0.21827
0.79377 0.21742
0.79378 0.21655
0.79379 0.21566
0.79380 0.21474
0.79380 0.21380
0.79381 0.21284
0.79382 0.21185
0.79383 0.21083
0.79384 0.20980
0.79384 0.20873
0.79385 0.20764
0.79386 0.20652
0.79387 0.20538
0.79388 0.20420
0.79388 0.20299
0.79389 0.20175
0.79390 0.20047
0.79391 0.19915
0.79392 0.19780
0.79392 0.19641
0.79393 0.19498
0.79394 0.19352
0.79395 0.19201
0.79396 0.19046
0.79396 0.18887
0.79397 0.18725
0.79398 0.18559
0.79399 0.18389
0.79400 0.18215
0.79400 0.18039
0.79401 0.17859
0.79402 0.17674
0.79403 0.17486
0.79404 0.17294
0.79404 0.17098
0.79405 0.16897
0.79406 0.16691
0.79407 0.16481
0.79408 0.16265
0.79408 0.16043
0.79409 0.15815
0.79410 0.15580
0.79411 0.15339
0.79412 0.15091
0.79412 0.14837
0.79413 0.14576
0.79414 0.14308
0.79415 0.14033
0.79416 0.13751
0.79416 0.13462
0.79417 0.13166
0.79418 0.12863
0.79419 0.12553
0.79420 0.12237
0.79420 0.11913
0.79421 0.11583
0.79422 0.11245
0.79423 0.10900
0.79424 0.10547
0.79424 0.10187
0.79425 0.09819
0.79426 0.09444
0.79427 0.09062
0.79428 0.08671
0.79428 0.08273
0.79429 0.07868
0.79430 0.07454
0.79431 0.07032
0.79432 0.06603
0.79432 0.06166
0.79433 0.05721
0.79434 0.05269
0.79435 0.04809
0.79436 0.04342
0.79436 0.03868
0.79437 0.03386
0.79438 0.02898
0.79439 0.02403
0.79440 0.01901
0.79440 0.01391
0.79441 0.00875
0.79442 0.00352
0.79443 -0.00177
0.79444 -0.00713
0.79444 -0.01256
0.79445 -0.01805
0.79446 -0.02361
0.79447 -0.02923
0.79448 -0.03491
0.79448 -0.04065
0.79449 -0.04645
0.79450 -0.05231
0.79451 -0.05824
0.79452 -0.06422
0.79452 -0.07026
0.79453 -0.07636
0.79454 -0.08251
0.79455 -0.08872
0.79456 -0.09497
0.79456 -0.10127
0.79457 -0.10761
0.79458 -0.11398
0.79459 -0.12040
0.79460 -0.12686
0.79460 -0.13335
0.79461 -0.13988
0.79462 -0.14644
0.79463 -0.15304
0.79464 -0.15966
0.79464 -0.16632
0.79465 -0.17301
0.79466 -0.17972
0.79467 -0.18646
0.79468 -0.19322
0.79468 -0.20000
0.79469 -0.20681
0.79470 -0.21364
0.79471 -0.22050
0.79472 -0.22738
0.79472 -0.23427
0.79473 -0.24119
0.79474 -0.24813
0.79475 -0.25509
0.79476 -0.26206
0.79476 -0.26904
0.79477 -0.27604
0.79478 -0.28305
0.79479 -0.29006
0.79480 -0.29709
0.79480 -0.30412
0.79481 -0.31116
0.79482 -0.31820
0.79483 -0.32526
0.79484 -0.33231
0.79484 -0.33937
0.79485 -0.34644
0.79486 -0.35352
0.79487 -0.36060
0.79488 -0.36769
0.79488 -0.37478
0.79489 -0.38187
0.79490 -0.38895
0.79491 -0.39604
0.79492 -0.40312
0.79492 -0.41019
0.79493 -0.41727
0.79494 -0.42433
0.79495 -0.43137
0.79496 -0.43840
0.79496 -0.44541
0.79497 -0.45241
0.79498 -0.45938
0.79499 -0.46634
0.79500 -0.47327
0.79500 -0.48019
0.79501 -0.48708
0.79502 -0.49394
0.79503 -0.50078
0.79504 -0.50759
0.79504 -0.51437
0.79505 -0.52112
0.79506 -0.52784
0.79507 -0.53454
0.79508 -0.54120
0.79508 -0.54783
0.79509 -0.55442
0.79510 -0.56098
0.79511 -0.56749
0.79512 -0.57396
0.79512 -0.58039
0.79513 -0.58678
0.79514 -0.59312
0.79515 -0.59941
0.79516 -0.60565
0.79516 -0.61185
0.79517 -0.61799
0.79518 -0.62409
0.79519 -0.63013
0.79520 -0.63612
0.79520 -0.64205
0.79521 -0.64793
0.79522 -0.65375
0.79523 -0.65951
0.79524 -0.66521
0.79524 -0.67085
0.79525 -0.67642
0.79526 -0.68194
0.79527 -0.68739
0.79528 -0.69278
0.79528 -0.69810
0.79529 -0.70335
0.79530 -0.70854
0.79531 -0.71366
0.79532 -0.71871
0.79532 -0.72368
0.79533 -0.72859
0.79534 -0.73342
0.79535 -0.73818
0.79536 -0.74287
0.79536 -0.74747
0.79537 -0.75201
0.79538 -0.75646
0.79539 -0.76084
0.79540 -0.76514
0.79540 -0.76936
0.79541 -0.77349
0.79542 -0.77754
0.79543 -0.78151
0.79544 -0.78540
0.79544 -0.78921
0.79545 -0.79295
0.79546 -0.79660
0.79547 -0.80019
0.79548 -0.80370
0.79548 -0.80714
0.79549 -0.81052
0.79550 -0.81382
0.79551 -0.81706
0.79552 -0.82023
0.79552 -0.82332
0.79553 -0.82634
0.79554 -0.82929
0.79555 -0.83218
0.79556 -0.83499
0.79556 -0.83773
0.79557 -0.84040
0.79558 -0.84301
0.79559 -0.84555
0.79560 -0.84802
0.79560 -0.85042
0.79561 -0.85276
0.79562 -0.85504
0.79563 -0.85724
0.79564 -0.85938
0.79564 -0.86145
0.79565 -0.86347
0.79566 -0.86542
0.79567 -0.86731
0.79568 -0.86914
0.79568 -0.87091
0.79569 -0.87262
0.79570 -0.87426
0.79571 -0.87584
0.79572 -0.87736
0.79572 -0.87882
0.79573 -0.88021
0.79574 -0.88154
0.79575 -0.88282
0.79576 -0.88404
0.79576 -0.88520
0.79577 -0.88631
0.79578 -0.88737
0.79579 -0.88836
0.79580 -0.88931
0.79580 -0.89019
0.79581 -0.89102
0.79582 -0.89180
0.79583 -0.89252
0.79584 -0.89318
0.79584 -0.89379
0.79585 -0.89434
0.79586 -0.89484
0.79587 -0.89528
0.79588 -0.89565
0.79588 -0.89597
0.79589 -0.89623
0.79590 -0.89643
0.79591 -0.89658
0.79592 -0.89668
0.79592 -0.89672
0.79593 -0.89671
0.79594 -0.89665
0.79595 -0.89654
0.79596 -0.89638
0.79596 -0.89617
0.79597 -0.89590
0.79598 -0.89558
0.79599 -0.89520
0.79600 -0.89476
0.79600 -0.89426
0.79601 -0.89370
0.79602 -0.89308
0.79603 -0.89241
0.79604 -0.89169
0.79604 -0.89091
0.79605 -0.89008
0.79606 -0.88919
0.79607 -0.88825
0.79608 -0.88724
0.79608 -0.88619
0.79609 -0.88507
0.79610 -0.88389
0.79611 -0.88266
0.79612 -0.88138
0.79612 -0.88005
0.79613 -0.87866
0.79614 -0.87723
0.79615 -0.87575
0.79616 -0.87422
0.79616 -0.87263
0.79617 -0.87098
0.79618 -0.86928
0.79619 -0.86753
0.79620 -0.86572
0.79620 -0.86387
0.79621 -0.86197
0.79622 -0.86002
0.79623 -0.85802
0.79624 -0.85598
0.79624 -0.85388
0.79625 -0.85172
0.79626 -0.84951
0.79627 -0.84724
0.79628 -0.84491
0.79628 -0.84253
0.79629 -0.84010
0.79630 -0.83761
0.79631 -0.83507
0.79632 -0.83247
0.79632 -0.82983
0.79633 -0.82713
0.79634 -0.82437
0.79635 -0.82157
0.79636 -0.81871
0.79636 -0.81579
0.79637 -0.81283
0.79638 -0.80982
0.79639 -0.80676
0.79640 -0.80365
0.79640 -0.80049
0.79641 -0.79728
0.79642 -0.79403
0.79643 -0.79073
0.79644 -0.78737
0.79644 -0.78397
0.79645 -0.78051
0.79646 -0.77699
0.79647 -0.77342
0.79648 -0.76980
0.79648 -0.76612
0.79649 -0.76240
0.79650 -0.75862
0.79651 -0.75479
0.79652 -0.75091
0.79652 -0.74698
0.79653 -0.74299
0.79654 -0.73895
0.79655 -0.73486
0.79656 -0.73072
0.79656 -0.72653
0.79657 -0.72228
0.79658 -0.71799
0.79659 -0.71364
0.79660 -0.70925
0.79660 -0.70481
0.79661 -0.70031
0.79662 -0.69577
0.79663 -0.69117
0.79664 -0.68651
0.79664 -0.68181
0.79665 -0.67704
0.79666 -0.67223
0.79667 -0.66736
0.79668 -0.66244
0.79668 -0.65746
0.79669 -0.65243
0.79670 -0.64734
0.79671 -0.64219
0.79672 -0.63699
0.79672 -0.63174
0.79673 -0.62643
0.79674 -0.62107
0.79675 -0.61566
0.79676 -0.61019
0.79676 -0.60468
0.79677 -0.59913
0.79678 -0.59352
0.79679 -0.58787
0.79680 -0.58217
0.79680 -0.57642
0.79681 -0.57063
0.79682 -0.56479
0.79683 -0.55891
0.79684 -0.55299
0.79684 -0.54702
0.79685 -0.54101
0.79686 -0.53497
0.79687 -0.52888
0.79688 -0.52274
0.79688 -0.51657
0.79689 -0.51036
0.79690 -0.50411
0.79691 -0.49781
0.79692 -0.49148
0.79692 -0.48510
0.79693 -0.47868
0.79694 -0.47222
0.79695 -0.46573
0.79696 -0.45920
0.79696 -0.45263
0.79697 -0.44603
0.79698 -0.43940
0.79699 -0.43273
0.79700 -0.42603
0.79700 -0.41930
0.79701 -0.41254
0.79702 -0.40576
0.79703 -0.39894
0.79704 -0.39211
0.79704 -0.38524
0.79705 -0.37836
0.79706 -0.37145
0.79707 -0.36452
0.79708 -0.35757
0.79708 -0.35059
0.79709 -0.34360
0.79710 -0.33658
0.79711 -0.32955
0.79712 -0.32249
0.79712 -0.31541
0.79713 -0.30832
0.79714 -0.30121
0.79715 -0.29409
0.79716 -0.28696
0.79716 -0.27981
0.79717 -0.27266
0.79718 -0.26551
0.79719 -0.25835
0.79720 -0.25118
0.79720 -0.24402
0.79721 -0.23686
0.79722 -0.22969
0.79723 -0.22254
0.79724 -0.21539
0.79724 -0.20825
0.79725 -0.20111
0.79726 -0.19399
0.79727 -0.18688
0.79728 -0.17978
0.79728 -0.17270
0.79729 -0.16562
0.79730 -0.15856
0.79731 -0.15151
0.79732 -0.14449
0.79732 -0.13748
0.79733 -0.13050
0.79734 -0.12354
0.79735 -0.11660
0.79736 -0.10969
0.79736 -0.10280
0.79737 -0.09593
0.79738 -0.08910
0.79739 -0.08229
0.79740 -0.07550
0.79740 -0.06875
0.79741 -0.06203
0.79742 -0.05535
0.79743 -0.04869
0.79744 -0.04208
0.79744 -0.03549
0.79745 -0.02895
0.79746 -0.02244
0.79747 -0.01597
0.79748 -0.00954
0.79748 -0.00314
0.79749 0.00321
0.79750 0.00952
0.79751 0.01580
0.79752 0.02204
0.79752 0.02824
0.79753 0.03441
0.79754 0.04054
0.79755 0.04665
0.79756 0.05271
0.79756 0.05875
0.79757 0.06475
0.79758 0.07071
0.79759 0.07664
0.79760 0.08254
0.79760 0.08840
0.79761 0.09422
0.79762 0.10000
0.79763 0.10574
0.79764 0.11144
0.79764 0.11711
0.79765 0.12275
0.79766 0.12835
0.79767 0.13392
0.79768 0.13946
0.79768 0.14496
0.79769 0.15044
0.79770 0.15589
0.79771 0.16132
0.79772 0.16672
0.79772 0.17212
0.79773 0.17749
0.79774 0.18286
0.79775 0.18822
0.79776 0.19357
0.79776 0.19891
0.79777 0.20425
0.79778 0.20958
0.79779 0.21491
0.79780 0.22023
0.79780 0.22555
0.79781 0.23086
0.79782 0.23617
0.79783 0.24149
0.79784 0.24682
0.79784 0.25215
0.79785 0.25748
0.79786 0.26282
0.79787 0.26816
0.79788 0.27352
0.79788 0.27887
0.79789 0.28424
0.79790 0.28961
0.79791 0.29500
0.79792 0.30041
0.79792 0.30582
0.79793 0.31125
0.79794 0.31669
0.79795 0.32214
0.79796 0.32761
0.79796 0.33309
0.79797 0.33859
0.79798 0.34410
0.79799 0.34963
0.79800 0.35518
0.79800 0.36075
0.79801 0.36633
0.79802 0.37193
0.79803 0.37754
0.79804 0.38317
0.79804 0.38882
0.79805 0.39447
0.79806 0.40013
0.79807 0.40581
0.79808 0.41149
0.79808 0.41719
0.79809 0.42289
0.79810 0.42860
0.79811 0.43432
0.79812 0.44005
0.79812 0.44580
0.79813 0.45156
0.79814 0.45733
0.79815 0.46311
0.79816 0.46889
0.79816 0.47468
0.79817 0.48048
0.79818 0.48627
0.79819 0.49208
0.79820 0.49788
0.79820 0.50368
0.79821 0.50947
0.79822 0.51524
0.79823 0.52099
0.79824 0.52673
0.79824 0.53244
0.79825 0.53812
0.79826 0.54377
0.79827 0.54940
0.79828 0.55499
0.79828 0.56055
0.79829 0.56607
0.79830 0.57157
0.79831 0.57703
0.79832 0.58246
0.79832 0.58786
0.79833 0.59322
0.79834 0.59855
0.79835 0.60384
0.79836 0.60908
0.79836 0.61429
0.79837 0.61945
0.79838 0.62456
0.79839 0.62962
0.79840 0.63464
0.79840 0.63961
0.79841 0.64452
0.79842 0.64937
0.79843 0.65417
0.79844 0.65891
0.79844 0.66360
0.79845 0.66822
0.79846 0.67278
0.79847 0.67729
0.79848 0.68172
0.79848 0.68610
0.79849 0.69041
0.79850 0.69464
0.79851 0.69880
0.79852 0.70290
0.79852 0.70692
0.79853 0.71087
0.79854 0.71475
0.79855 0.71855
0.79856 0.72229
0.79856 0.72596
0.79857 0.72955
0.79858 0.73307
0.79859 0.73652
0.79860 0.73990
0.79860 0.74320
0.79861 0.74643
0.79862 0.74959
0.79863 0.75267
0.79864 0.75569
0.79864 0.75863
0.79865 0.76150
0.79866 0.76429
0.79867 0.76700
0.79868 0.76964
0.79868 0.77220
0.79869 0.77469
0.79870 0.77709
0.79871 0.77942
0.79872 0.78168
0.79872 0.78386
0.79873 0.78598
0.79874 0.78804
0.79875 0.79002
0.79876 0.79194
0.79876 0.79379
0.79877 0.79558
0.79878 0.79730
0.79879 0.79895
0.79880 0.80054
0.79880 0.80205
0.79881 0.80349
0.79882 0.80485
0.79883 0.80614
0.79884 0.80735
0.79884 0.80848
0.79885 0.80952
0.79886 0.81049
0.79887 0.81139
0.79888 0.81221
0.79888 0.81294
0.79889 0.81360
0.79890 0.81419
0.79891 0.81469
0.79892 0.81511
0.79892 0.81546
0.79893 0.81573
0.79894 0.81593
0.79895 0.81605
0.79896 0.81610
0.79896 0.81609
0.79897 0.81600
0.79898 0.81585
0.79899 0.81562
0.79900 0.81533
0.79900 0.81498
0.79901 0.81457
0.79902 0.81409
0.79903 0.81354
0.79904 0.81293
0.79904 0.81225
0.79905 0.81150
0.79906 0.81068
0.79907 0.80980
0.79908 0.80885
0.79908 0.80784
0.79909 0.80676
0.79910 0.80562
0.79911 0.80442
0.79912 0.80315
0.79912 0.80183
0.79913 0.80043
0.79914 0.79898
0.79915 0.79746
0.79916 0.79588
0.79916 0.79424
0.79917 0.79255
0.79918 0.79079
0.79919 0.78899
0.79920 0.78713
0.79920 0.78522
0.79921 0.78325
0.79922 0.78124
0.79923 0.77917
0.79924 0.77705
0.79924 0.77488
0.79925 0.77265
0.79926 0.77038
0.79927 0.76806
0.79928 0.76569
0.79928 0.76327
0.79929 0.76080
0.79930 0.75829
0.79931 0.75574
0.79932 0.75315
0.79932 0.75053
0.79933 0.74787
0.79934 0.74519
0.79935 0.74247
0.79936 0.73973
0.79936 0.73696
0.79937 0.73415
0.79938 0.73132
0.79939 0.72845
0.79940 0.72556
0.79940 0.72264
0.79941 0.71970
0.79942 0.71673
0.79943 0.71373
0.79944 0.71069
0.79944 0.70763
0.79945 0.70453
0.79946 0.70140
0.79947 0.69822
0.79948 0.69501
0.79948 0.69175
0.79949 0.68845
0.79950 0.68511
0.79951 0.68172
0.79952 0.67829
0.79952 0.67482
0.79953 0.67131
0.79954 0.66776
0.79955 0.66416
0.79956 0.66052
0.79956 0.65685
0.79957 0.65312
0.79958 0.64935
0.79959 0.64552
0.79960 0.64165
0.79960 0.63773
0.79961 0.63375
0.79962 0.62971
0.79963 0.62561
0.79964 0.62145
0.79964 0.61724
0.79965 0.61296
0.79966 0.60862
0.79967 0.60422
0.79968 0.59975
0.79968 0.59522
0.79969 0.59062
0.79970 0.58594
0.79971 0.58120
0.79972 0.57638
0.79972 0.57149
0.79973 0.56652
0.79974 0.56147
0.79975 0.55634
0.79976 0.55113
0.79976 0.54584
0.79977 0.54046
0.79978 0.53500
0.79979 0.52946
0.79980 0.52382
0.79980 0.51809
0.79981 0.51228
0.79982 0.50636
0.79983 0.50035
0.79984 0.49424
0.79984 0.48804
0.79985 0.48174
0.79986 0.47534
0.79987 0.46884
0.79988 0.46226
0.79988 0.45558
0.79989 0.44881
0.79990 0.44195
0.79991 0.43500
0.79992 0.42797
0.79992 0.42084
0.79993 0.41364
0.79994 0.40636
0.79995 0.39899
0.79996 0.39156
0.79996 0.38405
0.79997 0.37648
0.79998 0.36884
0.79999 0.36113
0.80000 0.35336
0.80000 0.34553
0.80001 0.33763
0.80002 0.32966
0.80003 0.32164
0.80004 0.31355
0.80004 0.30539
0.80005 0.29718
0.80006 0.28890
0.80007 0.28056
0.80008 0.27217
0.80008 0.26372
0.80009 0.25523
0.80010 0.24667
0.80011 0.23807
0.80012 0.22943
0.80012 0.22073
0.80013 0.21200
0.80014 0.20321
0.80015 0.19438
0.80016 0.18551
0.80016 0.17659
0.80017 0.16764
0.80018 0.15866
0.80019 0.14964
0.80020 0.14060
0.80020 0.13153
0.80021 0.12244
0.80022 0.11333
0.80023 0.10420
0.80024 0.09506
0.80024 0.08591
0.80025 0.07674
0.80026 0.06758
0.80027 0.05841
0.80028 0.04924
0.80028 0.04007
0.80029 0.03091
0.80030 0.02176
0.80031 0.01262
0.80032 0.00349
0.80032 -0.00562
0.80033 -0.01471
0.80034 -0.02378
0.80035 -0.03283
0.80036 -0.04185
0.80036 -0.05085
0.80037 -0.05983
0.80038 -0.06877
0.80039 -0.07769
0.80040 -0.08658
0.80040 -0.09543
0.80041 -0.10425
0.80042 -0.11302
0.80043 -0.12176
0.80044 -0.13047
0.80044 -0.13913
0.80045 -0.14775
0.80046 -0.15633
0.80047 -0.16487
0.80048 -0.17336
0.80048 -0.18181
0.80049 -0.19021
0.80050 -0.19856
0.80051 -0.20685
0.80052 -0.21508
0.80052 -0.22325
0.80053 -0.23135
0.80054 -0.23938
0.80055 -0.24734
0.80056 -0.25522
0.80056 -0.26303
0.80057 -0.27075
0.80058 -0.27839
0.80059 -0.28595
0.80060 -0.29341
0.80060 -0.30078
0.80061 -0.30806
0.80062 -0.31524
0.80063 -0.32232
0.80064 -0.32930
0.80064 -0.33617
0.80065 -0.34292
0.80066 -0.34956
0.80067 -0.35607
0.80068 -0.36246
0.80068 -0.36873
0.80069 -0.37488
0.80070 -0.38090
0.80071 -0.38680
0.80072 -0.39256
0.80072 -0.39819
0.80073 -0.40368
0.80074 -0.40904
0.80075 -0.41426
0.80076 -0.41933
0.80076 -0.42426
0.80077 -0.42904
0.80078 -0.43367
0.80079 -0.43815
0.80080 -0.44247
0.80080 -0.44664
0.80081 -0.45065
0.80082 -0.45450
0.80083 -0.45819
0.80084 -0.46172
0.80084 -0.46508
0.80085 -0.46828
0.80086 -0.47130
0.80087 -0.47416
0.80088 -0.47684
0.80088 -0.47935
0.80089 -0.48169
0.80090 -0.48385
0.80091 -0.48585
0.80092 -0.48768
0.80092 -0.48934
0.80093 -0.49083
0.80094 -0.49215
0.80095 -0.49330
0.80096 -0.49429
0.80096 -0.49512
0.80097 -0.49578
0.80098 -0.49626
0.80099 -0.49658
0.80100 -0.49673
0.80100 -0.49672
0.80101 -0.49654
0.80102 -0.49619
0.80103 -0.49568
0.80104 -0.49500
0.80104 -0.49416
0.80105 -0.49315
0.80106 -0.49198
0.80107 -0.49065
0.80108 -0.48917
0.80108 -0.48752
0.80109 -0.48571
0.80110 -0.48374
0.80111 -0.48162
0.80112 -0.47934
0.80112 -0.47691
0.80113 -0.47432
0.80114 -0.47157
0.80115 -0.46867
0.80116 -0.46562
0.80116 -0.46242
0.80117 -0.45907
0.80118 -0.45557
0.80119 -0.45192
0.80120 -0.44812
0.80120 -0.44416
0.80121 -0.44006
0.80122 -0.43582
0.80123 -0.43143
0.80124 -0.42688
0.80124 -0.42220
0.80125 -0.41736
0.80126 -0.41239
0.80127 -0.40727
0.80128 -0.40200
0.80128 -0.39659
0.80129 -0.39103
0.80130 -0.38532
0.80131 -0.37946
0.80132 -0.37345
0.80132 -0.36728
0.80133 -0.36097
0.80134 -0.35449
0.80135 -0.34786
0.80136 -0.34107
0.80136 -0.33411
0.80137 -0.32700
0.80138 -0.31971
0.80139 -0.31225
0.80140 -0.30461
0.80140 -0.29678
0.80141 -0.28876
0.80142 -0.28053
0.80143 -0.27210
0.80144 -0.26345
0.80144 -0.25458
0.80145 -0.24548
0.80146 -0.23614
0.80147 -0.22656
0.80148 -0.21674
0.80148 -0.20666
0.80149 -0.19634
0.80150 -0.18574
0.80151 -0.17487
0.80152 -0.16372
0.80152 -0.15229
0.80153 -0.14057
0.80154 -0.12856
0.80155 -0.11625
0.80156 -0.10363
0.80156 -0.09069
0.80157 -0.07742
0.80158 -0.06381
0.80159 -0.04985
0.80160 -0.03554
0.80160 -0.02088
0.80161 -0.00584
0.80162 0.00958
0.80163 0.02538
0.80164 0.04157
0.80164 0.05817
0.80165 0.07518
0.80166 0.09261
0.80167 0.11046
0.80168 0.12874
0.80168 0.14747
0.80169 0.16664
0.80170 0.18627
0.80171 0.20637
0.80172 0.22695
0.80172 0.24801
0.80173 0.26956
0.80174 0.29161
0.80175 0.31417
0.80176 0.33727
0.80176 0.36088
0.80177 0.38506
0.80178 0.40978
0.80179 0.43507
0.80180 0.46095
0.80180 0.48740
0.80181 0.51445
0.80182 0.54211
0.80183 0.57037
0.80184 0.59925
0.80184 0.62876
0.80185 0.65889
0.80186 0.68965
0.80187 0.72106
0.80188 0.75310
0.80188 0.78581
0.80189 0.81916
0.80190 0.85317
0.80191 0.88785
0.80192 0.92320
0.80192 0.95922
0.80193 0.99592
0.80194 1.03329
0.80195 1.07135
0.80196 1.11011
0.80196 1.14956
0.80197 1.18971
0.80198 1.23057
0.80199 1.27213
0.80200 1.31440
0.80200 1.35739
0.80201 1.40109
0.80202 1.44550
0.80203 1.49063
0.80204 1.53649
0.80204 1.58307
0.80205 1.63039
0.80206 1.67844
0.80207 1.72721
0.80208 1.77670
0.80208 1.82692
0.80209 1.87785
0.80210 1.92951
0.80211 1.98190
0.80212 2.03501
0.80212 2.08885
0.80213 2.14341
0.80214 2.19869
0.80215 2.25468
0.80216 2.31139
0.80216 2.36880
0.80217 2.42692
0.80218 2.48574
0.80219 2.54524
0.80220 2.60541
0.80220 2.66624
0.80221 2.72772
0.80222 2.78985
0.80223 2.85263
0.80224 2.91604
0.80224 2.98009
0.80225 3.04477
0.80226 3.11006
0.80227 3.17596
0.80228 3.24244
0.80228 3.30950
0.80229 3.37713
0.80230 3.44530
0.80231 3.51403
0.80232 3.58329
0.80232 3.65307
0.80233 3.72339
0.80234 3.79422
0.80235 3.86557
0.80236 3.93743
0.80236 4.00979
0.80237 4.08266
0.80238 4.15604
0.80239 4.22990
0.80240 4.30425
0.80240 4.37909
0.80241 4.45439
0.80242 4.53017
0.80243 4.60640
0.80244 4.68308
0.80244 4.76021
0.80245 4.83777
0.80246 4.91575
0.80247 4.99416
0.80248 5.07298
0.80248 5.15220
0.80249 5.23181
0.80250 5.31182
0.80251 5.39220
0.80252 5.47296
0.80252 5.55410
0.80253 5.63560
0.80254 5.71746
0.80255 5.79968
0.80256 5.88223
0.80256 5.96510
0.80257 6.04832
0.80258 6.13187
0.80259 6.21573
0.80260 6.29994
0.80260 6.38446
0.80261 6.46929
0.80262 6.55444
0.80263 6.63989
0.80264 6.72563
0.80264 6.81169
0.80265 6.89805
0.80266 6.98469
0.80267 7.07166
0.80268 7.15893
0.80268 7.24650
0.80269 7.33441
0.80270 7.42269
0.80271 7.51131
0.80272 7.60030
0.80272 7.68967
0.80273 7.77938
0.80274 7.86946
0.80275 7.95990
0.80276 8.05070
0.80276 8.14186
0.80277 8.23337
0.80278 8.32524
0.80279 8.41748
0.80280 8.51007
0.80280 8.60303
0.80281 8.69634
0.80282 8.79000
0.80283 8.88402
0.80284 8.97839
0.80284 9.07310
0.80285 9.16815
0.80286 9.26353
0.80287 9.35924
0.80288 9.45526
0.80288 9.55159
0.80289 9.64823
0.80290 9.74517
0.80291 9.84238
0.80292 9.93988
0.80292 10.03765
0.80293 10.13569
0.80294 10.23399
0.80295 10.33252
0.80296 10.43131
0.80296 10.53034
0.80297 10.62959
0.80298 10.72906
0.80299 10.82876
0.80300 10.92866
0.80300 11.02877
0.80301 11.12908
0.80302 11.22957
0.80303 11.33025
0.80304 11.43110
0.80304 11.53212
0.80305 11.63331
0.80306 11.73466
0.80307 11.83617
0.80308 11.93783
0.80308 12.03961
0.80309 12.14152
0.80310 12.24355
0.80311 12.34565
0.80312 12.44786
0.80312 12.55013
0.80313 12.65245
0.80314 12.75484
0.80315 12.85726
0.80316 12.95970
0.80316 13.06216
0.80317 13.16461
0.80318 13.26703
0.80319 13.36942
0.80320 13.47175
0.80320 13.57399
0.80321 13.67614
0.80322 13.77819
0.80323 13.88011
0.80324 13.98191
0.80324 14.08359
0.80325 14.18510
0.80326 14.28648
0.80327 14.38770
0.80328 14.48876
0.80328 14.58967
0.80329 14.69038
0.80330 14.79092
0.80331 14.89128
0.80332 14.99144
0.80332 15.09140
0.80333 15.19115
0.80334 15.29068
0.80335 15.39000
0.80336 15.48909
0.80336 15.58795
0.80337 15.68658
0.80338 15.78496
0.80339 15.88309
0.80340 15.98098
0.80340 16.07860
0.80341 16.17598
0.80342 16.27311
0.80343 16.36999
0.80344 16.46662
0.80344 16.56299
0.80345 16.65911
0.80346 16.75499
0.80347 16.85060
0.80348 16.94597
0.80348 17.04109
0.80349 17.13595
0.80350 17.23057
0.80351 17.32491
0.80352 17.41901
0.80352 17.51286
0.80353 17.60642
0.80354 17.69972
0.80355 17.79275
0.80356 17.88547
0.80356 17.97792
0.80357 18.07007
0.80358 18.16193
0.80359 18.25353
0.80360 18.34483
0.80360 18.43586
0.80361 18.52663
0.80362 18.61713
0.80363 18.70737
0.80364 18.79737
0.80364 18.88711
0.80365 18.97662
0.80366 19.06588
0.80367 19.15491
0.80368 19.24372
0.80368 19.33232
0.80369 19.42071
0.80370 19.50890
0.80371 19.59688
0.80372 19.68465
0.80372 19.77221
0.80373 19.85957
0.80374 19.94672
0.80375 20.03365
0.80376 20.12038
0.80376 20.20690
0.80377 20.29319
0.80378 20.37929
0.80379 20.46517
0.80380 20.55084
0.80380 20.63631
0.80381 20.72156
0.80382 20.80661
0.80383 20.89145
0.80384 20.97609
0.80384 21.06054
0.80385 21.14478
0.80386 21.22882
0.80387 21.31267
0.80388 21.39632
0.80388 21.47980
0.80389 21.56308
0.80390 21.64618
0.80391 21.72911
0.80392 21.81184
0.80392 21.89437
0.80393 21.97672
0.80394 22.05888
0.80395 22.14086
0.80396 22.22265
0.80396 22.30423
0.80397 22.38563
0.80398 22.46683
0.80399 22.54782
0.80400 22.62862
0.80400 22.70921
0.80401 22.78961
0.80402 22.86982
0.80403 22.94982
0.80404 23.02965
0.80404 23.10928
0.80405 23.18874
0.80406 23.26804
0.80407 23.34716
0.80408 23.42611
0.80408 23.50489
0.80409 23.58347
0.80410 23.66188
0.80411 23.74009
0.80412 23.81811
0.80412 23.89594
0.80413 23.97357
0.80414 24.05099
0.80415 24.12820
0.80416 24.20519
0.80416 24.28197
0.80417 24.35852
0.80418 24.43482
0.80419 24.51087
0.80420 24.58666
0.80420 24.66218
0.80421 24.73744
0.80422 24.81243
0.80423 24.88716
0.80424 24.96162
0.80424 25.03580
0.80425 25.10972
0.80426 25.18336
0.80427 25.25673
0.80428 25.32982
0.80428 25.40260
0.80429 25.47510
0.80430 25.54729
0.80431 25.61917
0.80432 25.69075
0.80432 25.76201
0.80433 25.83295
0.80434 25.90357
0.80435 25.97386
0.80436 26.04382
0.80436 26.11343
0.80437 26.18269
0.80438 26.25158
0.80439 26.32009
0.80440 26.38823
0.80440 26.45599
0.80441 26.52336
0.80442 26.59034
0.80443 26.65693
0.80444 26.72311
0.80444 26.78887
0.80445 26.85420
0.80446 26.91911
0.80447 26.98361
0.80448 27.04766
0.80448 27.11128
0.80449 27.17445
0.80450 27.23716
0.80451 27.29942
0.80452 27.36120
0.80452 27.42251
0.80453 27.48332
0.80454 27.54363
0.80455 27.60343
0.80456 27.66272
0.80456 27.72149
0.80457 27.77974
0.80458 27.83745
0.80459 27.89464
0.80460 27.95130
0.80460 28.00744
0.80461 28.06304
0.80462 28.11809
0.80463 28.17260
0.80464 28.22655
0.80464 28.27995
0.80465 28.33279
0.80466 28.38507
0.80467 28.43681
0.80468 28.48799
0.80468 28.53865
0.80469 28.58877
0.80470 28.63836
0.80471 28.68744
0.80472 28.73598
0.80472 28.78400
0.80473 28.83149
0.80474 28.87843
0.80475 28.92484
0.80476 28.97071
0.80476 29.01605
0.80477 29.06085
0.80478 29.10512
0.80479 29.14887
0.80480 29.19209
0.80480 29.23481
0.80481 29.27701
0.80482 29.31870
0.80483 29.35988
0.80484 29.40056
0.80484 29.44074
0.80485 29.48044
0.80486 29.51963
0.80487 29.55835
0.80488 29.59661
0.80488 29.63441
0.80489 29.67175
0.80490 29.70864
0.80491 29.74507
0.80492 29.78106
0.80492 29.81663
0.80493 29.85176
0.80494 29.88649
0.80495 29.92080
0.80496 29.95470
0.80496 29.98820
0.80497 30.02129
0.80498 30.05399
0.80499 30.08632
0.80500 30.11829
0.80500 30.14991
0.80501 30.18117
0.80502 30.21208
0.80503 30.24265
0.80504 30.27290
0.80504 30.30283
0.80505 30.33246
0.80506 30.36178
0.80507 30.39080
0.80508 30.41952
0.80508 30.44794
0.80509 30.47606
0.80510 30.50389
0.80511 30.53145
0.80512 30.55872
0.80512 30.58573
0.80513 30.61248
0.80514 30.63898
0.80515 30.66525
0.80516 30.69127
0.80516 30.71706
0.80517 30.74260
0.80518 30.76789
0.80519 30.79292
0.80520 30.81770
0.80520 30.84221
0.80521 30.86648
0.80522 30.89049
0.80523 30.91426
0.80524 30.93779
0.80524 30.96109
0.80525 30.98417
0.80526 31.00703
0.80527 31.02968
0.80528 31.05210
0.80528 31.07432
0.80529 31.09633
0.80530 31.11815
0.80531 31.13977
0.80532 31.16118
0.80532 31.18239
0.80533 31.20341
0.80534 31.22421
0.80535 31.24482
0.80536 31.26523
0.80536 31.28545
0.80537 31.30547
0.80538 31.32530
0.80539 31.34494
0.80540 31.36437
0.80540 31.38362
0.80541 31.40266
0.80542 31.42152
0.80543 31.44017
0.80544 31.45862
0.80544 31.47689
0.80545 31.49495
0.80546 31.51283
0.80547 31.53051
0.80548 31.54800
0.80548 31.56531
0.80549 31.58241
0.80550 31.59931
0.80551 31.61602
0.80552 31.63254
0.80552 31.64887
0.80553 31.66503
0.80554 31.68102
0.80555 31.69684
0.80556 31.71249
0.80556 31.72796
0.80557 31.74327
0.80558 31.75841
0.80559 31.77340
0.80560 31.78823
0.80560 31.80291
0.80561 31.81741
0.80562 31.83175
0.80563 31.84593
0.80564 31.85993
0.80564 31.87378
0.80565 31.88747
0.80566 31.90101
0.80567 31.91440
0.80568 31.92765
0.80568 31.94078
0.80569 31.95378
0.80570 31.96667
0.80571 31.97944
0.80572 31.99211
0.80572 32.00467
0.80573 32.01712
0.80574 32.02947
0.80575 32.04173
0.80576 32.05388
0.80576 32.06592
0.80577 32.07785
0.80578 32.08969
0.80579 32.10143
0.80580 32.11306
0.80580 32.12460
0.80581 32.13606
0.80582 32.14744
0.80583 32.15874
0.80584 32.16999
0.80584 32.18118
0.80585 32.19233
0.80586 32.20342
0.80587 32.21445
0.80588 32.22544
0.80588 32.23639
0.80589 32.24730
0.80590 32.25819
0.80591 32.26908
0.80592 32.27998
0.80592 32.29089
0.80593 32.30182
0.80594 32.31276
0.80595 32.32374
0.80596 32.33475
0.80596 32.34581
0.80597 32.35693
0.80598 32.36811
0.80599 32.37936
0.80600 32.39069
0.80600 32.40211
0.80601 32.41360
0.80602 32.42517
0.80603 32.43682
0.80604 32.44855
0.80604 32.46036
0.80605 32.47225
0.80606 32.48424
0.80607 32.49633
0.80608 32.50854
0.80608 32.52086
0.80609 32.53331
0.80610 32.54588
0.80611 32.55860
0.80612 32.57147
0.80612 32.58450
0.80613 32.59770
0.80614 32.61108
0.80615 32.62464
0.80616 32.63838
0.80616 32.65231
0.80617 32.66641
0.80618 32.68071
0.80619 32.69520
0.80620 32.70989
0.80620 32.72477
0.80621 32.73985
0.80622 32.75513
0.80623 32.77061
0.80624 32.78631
0.80624 32.80222
0.80625 32.81835
0.80626 32.83470
0.80627 32.85129
0.80628 32.86812
0.80628 32.88520
0.80629 32.90253
0.80630 32.92010
0.80631 32.93792
0.80632 32.95597
0.80632 32.97426
0.80633 32.99280
0.80634 33.01157
0.80635 33.03058
0.80636 33.04982
0.80636 33.06931
0.80637 33.08903
0.80638 33.10900
0.80639 33.12922
0.80640 33.14968
0.80640 33.17036
0.80641 33.19127
0.80642 33.21238
0.80643 33.23371
0.80644 33.25525
0.80644 33.27699
0.80645 33.29894
0.80646 33.32109
0.80647 33.34344
0.80648 33.36597
0.80648 33.38869
0.80649 33.41158
0.80650 33.43465
0.80651 33.45790
0.80652 33.48133
0.80652 33.50494
0.80653 33.52873
0.80654 33.55269
0.80655 33.57684
0.80656 33.60116
0.80656 33.62564
0.80657 33.65029
0.80658 33.67509
0.80659 33.70005
0.80660 33.72516
0.80660 33.75043
0.80661 33.77583
0.80662 33.80139
0.80663 33.82708
0.80664 33.85292
0.80664 33.87879
0.80665 33.90468
0.80666 33.93060
0.80667 33.95647
0.80668 33.98226
0.80668 34.00795
0.80669 34.03350
0.80670 34.05892
0.80671 34.08419
0.80672 34.10931
0.80672 34.13423
0.80673 34.15896
0.80674 34.18347
0.80675 34.20775
0.80676 34.23180
0.80676 34.25561
0.80677 34.27916
0.80678 34.30246
0.80679 34.32549
0.80680 34.34823
0.80680 34.37067
0.80681 34.39282
0.80682 34.41469
0.80683 34.43625
0.80684 34.45752
0.80684 34.47848
0.80685 34.49911
0.80686 34.51941
0.80687 34.53937
0.80688 34.55898
0.80688 34.57824
0.80689 34.59713
0.80690 34.61563
0.80691 34.63374
0.80692 34.65145
0.80692 34.66874
0.80693 34.68563
0.80694 34.70208
0.80695 34.71811
0.80696 34.73370
0.80696 34.74887
0.80697 34.76359
0.80698 34.77787
0.80699 34.79170
0.80700 34.80508
0.80700 34.81799
0.80701 34.83043
0.80702 34.84240
0.80703 34.85389
0.80704 34.86490
0.80704 34.87544
0.80705 34.88549
0.80706 34.89506
0.80707 34.90413
0.80708 34.91271
0.80708 34.92078
0.80709 34.92833
0.80710 34.93536
0.80711 34.94186
0.80712 34.94783
0.80712 34.95325
0.80713 34.95812
0.80714 34.96243
0.80715 34.96639
0.80716 34.97000
0.80716 34.97324
0.80717 34.97625
0.80718 34.97911
0.80719 34.98187
0.80720 34.98454
0.80720 34.98716
0.80721 34.98975
0.80722 34.99235
0.80723 34.99499
0.80724 34.99768
0.80724 35.00044
0.80725 35.00330
0.80726 35.00625
0.80727 35.00930
0.80728 35.01245
0.80728 35.01572
0.80729 35.01911
0.80730 35.02265
0.80731 35.02636
0.80732 35.03022
0.80732 35.03424
0.80733 35.03842
0.80734 35.04276
0.80735 35.04727
0.80736 35.05198
0.80736 35.05691
0.80737 35.06206
0.80738 35.06746
0.80739 35.07311
0.80740 35.07902
0.80740 35.08522
0.80741 35.09176
0.80742 35.09866
0.80743 35.10591
0.80744 35.11354
0.80744 35.12156
0.80745 35.12998
0.80746 35.13881
0.80747 35.14806
0.80748 35.15773
0.80748 35.16785
0.80749 35.17842
0.80750 35.18946
0.80751 35.20099
0.80752 35.21301
0.80752 35.22552
0.80753 35.23855
0.80754 35.25209
0.80755 35.26614
0.80756 35.28071
0.80756 35.29580
0.80757 35.31144
0.80758 35.32763
0.80759 35.34439
0.80760 35.36174
0.80760 35.37969
0.80761 35.39824
0.80762 35.41742
0.80763 35.43723
0.80764 35.45767
0.80764 35.47876
0.80765 35.50042
0.80766 35.52263
0.80767 35.54542
0.80768 35.56871
0.80768 35.59248
0.80769 35.61669
0.80770 35.64134
0.80771 35.66640
0.80772 35.69188
0.80772 35.71773
0.80773 35.74397
0.80774 35.77058
0.80775 35.79756
0.80776 35.82493
0.80776 35.85269
0.80777 35.88084
0.80778 35.90939
0.80779 35.93833
0.80780 35.96765
0.80780 35.99735
0.80781 36.02743
0.80782 36.05789
0.80783 36.08874
0.80784 36.12000
0.80784 36.15165
0.80785 36.18369
0.80786 36.21613
0.80787 36.24894
0.80788 36.28212
0.80788 36.31569
0.80789 36.34963
0.80790 36.38393
0.80791 36.41859
0.80792 36.45357
0.80792 36.48887
0.80793 36.52448
0.80794 36.56040
0.80795 36.59663
0.80796 36.63314
0.80796 36.66993
0.80797 36.70701
0.80798 36.74437
0.80799 36.78201
0.80800 36.81990
0.80800 36.85806
0.80801 36.89646
0.80802 36.93510
0.80803 36.97398
0.80804 37.01309
0.80804 37.05243
0.80805 37.09201
0.80806 37.13183
0.80807 37.17188
0.80808 37.21214
0.80808 37.25262
0.80809 37.29330
0.80810 37.33418
0.80811 37.37525
0.80812 37.41650
0.80812 37.45794
0.80813 37.49953
0.80814 37.54128
0.80815 37.58317
0.80816 37.62520
0.80816 37.66733
0.80817 37.70955
0.80818 37.75185
0.80819 37.79422
0.80820 37.83663
0.80820 37.87907
0.80821 37.92153
0.80822 37.96399
0.80823 38.00643
0.80824 38.04885
0.80824 38.09123
0.80825 38.13354
0.80826 38.17576
0.80827 38.21788
0.80828 38.25987
0.80828 38.30173
0.80829 38.34344
0.80830 38.38501
0.80831 38.42642
0.80832 38.46766
0.80832 38.50870
0.80833 38.54953
0.80834 38.59014
0.80835 38.63049
0.80836 38.67059
0.80836 38.71041
0.80837 38.74996
0.80838 38.78920
0.80839 38.82811
0.80840 38.86669
0.80840 38.90492
0.80841 38.94278
0.80842 38.98028
0.80843 39.01739
0.80844 39.05410
0.80844 39.09041
0.80845 39.12630
0.80846 39.16175
0.80847 39.19675
0.80848 39.23127
0.80848 39.26530
0.80849 39.29883
0.80850 39.33184
0.80851 39.36432
0.80852 39.39628
0.80852 39.42770
0.80853 39.45858
0.80854 39.48891
0.80855 39.51867
0.80856 39.54784
0.80856 39.57642
0.80857 39.60438
0.80858 39.63173
0.80859 39.65844
0.80860 39.68452
0.80860 39.70994
0.80861 39.73468
0.80862 39.75875
0.80863 39.78212
0.80864 39.80481
0.80864 39.82681
0.80865 39.84811
0.80866 39.86873
0.80867 39.88865
0.80868 39.90794
0.80868 39.92659
0.80869 39.94461
0.80870 39.96204
0.80871 39.97888
0.80872 39.99517
0.80872 40.01093
0.80873 40.02618
0.80874 40.04091
0.80875 40.05515
0.80876 40.06891
0.80876 40.08221
0.80877 40.09507
0.80878 40.10749
0.80879 40.11949
0.80880 40.13108
0.80880 40.14227
0.80881 40.15304
0.80882 40.16343
0.80883 40.17345
0.80884 40.18312
0.80884 40.19244
0.80885 40.20144
0.80886 40.21013
0.80887 40.21854
0.80888 40.22667
0.80888 40.23455
0.80889 40.24220
0.80890 40.24964
0.80891 40.25689
0.80892 40.26396
0.80892 40.27087
0.80893 40.27764
0.80894 40.28429
0.80895 40.29083
0.80896 40.29730
0.80896 40.30373
0.80897 40.31012
0.80898 40.31652
0.80899 40.32295
0.80900 40.32942
0.80900 40.33596
0.80901 40.34258
0.80902 40.34930
0.80903 40.35611
0.80904 40.36304
0.80904 40.37008
0.80905 40.37726
0.80906 40.38460
0.80907 40.39212
0.80908 40.39982
0.80908 40.40772
0.80909 40.41582
0.80910 40.42414
0.80911 40.43268
0.80912 40.44145
0.80912 40.45045
0.80913 40.45970
0.80914 40.46917
0.80915 40.47889
0.80916 40.48884
0.80916 40.49904
0.80917 40.50947
0.80918 40.52012
0.80919 40.53099
0.80920 40.54207
0.80920 40.55333
0.80921 40.56478
0.80922 40.57638
0.80923 40.58814
0.80924 40.60005
0.80924 40.61210
0.80925 40.62430
0.80926 40.63663
0.80927 40.64907
0.80928 40.66163
0.80928 40.67430
0.80929 40.68707
0.80930 40.69993
0.80931 40.71288
0.80932 40.72592
0.80932 40.73905
0.80933 40.75227
0.80934 40.76556
0.80935 40.77892
0.80936 40.79234
0.80936 40.80583
0.80937 40.81936
0.80938 40.83293
0.80939 40.84654
0.80940 40.86018
0.80940 40.87385
0.80941 40.88752
0.80942 40.90119
0.80943 40.91485
0.80944 40.92850
0.80944 40.94211
0.80945 40.95568
0.80946 40.96917
0.80947 40.98258
0.80948 40.99590
0.80948 41.00911
0.80949 41.02220
0.80950 41.03515
0.80951 41.04795
0.80952 41.06060
0.80952 41.07308
0.80953 41.08539
0.80954 41.09752
0.80955 41.10947
0.80956 41.12122
0.80956 41.13276
0.80957 41.14407
0.80958 41.15514
0.80959 41.16596
0.80960 41.17651
0.80960 41.18678
0.80961 41.19679
0.80962 41.20651
0.80963 41.21597
0.80964 41.22515
0.80964 41.23407
0.80965 41.24273
0.80966 41.25113
0.80967 41.25927
0.80968 41.26715
0.80968 41.27478
0.80969 41.28215
0.80970 41.28927
0.80971 41.29612
0.80972 41.30274
0.80972 41.30911
0.80973 41.31524
0.80974 41.32113
0.80975 41.32676
0.80976 41.33216
0.80976 41.33731
0.80977 41.34222
0.80978 41.34688
0.80979 41.35129
0.80980 41.35545
0.80980 41.35936
0.80981 41.36303
0.80982 41.36646
0.80983 41.36964
0.80984 41.37256
0.80984 41.37523
0.80985 41.37765
0.80986 41.37980
0.80987 41.38170
0.80988 41.38333
0.80988 41.38469
0.80989 41.38578
0.80990 41.38659
0.80991 41.38712
0.80992 41.38737
0.80992 41.38736
0.80993 41.38708
0.80994 41.38653
0.80995 41.38570
0.80996 41.38462
0.80996 41.38328
0.80997 41.38169
0.80998 41.37984
0.80999 41.37776
0.81000 41.37543
0.81000 41.37287
0.81001 41.37008
0.81002 41.36705
0.81003 41.36379
0.81004 41.36032
0.81004 41.35663
0.81005 41.35274
0.81006 41.34864
0.81007 41.34438
0.81008 41.33994
0.81008 41.33537
0.81009 41.33070
0.81010 41.32598
0.81011 41.32121
0.81012 41.31644
0.81012 41.31167
0.81013 41.30694
0.81014 41.30225
0.81015 41.29763
0.81016 41.29308
0.81016 41.28862
0.81017 41.28428
0.81018 41.28006
0.81019 41.27598
0.81020 41.27206
0.81020 41.26830
0.81021 41.26474
0.81022 41.26137
0.81023 41.25820
0.81024 41.25526
0.81024 41.25254
0.81025 41.25007
0.81026 41.24785
0.81027 41.24590
0.81028 41.24423
0.81028 41.24286
0.81029 41.24181
0.81030 41.24110
0.81031 41.24072
0.81032 41.24071
0.81032 41.24105
0.81033 41.24177
0.81034 41.24288
0.81035 41.24438
0.81036 41.24630
0.81036 41.24864
0.81037 41.25143
0.81038 41.25468
0.81039 41.25839
0.81040 41.26256
0.81040 41.26719
0.81041 41.27229
0.81042 41.27784
0.81043 41.28383
0.81044 41.29026
0.81044 41.29712
0.81045 41.30442
0.81046 41.31215
0.81047 41.32029
0.81048 41.32886
0.81048 41.33784
0.81049 41.34722
0.81050 41.35699
0.81051 41.36713
0.81052 41.37766
0.81052 41.38855
0.81053 41.39981
0.81054 41.41142
0.81055 41.42338
0.81056 41.43568
0.81056 41.44830
0.81057 41.46124
0.81058 41.47448
0.81059 41.48801
0.81060 41.50178
0.81060 41.51577
0.81061 41.52996
0.81062 41.54432
0.81063 41.55882
0.81064 41.57344
0.81064 41.58816
0.81065 41.60296
0.81066 41.61782
0.81067 41.63272
0.81068 41.64764
0.81068 41.66256
0.81069 41.67747
0.81070 41.69235
0.81071 41.70719
0.81072 41.72195
0.81072 41.73663
0.81073 41.75120
0.81074 41.76565
0.81075 41.77998
0.81076 41.79416
0.81076 41.80819
0.81077 41.82204
0.81078 41.83570
0.81079 41.84916
0.81080 41.86240
0.81080 41.87540
0.81081 41.88814
0.81082 41.90061
0.81083 41.91278
0.81084 41.92462
0.81084 41.93608
0.81085 41.94716
0.81086 41.95781
0.81087 41.96801
0.81088 41.97773
0.81088 41.98693
0.81089 41.99562
0.81090 42.00378
0.81091 42.01139
0.81092 42.01845
0.81092 42.02497
0.81093 42.03095
0.81094 42.03638
0.81095 42.04127
0.81096 42.04562
0.81096 42.04943
0.81097 42.05270
0.81098 42.05542
0.81099 42.05758
0.81100 42.05920
0.81100 42.06027
0.81101 42.06080
0.81102 42.06081
0.81103 42.06028
0.81104 42.05924
0.81104 42.05768
0.81105 42.05559
0.81106 42.05298
0.81107 42.04986
0.81108 42.04622
0.81108 42.04206
0.81109 42.03738
0.81110 42.03220
0.81111 42.02652
0.81112 42.02034
0.81112 42.01366
0.81113 42.00651
0.81114 41.99888
0.81115 41.99078
0.81116 41.98222
0.81116 41.97321
0.81117 41.96374
0.81118 41.95384
0.81119 41.94350
0.81120 41.93272
0.81120 41.92152
0.81121 41.90989
0.81122 41.89785
0.81123 41.88541
0.81124 41.87258
0.81124 41.85936
0.81125 41.84575
0.81126 41.83175
0.81127 41.81737
0.81128 41.80262
0.81128 41.78750
0.81129 41.77202
0.81130 41.75617
0.81131 41.73998
0.81132 41.72346
0.81132 41.70662
0.81133 41.68950
0.81134 41.67215
0.81135 41.65463
0.81136 41.63695
0.81136 41.61915
0.81137 41.60129
0.81138 41.58337
0.81139 41.56545
0.81140 41.54757
0.81140 41.52973
0.81141 41.51200
0.81142 41.49441
0.81143 41.47697
0.81144 41.45972
0.81144 41.44269
0.81145 41.42589
0.81146 41.40935
0.81147 41.39311
0.81148 41.37718
0.81148 41.36161
0.81149 41.34643
0.81150 41.33165
0.81151 41.31731
0.81152 41.30343
0.81152 41.29001
0.81153 41.27708
0.81154 41.26463
0.81155 41.25266
0.81156 41.24117
0.81156 41.23016
0.81157 41.21965
0.81158 41.20964
0.81159 41.20013
0.81160 41.19111
0.81160 41.18259
0.81161 41.17457
0.81162 41.16705
0.81163 41.16003
0.81164 41.15352
0.81164 41.14751
0.81165 41.14202
0.81166 41.13702
0.81167 41.13253
0.81168 41.12854
0.81168 41.12506
0.81169 41.12207
0.81170 41.11959
0.81171 41.11760
0.81172 41.11611
0.81172 41.11511
0.81173 41.11460
0.81174 41.11458
0.81175 41.11505
0.81176 41.11602
0.81176 41.11749
0.81177 41.11946
0.81178 41.12193
0.81179 41.12490
0.81180 41.12837
0.81180 41.13234
0.81181 41.13681
0.81182 41.14176
0.81183 41.14719
0.81184 41.15308
0.81184 41.15941
0.81185 41.16615
0.81186 41.17329
0.81187 41.18080
0.81188 41.18867
0.81188 41.19688
0.81189 41.20541
0.81190 41.21424
0.81191 41.22334
0.81192 41.23270
0.81192 41.24229
0.81193 41.25210
0.81194 41.26210
0.81195 41.27227
0.81196 41.28260
0.81196 41.29305
0.81197 41.30361
0.81198 41.31426
0.81199 41.32496
0.81200 41.33570
0.81200 41.34645
0.81201 41.35720
0.81202 41.36793
0.81203 41.37862
0.81204 41.38926
0.81204 41.39986
0.81205 41.41047
0.81206 41.42110
0.81207 41.43177
0.81208 41.44248
0.81208 41.45326
0.81209 41.46411
0.81210 41.47506
0.81211 41.48612
0.81212 41.49731
0.81212 41.50865
0.81213 41.52014
0.81214 41.53179
0.81215 41.54362
0.81216 41.55562
0.81216 41.56782
0.81217 41.58023
0.81218 41.59287
0.81219 41.60575
0.81220 41.61889
0.81220 41.63229
0.81221 41.64597
0.81222 41.65995
0.81223 41.67423
0.81224 41.68883
0.81224 41.70374
0.81225 41.71898
0.81226 41.73455
0.81227 41.75046
0.81228 41.76670
0.81228 41.78328
0.81229 41.80021
0.81230 41.81750
0.81231 41.83514
0.81232 41.85316
0.81232 41.87155
0.81233 41.89032
0.81234 41.90948
0.81235 41.92903
0.81236 41.94898
0.81236 41.96934
0.81237 41.99013
0.81238 42.01134
0.81239 42.03299
0.81240 42.05508
0.81240 42.07761
0.81241 42.10058
0.81242 42.12400
0.81243 42.14788
0.81244 42.17220
0.81244 42.19696
0.81245 42.22219
0.81246 42.24786
0.81247 42.27401
0.81248 42.30064
0.81248 42.32773
0.81249 42.35532
0.81250 42.38340
0.81251 42.41197
0.81252 42.44105
0.81252 42.47063
0.81253 42.50067
0.81254 42.53118
0.81255 42.56213
0.81256 42.59350
0.81256 42.62526
0.81257 42.65738
0.81258 42.68986
0.81259 42.72266
0.81260 42.75577
0.81260 42.78916
0.81261 42.82281
0.81262 42.85671
0.81263 42.89083
0.81264 42.92516
0.81264 42.95966
0.81265 42.99435
0.81266 43.02919
0.81267 43.06416
0.81268 43.09925
0.81268 43.13442
0.81269 43.16967
0.81270 43.20497
0.81271 43.24030
0.81272 43.27564
0.81272 43.31099
0.81273 43.34634
0.81274 43.38166
0.81275 43.41696
0.81276 43.45223
0.81276 43.48745
0.81277 43.52261
0.81278 43.55771
0.81279 43.59274
0.81280 43.62767
0.81280 43.66252
0.81281 43.69726
0.81282 43.73189
0.81283 43.76641
0.81284 43.80080
0.81284 43.83506
0.81285 43.86918
0.81286 43.90315
0.81287 43.93695
0.81288 43.97058
0.81288 44.00404
0.81289 44.03730
0.81290 44.07038
0.81291 44.10327
0.81292 44.13596
0.81292 44.16845
0.81293 44.20074
0.81294 44.23283
0.81295 44.26471
0.81296 44.29639
0.81296 44.32786
0.81297 44.35911
0.81298 44.39014
0.81299 44.42094
0.81300 44.45151
0.81300 44.48184
0.81301 44.51193
0.81302 44.54176
0.81303 44.57136
0.81304 44.60078
0.81304 44.63002
0.81305 44.65911
0.81306 44.68806
0.81307 44.71688
0.81308 44.74560
0.81308 44.77422
0.81309 44.80276
0.81310 44.83125
0.81311 44.85970
0.81312 44.88812
0.81312 44.91653
0.81313 44.94494
0.81314 44.97337
0.81315 45.00182
0.81316 45.03030
0.81316 45.05884
0.81317 45.08745
0.81318 45.11614
0.81319 45.14491
0.81320 45.17379
0.81320 45.20278
0.81321 45.23190
0.81322 45.26115
0.81323 45.29054
0.81324 45.32008
0.81324 45.34976
0.81325 45.37959
0.81326 45.40957
0.81327 45.43971
0.81328 45.47003
0.81328 45.50052
0.81329 45.53119
0.81330 45.56206
0.81331 45.59312
0.81332 45.62438
0.81332 45.65584
0.81333 45.68751
0.81334 45.71939
0.81335 45.75147
0.81336 45.78377
0.81336 45.81630
0.81337 45.84905
0.81338 45.88202
0.81339 45.91521
0.81340 45.94863
0.81340 45.98226
0.81341 46.01612
0.81342 46.05018
0.81343 46.08444
0.81344 46.11889
0.81344 46.15349
0.81345 46.18821
0.81346 46.22303
0.81347 46.25792
0.81348 46.29288
0.81348 46.32784
0.81349 46.36280
0.81350 46.39772
0.81351 46.43258
0.81352 46.46736
0.81352 46.50203
0.81353 46.53656
0.81354 46.57092
0.81355 46.60508
0.81356 46.63901
0.81356 46.67267
0.81357 46.70603
0.81358 46.73907
0.81359 46.77176
0.81360 46.80407
0.81360 46.83595
0.81361 46.86738
0.81362 46.89831
0.81363 46.92874
0.81364 46.95862
0.81364 46.98795
0.81365 47.01670
0.81366 47.04485
0.81367 47.07237
0.81368 47.09923
0.81368 47.12542
0.81369 47.15092
0.81370 47.17571
0.81371 47.19978
0.81372 47.22309
0.81372 47.24564
0.81373 47.26741
0.81374 47.28838
0.81375 47.30854
0.81376 47.32788
0.81376 47.34639
0.81377 47.36405
0.81378 47.38086
0.81379 47.39679
0.81380 47.41182
0.81380 47.42595
0.81381 47.43916
0.81382 47.45144
0.81383 47.46278
0.81384 47.47316
0.81384 47.48256
0.81385 47.49099
0.81386 47.49842
0.81387 47.50484
0.81388 47.51024
0.81388 47.51461
0.81389 47.51794
0.81390 47.52022
0.81391 47.52145
0.81392 47.52161
0.81392 47.52072
0.81393 47.51879
0.81394 47.51585
0.81395 47.51194
0.81396 47.50710
0.81396 47.50139
0.81397 47.49481
0.81398 47.48744
0.81399 47.47931
0.81400 47.47049
0.81400 47.46102
0.81401 47.45095
0.81402 47.44031
0.81403 47.42916
0.81404 47.41751
0.81404 47.40541
0.81405 47.39288
0.81406 47.37996
0.81407 47.36669
0.81408 47.35310
0.81408 47.33924
0.81409 47.32513
0.81410 47.31081
0.81411 47.29632
0.81412 47.28170
0.81412 47.26701
0.81413 47.25227
0.81414 47.23750
0.81415 47.22273
0.81416 47.20800
0.81416 47.19331
0.81417 47.17870
0.81418 47.16416
0.81419 47.14971
0.81420 47.13536
0.81420 47.12110
0.81421 47.10695
0.81422 47.09291
0.81423 47.07900
0.81424 47.06522
0.81424 47.05158
0.81425 47.03808
0.81426 47.02472
0.81427 47.01150
0.81428 46.99842
0.81428 46.98549
0.81429 46.97272
0.81430 46.96011
0.81431 46.94768
0.81432 46.93543
0.81432 46.92336
0.81433 46.91146
0.81434 46.89974
0.81435 46.88820
0.81436 46.87684
0.81436 46.86565
0.81437 46.85462
0.81438 46.84377
0.81439 46.83308
0.81440 46.82256
0.81440 46.81220
0.81441 46.80201
0.81442 46.79198
0.81443 46.78210
0.81444 46.77235
0.81444 46.76273
0.81445 46.75321
0.81446 46.74375
0.81447 46.73432
0.81448 46.72492
0.81448 46.71551
0.81449 46.70605
0.81450 46.69652
0.81451 46.68689
0.81452 46.67714
0.81452 46.66723
0.81453 46.65716
0.81454 46.64688
0.81455 46.63639
0.81456 46.62565
0.81456 46.61464
0.81457 46.60336
0.81458 46.59175
0.81459 46.57981
0.81460 46.56751
0.81460 46.55484
0.81461 46.54177
0.81462 46.52828
0.81463 46.51434
0.81464 46.49995
0.81464 46.48507
0.81465 46.46970
0.81466 46.45382
0.81467 46.43743
0.81468 46.42055
0.81468 46.40318
0.81469 46.38536
0.81470 46.36710
0.81471 46.34844
0.81472 46.32939
0.81472 46.30996
0.81473 46.29018
0.81474 46.27005
0.81475 46.24961
0.81476 46.22886
0.81476 46.20785
0.81477 46.18658
0.81478 46.16509
0.81479 46.14339
0.81480 46.12148
0.81480 46.09939
0.81481 46.07714
0.81482 46.05472
0.81483 46.03218
0.81484 46.00953
0.81484 45.98682
0.81485 45.96409
0.81486 45.94136
0.81487 45.91870
0.81488 45.89612
0.81488 45.87367
0.81489 45.85137
0.81490 45.82926
0.81491 45.80736
0.81492 45.78572
0.81492 45.76435
0.81493 45.74328
0.81494 45.72254
0.81495 45.70216
0.81496 45.68216
0.81496 45.66256
0.81497 45.64338
0.81498 45.62464
0.81499 45.60638
0.81500 45.58861
0.81500 45.57136
0.81501 45.55463
0.81502 45.53845
0.81503 45.52284
0.81504 45.50782
0.81504 45.49340
0.81505 45.47961
0.81506 45.46646
0.81507 45.45396
0.81508 45.44214
0.81508 45.43101
0.81509 45.42060
0.81510 45.41091
0.81511 45.40197
0.81512 45.39377
0.81512 45.38634
0.81513 45.37968
0.81514 45.37382
0.81515 45.36875
0.81516 45.36450
0.81516 45.36106
0.81517 45.35845
0.81518 45.35666
0.81519 45.35568
0.81520 45.35551
0.81520 45.35613
0.81521 45.35753
0.81522 45.35971
0.81523 45.36267
0.81524 45.36640
0.81524 45.37089
0.81525 45.37614
0.81526 45.38215
0.81527 45.38888
0.81528 45.39635
0.81528 45.40453
0.81529 45.41343
0.81530 45.42304
0.81531 45.43336
0.81532 45.44436
0.81532 45.45606
0.81533 45.46842
0.81534 45.48143
0.81535 45.49508
0.81536 45.50933
0.81536 45.52418
0.81537 45.53958
0.81538 45.55553
0.81539 45.57200
0.81540 45.58897
0.81540 45.60644
0.81541 45.62438
0.81542 45.64279
0.81543 45.66165
0.81544 45.68095
0.81544 45.70066
0.81545 45.72077
0.81546 45.74123
0.81547 45.76203
0.81548 45.78313
0.81548 45.80451
0.81549 45.82612
0.81550 45.84791
0.81551 45.86985
0.81552 45.89190
0.81552 45.91401
0.81553 45.93616
0.81554 45.95830
0.81555 45.98040
0.81556 46.00243
0.81556 46.02435
0.81557 46.04614
0.81558 46.06775
0.81559 46.08917
0.81560 46.11036
0.81560 46.13129
0.81561 46.15194
0.81562 46.17227
0.81563 46.19226
0.81564 46.21189
0.81564 46.23113
0.81565 46.24997
0.81566 46.26839
0.81567 46.28637
0.81568 46.30388
0.81568 46.32091
0.81569 46.33744
0.81570 46.35346
0.81571 46.36895
0.81572 46.38388
0.81572 46.39823
0.81573 46.41199
0.81574 46.42513
0.81575 46.43765
0.81576 46.44953
0.81576 46.46075
0.81577 46.47130
0.81578 46.48115
0.81579 46.49030
0.81580 46.49873
0.81580 46.50644
0.81581 46.51341
0.81582 46.51963
0.81583 46.52510
0.81584 46.52980
0.81584 46.53374
0.81585 46.53690
0.81586 46.53927
0.81587 46.54086
0.81588 46.54165
0.81588 46.54164
0.81589 46.54083
0.81590 46.53919
0.81591 46.53672
0.81592 46.53340
0.81592 46.52921
0.81593 46.52414
0.81594 46.51816
0.81595 46.51129
0.81596 46.50354
0.81596 46.49494
0.81597 46.48550
0.81598 46.47526
0.81599 46.46425
0.81600 46.45251
0.81600 46.44011
0.81601 46.42711
0.81602 46.41354
0.81603 46.39945
0.81604 46.38489
0.81604 46.36989
0.81605 46.35452
0.81606 46.33881
0.81607 46.32283
0.81608 46.30659
0.81608 46.29014
0.81609 46.27352
0.81610 46.25676
0.81611 46.23990
0.81612 46.22298
0.81612 46.20603
0.81613 46.18909
0.81614 46.17219
0.81615 46.15535
0.81616 46.13861
0.81616 46.12197
0.81617 46.10548
0.81618 46.08915
0.81619 46.07300
0.81620 46.05706
0.81620 46.04134
0.81621 46.02588
0.81622 46.01070
0.81623 45.99581
0.81624 45.98125
0.81624 45.96702
0.81625 45.95315
0.81626 45.93964
0.81627 45.92652
0.81628 45.91381
0.81628 45.90154
0.81629 45.88971
0.81630 45.87835
0.81631 45.86746
0.81632 45.85705
0.81632 45.84715
0.81633 45.83774
0.81634 45.82881
0.81635 45.82034
0.81636 45.81232
0.81636 45.80475
0.81637 45.79761
0.81638 45.79088
0.81639 45.78455
0.81640 45.77862
0.81640 45.77307
0.81641 45.76790
0.81642 45.76311
0.81643 45.75869
0.81644 45.75466
0.81644 45.75102
0.81645 45.74776
0.81646 45.74487
0.81647 45.74235
0.81648 45.74019
0.81648 45.73835
0.81649 45.73681
0.81650 45.73555
0.81651 45.73451
0.81652 45.73368
0.81652 45.73301
0.81653 45.73248
0.81654 45.73207
0.81655 45.73175
0.81656 45.73147
0.81656 45.73120
0.81657 45.73090
0.81658 45.73056
0.81659 45.73013
0.81660 45.72960
0.81660 45.72893
0.81661 45.72808
0.81662 45.72703
0.81663 45.72575
0.81664 45.72421
0.81664 45.72239
0.81665 45.72026
0.81666 45.71780
0.81667 45.71499
0.81668 45.71181
0.81668 45.70823
0.81669 45.70423
0.81670 45.69981
0.81671 45.69493
0.81672 45.68958
0.81672 45.68373
0.81673 45.67737
0.81674 45.67049
0.81675 45.66306
0.81676 45.65508
0.81676 45.64654
0.81677 45.63741
0.81678 45.62767
0.81679 45.61731
0.81680 45.60631
0.81680 45.59465
0.81681 45.58233
0.81682 45.56932
0.81683 45.55562
0.81684 45.54124
0.81684 45.52624
0.81685 45.51065
0.81686 45.49450
0.81687 45.47782
0.81688 45.46065
0.81688 45.44301
0.81689 45.42494
0.81690 45.40648
0.81691 45.38766
0.81692 45.36851
0.81692 45.34906
0.81693 45.32933
0.81694 45.30936
0.81695 45.28917
0.81696 45.26878
0.81696 45.24819
0.81697 45.22742
0.81698 45.20646
0.81699 45.18536
0.81700 45.16413
0.81700 45.14281
0.81701 45.12140
0.81702 45.09995
0.81703 45.07848
0.81704 45.05701
0.81704 45.03556
0.81705 45.01415
0.81706 44.99282
0.81707 44.97157
0.81708 44.95046
0.81708 44.92949
0.81709 44.90869
0.81710 44.88809
0.81711 44.86772
0.81712 44.84761
0.81712 44.82778
0.81713 44.80826
0.81714 44.78906
0.81715 44.77020
0.81716 44.75172
0.81716 44.73363
0.81717 44.71596
0.81718 44.69873
0.81719 44.68195
0.81720 44.66564
0.81720 44.64984
0.81721 44.63454
0.81722 44.61977
0.81723 44.60556
0.81724 44.59191
0.81724 44.57883
0.81725 44.56635
0.81726 44.55448
0.81727 44.54323
0.81728 44.53261
0.81728 44.52265
0.81729 44.51336
0.81730 44.50477
0.81731 44.49687
0.81732 44.48970
0.81732 44.48327
0.81733 44.47759
0.81734 44.47268
0.81735 44.46850
0.81736 44.46505
0.81736 44.46232
0.81737 44.46031
0.81738 44.45901
0.81739 44.45842
0.81740 44.45852
0.81740 44.45931
0.81741 44.46078
0.81742 44.46292
0.81743 44.46572
0.81744 44.46918
0.81744 44.47328
0.81745 44.47801
0.81746 44.48336
0.81747 44.48933
0.81748 44.49591
0.81748 44.50310
0.81749 44.51089
0.81750 44.51925
0.81751 44.52819
0.81752 44.53768
0.81752 44.54769
0.81753 44.55822
0.81754 44.56923
0.81755 44.58072
0.81756 44.59268
0.81756 44.60507
0.81757 44.61790
0.81758 44.63113
0.81759 44.64477
0.81760 44.65878
0.81760 44.67317
0.81761 44.68790
0.81762 44.70296
0.81763 44.71835
0.81764 44.73406
0.81764 44.75008
0.81765 44.76638
0.81766 44.78296
0.81767 44.79981
0.81768 44.81691
0.81768 44.83426
0.81769 44.85184
0.81770 44.86963
0.81771 44.88763
0.81772 44.90582
0.81772 44.92421
0.81773 44.94279
0.81774 44.96154
0.81775 44.98045
0.81776 44.99953
0.81776 45.01876
0.81777 45.03814
0.81778 45.05766
0.81779 45.07731
0.81780 45.09709
0.81780 45.11698
0.81781 45.13699
0.81782 45.15710
0.81783 45.17730
0.81784 45.19759
0.81784 45.21795
0.81785 45.23837
0.81786 45.25886
0.81787 45.27940
0.81788 45.29999
0.81788 45.32062
0.81789 45.34128
0.81790 45.36197
0.81791 45.38268
0.81792 45.40339
0.81792 45.42410
0.81793 45.44480
0.81794 45.46548
0.81795 45.48613
0.81796 45.50676
0.81796 45.52737
0.81797 45.54797
0.81798 45.56857
0.81799 45.58917
0.81800 45.60979
0.81800 45.63043
0.81801 45.65110
0.81802 45.67181
0.81803 45.69258
0.81804 45.71343
0.81804 45.73438
0.81805 45.75543
0.81806 45.77661
0.81807 45.79793
0.81808 45.81939
0.81808 45.84101
0.81809 45.86281
0.81810 45.88479
0.81811 45.90698
0.81812 45.92938
0.81812 45.95199
0.81813 45.97483
0.81814 45.99790
0.81815 46.02121
0.81816 46.04478
0.81816 46.06860
0.81817 46.09269
0.81818 46.11705
0.81819 46.14168
0.81820 46.16660
0.81820 46.19183
0.81821 46.21738
0.81822 46.24323
0.81823 46.26940
0.81824 46.29588
0.81824 46.32269
0.81825 46.34984
0.81826 46.37733
0.81827 46.40517
0.81828 46.43335
0.81828 46.46188
0.81829 46.49077
0.81830 46.52004
0.81831 46.54968
0.81832 46.57969
0.81832 46.61007
0.81833 46.64084
0.81834 46.67200
0.81835 46.70355
0.81836 46.73551
0.81836 46.76787
0.81837 46.80062
0.81838 46.83378
0.81839 46.86733
0.81840 46.90128
0.81840 46.93562
0.81841 46.97036
0.81842 47.00550
0.81843 47.04106
0.81844 47.07701
0.81844 47.11338
0.81845 47.15015
0.81846 47.18732
0.81847 47.22488
0.81848 47.26283
0.81848 47.30116
0.81849 47.33985
0.81850 47.37891
0.81851 47.41831
0.81852 47.45804
0.81852 47.49808
0.81853 47.53841
0.81854 47.57899
0.81855 47.61977
0.81856 47.66072
0.81856 47.70180
0.81857 47.74296
0.81858 47.78417
0.81859 47.82538
0.81860 47.86655
0.81860 47.90763
0.81861 47.94859
0.81862 47.98940
0.81863 48.03001
0.81864 48.07041
0.81864 48.11055
0.81865 48.15039
0.81866 48.18991
0.81867 48.22907
0.81868 48.26783
0.81868 48.30618
0.81869 48.34408
0.81870 48.38150
0.81871 48.41840
0.81872 48.45475
0.81872 48.49053
0.81873 48.52572
0.81874 48.56028
0.81875 48.59417
0.81876 48.62735
0.81876 48.65979
0.81877 48.69145
0.81878 48.72231
0.81879 48.75232
0.81880 48.78148
0.81880 48.80974
0.81881 48.83707
0.81882 48.86346
0.81883 48.88888
0.81884 48.91330
0.81884 48.93670
0.81885 48.95906
0.81886 48.98035
0.81887 49.00056
0.81888 49.01965
0.81888 49.03763
0.81889 49.05448
0.81890 49.07018
0.81891 49.08472
0.81892 49.09808
0.81892 49.11025
0.81893 49.12120
0.81894 49.13093
0.81895 49.13943
0.81896 49.14667
0.81896 49.15266
0.81897 49.15736
0.81898 49.16078
0.81899 49.16291
0.81900 49.16373
0.81900 49.16325
0.81901 49.16146
0.81902 49.15836
0.81903 49.15396
0.81904 49.14828
0.81904 49.14138
0.81905 49.13329
0.81906 49.12406
0.81907 49.11374
0.81908 49.10240
0.81908 49.09011
0.81909 49.07691
0.81910 49.06287
0.81911 49.04805
0.81912 49.03250
0.81912 49.01626
0.81913 48.99939
0.81914 48.98192
0.81915 48.96390
0.81916 48.94539
0.81916 48.92643
0.81917 48.90707
0.81918 48.88737
0.81919 48.86736
0.81920 48.84709
0.81920 48.82662
0.81921 48.80598
0.81922 48.78522
0.81923 48.76438
0.81924 48.74349
0.81924 48.72262
0.81925 48.70180
0.81926 48.68110
0.81927 48.66055
0.81928 48.64020
0.81928 48.62010
0.81929 48.60027
0.81930 48.58076
0.81931 48.56158
0.81932 48.54278
0.81932 48.52438
0.81933 48.50640
0.81934 48.48887
0.81935 48.47182
0.81936 48.45526
0.81936 48.43923
0.81937 48.42374
0.81938 48.40882
0.81939 48.39448
0.81940 48.38074
0.81940 48.36762
0.81941 48.35513
0.81942 48.34328
0.81943 48.33209
0.81944 48.32156
0.81944 48.31172
0.81945 48.30256
0.81946 48.29410
0.81947 48.28634
0.81948 48.27930
0.81948 48.27297
0.81949 48.26734
0.81950 48.26244
0.81951 48.25825
0.81952 48.25478
0.81952 48.25202
0.81953 48.24998
0.81954 48.24863
0.81955 48.24796
0.81956 48.24795
0.81956 48.24857
0.81957 48.24978
0.81958 48.25155
0.81959 48.25385
0.81960 48.25663
0.81960 48.25985
0.81961 48.26350
0.81962 48.26753
0.81963 48.27193
0.81964 48.27667
0.81964 48.28173
0.81965 48.28709
0.81966 48.29273
0.81967 48.29861
0.81968 48.30472
0.81968 48.31102
0.81969 48.31749
0.81970 48.32410
0.81971 48.33085
0.81972 48.33768
0.81972 48.34455
0.81973 48.35142
0.81974 48.35825
0.81975 48.36502
0.81976 48.37169
0.81976 48.37825
0.81977 48.38467
0.81978 48.39093
0.81979 48.39701
0.81980 48.40290
0.81980 48.40857
0.81981 48.41402
0.81982 48.41924
0.81983 48.42420
0.81984 48.42892
0.81984 48.43338
0.81985 48.43756
0.81986 48.44147
0.81987 48.44510
0.81988 48.44842
0.81988 48.45145
0.81989 48.45417
0.81990 48.45658
0.81991 48.45868
0.81992 48.46046
0.81992 48.46195
0.81993 48.46316
0.81994 48.46407
0.81995 48.46471
0.81996 48.46507
0.81996 48.46516
0.81997 48.46499
0.81998 48.46458
0.81999 48.46393
0.82000 48.46307
0.82000 48.46199
0.82001 48.46071
0.82002 48.45925
0.82003 48.45760
0.82004 48.45579
0.82004 48.45381
0.82005 48.45167
0.82006 48.44938
0.82007 48.44697
0.82008 48.44443
0.82008 48.44179
0.82009 48.43904
0.82010 48.43622
0.82011 48.43333
0.82012 48.43036
0.82012 48.42734
0.82013 48.42426
0.82014 48.42111
0.82015 48.41791
0.82016 48.41465
0.82016 48.41133
0.82017 48.40796
0.82018 48.40454
0.82019 48.40108
0.82020 48.39758
0.82020 48.39404
0.82021 48.39045
0.82022 48.38685
0.82023 48.38329
0.82024 48.37981
0.82024 48.37644
0.82025 48.37321
0.82026 48.37015
0.82027 48.36728
0.82028 48.36460
0.82028 48.36216
0.82029 48.35996
0.82030 48.35801
0.82031 48.35634
0.82032 48.35497
0.82032 48.35390
0.82033 48.35315
0.82034 48.35274
0.82035 48.35267
0.82036 48.35297
0.82036 48.35365
0.82037 48.35472
0.82038 48.35619
0.82039 48.35807
0.82040 48.36037
0.82040 48.36310
0.82041 48.36627
0.82042 48.36988
0.82043 48.37393
0.82044 48.37841
0.82044 48.38334
0.82045 48.38872
0.82046 48.39456
0.82047 48.40085
0.82048 48.40760
0.82048 48.41480
0.82049 48.42246
0.82050 48.43056
0.82051 48.43913
0.82052 48.44815
0.82052 48.45762
0.82053 48.46755
0.82054 48.47793
0.82055 48.48876
0.82056 48.50004
0.82056 48.51178
0.82057 48.52397
0.82058 48.53660
0.82059 48.54967
0.82060 48.56317
0.82060 48.57709
0.82061 48.59143
0.82062 48.60619
0.82063 48.62137
0.82064 48.63696
0.82064 48.65296
0.82065 48.66937
0.82066 48.68618
0.82067 48.70339
0.82068 48.72098
0.82068 48.73896
0.82069 48.75731
0.82070 48.77603
0.82071 48.79511
0.82072 48.81456
0.82072 48.83436
0.82073 48.85447
0.82074 48.87486
0.82075 48.89551
0.82076 48.91638
0.82076 48.93746
0.82077 48.95872
0.82078 48.98013
0.82079 49.00166
0.82080 49.02329
0.82080 49.04500
0.82081 49.06677
0.82082 49.08859
0.82083 49.11043
0.82084 49.13227
0.82084 49.15409
0.82085 49.17588
0.82086 49.19762
0.82087 49.21928
0.82088 49.24084
0.82088 49.26230
0.82089 49.28364
0.82090 49.30483
0.82091 49.32586
0.82092 49.34673
0.82092 49.36740
0.82093 49.38788
0.82094 49.40814
0.82095 49.42815
0.82096 49.44790
0.82096 49.46735
0.82097 49.48647
0.82098 49.50524
0.82099 49.52362
0.82100 49.54159
0.82100 49.55912
0.82101 49.57618
0.82102 49.59273
0.82103 49.60876
0.82104 49.62422
0.82104 49.63911
0.82105 49.65341
0.82106 49.66708
0.82107 49.68011
0.82108 49.69248
0.82108 49.70417
0.82109 49.71518
0.82110 49.72549
0.82111 49.73511
0.82112 49.74401
0.82112 49.75220
0.82113 49.75968
0.82114 49.76644
0.82115 49.77248
0.82116 49.77780
0.82116 49.78240
0.82117 49.78629
0.82118 49.78947
0.82119 49.79195
0.82120 49.79373
0.82120 49.79480
0.82121 49.79517
0.82122 49.79483
0.82123 49.79379
0.82124 49.79206
0.82124 49.78963
0.82125 49.78653
0.82126 49.78276
0.82127 49.77834
0.82128 49.77328
0.82128 49.76758
0.82129 49.76128
0.82130 49.75438
0.82131 49.74688
0.82132 49.73880
0.82132 49.73016
0.82133 49.72095
0.82134 49.71120
0.82135 49.70090
0.82136 49.69008
0.82136 49.67874
0.82137 49.66689
0.82138 49.65454
0.82139 49.64171
0.82140 49.62839
0.82140 49.61461
0.82141 49.60037
0.82142 49.58568
0.82143 49.57055
0.82144 49.55499
0.82144 49.53902
0.82145 49.52266
0.82146 49.50594
0.82147 49.48890
0.82148 49.47157
0.82148 49.45402
0.82149 49.43628
0.82150 49.41839
0.82151 49.40039
0.82152 49.38233
0.82152 49.36427
0.82153 49.34623
0.82154 49.32826
0.82155 49.31040
0.82156 49.29267
0.82156 49.27511
0.82157 49.25775
0.82158 49.24062
0.82159 49.22374
0.82160 49.20715
0.82160 49.19084
0.82161 49.17486
0.82162 49.15921
0.82163 49.14392
0.82164 49.12901
0.82164 49.11449
0.82165 49.10038
0.82166 49.08671
0.82167 49.07348
0.82168 49.06071
0.82168 49.04841
0.82169 49.03660
0.82170 49.02530
0.82171 49.01451
0.82172 49.00425
0.82172 48.99454
0.82173 48.98539
0.82174 48.97680
0.82175 48.96878
0.82176 48.96133
0.82176 48.95444
0.82177 48.94811
0.82178 48.94233
0.82179 48.93709
0.82180 48.93238
0.82180 48.92819
0.82181 48.92452
0.82182 48.92134
0.82183 48.91866
0.82184 48.91645
0.82184 48.91470
0.82185 48.91339
0.82186 48.91251
0.82187 48.91204
0.82188 48.91197
0.82188 48.91228
0.82189 48.91297
0.82190 48.91403
0.82191 48.91544
0.82192 48.91718
0.82192 48.91926
0.82193 48.92165
0.82194 48.92435
0.82195 48.92733
0.82196 48.93058
0.82196 48.93408
0.82197 48.93781
0.82198 48.94175
0.82199 48.94585
0.82200 48.95007
0.82200 48.95436
0.82201 48.95869
0.82202 48.96301
0.82203 48.96727
0.82204 48.97143
0.82204 48.97546
0.82205 48.97932
0.82206 48.98297
0.82207 48.98638
0.82208 48.98953
0.82208 48.99240
0.82209 48.99494
0.82210 48.99715
0.82211 48.99899
0.82212 49.00045
0.82212 49.00148
0.82213 49.00208
0.82214 49.00222
0.82215 49.00186
0.82216 49.00100
0.82216 48.99959
0.82217 48.99762
0.82218 48.99505
0.82219 48.99187
0.82220 48.98806
0.82220 48.98358
0.82221 48.97843
0.82222 48.97259
0.82223 48.96603
0.82224 48.95875
0.82224 48.95071
0.82225 48.94192
0.82226 48.93237
0.82227 48.92205
0.82228 48.91096
0.82228 48.89912
0.82229 48.88654
0.82230 48.87323
0.82231 48.85919
0.82232 48.84445
0.82232 48.82900
0.82233 48.81287
0.82234 48.79609
0.82235 48.77867
0.82236 48.76064
0.82236 48.74204
0.82237 48.72288
0.82238 48.70318
0.82239 48.68296
0.82240 48.66223
0.82240 48.64102
0.82241 48.61933
0.82242 48.59720
0.82243 48.57465
0.82244 48.55168
0.82244 48.52833
0.82245 48.50461
0.82246 48.48054
0.82247 48.45613
0.82248 48.43141
0.82248 48.40638
0.82249 48.38109
0.82250 48.35560
0.82251 48.32994
0.82252 48.30418
0.82252 48.27837
0.82253 48.25255
0.82254 48.22677
0.82255 48.20107
0.82256 48.17549
0.82256 48.15008
0.82257 48.12486
0.82258 48.09988
0.82259 48.07516
0.82260 48.05073
0.82260 48.02663
0.82261 48.00287
0.82262 47.97950
0.82263 47.95652
0.82264 47.93397
0.82264 47.91186
0.82265 47.89022
0.82266 47.86909
0.82267 47.84846
0.82268 47.82839
0.82268 47.80889
0.82269 47.78999
0.82270 47.77171
0.82271 47.75408
0.82272 47.73711
0.82272 47.72083
0.82273 47.70524
0.82274 47.69039
0.82275 47.67630
0.82276 47.66298
0.82276 47.65047
0.82277 47.63879
0.82278 47.62795
0.82279 47.61796
0.82280 47.60883
0.82280 47.60056
0.82281 47.59316
0.82282 47.58665
0.82283 47.58103
0.82284 47.57628
0.82284 47.57241
0.82285 47.56938
0.82286 47.56719
0.82287 47.56580
0.82288 47.56521
0.82288 47.56541
0.82289 47.56638
0.82290 47.56813
0.82291 47.57062
0.82292 47.57385
0.82292 47.57780
0.82293 47.58246
0.82294 47.58781
0.82295 47.59384
0.82296 47.60052
0.82296 47.60785
0.82297 47.61580
0.82298 47.62435
0.82299 47.63349
0.82300 47.64317
0.82300 47.65336
0.82301 47.66402
0.82302 47.67511
0.82303 47.68660
0.82304 47.69843
0.82304 47.71059
0.82305 47.72304
0.82306 47.73574
0.82307 47.74866
0.82308 47.76176
0.82308 47.77502
0.82309 47.78841
0.82310 47.80189
0.82311 47.81546
0.82312 47.82909
0.82312 47.84277
0.82313 47.85649
0.82314 47.87023
0.82315 47.88398
0.82316 47.89771
0.82316 47.91142
0.82317 47.92508
0.82318 47.93868
0.82319 47.95219
0.82320 47.96560
0.82320 47.97889
0.82321 47.99203
0.82322 48.00502
0.82323 48.01784
0.82324 48.03048
0.82324 48.04290
0.82325 48.05510
0.82326 48.06706
0.82327 48.07875
0.82328 48.09016
0.82328 48.10126
0.82329 48.11204
0.82330 48.12250
0.82331 48.13261
0.82332 48.14236
0.82332 48.15174
0.82333 48.16073
0.82334 48.16935
0.82335 48.17760
0.82336 48.18550
0.82336 48.19308
0.82337 48.20034
0.82338 48.20731
0.82339 48.21400
0.82340 48.22042
0.82340 48.22658
0.82341 48.23249
0.82342 48.23815
0.82343 48.24354
0.82344 48.24866
0.82344 48.25352
0.82345 48.25811
0.82346 48.26243
0.82347 48.26650
0.82348 48.27032
0.82348 48.27390
0.82349 48.27725
0.82350 48.28038
0.82351 48.28329
0.82352 48.28602
0.82352 48.28856
0.82353 48.29093
0.82354 48.29315
0.82355 48.29523
0.82356 48.29718
0.82356 48.29904
0.82357 48.30081
0.82358 48.30251
0.82359 48.30415
0.82360 48.30575
0.82360 48.30734
0.82361 48.30891
0.82362 48.31048
0.82363 48.31205
0.82364 48.31362
0.82364 48.31520
0.82365 48.31680
0.82366 48.31841
0.82367 48.32006
0.82368 48.32175
0.82368 48.32348
0.82369 48.32527
0.82370 48.32713
0.82371 48.32908
0.82372 48.33112
0.82372 48.33325
0.82373 48.33549
0.82374 48.33784
0.82375 48.34030
0.82376 48.34287
0.82376 48.34556
0.82377 48.34837
0.82378 48.35131
0.82379 48.35438
0.82380 48.35759
0.82380 48.36094
0.82381 48.36444
0.82382 48.36809
0.82383 48.37189
0.82384 48.37585
0.82384 48.37996
0.82385 48.38420
0.82386 48.38858
0.82387 48.39306
0.82388 48.39765
0.82388 48.40233
0.82389 48.40710
0.82390 48.41195
0.82391 48.41687
0.82392 48.42189
0.82392 48.42703
0.82393 48.43231
0.82394 48.43778
0.82395 48.44346
0.82396 48.44935
0.82396 48.45549
0.82397 48.46187
0.82398 48.46849
0.82399 48.47537
0.82400 48.48250
0.82400 48.48988
0.82401 48.49753
0.82402 48.50543
0.82403 48.51361
0.82404 48.52205
0.82404 48.53075
0.82405 48.53970
0.82406 48.54889
0.82407 48.55832
0.82408 48.56798
0.82408 48.57787
0.82409 48.58797
0.82410 48.59827
0.82411 48.60877
0.82412 48.61945
0.82412 48.63032
0.82413 48.64138
0.82414 48.65262
0.82415 48.66405
0.82416 48.67565
0.82416 48.68743
0.82417 48.69937
0.82418 48.71147
0.82419 48.72373
0.82420 48.73614
0.82420 48.74870
0.82421 48.76140
0.82422 48.77424
0.82423 48.78720
0.82424 48.80029
0.82424 48.81351
0.82425 48.82685
0.82426 48.84032
0.82427 48.85391
0.82428 48.86763
0.82428 48.88147
0.82429 48.89543
0.82430 48.90951
0.82431 48.92370
0.82432 48.93800
0.82432 48.95240
0.82433 48.96689
0.82434 48.98149
0.82435 48.99619
0.82436 49.01099
0.82436 49.02589
0.82437 49.04090
0.82438 49.05601
0.82439 49.07121
0.82440 49.08649
0.82440 49.10184
0.82441 49.11725
0.82442 49.13273
0.82443 49.14825
0.82444 49.16377
0.82444 49.17929
0.82445 49.19478
0.82446 49.21023
0.82447 49.22563
0.82448 49.24102
0.82448 49.25638
0.82449 49.27175
0.82450 49.28712
0.82451 49.30251
0.82452 49.31793
0.82452 49.33337
0.82453 49.34886
0.82454 49.36439
0.82455 49.37998
0.82456 49.39564
0.82456 49.41139
0.82457 49.42725
0.82458 49.44324
0.82459 49.45935
0.82460 49.47561
0.82460 49.49203
0.82461 49.50862
0.82462 49.52539
0.82463 49.54236
0.82464 49.55950
0.82464 49.57681
0.82465 49.59429
0.82466 49.61193
0.82467 49.62974
0.82468 49.64772
0.82468 49.66585
0.82469 49.68413
0.82470 49.70254
0.82471 49.72107
0.82472 49.73970
0.82472 49.75844
0.82473 49.77726
0.82474 49.79615
0.82475 49.81512
0.82476 49.83414
0.82476 49.85321
0.82477 49.87230
0.82478 49.89140
0.82479 49.91051
0.82480 49.92962
0.82480 49.94871
0.82481 49.96778
0.82482 49.98682
0.82483 50.00582
0.82484 50.02477
0.82484 50.04366
0.82485 50.06248
0.82486 50.08122
0.82487 50.09986
0.82488 50.11841
0.82488 50.13686
0.82489 50.15521
0.82490 50.17345
0.82491 50.19159
0.82492 50.20962
0.82492 50.22753
0.82493 50.24532
0.82494 50.26298
0.82495 50.28051
0.82496 50.29792
0.82496 50.31519
0.82497 50.33231
0.82498 50.34926
0.82499 50.36602
0.82500 50.38257
0.82500 50.39890
0.82501 50.41498
0.82502 50.43079
0.82503 50.44632
0.82504 50.46156
0.82504 50.47648
0.82505 50.49108
0.82506 50.50534
0.82507 50.51924
0.82508 50.53276
0.82508 50.54589
0.82509 50.55862
0.82510 50.57093
0.82511 50.58282
0.82512 50.59426
0.82512 50.60524
0.82513 50.61575
0.82514 50.62581
0.82515 50.63544
0.82516 50.64465
0.82516 50.65346
0.82517 50.66188
0.82518 50.66994
0.82519 50.67764
0.82520 50.68502
0.82520 50.69211
0.82521 50.69895
0.82522 50.70555
0.82523 50.71194
0.82524 50.71815
0.82524 50.72419
0.82525 50.73011
0.82526 50.73592
0.82527 50.74166
0.82528 50.74736
0.82528 50.75304
0.82529 50.75873
0.82530 50.76443
0.82531 50.77019
0.82532 50.77601
0.82532 50.78193
0.82533 50.78797
0.82534 50.79414
0.82535 50.80048
0.82536 50.80700
0.82536 50.81371
0.82537 50.82064
0.82538 50.82778
0.82539 50.83514
0.82540 50.84271
0.82540 50.85050
0.82541 50.85850
0.82542 50.86671
0.82543 50.87514
0.82544 50.88379
0.82544 50.89265
0.82545 50.90171
0.82546 50.91096
0.82547 50.92040
0.82548 50.93001
0.82548 50.93978
0.82549 50.94969
0.82550 50.95974
0.82551 50.96991
0.82552 50.98019
0.82552 50.99059
0.82553 51.00108
0.82554 51.01167
0.82555 51.02233
0.82556 51.03307
0.82556 51.04388
0.82557 51.05476
0.82558 51.06570
0.82559 51.07671
0.82560 51.08777
0.82560 51.09887
0.82561 51.11001
0.82562 51.12119
0.82563 51.13240
0.82564 51.14364
0.82564 51.15489
0.82565 51.16613
0.82566 51.17734
0.82567 51.18849
0.82568 51.19957
0.82568 51.21056
0.82569 51.22142
0.82570 51.23215
0.82571 51.24271
0.82572 51.25310
0.82572 51.26328
0.82573 51.27325
0.82574 51.28300
0.82575 51.29249
0.82576 51.30173
0.82576 51.31068
0.82577 51.31933
0.82578 51.32765
0.82579 51.33562
0.82580 51.34324
0.82580 51.35048
0.82581 51.35734
0.82582 51.36379
0.82583 51.36981
0.82584 51.37539
0.82584 51.38052
0.82585 51.38517
0.82586 51.38934
0.82587 51.39300
0.82588 51.39617
0.82588 51.39885
0.82589 51.40107
0.82590 51.40284
0.82591 51.40418
0.82592 51.40510
0.82592 51.40562
0.82593 51.40576
0.82594 51.40552
0.82595 51.40493
0.82596 51.40402
0.82596 51.40281
0.82597 51.40135
0.82598 51.39966
0.82599 51.39778
0.82600 51.39576
0.82600 51.39363
0.82601 51.39143
0.82602 51.38918
0.82603 51.38690
0.82604 51.38462
0.82604 51.38231
0.82605 51.37999
0.82606 51.37765
0.82607 51.37529
0.82608 51.37290
0.82608 51.37048
0.82609 51.36803
0.82610 51.36556
0.82611 51.36307
0.82612 51.36056
0.82612 51.35803
0.82613 51.35549
0.82614 51.35295
0.82615 51.35041
0.82616 51.34787
0.82616 51.34534
0.82617 51.34283
0.82618 51.34034
0.82619 51.33788
0.82620 51.33546
0.82620 51.33307
0.82621 51.33072
0.82622 51.32838
0.82623 51.32607
0.82624 51.32376
0.82624 51.32145
0.82625 51.31913
0.82626 51.31680
0.82627 51.31444
0.82628 51.31206
0.82628 51.30964
0.82629 51.30719
0.82630 51.30469
0.82631 51.30214
0.82632 51.29952
0.82632 51.29685
0.82633 51.29411
0.82634 51.29129
0.82635 51.28840
0.82636 51.28543
0.82636 51.28239
0.82637 51.27926
0.82638 51.27604
0.82639 51.27271
0.82640 51.26924
0.82640 51.26561
0.82641 51.26180
0.82642 51.25780
0.82643 51.25359
0.82644 51.24917
0.82644 51.24452
0.82645 51.23961
0.82646 51.23443
0.82647 51.22894
0.82648 51.22313
0.82648 51.21697
0.82649 51.21042
0.82650 51.20347
0.82651 51.19607
0.82652 51.18821
0.82652 51.17987
0.82653 51.17104
0.82654 51.16175
0.82655 51.15204
0.82656 51.14196
0.82656 51.13152
0.82657 51.12076
0.82658 51.10971
0.82659 51.09840
0.82660 51.08684
0.82660 51.07506
0.82661 51.06308
0.82662 51.05093
0.82663 51.03862
0.82664 51.02616
0.82664 51.01357
0.82665 51.00086
0.82666 50.98804
0.82667 50.97511
0.82668 50.96208
0.82668 50.94895
0.82669 50.93573
0.82670 50.92243
0.82671 50.90905
0.82672 50.89561
0.82672 50.88212
0.82673 50.86859
0.82674 50.85504
0.82675 50.84148
0.82676 50.82793
0.82676 50.81440
0.82677 50.80090
0.82678 50.78744
0.82679 50.77403
0.82680 50.76069
0.82680 50.74741
0.82681 50.73422
0.82682 50.72112
0.82683 50.70811
0.82684 50.69520
0.82684 50.68240
0.82685 50.66972
0.82686 50.65716
0.82687 50.64473
0.82688 50.63244
0.82688 50.62027
0.82689 50.60825
0.82690 50.59637
0.82691 50.58465
0.82692 50.57309
0.82692 50.56169
0.82693 50.55046
0.82694 50.53939
0.82695 50.52849
0.82696 50.51778
0.82696 50.50726
0.82697 50.49693
0.82698 50.48681
0.82699 50.47689
0.82700 50.46720
0.82700 50.45774
0.82701 50.44851
0.82702 50.43952
0.82703 50.43076
0.82704 50.42223
0.82704 50.41390
0.82705 50.40574
0.82706 50.39771
0.82707 50.38979
0.82708 50.38195
0.82708 50.37417
0.82709 50.36642
0.82710 50.35869
0.82711 50.35094
0.82712 50.34317
0.82712 50.33535
0.82713 50.32747
0.82714 50.31951
0.82715 50.31146
0.82716 50.30333
0.82716 50.29510
0.82717 50.28679
0.82718 50.27840
0.82719 50.26992
0.82720 50.26136
0.82720 50.25273
0.82721 50.24401
0.82722 50.23522
0.82723 50.22635
0.82724 50.21741
0.82724 50.20842
0.82725 50.19937
0.82726 50.19026
0.82727 50.18109
0.82728 50.17186
0.82728 50.16260
0.82729 50.15329
0.82730 50.14396
0.82731 50.13462
0.82732 50.12527
0.82732 50.11592
0.82733 50.10660
0.82734 50.09732
0.82735 50.08808
0.82736 50.07888
0.82736 50.06971
0.82737 50.06058
0.82738 50.05147
0.82739 50.04238
0.82740 50.03332
0.82740 50.02428
0.82741 50.01526
0.82742 50.00626
0.82743 49.99727
0.82744 49.98829
0.82744 49.97932
0.82745 49.97035
0.82746 49.96139
0.82747 49.95241
0.82748 49.94343
0.82748 49.93443
0.82749 49.92541
0.82750 49.91638
0.82751 49.90732
0.82752 49.89822
0.82752 49.88911
0.82753 49.87998
0.82754 49.87085
0.82755 49.86173
0.82756 49.85263
0.82756 49.84358
0.82757 49.83456
0.82758 49.82561
0.82759 49.81674
0.82760 49.80795
0.82760 49.79927
0.82761 49.79069
0.82762 49.78223
0.82763 49.77390
0.82764 49.76569
0.82764 49.75762
0.82765 49.74968
0.82766 49.74187
0.82767 49.73419
0.82768 49.72665
0.82768 49.71923
0.82769 49.71195
0.82770 49.70479
0.82771 49.69778
0.82772 49.69090
0.82772 49.68416
0.82773 49.67755
0.82774 49.67107
0.82775 49.66469
0.82776 49.65842
0.82776 49.65226
0.82777 49.64620
0.82778 49.64024
0.82779 49.63437
0.82780 49.62859
0.82780 49.62290
0.82781 49.61729
0.82782 49.61175
0.82783 49.60627
0.82784 49.60084
0.82784 49.59546
0.82785 49.59011
0.82786 49.58481
0.82787 49.57958
0.82788 49.57446
0.82788 49.56947
0.82789 49.56463
0.82790 49.55996
0.82791 49.55549
0.82792 49.55123
0.82792 49.54721
0.82793 49.54344
0.82794 49.53995
0.82795 49.53676
0.82796 49.53387
0.82796 49.53131
0.82797 49.52910
0.82798 49.52724
0.82799 49.52575
0.82800 49.52464
0.82800 49.52394
0.82801 49.52365
0.82802 49.52380
0.82803 49.52438
0.82804 49.52539
0.82804 49.52684
0.82805 49.52873
0.82806 49.53106
0.82807 49.53385
0.82808 49.53708
0.82808 49.54076
0.82809 49.54489
0.82810 49.54946
0.82811 49.55448
0.82812 49.55995
0.82812 49.56585
0.82813 49.57216
0.82814 49.57886
0.82815 49.58595
0.82816 49.59342
0.82816 49.60125
0.82817 49.60943
0.82818 49.61793
0.82819 49.62675
0.82820 49.63584
0.82820 49.64522
0.82821 49.65484
0.82822 49.66471
0.82823 49.67479
0.82824 49.68509
0.82824 49.69558
0.82825 49.70626
0.82826 49.71711
0.82827 49.72814
0.82828 49.73932
0.82828 49.75064
0.82829 49.76209
0.82830 49.77365
0.82831 49.78530
0.82832 49.79704
0.82832 49.80885
0.82833 49.82071
0.82834 49.83263
0.82835 49.84457
0.82836 49.85655
0.82836 49.86853
0.82837 49.88049
0.82838 49.89240
0.82839 49.90423
0.82840 49.91597
0.82840 49.92759
0.82841 49.93907
0.82842 49.95040
0.82843 49.96154
0.82844 49.97250
0.82844 49.98323
0.82845 49.99374
0.82846 50.00400
0.82847 50.01401
0.82848 50.02375
0.82848 50.03320
0.82849 50.04235
0.82850 50.05119
0.82851 50.05970
0.82852 50.06787
0.82852 50.07567
0.82853 50.08311
0.82854 50.09017
0.82855 50.09686
0.82856 50.10315
0.82856 50.10905
0.82857 50.11453
0.82858 50.11959
0.82859 50.12423
0.82860 50.12843
0.82860 50.13220
0.82861 50.13553
0.82862 50.13841
0.82863 50.14086
0.82864 50.14293
0.82864 50.14464
0.82865 50.14603
0.82866 50.14713
0.82867 50.14797
0.82868 50.14856
0.82868 50.14896
0.82869 50.14918
0.82870 50.14926
0.82871 50.14923
0.82872 50.14911
0.82872 50.14894
0.82873 50.14875
0.82874 50.14855
0.82875 50.14839
0.82876 50.14828
0.82876 50.14826
0.82877 50.14836
0.82878 50.14860
0.82879 50.14900
0.82880 50.14961
0.82880 50.15045
0.82881 50.15157
0.82882 50.15298
0.82883 50.15470
0.82884 50.15677
0.82884 50.15921
0.82885 50.16206
0.82886 50.16533
0.82887 50.16905
0.82888 50.17325
0.82888 50.17793
0.82889 50.18312
0.82890 50.18883
0.82891 50.19508
0.82892 50.20189
0.82892 50.20926
0.82893 50.21721
0.82894 50.22574
0.82895 50.23488
0.82896 50.24462
0.82896 50.25498
0.82897 50.26596
0.82898 50.27757
0.82899 50.28981
0.82900 50.30269
0.82900 50.31618
0.82901 50.33030
0.82902 50.34503
0.82903 50.36038
0.82904 50.37632
0.82904 50.39282
0.82905 50.40988
0.82906 50.42746
0.82907 50.44554
0.82908 50.46411
0.82908 50.48315
0.82909 50.50264
0.82910 50.52257
0.82911 50.54292
0.82912 50.56367
0.82912 50.58481
0.82913 50.60631
0.82914 50.62814
0.82915 50.65025
0.82916 50.67262
0.82916 50.69522
0.82917 50.71802
0.82918 50.74098
0.82919 50.76408
0.82920 50.78730
0.82920 50.81061
0.82921 50.83399
0.82922 50.85740
0.82923 50.88082
0.82924 50.90421
0.82924 50.92757
0.82925 50.95085
0.82926 50.97404
0.82927 50.99712
0.82928 51.02006
0.82928 51.04284
0.82929 51.06542
0.82930 51.08777
0.82931 51.10987
0.82932 51.13168
0.82932 51.15319
0.82933 51.17437
0.82934 51.19521
0.82935 51.21568
0.82936 51.23577
0.82936 51.25545
0.82937 51.27470
0.82938 51.29351
0.82939 51.31186
0.82940 51.32974
0.82940 51.34713
0.82941 51.36403
0.82942 51.38042
0.82943 51.39629
0.82944 51.41163
0.82944 51.42643
0.82945 51.44067
0.82946 51.45436
0.82947 51.46747
0.82948 51.48001
0.82948 51.49197
0.82949 51.50336
0.82950 51.51419
0.82951 51.52450
0.82952 51.53429
0.82952 51.54358
0.82953 51.55239
0.82954 51.56076
0.82955 51.56874
0.82956 51.57639
0.82956 51.58374
0.82957 51.59086
0.82958 51.59778
0.82959 51.60454
0.82960 51.61117
0.82960 51.61771
0.82961 51.62420
0.82962 51.63068
0.82963 51.63718
0.82964 51.64372
0.82964 51.65035
0.82965 51.65708
0.82966 51.66396
0.82967 51.67099
0.82968 51.67822
0.82968 51.68566
0.82969 51.69332
0.82970 51.70124
0.82971 51.70942
0.82972 51.71788
0.82972 51.72666
0.82973 51.73578
0.82974 51.74525
0.82975 51.75508
0.82976 51.76530
0.82976 51.77591
0.82977 51.78693
0.82978 51.79838
0.82979 51.81028
0.82980 51.82264
0.82980 51.83547
0.82981 51.84881
0.82982 51.86266
0.82983 51.87704
0.82984 51.89196
0.82984 51.90742
0.82985 51.92344
0.82986 51.94001
0.82987 51.95715
0.82988 51.97486
0.82988 51.99317
0.82989 52.01208
0.82990 52.03158
0.82991 52.05169
0.82992 52.07240
0.82992 52.09373
0.82993 52.11569
0.82994 52.13828
0.82995 52.16150
0.82996 52.18536
0.82996 52.20987
0.82997 52.23501
0.82998 52.26079
0.82999 52.28721
0.83000 52.31428
0.83000 52.34198
0.83001 52.37032
0.83002 52.39928
0.83003 52.42885
0.83004 52.45904
0.83004 52.48983
0.83005 52.52118
0.83006 52.55308
0.83007 52.58549
0.83008 52.61838
0.83008 52.65174
0.83009 52.68555
0.83010 52.71979
0.83011 52.75443
0.83012 52.78946
0.83012 52.82486
0.83013 52.86060
0.83014 52.89667
0.83015 52.93306
0.83016 52.96975
0.83016 53.00671
0.83017 53.04394
0.83018 53.08141
0.83019 53.11912
0.83020 53.15706
0.83020 53.19521
0.83021 53.23355
0.83022 53.27209
0.83023 53.31080
0.83024 53.34968
0.83024 53.38870
0.83025 53.42787
0.83026 53.46716
0.83027 53.50658
0.83028 53.54609
0.83028 53.58568
0.83029 53.62533
0.83030 53.66505
0.83031 53.70481
0.83032 53.74460
0.83032 53.78440
0.83033 53.82419
0.83034 53.86395
0.83035 53.90367
0.83036 53.94334
0.83036 53.98294
0.83037 54.02244
0.83038 54.06184
0.83039 54.10110
0.83040 54.14021
0.83040 54.17917
0.83041 54.21794
0.83042 54.25652
0.83043 54.29487
0.83044 54.33294
0.83044 54.37071
0.83045 54.40814
0.83046 54.44520
0.83047 54.48187
0.83048 54.51811
0.83048 54.55391
0.83049 54.58923
0.83050 54.62404
0.83051 54.65830
0.83052 54.69199
0.83052 54.72508
0.83053 54.75755
0.83054 54.78937
0.83055 54.82050
0.83056 54.85094
0.83056 54.88065
0.83057 54.90963
0.83058 54.93785
0.83059 54.96531
0.83060 54.99197
0.83060 55.01782
0.83061 55.04285
0.83062 55.06705
0.83063 55.09041
0.83064 55.11290
0.83064 55.13451
0.83065 55.15523
0.83066 55.17505
0.83067 55.19397
0.83068 55.21197
0.83068 55.22905
0.83069 55.24520
0.83070 55.26041
0.83071 55.27467
0.83072 55.28796
0.83072 55.30029
0.83073 55.31165
0.83074 55.32202
0.83075 55.33140
0.83076 55.33978
0.83076 55.34715
0.83077 55.35352
0.83078 55.35890
0.83079 55.36328
0.83080 55.36667
0.83080 55.36905
0.83081 55.37044
0.83082 55.37082
0.83083 55.37022
0.83084 55.36864
0.83084 55.36610
0.83085 55.36263
0.83086 55.35822
0.83087 55.35290
0.83088 55.34670
0.83088 55.33963
0.83089 55.33170
0.83090 55.32292
0.83091 55.31333
0.83092 55.30293
0.83092 55.29177
0.83093 55.27988
0.83094 55.26733
0.83095 55.25419
0.83096 55.24050
0.83096 55.22633
0.83097 55.21172
0.83098 55.19674
0.83099 55.18144
0.83100 55.16586
0.83100 55.15006
0.83101 55.13409
0.83102 55.11799
0.83103 55.10179
0.83104 55.08554
0.83104 55.06927
0.83105 55.05303
0.83106 55.03685
0.83107 55.02077
0.83108 55.00482
0.83108 54.98905
0.83109 54.97347
0.83110 54.95813
0.83111 54.94306
0.83112 54.92829
0.83112 54.91385
0.83113 54.89975
0.83114 54.88603
0.83115 54.87273
0.83116 54.85987
0.83116 54.84746
0.83117 54.83553
0.83118 54.82409
0.83119 54.81317
0.83120 54.80281
0.83120 54.79300
0.83121 54.78379
0.83122 54.77518
0.83123 54.76719
0.83124 54.75985
0.83124 54.75315
0.83125 54.74705
0.83126 54.74155
0.83127 54.73663
0.83128 54.73226
0.83128 54.72843
0.83129 54.72513
0.83130 54.72233
0.83131 54.72003
0.83132 54.71822
0.83132 54.71689
0.83133 54.71601
0.83134 54.71556
0.83135 54.71553
0.83136 54.71589
0.83136 54.71661
0.83137 54.71767
0.83138 54.71905
0.83139 54.72073
0.83140 54.72269
0.83140 54.72491
0.83141 54.72737
0.83142 54.73004
0.83143 54.73291
0.83144 54.73592
0.83144 54.73903
0.83145 54.74221
0.83146 54.74542
0.83147 54.74860
0.83148 54.75172
0.83148 54.75473
0.83149 54.75760
0.83150 54.76029
0.83151 54.76276
0.83152 54.76498
0.83152 54.76691
0.83153 54.76855
0.83154 54.76986
0.83155 54.77082
0.83156 54.77139
0.83156 54.77156
0.83157 54.77129
0.83158 54.77055
0.83159 54.76932
0.83160 54.76757
0.83160 54.76528
0.83161 54.76242
0.83162 54.75896
0.83163 54.75490
0.83164 54.75020
0.83164 54.74485
0.83165 54.73882
0.83166 54.73209
0.83167 54.72463
0.83168 54.71643
0.83168 54.70747
0.83169 54.69773
0.83170 54.68718
0.83171 54.67580
0.83172 54.66358
0.83172 54.65049
0.83173 54.63652
0.83174 54.62165
0.83175 54.60594
0.83176 54.58944
0.83176 54.57220
0.83177 54.55426
0.83178 54.53567
0.83179 54.51646
0.83180 54.49667
0.83180 54.47635
0.83181 54.45552
0.83182 54.43422
0.83183 54.41247
0.83184 54.39031
0.83184 54.36776
0.83185 54.34488
0.83186 54.32169
0.83187 54.29823
0.83188 54.27453
0.83188 54.25062
0.83189 54.22654
0.83190 54.20230
0.83191 54.17795
0.83192 54.15351
0.83192 54.12901
0.83193 54.10448
0.83194 54.07994
0.83195 54.05542
0.83196 54.03095
0.83196 54.00656
0.83197 53.98227
0.83198 53.95812
0.83199 53.93411
0.83200 53.91029
0.83200 53.88668
0.83201 53.86330
0.83202 53.84016
0.83203 53.81730
0.83204 53.79473
0.83204 53.77245
0.83205 53.75048
0.83206 53.72885
0.83207 53.70757
0.83208 53.68663
0.83208 53.66604
0.83209 53.64582
0.83210 53.62597
0.83211 53.60648
0.83212 53.58737
0.83212 53.56863
0.83213 53.55026
0.83214 53.53226
0.83215 53.51465
0.83216 53.49743
0.83216 53.48060
0.83217 53.46418
0.83218 53.44819
0.83219 53.43262
0.83220 53.41749
0.83220 53.40281
0.83221 53.38858
0.83222 53.37480
0.83223 53.36148
0.83224 53.34863
0.83224 53.33624
0.83225 53.32431
0.83226 53.31278
0.83227 53.30164
0.83228 53.29088
0.83228 53.28049
0.83229 53.27045
0.83230 53.26075
0.83231 53.25137
0.83232 53.24230
0.83232 53.23354
0.83233 53.22506
0.83234 53.21686
0.83235 53.20893
0.83236 53.20127
0.83236 53.19385
0.83237 53.18667
0.83238 53.17971
0.83239 53.17297
0.83240 53.16643
0.83240 53.16010
0.83241 53.15395
0.83242 53.14799
0.83243 53.14221
0.83244 53.13659
0.83244 53.13114
0.83245 53.12584
0.83246 53.12069
0.83247 53.11568
0.83248 53.11080
0.83248 53.10604
0.83249 53.10139
0.83250 53.09685
0.83251 53.09240
0.83252 53.08804
0.83252 53.08375
0.83253 53.07954
0.83254 53.07538
0.83255 53.07129
0.83256 53.06724
0.83256 53.06325
0.83257 53.05933
0.83258 53.05549
0.83259 53.05176
0.83260 53.04816
0.83260 53.04471
0.83261 53.04142
0.83262 53.03833
0.83263 53.03543
0.83264 53.03276
0.83264 53.03033
0.83265 53.02816
0.83266 53.02626
0.83267 53.02464
0.83268 53.02332
0.83268 53.02229
0.83269 53.02157
0.83270 53.02116
0.83271 53.02108
0.83272 53.02136
0.83272 53.02201
0.83273 53.02304
0.83274 53.02446
0.83275 53.02629
0.83276 53.02853
0.83276 53.03120
0.83277 53.03432
0.83278 53.03788
0.83279 53.04188
0.83280 53.04632
0.83280 53.05120
0.83281 53.05655
0.83282 53.06235
0.83283 53.06863
0.83284 53.07537
0.83284 53.08259
0.83285 53.09029
0.83286 53.09845
0.83287 53.10708
0.83288 53.11618
0.83288 53.12575
0.83289 53.13578
0.83290 53.14625
0.83291 53.15715
0.83292 53.16845
0.83292 53.18013
0.83293 53.19217
0.83294 53.20456
0.83295 53.21728
0.83296 53.23031
0.83296 53.24363
0.83297 53.25723
0.83298 53.27109
0.83299 53.28519
0.83300 53.29953
0.83300 53.31409
0.83301 53.32887
0.83302 53.34385
0.83303 53.35903
0.83304 53.37439
0.83304 53.38992
0.83305 53.40560
0.83306 53.42143
0.83307 53.43739
0.83308 53.45346
0.83308 53.46961
0.83309 53.48583
0.83310 53.50208
0.83311 53.51836
0.83312 53.53462
0.83312 53.55085
0.83313 53.56701
0.83314 53.58305
0.83315 53.59897
0.83316 53.61471
0.83316 53.63024
0.83317 53.64551
0.83318 53.66050
0.83319 53.67517
0.83320 53.68950
0.83320 53.70343
0.83321 53.71693
0.83322 53.72995
0.83323 53.74246
0.83324 53.75442
0.83324 53.76580
0.83325 53.77655
0.83326 53.78664
0.83327 53.79604
0.83328 53.80471
0.83328 53.81261
0.83329 53.81972
0.83330 53.82602
0.83331 53.83147
0.83332 53.83606
0.83332 53.83976
0.83333 53.84253
0.83334 53.84434
0.83335 53.84517
0.83336 53.84499
0.83336 53.84376
0.83337 53.84147
0.83338 53.83808
0.83339 53.83358
0.83340 53.82796
0.83340 53.82123
0.83341 53.81339
0.83342 53.80447
0.83343 53.79448
0.83344 53.78342
0.83344 53.77130
0.83345 53.75814
0.83346 53.74395
0.83347 53.72875
0.83348 53.71255
0.83348 53.69534
0.83349 53.67715
0.83350 53.65797
0.83351 53.63780
0.83352 53.61666
0.83352 53.59454
0.83353 53.57148
0.83354 53.54749
0.83355 53.52257
0.83356 53.49674
0.83356 53.47001
0.83357 53.44238
0.83358 53.41388
0.83359 53.38451
0.83360 53.35428
0.83360 53.32321
0.83361 53.29131
0.83362 53.25860
0.83363 53.22509
0.83364 53.19085
0.83364 53.15591
0.83365 53.12029
0.83366 53.08406
0.83367 53.04726
0.83368 53.00996
0.83368 52.97217
0.83369 52.93397
0.83370 52.89540
0.83371 52.85651
0.83372 52.81736
0.83372 52.77801
0.83373 52.73850
0.83374 52.69889
0.83375 52.65922
0.83376 52.61955
0.83376 52.57994
0.83377 52.54043
0.83378 52.50108
0.83379 52.46192
0.83380 52.42301
0.83380 52.38437
0.83381 52.34604
0.83382 52.30806
0.83383 52.27045
0.83384 52.23327
0.83384 52.19656
0.83385 52.16037
0.83386 52.12473
0.83387 52.08970
0.83388 52.05532
0.83388 52.02164
0.83389 51.98870
0.83390 51.95653
0.83391 51.92516
0.83392 51.89461
0.83392 51.86491
0.83393 51.83608
0.83394 51.80814
0.83395 51.78111
0.83396 51.75502
0.83396 51.72988
0.83397 51.70571
0.83398 51.68255
0.83399 51.66040
0.83400 51.63930
0.83400 51.61928
0.83401 51.60036
0.83402 51.58256
0.83403 51.56589
0.83404 51.55037
0.83404 51.53599
0.83405 51.52277
0.83406 51.51072
0.83407 51.49986
0.83408 51.49019
0.83408 51.48172
0.83409 51.47443
0.83410 51.46834
0.83411 51.46343
0.83412 51.45972
0.83412 51.45720
0.83413 51.45587
0.83414 51.45571
0.83415 51.45671
0.83416 51.45885
0.83416 51.46211
0.83417 51.46647
0.83418 51.47190
0.83419 51.47841
0.83420 51.48598
0.83420 51.49457
0.83421 51.50416
0.83422 51.51474
0.83423 51.52628
0.83424 51.53876
0.83424 51.55216
0.83425 51.56646
0.83426 51.58163
0.83427 51.59765
0.83428 51.61450
0.83428 51.63214
0.83429 51.65058
0.83430 51.66977
0.83431 51.68972
0.83432 51.71041
0.83432 51.73183
0.83433 51.75395
0.83434 51.77676
0.83435 51.80024
0.83436 51.82438
0.83436 51.84916
0.83437 51.87455
0.83438 51.90052
0.83439 51.92705
0.83440 51.95412
0.83440 51.98172
0.83441 52.00981
0.83442 52.03837
0.83443 52.06740
0.83444 52.09687
0.83444 52.12678
0.83445 52.15709
0.83446 52.18780
0.83447 52.21889
0.83448 52.25035
0.83448 52.28216
0.83449 52.31430
0.83450 52.34675
0.83451 52.37950
0.83452 52.41252
0.83452 52.44579
0.83453 52.47930
0.83454 52.51304
0.83455 52.54699
0.83456 52.58112
0.83456 52.61537
0.83457 52.64971
0.83458 52.68407
0.83459 52.71844
0.83460 52.75278
0.83460 52.78706
0.83461 52.82126
0.83462 52.85534
0.83463 52.88927
0.83464 52.92303
0.83464 52.95658
0.83465 52.98989
0.83466 53.02295
0.83467 53.05575
0.83468 53.08825
0.83468 53.12045
0.83469 53.15230
0.83470 53.18379
0.83471 53.21488
0.83472 53.24554
0.83472 53.27576
0.83473 53.30550
0.83474 53.33476
0.83475 53.36350
0.83476 53.39172
0.83476 53.41938
0.83477 53.44646
0.83478 53.47294
0.83479 53.49880
0.83480 53.52403
0.83480 53.54860
0.83481 53.57250
0.83482 53.59571
0.83483 53.61821
0.83484 53.63999
0.83484 53.66103
0.83485 53.68131
0.83486 53.70079
0.83487 53.71946
0.83488 53.73732
0.83488 53.75436
0.83489 53.77055
0.83490 53.78590
0.83491 53.80038
0.83492 53.81399
0.83492 53.82672
0.83493 53.83855
0.83494 53.84947
0.83495 53.85947
0.83496 53.86854
0.83496 53.87665
0.83497 53.88379
0.83498 53.88994
0.83499 53.89507
0.83500 53.89919
0.83500 53.90226
0.83501 53.90430
0.83502 53.90529
0.83503 53.90522
0.83504 53.90410
0.83504 53.90192
0.83505 53.89869
0.83506 53.89443
0.83507 53.88921
0.83508 53.88311
0.83508 53.87620
0.83509 53.86854
0.83510 53.86018
0.83511 53.85118
0.83512 53.84159
0.83512 53.83145
0.83513 53.82081
0.83514 53.80972
0.83515 53.79822
0.83516 53.78635
0.83516 53.77414
0.83517 53.76160
0.83518 53.74876
0.83519 53.73565
0.83520 53.72230
0.83520 53.70877
0.83521 53.69508
0.83522 53.68127
0.83523 53.66738
0.83524 53.65344
0.83524 53.63949
0.83525 53.62555
0.83526 53.61163
0.83527 53.59780
0.83528 53.58407
0.83528 53.57047
0.83529 53.55704
0.83530 53.54380
0.83531 53.53078
0.83532 53.51800
0.83532 53.50549
0.83533 53.49327
0.83534 53.48134
0.83535 53.46976
0.83536 53.45854
0.83536 53.44772
0.83537 53.43732
0.83538 53.42736
0.83539 53.41786
0.83540 53.40885
0.83540 53.40033
0.83541 53.39234
0.83542 53.38488
0.83543 53.37797
0.83544 53.37161
0.83544 53.36584
0.83545 53.36066
0.83546 53.35609
0.83547 53.35215
0.83548 53.34886
0.83548 53.34624
0.83549 53.34432
0.83550 53.34310
0.83551 53.34261
0.83552 53.34284
0.83552 53.34382
0.83553 53.34552
0.83554 53.34795
0.83555 53.35109
0.83556 53.35493
0.83556 53.35943
0.83557 53.36455
0.83558 53.37025
0.83559 53.37650
0.83560 53.38323
0.83560 53.39042
0.83561 53.39804
0.83562 53.40604
0.83563 53.41438
0.83564 53.42304
0.83564 53.43197
0.83565 53.44115
0.83566 53.45056
0.83567 53.46019
0.83568 53.47002
0.83568 53.48004
0.83569 53.49023
0.83570 53.50057
0.83571 53.51104
0.83572 53.52161
0.83572 53.53227
0.83573 53.54300
0.83574 53.55377
0.83575 53.56457
0.83576 53.57538
0.83576 53.58619
0.83577 53.59696
0.83578 53.60768
0.83579 53.61834
0.83580 53.62892
0.83580 53.63939
0.83581 53.64975
0.83582 53.65998
0.83583 53.67006
0.83584 53.68000
0.83584 53.68976
0.83585 53.69934
0.83586 53.70871
0.83587 53.71787
0.83588 53.72679
0.83588 53.73547
0.83589 53.74387
0.83590 53.75201
0.83591 53.75985
0.83592 53.76739
0.83592 53.77461
0.83593 53.78151
0.83594 53.78809
0.83595 53.79431
0.83596 53.80017
0.83596 53.80567
0.83597 53.81079
0.83598 53.81552
0.83599 53.81985
0.83600 53.82377
0.83600 53.82728
0.83601 53.83036
0.83602 53.83301
0.83603 53.83522
0.83604 53.83702
0.83604 53.83842
0.83605 53.83948
0.83606 53.84022
0.83607 53.84067
0.83608 53.84085
0.83608 53.84079
0.83609 53.84050
0.83610 53.84002
0.83611 53.83936
0.83612 53.83855
0.83612 53.83760
0.83613 53.83655
0.83614 53.83542
0.83615 53.83423
0.83616 53.83302
0.83616 53.83180
0.83617 53.83060
0.83618 53.82944
0.83619 53.82833
0.83620 53.82730
0.83620 53.82638
0.83621 53.82558
0.83622 53.82492
0.83623 53.82443
0.83624 53.82411
0.83624 53.82399
0.83625 53.82409
0.83626 53.82443
0.83627 53.82503
0.83628 53.82592
0.83628 53.82711
0.83629 53.82861
0.83630 53.83045
0.83631 53.83265
0.83632 53.83522
0.83632 53.83818
0.83633 53.84153
0.83634 53.84532
0.83635 53.84954
0.83636 53.85422
0.83636 53.85936
0.83637 53.86497
0.83638 53.87107
0.83639 53.87767
0.83640 53.88478
0.83640 53.89241
0.83641 53.90056
0.83642 53.90927
0.83643 53.91853
0.83644 53.92838
0.83644 53.93881
0.83645 53.94984
0.83646 53.96150
0.83647 53.97377
0.83648 53.98667
0.83648 54.00022
0.83649 54.01443
0.83650 54.02929
0.83651 54.04482
0.83652 54.06103
0.83652 54.07792
0.83653 54.09550
0.83654 54.11376
0.83655 54.13269
0.83656 54.15226
0.83656 54.17248
0.83657 54.19332
0.83658 54.21477
0.83659 54.23681
0.83660 54.25945
0.83660 54.28266
0.83661 54.30643
0.83662 54.33076
0.83663 54.35563
0.83664 54.38104
0.83664 54.40699
0.83665 54.43345
0.83666 54.46040
0.83667 54.48785
0.83668 54.51576
0.83668 54.54413
0.83669 54.57293
0.83670 54.60215
0.83671 54.63178
0.83672 54.66176
0.83672 54.69206
0.83673 54.72267
0.83674 54.75353
0.83675 54.78463
0.83676 54.81592
0.83676 54.84738
0.83677 54.87898
0.83678 54.91069
0.83679 54.94248
0.83680 54.97432
0.83680 55.00618
0.83681 55.03803
0.83682 55.06986
0.83683 55.10164
0.83684 55.13333
0.83684 55.16491
0.83685 55.19634
0.83686 55.22758
0.83687 55.25861
0.83688 55.28938
0.83688 55.31986
0.83689 55.35000
0.83690 55.37977
0.83691 55.40915
0.83692 55.43810
0.83692 55.46658
0.83693 55.49457
0.83694 55.52203
0.83695 55.54892
0.83696 55.57522
0.83696 55.60089
0.83697 55.62593
0.83698 55.65028
0.83699 55.67394
0.83700 55.69685
0.83700 55.71902
0.83701 55.74041
0.83702 55.76100
0.83703 55.78077
0.83704 55.79969
0.83704 55.81776
0.83705 55.83494
0.83706 55.85123
0.83707 55.86660
0.83708 55.88104
0.83708 55.89454
0.83709 55.90708
0.83710 55.91864
0.83711 55.92920
0.83712 55.93875
0.83712 55.94726
0.83713 55.95472
0.83714 55.96111
0.83715 55.96641
0.83716 55.97060
0.83716 55.97368
0.83717 55.97563
0.83718 55.97643
0.83719 55.97609
0.83720 55.97458
0.83720 55.97191
0.83721 55.96809
0.83722 55.96315
0.83723 55.95712
0.83724 55.95002
0.83724 55.94187
0.83725 55.93272
0.83726 55.92258
0.83727 55.91148
0.83728 55.89946
0.83728 55.88651
0.83729 55.87267
0.83730 55.85797
0.83731 55.84241
0.83732 55.82604
0.83732 55.80886
0.83733 55.79088
0.83734 55.77214
0.83735 55.75267
0.83736 55.73250
0.83736 55.71168
0.83737 55.69025
0.83738 55.66829
0.83739 55.64586
0.83740 55.62302
0.83740 55.59981
0.83741 55.57628
0.83742 55.55247
0.83743 55.52843
0.83744 55.50420
0.83744 55.47982
0.83745 55.45533
0.83746 55.43077
0.83747 55.40618
0.83748 55.38158
0.83748 55.35704
0.83749 55.33258
0.83750 55.30825
0.83751 55.28407
0.83752 55.26007
0.83752 55.23629
0.83753 55.21276
0.83754 55.18951
0.83755 55.16656
0.83756 55.14394
0.83756 55.12167
0.83757 55.09979
0.83758 55.07831
0.83759 55.05727
0.83760 55.03668
0.83760 55.01657
0.83761 54.99697
0.83762 54.97791
0.83763 54.95942
0.83764 54.94152
0.83764 54.92423
0.83765 54.90757
0.83766 54.89157
0.83767 54.87626
0.83768 54.86165
0.83768 54.84776
0.83769 54.83462
0.83770 54.82223
0.83771 54.81062
0.83772 54.79977
0.83772 54.78968
0.83773 54.78036
0.83774 54.77180
0.83775 54.76401
0.83776 54.75699
0.83776 54.75073
0.83777 54.74523
0.83778 54.74049
0.83779 54.73650
0.83780 54.73328
0.83780 54.73082
0.83781 54.72912
0.83782 54.72818
0.83783 54.72800
0.83784 54.72859
0.83784 54.72993
0.83785 54.73203
0.83786 54.73488
0.83787 54.73846
0.83788 54.74275
0.83788 54.74773
0.83789 54.75336
0.83790 54.75963
0.83791 54.76652
0.83792 54.77400
0.83792 54.78208
0.83793 54.79072
0.83794 54.79992
0.83795 54.80966
0.83796 54.81993
0.83796 54.83070
0.83797 54.84196
0.83798 54.85371
0.83799 54.86593
0.83800 54.87859
0.83800 54.89169
0.83801 54.90522
0.83802 54.91916
0.83803 54.93351
0.83804 54.94826
0.83804 54.96340
0.83805 54.97892
0.83806 54.99483
0.83807 55.01110
0.83808 55.02774
0.83808 55.04473
0.83809 55.06206
0.83810 55.07972
0.83811 55.09771
0.83812 55.11601
0.83812 55.13462
0.83813 55.15352
0.83814 55.17272
0.83815 55.19220
0.83816 55.21196
0.83816 55.23200
0.83817 55.25230
0.83818 55.27287
0.83819 55.29368
0.83820 55.31472
0.83820 55.33600
0.83821 55.35751
0.83822 55.37925
0.83823 55.40124
0.83824 55.42345
0.83824 55.44587
0.83825 55.46851
0.83826 55.49134
0.83827 55.51435
0.83828 55.53753
0.83828 55.56088
0.83829 55.58437
0.83830 55.60799
0.83831 55.63173
0.83832 55.65557
0.83832 55.67951
0.83833 55.70354
0.83834 55.72763
0.83835 55.75180
0.83836 55.77602
0.83836 55.80029
0.83837 55.82459
0.83838 55.84892
0.83839 55.87327
0.83840 55.89764
0.83840 55.92201
0.83841 55.94638
0.83842 55.97075
0.83843 55.99510
0.83844 56.01942
0.83844 56.04373
0.83845 56.06800
0.83846 56.09224
0.83847 56.11643
0.83848 56.14058
0.83848 56.16467
0.83849 56.18870
0.83850 56.21267
0.83851 56.23656
0.83852 56.26037
0.83852 56.28406
0.83853 56.30761
0.83854 56.33099
0.83855 56.35415
0.83856 56.37705
0.83856 56.39967
0.83857 56.42198
0.83858 56.44395
0.83859 56.46555
0.83860 56.48676
0.83860 56.50756
0.83861 56.52792
0.83862 56.54782
0.83863 56.56723
0.83864 56.58613
0.83864 56.60449
0.83865 56.62228
0.83866 56.63950
0.83867 56.65611
0.83868 56.67210
0.83868 56.68743
0.83869 56.70209
0.83870 56.71606
0.83871 56.72932
0.83872 56.74186
0.83872 56.75364
0.83873 56.76464
0.83874 56.77486
0.83875 56.78426
0.83876 56.79284
0.83876 56.80060
0.83877 56.80752
0.83878 56.81363
0.83879 56.81891
0.83880 56.82337
0.83880 56.82701
0.83881 56.82984
0.83882 56.83185
0.83883 56.83304
0.83884 56.83343
0.83884 56.83300
0.83885 56.83176
0.83886 56.82971
0.83887 56.82685
0.83888 56.82318
0.83888 56.81871
0.83889 56.81343
0.83890 56.80734
0.83891 56.80046
0.83892 56.79277
0.83892 56.78429
0.83893 56.77502
0.83894 56.76495
0.83895 56.75408
0.83896 56.74241
0.83896 56.72995
0.83897 56.71669
0.83898 56.70264
0.83899 56.68780
0.83900 56.67217
0.83900 56.65575
0.83901 56.63855
0.83902 56.62059
0.83903 56.60192
0.83904 56.58258
0.83904 56.56264
0.83905 56.54215
0.83906 56.52118
0.83907 56.49977
0.83908 56.47799
0.83908 56.45587
0.83909 56.43347
0.83910 56.41083
0.83911 56.38800
0.83912 56.36503
0.83912 56.34195
0.83913 56.31881
0.83914 56.29566
0.83915 56.27253
0.83916 56.24945
0.83916 56.22648
0.83917 56.20364
0.83918 56.18096
0.83919 56.15848
0.83920 56.13625
0.83920 56.11430
0.83921 56.09266
0.83922 56.07138
0.83923 56.05049
0.83924 56.03001
0.83924 56.01000
0.83925 55.99048
0.83926 55.97148
0.83927 55.95302
0.83928 55.93512
0.83928 55.91781
0.83929 55.90110
0.83930 55.88499
0.83931 55.86949
0.83932 55.85458
0.83932 55.84027
0.83933 55.82656
0.83934 55.81344
0.83935 55.80091
0.83936 55.78895
0.83936 55.77756
0.83937 55.76673
0.83938 55.75645
0.83939 55.74672
0.83940 55.73754
0.83940 55.72889
0.83941 55.72076
0.83942 55.71315
0.83943 55.70604
0.83944 55.69943
0.83944 55.69333
0.83945 55.68773
0.83946 55.68264
0.83947 55.67804
0.83948 55.67394
0.83948 55.67033
0.83949 55.66722
0.83950 55.66460
0.83951 55.66247
0.83952 55.66081
0.83952 55.65962
0.83953 55.65887
0.83954 55.65853
0.83955 55.65859
0.83956 55.65900
0.83956 55.65975
0.83957 55.66079
0.83958 55.66212
0.83959 55.66370
0.83960 55.66550
0.83960 55.66750
0.83961 55.66967
0.83962 55.67199
0.83963 55.67443
0.83964 55.67697
0.83964 55.67958
0.83965 55.68225
0.83966 55.68496
0.83967 55.68769
0.83968 55.69041
0.83968 55.69313
0.83969 55.69582
0.83970 55.69846
0.83971 55.70104
0.83972 55.70353
0.83972 55.70590
0.83973 55.70815
0.83974 55.71024
0.83975 55.71216
0.83976 55.71389
0.83976 55.71541
0.83977 55.71672
0.83978 55.71780
0.83979 55.71862
0.83980 55.71919
0.83980 55.71949
0.83981 55.71956
0.83982 55.71943
0.83983 55.71912
0.83984 55.71867
0.83984 55.71811
0.83985 55.71747
0.83986 55.71678
0.83987 55.71607
0.83988 55.71539
0.83988 55.71476
0.83989 55.71420
0.83990 55.71375
0.83991 55.71343
0.83992 55.71328
0.83992 55.71333
0.83993 55.71360
0.83994 55.71410
0.83995 55.71488
0.83996 55.71594
0.83996 55.71732
0.83997 55.71902
0.83998 55.72107
0.83999 55.72348
0.84000 55.72627
0.84000 55.72947
0.84001 55.73309
0.84002 55.73715
0.84003 55.74166
0.84004 55.74664
0.84004 55.75210
0.84005 55.75805
0.84006 55.76452
0.84007 55.77150
0.84008 55.77902
0.84008 55.78709
0.84009 55.79571
0.84010 55.80491
0.84011 55.81469
0.84012 55.82507
0.84012 55.83607
0.84013 55.84771
0.84014 55.85999
0.84015 55.87292
0.84016 55.88652
0.84016 55.90079
0.84017 55.91575
0.84018 55.93140
0.84019 55.94775
0.84020 55.96481
0.84020 55.98256
0.84021 56.00103
0.84022 56.02021
0.84023 56.04013
0.84024 56.06078
0.84024 56.08218
0.84025 56.10432
0.84026 56.12721
0.84027 56.15085
0.84028 56.17524
0.84028 56.20037
0.84029 56.22625
0.84030 56.25286
0.84031 56.28022
0.84032 56.30830
0.84032 56.33707
0.84033 56.36651
0.84034 56.39659
0.84035 56.42728
0.84036 56.45854
0.84036 56.49038
0.84037 56.52275
0.84038 56.55564
0.84039 56.58902
0.84040 56.62288
0.84040 56.65719
0.84041 56.69192
0.84042 56.72707
0.84043 56.76260
0.84044 56.79850
0.84044 56.83475
0.84045 56.87133
0.84046 56.90821
0.84047 56.94538
0.84048 56.98281
0.84048 57.02047
0.84049 57.05833
0.84050 57.09635
0.84051 57.13451
0.84052 57.17278
0.84052 57.21114
0.84053 57.24956
0.84054 57.28802
0.84055 57.32649
0.84056 57.36495
0.84056 57.40336
0.84057 57.44171
0.84058 57.47997
0.84059 57.51810
0.84060 57.55611
0.84060 57.59395
0.84061 57.63160
0.84062 57.66906
0.84063 57.70627
0.84064 57.74324
0.84064 57.77992
0.84065 57.81632
0.84066 57.85241
0.84067 57.88819
0.84068 57.92361
0.84068 57.95868
0.84069 57.99337
0.84070 58.02766
0.84071 58.06154
0.84072 58.09500
0.84072 58.12801
0.84073 58.16054
0.84074 58.19259
0.84075 58.22415
0.84076 58.25520
0.84076 58.28573
0.84077 58.31572
0.84078 58.34515
0.84079 58.37402
0.84080 58.40232
0.84080 58.43004
0.84081 58.45714
0.84082 58.48362
0.84083 58.50947
0.84084 58.53467
0.84084 58.55923
0.84085 58.58314
0.84086 58.60639
0.84087 58.62897
0.84088 58.65086
0.84088 58.67206
0.84089 58.69256
0.84090 58.71235
0.84091 58.73141
0.84092 58.74976
0.84092 58.76737
0.84093 58.78425
0.84094 58.80038
0.84095 58.81576
0.84096 58.83037
0.84096 58.84423
0.84097 58.85732
0.84098 58.86966
0.84099 58.88128
0.84100 58.89220
0.84100 58.90246
0.84101 58.91207
0.84102 58.92104
0.84103 58.92941
0.84104 58.93718
0.84104 58.94439
0.84105 58.95104
0.84106 58.95717
0.84107 58.96280
0.84108 58.96794
0.84108 58.97262
0.84109 58.97686
0.84110 58.98067
0.84111 58.98408
0.84112 58.98711
0.84112 58.98976
0.84113 58.99207
0.84114 58.99404
0.84115 58.99570
0.84116 58.99705
0.84116 58.99811
0.84117 58.99889
0.84118 58.99940
0.84119 58.99966
0.84120 58.99969
0.84120 58.99951
0.84121 58.99913
0.84122 58.99860
0.84123 58.99793
0.84124 58.99714
0.84124 58.99626
0.84125 58.99529
0.84126 58.99427
0.84127 58.99322
0.84128 58.99216
0.84128 58.99115
0.84129 58.99019
0.84130 58.98933
0.84131 58.98859
0.84132 58.98802
0.84132 58.98763
0.84133 58.98746
0.84134 58.98755
0.84135 58.98790
0.84136 58.98856
0.84136 58.98952
0.84137 58.99083
0.84138 58.99249
0.84139 58.99454
0.84140 58.99700
0.84140 58.99989
0.84141 59.00323
0.84142 59.00703
0.84143 59.01132
0.84144 59.01610
0.84144 59.02141
0.84145 59.02726
0.84146 59.03366
0.84147 59.04064
0.84148 59.04821
0.84148 59.05638
0.84149 59.06513
0.84150 59.07448
0.84151 59.08440
0.84152 59.09490
0.84152 59.10597
0.84153 59.11762
0.84154 59.12983
0.84155 59.14259
0.84156 59.15590
0.84156 59.16975
0.84157 59.18413
0.84158 59.19904
0.84159 59.21446
0.84160 59.23039
0.84160 59.24683
0.84161 59.26376
0.84162 59.28118
0.84163 59.29908
0.84164 59.31747
0.84164 59.33633
0.84165 59.35567
0.84166 59.37547
0.84167 59.39574
0.84168 59.41647
0.84168 59.43765
0.84169 59.45930
0.84170 59.48140
0.84171 59.50394
0.84172 59.52692
0.84172 59.55032
0.84173 59.57411
0.84174 59.59825
0.84175 59.62268
0.84176 59.64737
0.84176 59.67225
0.84177 59.69729
0.84178 59.72242
0.84179 59.74759
0.84180 59.77276
0.84180 59.79787
0.84181 59.82286
0.84182 59.84771
0.84183 59.87236
0.84184 59.89678
0.84184 59.92093
0.84185 59.94476
0.84186 59.96824
0.84187 59.99135
0.84188 60.01403
0.84188 60.03627
0.84189 60.05802
0.84190 60.07925
0.84191 60.09993
0.84192 60.12002
0.84192 60.13950
0.84193 60.15835
0.84194 60.17653
0.84195 60.19403
0.84196 60.21082
0.84196 60.22685
0.84197 60.24212
0.84198 60.25660
0.84199 60.27026
0.84200 60.28308
0.84200 60.29504
0.84201 60.30614
0.84202 60.31634
0.84203 60.32565
0.84204 60.33404
0.84204 60.34150
0.84205 60.34803
0.84206 60.35361
0.84207 60.35823
0.84208 60.36188
0.84208 60.36456
0.84209 60.36626
0.84210 60.36696
0.84211 60.36666
0.84212 60.36535
0.84212 60.36303
0.84213 60.35967
0.84214 60.35528
0.84215 60.34983
0.84216 60.34330
0.84216 60.33570
0.84217 60.32699
0.84218 60.31719
0.84219 60.30626
0.84220 60.29421
0.84220 60.28101
0.84221 60.26665
0.84222 60.25112
0.84223 60.23442
0.84224 60.21657
0.84224 60.19764
0.84225 60.17770
0.84226 60.15683
0.84227 60.13508
0.84228 60.11252
0.84228 60.08922
0.84229 60.06524
0.84230 60.04063
0.84231 60.01545
0.84232 59.98978
0.84232 59.96364
0.84233 59.93708
0.84234 59.91016
0.84235 59.88291
0.84236 59.85537
0.84236 59.82759
0.84237 59.79961
0.84238 59.77147
0.84239 59.74321
0.84240 59.71486
0.84240 59.68647
0.84241 59.65806
0.84242 59.62966
0.84243 59.60131
0.84244 59.57304
0.84244 59.54489
0.84245 59.51687
0.84246 59.48903
0.84247 59.46138
0.84248 59.43397
0.84248 59.40681
0.84249 59.37994
0.84250 59.35338
0.84251 59.32715
0.84252 59.30128
0.84252 59.27580
0.84253 59.25072
0.84254 59.22607
0.84255 59.20186
0.84256 59.17813
0.84256 59.15490
0.84257 59.13218
0.84258 59.11000
0.84259 59.08839
0.84260 59.06735
0.84260 59.04690
0.84261 59.02706
0.84262 59.00784
0.84263 58.98927
0.84264 58.97135
0.84264 58.95413
0.84265 58.93762
0.84266 58.92184
0.84267 58.90684
0.84268 58.89261
0.84268 58.87919
0.84269 58.86659
0.84270 58.85483
0.84271 58.84393
0.84272 58.83391
0.84272 58.82477
0.84273 58.81655
0.84274 58.80924
0.84275 58.80282
0.84276 58.79726
0.84276 58.79254
0.84277 58.78865
0.84278 58.78555
0.84279 58.78323
0.84280 58.78167
0.84280 58.78086
0.84281 58.78077
0.84282 58.78140
0.84283 58.78272
0.84284 58.78472
0.84284 58.78738
0.84285 58.79070
0.84286 58.79466
0.84287 58.79925
0.84288 58.80447
0.84288 58.81029
0.84289 58.81670
0.84290 58.82369
0.84291 58.83125
0.84292 58.83938
0.84292 58.84808
0.84293 58.85733
0.84294 58.86712
0.84295 58.87746
0.84296 58.88832
0.84296 58.89971
0.84297 58.91161
0.84298 58.92401
0.84299 58.93691
0.84300 58.95028
0.84300 58.96412
0.84301 58.97844
0.84302 58.99321
0.84303 59.00842
0.84304 59.02407
0.84304 59.04015
0.84305 59.05664
0.84306 59.07352
0.84307 59.09075
0.84308 59.10829
0.84308 59.12611
0.84309 59.14417
0.84310 59.16245
0.84311 59.18092
0.84312 59.19955
0.84312 59.21831
0.84313 59.23718
0.84314 59.25612
0.84315 59.27511
0.84316 59.29410
0.84316 59.31308
0.84317 59.33201
0.84318 59.35087
0.84319 59.36964
0.84320 59.38828
0.84320 59.40678
0.84321 59.42512
0.84322 59.44326
0.84323 59.46118
0.84324 59.47885
0.84324 59.49624
0.84325 59.51332
0.84326 59.53006
0.84327 59.54644
0.84328 59.56243
0.84328 59.57801
0.84329 59.59316
0.84330 59.60786
0.84331 59.62208
0.84332 59.63579
0.84332 59.64899
0.84333 59.66163
0.84334 59.67370
0.84335 59.68519
0.84336 59.69607
0.84336 59.70631
0.84337 59.71591
0.84338 59.72485
0.84339 59.73312
0.84340 59.74070
0.84340 59.74760
0.84341 59.75379
0.84342 59.75926
0.84343 59.76400
0.84344 59.76798
0.84344 59.77120
0.84345 59.77364
0.84346 59.77528
0.84347 59.77612
0.84348 59.77614
0.84348 59.77533
0.84349 59.77369
0.84350 59.77120
0.84351 59.76786
0.84352 59.76364
0.84352 59.75856
0.84353 59.75259
0.84354 59.74572
0.84355 59.73796
0.84356 59.72932
0.84356 59.71981
0.84357 59.70949
0.84358 59.69840
0.84359 59.68658
0.84360 59.67408
0.84360 59.66094
0.84361 59.64719
0.84362 59.63288
0.84363 59.61803
0.84364 59.60270
0.84364 59.58690
0.84365 59.57069
0.84366 59.55410
0.84367 59.53716
0.84368 59.51990
0.84368 59.50235
0.84369 59.48453
0.84370 59.46649
0.84371 59.44825
0.84372 59.42986
0.84372 59.41137
0.84373 59.39280
0.84374 59.37419
0.84375 59.35559
0.84376 59.33704
0.84376 59.31858
0.84377 59.30025
0.84378 59.28209
0.84379 59.26412
0.84380 59.24639
0.84380 59.22892
0.84381 59.21174
0.84382 59.19488
0.84383 59.17837
0.84384 59.16224
0.84384 59.14653
0.84385 59.13125
0.84386 59.11645
0.84387 59.10215
0.84388 59.08837
0.84388 59.07514
0.84389 59.06246
0.84390 59.05037
0.84391 59.03887
0.84392 59.02799
0.84392 59.01775
0.84393 59.00816
0.84394 58.99926
0.84395 58.99105
0.84396 58.98355
0.84396 58.97678
0.84397 58.97075
0.84398 58.96547
0.84399 58.96096
0.84400 58.95725
0.84400 58.95436
0.84401 58.95229
0.84402 58.95107
0.84403 58.95069
0.84404 58.95118
0.84404 58.95254
0.84405 58.95479
0.84406 58.95792
0.84407 58.96194
0.84408 58.96682
0.84408 58.97254
0.84409 58.97907
0.84410 58.98637
0.84411 58.99441
0.84412 59.00315
0.84412 59.01257
0.84413 59.02265
0.84414 59.03334
0.84415 59.04462
0.84416 59.05648
0.84416 59.06888
0.84417 59.08181
0.84418 59.09524
0.84419 59.10915
0.84420 59.12352
0.84420 59.13831
0.84421 59.15352
0.84422 59.16909
0.84423 59.18502
0.84424 59.20127
0.84424 59.21782
0.84425 59.23465
0.84426 59.25174
0.84427 59.26907
0.84428 59.28660
0.84428 59.30432
0.84429 59.32219
0.84430 59.34019
0.84431 59.35830
0.84432 59.37652
0.84432 59.39483
0.84433 59.41321
0.84434 59.43165
0.84435 59.45013
0.84436 59.46864
0.84436 59.48716
0.84437 59.50566
0.84438 59.52413
0.84439 59.54257
0.84440 59.56095
0.84440 59.57926
0.84441 59.59749
0.84442 59.61563
0.84443 59.63365
0.84444 59.65155
0.84444 59.66933
0.84445 59.68697
0.84446 59.70446
0.84447 59.72179
0.84448 59.73896
0.84448 59.75597
0.84449 59.77280
0.84450 59.78943
0.84451 59.80584
0.84452 59.82203
0.84452 59.83799
0.84453 59.85372
0.84454 59.86920
0.84455 59.88444
0.84456 59.89942
0.84456 59.91415
0.84457 59.92860
0.84458 59.94278
0.84459 59.95669
0.84460 59.97036
0.84460 59.98383
0.84461 59.99712
0.84462 60.01028
0.84463 60.02331
0.84464 60.03625
0.84464 60.04912
0.84465 60.06194
0.84466 60.07473
0.84467 60.08748
0.84468 60.10023
0.84468 60.11300
0.84469 60.12579
0.84470 60.13863
0.84471 60.15154
0.84472 60.16452
0.84472 60.17761
0.84473 60.19080
0.84474 60.20411
0.84475 60.21757
0.84476 60.23116
0.84476 60.24490
0.84477 60.25879
0.84478 60.27286
0.84479 60.28711
0.84480 60.30156
0.84480 60.31623
0.84481 60.33111
0.84482 60.34622
0.84483 60.36156
0.84484 60.37712
0.84484 60.39291
0.84485 60.40895
0.84486 60.42523
0.84487 60.44178
0.84488 60.45861
0.84488 60.47572
0.84489 60.49311
0.84490 60.51079
0.84491 60.52878
0.84492 60.54707
0.84492 60.56566
0.84493 60.58453
0.84494 60.60366
0.84495 60.62302
0.84496 60.64259
0.84496 60.66234
0.84497 60.68226
0.84498 60.70231
0.84499 60.72246
0.84500 60.74270
0.84500 60.76300
0.84501 60.78333
0.84502 60.80369
0.84503 60.82405
0.84504 60.84439
0.84504 60.86469
0.84505 60.88492
0.84506 60.90508
0.84507 60.92515
0.84508 60.94511
0.84508 60.96494
0.84509 60.98462
0.84510 61.00411
0.84511 61.02339
0.84512 61.04243
0.84512 61.06120
0.84513 61.07966
0.84514 61.09780
0.84515 61.11558
0.84516 61.13299
0.84516 61.15000
0.84517 61.16661
0.84518 61.18278
0.84519 61.19850
0.84520 61.21374
0.84520 61.22850
0.84521 61.24274
0.84522 61.25645
0.84523 61.26962
0.84524 61.28222
0.84524 61.29424
0.84525 61.30566
0.84526 61.31647
0.84527 61.32667
0.84528 61.33624
0.84528 61.34515
0.84529 61.35340
0.84530 61.36097
0.84531 61.36784
0.84532 61.37400
0.84532 61.37944
0.84533 61.38416
0.84534 61.38814
0.84535 61.39137
0.84536 61.39385
0.84536 61.39555
0.84537 61.39646
0.84538 61.39658
0.84539 61.39588
0.84540 61.39435
0.84540 61.39199
0.84541 61.38878
0.84542 61.38470
0.84543 61.37979
0.84544 61.37407
0.84544 61.36758
0.84545 61.36037
0.84546 61.35246
0.84547 61.34391
0.84548 61.33476
0.84548 61.32504
0.84549 61.31478
0.84550 61.30403
0.84551 61.29282
0.84552 61.28116
0.84552 61.26906
0.84553 61.25654
0.84554 61.24360
0.84555 61.23026
0.84556 61.21653
0.84556 61.20243
0.84557 61.18796
0.84558 61.17314
0.84559 61.15798
0.84560 61.14250
0.84560 61.12669
0.84561 61.11057
0.84562 61.09413
0.84563 61.07739
0.84564 61.06035
0.84564 61.04301
0.84565 61.02538
0.84566 61.00746
0.84567 60.98925
0.84568 60.97077
0.84568 60.95200
0.84569 60.93297
0.84570 60.91366
0.84571 60.89410
0.84572 60.87428
0.84572 60.85423
0.84573 60.83394
0.84574 60.81343
0.84575 60.79269
0.84576 60.77173
0.84576 60.75054
0.84577 60.72915
0.84578 60.70754
0.84579 60.68573
0.84580 60.66372
0.84580 60.64154
0.84581 60.61917
0.84582 60.59663
0.84583 60.57393
0.84584 60.55106
0.84584 60.52804
0.84585 60.50486
0.84586 60.48154
0.84587 60.45808
0.84588 60.43449
0.84588 60.41077
0.84589 60.38693
0.84590 60.36298
0.84591 60.33893
0.84592 60.31478
0.84592 60.29053
0.84593 60.26619
0.84594 60.24172
0.84595 60.21710
0.84596 60.19232
0.84596 60.16737
0.84597 60.14225
0.84598 60.11692
0.84599 60.09141
0.84600 60.06571
0.84600 60.03982
0.84601 60.01377
0.84602 59.98760
0.84603 59.96133
0.84604 59.93501
0.84604 59.90866
0.84605 59.88233
0.84606 59.85602
0.84607 59.82976
0.84608 59.80357
0.84608 59.77747
0.84609 59.75150
0.84610 59.72567
0.84611 59.70000
0.84612 59.67453
0.84612 59.64927
0.84613 59.62424
0.84614 59.59948
0.84615 59.57499
0.84616 59.55081
0.84616 59.52695
0.84617 59.50345
0.84618 59.48032
0.84619 59.45757
0.84620 59.43524
0.84620 59.41331
0.84621 59.39182
0.84622 59.37076
0.84623 59.35015
0.84624 59.33001
0.84624 59.31033
0.84625 59.29114
0.84626 59.27246
0.84627 59.25430
0.84628 59.23667
0.84628 59.21959
0.84629 59.20306
0.84630 59.18711
0.84631 59.17173
0.84632 59.15693
0.84632 59.14272
0.84633 59.12912
0.84634 59.11611
0.84635 59.10372
0.84636 59.09194
0.84636 59.08079
0.84637 59.07026
0.84638 59.06037
0.84639 59.05112
0.84640 59.04252
0.84640 59.03459
0.84641 59.02732
0.84642 59.02073
0.84643 59.01482
0.84644 59.00961
0.84644 59.00512
0.84645 59.00135
0.84646 58.99832
0.84647 58.99602
0.84648 58.99445
0.84648 58.99362
0.84649 58.99351
0.84650 58.99412
0.84651 58.99544
0.84652 58.99745
0.84652 59.00014
0.84653 59.00345
0.84654 59.00737
0.84655 59.01185
0.84656 59.01686
0.84656 59.02240
0.84657 59.02846
0.84658 59.03501
0.84659 59.04204
0.84660 59.04952
0.84660 59.05743
0.84661 59.06576
0.84662 59.07446
0.84663 59.08351
0.84664 59.09288
0.84664 59.10254
0.84665 59.11244
0.84666 59.12257
0.84667 59.13289
0.84668 59.14337
0.84668 59.15398
0.84669 59.16470
0.84670 59.17549
0.84671 59.18633
0.84672 59.19721
0.84672 59.20810
0.84673 59.21898
0.84674 59.22982
0.84675 59.24061
0.84676 59.25131
0.84676 59.26191
0.84677 59.27239
0.84678 59.28270
0.84679 59.29282
0.84680 59.30270
0.84680 59.31232
0.84681 59.32165
0.84682 59.33065
0.84683 59.33931
0.84684 59.34758
0.84684 59.35547
0.84685 59.36295
0.84686 59.37000
0.84687 59.37659
0.84688 59.38271
0.84688 59.38834
0.84689 59.39346
0.84690 59.39804
0.84691 59.40205
0.84692 59.40546
0.84692 59.40827
0.84693 59.41044
0.84694 59.41196
0.84695 59.41280
0.84696 59.41291
0.84696 59.41231
0.84697 59.41097
0.84698 59.40888
0.84699 59.40602
0.84700 59.40237
0.84700 59.39792
0.84701 59.39264
0.84702 59.38654
0.84703 59.37962
0.84704 59.37186
0.84704 59.36329
0.84705 59.35391
0.84706 59.34375
0.84707 59.33279
0.84708 59.32105
0.84708 59.30853
0.84709 59.29522
0.84710 59.28114
0.84711 59.26629
0.84712 59.25071
0.84712 59.23442
0.84713 59.21743
0.84714 59.19979
0.84715 59.18154
0.84716 59.16272
0.84716 59.14335
0.84717 59.12345
0.84718 59.10304
0.84719 59.08214
0.84720 59.06077
0.84720 59.03897
0.84721 59.01676
0.84722 58.99414
0.84723 58.97114
0.84724 58.94778
0.84724 58.92410
0.84725 58.90011
0.84726 58.87582
0.84727 58.85125
0.84728 58.82641
0.84728 58.80134
0.84729 58.77610
0.84730 58.75072
0.84731 58.72525
0.84732 58.69971
0.84732 58.67415
0.84733 58.64861
0.84734 58.62311
0.84735 58.59767
0.84736 58.57232
0.84736 58.54709
0.84737 58.52201
0.84738 58.49711
0.84739 58.47241
0.84740 58.44792
0.84740 58.42370
0.84741 58.39977
0.84742 58.37617
0.84743 58.35290
0.84744 58.33000
0.84744 58.30748
0.84745 58.28539
0.84746 58.26374
0.84747 58.24254
0.84748 58.22178
0.84748 58.20149
0.84749 58.18166
0.84750 58.16234
0.84751 58.14353
0.84752 58.12524
0.84752 58.10746
0.84753 58.09022
0.84754 58.07353
0.84755 58.05738
0.84756 58.04179
0.84756 58.02674
0.84757 58.01222
0.84758 57.99823
0.84759 57.98478
0.84760 57.97188
0.84760 57.95953
0.84761 57.94770
0.84762 57.93639
0.84763 57.92560
0.84764 57.91532
0.84764 57.90556
0.84765 57.89627
0.84766 57.88743
0.84767 57.87904
0.84768 57.87110
0.84768 57.86364
0.84769 57.85666
0.84770 57.85016
0.84771 57.84412
0.84772 57.83853
0.84772 57.83342
0.84773 57.82877
0.84774 57.82457
0.84775 57.82081
0.84776 57.81747
0.84776 57.81458
0.84777 57.81215
0.84778 57.81016
0.84779 57.80860
0.84780 57.80744
0.84780 57.80666
0.84781 57.80626
0.84782 57.80623
0.84783 57.80654
0.84784 57.80717
0.84784 57.80809
0.84785 57.80928
0.84786 57.81072
0.84787 57.81237
0.84788 57.81418
0.84788 57.81612
0.84789 57.81814
0.84790 57.82022
0.84791 57.82232
0.84792 57.82439
0.84792 57.82640
0.84793 57.82831
0.84794 57.83010
0.84795 57.83175
0.84796 57.83324
0.84796 57.83452
0.84797 57.83561
0.84798 57.83648
0.84799 57.83712
0.84800 57.83754
0.84800 57.83771
0.84801 57.83761
0.84802 57.83723
0.84803 57.83655
0.84804 57.83556
0.84804 57.83423
0.84805 57.83254
0.84806 57.83048
0.84807 57.82803
0.84808 57.82520
0.84808 57.82196
0.84809 57.81830
0.84810 57.81418
0.84811 57.80961
0.84812 57.80459
0.84812 57.79910
0.84813 57.79313
0.84814 57.78665
0.84815 57.77966
0.84816 57.77215
0.84816 57.76413
0.84817 57.75559
0.84818 57.74652
0.84819 57.73688
0.84820 57.72666
0.84820 57.71586
0.84821 57.70448
0.84822 57.69252
0.84823 57.67997
0.84824 57.66682
0.84824 57.65307
0.84825 57.63874
0.84826 57.62383
0.84827 57.60832
0.84828 57.59220
0.84828 57.57546
0.84829 57.55811
0.84830 57.54018
0.84831 57.52166
0.84832 57.50253
0.84832 57.48278
0.84833 57.46241
0.84834 57.44146
0.84835 57.41993
0.84836 57.39786
0.84836 57.37530
0.84837 57.35228
0.84838 57.32884
0.84839 57.30504
0.84840 57.28092
0.84840 57.25654
0.84841 57.23192
0.84842 57.20714
0.84843 57.18222
0.84844 57.15721
0.84844 57.13214
0.84845 57.10705
0.84846 57.08196
0.84847 57.05691
0.84848 57.03193
0.84848 57.00705
0.84849 56.98230
0.84850 56.95771
0.84851 56.93329
0.84852 56.90908
0.84852 56.88510
0.84853 56.86139
0.84854 56.83797
0.84855 56.81488
0.84856 56.79213
0.84856 56.76974
0.84857 56.74775
0.84858 56.72617
0.84859 56.70503
0.84860 56.68436
0.84860 56.66417
0.84861 56.64450
0.84862 56.62534
0.84863 56.60671
0.84864 56.58865
0.84864 56.57116
0.84865 56.55425
0.84866 56.53794
0.84867 56.52224
0.84868 56.50715
0.84868 56.49268
0.84869 56.47886
0.84870 56.46569
0.84871 56.45319
0.84872 56.44136
0.84872 56.43022
0.84873 56.41977
0.84874 56.41002
0.84875 56.40097
0.84876 56.39261
0.84876 56.38494
0.84877 56.37796
0.84878 56.37169
0.84879 56.36612
0.84880 56.36125
0.84880 56.35707
0.84881 56.35360
0.84882 56.35085
0.84883 56.34884
0.84884 56.34757
0.84884 56.34706
0.84885 56.34729
0.84886 56.34824
0.84887 56.34990
0.84888 56.35226
0.84888 56.35531
0.84889 56.35904
0.84890 56.36345
0.84891 56.36852
0.84892 56.37423
0.84892 56.38058
0.84893 56.38755
0.84894 56.39513
0.84895 56.40331
0.84896 56.41208
0.84896 56.42143
0.84897 56.43134
0.84898 56.44181
0.84899 56.45283
0.84900 56.46439
0.84900 56.47646
0.84901 56.48904
0.84902 56.50212
0.84903 56.51569
0.84904 56.52974
0.84904 56.54425
0.84905 56.55921
0.84906 56.57462
0.84907 56.59046
0.84908 56.60673
0.84908 56.62343
0.84909 56.64052
0.84910 56.65803
0.84911 56.67592
0.84912 56.69421
0.84912 56.71289
0.84913 56.73196
0.84914 56.75140
0.84915 56.77123
0.84916 56.79143
0.84916 56.81201
0.84917 56.83298
0.84918 56.85431
0.84919 56.87602
0.84920 56.89810
0.84920 56.92053
0.84921 56.94331
0.84922 56.96643
0.84923 56.98989
0.84924 57.01367
0.84924 57.03778
0.84925 57.06220
0.84926 57.08696
0.84927 57.11206
0.84928 57.13749
0.84928 57.16328
0.84929 57.18941
0.84930 57.21589
0.84931 57.24273
0.84932 57.26992
0.84932 57.29743
0.84933 57.32526
0.84934 57.35337
0.84935 57.38174
0.84936 57.41037
0.84936 57.43924
0.84937 57.46834
0.84938 57.49765
0.84939 57.52714
0.84940 57.55679
0.84940 57.58659
0.84941 57.61651
0.84942 57.64653
0.84943 57.67664
0.84944 57.70683
0.84944 57.73708
0.84945 57.76737
0.84946 57.79770
0.84947 57.82806
0.84948 57.85841
0.84948 57.88876
0.84949 57.91908
0.84950 57.94937
0.84951 57.97961
0.84952 58.00978
0.84952 58.03988
0.84953 58.06989
0.84954 58.09980
0.84955 58.12960
0.84956 58.15927
0.84956 58.18879
0.84957 58.21813
0.84958 58.24725
0.84959 58.27612
0.84960 58.30469
0.84960 58.33293
0.84961 58.36081
0.84962 58.38828
0.84963 58.41531
0.84964 58.44185
0.84964 58.46788
0.84965 58.49334
0.84966 58.51820
0.84967 58.54242
0.84968 58.56595
0.84968 58.58876
0.84969 58.61080
0.84970 58.63203
0.84971 58.65243
0.84972 58.67195
0.84972 58.69056
0.84973 58.70822
0.84974 58.72491
0.84975 58.74057
0.84976 58.75519
0.84976 58.76872
0.84977 58.78110
0.84978 58.79230
0.84979 58.80227
0.84980 58.81096
0.84980 58.81832
0.84981 58.82428
0.84982 58.82881
0.84983 58.83186
0.84984 58.83340
0.84984 58.83341
0.84985 58.83187
0.84986 58.82874
0.84987 58.82400
0.84988 58.81761
0.84988 58.80955
0.84989 58.79979
0.84990 58.78829
0.84991 58.77504
0.84992 58.75999
0.84992 58.74311
0.84993 58.72439
0.84994 58.70379
0.84995 58.68126
0.84996 58.65678
0.84996 58.63031
0.84997 58.60183
0.84998 58.57131
0.84999 58.53870
0.85000 58.50399
0.85000 58.46715
0.85001 58.42813
0.85002 58.38692
0.85003 58.34350
0.85004 58.29782
0.85004 58.24987
0.85005 58.19960
0.85006 58.14701
0.85007 58.09210
0.85008 58.03489
0.85008 57.97538
0.85009 57.91361
0.85010 57.84960
0.85011 57.78337
0.85012 57.71493
0.85012 57.64431
0.85013 57.57153
0.85014 57.49661
0.85015 57.41958
0.85016 57.34046
0.85016 57.25928
0.85017 57.17606
0.85018 57.09084
0.85019 57.00363
0.85020 56.91446
0.85020 56.82338
0.85021 56.73039
0.85022 56.63554
0.85023 56.53885
0.85024 56.44033
0.85024 56.34003
0.85025 56.23796
0.85026 56.13415
0.85027 56.02864
0.85028 55.92146
0.85028 55.81265
0.85029 55.70223
0.85030 55.59027
0.85031 55.47681
0.85032 55.36191
0.85032 55.24566
0.85033 55.12810
0.85034 55.00930
0.85035 54.88929
0.85036 54.76814
0.85036 54.64590
0.85037 54.52261
0.85038 54.39834
0.85039 54.27314
0.85040 54.14706
0.85040 54.02017
0.85041 53.89252
0.85042 53.76416
0.85043 53.63514
0.85044 53.50552
0.85044 53.37535
0.85045 53.24468
0.85046 53.11358
0.85047 52.98208
0.85048 52.85025
0.85048 52.71813
0.85049 52.58577
0.85050 52.45323
0.85051 52.32057
0.85052 52.18784
0.85052 52.05508
0.85053 51.92236
0.85054 51.78971
0.85055 51.65720
0.85056 51.52488
0.85056 51.39278
0.85057 51.26094
0.85058 51.12939
0.85059 50.99816
0.85060 50.86726
0.85060 50.73673
0.85061 50.60657
0.85062 50.47683
0.85063 50.34753
0.85064 50.21869
0.85064 50.09033
0.85065 49.96248
0.85066 49.83515
0.85067 49.70837
0.85068 49.58216
0.85068 49.45654
0.85069 49.33153
0.85070 49.20715
0.85071 49.08341
0.85072 48.96034
0.85072 48.83796
0.85073 48.71627
0.85074 48.59531
0.85075 48.47508
0.85076 48.35560
0.85076 48.23690
0.85077 48.11899
0.85078 48.00188
0.85079 47.88558
0.85080 47.77011
0.85080 47.65547
0.85081 47.54168
0.85082 47.42871
0.85083 47.31658
0.85084 47.20527
0.85084 47.09478
0.85085 46.98511
0.85086 46.87625
0.85087 46.76819
0.85088 46.66092
0.85088 46.55445
0.85089 46.44876
0.85090 46.34383
0.85091 46.23968
0.85092 46.13628
0.85092 46.03365
0.85093 45.93176
0.85094 45.83062
0.85095 45.73021
0.85096 45.63054
0.85096 45.53159
0.85097 45.43336
0.85098 45.33585
0.85099 45.23904
0.85100 45.14294
0.85100 45.04752
0.85101 44.95279
0.85102 44.85872
0.85103 44.76532
0.85104 44.67256
0.85104 44.58044
0.85105 44.48895
0.85106 44.39809
0.85107 44.30783
0.85108 44.21817
0.85108 44.12910
0.85109 44.04060
0.85110 43.95266
0.85111 43.86528
0.85112 43.77843
0.85112 43.69212
0.85113 43.60632
0.85114 43.52104
0.85115 43.43625
0.85116 43.35195
0.85116 43.26814
0.85117 43.18479
0.85118 43.10189
0.85119 43.01944
0.85120 42.93740
0.85120 42.85578
0.85121 42.77454
0.85122 42.69368
0.85123 42.61320
0.85124 42.53307
0.85124 42.45330
0.85125 42.37386
0.85126 42.29474
0.85127 42.21593
0.85128 42.13743
0.85128 42.05921
0.85129 41.98127
0.85130 41.90360
0.85131 41.82618
0.85132 41.74900
0.85132 41.67205
0.85133 41.59530
0.85134 41.51876
0.85135 41.44241
0.85136 41.36625
0.85136 41.29025
0.85137 41.21442
0.85138 41.13874
0.85139 41.06320
0.85140 40.98780
0.85140 40.91252
0.85141 40.83736
0.85142 40.76230
0.85143 40.68733
0.85144 40.61243
0.85144 40.53760
0.85145 40.46283
0.85146 40.38810
0.85147 40.31340
0.85148 40.23873
0.85148 40.16406
0.85149 40.08940
0.85150 40.01472
0.85151 39.94003
0.85152 39.86532
0.85152 39.79057
0.85153 39.71578
0.85154 39.64094
0.85155 39.56607
0.85156 39.49115
0.85156 39.41617
0.85157 39.34113
0.85158 39.26602
0.85159 39.19082
0.85160 39.11554
0.85160 39.04016
0.85161 38.96468
0.85162 38.88909
0.85163 38.81339
0.85164 38.73757
0.85164 38.66163
0.85165 38.58556
0.85166 38.50935
0.85167 38.43298
0.85168 38.35647
0.85168 38.27982
0.85169 38.20302
0.85170 38.12607
0.85171 38.04899
0.85172 37.97176
0.85172 37.89439
0.85173 37.81686
0.85174 37.73917
0.85175 37.66132
0.85176 37.58331
0.85176 37.50511
0.85177 37.42675
0.85178 37.34820
0.85179 37.26947
0.85180 37.19055
0.85180 37.11144
0.85181 37.03215
0.85182 36.95265
0.85183 36.87296
0.85184 36.79307
0.85184 36.71298
0.85185 36.63267
0.85186 36.55215
0.85187 36.47141
0.85188 36.39044
0.85188 36.30925
0.85189 36.22783
0.85190 36.14618
0.85191 36.06428
0.85192 35.98215
0.85192 35.89978
0.85193 35.81717
0.85194 35.73433
0.85195 35.65126
0.85196 35.56796
0.85196 35.48443
0.85197 35.40068
0.85198 35.31671
0.85199 35.23253
0.85200 35.14814
0.85200 35.06355
0.85201 34.97874
0.85202 34.89374
0.85203 34.80852
0.85204 34.72310
0.85204 34.63748
0.85205 34.55163
0.85206 34.46556
0.85207 34.37926
0.85208 34.29275
0.85208 34.20604
0.85209 34.11912
0.85210 34.03202
0.85211 33.94474
0.85212 33.85728
0.85212 33.76965
0.85213 33.68186
0.85214 33.59391
0.85215 33.50581
0.85216 33.41757
0.85216 33.32919
0.85217 33.24069
0.85218 33.15207
0.85219 33.06332
0.85220 32.97446
0.85220 32.88549
0.85221 32.79643
0.85222 32.70727
0.85223 32.61805
0.85224 32.52875
0.85224 32.43941
0.85225 32.35002
0.85226 32.26059
0.85227 32.17114
0.85228 32.08168
0.85228 31.99221
0.85229 31.90274
0.85230 31.81328
0.85231 31.72384
0.85232 31.63443
0.85232 31.54506
0.85233 31.45574
0.85234 31.36648
0.85235 31.27729
0.85236 31.18817
0.85236 31.09914
0.85237 31.01020
0.85238 30.92138
0.85239 30.83267
0.85240 30.74408
0.85240 30.65563
0.85241 30.56732
0.85242 30.47915
0.85243 30.39115
0.85244 30.30332
0.85244 30.21566
0.85245 30.12817
0.85246 30.04087
0.85247 29.95375
0.85248 29.86683
0.85248 29.78011
0.85249 29.69358
0.85250 29.60725
0.85251 29.52113
0.85252 29.43522
0.85252 29.34954
0.85253 29.26408
0.85254 29.17886
0.85255 29.09387
0.85256 29.00912
0.85256 28.92461
0.85257 28.84035
0.85258 28.75635
0.85259 28.67260
0.85260 28.58912
0.85260 28.50589
0.85261 28.42293
0.85262 28.34022
0.85263 28.25778
0.85264 28.17560
0.85264 28.09369
0.85265 28.01203
0.85266 27.93064
0.85267 27.84952
0.85268 27.76866
0.85268 27.68807
0.85269 27.60775
0.85270 27.52770
0.85271 27.44791
0.85272 27.36839
0.85272 27.28912
0.85273 27.21010
0.85274 27.13133
0.85275 27.05281
0.85276 26.97454
0.85276 26.89653
0.85277 26.81876
0.85278 26.74123
0.85279 26.66394
0.85280 26.58689
0.85280 26.51008
0.85281 26.43350
0.85282 26.35715
0.85283 26.28103
0.85284 26.20514
0.85284 26.12947
0.85285 26.05402
0.85286 25.97880
0.85287 25.90381
0.85288 25.82904
0.85288 25.75449
0.85289 25.68016
0.85290 25.60604
0.85291 25.53215
0.85292 25.45848
0.85292 25.38503
0.85293 25.31180
0.85294 25.23879
0.85295 25.16601
0.85296 25.09344
0.85296 25.02109
0.85297 24.94895
0.85298 24.87703
0.85299 24.80533
0.85300 24.73384
0.85300 24.66257
0.85301 24.59151
0.85302 24.52067
0.85303 24.45004
0.85304 24.37962
0.85304 24.30943
0.85305 24.23946
0.85306 24.16972
0.85307 24.10022
0.85308 24.03096
0.85308 23.96193
0.85309 23.89314
0.85310 23.82459
0.85311 23.75627
0.85312 23.68819
0.85312 23.62035
0.85313 23.55276
0.85314 23.48542
0.85315 23.41833
0.85316 23.35148
0.85316 23.28488
0.85317 23.21852
0.85318 23.15242
0.85319 23.08656
0.85320 23.02095
0.85320 22.95559
0.85321 22.89048
0.85322 22.82562
0.85323 22.76101
0.85324 22.69665
0.85324 22.63254
0.85325 22.56869
0.85326 22.50508
0.85327 22.44172
0.85328 22.37862
0.85328 22.31577
0.85329 22.25318
0.85330 22.19086
0.85331 22.12881
0.85332 22.06702
0.85332 22.00550
0.85333 21.94426
0.85334 21.88331
0.85335 21.82263
0.85336 21.76224
0.85336 21.70213
0.85337 21.64231
0.85338 21.58277
0.85339 21.52352
0.85340 21.46456
0.85340 21.40590
0.85341 21.34752
0.85342 21.28944
0.85343 21.23164
0.85344 21.17412
0.85344 21.11688
0.85345 21.05993
0.85346 21.00327
0.85347 20.94689
0.85348 20.89079
0.85348 20.83498
0.85349 20.77946
0.85350 20.72423
0.85351 20.66929
0.85352 20.61463
0.85352 20.56026
0.85353 20.50617
0.85354 20.45237
0.85355 20.39883
0.85356 20.34558
0.85356 20.29259
0.85357 20.23987
0.85358 20.18742
0.85359 20.13524
0.85360 20.08333
0.85360 20.03168
0.85361 19.98030
0.85362 19.92918
0.85363 19.87832
0.85364 19.82772
0.85364 19.77738
0.85365 19.72730
0.85366 19.67749
0.85367 19.62794
0.85368 19.57866
0.85368 19.52963
0.85369 19.48086
0.85370 19.43235
0.85371 19.38410
0.85372 19.33612
0.85372 19.28839
0.85373 19.24093
0.85374 19.19373
0.85375 19.14680
0.85376 19.10013
0.85376 19.05373
0.85377 19.00760
0.85378 18.96173
0.85379 18.91612
0.85380 18.87077
0.85380 18.82568
0.85381 18.78086
0.85382 18.73629
0.85383 18.69198
0.85384 18.64792
0.85384 18.60412
0.85385 18.56056
0.85386 18.51725
0.85387 18.47418
0.85388 18.43137
0.85388 18.38879
0.85389 18.34646
0.85390 18.30436
0.85391 18.26248
0.85392 18.22084
0.85392 18.17944
0.85393 18.13826
0.85394 18.09731
0.85395 18.05658
0.85396 18.01609
0.85396 17.97581
0.85397 17.93575
0.85398 17.89591
0.85399 17.85628
0.85400 17.81686
0.85400 17.77765
0.85401 17.73865
0.85402 17.69984
0.85403 17.66123
0.85404 17.62281
0.85404 17.58458
0.85405 17.54655
0.85406 17.50870
0.85407 17.47103
0.85408 17.43355
0.85408 17.39624
0.85409 17.35910
0.85410 17.32213
0.85411 17.28533
0.85412 17.24869
0.85412 17.21221
0.85413 17.17589
0.85414 17.13972
0.85415 17.10370
0.85416 17.06782
0.85416 17.03208
0.85417 16.99648
0.85418 16.96102
0.85419 16.92569
0.85420 16.89049
0.85420 16.85543
0.85421 16.82049
0.85422 16.78568
0.85423 16.75098
0.85424 16.71641
0.85424 16.68195
0.85425 16.64760
0.85426 16.61336
0.85427 16.57923
0.85428 16.54521
0.85428 16.51129
0.85429 16.47747
0.85430 16.44377
0.85431 16.41015
0.85432 16.37664
0.85432 16.34322
0.85433 16.30989
0.85434 16.27666
0.85435 16.24352
0.85436 16.21047
0.85436 16.17751
0.85437 16.14464
0.85438 16.11186
0.85439 16.07917
0.85440 16.04657
0.85440 16.01407
0.85441 15.98166
0.85442 15.94935
0.85443 15.91714
0.85444 15.88502
0.85444 15.85300
0.85445 15.82108
0.85446 15.78926
0.85447 15.75754
0.85448 15.72592
0.85448 15.69440
0.85449 15.66298
0.85450 15.63167
0.85451 15.60046
0.85452 15.56936
0.85452 15.53837
0.85453 15.50751
0.85454 15.47676
0.85455 15.44614
0.85456 15.41565
0.85456 15.38529
0.85457 15.35506
0.85458 15.32497
0.85459 15.29502
0.85460 15.26521
0.85460 15.23554
0.85461 15.20601
0.85462 15.17662
0.85463 15.14737
0.85464 15.11827
0.85464 15.08931
0.85465 15.06049
0.85466 15.03181
0.85467 15.00326
0.85468 14.97486
0.85468 14.94661
0.85469 14.91848
0.85470 14.89049
0.85471 14.86264
0.85472 14.83492
0.85472 14.80734
0.85473 14.77990
0.85474 14.75258
0.85475 14.72541
0.85476 14.69836
0.85476 14.67145
0.85477 14.64466
0.85478 14.61799
0.85479 14.59146
0.85480 14.56504
0.85480 14.53874
0.85481 14.51256
0.85482 14.48650
0.85483 14.46055
0.85484 14.43472
0.85484 14.40899
0.85485 14.38336
0.85486 14.35784
0.85487 14.33242
0.85488 14.30710
0.85488 14.28187
0.85489 14.25674
0.85490 14.23168
0.85491 14.20671
0.85492 14.18182
0.85492 14.15700
0.85493 14.13225
0.85494 14.10756
0.85495 14.08295
0.85496 14.05839
0.85496 14.03390
0.85497 14.00948
0.85498 13.98511
0.85499 13.96081
0.85500 13.93656
0.85500 13.91236
0.85501 13.88821
0.85502 13.86409
0.85503 13.84000
0.85504 13.81593
0.85504 13.79186
0.85505 13.76781
0.85506 13.74376
0.85507 13.71971
0.85508 13.69565
0.85508 13.67158
0.85509 13.64748
0.85510 13.62336
0.85511 13.59922
0.85512 13.57506
0.85512 13.55086
0.85513 13.52664
0.85514 13.50239
0.85515 13.47810
0.85516 13.45377
0.85516 13.42940
0.85517 13.40500
0.85518 13.38056
0.85519 13.35607
0.85520 13.33154
0.85520 13.30696
0.85521 13.28234
0.85522 13.25767
0.85523 13.23294
0.85524 13.20816
0.85524 13.18331
0.85525 13.15841
0.85526 13.13344
0.85527 13.10841
0.85528 13.08332
0.85528 13.05817
0.85529 13.03295
0.85530 13.00767
0.85531 12.98232
0.85532 12.95690
0.85532 12.93142
0.85533 12.90587
0.85534 12.88025
0.85535 12.85456
0.85536 12.82880
0.85536 12.80298
0.85537 12.77710
0.85538 12.75115
0.85539 12.72513
0.85540 12.69905
0.85540 12.67290
0.85541 12.64668
0.85542 12.62040
0.85543 12.59405
0.85544 12.56765
0.85544 12.54118
0.85545 12.51465
0.85546 12.48806
0.85547 12.46140
0.85548 12.43468
0.85548 12.40788
0.85549 12.38102
0.85550 12.35408
0.85551 12.32709
0.85552 12.30005
0.85552 12.27298
0.85553 12.24588
0.85554 12.21877
0.85555 12.19165
0.85556 12.16452
0.85556 12.13738
0.85557 12.11024
0.85558 12.08310
0.85559 12.05596
0.85560 12.02883
0.85560 12.00173
0.85561 11.97464
0.85562 11.94757
0.85563 11.92053
0.85564 11.89351
0.85564 11.86652
0.85565 11.83955
0.85566 11.81262
0.85567 11.78573
0.85568 11.75888
0.85568 11.73209
0.85569 11.70535
0.85570 11.67867
0.85571 11.65206
0.85572 11.62551
0.85572 11.59903
0.85573 11.57264
0.85574 11.54633
0.85575 11.52011
0.85576 11.49398
0.85576 11.46795
0.85577 11.44201
0.85578 11.41618
0.85579 11.39045
0.85580 11.36483
0.85580 11.33931
0.85581 11.31390
0.85582 11.28860
0.85583 11.26342
0.85584 11.23836
0.85584 11.21343
0.85585 11.18863
0.85586 11.16395
0.85587 11.13941
0.85588 11.11499
0.85588 11.09070
0.85589 11.06655
0.85590 11.04255
0.85591 11.01869
0.85592 10.99497
0.85592 10.97140
0.85593 10.94799
0.85594 10.92472
0.85595 10.90161
0.85596 10.87865
0.85596 10.85585
0.85597 10.83320
0.85598 10.81072
0.85599 10.78840
0.85600 10.76625
0.85600 10.74427
0.85601 10.72244
0.85602 10.70077
0.85603 10.67925
0.85604 10.65787
0.85604 10.63663
0.85605 10.61554
0.85606 10.59458
0.85607 10.57377
0.85608 10.55311
0.85608 10.53260
0.85609 10.51224
0.85610 10.49204
0.85611 10.47197
0.85612 10.45205
0.85612 10.43228
0.85613 10.41265
0.85614 10.39319
0.85615 10.37388
0.85616 10.35473
0.85616 10.33573
0.85617 10.31689
0.85618 10.29819
0.85619 10.27963
0.85620 10.26121
0.85620 10.24293
0.85621 10.22479
0.85622 10.20679
0.85623 10.18894
0.85624 10.17122
0.85624 10.15364
0.85625 10.13620
0.85626 10.11889
0.85627 10.10172
0.85628 10.08469
0.85628 10.06780
0.85629 10.05105
0.85630 10.03444
0.85631 10.01797
0.85632 10.00165
0.85632 9.98546
0.85633 9.96942
0.85634 9.95350
0.85635 9.93771
0.85636 9.92206
0.85636 9.90653
0.85637 9.89113
0.85638 9.87586
0.85639 9.86072
0.85640 9.84569
0.85640 9.83078
0.85641 9.81599
0.85642 9.80131
0.85643 9.78673
0.85644 9.77227
0.85644 9.75791
0.85645 9.74365
0.85646 9.72949
0.85647 9.71544
0.85648 9.70147
0.85648 9.68759
0.85649 9.67380
0.85650 9.66010
0.85651 9.64649
0.85652 9.63297
0.85652 9.61952
0.85653 9.60615
0.85654 9.59286
0.85655 9.57964
0.85656 9.56650
0.85656 9.55343
0.85657 9.54043
0.85658 9.52749
0.85659 9.51460
0.85660 9.50176
0.85660 9.48897
0.85661 9.47624
0.85662 9.46355
0.85663 9.45091
0.85664 9.43831
0.85664 9.42574
0.85665 9.41320
0.85666 9.40068
0.85667 9.38819
0.85668 9.37574
0.85668 9.36330
0.85669 9.35090
0.85670 9.33852
0.85671 9.32615
0.85672 9.31380
0.85672 9.30145
0.85673 9.28911
0.85674 9.27676
0.85675 9.26441
0.85676 9.25205
0.85676 9.23967
0.85677 9.22727
0.85678 9.21485
0.85679 9.20239
0.85680 9.18989
0.85680 9.17734
0.85681 9.16476
0.85682 9.15212
0.85683 9.13943
0.85684 9.12669
0.85684 9.11389
0.85685 9.10104
0.85686 9.08812
0.85687 9.07515
0.85688 9.06211
0.85688 9.04901
0.85689 9.03584
0.85690 9.02261
0.85691 9.00930
0.85692 8.99592
0.85692 8.98248
0.85693 8.96896
0.85694 8.95537
0.85695 8.94171
0.85696 8.92797
0.85696 8.91416
0.85697 8.90028
0.85698 8.88632
0.85699 8.87229
0.85700 8.85818
0.85700 8.84400
0.85701 8.82974
0.85702 8.81541
0.85703 8.80100
0.85704 8.78652
0.85704 8.77197
0.85705 8.75733
0.85706 8.74262
0.85707 8.72783
0.85708 8.71296
0.85708 8.69801
0.85709 8.68299
0.85710 8.66789
0.85711 8.65272
0.85712 8.63747
0.85712 8.62214
0.85713 8.60675
0.85714 8.59127
0.85715 8.57572
0.85716 8.56010
0.85716 8.54440
0.85717 8.52863
0.85718 8.51278
0.85719 8.49687
0.85720 8.48089
0.85720 8.46485
0.85721 8.44873
0.85722 8.43255
0.85723 8.41631
0.85724 8.40000
0.85724 8.38364
0.85725 8.36722
0.85726 8.35075
0.85727 8.33423
0.85728 8.31766
0.85728 8.30106
0.85729 8.28442
0.85730 8.26773
0.85731 8.25102
0.85732 8.23427
0.85732 8.21749
0.85733 8.20069
0.85734 8.18386
0.85735 8.16701
0.85736 8.15014
0.85736 8.13325
0.85737 8.11633
0.85738 8.09941
0.85739 8.08246
0.85740 8.06551
0.85740 8.04855
0.85741 8.03158
0.85742 8.01461
0.85743 7.99763
0.85744 7.98066
0.85744 7.96369
0.85745 7.94674
0.85746 7.92979
0.85747 7.91286
0.85748 7.89594
0.85748 7.87903
0.85749 7.86213
0.85750 7.84525
0.85751 7.82839
0.85752 7.81154
0.85752 7.79472
0.85753 7.77792
0.85754 7.76114
0.85755 7.74440
0.85756 7.72769
0.85756 7.71101
0.85757 7.69438
0.85758 7.67778
0.85759 7.66122
0.85760 7.64470
0.85760 7.62824
0.85761 7.61182
0.85762 7.59544
0.85763 7.57911
0.85764 7.56283
0.85764 7.54660
0.85765 7.53043
0.85766 7.51431
0.85767 7.49824
0.85768 7.48222
0.85768 7.46624
0.85769 7.45032
0.85770 7.43444
0.85771 7.41862
0.85772 7.40285
0.85772 7.38714
0.85773 7.37148
0.85774 7.35588
0.85775 7.34032
0.85776 7.32481
0.85776 7.30935
0.85777 7.29394
0.85778 7.27857
0.85779 7.26324
0.85780 7.24796
0.85780 7.23273
0.85781 7.21754
0.85782 7.20239
0.85783 7.18728
0.85784 7.17221
0.85784 7.15718
0.85785 7.14219
0.85786 7.12724
0.85787 7.11233
0.85788 7.09746
0.85788 7.08262
0.85789 7.06783
0.85790 7.05306
0.85791 7.03833
0.85792 7.02362
0.85792 7.00895
0.85793 6.99430
0.85794 6.97968
0.85795 6.96506
0.85796 6.95046
0.85796 6.93586
0.85797 6.92127
0.85798 6.90669
0.85799 6.89211
0.85800 6.87753
0.85800 6.86295
0.85801 6.84838
0.85802 6.83380
0.85803 6.81921
0.85804 6.80462
0.85804 6.79001
0.85805 6.77539
0.85806 6.76074
0.85807 6.74608
0.85808 6.73139
0.85808 6.71668
0.85809 6.70195
0.85810 6.68718
0.85811 6.67238
0.85812 6.65755
0.85812 6.64269
0.85813 6.62779
0.85814 6.61286
0.85815 6.59788
0.85816 6.58287
0.85816 6.56781
0.85817 6.55272
0.85818 6.53758
0.85819 6.52240
0.85820 6.50717
0.85820 6.49189
0.85821 6.47656
0.85822 6.46118
0.85823 6.44575
0.85824 6.43026
0.85824 6.41472
0.85825 6.39914
0.85826 6.38350
0.85827 6.36782
0.85828 6.35209
0.85828 6.33631
0.85829 6.32048
0.85830 6.30461
0.85831 6.28868
0.85832 6.27271
0.85832 6.25669
0.85833 6.24062
0.85834 6.22450
0.85835 6.20833
0.85836 6.19211
0.85836 6.17584
0.85837 6.15951
0.85838 6.14314
0.85839 6.12671
0.85840 6.11023
0.85840 6.09370
0.85841 6.07713
0.85842 6.06051
0.85843 6.04384
0.85844 6.02712
0.85844 6.01036
0.85845 5.99355
0.85846 5.97671
0.85847 5.95982
0.85848 5.94291
0.85848 5.92596
0.85849 5.90898
0.85850 5.89197
0.85851 5.87493
0.85852 5.85787
0.85852 5.84077
0.85853 5.82365
0.85854 5.80651
0.85855 5.78935
0.85856 5.77217
0.85856 5.75498
0.85857 5.73775
0.85858 5.72051
0.85859 5.70325
0.85860 5.68597
0.85860 5.66868
0.85861 5.65136
0.85862 5.63403
0.85863 5.61668
0.85864 5.59932
0.85864 5.58194
0.85865 5.56454
0.85866 5.54714
0.85867 5.52973
0.85868 5.51231
0.85868 5.49488
0.85869 5.47746
0.85870 5.46003
0.85871 5.44260
0.85872 5.42516
0.85872 5.40773
0.85873 5.39030
0.85874 5.37288
0.85875 5.35545
0.85876 5.33803
0.85876 5.32060
0.85877 5.30318
0.85878 5.28576
0.85879 5.26833
0.85880 5.25090
0.85880 5.23347
0.85881 5.21605
0.85882 5.19862
0.85883 5.18119
0.85884 5.16377
0.85884 5.14634
0.85885 5.12892
0.85886 5.11151
0.85887 5.09410
0.85888 5.07670
0.85888 5.05930
0.85889 5.04192
0.85890 5.02455
0.85891 5.00718
0.85892 4.98982
0.85892 4.97247
0.85893 4.95513
0.85894 4.93779
0.85895 4.92047
0.85896 4.90316
0.85896 4.88586
0.85897 4.86857
0.85898 4.85129
0.85899 4.83403
0.85900 4.81678
0.85900 4.79954
0.85901 4.78232
0.85902 4.76512
0.85903 4.74794
0.85904 4.73077
0.85904 4.71362
0.85905 4.69649
0.85906 4.67938
0.85907 4.66230
0.85908 4.64524
0.85908 4.62821
0.85909 4.61120
0.85910 4.59423
0.85911 4.57728
0.85912 4.56036
0.85912 4.54348
0.85913 4.52663
0.85914 4.50981
0.85915 4.49303
0.85916 4.47628
0.85916 4.45956
0.85917 4.44287
0.85918 4.42621
0.85919 4.40959
0.85920 4.39300
0.85920 4.37645
0.85921 4.35994
0.85922 4.34347
0.85923 4.32704
0.85924 4.31064
0.85924 4.29429
0.85925 4.27797
0.85926 4.26170
0.85927 4.24546
0.85928 4.22928
0.85928 4.21313
0.85929 4.19705
0.85930 4.18101
0.85931 4.16503
0.85932 4.14909
0.85932 4.13322
0.85933 4.11739
0.85934 4.10163
0.85935 4.08591
0.85936 4.07026
0.85936 4.05466
0.85937 4.03911
0.85938 4.02362
0.85939 4.00818
0.85940 3.99280
0.85940 3.97748
0.85941 3.96221
0.85942 3.94700
0.85943 3.93185
0.85944 3.91676
0.85944 3.90174
0.85945 3.88678
0.85946 3.87188
0.85947 3.85705
0.85948 3.84228
0.85948 3.82757
0.85949 3.81292
0.85950 3.79833
0.85951 3.78379
0.85952 3.76931
0.85952 3.75489
0.85953 3.74053
0.85954 3.72621
0.85955 3.71195
0.85956 3.69774
0.85956 3.68357
0.85957 3.66946
0.85958 3.65539
0.85959 3.64137
0.85960 3.62739
0.85960 3.61345
0.85961 3.59956
0.85962 3.58570
0.85963 3.57189
0.85964 3.55812
0.85964 3.54438
0.85965 3.53068
0.85966 3.51701
0.85967 3.50338
0.85968 3.48978
0.85968 3.47622
0.85969 3.46268
0.85970 3.44916
0.85971 3.43567
0.85972 3.42220
0.85972 3.40876
0.85973 3.39533
0.85974 3.38193
0.85975 3.36856
0.85976 3.35520
0.85976 3.34186
0.85977 3.32854
0.85978 3.31525
0.85979 3.30196
0.85980 3.28869
0.85980 3.27544
0.85981 3.26220
0.85982 3.24897
0.85983 3.23575
0.85984 3.22254
0.85984 3.20935
0.85985 3.19617
0.85986 3.18300
0.85987 3.16984
0.85988 3.15670
0.85988 3.14357
0.85989 3.13045
0.85990 3.11735
0.85991 3.10426
0.85992 3.09119
0.85992 3.07813
0.85993 3.06508
0.85994 3.05204
0.85995 3.03902
0.85996 3.02601
0.85996 3.01302
0.85997 3.00004
0.85998 2.98709
0.85999 2.97416
0.86000 2.96125
0.86000 2.94836
0.86001 2.93550
0.86002 2.92267
0.86003 2.90987
0.86004 2.89711
0.86004 2.88437
0.86005 2.87168
0.86006 2.85903
0.86007 2.84642
0.86008 2.83385
0.86008 2.82134
0.86009 2.80887
0.86010 2.79646
0.86011 2.78411
0.86012 2.77181
0.86012 2.75958
0.86013 2.74741
0.86014 2.73530
0.86015 2.72327
0.86016 2.71131
0.86016 2.69943
0.86017 2.68762
0.86018 2.67589
0.86019 2.66425
0.86020 2.65270
0.86020 2.64123
0.86021 2.62986
0.86022 2.61859
0.86023 2.60742
0.86024 2.59634
0.86024 2.58536
0.86025 2.57449
0.86026 2.56373
0.86027 2.55308
0.86028 2.54255
0.86028 2.53213
0.86029 2.52183
0.86030 2.51165
0.86031 2.50159
0.86032 2.49164
0.86032 2.48181
0.86033 2.47211
0.86034 2.46252
0.86035 2.45306
0.86036 2.44372
0.86036 2.43449
0.86037 2.42539
0.86038 2.41640
0.86039 2.40753
0.86040 2.39879
0.86040 2.39016
0.86041 2.38165
0.86042 2.37326
0.86043 2.36498
0.86044 2.35683
0.86044 2.34880
0.86045 2.34088
0.86046 2.33308
0.86047 2.32540
0.86048 2.31782
0.86048 2.31035
0.86049 2.30299
0.86050 2.29573
0.86051 2.28857
0.86052 2.28151
0.86052 2.27455
0.86053 2.26768
0.86054 2.26090
0.86055 2.25423
0.86056 2.24764
0.86056 2.24115
0.86057 2.23474
0.86058 2.22841
0.86059 2.22217
0.86060 2.21601
0.86060 2.20994
0.86061 2.20394
0.86062 2.19801
0.86063 2.19215
0.86064 2.18636
0.86064 2.18063
0.86065 2.17496
0.86066 2.16936
0.86067 2.16381
0.86068 2.15831
0.86068 2.15287
0.86069 2.14748
0.86070 2.14214
0.86071 2.13684
0.86072 2.13159
0.86072 2.12637
0.86073 2.12120
0.86074 2.11606
0.86075 2.11097
0.86076 2.10590
0.86076 2.10085
0.86077 2.09582
0.86078 2.09082
0.86079 2.08582
0.86080 2.08085
0.86080 2.07588
0.86081 2.07094
0.86082 2.06600
0.86083 2.06108
0.86084 2.05617
0.86084 2.05127
0.86085 2.04638
0.86086 2.04150
0.86087 2.03663
0.86088 2.03178
0.86088 2.02694
0.86089 2.02211
0.86090 2.01729
0.86091 2.01247
0.86092 2.00767
0.86092 2.00288
0.86093 1.99809
0.86094 1.99332
0.86095 1.98854
0.86096 1.98377
0.86096 1.97901
0.86097 1.97426
0.86098 1.96952
0.86099 1.96480
0.86100 1.96009
0.86100 1.95540
0.86101 1.95074
0.86102 1.94609
0.86103 1.94147
0.86104 1.93688
0.86104 1.93231
0.86105 1.92776
0.86106 1.92325
0.86107 1.91876
0.86108 1.91430
0.86108 1.90987
0.86109 1.90547
0.86110 1.90110
0.86111 1.89676
0.86112 1.89245
0.86112 1.88818
0.86113 1.88395
0.86114 1.87976
0.86115 1.87561
0.86116 1.87151
0.86116 1.86745
0.86117 1.86343
0.86118 1.85945
0.86119 1.85553
0.86120 1.85165
0.86120 1.84781
0.86121 1.84402
0.86122 1.84028
0.86123 1.83658
0.86124 1.83293
0.86124 1.82932
0.86125 1.82576
0.86126 1.82225
0.86127 1.81879
0.86128 1.81539
0.86128 1.81204
0.86129 1.80875
0.86130 1.80551
0.86131 1.80232
0.86132 1.79919
0.86132 1.79612
0.86133 1.79310
0.86134 1.79013
0.86135 1.78723
0.86136 1.78439
0.86136 1.78160
0.86137 1.77888
0.86138 1.77622
0.86139 1.77362
0.86140 1.77109
0.86140 1.76862
0.86141 1.76621
0.86142 1.76387
0.86143 1.76160
0.86144 1.75939
0.86144 1.75725
0.86145 1.75517
0.86146 1.75317
0.86147 1.75123
0.86148 1.74935
0.86148 1.74754
0.86149 1.74579
0.86150 1.74410
0.86151 1.74247
0.86152 1.74089
0.86152 1.73936
0.86153 1.73788
0.86154 1.73645
0.86155 1.73506
0.86156 1.73372
0.86156 1.73241
0.86157 1.73114
0.86158 1.72991
0.86159 1.72872
0.86160 1.72756
0.86160 1.72643
0.86161 1.72534
0.86162 1.72428
0.86163 1.72326
0.86164 1.72227
0.86164 1.72132
0.86165 1.72040
0.86166 1.71951
0.86167 1.71866
0.86168 1.71784
0.86168 1.71706
0.86169 1.71632
0.86170 1.71562
0.86171 1.71495
0.86172 1.71432
0.86172 1.71373
0.86173 1.71318
0.86174 1.71267
0.86175 1.71220
0.86176 1.71177
0.86176 1.71139
0.86177 1.71104
0.86178 1.71074
0.86179 1.71048
0.86180 1.71026
0.86180 1.71008
0.86181 1.70996
0.86182 1.70987
0.86183 1.70983
0.86184 1.70984
0.86184 1.70989
0.86185 1.70999
0.86186 1.71014
0.86187 1.71033
0.86188 1.71055
0.86188 1.71083
0.86189 1.71114
0.86190 1.71149
0.86191 1.71189
0.86192 1.71232
0.86192 1.71279
0.86193 1.71331
0.86194 1.71387
0.86195 1.71447
0.86196 1.71512
0.86196 1.71580
0.86197 1.71652
0.86198 1.71727
0.86199 1.71807
0.86200 1.71890
0.86200 1.71977
0.86201 1.72068
0.86202 1.72163
0.86203 1.72262
0.86204 1.72366
0.86204 1.72474
0.86205 1.72587
0.86206 1.72706
0.86207 1.72829
0.86208 1.72957
0.86208 1.73090
0.86209 1.73228
0.86210 1.73371
0.86211 1.73518
0.86212 1.73670
0.86212 1.73826
0.86213 1.73987
0.86214 1.74151
0.86215 1.74319
0.86216 1.74490
0.86216 1.74665
0.86217 1.74842
0.86218 1.75022
0.86219 1.75204
0.86220 1.75388
0.86220 1.75572
0.86221 1.75758
0.86222 1.75946
0.86223 1.76134
0.86224 1.76323
0.86224 1.76512
0.86225 1.76702
0.86226 1.76892
0.86227 1.77082
0.86228 1.77272
0.86228 1.77463
0.86229 1.77652
0.86230 1.77841
0.86231 1.78029
0.86232 1.78216
0.86232 1.78401
0.86233 1.78584
0.86234 1.78765
0.86235 1.78944
0.86236 1.79120
0.86236 1.79293
0.86237 1.79463
0.86238 1.79629
0.86239 1.79793
0.86240 1.79953
0.86240 1.80108
0.86241 1.80260
0.86242 1.80408
0.86243 1.80552
0.86244 1.80691
0.86244 1.80825
0.86245 1.80955
0.86246 1.81081
0.86247 1.81202
0.86248 1.81320
0.86248 1.81434
0.86249 1.81544
0.86250 1.81650
0.86251 1.81752
0.86252 1.81851
0.86252 1.81945
0.86253 1.82034
0.86254 1.82120
0.86255 1.82201
0.86256 1.82277
0.86256 1.82348
0.86257 1.82415
0.86258 1.82478
0.86259 1.82537
0.86260 1.82592
0.86260 1.82643
0.86261 1.82690
0.86262 1.82733
0.86263 1.82772
0.86264 1.82808
0.86264 1.82841
0.86265 1.82870
0.86266 1.82896
0.86267 1.82919
0.86268 1.82940
0.86268 1.82958
0.86269 1.82974
0.86270 1.82988
0.86271 1.83002
0.86272 1.83013
0.86272 1.83024
0.86273 1.83033
0.86274 1.83041
0.86275 1.83048
0.86276 1.83055
0.86276 1.83060
0.86277 1.83065
0.86278 1.83069
0.86279 1.83072
0.86280 1.83074
0.86280 1.83077
0.86281 1.83079
0.86282 1.83081
0.86283 1.83084
0.86284 1.83088
0.86284 1.83091
0.86285 1.83096
0.86286 1.83102
0.86287 1.83108
0.86288 1.83117
0.86288 1.83126
0.86289 1.83136
0.86290 1.83148
0.86291 1.83161
0.86292 1.83175
0.86292 1.83191
0.86293 1.83209
0.86294 1.83227
0.86295 1.83247
0.86296 1.83268
0.86296 1.83290
0.86297 1.83312
0.86298 1.83334
0.86299 1.83355
0.86300 1.83377
0.86300 1.83398
0.86301 1.83419
0.86302 1.83440
0.86303 1.83460
0.86304 1.83480
0.86304 1.83500
0.86305 1.83520
0.86306 1.83540
0.86307 1.83559
0.86308 1.83577
0.86308 1.83595
0.86309 1.83612
0.86310 1.83627
0.86311 1.83641
0.86312 1.83654
0.86312 1.83665
0.86313 1.83674
0.86314 1.83682
0.86315 1.83687
0.86316 1.83689
0.86316 1.83689
0.86317 1.83686
0.86318 1.83680
0.86319 1.83672
0.86320 1.83660
0.86320 1.83645
0.86321 1.83627
0.86322 1.83605
0.86323 1.83580
0.86324 1.83552
0.86324 1.83521
0.86325 1.83486
0.86326 1.83448
0.86327 1.83407
0.86328 1.83362
0.86328 1.83314
0.86329 1.83263
0.86330 1.83207
0.86331 1.83148
0.86332 1.83085
0.86332 1.83017
0.86333 1.82944
0.86334 1.82867
0.86335 1.82785
0.86336 1.82698
0.86336 1.82606
0.86337 1.82509
0.86338 1.82407
0.86339 1.82299
0.86340 1.82185
0.86340 1.82066
0.86341 1.81941
0.86342 1.81811
0.86343 1.81674
0.86344 1.81532
0.86344 1.81384
0.86345 1.81230
0.86346 1.81070
0.86347 1.80905
0.86348 1.80735
0.86348 1.80558
0.86349 1.80377
0.86350 1.80189
0.86351 1.79995
0.86352 1.79795
0.86352 1.79588
0.86353 1.79375
0.86354 1.79155
0.86355 1.78928
0.86356 1.78693
0.86356 1.78452
0.86357 1.78202
0.86358 1.77945
0.86359 1.77680
0.86360 1.77408
0.86360 1.77127
0.86361 1.76838
0.86362 1.76541
0.86363 1.76237
0.86364 1.75924
0.86364 1.75604
0.86365 1.75276
0.86366 1.74941
0.86367 1.74598
0.86368 1.74247
0.86368 1.73888
0.86369 1.73521
0.86370 1.73146
0.86371 1.72764
0.86372 1.72373
0.86372 1.71973
0.86373 1.71565
0.86374 1.71148
0.86375 1.70722
0.86376 1.70285
0.86376 1.69839
0.86377 1.69384
0.86378 1.68918
0.86379 1.68442
0.86380 1.67956
0.86380 1.67460
0.86381 1.66954
0.86382 1.66438
0.86383 1.65912
0.86384 1.65375
0.86384 1.64829
0.86385 1.64272
0.86386 1.63706
0.86387 1.63129
0.86388 1.62543
0.86388 1.61948
0.86389 1.61343
0.86390 1.60729
0.86391 1.60106
0.86392 1.59474
0.86392 1.58833
0.86393 1.58183
0.86394 1.57524
0.86395 1.56856
0.86396 1.56180
0.86396 1.55494
0.86397 1.54800
0.86398 1.54096
0.86399 1.53384
0.86400 1.52662
0.86400 1.51932
0.86401 1.51194
0.86402 1.50447
0.86403 1.49693
0.86404 1.48931
0.86404 1.48162
0.86405 1.47386
0.86406 1.46603
0.86407 1.45814
0.86408 1.45020
0.86408 1.44219
0.86409 1.43414
0.86410 1.42603
0.86411 1.41788
0.86412 1.40969
0.86412 1.40145
0.86413 1.39317
0.86414 1.38485
0.86415 1.37649
0.86416 1.36809
0.86416 1.35965
0.86417 1.35118
0.86418 1.34267
0.86419 1.33413
0.86420 1.32556
0.86420 1.31696
0.86421 1.30832
0.86422 1.29966
0.86423 1.29098
0.86424 1.28228
0.86424 1.27356
0.86425 1.26482
0.86426 1.25608
0.86427 1.24732
0.86428 1.23856
0.86428 1.22981
0.86429 1.22105
0.86430 1.21229
0.86431 1.20354
0.86432 1.19480
0.86432 1.18606
0.86433 1.17735
0.86434 1.16866
0.86435 1.15998
0.86436 1.15131
0.86436 1.14267
0.86437 1.13406
0.86438 1.12547
0.86439 1.11690
0.86440 1.10835
0.86440 1.09982
0.86441 1.09131
0.86442 1.08282
0.86443 1.07435
0.86444 1.06590
0.86444 1.05748
0.86445 1.04910
0.86446 1.04073
0.86447 1.03239
0.86448 1.02408
0.86448 1.01580
0.86449 1.00755
0.86450 0.99934
0.86451 0.99117
0.86452 0.98304
0.86452 0.97495
0.86453 0.96689
0.86454 0.95886
0.86455 0.95087
0.86456 0.94292
0.86456 0.93500
0.86457 0.92711
0.86458 0.91925
0.86459 0.91142
0.86460 0.90362
0.86460 0.89585
0.86461 0.88810
0.86462 0.88038
0.86463 0.87268
0.86464 0.86500
0.86464 0.85735
0.86465 0.84972
0.86466 0.84212
0.86467 0.83454
0.86468 0.82700
0.86468 0.81948
0.86469 0.81199
0.86470 0.80453
0.86471 0.79710
0.86472 0.78969
0.86472 0.78232
0.86473 0.77498
0.86474 0.76766
0.86475 0.76038
0.86476 0.75312
0.86476 0.74588
0.86477 0.73868
0.86478 0.73149
0.86479 0.72431
0.86480 0.71716
0.86480 0.71002
0.86481 0.70290
0.86482 0.69579
0.86483 0.68869
0.86484 0.68160
0.86484 0.67451
0.86485 0.66744
0.86486 0.66037
0.86487 0.65331
0.86488 0.64627
0.86488 0.63922
0.86489 0.63219
0.86490 0.62517
0.86491 0.61817
0.86492 0.61119
0.86492 0.60422
0.86493 0.59728
0.86494 0.59036
0.86495 0.58345
0.86496 0.57656
0.86496 0.56969
0.86497 0.56284
0.86498 0.55603
0.86499 0.54924
0.86500 0.54247
0.86500 0.53573
0.86501 0.52901
0.86502 0.52231
0.86503 0.51563
0.86504 0.50896
0.86504 0.50233
0.86505 0.49572
0.86506 0.48912
0.86507 0.48255
0.86508 0.47600
0.86508 0.46947
0.86509 0.46296
0.86510 0.45647
0.86511 0.44999
0.86512 0.44353
0.86512 0.43708
0.86513 0.43065
0.86514 0.42423
0.86515 0.41783
0.86516 0.41145
0.86516 0.40508
0.86517 0.39873
0.86518 0.39238
0.86519 0.38604
0.86520 0.37971
0.86520 0.37340
0.86521 0.36709
0.86522 0.36080
0.86523 0.35451
0.86524 0.34822
0.86524 0.34195
0.86525 0.33568
0.86526 0.32942
0.86527 0.32317
0.86528 0.31692
0.86528 0.31069
0.86529 0.30448
0.86530 0.29828
0.86531 0.29210
0.86532 0.28594
0.86532 0.27978
0.86533 0.27365
0.86534 0.26754
0.86535 0.26144
0.86536 0.25537
0.86536 0.24931
0.86537 0.24326
0.86538 0.23722
0.86539 0.23121
0.86540 0.22521
0.86540 0.21921
0.86541 0.21323
0.86542 0.20726
0.86543 0.20129
0.86544 0.19534
0.86544 0.18939
0.86545 0.18346
0.86546 0.17753
0.86547 0.17161
0.86548 0.16569
0.86548 0.15978
0.86549 0.15387
0.86550 0.14797
0.86551 0.14206
0.86552 0.13616
0.86552 0.13027
0.86553 0.12439
0.86554 0.11853
0.86555 0.11268
0.86556 0.10685
0.86556 0.10104
0.86557 0.09525
0.86558 0.08949
0.86559 0.08375
0.86560 0.07803
0.86560 0.07236
0.86561 0.06673
0.86562 0.06114
0.86563 0.05560
0.86564 0.05011
0.86564 0.04467
0.86565 0.03928
0.86566 0.03395
0.86567 0.02867
0.86568 0.02345
0.86568 0.01831
0.86569 0.01323
0.86570 0.00823
0.86571 0.00329
0.86572 -0.00156
0.86572 -0.00634
0.86573 -0.01104
0.86574 -0.01567
0.86575 -0.02022
0.86576 -0.02468
0.86576 -0.02906
0.86577 -0.03336
0.86578 -0.03757
0.86579 -0.04170
0.86580 -0.04574
0.86580 -0.04968
0.86581 -0.05354
0.86582 -0.05730
0.86583 -0.06096
0.86584 -0.06453
0.86584 -0.06800
0.86585 -0.07137
0.86586 -0.07463
0.86587 -0.07778
0.86588 -0.08082
0.86588 -0.08375
0.86589 -0.08657
0.86590 -0.08928
0.86591 -0.09188
0.86592 -0.09436
0.86592 -0.09672
0.86593 -0.09897
0.86594 -0.10110
0.86595 -0.10312
0.86596 -0.10502
0.86596 -0.10679
0.86597 -0.10846
0.86598 -0.11000
0.86599 -0.11142
0.86600 -0.11272
0.86600 -0.11390
0.86601 -0.11495
0.86602 -0.11587
0.86603 -0.11668
0.86604 -0.11737
0.86604 -0.11795
0.86605 -0.11841
0.86606 -0.11876
0.86607 -0.11900
0.86608 -0.11914
0.86608 -0.11917
0.86609 -0.11909
0.86610 -0.11891
0.86611 -0.11865
0.86612 -0.11829
0.86612 -0.11784
0.86613 -0.11731
0.86614 -0.11670
0.86615 -0.11600
0.86616 -0.11523
0.86616 -0.11438
0.86617 -0.11346
0.86618 -0.11247
0.86619 -0.11143
0.86620 -0.11034
0.86620 -0.10919
0.86621 -0.10800
0.86622 -0.10676
0.86623 -0.10547
0.86624 -0.10414
0.86624 -0.10277
0.86625 -0.10135
0.86626 -0.09988
0.86627 -0.09837
0.86628 -0.09681
0.86628 -0.09522
0.86629 -0.09358
0.86630 -0.09191
0.86631 -0.09021
0.86632 -0.08849
0.86632 -0.08673
0.86633 -0.08495
0.86634 -0.08314
0.86635 -0.08131
0.86636 -0.07947
0.86636 -0.07760
0.86637 -0.07574
0.86638 -0.07387
0.86639 -0.07200
0.86640 -0.07012
0.86640 -0.06825
0.86641 -0.06638
0.86642 -0.06451
0.86643 -0.06265
0.86644 -0.06079
0.86644 -0.05895
0.86645 -0.05711
0.86646 -0.05528
0.86647 -0.05345
0.86648 -0.05163
0.86648 -0.04982
0.86649 -0.04802
0.86650 -0.04623
0.86651 -0.04445
0.86652 -0.04268
0.86652 -0.04092
0.86653 -0.03918
0.86654 -0.03744
0.86655 -0.03573
0.86656 -0.03402
0.86656 -0.03231
0.86657 -0.03062
0.86658 -0.02893
0.86659 -0.02724
0.86660 -0.02557
0.86660 -0.02389
0.86661 -0.02221
0.86662 -0.02052
0.86663 -0.01882
0.86664 -0.01712
0.86664 -0.01540
0.86665 -0.01367
0.86666 -0.01193
0.86667 -0.01017
0.86668 -0.00838
0.86668 -0.00657
0.86669 -0.00473
0.86670 -0.00286
0.86671 -0.00095
0.86672 0.00099
0.86672 0.00297
0.86673 0.00498
0.86674 0.00704
0.86675 0.00913
0.86676 0.01124
0.86676 0.01338
0.86677 0.01555
0.86678 0.01774
0.86679 0.01995
0.86680 0.02219
0.86680 0.02445
0.86681 0.02674
0.86682 0.02906
0.86683 0.03140
0.86684 0.03376
0.86684 0.03615
0.86685 0.03857
0.86686 0.04102
0.86687 0.04350
0.86688 0.04602
0.86688 0.04858
0.86689 0.05120
0.86690 0.05386
0.86691 0.05656
0.86692 0.05931
0.86692 0.06211
0.86693 0.06496
0.86694 0.06785
0.86695 0.07080
0.86696 0.07379
0.86696 0.07683
0.86697 0.07992
0.86698 0.08306
0.86699 0.08624
0.86700 0.08948
0.86700 0.09276
0.86701 0.09608
0.86702 0.09946
0.86703 0.10287
0.86704 0.10634
0.86704 0.10985
0.86705 0.11341
0.86706 0.11702
0.86707 0.12067
0.86708 0.12438
0.86708 0.12812
0.86709 0.13191
0.86710 0.13575
0.86711 0.13963
0.86712 0.14355
0.86712 0.14750
0.86713 0.15150
0.86714 0.15553
0.86715 0.15959
0.86716 0.16369
0.86716 0.16782
0.86717 0.17198
0.86718 0.17615
0.86719 0.18035
0.86720 0.18456
0.86720 0.18879
0.86721 0.19305
0.86722 0.19732
0.86723 0.20162
0.86724 0.20594
0.86724 0.21028
0.86725 0.21464
0.86726 0.21903
0.86727 0.22346
0.86728 0.22792
0.86728 0.23242
0.86729 0.23696
0.86730 0.24153
0.86731 0.24614
0.86732 0.25079
0.86732 0.25549
0.86733 0.26022
0.86734 0.26499
0.86735 0.26980
0.86736 0.27465
0.86736 0.27954
0.86737 0.28447
0.86738 0.28943
0.86739 0.29441
0.86740 0.29943
0.86740 0.30447
0.86741 0.30954
0.86742 0.31464
0.86743 0.31977
0.86744 0.32493
0.86744 0.33012
0.86745 0.33534
0.86746 0.34059
0.86747 0.34586
0.86748 0.35117
0.86748 0.35650
0.86749 0.36186
0.86750 0.36726
0.86751 0.37268
0.86752 0.37812
0.86752 0.38359
0.86753 0.38909
0.86754 0.39461
0.86755 0.40015
0.86756 0.40571
0.86756 0.41129
0.86757 0.41689
0.86758 0.42250
0.86759 0.42813
0.86760 0.43377
0.86760 0.43942
0.86761 0.44508
0.86762 0.45075
0.86763 0.45642
0.86764 0.46210
0.86764 0.46778
0.86765 0.47346
0.86766 0.47915
0.86767 0.48484
0.86768 0.49054
0.86768 0.49625
0.86769 0.50197
0.86770 0.50770
0.86771 0.51344
0.86772 0.51918
0.86772 0.52492
0.86773 0.53066
0.86774 0.53639
0.86775 0.54211
0.86776 0.54782
0.86776 0.55351
0.86777 0.55919
0.86778 0.56485
0.86779 0.57049
0.86780 0.57611
0.86780 0.58170
0.86781 0.58727
0.86782 0.59281
0.86783 0.59832
0.86784 0.60380
0.86784 0.60925
0.86785 0.61467
0.86786 0.62006
0.86787 0.62540
0.86788 0.63071
0.86788 0.63599
0.86789 0.64122
0.86790 0.64642
0.86791 0.65158
0.86792 0.65671
0.86792 0.66179
0.86793 0.66683
0.86794 0.67183
0.86795 0.67679
0.86796 0.68170
0.86796 0.68655
0.86797 0.69135
0.86798 0.69611
0.86799 0.70081
0.86800 0.70545
0.86800 0.71003
0.86801 0.71456
0.86802 0.71903
0.86803 0.72345
0.86804 0.72781
0.86804 0.73212
0.86805 0.73637
0.86806 0.74056
0.86807 0.74470
0.86808 0.74879
0.86808 0.75282
0.86809 0.75680
0.86810 0.76073
0.86811 0.76460
0.86812 0.76843
0.86812 0.77221
0.86813 0.77594
0.86814 0.77963
0.86815 0.78326
0.86816 0.78684
0.86816 0.79037
0.86817 0.79384
0.86818 0.79727
0.86819 0.80064
0.86820 0.80395
0.86820 0.80721
0.86821 0.81041
0.86822 0.81355
0.86823 0.81665
0.86824 0.81969
0.86824 0.82269
0.86825 0.82563
0.86826 0.82853
0.86827 0.83139
0.86828 0.83421
0.86828 0.83699
0.86829 0.83973
0.86830 0.84243
0.86831 0.84509
0.86832 0.84770
0.86832 0.85028
0.86833 0.85282
0.86834 0.85532
0.86835 0.85778
0.86836 0.86021
0.86836 0.86260
0.86837 0.86496
0.86838 0.86728
0.86839 0.86957
0.86840 0.87182
0.86840 0.87404
0.86841 0.87621
0.86842 0.87835
0.86843 0.88045
0.86844 0.88251
0.86844 0.88453
0.86845 0.88650
0.86846 0.88844
0.86847 0.89034
0.86848 0.89220
0.86848 0.89403
0.86849 0.89582
0.86850 0.89757
0.86851 0.89929
0.86852 0.90098
0.86852 0.90263
0.86853 0.90425
0.86854 0.90583
0.86855 0.90737
0.86856 0.90887
0.86856 0.91034
0.86857 0.91177
0.86858 0.91316
0.86859 0.91450
0.86860 0.91580
0.86860 0.91705
0.86861 0.91826
0.86862 0.91943
0.86863 0.92055
0.86864 0.92164
0.86864 0.92268
0.86865 0.92369
0.86866 0.92465
0.86867 0.92558
0.86868 0.92646
0.86868 0.92729
0.86869 0.92809
0.86870 0.92883
0.86871 0.92954
0.86872 0.93020
0.86872 0.93082
0.86873 0.93140
0.86874 0.93193
0.86875 0.93241
0.86876 0.93284
0.86876 0.93322
0.86877 0.93354
0.86878 0.93381
0.86879 0.93401
0.86880 0.93415
0.86880 0.93422
0.86881 0.93425
0.86882 0.93421
0.86883 0.93411
0.86884 0.93395
0.86884 0.93372
0.86885 0.93344
0.86886 0.93309
0.86887 0.93268
0.86888 0.93221
0.86888 0.93167
0.86889 0.93107
0.86890 0.93041
0.86891 0.92968
0.86892 0.92889
0.86892 0.92804
0.86893 0.92713
0.86894 0.92617
0.86895 0.92514
0.86896 0.92406
0.86896 0.92292
0.86897 0.92172
0.86898 0.92046
0.86899 0.91914
0.86900 0.91776
0.86900 0.91631
0.86901 0.91481
0.86902 0.91325
0.86903 0.91162
0.86904 0.90993
0.86904 0.90817
0.86905 0.90635
0.86906 0.90447
0.86907 0.90253
0.86908 0.90053
0.86908 0.89846
0.86909 0.89634
0.86910 0.89417
0.86911 0.89193
0.86912 0.88963
0.86912 0.88726
0.86913 0.88482
0.86914 0.88231
0.86915 0.87974
0.86916 0.87709
0.86916 0.87438
0.86917 0.87159
0.86918 0.86873
0.86919 0.86581
0.86920 0.86282
0.86920 0.85975
0.86921 0.85662
0.86922 0.85342
0.86923 0.85015
0.86924 0.84681
0.86924 0.84340
0.86925 0.83993
0.86926 0.83638
0.86927 0.83277
0.86928 0.82910
0.86928 0.82537
0.86929 0.82157
0.86930 0.81772
0.86931 0.81380
0.86932 0.80982
0.86932 0.80577
0.86933 0.80166
0.86934 0.79748
0.86935 0.79323
0.86936 0.78892
0.86936 0.78454
0.86937 0.78008
0.86938 0.77556
0.86939 0.77096
0.86940 0.76629
0.86940 0.76154
0.86941 0.75672
0.86942 0.75183
0.86943 0.74686
0.86944 0.74181
0.86944 0.73669
0.86945 0.73149
0.86946 0.72621
0.86947 0.72085
0.86948 0.71542
0.86948 0.70991
0.86949 0.70432
0.86950 0.69865
0.86951 0.69290
0.86952 0.68707
0.86952 0.68117
0.86953 0.67518
0.86954 0.66912
0.86955 0.66298
0.86956 0.65675
0.86956 0.65045
0.86957 0.64406
0.86958 0.63758
0.86959 0.63103
0.86960 0.62439
0.86960 0.61766
0.86961 0.61086
0.86962 0.60398
0.86963 0.59702
0.86964 0.58998
0.86964 0.58288
0.86965 0.57569
0.86966 0.56843
0.86967 0.56110
0.86968 0.55370
0.86968 0.54623
0.86969 0.53869
0.86970 0.53108
0.86971 0.52340
0.86972 0.51565
0.86972 0.50784
0.86973 0.49996
0.86974 0.49201
0.86975 0.48400
0.86976 0.47592
0.86976 0.46777
0.86977 0.45955
0.86978 0.45126
0.86979 0.44291
0.86980 0.43448
0.86980 0.42599
0.86981 0.41744
0.86982 0.40881
0.86983 0.40012
0.86984 0.39137
0.86984 0.38255
0.86985 0.37368
0.86986 0.36474
0.86987 0.35574
0.86988 0.34669
0.86988 0.33760
0.86989 0.32845
0.86990 0.31926
0.86991 0.31002
0.86992 0.30074
0.86992 0.29141
0.86993 0.28205
0.86994 0.27265
0.86995 0.26321
0.86996 0.25373
0.86996 0.24421
0.86997 0.23465
0.86998 0.22505
0.86999 0.21542
0.87000 0.20575
0.87000 0.19605
0.87001 0.18631
0.87002 0.17654
0.87003 0.16674
0.87004 0.15690
0.87004 0.14703
0.87005 0.13714
0.87006 0.12723
0.87007 0.11730
0.87008 0.10735
0.87008 0.09740
0.87009 0.08743
0.87010 0.07745
0.87011 0.06746
0.87012 0.05747
0.87012 0.04747
0.87013 0.03748
0.87014 0.02748
0.87015 0.01748
0.87016 0.00749
0.87016 -0.00249
0.87017 -0.01246
0.87018 -0.02242
0.87019 -0.03238
0.87020 -0.04232
0.87020 -0.05225
0.87021 -0.06217
0.87022 -0.07208
0.87023 -0.08197
0.87024 -0.09184
0.87024 -0.10170
0.87025 -0.11153
0.87026 -0.12133
0.87027 -0.13110
0.87028 -0.14084
0.87028 -0.15053
0.87029 -0.16019
0.87030 -0.16980
0.87031 -0.17937
0.87032 -0.18888
0.87032 -0.19833
0.87033 -0.20773
0.87034 -0.21706
0.87035 -0.22633
0.87036 -0.23554
0.87036 -0.24468
0.87037 -0.25375
0.87038 -0.26276
0.87039 -0.27171
0.87040 -0.28058
0.87040 -0.28939
0.87041 -0.29813
0.87042 -0.30680
0.87043 -0.31540
0.87044 -0.32393
0.87044 -0.33239
0.87045 -0.34078
0.87046 -0.34908
0.87047 -0.35731
0.87048 -0.36545
0.87048 -0.37351
0.87049 -0.38147
0.87050 -0.38935
0.87051 -0.39713
0.87052 -0.40481
0.87052 -0.41239
0.87053 -0.41987
0.87054 -0.42725
0.87055 -0.43453
0.87056 -0.44172
0.87056 -0.44881
0.87057 -0.45581
0.87058 -0.46271
0.87059 -0.46953
0.87060 -0.47625
0.87060 -0.48288
0.87061 -0.48943
0.87062 -0.49588
0.87063 -0.50225
0.87064 -0.50853
0.87064 -0.51472
0.87065 -0.52083
0.87066 -0.52685
0.87067 -0.53279
0.87068 -0.53864
0.87068 -0.54442
0.87069 -0.55011
0.87070 -0.55572
0.87071 -0.56126
0.87072 -0.56672
0.87072 -0.57210
0.87073 -0.57740
0.87074 -0.58262
0.87075 -0.58777
0.87076 -0.59285
0.87076 -0.59787
0.87077 -0.60283
0.87078 -0.60773
0.87079 -0.61257
0.87080 -0.61737
0.87080 -0.62213
0.87081 -0.62684
0.87082 -0.63152
0.87083 -0.63616
0.87084 -0.64078
0.87084 -0.64536
0.87085 -0.64993
0.87086 -0.65447
0.87087 -0.65899
0.87088 -0.66349
0.87088 -0.66796
0.87089 -0.67241
0.87090 -0.67684
0.87091 -0.68126
0.87092 -0.68566
0.87092 -0.69004
0.87093 -0.69439
0.87094 -0.69874
0.87095 -0.70306
0.87096 -0.70738
0.87096 -0.71168
0.87097 -0.71597
0.87098 -0.72025
0.87099 -0.72452
0.87100 -0.72879
0.87100 -0.73307
0.87101 -0.73734
0.87102 -0.74163
0.87103 -0.74591
0.87104 -0.75021
0.87104 -0.75451
0.87105 -0.75882
0.87106 -0.76312
0.87107 -0.76743
0.87108 -0.77173
0.87108 -0.77604
0.87109 -0.78035
0.87110 -0.78465
0.87111 -0.78894
0.87112 -0.79324
0.87112 -0.79754
0.87113 -0.80184
0.87114 -0.80614
0.87115 -0.81044
0.87116 -0.81476
0.87116 -0.81907
0.87117 -0.82339
0.87118 -0.82771
0.87119 -0.83203
0.87120 -0.83636
0.87120 -0.84067
0.87121 -0.84498
0.87122 -0.84928
0.87123 -0.85358
0.87124 -0.85786
0.87124 -0.86214
0.87125 -0.86641
0.87126 -0.87066
0.87127 -0.87489
0.87128 -0.87909
0.87128 -0.88327
0.87129 -0.88741
0.87130 -0.89152
0.87131 -0.89557
0.87132 -0.89959
0.87132 -0.90356
0.87133 -0.90747
0.87134 -0.91134
0.87135 -0.91515
0.87136 -0.91889
0.87136 -0.92258
0.87137 -0.92621
0.87138 -0.92978
0.87139 -0.93328
0.87140 -0.93673
0.87140 -0.94010
0.87141 -0.94341
0.87142 -0.94665
0.87143 -0.94982
0.87144 -0.95292
0.87144 -0.95596
0.87145 -0.95892
0.87146 -0.96181
0.87147 -0.96463
0.87148 -0.96738
0.87148 -0.97005
0.87149 -0.97264
0.87150 -0.97515
0.87151 -0.97757
0.87152 -0.97992
0.87152 -0.98217
0.87153 -0.98434
0.87154 -0.98642
0.87155 -0.98841
0.87156 -0.99032
0.87156 -0.99214
0.87157 -0.99388
0.87158 -0.99553
0.87159 -0.99710
0.87160 -0.99858
0.87160 -0.99998
0.87161 -1.00129
0.87162 -1.00251
0.87163 -1.00364
0.87164 -1.00468
0.87164 -1.00563
0.87165 -1.00648
0.87166 -1.00722
0.87167 -1.00787
0.87168 -1.00841
0.87168 -1.00885
0.87169 -1.00919
0.87170 -1.00943
0.87171 -1.00956
0.87172 -1.00959
0.87172 -1.00952
0.87173 -1.00934
0.87174 -1.00907
0.87175 -1.00869
0.87176 -1.00822
0.87176 -1.00764
0.87177 -1.00697
0.87178 -1.00619
0.87179 -1.00533
0.87180 -1.00438
0.87180 -1.00334
0.87181 -1.00222
0.87182 -1.00101
0.87183 -0.99973
0.87184 -0.99836
0.87184 -0.99690
0.87185 -0.99537
0.87186 -0.99376
0.87187 -0.99206
0.87188 -0.99030
0.87188 -0.98845
0.87189 -0.98653
0.87190 -0.98453
0.87191 -0.98245
0.87192 -0.98029
0.87192 -0.97806
0.87193 -0.97575
0.87194 -0.97337
0.87195 -0.97091
0.87196 -0.96837
0.87196 -0.96576
0.87197 -0.96308
0.87198 -0.96032
0.87199 -0.95750
0.87200 -0.95460
0.87200 -0.95164
0.87201 -0.94861
0.87202 -0.94552
0.87203 -0.94236
0.87204 -0.93913
0.87204 -0.93584
0.87205 -0.93249
0.87206 -0.92909
0.87207 -0.92561
0.87208 -0.92208
0.87208 -0.91849
0.87209 -0.91484
0.87210 -0.91114
0.87211 -0.90737
0.87212 -0.90355
0.87212 -0.89967
0.87213 -0.89574
0.87214 -0.89175
0.87215 -0.88771
0.87216 -0.88362
0.87216 -0.87949
0.87217 -0.87531
0.87218 -0.87109
0.87219 -0.86684
0.87220 -0.86255
0.87220 -0.85823
0.87221 -0.85388
0.87222 -0.84951
0.87223 -0.84511
0.87224 -0.84069
0.87224 -0.83624
0.87225 -0.83178
0.87226 -0.82729
0.87227 -0.82278
0.87228 -0.81826
0.87228 -0.81371
0.87229 -0.80916
0.87230 -0.80458
0.87231 -0.79999
0.87232 -0.79539
0.87232 -0.79077
0.87233 -0.78613
0.87234 -0.78149
0.87235 -0.77684
0.87236 -0.77218
0.87236 -0.76752
0.87237 -0.76286
0.87238 -0.75819
0.87239 -0.75352
0.87240 -0.74885
0.87240 -0.74418
0.87241 -0.73953
0.87242 -0.73488
0.87243 -0.73023
0.87244 -0.72560
0.87244 -0.72097
0.87245 -0.71636
0.87246 -0.71176
0.87247 -0.70718
0.87248 -0.70261
0.87248 -0.69805
0.87249 -0.69351
0.87250 -0.68898
0.87251 -0.68446
0.87252 -0.67996
0.87252 -0.67549
0.87253 -0.67103
0.87254 -0.66658
0.87255 -0.66215
0.87256 -0.65774
0.87256 -0.65333
0.87257 -0.64892
0.87258 -0.64452
0.87259 -0.64012
0.87260 -0.63572
0.87260 -0.63133
0.87261 -0.62694
0.87262 -0.62255
0.87263 -0.61816
0.87264 -0.61378
0.87264 -0.60941
0.87265 -0.60503
0.87266 -0.60066
0.87267 -0.59627
0.87268 -0.59188
0.87268 -0.58748
0.87269 -0.58307
0.87270 -0.57864
0.87271 -0.57420
0.87272 -0.56974
0.87272 -0.56525
0.87273 -0.56075
0.87274 -0.55621
0.87275 -0.55166
0.87276 -0.54707
0.87276 -0.54246
0.87277 -0.53783
0.87278 -0.53315
0.87279 -0.52845
0.87280 -0.52370
0.87280 -0.51893
0.87281 -0.51411
0.87282 -0.50926
0.87283 -0.50437
0.87284 -0.49945
0.87284 -0.49447
0.87285 -0.48946
0.87286 -0.48439
0.87287 -0.47928
0.87288 -0.47411
0.87288 -0.46889
0.87289 -0.46361
0.87290 -0.45827
0.87291 -0.45286
0.87292 -0.44739
0.87292 -0.44187
0.87293 -0.43628
0.87294 -0.43063
0.87295 -0.42491
0.87296 -0.41912
0.87296 -0.41327
0.87297 -0.40735
0.87298 -0.40137
0.87299 -0.39533
0.87300 -0.38922
0.87300 -0.38305
0.87301 -0.37680
0.87302 -0.37049
0.87303 -0.36410
0.87304 -0.35764
0.87304 -0.35111
0.87305 -0.34452
0.87306 -0.33787
0.87307 -0.33116
0.87308 -0.32440
0.87308 -0.31760
0.87309 -0.31075
0.87310 -0.30386
0.87311 -0.29694
0.87312 -0.28997
0.87312 -0.28297
0.87313 -0.27594
0.87314 -0.26887
0.87315 -0.26176
0.87316 -0.25462
0.87316 -0.24746
0.87317 -0.24028
0.87318 -0.23308
0.87319 -0.22588
0.87320 -0.21867
0.87320 -0.21144
0.87321 -0.20422
0.87322 -0.19698
0.87323 -0.18974
0.87324 -0.18250
0.87324 -0.17526
0.87325 -0.16803
0.87326 -0.16079
0.87327 -0.15357
0.87328 -0.14636
0.87328 -0.13917
0.87329 -0.13200
0.87330 -0.12485
0.87331 -0.11772
0.87332 -0.11062
0.87332 -0.10355
0.87333 -0.09651
0.87334 -0.08950
0.87335 -0.08252
0.87336 -0.07560
0.87336 -0.06871
0.87337 -0.06188
0.87338 -0.05510
0.87339 -0.04837
0.87340 -0.04171
0.87340 -0.03511
0.87341 -0.02857
0.87342 -0.02211
0.87343 -0.01571
0.87344 -0.00938
0.87344 -0.00312
0.87345 0.00305
0.87346 0.00914
0.87347 0.01516
0.87348 0.02109
0.87348 0.02694
0.87349 0.03271
0.87350 0.03840
0.87351 0.04400
0.87352 0.04952
0.87352 0.05495
0.87353 0.06028
0.87354 0.06553
0.87355 0.07068
0.87356 0.07575
0.87356 0.08072
0.87357 0.08561
0.87358 0.09040
0.87359 0.09512
0.87360 0.09975
0.87360 0.10430
0.87361 0.10877
0.87362 0.11315
0.87363 0.11744
0.87364 0.12165
0.87364 0.12577
0.87365 0.12981
0.87366 0.13376
0.87367 0.13763
0.87368 0.14143
0.87368 0.14515
0.87369 0.14880
0.87370 0.15237
0.87371 0.15588
0.87372 0.15930
0.87372 0.16265
0.87373 0.16592
0.87374 0.16912
0.87375 0.17223
0.87376 0.17527
0.87376 0.17823
0.87377 0.18111
0.87378 0.18392
0.87379 0.18665
0.87380 0.18930
0.87380 0.19188
0.87381 0.19437
0.87382 0.19679
0.87383 0.19913
0.87384 0.20139
0.87384 0.20358
0.87385 0.20570
0.87386 0.20774
0.87387 0.20972
0.87388 0.21162
0.87388 0.21346
0.87389 0.21523
0.87390 0.21694
0.87391 0.21858
0.87392 0.22015
0.87392 0.22167
0.87393 0.22312
0.87394 0.22450
0.87395 0.22583
0.87396 0.22711
0.87396 0.22834
0.87397 0.22950
0.87398 0.23062
0.87399 0.23167
0.87400 0.23266
0.87400 0.23359
0.87401 0.23446
0.87402 0.23526
0.87403 0.23600
0.87404 0.23666
0.87404 0.23726
0.87405 0.23779
0.87406 0.23824
0.87407 0.23863
0.87408 0.23894
0.87408 0.23918
0.87409 0.23935
0.87410 0.23945
0.87411 0.23948
0.87412 0.23944
0.87412 0.23934
0.87413 0.23916
0.87414 0.23893
0.87415 0.23862
0.87416 0.23825
0.87416 0.23781
0.87417 0.23731
0.87418 0.23672
0.87419 0.23607
0.87420 0.23535
0.87420 0.23455
0.87421 0.23368
0.87422 0.23274
0.87423 0.23173
0.87424 0.23064
0.87424 0.22947
0.87425 0.22823
0.87426 0.22692
0.87427 0.22554
0.87428 0.22408
0.87428 0.22255
0.87429 0.22095
0.87430 0.21928
0.87431 0.21756
0.87432 0.21577
0.87432 0.21393
0.87433 0.21203
0.87434 0.21006
0.87435 0.20803
0.87436 0.20594
0.87436 0.20379
0.87437 0.20157
0.87438 0.19929
0.87439 0.19694
0.87440 0.19453
0.87440 0.19205
0.87441 0.18951
0.87442 0.18691
0.87443 0.18424
0.87444 0.18150
0.87444 0.17870
0.87445 0.17583
0.87446 0.17289
0.87447 0.16989
0.87448 0.16682
0.87448 0.16368
0.87449 0.16049
0.87450 0.15724
0.87451 0.15393
0.87452 0.15056
0.87452 0.14713
0.87453 0.14365
0.87454 0.14011
0.87455 0.13652
0.87456 0.13287
0.87456 0.12916
0.87457 0.12540
0.87458 0.12159
0.87459 0.11771
0.87460 0.11377
0.87460 0.10977
0.87461 0.10569
0.87462 0.10155
0.87463 0.09734
0.87464 0.09306
0.87464 0.08870
0.87465 0.08427
0.87466 0.07976
0.87467 0.07517
0.87468 0.07050
0.87468 0.06575
0.87469 0.06093
0.87470 0.05603
0.87471 0.05105
0.87472 0.04599
0.87472 0.04085
0.87473 0.03563
0.87474 0.03033
0.87475 0.02495
0.87476 0.01950
0.87476 0.01395
0.87477 0.00833
0.87478 0.00262
0.87479 -0.00317
0.87480 -0.00905
0.87480 -0.01501
0.87481 -0.02108
0.87482 -0.02723
0.87483 -0.03349
0.87484 -0.03983
0.87484 -0.04627
0.87485 -0.05280
0.87486 -0.05943
0.87487 -0.06616
0.87488 -0.07299
0.87488 -0.07992
0.87489 -0.08695
0.87490 -0.09408
0.87491 -0.10131
0.87492 -0.10865
0.87492 -0.11610
0.87493 -0.12366
0.87494 -0.13133
0.87495 -0.13911
0.87496 -0.14700
0.87496 -0.15500
0.87497 -0.16312
0.87498 -0.17135
0.87499 -0.17970
0.87500 -0.18817
