time [s] 	 density [10^18/m^-3]
0.79500 0.01014
0.79501 0.08288
0.79501 0.03140
0.79502 -0.07398
0.79502 -0.05939
0.79503 -0.04271
0.79503 0.01509
0.79504 -0.04510
0.79504 -0.01367
0.79505 -0.02117
0.79505 -0.05054
0.79506 0.04111
0.79506 0.00804
0.79507 0.08336
0.79507 0.02144
0.79508 -0.08066
0.79508 0.03115
0.79509 0.04631
0.79509 0.04004
0.79510 -0.00132
0.79510 -0.02456
0.79511 0.00686
0.79511 0.01599
0.79512 -0.00884
0.79512 -0.05280
0.79513 0.01409
0.79513 0.04426
0.79514 0.03667
0.79514 -0.00658
0.79515 -0.01590
0.79515 0.01535
0.79516 -0.01130
0.79516 -0.00718
0.79517 0.01025
0.79517 0.04590
0.79518 0.05385
0.79518 -0.05320
0.79519 -0.04567
0.79519 0.02616
0.79520 -0.05313
0.79520 0.01807
0.79521 0.04961
0.79521 -0.03543
0.79522 -0.00570
0.79522 0.00847
0.79523 0.02531
0.79523 0.01545
0.79524 -0.04304
0.79524 0.03254
0.79525 0.01789
0.79525 0.00868
0.79526 0.06680
0.79526 0.02041
0.79527 0.00405
0.79527 0.00733
0.79528 0.01980
0.79528 -0.05542
0.79529 -0.02754
0.79529 -0.00861
0.79530 -0.00474
0.79530 0.04632
0.79531 0.12619
0.79531 0.01443
0.79532 -0.03567
0.79532 0.00570
0.79533 -0.07873
0.79533 -0.01812
0.79534 0.00060
0.79534 -0.04993
0.79535 0.01198
0.79535 0.10883
0.79536 0.07758
0.79536 0.00184
0.79537 -0.07516
0.79537 -0.08801
0.79538 -0.04760
0.79538 -0.01764
0.79539 0.05656
0.79539 0.03647
0.79540 -0.04152
0.79540 0.01252
0.79541 0.00790
0.79541 0.00364
0.79542 -0.02186
0.79542 -0.03613
0.79543 0.07238
0.79543 0.03151
0.79544 -0.05889
0.79544 -0.10061
0.79545 -0.08916
0.79545 -0.01184
0.79546 0.01127
0.79546 0.03320
0.79547 -0.04977
0.79547 -0.01137
0.79548 0.08474
0.79548 0.01428
0.79549 0.09152
0.79549 0.06722
0.79550 0.07449
0.79550 0.11462
0.79551 0.00234
0.79551 -0.03438
0.79552 -0.06010
0.79552 0.00884
0.79553 0.04464
0.79553 0.02090
0.79554 0.03216
0.79554 -0.01924
0.79555 -0.02822
0.79555 -0.01983
0.79556 -0.01322
0.79556 0.05660
0.79557 -0.01338
0.79557 -0.07243
0.79558 0.04448
0.79558 0.03695
0.79559 -0.04273
0.79559 -0.03723
0.79560 -0.03224
0.79560 -0.01389
0.79561 -0.00870
0.79561 -0.04169
0.79562 0.02815
0.79562 0.02279
0.79563 -0.01377
0.79563 -0.04881
0.79564 -0.04526
0.79564 -0.03340
0.79565 -0.06928
0.79565 0.00785
0.79566 -0.00783
0.79566 -0.00454
0.79567 0.00189
0.79567 -0.05065
0.79568 0.00525
0.79568 0.02300
0.79569 0.00759
0.79569 0.06477
0.79570 0.00488
0.79570 -0.01144
0.79571 0.05027
0.79571 -0.03206
0.79572 -0.04899
0.79572 -0.04522
0.79573 -0.02922
0.79573 0.01673
0.79574 -0.01136
0.79574 0.03370
0.79575 0.02957
0.79575 -0.05930
0.79576 -0.05316
0.79576 -0.02458
0.79577 0.02068
0.79577 0.07638
0.79578 -0.01875
0.79578 -0.00360
0.79579 0.03796
0.79579 -0.05422
0.79580 0.02416
0.79580 0.00859
0.79581 0.00233
0.79581 0.05701
0.79582 0.01218
0.79582 0.01630
0.79583 -0.02112
0.79583 -0.00181
0.79584 0.02528
0.79584 0.02653
0.79585 0.03486
0.79585 0.05150
0.79586 0.01998
0.79586 -0.01593
0.79587 -0.01017
0.79587 0.06938
0.79588 0.06073
0.79588 -0.01123
0.79589 0.10848
0.79589 0.02656
0.79590 -0.03948
0.79590 -0.00712
0.79591 -0.04167
0.79591 0.02999
0.79592 0.02510
0.79592 -0.04242
0.79593 -0.11440
0.79593 -0.08545
0.79594 0.01674
0.79594 -0.01032
0.79595 -0.01657
0.79595 -0.04421
0.79596 -0.03876
0.79596 -0.04531
0.79597 -0.02766
0.79597 0.00061
0.79598 0.03252
0.79598 0.03305
0.79599 -0.06297
0.79599 0.02639
0.79600 -0.06084
0.79600 -0.03914
0.79601 0.06203
0.79601 -0.01438
0.79602 0.05220
0.79602 -0.04065
0.79603 0.03689
0.79603 0.01063
0.79604 -0.08064
0.79604 -0.02767
0.79605 0.00777
0.79605 0.05410
0.79606 -0.04650
0.79606 -0.00447
0.79607 -0.00157
0.79607 -0.00984
0.79608 0.01495
0.79608 -0.02506
0.79609 -0.02867
0.79609 -0.05537
0.79610 0.01561
0.79610 0.05453
0.79611 0.01987
0.79611 0.02042
0.79612 -0.07867
0.79612 -0.01648
0.79613 0.09328
0.79613 -0.01661
0.79614 0.00661
0.79614 -0.01051
0.79615 -0.07693
0.79615 0.04255
0.79616 0.02568
0.79616 -0.02260
0.79617 0.03228
0.79617 -0.04921
0.79618 -0.02290
0.79618 0.03281
0.79619 -0.00710
0.79619 0.03683
0.79620 0.01309
0.79620 0.04264
0.79621 0.03777
0.79621 -0.00369
0.79622 -0.00299
0.79622 0.03394
0.79623 -0.02865
0.79623 -0.01400
0.79624 0.07525
0.79624 0.00218
0.79625 -0.01596
0.79625 0.01839
0.79626 -0.02615
0.79626 -0.04040
0.79627 0.02598
0.79627 0.05770
0.79628 0.08425
0.79628 -0.00988
0.79629 -0.06144
0.79629 0.00278
0.79630 0.04565
0.79630 -0.02320
0.79631 0.00787
0.79631 0.14095
0.79632 -0.00097
0.79632 -0.11235
0.79633 -0.03796
0.79633 0.06580
0.79634 0.04792
0.79634 0.00326
0.79635 0.03521
0.79635 0.01991
0.79636 0.02348
0.79636 -0.05149
0.79637 0.03782
0.79637 0.04791
0.79638 -0.02581
0.79638 -0.01771
0.79639 -0.06014
0.79639 0.01786
0.79640 0.04445
0.79640 0.03992
0.79641 -0.00479
0.79641 -0.07615
0.79642 -0.07801
0.79642 -0.04950
0.79643 -0.02626
0.79643 -0.00578
0.79644 0.03034
0.79644 0.02642
0.79645 0.00675
0.79645 0.00981
0.79646 -0.02583
0.79646 0.04439
0.79647 0.01934
0.79647 -0.02070
0.79648 -0.01760
0.79648 -0.06496
0.79649 -0.02041
0.79649 0.00056
0.79650 0.02683
0.79650 0.04367
0.79651 0.00149
0.79651 0.00590
0.79652 -0.01470
0.79652 -0.02792
0.79653 0.07885
0.79653 0.01532
0.79654 -0.00970
0.79654 -0.00209
0.79655 -0.04978
0.79655 0.04603
0.79656 0.07836
0.79656 0.02304
0.79657 -0.01852
0.79657 -0.04761
0.79658 -0.04516
0.79658 -0.01018
0.79659 0.02779
0.79659 0.04562
0.79660 0.01053
0.79660 -0.06430
0.79661 -0.00156
0.79661 0.00040
0.79662 -0.00794
0.79662 0.05168
0.79663 0.02903
0.79663 -0.02603
0.79664 -0.03993
0.79664 0.04356
0.79665 -0.03647
0.79665 -0.03312
0.79666 -0.03188
0.79666 -0.10986
0.79667 -0.04704
0.79667 0.00989
0.79668 0.07303
0.79668 0.04244
0.79669 0.01230
0.79669 -0.00000
0.79670 -0.05549
0.79670 -0.01846
0.79671 0.07797
0.79671 0.03583
0.79672 -0.04347
0.79672 0.00852
0.79673 -0.00306
0.79673 0.00750
0.79674 0.01860
0.79674 0.00684
0.79675 0.06192
0.79675 0.04090
0.79676 0.03426
0.79676 -0.00977
0.79677 0.01387
0.79677 -0.01536
0.79678 -0.10004
0.79678 -0.10206
0.79679 -0.05277
0.79679 0.03039
0.79680 0.03506
0.79680 0.03821
0.79681 -0.05710
0.79681 -0.04931
0.79682 -0.02566
0.79682 -0.05422
0.79683 0.02069
0.79683 0.00566
0.79684 0.04206
0.79684 0.02393
0.79685 -0.06999
0.79685 -0.06448
0.79686 0.02306
0.79686 0.08733
0.79687 0.02036
0.79687 -0.03647
0.79688 -0.04661
0.79688 0.02092
0.79689 0.05536
0.79689 0.01546
0.79690 -0.01362
0.79690 -0.02082
0.79691 -0.01045
0.79691 0.02149
0.79692 -0.01527
0.79692 -0.05584
0.79693 -0.04665
0.79693 -0.02913
0.79694 -0.05572
0.79694 -0.05524
0.79695 0.00711
0.79695 0.00372
0.79696 -0.01843
0.79696 0.03618
0.79697 0.04876
0.79697 0.01407
0.79698 -0.00250
0.79698 0.08936
0.79699 0.05690
0.79699 -0.02879
0.79700 0.02346
0.79700 -0.05530
0.79701 -0.03301
0.79701 -0.00775
0.79702 -0.01593
0.79702 -0.04623
0.79703 -0.02048
0.79703 0.00909
0.79704 -0.03354
0.79704 -0.01758
0.79705 0.01174
0.79705 0.00222
0.79706 0.05344
0.79706 0.04122
0.79707 -0.03229
0.79707 0.06807
0.79708 0.04973
0.79708 -0.01021
0.79709 0.02363
0.79709 -0.06999
0.79710 -0.05173
0.79710 -0.00894
0.79711 -0.02737
0.79711 0.02582
0.79712 -0.03141
0.79712 0.04167
0.79713 0.02600
0.79713 0.03273
0.79714 0.06041
0.79714 -0.10585
0.79715 -0.05005
0.79715 -0.01392
0.79716 -0.00893
0.79716 0.01102
0.79717 0.01664
0.79717 0.08345
0.79718 -0.05410
0.79718 -0.01768
0.79719 0.09074
0.79719 0.05114
0.79720 0.06209
0.79720 0.04041
0.79721 0.07801
0.79721 0.02361
0.79722 -0.01504
0.79722 0.04445
0.79723 0.08290
0.79723 -0.03500
0.79724 -0.06476
0.79724 0.06356
0.79725 0.08137
0.79725 0.03419
0.79726 0.00771
0.79726 0.03870
0.79727 -0.05388
0.79727 -0.01343
0.79728 0.06506
0.79728 0.01074
0.79729 0.03641
0.79729 -0.03018
0.79730 -0.02287
0.79730 0.02761
0.79731 -0.01365
0.79731 -0.01823
0.79732 -0.01667
0.79732 -0.03125
0.79733 -0.04534
0.79733 0.00455
0.79734 0.02632
0.79734 -0.00535
0.79735 0.00197
0.79735 0.05252
0.79736 -0.03665
0.79736 -0.07479
0.79737 0.02778
0.79737 -0.03675
0.79738 -0.03298
0.79738 0.05829
0.79739 0.02364
0.79739 -0.01156
0.79740 0.04838
0.79740 -0.01288
0.79741 -0.03929
0.79741 0.02822
0.79742 -0.01130
0.79742 0.00102
0.79743 0.00285
0.79743 0.00280
0.79744 0.04614
0.79744 0.02057
0.79745 0.01288
0.79745 0.00006
0.79746 -0.06815
0.79746 -0.05412
0.79747 0.02068
0.79747 0.04524
0.79748 0.00641
0.79748 -0.04532
0.79749 -0.01758
0.79749 -0.01833
0.79750 -0.03120
0.79750 -0.02457
0.79751 -0.01047
0.79751 0.00547
0.79752 0.00701
0.79752 0.07532
0.79753 -0.02866
0.79753 0.01333
0.79754 0.04340
0.79754 -0.09696
0.79755 -0.02168
0.79755 0.03279
0.79756 0.04250
0.79756 0.01595
0.79757 -0.00325
0.79757 -0.06699
0.79758 -0.01855
0.79758 0.00946
0.79759 0.05418
0.79759 0.04808
0.79760 0.01674
0.79760 0.08242
0.79761 -0.00926
0.79761 -0.01889
0.79762 0.04305
0.79762 -0.05490
0.79763 -0.08246
0.79763 0.05284
0.79764 -0.05350
0.79764 0.01429
0.79765 0.03981
0.79765 -0.06368
0.79766 0.02752
0.79766 -0.00828
0.79767 0.04037
0.79767 -0.02727
0.79768 -0.00743
0.79768 0.12177
0.79769 0.04743
0.79769 -0.01264
0.79770 -0.00144
0.79770 0.04283
0.79771 -0.03604
0.79771 0.02491
0.79772 0.00992
0.79772 -0.03134
0.79773 0.03858
0.79773 -0.03625
0.79774 0.00928
0.79774 0.01510
0.79775 0.04110
0.79775 0.01628
0.79776 -0.02797
0.79776 0.00505
0.79777 -0.04669
0.79777 0.05574
0.79778 0.06398
0.79778 -0.01577
0.79779 0.00791
0.79779 -0.03474
0.79780 -0.02345
0.79780 0.04182
0.79781 0.04042
0.79781 0.01973
0.79782 -0.07901
0.79782 -0.02135
0.79783 -0.01640
0.79783 -0.06665
0.79784 -0.04070
0.79784 -0.05353
0.79785 -0.01888
0.79785 0.02594
0.79786 0.03160
0.79786 -0.03402
0.79787 -0.00532
0.79787 0.01352
0.79788 0.07136
0.79788 0.01744
0.79789 0.04596
0.79789 0.04271
0.79790 -0.08374
0.79790 0.00240
0.79791 0.02896
0.79791 0.01998
0.79792 0.03142
0.79792 -0.02889
0.79793 -0.00211
0.79793 -0.02487
0.79794 -0.02036
0.79794 -0.01599
0.79795 -0.09007
0.79795 0.01484
0.79796 0.07237
0.79796 0.04020
0.79797 0.02380
0.79797 -0.05912
0.79798 0.00309
0.79798 0.03385
0.79799 -0.00906
0.79799 0.06460
0.79800 0.04017
0.79800 0.05344
0.79801 0.04834
0.79801 -0.02362
0.79802 -0.06812
0.79802 -0.00135
0.79803 0.06613
0.79803 -0.02680
0.79804 0.02096
0.79804 0.01795
0.79805 -0.11312
0.79805 -0.04363
0.79806 0.04107
0.79806 -0.03087
0.79807 0.05642
0.79807 0.07141
0.79808 -0.07675
0.79808 -0.01803
0.79809 -0.01810
0.79809 -0.00291
0.79810 0.07891
0.79810 -0.01871
0.79811 -0.03334
0.79811 0.00576
0.79812 -0.05453
0.79812 -0.01839
0.79813 -0.01951
0.79813 0.01322
0.79814 0.04026
0.79814 0.01334
0.79815 0.01213
0.79815 -0.02167
0.79816 0.00558
0.79816 0.08752
0.79817 -0.00164
0.79817 -0.06298
0.79818 0.01832
0.79818 0.02241
0.79819 0.00599
0.79819 -0.02718
0.79820 -0.10216
0.79820 -0.05810
0.79821 0.02995
0.79821 0.03833
0.79822 0.03450
0.79822 0.06272
0.79823 0.07003
0.79823 -0.02047
0.79824 -0.08238
0.79824 -0.08555
0.79825 0.07989
0.79825 0.02244
0.79826 -0.00319
0.79826 0.04829
0.79827 -0.08001
0.79827 -0.01906
0.79828 -0.03388
0.79828 -0.02659
0.79829 -0.01538
0.79829 -0.01394
0.79830 0.05551
0.79830 -0.05131
0.79831 -0.01424
0.79831 -0.01986
0.79832 0.02698
0.79832 0.08851
0.79833 -0.00761
0.79833 0.02667
0.79834 -0.01971
0.79834 0.00771
0.79835 0.01672
0.79835 -0.04093
0.79836 0.03197
0.79836 0.01647
0.79837 -0.02759
0.79837 0.01954
0.79838 -0.03440
0.79838 -0.02121
0.79839 -0.02258
0.79839 -0.08615
0.79840 -0.03222
0.79840 0.02934
0.79841 -0.08751
0.79841 -0.11815
0.79842 0.00109
0.79842 0.03746
0.79843 0.09484
0.79843 0.04720
0.79844 -0.03431
0.79844 0.02651
0.79845 -0.02601
0.79845 -0.02850
0.79846 0.07088
0.79846 -0.02936
0.79847 0.02379
0.79847 0.06293
0.79848 -0.04331
0.79848 -0.05458
0.79849 -0.02407
0.79849 0.04370
0.79850 0.05870
0.79850 0.04247
0.79851 0.04501
0.79851 -0.02525
0.79852 -0.05935
0.79852 -0.00107
0.79853 0.04963
0.79853 0.08738
0.79854 0.06726
0.79854 0.00100
0.79855 -0.06394
0.79855 -0.03803
0.79856 -0.02709
0.79856 -0.00995
0.79857 -0.00020
0.79857 -0.03266
0.79858 -0.01752
0.79858 -0.02193
0.79859 0.02093
0.79859 0.05207
0.79860 0.04340
0.79860 0.06247
0.79861 0.03208
0.79861 -0.00490
0.79862 0.01180
0.79862 -0.04594
0.79863 -0.02790
0.79863 0.00562
0.79864 -0.03596
0.79864 -0.03100
0.79865 0.04451
0.79865 0.07655
0.79866 -0.00887
0.79866 -0.01711
0.79867 0.05654
0.79867 0.01761
0.79868 -0.09376
0.79868 0.03972
0.79869 -0.01679
0.79869 -0.08772
0.79870 0.02958
0.79870 0.01932
0.79871 0.00044
0.79871 -0.02334
0.79872 0.03414
0.79872 -0.01700
0.79873 -0.00986
0.79873 -0.00166
0.79874 -0.08175
0.79874 0.07636
0.79875 0.03286
0.79875 0.02282
0.79876 0.04429
0.79876 -0.03321
0.79877 0.04192
0.79877 -0.04402
0.79878 -0.05728
0.79878 0.04277
0.79879 -0.00739
0.79879 -0.01445
0.79880 0.02758
0.79880 0.05643
0.79881 0.04214
0.79881 -0.06130
0.79882 0.05937
0.79882 0.04890
0.79883 -0.07311
0.79883 0.05150
0.79884 0.02141
0.79884 -0.07555
0.79885 -0.02905
0.79885 -0.01408
0.79886 -0.01481
0.79886 -0.04357
0.79887 -0.01531
0.79887 0.02359
0.79888 0.00640
0.79888 -0.01280
0.79889 -0.08875
0.79889 -0.04661
0.79890 0.02419
0.79890 -0.00064
0.79891 -0.02897
0.79891 0.04599
0.79892 0.04412
0.79892 -0.00797
0.79893 0.10580
0.79893 0.05702
0.79894 -0.05108
0.79894 0.00043
0.79895 -0.03641
0.79895 0.02091
0.79896 0.03673
0.79896 0.02954
0.79897 0.05389
0.79897 -0.00235
0.79898 0.04955
0.79898 -0.05228
0.79899 -0.08933
0.79899 -0.01627
0.79900 -0.01656
0.79900 -0.08688
0.79901 -0.01632
0.79901 0.02050
0.79902 -0.03147
0.79902 0.06613
0.79903 0.11664
0.79903 0.07631
0.79904 0.01216
0.79904 0.01363
0.79905 0.00756
0.79905 0.04630
0.79906 0.05881
0.79906 -0.00926
0.79907 0.00108
0.79907 -0.01748
0.79908 -0.04591
0.79908 0.02384
0.79909 -0.02587
0.79909 0.01604
0.79910 -0.00046
0.79910 -0.07576
0.79911 0.04850
0.79911 0.01585
0.79912 -0.01535
0.79912 -0.00165
0.79913 0.00876
0.79913 -0.03171
0.79914 0.00237
0.79914 0.07129
0.79915 -0.03606
0.79915 -0.01032
0.79916 0.00158
0.79916 -0.03531
0.79917 -0.02538
0.79917 0.00426
0.79918 -0.01503
0.79918 -0.02840
0.79919 0.03111
0.79919 0.01025
0.79920 0.03784
0.79920 -0.01149
0.79921 -0.04163
0.79921 0.01972
0.79922 -0.01626
0.79922 -0.05289
0.79923 0.01528
0.79923 0.04509
0.79924 -0.02425
0.79924 0.05667
0.79925 0.02995
0.79925 -0.00576
0.79926 0.05072
0.79926 0.06136
0.79927 -0.02524
0.79927 -0.06190
0.79928 0.09454
0.79928 0.00855
0.79929 -0.08824
0.79929 0.07624
0.79930 0.01633
0.79930 -0.07756
0.79931 0.03376
0.79931 0.00669
0.79932 0.01490
0.79932 0.06877
0.79933 0.06938
0.79933 0.06400
0.79934 0.05348
0.79934 0.04401
0.79935 -0.02624
0.79935 -0.02261
0.79936 0.00093
0.79936 -0.01685
0.79937 0.06080
0.79937 0.03034
0.79938 -0.01584
0.79938 0.02108
0.79939 0.00089
0.79939 -0.00625
0.79940 -0.01323
0.79940 -0.01076
0.79941 0.06184
0.79941 0.05320
0.79942 0.04326
0.79942 0.04540
0.79943 0.01521
0.79943 0.00286
0.79944 -0.03122
0.79944 0.00135
0.79945 -0.02517
0.79945 -0.03628
0.79946 -0.00450
0.79946 0.00441
0.79947 -0.00704
0.79947 -0.00190
0.79948 -0.00995
0.79948 -0.00162
0.79949 0.00031
0.79949 -0.01855
0.79950 0.06196
0.79950 0.06830
0.79951 -0.01801
0.79951 -0.04952
0.79952 -0.00451
0.79952 0.00089
0.79953 -0.07586
0.79953 -0.07785
0.79954 -0.00366
0.79954 0.02156
0.79955 0.04055
0.79955 -0.04413
0.79956 -0.07837
0.79956 -0.00266
0.79957 -0.00598
0.79957 -0.01481
0.79958 -0.02098
0.79958 -0.02591
0.79959 -0.03032
0.79959 -0.02226
0.79960 -0.06750
0.79960 -0.00515
0.79961 0.01256
0.79961 -0.04709
0.79962 0.06813
0.79962 -0.00940
0.79963 -0.00067
0.79963 0.06252
0.79964 -0.02149
0.79964 0.00905
0.79965 -0.00160
0.79965 0.02992
0.79966 -0.02313
0.79966 -0.09274
0.79967 -0.02974
0.79967 0.05376
0.79968 0.03351
0.79968 -0.07899
0.79969 0.05260
0.79969 0.05535
0.79970 -0.11227
0.79970 0.02183
0.79971 0.04988
0.79971 0.01822
0.79972 0.03825
0.79972 0.00175
0.79973 -0.02481
0.79973 -0.05594
0.79974 -0.00084
0.79974 -0.01581
0.79975 -0.03277
0.79975 -0.06002
0.79976 -0.07283
0.79976 -0.02687
0.79977 0.03561
0.79977 0.01169
0.79978 -0.03290
0.79978 -0.02768
0.79979 -0.03099
0.79979 0.09414
0.79980 -0.01515
0.79980 -0.06237
0.79981 0.07976
0.79981 -0.00550
0.79982 0.08745
0.79982 0.00650
0.79983 -0.01033
0.79983 0.14251
0.79984 -0.03506
0.79984 -0.00305
0.79985 0.00140
0.79985 -0.07137
0.79986 -0.01718
0.79986 0.01406
0.79987 0.00103
0.79987 0.06744
0.79988 0.06654
0.79988 -0.01705
0.79989 -0.00250
0.79989 -0.01186
0.79990 0.03880
0.79990 0.01274
0.79991 0.00252
0.79991 0.02975
0.79992 -0.03408
0.79992 0.00453
0.79993 0.01788
0.79993 0.03273
0.79994 0.10748
0.79994 0.06073
0.79995 -0.05103
0.79995 -0.01414
0.79996 0.04632
0.79996 0.00360
0.79997 -0.02293
0.79997 -0.00250
0.79998 0.03751
0.79998 -0.03082
0.79999 -0.04410
0.79999 0.04708
0.80000 0.00373
0.80000 0.04953
0.80001 0.03873
0.80001 0.02223
0.80002 -0.02248
0.80002 -0.08423
0.80003 0.09356
0.80003 0.06742
0.80004 0.02437
0.80004 0.02534
0.80005 -0.00101
0.80005 -0.00348
0.80006 -0.07106
0.80006 -0.08206
0.80007 -0.00488
0.80007 0.03935
0.80008 0.02632
0.80008 0.01568
0.80009 0.01004
0.80009 -0.01658
0.80010 0.06090
0.80010 0.05738
0.80011 0.01182
0.80011 0.01641
0.80012 -0.04155
0.80012 0.04429
0.80013 0.01301
0.80013 -0.01417
0.80014 0.04083
0.80014 -0.02974
0.80015 0.02182
0.80015 0.06481
0.80016 -0.02201
0.80016 -0.01174
0.80017 0.06629
0.80017 0.04506
0.80018 0.01410
0.80018 -0.00708
0.80019 0.02447
0.80019 0.03643
0.80020 0.03807
0.80020 0.01566
0.80021 -0.06973
0.80021 -0.04246
0.80022 -0.06291
0.80022 0.02586
0.80023 0.05525
0.80023 -0.02259
0.80024 0.01739
0.80024 0.01594
0.80025 0.02328
0.80025 0.00081
0.80026 -0.01337
0.80026 0.02059
0.80027 0.04584
0.80027 0.03988
0.80028 -0.00941
0.80028 0.00802
0.80029 0.01363
0.80029 0.02311
0.80030 -0.00783
0.80030 -0.00408
0.80031 0.02894
0.80031 -0.04143
0.80032 -0.00042
0.80032 -0.02313
0.80033 -0.00250
0.80033 0.07664
0.80034 0.04465
0.80034 0.03756
0.80035 0.02175
0.80035 -0.00590
0.80036 0.00198
0.80036 0.00522
0.80037 -0.03161
0.80037 0.00524
0.80038 0.02244
0.80038 0.01445
0.80039 0.02949
0.80039 0.04695
0.80040 -0.02140
0.80040 0.01266
0.80041 0.02617
0.80041 -0.01385
0.80042 0.02266
0.80042 -0.00420
0.80043 0.01375
0.80043 -0.05267
0.80044 -0.02536
0.80044 0.01032
0.80045 -0.04704
0.80045 0.03580
0.80046 0.12946
0.80046 0.06187
0.80047 -0.04080
0.80047 0.00989
0.80048 0.05192
0.80048 0.03402
0.80049 0.00373
0.80049 -0.03346
0.80050 0.02876
0.80050 0.04545
0.80051 0.02913
0.80051 0.01673
0.80052 0.02290
0.80052 0.05370
0.80053 0.03059
0.80053 0.02793
0.80054 -0.02857
0.80054 -0.03817
0.80055 0.00885
0.80055 -0.06296
0.80056 0.03022
0.80056 0.02492
0.80057 -0.04481
0.80057 0.02136
0.80058 0.01570
0.80058 -0.03961
0.80059 -0.01639
0.80059 -0.04584
0.80060 -0.02478
0.80060 0.05779
0.80061 -0.03500
0.80061 0.02004
0.80062 0.03438
0.80062 -0.00460
0.80063 0.07510
0.80063 0.03587
0.80064 -0.01225
0.80064 -0.00541
0.80065 -0.00205
0.80065 -0.04044
0.80066 -0.00965
0.80066 0.09232
0.80067 0.05397
0.80067 0.02726
0.80068 0.05392
0.80068 0.01312
0.80069 0.00461
0.80069 -0.01874
0.80070 -0.07014
0.80070 -0.01316
0.80071 0.00937
0.80071 -0.01800
0.80072 -0.00824
0.80072 -0.03642
0.80073 -0.02523
0.80073 0.04066
0.80074 -0.00650
0.80074 -0.01759
0.80075 -0.02555
0.80075 -0.05066
0.80076 0.02299
0.80076 -0.01871
0.80077 -0.03267
0.80077 0.07063
0.80078 -0.06178
0.80078 -0.00912
0.80079 0.04914
0.80079 0.01981
0.80080 0.04590
0.80080 -0.01968
0.80081 0.05899
0.80081 0.07709
0.80082 0.02365
0.80082 0.01342
0.80083 -0.04781
0.80083 0.00911
0.80084 0.06533
0.80084 0.00933
0.80085 0.02626
0.80085 -0.11425
0.80086 -0.03694
0.80086 0.01600
0.80087 -0.00881
0.80087 0.07727
0.80088 -0.05504
0.80088 0.02374
0.80089 0.06894
0.80089 -0.09644
0.80090 -0.03980
0.80090 -0.04713
0.80091 -0.03177
0.80091 0.01172
0.80092 -0.05133
0.80092 0.04546
0.80093 0.01409
0.80093 -0.01339
0.80094 0.04976
0.80094 0.00621
0.80095 0.11389
0.80095 0.05427
0.80096 -0.03794
0.80096 0.02593
0.80097 0.00465
0.80097 -0.00589
0.80098 -0.05593
0.80098 -0.02289
0.80099 0.00859
0.80099 0.00238
0.80100 0.03908
0.80100 -0.01674
0.80101 0.03160
0.80101 -0.01090
0.80102 -0.03404
0.80102 0.02627
0.80103 0.01122
0.80103 0.05494
0.80104 -0.04744
0.80104 0.08871
0.80105 0.08363
0.80105 0.01171
0.80106 -0.00268
0.80106 -0.07585
0.80107 0.09091
0.80107 0.01511
0.80108 0.04734
0.80108 0.01471
0.80109 0.00319
0.80109 0.07609
0.80110 -0.01517
0.80110 0.05215
0.80111 -0.04756
0.80111 -0.01364
0.80112 0.05955
0.80112 0.03847
0.80113 -0.00505
0.80113 -0.08368
0.80114 -0.01084
0.80114 0.00705
0.80115 0.01576
0.80115 0.05451
0.80116 0.01578
0.80116 -0.00011
0.80117 0.04330
0.80117 0.01797
0.80118 0.04637
0.80118 -0.01864
0.80119 0.05444
0.80119 0.00077
0.80120 -0.05447
0.80120 0.08416
0.80121 -0.02212
0.80121 -0.03272
0.80122 0.00832
0.80122 0.03178
0.80123 0.01968
0.80123 -0.02459
0.80124 0.05563
0.80124 0.04080
0.80125 0.00151
0.80125 0.03731
0.80126 -0.09070
0.80126 -0.03181
0.80127 0.03252
0.80127 0.05830
0.80128 0.09679
0.80128 0.04019
0.80129 0.05624
0.80129 -0.06864
0.80130 -0.04316
0.80130 0.04562
0.80131 0.01366
0.80131 -0.02195
0.80132 -0.03438
0.80132 -0.03457
0.80133 -0.00462
0.80133 0.06465
0.80134 -0.04975
0.80134 -0.02423
0.80135 0.04562
0.80135 -0.00252
0.80136 0.07081
0.80136 -0.05297
0.80137 -0.06289
0.80137 0.07338
0.80138 0.00215
0.80138 0.00377
0.80139 -0.02800
0.80139 -0.11404
0.80140 -0.08481
0.80140 0.05110
0.80141 0.01825
0.80141 0.10997
0.80142 0.05066
0.80142 -0.04784
0.80143 -0.00226
0.80143 -0.06289
0.80144 0.06054
0.80144 0.04404
0.80145 0.08754
0.80145 0.02850
0.80146 -0.01986
0.80146 0.06455
0.80147 0.03875
0.80147 0.01857
0.80148 0.00665
0.80148 0.00646
0.80149 -0.03402
0.80149 0.04269
0.80150 0.03315
0.80150 -0.04071
0.80151 -0.07300
0.80151 -0.02124
0.80152 0.04492
0.80152 0.00442
0.80153 -0.01739
0.80153 -0.08436
0.80154 -0.01568
0.80154 0.04835
0.80155 0.02563
0.80155 0.02616
0.80156 -0.03348
0.80156 -0.04056
0.80157 0.04722
0.80157 0.06151
0.80158 0.03204
0.80158 0.02953
0.80159 -0.04826
0.80159 -0.02508
0.80160 0.06155
0.80160 0.03402
0.80161 0.02433
0.80161 0.02444
0.80162 0.02418
0.80162 0.00682
0.80163 0.01588
0.80163 0.05466
0.80164 0.02419
0.80164 -0.03821
0.80165 0.01371
0.80165 0.05658
0.80166 0.08647
0.80166 0.02774
0.80167 0.01649
0.80167 0.08384
0.80168 0.00893
0.80168 -0.06822
0.80169 -0.00813
0.80169 0.05597
0.80170 0.01039
0.80170 0.06682
0.80171 0.04562
0.80171 -0.02353
0.80172 0.02997
0.80172 0.01867
0.80173 -0.03480
0.80173 0.00681
0.80174 0.05516
0.80174 0.01629
0.80175 0.01003
0.80175 0.01049
0.80176 -0.01480
0.80176 0.07166
0.80177 0.04436
0.80177 0.01971
0.80178 0.02006
0.80178 0.03803
0.80179 0.00434
0.80179 -0.04066
0.80180 0.01118
0.80180 -0.00661
0.80181 0.03847
0.80181 0.05041
0.80182 0.03419
0.80182 0.00718
0.80183 0.02918
0.80183 0.06642
0.80184 0.07990
0.80184 -0.00841
0.80185 -0.05244
0.80185 -0.01250
0.80186 -0.01991
0.80186 0.08437
0.80187 0.01781
0.80187 0.02270
0.80188 0.01668
0.80188 -0.09773
0.80189 0.02198
0.80189 0.09918
0.80190 0.06015
0.80190 -0.02980
0.80191 0.04906
0.80191 0.07017
0.80192 -0.00670
0.80192 0.02888
0.80193 0.02219
0.80193 0.02426
0.80194 -0.00666
0.80194 -0.03491
0.80195 -0.02631
0.80195 0.01470
0.80196 0.04774
0.80196 -0.01035
0.80197 0.00595
0.80197 -0.03785
0.80198 -0.05504
0.80198 0.05379
0.80199 0.03372
0.80199 0.01557
0.80200 0.00407
0.80200 0.00033
0.80201 -0.01228
0.80201 -0.00161
0.80202 0.00481
0.80202 0.04433
0.80203 0.06397
0.80203 0.00753
0.80204 0.02042
0.80204 -0.00658
0.80205 -0.01844
0.80205 -0.01776
0.80206 -0.06518
0.80206 0.08359
0.80207 0.06688
0.80207 -0.11793
0.80208 0.01230
0.80208 0.04405
0.80209 0.02637
0.80209 0.05484
0.80210 -0.01558
0.80210 0.05935
0.80211 0.04258
0.80211 -0.02612
0.80212 0.03761
0.80212 0.03360
0.80213 0.03562
0.80213 0.04042
0.80214 0.03130
0.80214 -0.00532
0.80215 -0.01914
0.80215 0.07058
0.80216 0.03162
0.80216 -0.07389
0.80217 -0.00679
0.80217 -0.01655
0.80218 0.04832
0.80218 0.05809
0.80219 0.02171
0.80219 0.07102
0.80220 -0.04911
0.80220 0.04211
0.80221 0.04725
0.80221 -0.00338
0.80222 0.06813
0.80222 0.01263
0.80223 -0.05223
0.80223 -0.01769
0.80224 0.03680
0.80224 0.03285
0.80225 0.04843
0.80225 0.05950
0.80226 0.03283
0.80226 -0.03850
0.80227 0.05151
0.80227 0.07522
0.80228 -0.04492
0.80228 -0.01861
0.80229 0.03074
0.80229 -0.02903
0.80230 -0.03004
0.80230 -0.02526
0.80231 -0.03028
0.80231 -0.03161
0.80232 0.01118
0.80232 0.03202
0.80233 -0.02797
0.80233 0.04660
0.80234 -0.01431
0.80234 -0.00340
0.80235 0.01587
0.80235 -0.06543
0.80236 -0.00765
0.80236 0.02842
0.80237 0.02530
0.80237 0.01838
0.80238 0.01207
0.80238 -0.01764
0.80239 -0.03377
0.80239 0.00633
0.80240 -0.00299
0.80240 -0.01903
0.80241 -0.00185
0.80241 0.01287
0.80242 -0.03870
0.80242 -0.03752
0.80243 -0.00638
0.80243 0.00188
0.80244 -0.01017
0.80244 -0.04310
0.80245 -0.04229
0.80245 0.06956
0.80246 0.07130
0.80246 -0.03612
0.80247 -0.00306
0.80247 0.01597
0.80248 0.01073
0.80248 -0.03386
0.80249 0.03288
0.80249 -0.02448
0.80250 0.01154
0.80250 0.04416
0.80251 -0.04456
0.80251 -0.01179
0.80252 0.00741
0.80252 0.06849
0.80253 0.06824
0.80253 0.05221
0.80254 0.00298
0.80254 0.00726
0.80255 -0.00006
0.80255 0.03281
0.80256 0.09051
0.80256 0.02153
0.80257 0.02234
0.80257 0.04195
0.80258 0.06338
0.80258 0.04225
0.80259 -0.09510
0.80259 -0.02327
0.80260 0.04099
0.80260 -0.06848
0.80261 0.00989
0.80261 0.03267
0.80262 -0.03191
0.80262 0.07098
0.80263 0.02118
0.80263 0.03765
0.80264 0.07192
0.80264 -0.00993
0.80265 0.03984
0.80265 -0.00765
0.80266 -0.00702
0.80266 0.07482
0.80267 0.01685
0.80267 0.05138
0.80268 0.01211
0.80268 -0.03621
0.80269 0.07101
0.80269 0.01210
0.80270 0.04264
0.80270 0.05708
0.80271 -0.00403
0.80271 -0.00384
0.80272 0.02306
0.80272 0.05959
0.80273 0.04804
0.80273 0.00464
0.80274 -0.04360
0.80274 -0.02816
0.80275 -0.00851
0.80275 0.02919
0.80276 0.01195
0.80276 -0.00423
0.80277 0.01280
0.80277 -0.01753
0.80278 0.02733
0.80278 0.00575
0.80279 0.04499
0.80279 0.06707
0.80280 0.02938
0.80280 0.06642
0.80281 0.06100
0.80281 0.03301
0.80282 -0.01986
0.80282 0.00679
0.80283 -0.00261
0.80283 -0.04109
0.80284 0.00276
0.80284 0.02624
0.80285 0.04939
0.80285 -0.00934
0.80286 0.02007
0.80286 0.04675
0.80287 0.01913
0.80287 0.00779
0.80288 -0.05705
0.80288 -0.01806
0.80289 -0.00951
0.80289 0.07317
0.80290 0.09090
0.80290 0.00855
0.80291 -0.01427
0.80291 0.00696
0.80292 0.06755
0.80292 0.04961
0.80293 0.04469
0.80293 0.02349
0.80294 0.08804
0.80294 0.09982
0.80295 0.00434
0.80295 -0.00915
0.80296 0.03042
0.80296 0.06431
0.80297 -0.02290
0.80297 -0.04377
0.80298 -0.06965
0.80298 -0.07601
0.80299 -0.05778
0.80299 -0.00194
0.80300 0.04784
0.80300 0.01585
0.80301 0.04996
0.80301 -0.01097
0.80302 -0.01265
0.80302 0.04307
0.80303 -0.00138
0.80303 0.03627
0.80304 0.04089
0.80304 -0.01051
0.80305 0.03768
0.80305 0.01454
0.80306 -0.01157
0.80306 -0.00912
0.80307 -0.03650
0.80307 0.05410
0.80308 0.00949
0.80308 0.00987
0.80309 0.09195
0.80309 0.02235
0.80310 0.01369
0.80310 0.02834
0.80311 -0.01201
0.80311 0.07998
0.80312 0.03449
0.80312 -0.04290
0.80313 -0.02338
0.80313 -0.02232
0.80314 0.04161
0.80314 -0.07590
0.80315 -0.05547
0.80315 0.10018
0.80316 0.06788
0.80316 0.00524
0.80317 0.04582
0.80317 0.03882
0.80318 0.00375
0.80318 0.00504
0.80319 0.02004
0.80319 0.05005
0.80320 0.06675
0.80320 0.03798
0.80321 -0.00346
0.80321 -0.00963
0.80322 0.05009
0.80322 0.00920
0.80323 0.00120
0.80323 0.07694
0.80324 0.02024
0.80324 0.00645
0.80325 0.04002
0.80325 -0.00602
0.80326 0.02204
0.80326 0.01686
0.80327 -0.02903
0.80327 0.04355
0.80328 0.03084
0.80328 0.01028
0.80329 0.00451
0.80329 -0.02327
0.80330 -0.01037
0.80330 0.02277
0.80331 0.06218
0.80331 0.04398
0.80332 0.02240
0.80332 -0.04116
0.80333 -0.03070
0.80333 0.03554
0.80334 0.00510
0.80334 0.06513
0.80335 0.06092
0.80335 0.02424
0.80336 -0.05423
0.80336 -0.05812
0.80337 0.01301
0.80337 0.02644
0.80338 0.05840
0.80338 0.01112
0.80339 0.05177
0.80339 0.05850
0.80340 0.00769
0.80340 0.08810
0.80341 0.03694
0.80341 0.02851
0.80342 0.05978
0.80342 -0.02218
0.80343 -0.01369
0.80343 -0.02655
0.80344 -0.00796
0.80344 -0.02053
0.80345 0.01221
0.80345 0.03620
0.80346 -0.01649
0.80346 0.02379
0.80347 0.00454
0.80347 0.04450
0.80348 0.09491
0.80348 0.02936
0.80349 -0.01539
0.80349 -0.02194
0.80350 0.06398
0.80350 0.07700
0.80351 -0.03226
0.80351 -0.03769
0.80352 0.01389
0.80352 -0.00668
0.80353 -0.05501
0.80353 0.03279
0.80354 0.03691
0.80354 0.02088
0.80355 0.03291
0.80355 0.06248
0.80356 0.04601
0.80356 -0.04573
0.80357 0.02081
0.80357 0.06226
0.80358 -0.00235
0.80358 -0.03386
0.80359 0.00715
0.80359 -0.00791
0.80360 0.00550
0.80360 0.03971
0.80361 0.09784
0.80361 0.03925
0.80362 0.01466
0.80362 0.08477
0.80363 0.05549
0.80363 -0.05739
0.80364 -0.10348
0.80364 -0.07620
0.80365 -0.03791
0.80365 0.07006
0.80366 0.01500
0.80366 -0.01219
0.80367 -0.00457
0.80367 -0.07330
0.80368 0.02558
0.80368 0.03608
0.80369 0.00607
0.80369 0.07258
0.80370 0.05072
0.80370 0.00711
0.80371 -0.03757
0.80371 -0.00833
0.80372 0.02213
0.80372 0.07608
0.80373 -0.00133
0.80373 0.00698
0.80374 0.08326
0.80374 -0.06913
0.80375 0.01994
0.80375 0.03235
0.80376 -0.03587
0.80376 0.03738
0.80377 -0.00674
0.80377 0.06195
0.80378 0.05452
0.80378 -0.02794
0.80379 0.03109
0.80379 0.04069
0.80380 0.04191
0.80380 0.05063
0.80381 0.04235
0.80381 0.08009
0.80382 0.02899
0.80382 -0.11375
0.80383 -0.05518
0.80383 0.05550
0.80384 0.08616
0.80384 0.03050
0.80385 -0.04456
0.80385 0.01165
0.80386 -0.00108
0.80386 0.00092
0.80387 0.02027
0.80387 -0.07115
0.80388 -0.01613
0.80388 0.01718
0.80389 -0.04531
0.80389 -0.00851
0.80390 0.00904
0.80390 0.00153
0.80391 -0.00900
0.80391 0.01761
0.80392 0.04954
0.80392 -0.00500
0.80393 -0.06079
0.80393 -0.04736
0.80394 -0.02958
0.80394 0.06153
0.80395 0.07338
0.80395 0.00735
0.80396 -0.01900
0.80396 -0.03281
0.80397 0.01962
0.80397 0.00575
0.80398 -0.05134
0.80398 -0.07370
0.80399 0.03180
0.80399 -0.02441
0.80400 -0.01218
0.80400 0.07800
0.80401 -0.00802
0.80401 -0.00345
0.80402 -0.04623
0.80402 -0.04608
0.80403 0.03699
0.80403 0.11805
0.80404 0.08518
0.80404 -0.03659
0.80405 -0.08486
0.80405 -0.04639
0.80406 0.02937
0.80406 0.02234
0.80407 0.02325
0.80407 0.01955
0.80408 0.00175
0.80408 0.01171
0.80409 -0.02227
0.80409 0.01445
0.80410 0.07002
0.80410 0.01422
0.80411 0.06302
0.80411 0.03259
0.80412 -0.01697
0.80412 0.01443
0.80413 -0.03510
0.80413 0.05521
0.80414 -0.00524
0.80414 -0.03287
0.80415 0.04111
0.80415 -0.05450
0.80416 -0.03629
0.80416 -0.03189
0.80417 0.03637
0.80417 0.02579
0.80418 -0.03147
0.80418 0.05046
0.80419 -0.07907
0.80419 0.03542
0.80420 0.05152
0.80420 0.00516
0.80421 0.00559
0.80421 -0.04950
0.80422 0.09983
0.80422 0.02772
0.80423 -0.01418
0.80423 0.00575
0.80424 -0.00904
0.80424 -0.03512
0.80425 -0.00095
0.80425 0.03298
0.80426 -0.07410
0.80426 -0.00038
0.80427 0.03313
0.80427 -0.06298
0.80428 0.04095
0.80428 0.04464
0.80429 0.00325
0.80429 -0.03061
0.80430 -0.00703
0.80430 0.03678
0.80431 0.05757
0.80431 0.07381
0.80432 -0.04195
0.80432 0.01802
0.80433 0.01643
0.80433 -0.01374
0.80434 0.06329
0.80434 -0.02517
0.80435 -0.04560
0.80435 0.00273
0.80436 -0.01542
0.80436 0.03756
0.80437 -0.02585
0.80437 -0.06602
0.80438 0.08253
0.80438 0.09059
0.80439 -0.01650
0.80439 0.00137
0.80440 -0.02463
0.80440 -0.04899
0.80441 0.05724
0.80441 0.00500
0.80442 0.03418
0.80442 0.04948
0.80443 -0.02894
0.80443 -0.01609
0.80444 -0.04290
0.80444 0.03383
0.80445 0.00558
0.80445 -0.01104
0.80446 -0.00288
0.80446 -0.02142
0.80447 0.02378
0.80447 -0.01252
0.80448 0.02477
0.80448 0.04397
0.80449 0.01107
0.80449 0.03245
0.80450 -0.04086
0.80450 -0.07097
0.80451 0.04359
0.80451 -0.00179
0.80452 0.03822
0.80452 0.15553
0.80453 0.01086
0.80453 0.00872
0.80454 0.04474
0.80454 0.04970
0.80455 0.06195
0.80455 -0.06657
0.80456 0.03343
0.80456 0.03037
0.80457 -0.04886
0.80457 0.01406
0.80458 -0.01908
0.80458 -0.03214
0.80459 -0.03589
0.80459 0.00456
0.80460 -0.00461
0.80460 -0.03586
0.80461 0.05525
0.80461 0.02280
0.80462 -0.00164
0.80462 -0.01889
0.80463 0.00087
0.80463 0.06804
0.80464 -0.00017
0.80464 -0.05528
0.80465 0.04782
0.80465 0.02496
0.80466 -0.04956
0.80466 0.05585
0.80467 0.00096
0.80467 -0.04156
0.80468 0.06916
0.80468 0.00179
0.80469 -0.05758
0.80469 -0.03654
0.80470 -0.00810
0.80470 0.01067
0.80471 -0.04268
0.80471 0.08210
0.80472 0.03624
0.80472 -0.01553
0.80473 0.07268
0.80473 0.02114
0.80474 -0.03190
0.80474 -0.04893
0.80475 -0.00948
0.80475 0.02729
0.80476 -0.02361
0.80476 0.01225
0.80477 0.03399
0.80477 -0.00204
0.80478 0.00471
0.80478 0.07432
0.80479 0.05529
0.80479 -0.04394
0.80480 0.03297
0.80480 0.03757
0.80481 -0.00318
0.80481 0.01195
0.80482 -0.01852
0.80482 0.00028
0.80483 0.07926
0.80483 0.04641
0.80484 -0.01863
0.80484 -0.02362
0.80485 -0.00009
0.80485 0.05976
0.80486 -0.03797
0.80486 0.02168
0.80487 0.03918
0.80487 -0.08706
0.80488 0.04935
0.80488 0.00621
0.80489 -0.05816
0.80489 -0.00452
0.80490 -0.01493
0.80490 -0.00697
0.80491 -0.03075
0.80491 0.03024
0.80492 0.07614
0.80492 0.03399
0.80493 0.04859
0.80493 0.08145
0.80494 0.07464
0.80494 0.04518
0.80495 -0.08187
0.80495 -0.09831
0.80496 -0.02926
0.80496 -0.03054
0.80497 -0.04224
0.80497 0.00384
0.80498 0.03453
0.80498 -0.01688
0.80499 0.01476
0.80499 0.03483
0.80500 0.02610
0.80500 -0.01910
0.80501 -0.06115
0.80501 -0.01603
0.80502 0.02450
0.80502 0.02299
0.80503 0.05857
0.80503 0.00558
0.80504 -0.00721
0.80504 0.06325
0.80505 0.02508
0.80505 -0.02385
0.80506 0.00334
0.80506 0.02527
0.80507 0.00377
0.80507 -0.01308
0.80508 -0.00478
0.80508 0.05543
0.80509 0.06093
0.80509 -0.00854
0.80510 -0.00574
0.80510 -0.04002
0.80511 -0.06229
0.80511 -0.03397
0.80512 0.02795
0.80512 -0.04206
0.80513 -0.09472
0.80513 0.00192
0.80514 -0.03004
0.80514 -0.04236
0.80515 0.03612
0.80515 0.01612
0.80516 0.06035
0.80516 0.05830
0.80517 -0.00139
0.80517 0.04469
0.80518 0.03870
0.80518 0.01870
0.80519 0.02273
0.80519 -0.01011
0.80520 -0.03857
0.80520 0.03881
0.80521 0.10042
0.80521 0.10309
0.80522 -0.01673
0.80522 -0.00968
0.80523 -0.02766
0.80523 -0.03984
0.80524 0.00533
0.80524 0.03026
0.80525 0.02539
0.80525 -0.00805
0.80526 -0.02770
0.80526 -0.10225
0.80527 -0.05137
0.80527 -0.03791
0.80528 0.02702
0.80528 0.05034
0.80529 0.00801
0.80529 0.00498
0.80530 -0.03962
0.80530 -0.04191
0.80531 -0.01315
0.80531 0.04156
0.80532 0.03351
0.80532 0.11983
0.80533 0.06951
0.80533 0.02556
0.80534 0.06776
0.80534 0.00943
0.80535 0.04189
0.80535 0.04430
0.80536 -0.01054
0.80536 -0.00021
0.80537 0.02784
0.80537 0.01720
0.80538 0.03559
0.80538 0.02856
0.80539 -0.00320
0.80539 -0.02279
0.80540 -0.00104
0.80540 0.00817
0.80541 -0.01432
0.80541 -0.03480
0.80542 -0.00514
0.80542 0.08326
0.80543 0.08344
0.80543 -0.05155
0.80544 -0.05363
0.80544 0.03628
0.80545 0.05807
0.80545 0.08256
0.80546 0.02941
0.80546 -0.03540
0.80547 0.01200
0.80547 -0.04593
0.80548 -0.01178
0.80548 0.04959
0.80549 -0.01896
0.80549 -0.02973
0.80550 -0.01037
0.80550 0.02000
0.80551 0.07554
0.80551 0.03026
0.80552 0.00203
0.80552 0.00992
0.80553 -0.01101
0.80553 -0.02631
0.80554 0.01535
0.80554 0.01688
0.80555 -0.00740
0.80555 0.03372
0.80556 -0.03662
0.80556 -0.02421
0.80557 0.03006
0.80557 0.00284
0.80558 0.07900
0.80558 0.04863
0.80559 -0.00783
0.80559 0.01108
0.80560 -0.03360
0.80560 -0.00355
0.80561 -0.02903
0.80561 -0.01610
0.80562 0.07261
0.80562 0.07597
0.80563 0.06440
0.80563 0.06906
0.80564 0.04777
0.80564 -0.00131
0.80565 0.03716
0.80565 0.06412
0.80566 0.02299
0.80566 -0.00927
0.80567 -0.04752
0.80567 -0.01886
0.80568 -0.01649
0.80568 -0.00690
0.80569 -0.01411
0.80569 0.05109
0.80570 0.08292
0.80570 0.02146
0.80571 0.01179
0.80571 -0.02831
0.80572 -0.03293
0.80572 0.05514
0.80573 0.09570
0.80573 0.04017
0.80574 0.05002
0.80574 0.05697
0.80575 0.03139
0.80575 0.05329
0.80576 0.04163
0.80576 0.09450
0.80577 0.02943
0.80577 -0.00338
0.80578 0.03312
0.80578 -0.03529
0.80579 0.05545
0.80579 0.04321
0.80580 -0.04078
0.80580 0.03610
0.80581 0.06154
0.80581 -0.00969
0.80582 -0.10890
0.80582 -0.05873
0.80583 0.07909
0.80583 0.01072
0.80584 0.01396
0.80584 0.04227
0.80585 -0.00577
0.80585 0.02750
0.80586 -0.03074
0.80586 0.00708
0.80587 0.04607
0.80587 0.00821
0.80588 -0.00022
0.80588 -0.02493
0.80589 0.01455
0.80589 0.01077
0.80590 0.00648
0.80590 0.05451
0.80591 0.07933
0.80591 0.02637
0.80592 -0.04417
0.80592 -0.04868
0.80593 0.02359
0.80593 0.01398
0.80594 0.04288
0.80594 0.04172
0.80595 0.01760
0.80595 0.07872
0.80596 -0.07148
0.80596 -0.00517
0.80597 0.05923
0.80597 -0.06311
0.80598 0.10947
0.80598 0.06600
0.80599 -0.03013
0.80599 -0.03131
0.80600 -0.00283
0.80600 -0.01333
0.80601 0.00625
0.80601 0.08813
0.80602 -0.01512
0.80602 0.00691
0.80603 0.04156
0.80603 0.11393
0.80604 0.10307
0.80604 -0.00167
0.80605 0.02333
0.80605 0.04819
0.80606 -0.03421
0.80606 -0.02347
0.80607 0.02744
0.80607 0.00770
0.80608 0.00995
0.80608 0.03964
0.80609 0.06022
0.80609 -0.03811
0.80610 -0.06117
0.80610 0.01957
0.80611 0.04848
0.80611 0.05653
0.80612 0.05456
0.80612 -0.00621
0.80613 -0.00276
0.80613 0.03943
0.80614 -0.02094
0.80614 -0.04689
0.80615 -0.05387
0.80615 0.04648
0.80616 0.04979
0.80616 -0.00531
0.80617 0.00957
0.80617 0.02201
0.80618 0.08496
0.80618 0.04009
0.80619 -0.01851
0.80619 0.02640
0.80620 0.02518
0.80620 -0.02139
0.80621 0.04284
0.80621 0.01402
0.80622 0.04283
0.80622 0.03913
0.80623 -0.06166
0.80623 0.05298
0.80624 0.07160
0.80624 -0.01641
0.80625 0.04452
0.80625 0.03505
0.80626 -0.05606
0.80626 -0.01026
0.80627 -0.02406
0.80627 0.00574
0.80628 0.06019
0.80628 0.04445
0.80629 0.06013
0.80629 0.03969
0.80630 0.05453
0.80630 0.05787
0.80631 -0.00193
0.80631 0.02501
0.80632 0.03458
0.80632 0.02458
0.80633 0.01094
0.80633 -0.00196
0.80634 0.12593
0.80634 0.09498
0.80635 -0.06062
0.80635 -0.01593
0.80636 0.03751
0.80636 0.01733
0.80637 0.03415
0.80637 0.01819
0.80638 0.03265
0.80638 0.01808
0.80639 0.07235
0.80639 0.01956
0.80640 -0.00788
0.80640 0.00169
0.80641 0.00703
0.80641 0.05423
0.80642 0.01276
0.80642 0.04733
0.80643 0.03315
0.80643 0.06980
0.80644 -0.01887
0.80644 -0.06236
0.80645 0.00828
0.80645 -0.04490
0.80646 0.10819
0.80646 -0.00802
0.80647 -0.13844
0.80647 0.01354
0.80648 -0.05257
0.80648 -0.06160
0.80649 0.00936
0.80649 -0.01494
0.80650 0.05221
0.80650 0.05909
0.80651 0.03075
0.80651 0.00063
0.80652 -0.02898
0.80652 -0.02265
0.80653 -0.01011
0.80653 0.03878
0.80654 0.00289
0.80654 -0.01325
0.80655 0.03996
0.80655 0.05585
0.80656 0.03616
0.80656 0.03385
0.80657 -0.00455
0.80657 -0.00823
0.80658 -0.01261
0.80658 0.04423
0.80659 0.09200
0.80659 0.02614
0.80660 0.04445
0.80660 0.07223
0.80661 0.04037
0.80661 -0.04795
0.80662 -0.09873
0.80662 0.03154
0.80663 0.01054
0.80663 0.02286
0.80664 0.07131
0.80664 0.04184
0.80665 0.07464
0.80665 0.00912
0.80666 -0.06261
0.80666 0.04177
0.80667 0.08091
0.80667 0.00429
0.80668 -0.02969
0.80668 -0.00175
0.80669 0.03499
0.80669 -0.02169
0.80670 0.02322
0.80670 0.04339
0.80671 -0.00736
0.80671 0.03711
0.80672 -0.00764
0.80672 -0.05913
0.80673 -0.04361
0.80673 -0.02411
0.80674 0.01104
0.80674 0.01995
0.80675 0.07366
0.80675 0.07076
0.80676 0.02975
0.80676 -0.03168
0.80677 -0.04391
0.80677 0.04979
0.80678 0.02683
0.80678 0.01278
0.80679 0.05755
0.80679 -0.02761
0.80680 -0.04106
0.80680 -0.00760
0.80681 -0.02914
0.80681 0.00892
0.80682 -0.00293
0.80682 -0.00064
0.80683 -0.01799
0.80683 -0.03301
0.80684 0.06563
0.80684 0.01453
0.80685 0.02443
0.80685 -0.02448
0.80686 -0.04555
0.80686 0.03168
0.80687 0.03131
0.80687 0.04823
0.80688 -0.01719
0.80688 0.00909
0.80689 0.01515
0.80689 0.01840
0.80690 0.01920
0.80690 0.02943
0.80691 0.03563
0.80691 -0.04135
0.80692 0.01158
0.80692 0.04799
0.80693 -0.00194
0.80693 0.07009
0.80694 0.07473
0.80694 0.05893
0.80695 0.05152
0.80695 -0.05506
0.80696 0.04548
0.80696 0.10320
0.80697 0.03287
0.80697 0.02463
0.80698 -0.04237
0.80698 -0.04660
0.80699 -0.02715
0.80699 0.01480
0.80700 0.03912
0.80700 0.02591
0.80701 0.04374
0.80701 0.08344
0.80702 0.09983
0.80702 0.00818
0.80703 0.01752
0.80703 0.04420
0.80704 0.03742
0.80704 0.02823
0.80705 0.00965
0.80705 0.03125
0.80706 0.04291
0.80706 -0.00898
0.80707 -0.04706
0.80707 0.09112
0.80708 0.09304
0.80708 -0.00884
0.80709 -0.00512
0.80709 0.03883
0.80710 0.02801
0.80710 -0.05318
0.80711 -0.01006
0.80711 0.05424
0.80712 0.05428
0.80712 0.03595
0.80713 0.01657
0.80713 0.02196
0.80714 -0.04796
0.80714 -0.08054
0.80715 0.04284
0.80715 0.06518
0.80716 0.03324
0.80716 0.01087
0.80717 -0.03078
0.80717 0.01538
0.80718 0.07313
0.80718 0.08772
0.80719 0.07417
0.80719 0.01170
0.80720 -0.01559
0.80720 -0.00119
0.80721 -0.01909
0.80721 -0.02346
0.80722 0.00937
0.80722 -0.03174
0.80723 -0.03618
0.80723 0.04756
0.80724 0.00153
0.80724 -0.00020
0.80725 -0.01036
0.80725 -0.05950
0.80726 0.00884
0.80726 0.03599
0.80727 0.03167
0.80727 -0.03368
0.80728 -0.08344
0.80728 0.05079
0.80729 0.05100
0.80729 0.04009
0.80730 0.00902
0.80730 -0.01295
0.80731 0.14560
0.80731 0.07420
0.80732 0.00787
0.80732 0.05270
0.80733 -0.01832
0.80733 -0.01446
0.80734 -0.00135
0.80734 -0.05111
0.80735 -0.01639
0.80735 0.04169
0.80736 0.02931
0.80736 0.02037
0.80737 0.04018
0.80737 -0.06003
0.80738 -0.04498
0.80738 0.13322
0.80739 0.13340
0.80739 0.00974
0.80740 -0.07793
0.80740 0.00797
0.80741 -0.00706
0.80741 -0.06610
0.80742 0.11072
0.80742 0.00511
0.80743 -0.08603
0.80743 0.04753
0.80744 -0.04076
0.80744 0.03691
0.80745 0.10016
0.80745 -0.02308
0.80746 0.04069
0.80746 0.00405
0.80747 -0.05190
0.80747 -0.07800
0.80748 0.00886
0.80748 0.02489
0.80749 -0.04167
0.80749 0.05774
0.80750 -0.01910
0.80750 -0.04765
0.80751 0.07636
0.80751 0.06432
0.80752 -0.03358
0.80752 0.05367
0.80753 0.12909
0.80753 -0.04111
0.80754 -0.00867
0.80754 0.00385
0.80755 -0.09257
0.80755 -0.00372
0.80756 0.00566
0.80756 0.01258
0.80757 0.06131
0.80757 -0.01255
0.80758 -0.06107
0.80758 0.01130
0.80759 -0.02658
0.80759 0.01700
0.80760 0.10263
0.80760 -0.01145
0.80761 -0.03250
0.80761 -0.02054
0.80762 0.01314
0.80762 0.02804
0.80763 -0.03945
0.80763 -0.04202
0.80764 -0.01397
0.80764 0.03914
0.80765 0.02675
0.80765 -0.01110
0.80766 0.00598
0.80766 -0.06113
0.80767 -0.06038
0.80767 0.03642
0.80768 -0.02510
0.80768 -0.00712
0.80769 -0.03476
0.80769 -0.03645
0.80770 -0.06919
0.80770 -0.07600
0.80771 0.06174
0.80771 0.06187
0.80772 0.03352
0.80772 0.01260
0.80773 0.01177
0.80773 0.01019
0.80774 -0.05216
0.80774 -0.01629
0.80775 0.03090
0.80775 0.01765
0.80776 0.02463
0.80776 -0.00275
0.80777 0.06514
0.80777 0.03581
0.80778 0.06782
0.80778 0.04452
0.80779 -0.02249
0.80779 0.03406
0.80780 0.03268
0.80780 0.04146
0.80781 -0.01514
0.80781 0.04317
0.80782 0.04957
0.80782 0.07861
0.80783 0.04308
0.80783 -0.01251
0.80784 -0.00722
0.80784 -0.04361
0.80785 0.04234
0.80785 0.01811
0.80786 0.01525
0.80786 0.02234
0.80787 0.03080
0.80787 -0.02271
0.80788 -0.03346
0.80788 0.04241
0.80789 0.02908
0.80789 0.04012
0.80790 0.01002
0.80790 -0.01120
0.80791 0.03368
0.80791 0.06441
0.80792 0.06115
0.80792 0.05266
0.80793 0.07150
0.80793 -0.00391
0.80794 -0.02687
0.80794 0.01499
0.80795 -0.01008
0.80795 0.02924
0.80796 0.04783
0.80796 -0.00109
0.80797 -0.01645
0.80797 -0.04181
0.80798 -0.03671
0.80798 0.00652
0.80799 -0.06958
0.80799 -0.00691
0.80800 0.02036
0.80800 -0.05092
0.80801 0.01749
0.80801 0.01214
0.80802 0.02868
0.80802 -0.02891
0.80803 -0.07506
0.80803 0.02097
0.80804 -0.00042
0.80804 -0.02950
0.80805 0.02024
0.80805 0.02022
0.80806 0.02498
0.80806 0.01381
0.80807 -0.03210
0.80807 0.00698
0.80808 -0.04100
0.80808 -0.03006
0.80809 0.01327
0.80809 -0.05558
0.80810 -0.01248
0.80810 0.01915
0.80811 0.02834
0.80811 0.06277
0.80812 0.06764
0.80812 0.01449
0.80813 -0.02649
0.80813 0.00279
0.80814 0.01595
0.80814 0.02302
0.80815 0.02723
0.80815 0.08474
0.80816 -0.00703
0.80816 -0.02037
0.80817 0.04419
0.80817 -0.01571
0.80818 0.04172
0.80818 0.05438
0.80819 0.02340
0.80819 -0.01430
0.80820 -0.02872
0.80820 0.03097
0.80821 0.05106
0.80821 0.01041
0.80822 -0.00395
0.80822 -0.00692
0.80823 0.02551
0.80823 0.02147
0.80824 -0.01777
0.80824 -0.00300
0.80825 0.00907
0.80825 0.02962
0.80826 -0.01354
0.80826 0.05706
0.80827 0.03943
0.80827 -0.04244
0.80828 -0.02135
0.80828 -0.04289
0.80829 -0.00030
0.80829 -0.01621
0.80830 0.00596
0.80830 0.07762
0.80831 0.01851
0.80831 0.04012
0.80832 0.10848
0.80832 0.06300
0.80833 0.00787
0.80833 0.01400
0.80834 0.03127
0.80834 0.03390
0.80835 0.04817
0.80835 0.06923
0.80836 0.05087
0.80836 -0.00301
0.80837 0.01368
0.80837 -0.03026
0.80838 -0.00049
0.80838 0.03287
0.80839 -0.00860
0.80839 -0.01044
0.80840 0.03129
0.80840 0.06805
0.80841 -0.04429
0.80841 -0.02308
0.80842 0.01892
0.80842 -0.01745
0.80843 0.02012
0.80843 0.06147
0.80844 0.01939
0.80844 -0.01484
0.80845 -0.00060
0.80845 0.03000
0.80846 0.01246
0.80846 -0.02061
0.80847 0.04485
0.80847 0.03226
0.80848 0.01973
0.80848 0.01499
0.80849 0.04529
0.80849 -0.00684
0.80850 0.01457
0.80850 0.08174
0.80851 0.01442
0.80851 0.06085
0.80852 0.01755
0.80852 0.00385
0.80853 0.13045
0.80853 0.09279
0.80854 -0.00559
0.80854 0.02310
0.80855 0.00883
0.80855 0.08460
0.80856 0.16313
0.80856 0.04137
0.80857 0.00790
0.80857 0.10030
0.80858 0.05473
0.80858 -0.05307
0.80859 0.07612
0.80859 0.10037
0.80860 0.11240
0.80860 0.13886
0.80861 0.04937
0.80861 0.08664
0.80862 0.02034
0.80862 -0.00230
0.80863 0.07635
0.80863 0.07505
0.80864 0.08302
0.80864 0.07272
0.80865 0.00088
0.80865 0.04149
0.80866 0.10295
0.80866 0.02609
0.80867 0.10252
0.80867 0.09240
0.80868 0.04826
0.80868 0.07098
0.80869 0.03265
0.80869 0.11249
0.80870 0.08715
0.80870 0.06581
0.80871 0.09890
0.80871 0.06001
0.80872 0.04171
0.80872 0.07539
0.80873 0.07425
0.80873 0.12344
0.80874 0.13144
0.80874 0.11030
0.80875 0.11435
0.80875 0.09988
0.80876 0.19699
0.80876 0.19730
0.80877 0.09375
0.80877 0.05658
0.80878 0.17020
0.80878 0.21037
0.80879 0.17099
0.80879 0.13683
0.80880 0.12832
0.80880 0.06447
0.80881 0.09488
0.80881 0.22315
0.80882 0.27775
0.80882 0.23422
0.80883 0.19249
0.80883 0.20537
0.80884 0.13942
0.80884 0.13450
0.80885 0.09364
0.80885 0.08528
0.80886 0.23109
0.80886 0.20670
0.80887 0.20521
0.80887 0.25097
0.80888 0.19464
0.80888 0.27941
0.80889 0.21182
0.80889 0.14557
0.80890 0.18601
0.80890 0.21655
0.80891 0.27010
0.80891 0.23736
0.80892 0.19495
0.80892 0.25388
0.80893 0.29000
0.80893 0.29087
0.80894 0.25261
0.80894 0.19397
0.80895 0.25648
0.80895 0.24347
0.80896 0.24940
0.80896 0.27035
0.80897 0.25847
0.80897 0.37722
0.80898 0.36685
0.80898 0.33942
0.80899 0.30721
0.80899 0.30284
0.80900 0.29721
0.80900 0.37072
0.80901 0.38524
0.80901 0.24449
0.80902 0.34806
0.80902 0.37630
0.80903 0.37060
0.80903 0.43306
0.80904 0.38454
0.80904 0.34784
0.80905 0.38272
0.80905 0.30490
0.80906 0.34032
0.80906 0.45130
0.80907 0.43078
0.80907 0.44070
0.80908 0.46451
0.80908 0.49700
0.80909 0.46809
0.80909 0.55203
0.80910 0.51952
0.80910 0.44389
0.80911 0.47550
0.80911 0.46177
0.80912 0.41495
0.80912 0.48006
0.80913 0.51998
0.80913 0.43054
0.80914 0.57978
0.80914 0.52674
0.80915 0.48555
0.80915 0.64390
0.80916 0.61049
0.80916 0.54630
0.80917 0.57274
0.80917 0.58259
0.80918 0.56079
0.80918 0.53709
0.80919 0.65598
0.80919 0.68716
0.80920 0.56331
0.80920 0.60641
0.80921 0.71498
0.80921 0.63797
0.80922 0.60386
0.80922 0.62729
0.80923 0.54223
0.80923 0.67034
0.80924 0.73896
0.80924 0.66216
0.80925 0.72062
0.80925 0.73419
0.80926 0.72842
0.80926 0.74422
0.80927 0.76665
0.80927 0.83152
0.80928 0.83492
0.80928 0.84196
0.80929 0.75748
0.80929 0.72211
0.80930 0.77050
0.80930 0.70364
0.80931 0.70985
0.80931 0.75766
0.80932 0.84742
0.80932 0.87138
0.80933 0.79814
0.80933 0.84562
0.80934 0.88209
0.80934 0.94821
0.80935 0.90183
0.80935 0.79704
0.80936 0.83569
0.80936 0.90995
0.80937 0.88814
0.80937 0.87760
0.80938 0.96389
0.80938 0.99001
0.80939 0.95451
0.80939 0.91916
0.80940 1.03420
0.80940 1.12586
0.80941 1.10464
0.80941 1.06915
0.80942 0.95234
0.80942 0.97667
0.80943 1.02830
0.80943 0.97086
0.80944 1.14002
0.80944 1.17251
0.80945 1.04135
0.80945 1.10824
0.80946 1.20350
0.80946 1.18477
0.80947 1.09321
0.80947 1.08349
0.80948 1.04020
0.80948 1.04891
0.80949 1.16125
0.80949 1.20205
0.80950 1.22890
0.80950 1.11548
0.80951 1.14946
0.80951 1.12661
0.80952 1.10724
0.80952 1.19850
0.80953 1.23082
0.80953 1.32313
0.80954 1.17772
0.80954 1.25606
0.80955 1.16961
0.80955 1.14787
0.80956 1.31932
0.80956 1.21637
0.80957 1.35603
0.80957 1.25450
0.80958 1.14727
0.80958 1.23797
0.80959 1.25983
0.80959 1.45136
0.80960 1.25503
0.80960 1.24802
0.80961 1.35406
0.80961 1.26974
0.80962 1.41023
0.80962 1.41896
0.80963 1.32935
0.80963 1.39132
0.80964 1.39184
0.80964 1.25962
0.80965 1.42190
0.80965 1.53067
0.80966 1.44156
0.80966 1.37737
0.80967 1.37382
0.80967 1.44633
0.80968 1.47716
0.80968 1.60603
0.80969 1.58417
0.80969 1.49828
0.80970 1.48945
0.80970 1.43434
0.80971 1.51656
0.80971 1.58086
0.80972 1.52533
0.80972 1.43243
0.80973 1.49140
0.80973 1.61247
0.80974 1.54445
0.80974 1.57677
0.80975 1.68327
0.80975 1.61871
0.80976 1.54632
0.80976 1.50791
0.80977 1.61618
0.80977 1.66904
0.80978 1.57615
0.80978 1.65112
0.80979 1.67751
0.80979 1.62911
0.80980 1.60577
0.80980 1.63433
0.80981 1.62258
0.80981 1.65217
0.80982 1.65922
0.80982 1.70716
0.80983 1.77520
0.80983 1.74501
0.80984 1.72382
0.80984 1.70764
0.80985 1.83090
0.80985 1.58688
0.80986 1.72419
0.80986 1.85705
0.80987 1.66917
0.80987 1.75732
0.80988 1.81678
0.80988 1.73887
0.80989 1.71850
0.80989 1.78062
0.80990 1.81709
0.80990 1.88329
0.80991 1.80104
0.80991 1.78920
0.80992 1.88591
0.80992 1.74462
0.80993 1.80863
0.80993 1.91085
0.80994 1.79108
0.80994 1.83053
0.80995 1.80854
0.80995 1.78687
0.80996 1.75573
0.80996 1.82478
0.80997 1.79179
0.80997 1.79193
0.80998 1.86629
0.80998 1.88976
0.80999 1.93862
0.80999 1.86479
0.81000 1.85222
0.81000 1.91218
0.81001 1.92512
0.81001 1.94468
0.81002 1.84106
0.81002 1.83777
0.81003 1.88716
0.81003 1.96904
0.81004 1.88896
0.81004 1.85452
0.81005 1.89997
0.81005 1.72366
0.81006 1.88972
0.81006 1.97391
0.81007 1.94513
0.81007 1.82115
0.81008 1.88036
0.81008 2.08005
0.81009 1.89596
0.81009 1.96300
0.81010 1.96604
0.81010 1.95559
0.81011 2.03502
0.81011 1.95247
0.81012 1.92657
0.81012 1.97356
0.81013 2.12326
0.81013 1.95603
0.81014 1.92522
0.81014 2.19010
0.81015 2.09683
0.81015 2.01008
0.81016 1.99036
0.81016 2.09465
0.81017 2.13062
0.81017 2.00148
0.81018 1.97598
0.81018 1.94635
0.81019 1.93962
0.81019 2.00918
0.81020 2.15952
0.81020 2.04386
0.81021 2.13433
0.81021 2.08718
0.81022 1.96938
0.81022 2.05979
0.81023 2.09109
0.81023 2.05595
0.81024 1.99829
0.81024 2.02779
0.81025 2.00817
0.81025 2.09487
0.81026 2.13086
0.81026 2.06949
0.81027 2.20761
0.81027 2.14781
0.81028 2.07652
0.81028 2.21202
0.81029 2.18655
0.81029 2.08382
0.81030 1.88964
0.81030 2.10345
0.81031 2.17052
0.81031 2.14285
0.81032 2.14476
0.81032 2.00076
0.81033 2.05831
0.81033 2.15626
0.81034 2.19007
0.81034 2.16082
0.81035 1.97420
0.81035 2.00134
0.81036 2.15497
0.81036 2.04369
0.81037 2.08122
0.81037 2.08326
0.81038 2.12363
0.81038 2.13586
0.81039 2.08128
0.81039 2.09658
0.81040 2.04971
0.81040 2.22309
0.81041 2.14878
0.81041 2.12438
0.81042 2.10077
0.81042 2.03339
0.81043 2.24560
0.81043 2.13449
0.81044 2.19053
0.81044 2.24006
0.81045 2.29514
0.81045 2.30708
0.81046 2.10369
0.81046 2.15860
0.81047 2.20338
0.81047 2.18431
0.81048 2.12246
0.81048 2.24560
0.81049 2.31047
0.81049 2.12169
0.81050 2.14349
0.81050 2.24944
0.81051 2.22274
0.81051 2.23414
0.81052 2.33091
0.81052 2.15995
0.81053 2.18755
0.81053 2.31231
0.81054 2.22072
0.81054 2.22306
0.81055 2.18709
0.81055 2.12728
0.81056 2.16084
0.81056 2.29582
0.81057 2.25523
0.81057 2.15045
0.81058 2.16764
0.81058 2.23112
0.81059 2.28618
0.81059 2.15685
0.81060 2.18636
0.81060 2.14750
0.81061 1.97180
0.81061 2.19725
0.81062 2.20572
0.81062 2.23304
0.81063 2.30094
0.81063 2.07170
0.81064 2.24488
0.81064 2.14193
0.81065 2.04876
0.81065 2.21974
0.81066 2.18959
0.81066 2.24108
0.81067 2.13514
0.81067 2.14131
0.81068 2.07589
0.81068 2.15196
0.81069 2.30021
0.81069 2.14288
0.81070 2.12497
0.81070 2.19584
0.81071 2.22984
0.81071 2.20145
0.81072 2.31690
0.81072 2.27382
0.81073 2.10915
0.81073 2.17548
0.81074 2.16254
0.81074 2.19903
0.81075 2.24084
0.81075 2.27020
0.81076 2.16199
0.81076 2.27344
0.81077 2.34072
0.81077 2.16826
0.81078 2.23020
0.81078 2.15679
0.81079 2.12826
0.81079 2.25935
0.81080 2.13038
0.81080 2.09009
0.81081 2.23058
0.81081 2.22918
0.81082 2.22521
0.81082 2.29128
0.81083 2.37001
0.81083 2.15247
0.81084 2.10440
0.81084 2.30406
0.81085 2.23903
0.81085 2.17885
0.81086 2.18616
0.81086 2.20765
0.81087 2.26873
0.81087 2.37099
0.81088 2.23672
0.81088 2.16748
0.81089 2.27148
0.81089 2.16025
0.81090 2.31194
0.81090 2.31826
0.81091 2.14425
0.81091 2.14197
0.81092 2.24427
0.81092 2.16858
0.81093 2.21912
0.81093 2.29625
0.81094 2.06965
0.81094 2.27694
0.81095 2.31669
0.81095 2.13655
0.81096 2.28904
0.81096 2.33397
0.81097 2.29724
0.81097 2.24203
0.81098 2.23785
0.81098 2.29459
0.81099 2.14958
0.81099 2.24729
0.81100 2.25348
0.81100 2.19990
0.81101 2.25176
0.81101 2.26007
0.81102 2.26615
0.81102 2.22827
0.81103 2.24928
0.81103 2.21236
0.81104 2.36758
0.81104 2.26940
0.81105 2.28427
0.81105 2.31023
0.81106 2.24117
0.81106 2.31017
0.81107 2.16086
0.81107 2.10700
0.81108 2.07396
0.81108 2.17865
0.81109 2.34973
0.81109 2.15043
0.81110 2.10563
0.81110 2.21915
0.81111 2.19910
0.81111 2.31557
0.81112 2.33717
0.81112 2.22509
0.81113 2.08740
0.81113 2.16848
0.81114 2.27030
0.81114 2.18657
0.81115 2.17159
0.81115 2.01556
0.81116 2.04182
0.81116 2.27626
0.81117 2.13813
0.81117 2.08639
0.81118 2.22294
0.81118 2.31113
0.81119 2.14763
0.81119 2.03668
0.81120 2.13816
0.81120 2.10913
0.81121 2.06422
0.81121 2.14701
0.81122 2.16239
0.81122 2.01092
0.81123 2.10173
0.81123 2.16442
0.81124 2.09655
0.81124 2.14924
0.81125 2.02741
0.81125 2.11198
0.81126 2.14378
0.81126 2.07735
0.81127 2.11197
0.81127 1.94527
0.81128 2.00897
0.81128 2.01088
0.81129 1.90780
0.81129 2.00577
0.81130 1.98328
0.81130 2.03868
0.81131 2.09041
0.81131 2.07082
0.81132 2.11762
0.81132 2.05807
0.81133 2.06994
0.81133 2.06139
0.81134 2.02110
0.81134 2.12176
0.81135 2.05467
0.81135 2.02499
0.81136 2.11474
0.81136 2.02573
0.81137 2.06514
0.81137 2.05656
0.81138 2.07015
0.81138 2.10043
0.81139 2.13762
0.81139 2.13257
0.81140 1.95487
0.81140 1.94957
0.81141 2.03895
0.81141 2.01884
0.81142 1.92307
0.81142 2.02279
0.81143 2.03389
0.81143 2.02306
0.81144 2.20074
0.81144 2.12089
0.81145 2.03060
0.81145 2.05795
0.81146 2.09447
0.81146 1.99945
0.81147 1.99851
0.81147 2.01485
0.81148 2.00189
0.81148 2.03498
0.81149 1.99090
0.81149 2.08679
0.81150 1.96308
0.81150 2.06019
0.81151 2.05276
0.81151 1.89105
0.81152 2.02210
0.81152 2.06167
0.81153 2.08848
0.81153 2.10150
0.81154 2.07818
0.81154 2.05172
0.81155 2.11533
0.81155 1.98560
0.81156 2.03132
0.81156 2.08041
0.81157 1.98843
0.81157 2.11043
0.81158 2.05402
0.81158 2.03386
0.81159 2.10040
0.81159 2.09124
0.81160 2.07766
0.81160 2.04688
0.81161 2.14434
0.81161 2.20141
0.81162 2.16882
0.81162 2.22049
0.81163 2.08884
0.81163 2.06310
0.81164 2.14824
0.81164 2.08106
0.81165 2.12548
0.81165 2.01844
0.81166 2.04392
0.81166 2.01829
0.81167 1.96677
0.81167 2.15497
0.81168 2.10881
0.81168 2.15953
0.81169 2.06324
0.81169 2.11797
0.81170 2.12232
0.81170 2.03288
0.81171 2.21003
0.81171 2.18276
0.81172 2.10811
0.81172 2.13363
0.81173 2.11650
0.81173 2.04346
0.81174 2.12724
0.81174 2.14304
0.81175 2.11849
0.81175 2.24505
0.81176 2.14418
0.81176 2.07754
0.81177 2.14654
0.81177 2.10373
0.81178 2.14179
0.81178 2.25717
0.81179 2.13684
0.81179 2.11855
0.81180 2.21342
0.81180 2.17570
0.81181 2.18860
0.81181 2.19649
0.81182 2.23976
0.81182 2.16511
0.81183 2.25535
0.81183 2.18332
0.81184 2.09067
0.81184 2.26223
0.81185 2.24760
0.81185 2.33789
0.81186 2.27453
0.81186 2.14421
0.81187 2.11222
0.81187 2.15040
0.81188 2.20474
0.81188 2.19324
0.81189 2.27835
0.81189 2.19850
0.81190 2.16967
0.81190 2.18948
0.81191 2.09665
0.81191 2.18117
0.81192 2.21905
0.81192 2.20437
0.81193 2.14611
0.81193 2.08627
0.81194 2.16411
0.81194 2.12673
0.81195 2.07321
0.81195 2.19859
0.81196 2.24592
0.81196 2.19581
0.81197 2.29182
0.81197 2.23342
0.81198 2.06634
0.81198 2.07444
0.81199 2.14259
0.81199 2.05601
0.81200 2.02224
0.81200 2.16462
0.81201 2.17555
0.81201 2.19037
0.81202 2.04748
0.81202 2.11835
0.81203 2.28068
0.81203 2.14198
0.81204 2.10174
0.81204 2.09232
0.81205 2.14148
0.81205 2.12684
0.81206 2.12304
0.81206 2.06768
0.81207 2.04789
0.81207 2.18257
0.81208 2.10115
0.81208 2.02725
0.81209 2.16160
0.81209 2.18414
0.81210 2.03406
0.81210 1.99531
0.81211 2.05834
0.81211 2.11506
0.81212 2.16696
0.81212 2.13953
0.81213 2.10186
0.81213 2.16354
0.81214 2.24680
0.81214 2.27571
0.81215 2.19462
0.81215 2.15268
0.81216 2.12038
0.81216 2.10719
0.81217 2.10649
0.81217 2.15461
0.81218 2.20956
0.81218 2.12205
0.81219 2.12589
0.81219 2.16775
0.81220 2.09543
0.81220 2.12376
0.81221 2.20814
0.81221 2.25846
0.81222 2.21320
0.81222 2.15547
0.81223 2.24273
0.81223 2.24576
0.81224 2.20655
0.81224 2.15764
0.81225 2.15319
0.81225 2.15127
0.81226 2.13180
0.81226 2.17082
0.81227 2.13137
0.81227 2.08501
0.81228 2.12252
0.81228 2.11580
0.81229 2.18155
0.81229 2.27938
0.81230 2.25810
0.81230 2.12417
0.81231 2.20922
0.81231 2.32251
0.81232 2.00018
0.81232 2.10196
0.81233 2.20177
0.81233 2.12807
0.81234 2.15684
0.81234 2.08259
0.81235 2.04621
0.81235 2.12208
0.81236 2.16831
0.81236 2.11340
0.81237 2.09966
0.81237 2.09606
0.81238 2.17992
0.81238 2.18510
0.81239 2.08075
0.81239 2.10187
0.81240 2.13975
0.81240 2.11269
0.81241 2.18562
0.81241 2.09101
0.81242 2.16179
0.81242 2.10711
0.81243 2.09166
0.81243 2.29866
0.81244 2.07202
0.81244 2.21364
0.81245 2.32510
0.81245 2.09694
0.81246 2.23143
0.81246 2.21371
0.81247 2.20344
0.81247 2.15670
0.81248 2.14833
0.81248 2.28687
0.81249 2.17717
0.81249 2.16665
0.81250 2.10868
0.81250 2.09599
0.81251 2.30749
0.81251 2.36635
0.81252 2.21796
0.81252 2.14079
0.81253 2.16690
0.81253 2.18770
0.81254 2.32060
0.81254 2.29527
0.81255 2.25110
0.81255 2.28425
0.81256 2.20048
0.81256 2.09695
0.81257 2.11599
0.81257 2.30505
0.81258 2.32523
0.81258 2.20812
0.81259 2.28791
0.81259 2.23808
0.81260 2.27653
0.81260 2.23353
0.81261 2.14597
0.81261 2.28835
0.81262 2.27208
0.81262 2.23050
0.81263 2.21693
0.81263 2.14476
0.81264 2.17698
0.81264 2.27904
0.81265 2.25220
0.81265 2.22596
0.81266 2.20329
0.81266 2.30795
0.81267 2.23728
0.81267 2.28183
0.81268 2.30690
0.81268 2.29289
0.81269 2.26122
0.81269 2.16363
0.81270 2.23229
0.81270 2.25549
0.81271 2.30001
0.81271 2.23047
0.81272 2.20655
0.81272 2.33872
0.81273 2.33773
0.81273 2.27448
0.81274 2.32450
0.81274 2.35983
0.81275 2.30915
0.81275 2.36331
0.81276 2.35862
0.81276 2.35920
0.81277 2.34785
0.81277 2.40125
0.81278 2.39489
0.81278 2.25779
0.81279 2.20553
0.81279 2.28078
0.81280 2.32947
0.81280 2.23534
0.81281 2.19779
0.81281 2.17372
0.81282 2.23988
0.81282 2.17057
0.81283 2.15356
0.81283 2.27211
0.81284 2.27871
0.81284 2.26579
0.81285 2.26760
0.81285 2.27258
0.81286 2.37688
0.81286 2.28777
0.81287 2.18189
0.81287 2.32732
0.81288 2.32574
0.81288 2.22465
0.81289 2.30525
0.81289 2.28855
0.81290 2.20999
0.81290 2.33700
0.81291 2.34244
0.81291 2.28164
0.81292 2.31492
0.81292 2.16263
0.81293 2.20907
0.81293 2.23934
0.81294 2.19504
0.81294 2.31672
0.81295 2.21187
0.81295 2.19532
0.81296 2.31341
0.81296 2.25521
0.81297 2.26184
0.81297 2.31015
0.81298 2.17680
0.81298 2.21886
0.81299 2.30341
0.81299 2.31153
0.81300 2.32708
0.81300 2.36002
0.81301 2.30810
0.81301 2.28593
0.81302 2.39080
0.81302 2.23090
0.81303 2.24927
0.81303 2.28166
0.81304 2.31119
0.81304 2.37487
0.81305 2.27173
0.81305 2.27957
0.81306 2.32814
0.81306 2.33793
0.81307 2.33321
0.81307 2.29472
0.81308 2.31096
0.81308 2.37549
0.81309 2.35367
0.81309 2.28552
0.81310 2.29741
0.81310 2.29937
0.81311 2.28045
0.81311 2.34160
0.81312 2.30637
0.81312 2.29444
0.81313 2.14138
0.81313 2.25104
0.81314 2.46100
0.81314 2.36152
0.81315 2.33423
0.81315 2.37543
0.81316 2.33634
0.81316 2.29115
0.81317 2.29408
0.81317 2.27354
0.81318 2.25289
0.81318 2.43136
0.81319 2.39365
0.81319 2.24340
0.81320 2.29548
0.81320 2.31222
0.81321 2.32460
0.81321 2.25785
0.81322 2.30442
0.81322 2.37646
0.81323 2.32555
0.81323 2.27509
0.81324 2.21336
0.81324 2.29218
0.81325 2.26609
0.81325 2.29516
0.81326 2.36914
0.81326 2.25636
0.81327 2.28364
0.81327 2.30026
0.81328 2.40044
0.81328 2.40478
0.81329 2.15795
0.81329 2.19177
0.81330 2.39503
0.81330 2.25061
0.81331 2.28930
0.81331 2.33028
0.81332 2.34487
0.81332 2.32157
0.81333 2.18161
0.81333 2.34342
0.81334 2.31172
0.81334 2.26731
0.81335 2.31881
0.81335 2.14650
0.81336 2.24737
0.81336 2.30873
0.81337 2.26723
0.81337 2.48149
0.81338 2.29671
0.81338 2.30077
0.81339 2.38006
0.81339 2.26848
0.81340 2.38327
0.81340 2.31404
0.81341 2.27308
0.81341 2.25834
0.81342 2.24195
0.81342 2.34905
0.81343 2.37968
0.81343 2.32098
0.81344 2.30517
0.81344 2.28575
0.81345 2.29011
0.81345 2.39362
0.81346 2.49245
0.81346 2.40850
0.81347 2.30099
0.81347 2.35696
0.81348 2.32699
0.81348 2.32769
0.81349 2.33128
0.81349 2.33836
0.81350 2.35375
0.81350 2.29284
0.81351 2.39414
0.81351 2.37185
0.81352 2.23591
0.81352 2.34513
0.81353 2.24642
0.81353 2.20999
0.81354 2.46019
0.81354 2.35455
0.81355 2.25767
0.81355 2.36259
0.81356 2.33461
0.81356 2.28087
0.81357 2.31639
0.81357 2.34573
0.81358 2.21700
0.81358 2.23521
0.81359 2.25182
0.81359 2.26307
0.81360 2.33070
0.81360 2.10235
0.81361 2.20580
0.81361 2.21893
0.81362 2.18010
0.81362 2.22745
0.81363 2.16683
0.81363 2.26206
0.81364 2.30092
0.81364 2.34921
0.81365 2.24231
0.81365 2.28280
0.81366 2.26119
0.81366 2.24574
0.81367 2.30575
0.81367 2.17433
0.81368 2.08861
0.81368 2.15872
0.81369 2.23774
0.81369 2.22660
0.81370 2.33660
0.81370 2.25822
0.81371 2.13108
0.81371 2.24435
0.81372 2.30630
0.81372 2.18707
0.81373 2.19346
0.81373 2.30787
0.81374 2.23686
0.81374 2.21223
0.81375 2.26130
0.81375 2.35483
0.81376 2.33978
0.81376 2.30329
0.81377 2.25648
0.81377 2.25892
0.81378 2.31954
0.81378 2.15392
0.81379 2.32655
0.81379 2.32230
0.81380 2.17842
0.81380 2.29674
0.81381 2.32804
0.81381 2.21375
0.81382 2.19084
0.81382 2.23335
0.81383 2.23852
0.81383 2.34853
0.81384 2.22138
0.81384 2.19435
0.81385 2.22359
0.81385 2.16703
0.81386 2.26495
0.81386 2.23196
0.81387 2.17150
0.81387 2.26581
0.81388 2.20645
0.81388 2.22984
0.81389 2.25765
0.81389 2.22363
0.81390 2.25587
0.81390 2.29229
0.81391 2.14965
0.81391 2.20179
0.81392 2.31659
0.81392 2.24222
0.81393 2.27157
0.81393 2.24986
0.81394 2.27827
0.81394 2.24220
0.81395 2.23605
0.81395 2.17511
0.81396 2.15726
0.81396 2.23661
0.81397 2.22576
0.81397 2.22865
0.81398 2.22215
0.81398 2.33617
0.81399 2.35874
0.81399 2.20569
0.81400 2.20933
0.81400 2.23702
0.81401 2.29728
0.81401 2.30921
0.81402 2.22706
0.81402 2.34314
0.81403 2.27138
0.81403 2.15402
0.81404 2.24488
0.81404 2.04249
0.81405 2.21580
0.81405 2.31561
0.81406 2.13804
0.81406 2.38298
0.81407 2.27270
0.81407 2.29459
0.81408 2.37299
0.81408 2.17172
0.81409 2.24152
0.81409 2.21767
0.81410 2.25180
0.81410 2.27790
0.81411 2.24141
0.81411 2.26860
0.81412 2.26680
0.81412 2.32409
0.81413 2.28689
0.81413 2.25551
0.81414 2.36043
0.81414 2.28722
0.81415 2.20523
0.81415 2.32816
0.81416 2.20466
0.81416 2.29929
0.81417 2.29691
0.81417 2.09264
0.81418 2.28097
0.81418 2.33752
0.81419 2.32231
0.81419 2.28218
0.81420 2.25343
0.81420 2.23173
0.81421 2.24699
0.81421 2.31074
0.81422 2.32084
0.81422 2.27821
0.81423 2.24468
0.81423 2.23430
0.81424 2.29876
0.81424 2.25282
0.81425 2.23943
0.81425 2.38180
0.81426 2.30025
0.81426 2.31793
0.81427 2.28730
0.81427 2.21561
0.81428 2.34477
0.81428 2.25757
0.81429 2.29114
0.81429 2.36954
0.81430 2.32617
0.81430 2.43350
0.81431 2.28858
0.81431 2.24101
0.81432 2.40248
0.81432 2.36042
0.81433 2.41932
0.81433 2.38482
0.81434 2.22710
0.81434 2.30829
0.81435 2.38796
0.81435 2.41772
0.81436 2.34853
0.81436 2.36992
0.81437 2.47384
0.81437 2.37402
0.81438 2.35388
0.81438 2.31770
0.81439 2.25097
0.81439 2.40101
0.81440 2.41035
0.81440 2.22720
0.81441 2.34647
0.81441 2.49884
0.81442 2.41824
0.81442 2.38132
0.81443 2.29364
0.81443 2.26744
0.81444 2.35242
0.81444 2.26817
0.81445 2.28310
0.81445 2.41796
0.81446 2.30911
0.81446 2.34333
0.81447 2.38116
0.81447 2.31889
0.81448 2.26001
0.81448 2.19998
0.81449 2.18837
0.81449 2.28196
0.81450 2.24608
0.81450 2.29542
0.81451 2.38143
0.81451 2.24625
0.81452 2.30363
0.81452 2.36310
0.81453 2.32302
0.81453 2.25953
0.81454 2.28166
0.81454 2.34370
0.81455 2.35653
0.81455 2.32330
0.81456 2.32522
0.81456 2.27015
0.81457 2.23943
0.81457 2.31352
0.81458 2.33603
0.81458 2.31656
0.81459 2.34242
0.81459 2.36784
0.81460 2.35568
0.81460 2.27275
0.81461 2.38366
0.81461 2.40209
0.81462 2.29921
0.81462 2.27516
0.81463 2.17855
0.81463 2.30457
0.81464 2.36827
0.81464 2.42218
0.81465 2.34528
0.81465 2.30092
0.81466 2.35938
0.81466 2.22552
0.81467 2.27482
0.81467 2.44522
0.81468 2.53005
0.81468 2.35241
0.81469 2.28217
0.81469 2.32670
0.81470 2.26626
0.81470 2.34444
0.81471 2.26997
0.81471 2.30743
0.81472 2.36715
0.81472 2.29855
0.81473 2.31881
0.81473 2.36759
0.81474 2.26540
0.81474 2.27775
0.81475 2.34220
0.81475 2.30361
0.81476 2.44540
0.81476 2.34108
0.81477 2.29065
0.81477 2.31599
0.81478 2.27697
0.81478 2.33986
0.81479 2.37015
0.81479 2.33322
0.81480 2.24126
0.81480 2.14538
0.81481 2.29590
0.81481 2.34176
0.81482 2.22195
0.81482 2.28954
0.81483 2.34403
0.81483 2.31098
0.81484 2.31483
0.81484 2.32115
0.81485 2.30261
0.81485 2.30720
0.81486 2.31508
0.81486 2.35400
0.81487 2.37221
0.81487 2.28345
0.81488 2.27549
0.81488 2.35175
0.81489 2.27231
0.81489 2.31665
0.81490 2.34416
0.81490 2.33674
0.81491 2.38976
0.81491 2.39988
0.81492 2.37617
0.81492 2.40441
0.81493 2.34904
0.81493 2.29987
0.81494 2.35549
0.81494 2.38568
0.81495 2.40530
0.81495 2.43524
0.81496 2.38299
0.81496 2.38904
0.81497 2.39830
0.81497 2.34158
0.81498 2.40002
0.81498 2.36333
0.81499 2.39137
0.81499 2.40223
0.81500 2.34452
0.81500 2.33919
0.81501 2.34599
0.81501 2.35082
0.81502 2.43742
0.81502 2.44630
0.81503 2.38722
0.81503 2.43173
0.81504 2.38441
0.81504 2.38041
0.81505 2.40953
0.81505 2.21941
0.81506 2.33103
0.81506 2.37807
0.81507 2.33054
0.81507 2.46597
0.81508 2.38718
0.81508 2.29524
0.81509 2.27723
0.81509 2.25647
0.81510 2.44335
0.81510 2.49634
0.81511 2.28783
0.81511 2.39758
0.81512 2.29076
0.81512 2.26284
0.81513 2.42590
0.81513 2.36172
0.81514 2.32107
0.81514 2.45535
0.81515 2.41094
0.81515 2.33677
0.81516 2.35361
0.81516 2.32744
0.81517 2.49993
0.81517 2.37048
0.81518 2.29665
0.81518 2.43094
0.81519 2.41192
0.81519 2.41392
0.81520 2.47503
0.81520 2.39372
0.81521 2.39511
0.81521 2.52043
0.81522 2.37977
0.81522 2.35731
0.81523 2.48788
0.81523 2.44125
0.81524 2.32715
0.81524 2.31983
0.81525 2.38641
0.81525 2.33962
0.81526 2.35765
0.81526 2.37028
0.81527 2.35561
0.81527 2.41591
0.81528 2.34177
0.81528 2.28473
0.81529 2.40085
0.81529 2.39237
0.81530 2.39064
0.81530 2.47015
0.81531 2.39751
0.81531 2.39804
0.81532 2.43359
0.81532 2.31731
0.81533 2.46843
0.81533 2.45089
0.81534 2.36146
0.81534 2.46009
0.81535 2.41332
0.81535 2.47555
0.81536 2.49645
0.81536 2.44326
0.81537 2.36964
0.81537 2.38895
0.81538 2.39852
0.81538 2.45941
0.81539 2.43633
0.81539 2.41761
0.81540 2.57030
0.81540 2.48172
0.81541 2.42907
0.81541 2.40869
0.81542 2.40738
0.81542 2.39312
0.81543 2.48733
0.81543 2.37334
0.81544 2.33738
0.81544 2.53460
0.81545 2.37588
0.81545 2.32325
0.81546 2.42698
0.81546 2.52364
0.81547 2.35140
0.81547 2.32536
0.81548 2.46694
0.81548 2.36924
0.81549 2.44460
0.81549 2.39470
0.81550 2.34732
0.81550 2.45514
0.81551 2.32356
0.81551 2.31782
0.81552 2.33461
0.81552 2.36637
0.81553 2.34226
0.81553 2.23049
0.81554 2.31780
0.81554 2.47224
0.81555 2.39116
0.81555 2.32577
0.81556 2.42840
0.81556 2.47434
0.81557 2.46034
0.81557 2.41144
0.81558 2.37204
0.81558 2.46278
0.81559 2.45357
0.81559 2.29508
0.81560 2.33118
0.81560 2.34828
0.81561 2.45977
0.81561 2.48192
0.81562 2.20849
0.81562 2.30896
0.81563 2.47152
0.81563 2.28625
0.81564 2.38867
0.81564 2.44067
0.81565 2.34357
0.81565 2.45525
0.81566 2.47000
0.81566 2.42101
0.81567 2.38057
0.81567 2.39608
0.81568 2.34388
0.81568 2.31728
0.81569 2.38513
0.81569 2.35314
0.81570 2.31138
0.81570 2.42781
0.81571 2.45165
0.81571 2.38450
0.81572 2.43046
0.81572 2.25986
0.81573 2.33101
0.81573 2.47182
0.81574 2.44801
0.81574 2.54284
0.81575 2.50558
0.81575 2.38631
0.81576 2.34870
0.81576 2.40844
0.81577 2.47027
0.81577 2.40294
0.81578 2.35112
0.81578 2.43123
0.81579 2.44758
0.81579 2.41340
0.81580 2.46349
0.81580 2.35202
0.81581 2.29047
0.81581 2.38868
0.81582 2.38895
0.81582 2.36803
0.81583 2.30475
0.81583 2.37521
0.81584 2.35500
0.81584 2.41732
0.81585 2.45199
0.81585 2.46202
0.81586 2.48633
0.81586 2.24581
0.81587 2.31813
0.81587 2.35394
0.81588 2.26490
0.81588 2.27400
0.81589 2.28224
0.81589 2.23033
0.81590 2.23345
0.81590 2.26030
0.81591 2.32329
0.81591 2.27817
0.81592 2.23574
0.81592 2.30783
0.81593 2.30304
0.81593 2.23448
0.81594 2.23394
0.81594 2.33162
0.81595 2.30901
0.81595 2.33809
0.81596 2.42312
0.81596 2.41562
0.81597 2.43086
0.81597 2.40792
0.81598 2.31045
0.81598 2.38978
0.81599 2.38541
0.81599 2.44174
0.81600 2.32331
0.81600 2.35409
0.81601 2.35527
0.81601 2.37418
0.81602 2.47634
0.81602 2.33588
0.81603 2.41768
0.81603 2.34106
0.81604 2.35817
0.81604 2.40845
0.81605 2.33264
0.81605 2.39478
0.81606 2.43405
0.81606 2.38154
0.81607 2.27317
0.81607 2.27055
0.81608 2.31091
0.81608 2.38463
0.81609 2.34881
0.81609 2.28690
0.81610 2.36837
0.81610 2.29371
0.81611 2.31107
0.81611 2.33194
0.81612 2.36140
0.81612 2.45444
0.81613 2.33952
0.81613 2.30627
0.81614 2.34055
0.81614 2.43234
0.81615 2.32993
0.81615 2.23933
0.81616 2.32676
0.81616 2.24614
0.81617 2.31610
0.81617 2.28387
0.81618 2.36393
0.81618 2.38260
0.81619 2.31340
0.81619 2.41681
0.81620 2.28599
0.81620 2.30083
0.81621 2.33238
0.81621 2.33427
0.81622 2.35408
0.81622 2.41830
0.81623 2.40314
0.81623 2.24017
0.81624 2.36173
0.81624 2.41995
0.81625 2.44609
0.81625 2.39261
0.81626 2.36442
0.81626 2.40837
0.81627 2.33411
0.81627 2.32219
0.81628 2.37744
0.81628 2.44612
0.81629 2.36494
0.81629 2.40358
0.81630 2.48106
0.81630 2.36454
0.81631 2.38679
0.81631 2.43793
0.81632 2.36745
0.81632 2.39573
0.81633 2.29853
0.81633 2.36083
0.81634 2.51373
0.81634 2.51522
0.81635 2.49467
0.81635 2.43681
0.81636 2.41728
0.81636 2.38702
0.81637 2.44680
0.81637 2.37053
0.81638 2.36016
0.81638 2.44444
0.81639 2.39204
0.81639 2.29474
0.81640 2.31647
0.81640 2.42574
0.81641 2.37368
0.81641 2.39340
0.81642 2.45746
0.81642 2.45845
0.81643 2.34369
0.81643 2.38393
0.81644 2.38793
0.81644 2.26277
0.81645 2.35842
0.81645 2.34518
0.81646 2.32559
0.81646 2.40384
0.81647 2.39133
0.81647 2.30566
0.81648 2.31693
0.81648 2.39349
0.81649 2.42559
0.81649 2.33771
0.81650 2.30857
0.81650 2.37537
0.81651 2.37722
0.81651 2.37148
0.81652 2.40161
0.81652 2.42090
0.81653 2.33849
0.81653 2.28654
0.81654 2.43520
0.81654 2.39806
0.81655 2.37325
0.81655 2.39404
0.81656 2.41078
0.81656 2.40457
0.81657 2.29485
0.81657 2.37967
0.81658 2.35961
0.81658 2.32191
0.81659 2.36919
0.81659 2.36658
0.81660 2.38254
0.81660 2.49975
0.81661 2.44556
0.81661 2.32269
0.81662 2.42682
0.81662 2.41572
0.81663 2.39270
0.81663 2.41364
0.81664 2.29284
0.81664 2.34678
0.81665 2.28327
0.81665 2.22156
0.81666 2.41079
0.81666 2.37834
0.81667 2.35607
0.81667 2.41155
0.81668 2.36095
0.81668 2.49059
0.81669 2.47950
0.81669 2.35068
0.81670 2.39990
0.81670 2.41134
0.81671 2.45140
0.81671 2.46226
0.81672 2.48799
0.81672 2.36106
0.81673 2.29650
0.81673 2.41222
0.81674 2.35346
0.81674 2.51878
0.81675 2.50510
0.81675 2.43634
0.81676 2.43239
0.81676 2.40272
0.81677 2.50662
0.81677 2.38978
0.81678 2.52906
0.81678 2.45668
0.81679 2.26458
0.81679 2.40902
0.81680 2.36221
0.81680 2.37383
0.81681 2.40497
0.81681 2.32741
0.81682 2.39211
0.81682 2.43875
0.81683 2.36786
0.81683 2.38348
0.81684 2.31922
0.81684 2.33174
0.81685 2.50736
0.81685 2.45109
0.81686 2.45880
0.81686 2.36857
0.81687 2.33774
0.81687 2.39263
0.81688 2.36390
0.81688 2.47275
0.81689 2.43178
0.81689 2.42733
0.81690 2.40700
0.81690 2.35064
0.81691 2.46011
0.81691 2.34886
0.81692 2.39873
0.81692 2.45640
0.81693 2.40053
0.81693 2.54525
0.81694 2.48595
0.81694 2.41702
0.81695 2.47046
0.81695 2.43290
0.81696 2.31735
0.81696 2.37682
0.81697 2.62987
0.81697 2.58806
0.81698 2.45632
0.81698 2.30930
0.81699 2.29151
0.81699 2.45884
0.81700 2.48239
0.81700 2.48356
0.81701 2.40498
0.81701 2.42587
0.81702 2.38641
0.81702 2.44411
0.81703 2.47754
0.81703 2.43305
0.81704 2.52466
0.81704 2.42989
0.81705 2.47629
0.81705 2.49881
0.81706 2.38863
0.81706 2.34929
0.81707 2.40976
0.81707 2.46877
0.81708 2.44718
0.81708 2.46062
0.81709 2.50342
0.81709 2.53491
0.81710 2.51435
0.81710 2.44084
0.81711 2.52410
0.81711 2.52219
0.81712 2.44594
0.81712 2.46468
0.81713 2.45389
0.81713 2.38908
0.81714 2.41585
0.81714 2.61255
0.81715 2.50491
0.81715 2.38526
0.81716 2.41349
0.81716 2.42463
0.81717 2.41489
0.81717 2.50291
0.81718 2.52164
0.81718 2.34575
0.81719 2.45455
0.81719 2.43932
0.81720 2.41533
0.81720 2.41435
0.81721 2.30743
0.81721 2.46061
0.81722 2.44891
0.81722 2.50950
0.81723 2.49926
0.81723 2.42290
0.81724 2.52809
0.81724 2.30053
0.81725 2.34533
0.81725 2.40046
0.81726 2.29628
0.81726 2.49016
0.81727 2.49092
0.81727 2.44411
0.81728 2.44950
0.81728 2.48200
0.81729 2.51229
0.81729 2.51505
0.81730 2.50477
0.81730 2.49848
0.81731 2.48595
0.81731 2.39719
0.81732 2.41715
0.81732 2.39800
0.81733 2.40845
0.81733 2.42680
0.81734 2.39298
0.81734 2.46425
0.81735 2.41806
0.81735 2.38768
0.81736 2.38710
0.81736 2.34865
0.81737 2.42903
0.81737 2.44453
0.81738 2.47304
0.81738 2.47069
0.81739 2.51179
0.81739 2.52031
0.81740 2.41329
0.81740 2.42874
0.81741 2.42457
0.81741 2.39889
0.81742 2.31492
0.81742 2.39913
0.81743 2.46397
0.81743 2.37445
0.81744 2.39847
0.81744 2.31494
0.81745 2.33847
0.81745 2.34191
0.81746 2.33138
0.81746 2.38799
0.81747 2.31502
0.81747 2.29806
0.81748 2.31175
0.81748 2.40475
0.81749 2.38067
0.81749 2.40029
0.81750 2.38563
0.81750 2.40664
0.81751 2.37993
0.81751 2.31866
0.81752 2.33198
0.81752 2.31915
0.81753 2.38978
0.81753 2.35739
0.81754 2.36621
0.81754 2.31694
0.81755 2.40983
0.81755 2.43700
0.81756 2.34985
0.81756 2.47246
0.81757 2.44173
0.81757 2.44344
0.81758 2.51215
0.81758 2.39715
0.81759 2.39366
0.81759 2.34534
0.81760 2.35205
0.81760 2.40474
0.81761 2.45938
0.81761 2.47565
0.81762 2.39984
0.81762 2.48183
0.81763 2.46622
0.81763 2.39236
0.81764 2.43845
0.81764 2.47682
0.81765 2.48511
0.81765 2.51249
0.81766 2.53908
0.81766 2.50296
0.81767 2.42779
0.81767 2.39814
0.81768 2.43408
0.81768 2.45323
0.81769 2.40325
0.81769 2.39467
0.81770 2.39234
0.81770 2.39332
0.81771 2.47952
0.81771 2.45954
0.81772 2.40650
0.81772 2.42553
0.81773 2.44694
0.81773 2.44388
0.81774 2.42957
0.81774 2.45861
0.81775 2.41836
0.81775 2.40549
0.81776 2.38007
0.81776 2.33353
0.81777 2.40940
0.81777 2.46086
0.81778 2.38002
0.81778 2.41383
0.81779 2.45058
0.81779 2.31262
0.81780 2.26847
0.81780 2.35243
0.81781 2.47061
0.81781 2.42550
0.81782 2.42096
0.81782 2.47213
0.81783 2.44249
0.81783 2.40179
0.81784 2.46812
0.81784 2.50778
0.81785 2.44448
0.81785 2.47933
0.81786 2.34838
0.81786 2.29680
0.81787 2.43658
0.81787 2.41692
0.81788 2.28670
0.81788 2.34057
0.81789 2.40909
0.81789 2.39807
0.81790 2.38622
0.81790 2.38686
0.81791 2.38392
0.81791 2.34634
0.81792 2.28193
0.81792 2.28370
0.81793 2.40136
0.81793 2.46543
0.81794 2.41667
0.81794 2.47199
0.81795 2.51223
0.81795 2.37857
0.81796 2.40224
0.81796 2.38852
0.81797 2.36487
0.81797 2.37904
0.81798 2.34519
0.81798 2.34333
0.81799 2.31561
0.81799 2.38919
0.81800 2.31486
0.81800 2.39138
0.81801 2.43968
0.81801 2.34268
0.81802 2.41290
0.81802 2.39937
0.81803 2.49953
0.81803 2.41485
0.81804 2.34477
0.81804 2.34244
0.81805 2.32028
0.81805 2.36074
0.81806 2.43433
0.81806 2.47877
0.81807 2.43940
0.81807 2.41442
0.81808 2.36022
0.81808 2.46973
0.81809 2.34975
0.81809 2.37352
0.81810 2.53250
0.81810 2.39057
0.81811 2.51523
0.81811 2.48893
0.81812 2.43021
0.81812 2.45741
0.81813 2.47926
0.81813 2.54718
0.81814 2.44138
0.81814 2.55404
0.81815 2.56455
0.81815 2.55998
0.81816 2.51925
0.81816 2.43672
0.81817 2.48442
0.81817 2.38632
0.81818 2.50027
0.81818 2.38840
0.81819 2.35532
0.81819 2.62906
0.81820 2.49438
0.81820 2.56438
0.81821 2.64148
0.81821 2.49037
0.81822 2.60428
0.81822 2.51220
0.81823 2.55267
0.81823 2.59353
0.81824 2.46355
0.81824 2.51685
0.81825 2.52534
0.81825 2.55659
0.81826 2.58442
0.81826 2.56883
0.81827 2.50466
0.81827 2.51708
0.81828 2.64002
0.81828 2.47958
0.81829 2.61604
0.81829 2.64599
0.81830 2.54751
0.81830 2.68870
0.81831 2.51234
0.81831 2.47172
0.81832 2.52492
0.81832 2.54219
0.81833 2.45013
0.81833 2.46975
0.81834 2.50922
0.81834 2.53551
0.81835 2.51755
0.81835 2.51602
0.81836 2.58590
0.81836 2.45356
0.81837 2.52460
0.81837 2.58280
0.81838 2.51690
0.81838 2.49727
0.81839 2.41772
0.81839 2.58485
0.81840 2.68471
0.81840 2.59899
0.81841 2.63946
0.81841 2.59111
0.81842 2.55629
0.81842 2.64174
0.81843 2.57402
0.81843 2.56311
0.81844 2.55479
0.81844 2.52086
0.81845 2.68995
0.81845 2.54389
0.81846 2.51373
0.81846 2.63751
0.81847 2.52789
0.81847 2.63870
0.81848 2.55857
0.81848 2.53970
0.81849 2.57521
0.81849 2.51300
0.81850 2.54710
0.81850 2.54832
0.81851 2.56461
0.81851 2.57147
0.81852 2.60371
0.81852 2.61923
0.81853 2.66085
0.81853 2.45517
0.81854 2.52651
0.81854 2.68210
0.81855 2.64238
0.81855 2.65029
0.81856 2.59515
0.81856 2.62087
0.81857 2.59673
0.81857 2.56852
0.81858 2.54272
0.81858 2.52951
0.81859 2.67148
0.81859 2.60819
0.81860 2.50415
0.81860 2.61003
0.81861 2.63996
0.81861 2.56755
0.81862 2.48257
0.81862 2.59108
0.81863 2.60617
0.81863 2.57963
0.81864 2.57699
0.81864 2.47693
0.81865 2.53055
0.81865 2.57961
0.81866 2.65598
0.81866 2.61059
0.81867 2.57440
0.81867 2.74247
0.81868 2.62878
0.81868 2.49898
0.81869 2.64305
0.81869 2.70977
0.81870 2.53613
0.81870 2.62867
0.81871 2.65721
0.81871 2.52463
0.81872 2.63223
0.81872 2.58990
0.81873 2.67505
0.81873 2.61086
0.81874 2.55705
0.81874 2.56662
0.81875 2.52386
0.81875 2.56684
0.81876 2.52159
0.81876 2.65207
0.81877 2.65337
0.81877 2.61973
0.81878 2.54786
0.81878 2.57149
0.81879 2.57994
0.81879 2.43408
0.81880 2.60845
0.81880 2.61125
0.81881 2.63342
0.81881 2.65659
0.81882 2.53292
0.81882 2.60102
0.81883 2.50825
0.81883 2.64639
0.81884 2.64145
0.81884 2.63870
0.81885 2.69935
0.81885 2.55337
0.81886 2.73374
0.81886 2.61813
0.81887 2.57663
0.81887 2.70429
0.81888 2.62485
0.81888 2.69310
0.81889 2.58678
0.81889 2.44271
0.81890 2.70252
0.81890 2.76122
0.81891 2.53016
0.81891 2.57571
0.81892 2.63273
0.81892 2.54921
0.81893 2.56884
0.81893 2.62233
0.81894 2.54783
0.81894 2.61309
0.81895 2.68048
0.81895 2.65136
0.81896 2.67113
0.81896 2.59595
0.81897 2.53133
0.81897 2.64342
0.81898 2.64933
0.81898 2.55302
0.81899 2.58077
0.81899 2.57564
0.81900 2.62282
0.81900 2.65111
0.81901 2.64819
0.81901 2.71843
0.81902 2.58942
0.81902 2.55934
0.81903 2.73243
0.81903 2.62860
0.81904 2.56420
0.81904 2.63377
0.81905 2.62079
0.81905 2.60161
0.81906 2.53315
0.81906 2.57372
0.81907 2.58940
0.81907 2.59425
0.81908 2.55264
0.81908 2.49086
0.81909 2.44859
0.81909 2.54607
0.81910 2.66961
0.81910 2.65476
0.81911 2.49025
0.81911 2.50815
0.81912 2.60205
0.81912 2.56101
0.81913 2.56974
0.81913 2.57928
0.81914 2.64502
0.81914 2.75792
0.81915 2.70737
0.81915 2.48594
0.81916 2.53643
0.81916 2.60415
0.81917 2.63444
0.81917 2.67563
0.81918 2.54485
0.81918 2.56995
0.81919 2.63618
0.81919 2.57925
0.81920 2.55748
0.81920 2.48629
0.81921 2.55713
0.81921 2.63184
0.81922 2.63576
0.81922 2.68141
0.81923 2.53701
0.81923 2.49979
0.81924 2.63608
0.81924 2.59954
0.81925 2.65924
0.81925 2.63446
0.81926 2.68321
0.81926 2.65992
0.81927 2.70500
0.81927 2.64975
0.81928 2.56953
0.81928 2.60207
0.81929 2.48607
0.81929 2.59809
0.81930 2.53269
0.81930 2.56420
0.81931 2.63179
0.81931 2.59628
0.81932 2.66697
0.81932 2.53354
0.81933 2.54103
0.81933 2.62982
0.81934 2.40861
0.81934 2.46432
0.81935 2.55890
0.81935 2.46926
0.81936 2.42495
0.81936 2.40898
0.81937 2.50591
0.81937 2.65063
0.81938 2.56104
0.81938 2.52674
0.81939 2.61331
0.81939 2.50175
0.81940 2.49983
0.81940 2.53570
0.81941 2.50143
0.81941 2.53750
0.81942 2.46225
0.81942 2.52299
0.81943 2.61248
0.81943 2.62260
0.81944 2.62139
0.81944 2.56827
0.81945 2.54650
0.81945 2.59710
0.81946 2.61334
0.81946 2.55245
0.81947 2.47796
0.81947 2.48632
0.81948 2.56674
0.81948 2.54309
0.81949 2.47234
0.81949 2.54353
0.81950 2.66514
0.81950 2.63724
0.81951 2.58479
0.81951 2.53476
0.81952 2.50718
0.81952 2.52001
0.81953 2.54684
0.81953 2.54653
0.81954 2.51012
0.81954 2.50813
0.81955 2.51735
0.81955 2.55980
0.81956 2.55670
0.81956 2.41349
0.81957 2.51393
0.81957 2.56203
0.81958 2.49637
0.81958 2.56086
0.81959 2.59339
0.81959 2.58006
0.81960 2.47286
0.81960 2.44326
0.81961 2.56556
0.81961 2.52742
0.81962 2.51954
0.81962 2.53963
0.81963 2.51059
0.81963 2.53945
0.81964 2.43963
0.81964 2.45006
0.81965 2.52929
0.81965 2.52088
0.81966 2.50595
0.81966 2.42474
0.81967 2.51491
0.81967 2.52629
0.81968 2.43778
0.81968 2.52768
0.81969 2.46437
0.81969 2.41089
0.81970 2.50828
0.81970 2.48301
0.81971 2.49481
0.81971 2.49964
0.81972 2.44272
0.81972 2.63264
0.81973 2.56248
0.81973 2.48259
0.81974 2.58026
0.81974 2.69013
0.81975 2.53844
0.81975 2.38136
0.81976 2.50098
0.81976 2.48701
0.81977 2.59207
0.81977 2.65829
0.81978 2.57231
0.81978 2.54609
0.81979 2.66201
0.81979 2.57516
0.81980 2.55498
0.81980 2.59207
0.81981 2.61917
0.81981 2.61987
0.81982 2.55503
0.81982 2.54543
0.81983 2.55408
0.81983 2.57644
0.81984 2.60141
0.81984 2.63762
0.81985 2.55175
0.81985 2.50414
0.81986 2.56039
0.81986 2.74219
0.81987 2.63941
0.81987 2.59870
0.81988 2.69128
0.81988 2.63548
0.81989 2.57963
0.81989 2.61098
0.81990 2.70174
0.81990 2.68278
0.81991 2.73514
0.81991 2.70037
0.81992 2.61885
0.81992 2.62468
0.81993 2.52411
0.81993 2.54859
0.81994 2.65470
0.81994 2.54793
0.81995 2.62994
0.81995 2.66541
0.81996 2.55756
0.81996 2.63431
0.81997 2.56172
0.81997 2.50898
0.81998 2.56989
0.81998 2.58025
0.81999 2.48681
0.81999 2.56742
0.82000 2.66301
0.82000 2.55683
0.82001 2.57854
0.82001 2.66942
0.82002 2.64560
0.82002 2.58455
0.82003 2.58673
0.82003 2.66515
0.82004 2.54771
0.82004 2.57114
0.82005 2.55357
0.82005 2.52502
0.82006 2.63586
0.82006 2.59117
0.82007 2.66860
0.82007 2.56547
0.82008 2.52367
0.82008 2.57450
0.82009 2.63483
0.82009 2.69737
0.82010 2.56866
0.82010 2.53848
0.82011 2.69991
0.82011 2.62269
0.82012 2.51581
0.82012 2.57053
0.82013 2.54237
0.82013 2.60718
0.82014 2.75970
0.82014 2.62493
0.82015 2.59155
0.82015 2.58170
0.82016 2.63480
0.82016 2.63279
0.82017 2.55794
0.82017 2.63674
0.82018 2.53531
0.82018 2.51236
0.82019 2.57638
0.82019 2.64922
0.82020 2.57264
0.82020 2.55775
0.82021 2.63803
0.82021 2.63062
0.82022 2.51506
0.82022 2.42565
0.82023 2.54668
0.82023 2.45877
0.82024 2.51357
0.82024 2.52338
0.82025 2.46118
0.82025 2.67556
0.82026 2.61570
0.82026 2.56315
0.82027 2.65092
0.82027 2.61030
0.82028 2.39395
0.82028 2.54588
0.82029 2.56030
0.82029 2.45715
0.82030 2.58268
0.82030 2.59555
0.82031 2.64506
0.82031 2.56706
0.82032 2.56445
0.82032 2.52256
0.82033 2.45721
0.82033 2.57121
0.82034 2.63675
0.82034 2.59922
0.82035 2.61141
0.82035 2.63910
0.82036 2.58359
0.82036 2.67802
0.82037 2.61365
0.82037 2.59209
0.82038 2.61066
0.82038 2.63776
0.82039 2.63408
0.82039 2.51537
0.82040 2.56920
0.82040 2.57260
0.82041 2.62936
0.82041 2.55603
0.82042 2.54268
0.82042 2.55312
0.82043 2.49253
0.82043 2.53714
0.82044 2.48204
0.82044 2.50605
0.82045 2.48106
0.82045 2.57778
0.82046 2.61097
0.82046 2.52421
0.82047 2.61170
0.82047 2.57637
0.82048 2.56347
0.82048 2.55723
0.82049 2.50267
0.82049 2.63040
0.82050 2.59802
0.82050 2.55992
0.82051 2.57630
0.82051 2.53972
0.82052 2.55399
0.82052 2.56191
0.82053 2.55610
0.82053 2.37867
0.82054 2.50897
0.82054 2.51870
0.82055 2.49283
0.82055 2.61615
0.82056 2.52396
0.82056 2.57891
0.82057 2.39870
0.82057 2.42389
0.82058 2.66715
0.82058 2.49184
0.82059 2.42151
0.82059 2.56125
0.82060 2.50942
0.82060 2.44746
0.82061 2.59982
0.82061 2.52161
0.82062 2.48154
0.82062 2.53565
0.82063 2.47332
0.82063 2.39986
0.82064 2.47385
0.82064 2.52484
0.82065 2.49848
0.82065 2.55456
0.82066 2.56423
0.82066 2.58035
0.82067 2.51028
0.82067 2.50807
0.82068 2.60343
0.82068 2.55127
0.82069 2.48285
0.82069 2.55661
0.82070 2.43138
0.82070 2.43810
0.82071 2.69588
0.82071 2.54627
0.82072 2.47588
0.82072 2.39947
0.82073 2.39870
0.82073 2.55863
0.82074 2.40234
0.82074 2.36413
0.82075 2.37943
0.82075 2.41264
0.82076 2.44599
0.82076 2.57691
0.82077 2.50928
0.82077 2.42516
0.82078 2.56282
0.82078 2.41102
0.82079 2.45875
0.82079 2.52645
0.82080 2.41621
0.82080 2.46704
0.82081 2.42471
0.82081 2.45042
0.82082 2.46814
0.82082 2.42024
0.82083 2.51547
0.82083 2.44420
0.82084 2.50527
0.82084 2.39089
0.82085 2.35993
0.82085 2.60353
0.82086 2.48209
0.82086 2.42332
0.82087 2.37162
0.82087 2.37510
0.82088 2.47394
0.82088 2.41795
0.82089 2.43975
0.82089 2.45567
0.82090 2.43520
0.82090 2.37756
0.82091 2.36451
0.82091 2.42765
0.82092 2.38502
0.82092 2.41468
0.82093 2.44110
0.82093 2.47306
0.82094 2.44017
0.82094 2.42984
0.82095 2.46119
0.82095 2.48622
0.82096 2.52773
0.82096 2.41699
0.82097 2.40322
0.82097 2.39705
0.82098 2.46295
0.82098 2.49738
0.82099 2.46782
0.82099 2.42933
0.82100 2.37770
0.82100 2.46470
0.82101 2.48453
0.82101 2.53816
0.82102 2.44343
0.82102 2.36750
0.82103 2.43231
0.82103 2.41100
0.82104 2.38511
0.82104 2.37203
0.82105 2.40131
0.82105 2.35712
0.82106 2.41366
0.82106 2.43342
0.82107 2.45832
0.82107 2.41600
0.82108 2.38312
0.82108 2.45176
0.82109 2.40756
0.82109 2.38111
0.82110 2.37136
0.82110 2.46744
0.82111 2.52682
0.82111 2.41413
0.82112 2.37888
0.82112 2.40434
0.82113 2.43469
0.82113 2.37421
0.82114 2.48207
0.82114 2.39682
0.82115 2.35074
0.82115 2.54781
0.82116 2.39584
0.82116 2.43707
0.82117 2.45371
0.82117 2.53149
0.82118 2.53053
0.82118 2.45408
0.82119 2.52523
0.82119 2.50455
0.82120 2.45787
0.82120 2.45406
0.82121 2.51141
0.82121 2.51616
0.82122 2.35233
0.82122 2.49186
0.82123 2.52595
0.82123 2.44208
0.82124 2.46958
0.82124 2.33064
0.82125 2.39015
0.82125 2.40753
0.82126 2.37739
0.82126 2.39379
0.82127 2.49156
0.82127 2.44809
0.82128 2.38150
0.82128 2.45557
0.82129 2.38663
0.82129 2.45607
0.82130 2.43082
0.82130 2.34926
0.82131 2.40914
0.82131 2.38252
0.82132 2.44273
0.82132 2.47855
0.82133 2.44672
0.82133 2.37375
0.82134 2.39296
0.82134 2.47100
0.82135 2.51762
0.82135 2.49110
0.82136 2.48222
0.82136 2.49713
0.82137 2.50415
0.82137 2.50898
0.82138 2.44887
0.82138 2.56178
0.82139 2.45031
0.82139 2.32387
0.82140 2.46866
0.82140 2.39288
0.82141 2.41033
0.82141 2.49800
0.82142 2.38727
0.82142 2.40043
0.82143 2.49600
0.82143 2.44871
0.82144 2.38129
0.82144 2.39969
0.82145 2.50387
0.82145 2.37972
0.82146 2.33975
0.82146 2.49800
0.82147 2.51529
0.82147 2.53162
0.82148 2.50340
0.82148 2.51204
0.82149 2.42103
0.82149 2.41730
0.82150 2.51169
0.82150 2.53075
0.82151 2.41341
0.82151 2.35303
0.82152 2.36766
0.82152 2.47115
0.82153 2.45902
0.82153 2.36588
0.82154 2.44632
0.82154 2.39026
0.82155 2.49661
0.82155 2.45168
0.82156 2.37441
0.82156 2.46606
0.82157 2.44466
0.82157 2.46625
0.82158 2.45478
0.82158 2.52266
0.82159 2.59490
0.82159 2.60138
0.82160 2.58019
0.82160 2.48107
0.82161 2.49222
0.82161 2.58530
0.82162 2.55346
0.82162 2.56432
0.82163 2.47831
0.82163 2.54461
0.82164 2.60720
0.82164 2.47198
0.82165 2.52497
0.82165 2.44736
0.82166 2.38377
0.82166 2.44860
0.82167 2.57049
0.82167 2.62159
0.82168 2.61394
0.82168 2.62764
0.82169 2.54426
0.82169 2.60099
0.82170 2.62819
0.82170 2.47365
0.82171 2.51060
0.82171 2.57981
0.82172 2.56296
0.82172 2.59699
0.82173 2.53560
0.82173 2.55649
0.82174 2.54612
0.82174 2.52456
0.82175 2.60882
0.82175 2.49777
0.82176 2.55916
0.82176 2.54068
0.82177 2.39198
0.82177 2.45101
0.82178 2.38322
0.82178 2.47576
0.82179 2.55402
0.82179 2.50506
0.82180 2.55053
0.82180 2.44618
0.82181 2.42076
0.82181 2.43113
0.82182 2.46939
0.82182 2.50836
0.82183 2.50419
0.82183 2.48086
0.82184 2.33667
0.82184 2.48783
0.82185 2.51220
0.82185 2.26514
0.82186 2.44855
0.82186 2.50731
0.82187 2.50401
0.82187 2.46416
0.82188 2.40749
0.82188 2.50388
0.82189 2.49402
0.82189 2.52266
0.82190 2.52038
0.82190 2.42519
0.82191 2.44577
0.82191 2.41589
0.82192 2.44769
0.82192 2.57006
0.82193 2.44092
0.82193 2.42468
0.82194 2.46310
0.82194 2.42410
0.82195 2.41463
0.82195 2.44222
0.82196 2.39449
0.82196 2.47838
0.82197 2.47706
0.82197 2.53524
0.82198 2.47458
0.82198 2.43110
0.82199 2.59204
0.82199 2.45920
0.82200 2.51132
0.82200 2.61624
0.82201 2.52540
0.82201 2.50186
0.82202 2.51291
0.82202 2.41168
0.82203 2.58495
0.82203 2.62961
0.82204 2.47342
0.82204 2.52048
0.82205 2.47867
0.82205 2.48378
0.82206 2.57931
0.82206 2.55059
0.82207 2.49413
0.82207 2.56503
0.82208 2.48690
0.82208 2.48245
0.82209 2.52779
0.82209 2.51136
0.82210 2.51480
0.82210 2.46640
0.82211 2.50063
0.82211 2.44522
0.82212 2.40098
0.82212 2.46213
0.82213 2.49963
0.82213 2.52012
0.82214 2.60231
0.82214 2.55183
0.82215 2.54167
0.82215 2.61824
0.82216 2.53080
0.82216 2.59158
0.82217 2.65113
0.82217 2.64354
0.82218 2.56948
0.82218 2.55111
0.82219 2.67493
0.82219 2.54034
0.82220 2.47880
0.82220 2.57159
0.82221 2.46562
0.82221 2.53082
0.82222 2.52735
0.82222 2.54980
0.82223 2.64400
0.82223 2.55417
0.82224 2.57270
0.82224 2.57561
0.82225 2.43274
0.82225 2.48508
0.82226 2.65563
0.82226 2.52331
0.82227 2.55316
0.82227 2.59901
0.82228 2.45353
0.82228 2.41841
0.82229 2.59160
0.82229 2.67485
0.82230 2.61139
0.82230 2.65280
0.82231 2.71472
0.82231 2.59658
0.82232 2.50786
0.82232 2.63403
0.82233 2.72239
0.82233 2.64573
0.82234 2.54935
0.82234 2.58661
0.82235 2.54226
0.82235 2.61918
0.82236 2.70922
0.82236 2.61130
0.82237 2.59250
0.82237 2.68632
0.82238 2.69189
0.82238 2.63483
0.82239 2.58130
0.82239 2.58885
0.82240 2.71384
0.82240 2.66047
0.82241 2.63563
0.82241 2.70341
0.82242 2.63995
0.82242 2.57270
0.82243 2.64837
0.82243 2.73880
0.82244 2.67860
0.82244 2.64028
0.82245 2.73106
0.82245 2.59585
0.82246 2.57223
0.82246 2.61061
0.82247 2.61669
0.82247 2.58436
0.82248 2.55645
0.82248 2.79520
0.82249 2.69792
0.82249 2.70368
0.82250 2.71233
0.82250 2.60923
0.82251 2.74330
0.82251 2.59719
0.82252 2.66575
0.82252 2.79617
0.82253 2.70561
0.82253 2.81259
0.82254 2.74954
0.82254 2.65072
0.82255 2.67141
0.82255 2.57982
0.82256 2.60150
0.82256 2.67864
0.82257 2.66706
0.82257 2.67770
0.82258 2.60653
0.82258 2.64555
0.82259 2.67607
0.82259 2.65483
0.82260 2.73197
0.82260 2.80292
0.82261 2.85448
0.82261 2.71986
0.82262 2.71011
0.82262 2.70298
0.82263 2.71615
0.82263 2.76005
0.82264 2.66416
0.82264 2.67839
0.82265 2.63150
0.82265 2.72511
0.82266 2.74346
0.82266 2.78159
0.82267 2.67829
0.82267 2.74322
0.82268 2.84331
0.82268 2.79792
0.82269 2.83257
0.82269 2.69191
0.82270 2.74936
0.82270 2.66130
0.82271 2.73005
0.82271 2.77516
0.82272 2.70618
0.82272 2.72785
0.82273 2.70449
0.82273 2.80669
0.82274 2.69449
0.82274 2.70711
0.82275 2.77487
0.82275 2.71866
0.82276 2.70958
0.82276 2.71663
0.82277 2.78148
0.82277 2.80504
0.82278 2.83251
0.82278 2.82058
0.82279 2.89753
0.82279 2.81201
0.82280 2.76289
0.82280 2.81583
0.82281 2.73525
0.82281 2.85336
0.82282 2.83701
0.82282 2.74403
0.82283 2.76793
0.82283 2.87120
0.82284 2.83294
0.82284 2.71910
0.82285 2.80129
0.82285 2.86309
0.82286 2.89176
0.82286 2.76170
0.82287 2.88343
0.82287 2.89994
0.82288 2.74484
0.82288 2.80969
0.82289 2.89184
0.82289 2.83060
0.82290 2.71103
0.82290 2.87799
0.82291 2.82632
0.82291 2.87192
0.82292 2.87822
0.82292 2.66700
0.82293 2.75190
0.82293 2.82937
0.82294 2.85542
0.82294 2.81721
0.82295 2.83364
0.82295 2.73867
0.82296 2.79733
0.82296 2.88674
0.82297 2.83894
0.82297 2.89395
0.82298 2.88456
0.82298 2.85037
0.82299 2.82288
0.82299 2.71980
0.82300 2.77867
0.82300 2.93003
0.82301 2.87679
0.82301 2.85670
0.82302 2.91093
0.82302 2.85665
0.82303 2.84618
0.82303 2.98891
0.82304 2.78717
0.82304 2.76032
0.82305 2.86262
0.82305 2.79677
0.82306 2.89766
0.82306 2.85305
0.82307 2.80414
0.82307 2.89671
0.82308 2.80087
0.82308 2.67327
0.82309 2.81721
0.82309 2.93082
0.82310 2.78373
0.82310 2.75952
0.82311 2.86959
0.82311 2.77837
0.82312 2.86753
0.82312 2.93209
0.82313 2.76803
0.82313 2.76345
0.82314 2.75344
0.82314 2.89099
0.82315 2.82996
0.82315 2.81260
0.82316 3.02402
0.82316 2.88139
0.82317 2.79222
0.82317 2.88359
0.82318 2.86780
0.82318 2.92505
0.82319 2.98462
0.82319 2.83442
0.82320 2.80625
0.82320 2.79457
0.82321 2.83727
0.82321 2.89225
0.82322 2.87577
0.82322 2.95904
0.82323 2.88365
0.82323 2.71276
0.82324 2.86139
0.82324 2.79083
0.82325 2.77495
0.82325 2.92360
0.82326 2.74223
0.82326 2.93019
0.82327 2.95590
0.82327 2.82014
0.82328 2.90067
0.82328 2.90021
0.82329 2.86024
0.82329 2.78139
0.82330 2.94947
0.82330 2.93916
0.82331 2.78030
0.82331 2.87357
0.82332 2.91946
0.82332 2.94788
0.82333 2.85914
0.82333 2.79781
0.82334 2.91226
0.82334 2.83931
0.82335 2.80079
0.82335 2.87366
0.82336 2.91470
0.82336 2.87021
0.82337 2.86114
0.82337 2.86919
0.82338 2.85141
0.82338 2.86283
0.82339 2.87842
0.82339 2.92983
0.82340 2.95377
0.82340 2.86298
0.82341 2.83465
0.82341 2.97516
0.82342 2.89826
0.82342 2.87820
0.82343 2.84216
0.82343 2.87976
0.82344 3.00192
0.82344 2.91935
0.82345 2.86891
0.82345 2.78794
0.82346 2.87061
0.82346 2.93807
0.82347 2.80622
0.82347 2.93803
0.82348 3.07633
0.82348 2.90352
0.82349 2.96076
0.82349 2.98205
0.82350 2.89412
0.82350 2.99368
0.82351 2.89390
0.82351 2.81572
0.82352 2.93818
0.82352 2.86952
0.82353 2.88915
0.82353 2.89971
0.82354 2.93623
0.82354 2.94334
0.82355 2.84992
0.82355 3.02478
0.82356 2.96299
0.82356 2.79760
0.82357 2.87456
0.82357 2.96204
0.82358 2.97467
0.82358 2.97639
0.82359 2.95039
0.82359 2.89310
0.82360 2.87516
0.82360 2.94912
0.82361 2.98668
0.82361 2.99879
0.82362 3.04018
0.82362 3.11668
0.82363 3.05279
0.82363 2.98431
0.82364 2.94396
0.82364 2.79758
0.82365 2.87322
0.82365 2.91521
0.82366 2.87854
0.82366 2.84322
0.82367 2.88314
0.82367 2.92208
0.82368 2.93535
0.82368 2.86852
0.82369 2.82700
0.82369 3.02271
0.82370 2.95838
0.82370 2.93565
0.82371 2.96149
0.82371 2.94494
0.82372 2.99554
0.82372 2.93940
0.82373 2.92977
0.82373 2.92871
0.82374 2.95418
0.82374 3.02093
0.82375 3.06086
0.82375 3.05392
0.82376 3.06014
0.82376 3.10701
0.82377 2.89938
0.82377 2.87206
0.82378 2.94287
0.82378 2.93826
0.82379 3.02084
0.82379 2.98878
0.82380 2.85980
0.82380 2.86834
0.82381 2.96543
0.82381 2.90995
0.82382 2.93319
0.82382 2.90109
0.82383 2.98280
0.82383 2.97319
0.82384 2.85457
0.82384 2.95708
0.82385 2.86937
0.82385 2.86808
0.82386 2.90732
0.82386 3.01357
0.82387 2.99925
0.82387 2.83528
0.82388 2.97080
0.82388 3.01511
0.82389 2.85190
0.82389 2.68319
0.82390 2.74205
0.82390 2.71984
0.82391 2.83271
0.82391 2.84685
0.82392 2.84361
0.82392 3.06850
0.82393 2.97815
0.82393 2.95864
0.82394 2.89821
0.82394 2.80724
0.82395 2.85092
0.82395 2.79055
0.82396 2.90388
0.82396 2.85918
0.82397 2.81619
0.82397 2.75145
0.82398 2.76192
0.82398 2.84636
0.82399 2.88877
0.82399 2.91195
0.82400 2.84076
0.82400 2.85634
0.82401 2.83574
0.82401 2.96430
0.82402 2.90177
0.82402 2.82778
0.82403 2.83581
0.82403 2.81273
0.82404 2.77568
0.82404 2.81346
0.82405 2.86369
0.82405 2.90708
0.82406 2.87051
0.82406 2.79512
0.82407 2.81931
0.82407 2.86376
0.82408 2.85519
0.82408 2.77152
0.82409 2.70599
0.82409 2.79908
0.82410 2.70507
0.82410 2.56777
0.82411 2.75159
0.82411 2.65947
0.82412 2.54710
0.82412 2.73038
0.82413 2.77682
0.82413 2.71140
0.82414 2.77689
0.82414 2.79059
0.82415 2.74858
0.82415 2.76468
0.82416 2.73815
0.82416 2.81709
0.82417 2.79993
0.82417 2.80762
0.82418 2.78246
0.82418 2.74473
0.82419 2.74787
0.82419 2.71026
0.82420 2.83111
0.82420 2.73035
0.82421 2.71708
0.82421 2.67397
0.82422 2.59752
0.82422 2.62734
0.82423 2.57490
0.82423 2.70838
0.82424 2.63743
0.82424 2.56468
0.82425 2.60366
0.82425 2.55116
0.82426 2.64964
0.82426 2.61300
0.82427 2.69521
0.82427 2.65641
0.82428 2.64061
0.82428 2.72411
0.82429 2.54286
0.82429 2.56561
0.82430 2.58641
0.82430 2.56973
0.82431 2.62324
0.82431 2.66130
0.82432 2.59919
0.82432 2.59670
0.82433 2.58444
0.82433 2.50458
0.82434 2.58594
0.82434 2.61776
0.82435 2.57733
0.82435 2.55780
0.82436 2.50006
0.82436 2.55231
0.82437 2.54931
0.82437 2.55392
0.82438 2.59694
0.82438 2.51891
0.82439 2.57887
0.82439 2.55759
0.82440 2.56349
0.82440 2.62102
0.82441 2.57256
0.82441 2.52304
0.82442 2.50303
0.82442 2.54456
0.82443 2.42829
0.82443 2.50917
0.82444 2.57456
0.82444 2.51845
0.82445 2.50726
0.82445 2.54410
0.82446 2.62882
0.82446 2.49093
0.82447 2.44254
0.82447 2.55016
0.82448 2.53115
0.82448 2.47006
0.82449 2.52318
0.82449 2.50557
0.82450 2.52377
0.82450 2.52077
0.82451 2.51851
0.82451 2.48534
0.82452 2.50687
0.82452 2.47220
0.82453 2.46914
0.82453 2.50790
0.82454 2.52275
0.82454 2.49160
0.82455 2.50759
0.82455 2.53862
0.82456 2.49239
0.82456 2.55083
0.82457 2.50344
0.82457 2.53199
0.82458 2.44522
0.82458 2.46127
0.82459 2.44106
0.82459 2.44130
0.82460 2.53984
0.82460 2.49539
0.82461 2.47133
0.82461 2.41193
0.82462 2.50868
0.82462 2.54920
0.82463 2.51811
0.82463 2.49895
0.82464 2.48500
0.82464 2.53992
0.82465 2.55379
0.82465 2.52884
0.82466 2.52094
0.82466 2.52103
0.82467 2.50114
0.82467 2.54484
0.82468 2.56093
0.82468 2.60027
0.82469 2.52061
0.82469 2.51710
0.82470 2.53247
0.82470 2.51054
0.82471 2.58942
0.82471 2.57773
0.82472 2.57240
0.82472 2.63078
0.82473 2.64694
0.82473 2.63955
0.82474 2.55017
0.82474 2.52406
0.82475 2.57781
0.82475 2.55927
0.82476 2.70227
0.82476 2.76947
0.82477 2.62341
0.82477 2.59984
0.82478 2.69592
0.82478 2.64939
0.82479 2.51112
0.82479 2.60817
0.82480 2.57445
0.82480 2.49890
0.82481 2.61963
0.82481 2.57460
0.82482 2.60148
0.82482 2.70676
0.82483 2.58345
0.82483 2.54363
0.82484 2.60480
0.82484 2.56762
0.82485 2.62785
0.82485 2.51972
0.82486 2.57512
0.82486 2.61118
0.82487 2.49832
0.82487 2.62070
0.82488 2.58438
0.82488 2.55944
0.82489 2.64682
0.82489 2.63577
0.82490 2.61928
0.82490 2.52314
0.82491 2.52126
0.82491 2.64048
0.82492 2.53914
0.82492 2.62358
0.82493 2.62911
0.82493 2.48778
0.82494 2.63617
0.82494 2.65711
0.82495 2.65038
0.82495 2.59791
0.82496 2.57601
0.82496 2.63246
0.82497 2.67162
0.82497 2.66097
0.82498 2.63618
0.82498 2.64128
0.82499 2.65440
0.82499 2.63048
0.82500 2.56678
0.82500 2.62217
0.82501 2.68067
0.82501 2.73702
0.82502 2.70286
0.82502 2.58643
0.82503 2.67256
0.82503 2.67800
0.82504 2.63556
0.82504 2.67659
0.82505 2.60504
0.82505 2.58220
0.82506 2.60509
0.82506 2.63893
0.82507 2.52793
0.82507 2.58867
0.82508 2.71368
0.82508 2.71478
0.82509 2.71996
0.82509 2.66791
0.82510 2.62458
0.82510 2.53804
0.82511 2.63282
0.82511 2.72951
0.82512 2.68243
0.82512 2.74318
0.82513 2.71784
0.82513 2.76100
0.82514 2.73775
0.82514 2.58572
0.82515 2.63677
0.82515 2.72614
0.82516 2.69440
0.82516 2.64498
0.82517 2.70252
0.82517 2.63417
0.82518 2.60986
0.82518 2.65513
0.82519 2.66640
0.82519 2.74538
0.82520 2.79316
0.82520 2.78583
0.82521 2.69484
0.82521 2.70982
0.82522 2.64421
0.82522 2.72195
0.82523 2.69123
0.82523 2.49487
0.82524 2.70239
0.82524 2.69797
0.82525 2.62346
0.82525 2.70970
0.82526 2.64438
0.82526 2.71676
0.82527 2.70624
0.82527 2.61836
0.82528 2.67616
0.82528 2.69390
0.82529 2.66589
0.82529 2.61757
0.82530 2.64786
0.82530 2.60407
0.82531 2.63263
0.82531 2.69867
0.82532 2.57807
0.82532 2.53619
0.82533 2.59028
0.82533 2.55117
0.82534 2.67656
0.82534 2.66822
0.82535 2.52876
0.82535 2.67303
0.82536 2.71503
0.82536 2.61071
0.82537 2.64812
0.82537 2.61388
0.82538 2.59792
0.82538 2.63287
0.82539 2.59858
0.82539 2.62639
0.82540 2.58062
0.82540 2.55536
0.82541 2.44795
0.82541 2.51337
0.82542 2.63326
0.82542 2.61546
0.82543 2.59349
0.82543 2.54094
0.82544 2.55204
0.82544 2.52826
0.82545 2.48171
0.82545 2.53521
0.82546 2.52895
0.82546 2.48473
0.82547 2.60459
0.82547 2.60719
0.82548 2.70523
0.82548 2.59337
0.82549 2.61075
0.82549 2.71541
0.82550 2.55446
0.82550 2.57231
0.82551 2.56346
0.82551 2.56915
0.82552 2.58339
0.82552 2.64846
0.82553 2.70239
0.82553 2.70067
0.82554 2.64753
0.82554 2.67874
0.82555 2.64178
0.82555 2.63334
0.82556 2.65118
0.82556 2.69344
0.82557 2.66975
0.82557 2.64513
0.82558 2.75233
0.82558 2.50327
0.82559 2.62799
0.82559 2.66477
0.82560 2.48494
0.82560 2.64451
0.82561 2.60421
0.82561 2.59888
0.82562 2.66727
0.82562 2.66871
0.82563 2.68881
0.82563 2.64084
0.82564 2.60816
0.82564 2.69394
0.82565 2.67672
0.82565 2.57191
0.82566 2.71690
0.82566 2.71547
0.82567 2.61601
0.82567 2.60453
0.82568 2.63936
0.82568 2.64667
0.82569 2.68261
0.82569 2.72985
0.82570 2.68701
0.82570 2.70006
0.82571 2.69185
0.82571 2.69472
0.82572 2.68065
0.82572 2.71566
0.82573 2.75086
0.82573 2.75262
0.82574 2.78608
0.82574 2.77788
0.82575 2.72147
0.82575 2.76312
0.82576 2.64873
0.82576 2.64799
0.82577 2.78918
0.82577 2.62510
0.82578 2.64575
0.82578 2.76081
0.82579 2.70966
0.82579 2.78456
0.82580 2.72847
0.82580 2.65432
0.82581 2.60890
0.82581 2.66092
0.82582 2.74512
0.82582 2.71236
0.82583 2.72758
0.82583 2.73362
0.82584 2.68615
0.82584 2.63102
0.82585 2.75006
0.82585 2.71470
0.82586 2.67624
0.82586 2.76358
0.82587 2.69563
0.82587 2.62360
0.82588 2.75818
0.82588 2.84279
0.82589 2.77858
0.82589 2.68345
0.82590 2.78247
0.82590 2.67316
0.82591 2.63496
0.82591 2.73737
0.82592 2.76174
0.82592 2.87077
0.82593 2.65538
0.82593 2.66378
0.82594 2.82735
0.82594 2.72487
0.82595 2.74371
0.82595 2.73234
0.82596 2.74701
0.82596 2.72543
0.82597 2.72063
0.82597 2.69456
0.82598 2.67525
0.82598 2.82540
0.82599 2.65531
0.82599 2.52786
0.82600 2.69711
0.82600 2.68566
0.82601 2.64891
0.82601 2.81018
0.82602 2.74208
0.82602 2.66031
0.82603 2.68543
0.82603 2.71592
0.82604 2.65500
0.82604 2.61674
0.82605 2.69659
0.82605 2.66609
0.82606 2.69386
0.82606 2.69934
0.82607 2.64959
0.82607 2.64478
0.82608 2.58117
0.82608 2.62443
0.82609 2.63684
0.82609 2.61623
0.82610 2.74507
0.82610 2.76100
0.82611 2.67046
0.82611 2.70919
0.82612 2.69869
0.82612 2.72966
0.82613 2.70468
0.82613 2.80181
0.82614 2.68364
0.82614 2.66459
0.82615 2.76436
0.82615 2.68251
0.82616 2.92151
0.82616 2.61285
0.82617 2.57690
0.82617 2.70493
0.82618 2.61936
0.82618 2.68149
0.82619 2.68257
0.82619 2.67811
0.82620 2.60783
0.82620 2.61733
0.82621 2.70858
0.82621 2.69889
0.82622 2.67913
0.82622 2.62026
0.82623 2.71874
0.82623 2.81999
0.82624 2.75818
0.82624 2.78897
0.82625 2.72583
0.82625 2.66379
0.82626 2.75671
0.82626 2.82395
0.82627 2.72734
0.82627 2.75210
0.82628 2.69983
0.82628 2.64391
0.82629 2.62558
0.82629 2.52023
0.82630 2.59299
0.82630 2.67140
0.82631 2.68475
0.82631 2.67470
0.82632 2.66917
0.82632 2.69833
0.82633 2.57032
0.82633 2.58344
0.82634 2.69138
0.82634 2.67766
0.82635 2.64203
0.82635 2.53488
0.82636 2.53850
0.82636 2.60395
0.82637 2.61101
0.82637 2.60841
0.82638 2.57987
0.82638 2.58027
0.82639 2.73693
0.82639 2.68167
0.82640 2.50614
0.82640 2.54941
0.82641 2.66804
0.82641 2.61637
0.82642 2.64111
0.82642 2.71739
0.82643 2.60764
0.82643 2.55755
0.82644 2.59165
0.82644 2.60437
0.82645 2.48807
0.82645 2.61482
0.82646 2.62761
0.82646 2.62709
0.82647 2.54857
0.82647 2.46145
0.82648 2.56818
0.82648 2.58668
0.82649 2.70952
0.82649 2.60843
0.82650 2.50396
0.82650 2.53143
0.82651 2.61815
0.82651 2.57255
0.82652 2.50802
0.82652 2.60023
0.82653 2.57631
0.82653 2.59022
0.82654 2.68022
0.82654 2.67768
0.82655 2.57922
0.82655 2.59670
0.82656 2.60038
0.82656 2.63644
0.82657 2.70442
0.82657 2.66167
0.82658 2.60086
0.82658 2.58483
0.82659 2.59187
0.82659 2.60060
0.82660 2.55534
0.82660 2.56842
0.82661 2.68558
0.82661 2.65854
0.82662 2.60542
0.82662 2.56935
0.82663 2.58804
0.82663 2.55551
0.82664 2.57546
0.82664 2.64050
0.82665 2.68085
0.82665 2.71249
0.82666 2.62157
0.82666 2.67349
0.82667 2.62513
0.82667 2.65086
0.82668 2.74862
0.82668 2.61250
0.82669 2.63601
0.82669 2.60340
0.82670 2.65501
0.82670 2.60146
0.82671 2.62034
0.82671 2.73225
0.82672 2.62224
0.82672 2.74073
0.82673 2.69489
0.82673 2.56289
0.82674 2.67547
0.82674 2.76216
0.82675 2.65438
0.82675 2.68853
0.82676 2.72242
0.82676 2.61044
0.82677 2.69163
0.82677 2.67291
0.82678 2.69478
0.82678 2.58998
0.82679 2.68466
0.82679 2.72303
0.82680 2.55595
0.82680 2.74090
0.82681 2.71425
0.82681 2.71463
0.82682 2.71360
0.82682 2.57899
0.82683 2.64620
0.82683 2.67455
0.82684 2.66050
0.82684 2.74579
0.82685 2.68184
0.82685 2.58545
0.82686 2.53122
0.82686 2.54398
0.82687 2.56433
0.82687 2.58732
0.82688 2.62344
0.82688 2.51445
0.82689 2.59627
0.82689 2.59975
0.82690 2.53652
0.82690 2.67104
0.82691 2.56240
0.82691 2.63788
0.82692 2.63588
0.82692 2.59013
0.82693 2.62122
0.82693 2.63754
0.82694 2.55690
0.82694 2.48991
0.82695 2.60258
0.82695 2.57832
0.82696 2.61640
0.82696 2.47239
0.82697 2.45447
0.82697 2.55182
0.82698 2.42271
0.82698 2.50928
0.82699 2.56044
0.82699 2.55071
0.82700 2.65046
0.82700 2.56788
0.82701 2.59736
0.82701 2.59638
0.82702 2.64141
0.82702 2.66734
0.82703 2.56304
0.82703 2.61924
0.82704 2.73457
0.82704 2.65519
0.82705 2.61981
0.82705 2.63396
0.82706 2.57907
0.82706 2.53897
0.82707 2.51657
0.82707 2.56363
0.82708 2.63754
0.82708 2.52235
0.82709 2.51870
0.82709 2.59288
0.82710 2.52871
0.82710 2.56930
0.82711 2.57633
0.82711 2.58379
0.82712 2.52712
0.82712 2.54522
0.82713 2.47815
0.82713 2.49073
0.82714 2.60444
0.82714 2.60479
0.82715 2.55701
0.82715 2.47148
0.82716 2.60408
0.82716 2.63023
0.82717 2.51658
0.82717 2.47902
0.82718 2.45676
0.82718 2.51638
0.82719 2.49821
0.82719 2.48027
0.82720 2.52724
0.82720 2.49638
0.82721 2.52529
0.82721 2.49756
0.82722 2.49987
0.82722 2.53687
0.82723 2.52284
0.82723 2.60049
0.82724 2.56414
0.82724 2.56946
0.82725 2.63058
0.82725 2.55589
0.82726 2.47797
0.82726 2.57614
0.82727 2.62486
0.82727 2.55733
0.82728 2.51571
0.82728 2.54366
0.82729 2.66018
0.82729 2.59356
0.82730 2.41719
0.82730 2.43857
0.82731 2.60583
0.82731 2.60269
0.82732 2.68714
0.82732 2.58196
0.82733 2.57293
0.82733 2.70236
0.82734 2.56631
0.82734 2.45718
0.82735 2.51595
0.82735 2.68378
0.82736 2.61868
0.82736 2.59894
0.82737 2.53049
0.82737 2.56160
0.82738 2.68756
0.82738 2.58793
0.82739 2.56860
0.82739 2.59045
0.82740 2.55460
0.82740 2.50425
0.82741 2.50810
0.82741 2.55905
0.82742 2.58180
0.82742 2.61512
0.82743 2.54824
0.82743 2.48952
0.82744 2.39926
0.82744 2.46982
0.82745 2.63344
0.82745 2.47274
0.82746 2.55542
0.82746 2.72824
0.82747 2.65972
0.82747 2.55760
0.82748 2.55670
0.82748 2.51064
0.82749 2.53159
0.82749 2.55110
0.82750 2.45022
0.82750 2.56143
0.82751 2.53206
0.82751 2.54225
0.82752 2.54663
0.82752 2.50268
0.82753 2.51201
0.82753 2.53209
0.82754 2.57221
0.82754 2.60454
0.82755 2.61155
0.82755 2.62295
0.82756 2.58483
0.82756 2.58087
0.82757 2.69076
0.82757 2.64987
0.82758 2.64511
0.82758 2.68056
0.82759 2.54615
0.82759 2.53702
0.82760 2.66652
0.82760 2.52999
0.82761 2.52888
0.82761 2.50011
0.82762 2.54014
0.82762 2.57538
0.82763 2.47048
0.82763 2.54733
0.82764 2.56694
0.82764 2.63772
0.82765 2.63911
0.82765 2.53571
0.82766 2.60386
0.82766 2.54279
0.82767 2.51265
0.82767 2.63064
0.82768 2.64566
0.82768 2.73074
0.82769 2.57274
0.82769 2.58248
0.82770 2.81065
0.82770 2.70205
0.82771 2.71088
0.82771 2.63340
0.82772 2.53837
0.82772 2.57216
0.82773 2.58264
0.82773 2.64627
0.82774 2.65925
0.82774 2.55084
0.82775 2.58915
0.82775 2.56870
0.82776 2.49700
0.82776 2.59830
0.82777 2.54981
0.82777 2.60751
0.82778 2.62228
0.82778 2.55650
0.82779 2.56663
0.82779 2.54461
0.82780 2.54208
0.82780 2.51543
0.82781 2.54942
0.82781 2.61324
0.82782 2.66796
0.82782 2.61631
0.82783 2.56938
0.82783 2.67421
0.82784 2.54656
0.82784 2.42954
0.82785 2.47804
0.82785 2.57484
0.82786 2.61613
0.82786 2.57891
0.82787 2.69080
0.82787 2.61312
0.82788 2.58198
0.82788 2.67253
0.82789 2.56241
0.82789 2.54892
0.82790 2.66299
0.82790 2.57179
0.82791 2.51540
0.82791 2.53915
0.82792 2.46164
0.82792 2.57819
0.82793 2.56395
0.82793 2.49383
0.82794 2.52233
0.82794 2.53562
0.82795 2.57932
0.82795 2.62096
0.82796 2.49451
0.82796 2.45927
0.82797 2.63652
0.82797 2.57659
0.82798 2.50197
0.82798 2.50893
0.82799 2.62856
0.82799 2.65688
0.82800 2.49225
0.82800 2.60477
0.82801 2.51434
0.82801 2.57531
0.82802 2.69023
0.82802 2.52760
0.82803 2.60139
0.82803 2.55343
0.82804 2.56507
0.82804 2.57465
0.82805 2.62207
0.82805 2.64693
0.82806 2.50990
0.82806 2.65122
0.82807 2.67763
0.82807 2.50173
0.82808 2.64940
0.82808 2.61032
0.82809 2.50678
0.82809 2.58426
0.82810 2.65630
0.82810 2.57806
0.82811 2.47160
0.82811 2.54071
0.82812 2.50940
0.82812 2.54817
0.82813 2.48788
0.82813 2.52333
0.82814 2.68599
0.82814 2.62181
0.82815 2.59561
0.82815 2.51984
0.82816 2.53035
0.82816 2.57127
0.82817 2.63527
0.82817 2.55171
0.82818 2.38347
0.82818 2.46028
0.82819 2.48810
0.82819 2.53567
0.82820 2.46964
0.82820 2.43666
0.82821 2.53490
0.82821 2.53251
0.82822 2.52826
0.82822 2.56508
0.82823 2.55983
0.82823 2.50559
0.82824 2.59481
0.82824 2.56193
0.82825 2.55114
0.82825 2.58438
0.82826 2.57057
0.82826 2.56183
0.82827 2.53162
0.82827 2.56549
0.82828 2.48975
0.82828 2.55174
0.82829 2.55144
0.82829 2.50098
0.82830 2.61707
0.82830 2.53943
0.82831 2.53697
0.82831 2.57038
0.82832 2.46860
0.82832 2.47241
0.82833 2.43090
0.82833 2.47321
0.82834 2.46179
0.82834 2.49530
0.82835 2.58280
0.82835 2.46881
0.82836 2.49842
0.82836 2.51856
0.82837 2.44945
0.82837 2.53421
0.82838 2.50036
0.82838 2.45788
0.82839 2.53214
0.82839 2.51208
0.82840 2.48130
0.82840 2.46141
0.82841 2.49307
0.82841 2.44699
0.82842 2.46177
0.82842 2.55794
0.82843 2.49795
0.82843 2.42864
0.82844 2.49134
0.82844 2.47915
0.82845 2.42745
0.82845 2.46480
0.82846 2.43741
0.82846 2.45585
0.82847 2.49446
0.82847 2.54698
0.82848 2.56737
0.82848 2.49014
0.82849 2.45856
0.82849 2.50351
0.82850 2.56764
0.82850 2.60294
0.82851 2.55687
0.82851 2.51218
0.82852 2.56002
0.82852 2.55909
0.82853 2.52858
0.82853 2.59649
0.82854 2.62633
0.82854 2.53707
0.82855 2.57192
0.82855 2.53039
0.82856 2.43500
0.82856 2.46800
0.82857 2.47259
0.82857 2.51778
0.82858 2.47742
0.82858 2.46278
0.82859 2.53781
0.82859 2.50787
0.82860 2.51148
0.82860 2.54878
0.82861 2.43028
0.82861 2.46027
0.82862 2.52605
0.82862 2.46707
0.82863 2.55552
0.82863 2.56686
0.82864 2.55093
0.82864 2.51376
0.82865 2.42122
0.82865 2.47204
0.82866 2.57534
0.82866 2.53345
0.82867 2.46038
0.82867 2.48746
0.82868 2.50145
0.82868 2.61936
0.82869 2.49107
0.82869 2.47796
0.82870 2.56581
0.82870 2.56435
0.82871 2.58703
0.82871 2.50591
0.82872 2.49729
0.82872 2.56702
0.82873 2.55522
0.82873 2.47396
0.82874 2.51130
0.82874 2.57646
0.82875 2.56475
0.82875 2.44370
0.82876 2.51107
0.82876 2.42903
0.82877 2.55640
0.82877 2.63865
0.82878 2.52650
0.82878 2.55458
0.82879 2.44650
0.82879 2.50716
0.82880 2.49734
0.82880 2.58187
0.82881 2.66450
0.82881 2.58437
0.82882 2.51014
0.82882 2.44283
0.82883 2.47189
0.82883 2.52558
0.82884 2.55546
0.82884 2.48832
0.82885 2.56282
0.82885 2.55158
0.82886 2.40765
0.82886 2.47766
0.82887 2.52902
0.82887 2.49064
0.82888 2.44401
0.82888 2.45614
0.82889 2.51870
0.82889 2.52110
0.82890 2.61470
0.82890 2.49151
0.82891 2.39077
0.82891 2.48780
0.82892 2.41237
0.82892 2.52064
0.82893 2.58879
0.82893 2.46870
0.82894 2.43250
0.82894 2.52816
0.82895 2.52709
0.82895 2.41438
0.82896 2.47999
0.82896 2.53956
0.82897 2.53485
0.82897 2.42677
0.82898 2.19640
0.82898 2.32454
0.82899 2.53599
0.82899 2.45053
0.82900 2.31169
0.82900 2.44836
0.82901 2.37115
0.82901 2.35276
0.82902 2.51435
0.82902 2.47908
0.82903 2.51712
0.82903 2.45156
0.82904 2.47709
0.82904 2.40187
0.82905 2.40626
0.82905 2.45056
0.82906 2.40665
0.82906 2.47878
0.82907 2.43475
0.82907 2.42668
0.82908 2.36276
0.82908 2.38510
0.82909 2.41494
0.82909 2.41983
0.82910 2.46488
0.82910 2.41982
0.82911 2.33108
0.82911 2.33334
0.82912 2.43547
0.82912 2.38409
0.82913 2.39714
0.82913 2.49468
0.82914 2.50618
0.82914 2.44873
0.82915 2.41157
0.82915 2.43360
0.82916 2.43933
0.82916 2.37735
0.82917 2.39515
0.82917 2.49089
0.82918 2.43746
0.82918 2.42136
0.82919 2.51489
0.82919 2.47861
0.82920 2.41551
0.82920 2.39575
0.82921 2.43218
0.82921 2.46076
0.82922 2.50955
0.82922 2.46051
0.82923 2.37051
0.82923 2.41260
0.82924 2.42981
0.82924 2.40720
0.82925 2.40074
0.82925 2.39675
0.82926 2.46182
0.82926 2.46052
0.82927 2.44006
0.82927 2.44008
0.82928 2.38757
0.82928 2.39192
0.82929 2.37085
0.82929 2.45305
0.82930 2.41776
0.82930 2.49955
0.82931 2.41738
0.82931 2.34413
0.82932 2.52645
0.82932 2.51112
0.82933 2.42076
0.82933 2.39714
0.82934 2.47516
0.82934 2.43301
0.82935 2.45099
0.82935 2.56448
0.82936 2.44482
0.82936 2.37039
0.82937 2.48648
0.82937 2.50775
0.82938 2.46913
0.82938 2.42747
0.82939 2.41072
0.82939 2.37577
0.82940 2.41758
0.82940 2.39241
0.82941 2.40971
0.82941 2.47510
0.82942 2.39131
0.82942 2.48502
0.82943 2.46727
0.82943 2.35656
0.82944 2.50103
0.82944 2.41722
0.82945 2.48106
0.82945 2.54903
0.82946 2.34789
0.82946 2.45543
0.82947 2.46201
0.82947 2.44959
0.82948 2.47985
0.82948 2.46548
0.82949 2.44164
0.82949 2.40895
0.82950 2.48079
0.82950 2.42538
0.82951 2.45068
0.82951 2.45938
0.82952 2.44144
0.82952 2.45588
0.82953 2.50745
0.82953 2.48279
0.82954 2.42670
0.82954 2.48252
0.82955 2.38088
0.82955 2.44294
0.82956 2.53951
0.82956 2.50072
0.82957 2.49961
0.82957 2.47344
0.82958 2.54654
0.82958 2.51802
0.82959 2.46120
0.82959 2.52010
0.82960 2.38841
0.82960 2.35280
0.82961 2.51272
0.82961 2.47071
0.82962 2.52076
0.82962 2.49962
0.82963 2.47460
0.82963 2.43246
0.82964 2.41999
0.82964 2.50269
0.82965 2.40263
0.82965 2.51274
0.82966 2.47850
0.82966 2.59679
0.82967 2.59671
0.82967 2.37003
0.82968 2.51626
0.82968 2.53506
0.82969 2.45391
0.82969 2.57749
0.82970 2.48784
0.82970 2.44859
0.82971 2.49294
0.82971 2.52797
0.82972 2.66740
0.82972 2.59147
0.82973 2.59215
0.82973 2.50173
0.82974 2.44249
0.82974 2.46088
0.82975 2.41330
0.82975 2.51855
0.82976 2.45559
0.82976 2.53307
0.82977 2.51995
0.82977 2.42773
0.82978 2.54988
0.82978 2.41294
0.82979 2.47342
0.82979 2.45418
0.82980 2.43631
0.82980 2.58887
0.82981 2.55433
0.82981 2.54972
0.82982 2.44604
0.82982 2.36237
0.82983 2.47920
0.82983 2.44152
0.82984 2.46271
0.82984 2.48843
0.82985 2.43133
0.82985 2.50515
0.82986 2.36813
0.82986 2.43200
0.82987 2.49250
0.82987 2.33931
0.82988 2.33051
0.82988 2.35051
0.82989 2.39034
0.82989 2.39856
0.82990 2.44139
0.82990 2.42357
0.82991 2.35269
0.82991 2.40750
0.82992 2.39437
0.82992 2.38488
0.82993 2.40600
0.82993 2.45639
0.82994 2.43560
0.82994 2.35729
0.82995 2.43374
0.82995 2.42426
0.82996 2.38442
0.82996 2.41208
0.82997 2.33195
0.82997 2.41488
0.82998 2.46919
0.82998 2.48970
0.82999 2.51806
0.82999 2.50599
0.83000 2.62113
0.83000 2.49199
0.83001 2.52334
0.83001 2.43436
0.83002 2.37395
0.83002 2.45704
0.83003 2.40580
0.83003 2.56803
0.83004 2.55275
0.83004 2.58596
0.83005 2.51766
0.83005 2.35860
0.83006 2.51351
0.83006 2.53981
0.83007 2.47490
0.83007 2.54957
0.83008 2.57602
0.83008 2.55938
0.83009 2.46310
0.83009 2.46674
0.83010 2.45542
0.83010 2.49756
0.83011 2.50349
0.83011 2.33134
0.83012 2.54316
0.83012 2.63295
0.83013 2.60418
0.83013 2.57304
0.83014 2.49986
0.83014 2.48468
0.83015 2.51404
0.83015 2.54158
0.83016 2.57418
0.83016 2.60505
0.83017 2.55479
0.83017 2.58768
0.83018 2.64927
0.83018 2.62958
0.83019 2.54774
0.83019 2.72611
0.83020 2.66901
0.83020 2.61564
0.83021 2.78879
0.83021 2.67260
0.83022 2.63357
0.83022 2.66899
0.83023 2.57104
0.83023 2.64190
0.83024 2.74857
0.83024 2.71172
0.83025 2.65948
0.83025 2.63134
0.83026 2.77905
0.83026 2.70373
0.83027 2.74739
0.83027 2.89125
0.83028 2.65179
0.83028 2.71192
0.83029 2.72303
0.83029 2.61780
0.83030 2.63962
0.83030 2.52684
0.83031 2.61462
0.83031 2.68486
0.83032 2.65373
0.83032 2.60878
0.83033 2.53952
0.83033 2.63565
0.83034 2.56379
0.83034 2.71735
0.83035 2.83157
0.83035 2.62138
0.83036 2.75872
0.83036 2.72049
0.83037 2.59226
0.83037 2.73880
0.83038 2.78534
0.83038 2.77699
0.83039 2.68291
0.83039 2.73050
0.83040 2.71954
0.83040 2.69058
0.83041 2.66246
0.83041 2.66653
0.83042 2.68769
0.83042 2.72342
0.83043 2.71735
0.83043 2.71553
0.83044 2.79392
0.83044 2.67906
0.83045 2.73580
0.83045 2.72892
0.83046 2.74872
0.83046 2.78557
0.83047 2.80518
0.83047 2.80765
0.83048 2.79502
0.83048 2.72288
0.83049 2.75727
0.83049 2.83459
0.83050 2.79694
0.83050 2.68646
0.83051 2.70532
0.83051 2.79984
0.83052 2.73171
0.83052 2.69830
0.83053 2.69268
0.83053 2.72941
0.83054 2.68843
0.83054 2.60396
0.83055 2.61252
0.83055 2.63151
0.83056 2.78438
0.83056 2.72708
0.83057 2.65905
0.83057 2.68984
0.83058 2.71772
0.83058 2.73009
0.83059 2.77483
0.83059 2.76725
0.83060 2.60986
0.83060 2.74518
0.83061 2.68183
0.83061 2.75855
0.83062 2.78254
0.83062 2.58177
0.83063 2.70900
0.83063 2.70513
0.83064 2.59222
0.83064 2.71721
0.83065 2.71113
0.83065 2.79904
0.83066 2.74502
0.83066 2.58680
0.83067 2.65767
0.83067 2.65241
0.83068 2.70211
0.83068 2.74551
0.83069 2.82365
0.83069 2.76605
0.83070 2.73512
0.83070 2.75864
0.83071 2.73446
0.83071 2.80522
0.83072 2.75904
0.83072 2.66556
0.83073 2.65319
0.83073 2.73563
0.83074 2.69378
0.83074 2.67352
0.83075 2.79784
0.83075 2.82953
0.83076 2.92451
0.83076 2.73891
0.83077 2.71950
0.83077 2.85343
0.83078 2.61129
0.83078 2.65151
0.83079 2.83676
0.83079 2.80584
0.83080 2.75256
0.83080 2.69752
0.83081 2.65336
0.83081 2.60342
0.83082 2.73288
0.83082 2.75381
0.83083 2.62080
0.83083 2.68863
0.83084 2.64013
0.83084 2.67712
0.83085 2.66085
0.83085 2.70934
0.83086 2.84298
0.83086 2.67140
0.83087 2.69069
0.83087 2.73712
0.83088 2.75294
0.83088 2.81180
0.83089 2.83656
0.83089 2.85575
0.83090 2.71142
0.83090 2.70143
0.83091 2.78721
0.83091 2.82907
0.83092 2.80092
0.83092 2.77168
0.83093 2.74379
0.83093 2.67446
0.83094 2.76294
0.83094 2.70783
0.83095 2.79117
0.83095 2.83587
0.83096 2.70263
0.83096 2.82369
0.83097 2.74007
0.83097 2.83188
0.83098 2.74614
0.83098 2.67196
0.83099 2.77826
0.83099 2.76273
0.83100 2.81610
0.83100 2.69783
0.83101 2.67441
0.83101 2.77408
0.83102 2.82791
0.83102 2.81708
0.83103 2.77600
0.83103 2.81471
0.83104 2.73962
0.83104 2.69070
0.83105 2.80760
0.83105 2.73644
0.83106 2.64444
0.83106 2.77184
0.83107 2.81448
0.83107 2.67209
0.83108 2.79326
0.83108 2.79821
0.83109 2.71511
0.83109 2.73431
0.83110 2.68395
0.83110 2.71742
0.83111 2.68598
0.83111 2.69657
0.83112 2.81057
0.83112 2.71374
0.83113 2.75252
0.83113 2.71991
0.83114 2.73093
0.83114 2.76190
0.83115 2.66344
0.83115 2.75650
0.83116 2.86019
0.83116 2.70442
0.83117 2.59750
0.83117 2.76129
0.83118 2.84712
0.83118 2.75313
0.83119 2.70627
0.83119 2.82021
0.83120 2.67700
0.83120 2.79747
0.83121 2.85266
0.83121 2.71532
0.83122 2.76728
0.83122 2.67755
0.83123 2.78523
0.83123 2.77224
0.83124 2.76728
0.83124 2.87989
0.83125 2.68183
0.83125 2.53784
0.83126 2.54402
0.83126 2.51173
0.83127 2.49000
0.83127 2.57234
0.83128 2.53539
0.83128 2.57816
0.83129 2.60737
0.83129 2.59210
0.83130 2.72750
0.83130 2.64541
0.83131 2.75903
0.83131 2.69892
0.83132 2.68648
0.83132 2.82385
0.83133 2.59972
0.83133 2.66598
0.83134 2.72963
0.83134 2.66989
0.83135 2.73014
0.83135 2.76932
0.83136 2.74611
0.83136 2.65789
0.83137 2.65351
0.83137 2.74244
0.83138 2.66869
0.83138 2.72303
0.83139 2.58235
0.83139 2.49624
0.83140 2.62032
0.83140 2.63961
0.83141 2.71324
0.83141 2.59094
0.83142 2.62112
0.83142 2.62810
0.83143 2.61367
0.83143 2.61036
0.83144 2.54991
0.83144 2.56759
0.83145 2.47483
0.83145 2.55228
0.83146 2.60475
0.83146 2.52408
0.83147 2.53851
0.83147 2.63555
0.83148 2.59961
0.83148 2.58554
0.83149 2.59692
0.83149 2.55679
0.83150 2.63809
0.83150 2.61979
0.83151 2.69261
0.83151 2.65847
0.83152 2.54974
0.83152 2.60068
0.83153 2.56753
0.83153 2.53847
0.83154 2.60593
0.83154 2.55937
0.83155 2.60078
0.83155 2.67991
0.83156 2.63089
0.83156 2.61556
0.83157 2.64340
0.83157 2.76862
0.83158 2.70275
0.83158 2.66656
0.83159 2.65824
0.83159 2.65013
0.83160 2.74131
0.83160 2.63079
0.83161 2.58911
0.83161 2.61237
0.83162 2.62619
0.83162 2.59619
0.83163 2.66238
0.83163 2.75917
0.83164 2.66075
0.83164 2.69408
0.83165 2.61811
0.83165 2.56820
0.83166 2.66753
0.83166 2.65738
0.83167 2.50665
0.83167 2.54439
0.83168 2.60309
0.83168 2.53650
0.83169 2.63267
0.83169 2.62247
0.83170 2.59018
0.83170 2.55911
0.83171 2.64820
0.83171 2.57811
0.83172 2.46571
0.83172 2.57735
0.83173 2.60745
0.83173 2.58828
0.83174 2.55458
0.83174 2.51933
0.83175 2.59712
0.83175 2.61618
0.83176 2.61119
0.83176 2.56608
0.83177 2.54275
0.83177 2.57857
0.83178 2.61773
0.83178 2.65965
0.83179 2.63296
0.83179 2.59490
0.83180 2.49973
0.83180 2.62133
0.83181 2.62471
0.83181 2.55195
0.83182 2.65931
0.83182 2.65010
0.83183 2.61107
0.83183 2.66911
0.83184 2.66690
0.83184 2.60563
0.83185 2.61235
0.83185 2.70373
0.83186 2.79890
0.83186 2.73490
0.83187 2.53885
0.83187 2.59242
0.83188 2.73365
0.83188 2.66554
0.83189 2.74023
0.83189 2.71417
0.83190 2.65431
0.83190 2.77065
0.83191 2.72064
0.83191 2.73888
0.83192 2.80800
0.83192 2.79048
0.83193 2.72236
0.83193 2.64659
0.83194 2.59595
0.83194 2.65812
0.83195 2.71862
0.83195 2.54898
0.83196 2.69557
0.83196 2.70971
0.83197 2.76649
0.83197 2.73486
0.83198 2.67569
0.83198 2.77442
0.83199 2.72741
0.83199 2.79142
0.83200 2.71128
0.83200 2.72777
0.83201 2.70461
0.83201 2.74623
0.83202 2.71502
0.83202 2.64768
0.83203 2.66837
0.83203 2.70982
0.83204 2.77493
0.83204 2.71415
0.83205 2.66816
0.83205 2.65831
0.83206 2.82011
0.83206 2.81806
0.83207 2.66915
0.83207 2.69570
0.83208 2.61974
0.83208 2.69377
0.83209 2.67568
0.83209 2.64976
0.83210 2.72690
0.83210 2.60968
0.83211 2.60985
0.83211 2.68501
0.83212 2.69538
0.83212 2.60622
0.83213 2.67610
0.83213 2.81174
0.83214 2.68318
0.83214 2.60504
0.83215 2.64773
0.83215 2.60504
0.83216 2.75205
0.83216 2.58204
0.83217 2.52600
0.83217 2.76463
0.83218 2.69100
0.83218 2.63130
0.83219 2.67670
0.83219 2.60400
0.83220 2.49655
0.83220 2.67898
0.83221 2.73144
0.83221 2.71905
0.83222 2.69008
0.83222 2.78087
0.83223 2.73848
0.83223 2.63196
0.83224 2.70000
0.83224 2.58338
0.83225 2.65136
0.83225 2.76939
0.83226 2.71073
0.83226 2.64434
0.83227 2.65327
0.83227 2.59981
0.83228 2.67317
0.83228 2.66859
0.83229 2.70438
0.83229 2.76782
0.83230 2.62852
0.83230 2.54210
0.83231 2.54417
0.83231 2.55572
0.83232 2.65869
0.83232 2.61738
0.83233 2.62175
0.83233 2.85312
0.83234 2.76506
0.83234 2.54849
0.83235 2.55958
0.83235 2.63022
0.83236 2.65813
0.83236 2.61873
0.83237 2.60907
0.83237 2.68945
0.83238 2.65692
0.83238 2.68642
0.83239 2.69593
0.83239 2.63005
0.83240 2.72940
0.83240 2.64589
0.83241 2.55560
0.83241 2.67104
0.83242 2.54519
0.83242 2.70922
0.83243 2.76492
0.83243 2.65701
0.83244 2.76306
0.83244 2.68346
0.83245 2.60606
0.83245 2.59549
0.83246 2.74021
0.83246 2.78574
0.83247 2.67947
0.83247 2.63845
0.83248 2.69398
0.83248 2.75027
0.83249 2.67479
0.83249 2.67085
0.83250 2.60985
0.83250 2.62821
0.83251 2.71874
0.83251 2.70504
0.83252 2.63765
0.83252 2.59145
0.83253 2.66124
0.83253 2.68205
0.83254 2.49337
0.83254 2.62060
0.83255 2.69020
0.83255 2.62304
0.83256 2.66125
0.83256 2.52902
0.83257 2.60213
0.83257 2.69365
0.83258 2.59739
0.83258 2.46888
0.83259 2.63917
0.83259 2.53574
0.83260 2.43373
0.83260 2.71560
0.83261 2.59240
0.83261 2.46277
0.83262 2.65969
0.83262 2.65864
0.83263 2.63082
0.83263 2.71586
0.83264 2.71251
0.83264 2.52267
0.83265 2.54386
0.83265 2.74085
0.83266 2.63119
0.83266 2.61058
0.83267 2.59149
0.83267 2.50029
0.83268 2.61991
0.83268 2.55912
0.83269 2.58078
0.83269 2.67130
0.83270 2.53321
0.83270 2.57094
0.83271 2.59742
0.83271 2.62353
0.83272 2.61711
0.83272 2.67372
0.83273 2.69037
0.83273 2.59317
0.83274 2.71226
0.83274 2.56086
0.83275 2.47864
0.83275 2.54092
0.83276 2.64516
0.83276 2.71133
0.83277 2.53021
0.83277 2.56656
0.83278 2.56114
0.83278 2.56488
0.83279 2.52022
0.83279 2.43656
0.83280 2.45301
0.83280 2.49565
0.83281 2.50217
0.83281 2.58401
0.83282 2.58008
0.83282 2.49775
0.83283 2.62430
0.83283 2.65041
0.83284 2.67663
0.83284 2.64574
0.83285 2.55986
0.83285 2.61675
0.83286 2.65413
0.83286 2.59590
0.83287 2.57087
0.83287 2.54512
0.83288 2.60998
0.83288 2.62254
0.83289 2.65578
0.83289 2.64884
0.83290 2.53797
0.83290 2.51703
0.83291 2.55755
0.83291 2.54599
0.83292 2.60153
0.83292 2.61194
0.83293 2.51980
0.83293 2.56822
0.83294 2.44795
0.83294 2.52367
0.83295 2.52359
0.83295 2.42008
0.83296 2.58206
0.83296 2.51837
0.83297 2.56342
0.83297 2.52174
0.83298 2.47449
0.83298 2.56259
0.83299 2.53308
0.83299 2.53489
0.83300 2.56853
0.83300 2.67273
0.83301 2.61773
0.83301 2.52790
0.83302 2.52421
0.83302 2.57835
0.83303 2.53180
0.83303 2.48452
0.83304 2.49420
0.83304 2.53907
0.83305 2.56920
0.83305 2.48867
0.83306 2.43214
0.83306 2.50969
0.83307 2.51608
0.83307 2.46946
0.83308 2.46125
0.83308 2.42310
0.83309 2.46521
0.83309 2.50713
0.83310 2.52580
0.83310 2.46261
0.83311 2.42777
0.83311 2.52475
0.83312 2.39416
0.83312 2.40386
0.83313 2.49277
0.83313 2.40225
0.83314 2.40889
0.83314 2.39056
0.83315 2.39060
0.83315 2.49462
0.83316 2.43785
0.83316 2.38602
0.83317 2.50510
0.83317 2.40991
0.83318 2.37527
0.83318 2.50084
0.83319 2.41118
0.83319 2.37303
0.83320 2.36415
0.83320 2.42398
0.83321 2.50998
0.83321 2.36892
0.83322 2.35259
0.83322 2.36481
0.83323 2.37237
0.83323 2.42682
0.83324 2.44321
0.83324 2.46082
0.83325 2.40892
0.83325 2.36227
0.83326 2.45652
0.83326 2.42721
0.83327 2.33615
0.83327 2.31617
0.83328 2.40049
0.83328 2.47667
0.83329 2.45686
0.83329 2.39795
0.83330 2.38960
0.83330 2.50361
0.83331 2.44523
0.83331 2.43319
0.83332 2.42569
0.83332 2.36792
0.83333 2.40980
0.83333 2.45160
0.83334 2.41836
0.83334 2.39762
0.83335 2.41973
0.83335 2.38671
0.83336 2.43732
0.83336 2.40639
0.83337 2.49663
0.83337 2.46364
0.83338 2.36532
0.83338 2.37950
0.83339 2.45475
0.83339 2.51615
0.83340 2.38285
0.83340 2.41378
0.83341 2.47487
0.83341 2.42425
0.83342 2.47702
0.83342 2.56848
0.83343 2.54332
0.83343 2.49065
0.83344 2.51860
0.83344 2.54885
0.83345 2.56712
0.83345 2.50461
0.83346 2.49524
0.83346 2.49596
0.83347 2.43621
0.83347 2.51144
0.83348 2.48428
0.83348 2.51700
0.83349 2.55789
0.83349 2.48700
0.83350 2.40853
0.83350 2.53313
0.83351 2.59735
0.83351 2.53321
0.83352 2.55913
0.83352 2.46248
0.83353 2.55719
0.83353 2.53269
0.83354 2.50955
0.83354 2.57837
0.83355 2.47498
0.83355 2.61122
0.83356 2.60720
0.83356 2.55861
0.83357 2.59357
0.83357 2.51877
0.83358 2.58683
0.83358 2.62196
0.83359 2.50495
0.83359 2.59966
0.83360 2.52149
0.83360 2.53027
0.83361 2.64243
0.83361 2.51942
0.83362 2.58144
0.83362 2.59413
0.83363 2.58537
0.83363 2.55527
0.83364 2.65534
0.83364 2.71093
0.83365 2.54352
0.83365 2.62356
0.83366 2.59543
0.83366 2.58292
0.83367 2.51051
0.83367 2.53291
0.83368 2.61587
0.83368 2.53734
0.83369 2.61290
0.83369 2.51942
0.83370 2.64072
0.83370 2.70072
0.83371 2.61021
0.83371 2.57280
0.83372 2.53973
0.83372 2.67991
0.83373 2.62625
0.83373 2.62060
0.83374 2.61437
0.83374 2.54344
0.83375 2.63474
0.83375 2.64229
0.83376 2.73127
0.83376 2.80945
0.83377 2.74939
0.83377 2.60457
0.83378 2.59570
0.83378 2.68905
0.83379 2.63196
0.83379 2.55535
0.83380 2.55187
0.83380 2.62647
0.83381 2.70141
0.83381 2.66522
0.83382 2.53940
0.83382 2.62232
0.83383 2.67957
0.83383 2.55046
0.83384 2.68125
0.83384 2.58798
0.83385 2.57061
0.83385 2.76991
0.83386 2.73148
0.83386 2.66166
0.83387 2.57403
0.83387 2.62328
0.83388 2.68092
0.83388 2.65584
0.83389 2.71522
0.83389 2.63727
0.83390 2.58344
0.83390 2.69739
0.83391 2.70814
0.83391 2.66617
0.83392 2.56601
0.83392 2.62330
0.83393 2.67137
0.83393 2.62333
0.83394 2.65128
0.83394 2.71911
0.83395 2.58455
0.83395 2.48929
0.83396 2.61555
0.83396 2.60915
0.83397 2.60483
0.83397 2.65045
0.83398 2.60030
0.83398 2.58857
0.83399 2.57797
0.83399 2.66258
0.83400 2.61673
0.83400 2.45808
0.83401 2.54974
0.83401 2.59477
0.83402 2.61708
0.83402 2.55155
0.83403 2.51931
0.83403 2.55163
0.83404 2.55301
0.83404 2.61546
0.83405 2.57776
0.83405 2.58538
0.83406 2.61907
0.83406 2.68377
0.83407 2.62922
0.83407 2.62558
0.83408 2.69836
0.83408 2.58786
0.83409 2.61430
0.83409 2.63711
0.83410 2.66204
0.83410 2.64383
0.83411 2.58998
0.83411 2.59634
0.83412 2.59775
0.83412 2.69473
0.83413 2.62923
0.83413 2.60232
0.83414 2.68408
0.83414 2.57826
0.83415 2.62358
0.83415 2.68157
0.83416 2.67068
0.83416 2.65328
0.83417 2.58053
0.83417 2.57619
0.83418 2.67434
0.83418 2.66806
0.83419 2.64849
0.83419 2.62197
0.83420 2.57108
0.83420 2.62452
0.83421 2.59877
0.83421 2.69157
0.83422 2.68915
0.83422 2.59786
0.83423 2.65160
0.83423 2.67956
0.83424 2.65012
0.83424 2.74230
0.83425 2.72061
0.83425 2.57837
0.83426 2.72610
0.83426 2.73602
0.83427 2.60291
0.83427 2.69049
0.83428 2.62048
0.83428 2.70449
0.83429 2.68785
0.83429 2.62390
0.83430 2.68603
0.83430 2.70995
0.83431 2.74608
0.83431 2.59855
0.83432 2.67358
0.83432 2.70757
0.83433 2.67117
0.83433 2.78978
0.83434 2.65022
0.83434 2.64972
0.83435 2.73334
0.83435 2.60365
0.83436 2.74323
0.83436 2.71266
0.83437 2.66945
0.83437 2.69497
0.83438 2.61438
0.83438 2.69314
0.83439 2.69877
0.83439 2.65045
0.83440 2.72877
0.83440 2.75629
0.83441 2.70857
0.83441 2.76954
0.83442 2.62997
0.83442 2.69894
0.83443 2.70769
0.83443 2.55597
0.83444 2.71715
0.83444 2.66539
0.83445 2.71655
0.83445 2.77300
0.83446 2.77994
0.83446 2.69845
0.83447 2.77677
0.83447 2.84288
0.83448 2.64930
0.83448 2.69589
0.83449 2.64916
0.83449 2.70952
0.83450 2.71422
0.83450 2.73971
0.83451 2.82610
0.83451 2.67501
0.83452 2.75455
0.83452 2.76696
0.83453 2.60429
0.83453 2.73308
0.83454 2.79667
0.83454 2.68873
0.83455 2.71206
0.83455 2.75354
0.83456 2.79591
0.83456 2.81724
0.83457 2.77101
0.83457 2.75508
0.83458 2.75762
0.83458 2.68722
0.83459 2.69076
0.83459 2.72636
0.83460 2.68463
0.83460 2.79583
0.83461 2.87160
0.83461 2.76669
0.83462 2.67188
0.83462 2.77674
0.83463 2.82150
0.83463 2.68624
0.83464 2.72981
0.83464 2.81366
0.83465 2.77726
0.83465 2.65725
0.83466 2.79524
0.83466 2.86380
0.83467 2.81954
0.83467 2.86246
0.83468 2.77014
0.83468 2.86162
0.83469 2.84512
0.83469 2.83218
0.83470 2.85480
0.83470 2.82462
0.83471 2.88803
0.83471 2.91343
0.83472 2.89002
0.83472 2.85817
0.83473 2.83924
0.83473 2.71661
0.83474 2.74395
0.83474 2.82898
0.83475 2.73514
0.83475 2.82212
0.83476 2.87200
0.83476 2.78580
0.83477 2.81590
0.83477 2.83754
0.83478 2.85874
0.83478 2.77930
0.83479 2.80226
0.83479 2.85141
0.83480 2.80096
0.83480 2.86000
0.83481 2.89852
0.83481 2.84369
0.83482 2.80370
0.83482 2.84167
0.83483 2.92136
0.83483 2.88757
0.83484 2.84008
0.83484 2.77045
0.83485 2.72535
0.83485 2.88235
0.83486 2.79451
0.83486 2.78413
0.83487 2.82428
0.83487 2.80927
0.83488 2.81582
0.83488 2.76679
0.83489 2.82815
0.83489 2.73034
0.83490 2.83169
0.83490 2.91484
0.83491 2.84577
0.83491 2.93940
0.83492 2.91377
0.83492 2.87685
0.83493 2.76885
0.83493 2.81073
0.83494 2.87851
0.83494 2.79658
0.83495 2.82110
0.83495 2.88928
0.83496 2.77695
0.83496 2.72992
0.83497 2.95554
0.83497 2.89099
0.83498 2.79490
0.83498 2.83328
0.83499 2.87574
0.83499 2.79813
0.83500 2.78836
0.83500 2.81836
0.83501 2.86774
0.83501 2.92013
0.83502 2.87340
0.83502 2.87624
0.83503 2.78590
0.83503 2.71718
0.83504 2.89297
0.83504 2.93265
0.83505 2.80787
0.83505 2.86047
0.83506 2.84252
0.83506 2.82836
0.83507 2.92198
0.83507 2.77776
0.83508 2.94221
0.83508 2.95872
0.83509 2.71494
0.83509 2.91046
0.83510 2.89039
0.83510 2.92986
0.83511 2.84049
0.83511 2.57993
0.83512 2.66262
0.83512 2.68971
0.83513 2.69806
0.83513 2.73510
0.83514 2.67992
0.83514 2.72126
0.83515 2.62893
0.83515 2.56000
0.83516 2.62479
0.83516 2.69637
0.83517 2.77962
0.83517 2.67180
0.83518 2.85291
0.83518 2.82707
0.83519 2.79859
0.83519 2.84000
0.83520 2.69359
0.83520 2.82167
0.83521 2.79541
0.83521 2.82898
0.83522 2.87591
0.83522 2.80932
0.83523 2.79043
0.83523 2.73703
0.83524 2.79410
0.83524 2.59063
0.83525 2.62348
0.83525 2.73197
0.83526 2.56414
0.83526 2.69506
0.83527 2.65168
0.83527 2.63490
0.83528 2.77255
0.83528 2.74885
0.83529 2.66744
0.83529 2.67300
0.83530 2.67413
0.83530 2.55315
0.83531 2.57961
0.83531 2.72990
0.83532 2.71113
0.83532 2.64820
0.83533 2.67494
0.83533 2.67546
0.83534 2.58782
0.83534 2.67535
0.83535 2.64350
0.83535 2.58551
0.83536 2.56662
0.83536 2.68747
0.83537 2.68501
0.83537 2.51147
0.83538 2.66962
0.83538 2.64507
0.83539 2.61921
0.83539 2.61805
0.83540 2.45177
0.83540 2.51168
0.83541 2.59125
0.83541 2.46347
0.83542 2.49808
0.83542 2.54039
0.83543 2.54002
0.83543 2.50147
0.83544 2.46891
0.83544 2.56270
0.83545 2.49040
0.83545 2.49591
0.83546 2.65666
0.83546 2.63513
0.83547 2.50220
0.83547 2.49666
0.83548 2.57365
0.83548 2.59609
0.83549 2.63932
0.83549 2.68276
0.83550 2.62820
0.83550 2.63396
0.83551 2.62338
0.83551 2.61985
0.83552 2.69515
0.83552 2.63377
0.83553 2.53626
0.83553 2.59212
0.83554 2.60715
0.83554 2.57828
0.83555 2.59910
0.83555 2.54668
0.83556 2.63212
0.83556 2.67172
0.83557 2.61521
0.83557 2.65211
0.83558 2.61543
0.83558 2.55780
0.83559 2.72160
0.83559 2.69369
0.83560 2.68398
0.83560 2.67368
0.83561 2.58052
0.83561 2.64479
0.83562 2.66781
0.83562 2.63812
0.83563 2.62941
0.83563 2.54609
0.83564 2.53967
0.83564 2.60346
0.83565 2.55108
0.83565 2.54796
0.83566 2.54250
0.83566 2.54261
0.83567 2.59685
0.83567 2.62340
0.83568 2.58439
0.83568 2.60379
0.83569 2.54066
0.83569 2.53210
0.83570 2.53133
0.83570 2.56677
0.83571 2.56145
0.83571 2.50217
0.83572 2.56997
0.83572 2.51930
0.83573 2.47069
0.83573 2.54850
0.83574 2.58570
0.83574 2.65350
0.83575 2.62871
0.83575 2.59507
0.83576 2.59611
0.83576 2.57466
0.83577 2.54811
0.83577 2.57409
0.83578 2.64221
0.83578 2.53162
0.83579 2.53885
0.83579 2.52648
0.83580 2.56293
0.83580 2.57021
0.83581 2.51397
0.83581 2.55552
0.83582 2.64400
0.83582 2.63739
0.83583 2.42492
0.83583 2.52662
0.83584 2.65588
0.83584 2.66916
0.83585 2.55165
0.83585 2.46500
0.83586 2.49486
0.83586 2.51799
0.83587 2.55936
0.83587 2.49153
0.83588 2.49318
0.83588 2.47529
0.83589 2.55677
0.83589 2.61624
0.83590 2.61985
0.83590 2.57269
0.83591 2.52421
0.83591 2.59293
0.83592 2.55076
0.83592 2.59462
0.83593 2.63548
0.83593 2.50888
0.83594 2.53307
0.83594 2.60399
0.83595 2.56670
0.83595 2.54085
0.83596 2.62426
0.83596 2.60999
0.83597 2.65077
0.83597 2.71662
0.83598 2.58730
0.83598 2.62118
0.83599 2.75574
0.83599 2.65819
0.83600 2.67151
0.83600 2.63829
0.83601 2.66058
0.83601 2.57640
0.83602 2.48393
0.83602 2.69318
0.83603 2.49665
0.83603 2.49054
0.83604 2.67389
0.83604 2.48185
0.83605 2.42857
0.83605 2.55552
0.83606 2.66426
0.83606 2.69683
0.83607 2.74492
0.83607 2.71280
0.83608 2.50431
0.83608 2.65647
0.83609 2.76620
0.83609 2.70578
0.83610 2.71655
0.83610 2.73101
0.83611 2.70565
0.83611 2.70133
0.83612 2.73108
0.83612 2.65959
0.83613 2.71788
0.83613 2.71069
0.83614 2.73126
0.83614 2.70855
0.83615 2.56224
0.83615 2.66841
0.83616 2.58224
0.83616 2.60063
0.83617 2.65524
0.83617 2.65566
0.83618 2.69597
0.83618 2.58171
0.83619 2.68572
0.83619 2.67106
0.83620 2.69347
0.83620 2.60941
0.83621 2.54946
0.83621 2.60429
0.83622 2.61590
0.83622 2.60121
0.83623 2.51794
0.83623 2.61423
0.83624 2.65764
0.83624 2.70886
0.83625 2.53828
0.83625 2.54258
0.83626 2.64401
0.83626 2.62835
0.83627 2.67684
0.83627 2.67638
0.83628 2.67444
0.83628 2.63032
0.83629 2.70943
0.83629 2.61718
0.83630 2.56033
0.83630 2.66387
0.83631 2.65630
0.83631 2.64101
0.83632 2.60270
0.83632 2.58338
0.83633 2.62975
0.83633 2.61855
0.83634 2.62713
0.83634 2.65432
0.83635 2.61905
0.83635 2.57380
0.83636 2.60834
0.83636 2.64494
0.83637 2.63990
0.83637 2.71511
0.83638 2.63234
0.83638 2.59953
0.83639 2.62238
0.83639 2.54715
0.83640 2.64606
0.83640 2.62920
0.83641 2.69603
0.83641 2.66799
0.83642 2.59355
0.83642 2.79445
0.83643 2.77232
0.83643 2.68431
0.83644 2.64254
0.83644 2.68791
0.83645 2.71123
0.83645 2.62918
0.83646 2.64899
0.83646 2.69457
0.83647 2.72243
0.83647 2.75293
0.83648 2.67108
0.83648 2.75205
0.83649 2.76161
0.83649 2.66113
0.83650 2.69523
0.83650 2.63057
0.83651 2.80515
0.83651 2.77392
0.83652 2.63082
0.83652 2.77855
0.83653 2.67136
0.83653 2.67640
0.83654 2.73225
0.83654 2.73379
0.83655 2.85074
0.83655 2.71529
0.83656 2.63023
0.83656 2.61122
0.83657 2.64615
0.83657 2.66650
0.83658 2.65353
0.83658 2.61957
0.83659 2.75399
0.83659 2.84413
0.83660 2.63804
0.83660 2.63394
0.83661 2.63709
0.83661 2.68600
0.83662 2.69393
0.83662 2.66369
0.83663 2.79848
0.83663 2.68708
0.83664 2.61605
0.83664 2.70351
0.83665 2.59604
0.83665 2.62127
0.83666 2.68040
0.83666 2.70478
0.83667 2.65336
0.83667 2.68537
0.83668 2.72174
0.83668 2.57659
0.83669 2.58774
0.83669 2.69360
0.83670 2.71504
0.83670 2.60274
0.83671 2.61344
0.83671 2.68988
0.83672 2.72704
0.83672 2.68204
0.83673 2.65660
0.83673 2.67857
0.83674 2.64437
0.83674 2.65726
0.83675 2.61615
0.83675 2.64796
0.83676 2.61835
0.83676 2.68264
0.83677 2.78115
0.83677 2.70123
0.83678 2.59832
0.83678 2.55422
0.83679 2.75083
0.83679 2.74009
0.83680 2.63382
0.83680 2.67429
0.83681 2.74906
0.83681 2.64123
0.83682 2.57185
0.83682 2.72046
0.83683 2.63078
0.83683 2.61934
0.83684 2.72492
0.83684 2.62391
0.83685 2.62006
0.83685 2.62222
0.83686 2.56722
0.83686 2.66645
0.83687 2.66628
0.83687 2.62781
0.83688 2.72566
0.83688 2.82659
0.83689 2.61508
0.83689 2.53708
0.83690 2.69547
0.83690 2.68811
0.83691 2.64460
0.83691 2.63320
0.83692 2.54191
0.83692 2.67962
0.83693 2.69769
0.83693 2.67032
0.83694 2.73354
0.83694 2.57559
0.83695 2.71851
0.83695 2.69952
0.83696 2.68770
0.83696 2.64201
0.83697 2.64353
0.83697 2.82424
0.83698 2.71054
0.83698 2.61632
0.83699 2.68644
0.83699 2.67172
0.83700 2.63936
0.83700 2.70399
0.83701 2.59815
0.83701 2.61171
0.83702 2.53422
0.83702 2.62290
0.83703 2.72132
0.83703 2.53329
0.83704 2.73531
0.83704 2.75032
0.83705 2.57380
0.83705 2.54768
0.83706 2.56867
0.83706 2.62693
0.83707 2.57972
0.83707 2.54468
0.83708 2.56087
0.83708 2.67255
0.83709 2.51075
0.83709 2.49930
0.83710 2.66568
0.83710 2.53441
0.83711 2.49146
0.83711 2.52640
0.83712 2.64008
0.83712 2.61178
0.83713 2.63501
0.83713 2.59696
0.83714 2.53902
0.83714 2.58983
0.83715 2.52962
0.83715 2.53756
0.83716 2.54891
0.83716 2.53446
0.83717 2.59456
0.83717 2.71233
0.83718 2.65289
0.83718 2.63979
0.83719 2.62064
0.83719 2.55896
0.83720 2.64603
0.83720 2.58079
0.83721 2.52110
0.83721 2.49438
0.83722 2.48861
0.83722 2.52456
0.83723 2.52129
0.83723 2.53488
0.83724 2.52715
0.83724 2.60736
0.83725 2.52660
0.83725 2.50254
0.83726 2.56128
0.83726 2.54550
0.83727 2.60151
0.83727 2.54689
0.83728 2.45314
0.83728 2.49090
0.83729 2.53035
0.83729 2.42182
0.83730 2.46219
0.83730 2.56026
0.83731 2.57507
0.83731 2.56279
0.83732 2.58803
0.83732 2.65945
0.83733 2.52714
0.83733 2.58270
0.83734 2.68537
0.83734 2.54002
0.83735 2.42203
0.83735 2.47523
0.83736 2.56685
0.83736 2.54133
0.83737 2.58593
0.83737 2.57094
0.83738 2.54857
0.83738 2.52465
0.83739 2.55577
0.83739 2.69220
0.83740 2.58094
0.83740 2.53330
0.83741 2.61616
0.83741 2.58847
0.83742 2.51015
0.83742 2.51181
0.83743 2.62995
0.83743 2.64999
0.83744 2.62691
0.83744 2.54352
0.83745 2.56904
0.83745 2.61512
0.83746 2.54347
0.83746 2.54749
0.83747 2.61447
0.83747 2.69078
0.83748 2.63387
0.83748 2.52602
0.83749 2.56793
0.83749 2.69253
0.83750 2.62975
0.83750 2.61477
0.83751 2.61663
0.83751 2.63100
0.83752 2.67664
0.83752 2.58817
0.83753 2.56820
0.83753 2.47256
0.83754 2.56548
0.83754 2.56661
0.83755 2.52944
0.83755 2.63264
0.83756 2.53432
0.83756 2.55602
0.83757 2.49021
0.83757 2.51632
0.83758 2.61244
0.83758 2.56329
0.83759 2.60922
0.83759 2.62249
0.83760 2.57294
0.83760 2.53752
0.83761 2.48071
0.83761 2.47682
0.83762 2.59176
0.83762 2.62455
0.83763 2.47569
0.83763 2.54847
0.83764 2.54879
0.83764 2.52375
0.83765 2.61350
0.83765 2.53147
0.83766 2.57914
0.83766 2.51464
0.83767 2.46176
0.83767 2.52449
0.83768 2.42386
0.83768 2.50822
0.83769 2.57150
0.83769 2.53440
0.83770 2.46320
0.83770 2.49512
0.83771 2.62413
0.83771 2.48683
0.83772 2.54391
0.83772 2.66884
0.83773 2.46404
0.83773 2.57163
0.83774 2.58716
0.83774 2.45685
0.83775 2.62460
0.83775 2.56359
0.83776 2.57506
0.83776 2.62003
0.83777 2.50516
0.83777 2.53407
0.83778 2.51652
0.83778 2.53343
0.83779 2.57569
0.83779 2.58401
0.83780 2.65824
0.83780 2.63057
0.83781 2.62371
0.83781 2.58708
0.83782 2.57131
0.83782 2.50586
0.83783 2.55639
0.83783 2.55138
0.83784 2.49500
0.83784 2.54669
0.83785 2.54825
0.83785 2.57704
0.83786 2.58689
0.83786 2.55915
0.83787 2.51021
0.83787 2.55923
0.83788 2.51814
0.83788 2.54509
0.83789 2.52583
0.83789 2.46640
0.83790 2.55736
0.83790 2.57624
0.83791 2.55728
0.83791 2.60458
0.83792 2.56167
0.83792 2.54860
0.83793 2.58539
0.83793 2.53550
0.83794 2.49133
0.83794 2.51347
0.83795 2.53141
0.83795 2.50121
0.83796 2.72198
0.83796 2.64332
0.83797 2.45442
0.83797 2.55700
0.83798 2.60542
0.83798 2.62466
0.83799 2.57470
0.83799 2.63269
0.83800 2.55151
0.83800 2.52283
0.83801 2.50569
0.83801 2.49203
0.83802 2.55655
0.83802 2.45930
0.83803 2.46799
0.83803 2.43399
0.83804 2.46443
0.83804 2.55428
0.83805 2.57868
0.83805 2.58201
0.83806 2.50296
0.83806 2.53191
0.83807 2.52394
0.83807 2.59527
0.83808 2.68269
0.83808 2.47470
0.83809 2.57323
0.83809 2.57130
0.83810 2.50458
0.83810 2.67909
0.83811 2.62148
0.83811 2.56797
0.83812 2.50712
0.83812 2.49491
0.83813 2.53494
0.83813 2.68537
0.83814 2.49993
0.83814 2.50123
0.83815 2.69725
0.83815 2.41817
0.83816 2.53443
0.83816 2.65096
0.83817 2.56594
0.83817 2.66864
0.83818 2.61032
0.83818 2.55413
0.83819 2.50964
0.83819 2.48546
0.83820 2.57211
0.83820 2.58178
0.83821 2.68462
0.83821 2.62489
0.83822 2.53719
0.83822 2.65617
0.83823 2.59751
0.83823 2.49797
0.83824 2.49448
0.83824 2.49558
0.83825 2.50419
0.83825 2.49336
0.83826 2.47816
0.83826 2.55984
0.83827 2.57114
0.83827 2.59383
0.83828 2.58075
0.83828 2.54190
0.83829 2.61992
0.83829 2.53810
0.83830 2.48632
0.83830 2.50453
0.83831 2.58390
0.83831 2.57118
0.83832 2.56563
0.83832 2.65463
0.83833 2.61010
0.83833 2.61673
0.83834 2.60147
0.83834 2.52857
0.83835 2.55046
0.83835 2.61230
0.83836 2.62212
0.83836 2.72862
0.83837 2.60518
0.83837 2.54512
0.83838 2.60210
0.83838 2.50087
0.83839 2.57423
0.83839 2.76763
0.83840 2.78485
0.83840 2.57587
0.83841 2.61678
0.83841 2.65188
0.83842 2.64963
0.83842 2.67796
0.83843 2.63346
0.83843 2.73208
0.83844 2.61685
0.83844 2.52864
0.83845 2.66269
0.83845 2.65807
0.83846 2.58246
0.83846 2.57967
0.83847 2.52094
0.83847 2.52990
0.83848 2.59502
0.83848 2.73899
0.83849 2.76047
0.83849 2.68553
0.83850 2.57498
0.83850 2.43843
0.83851 2.57566
0.83851 2.60168
0.83852 2.60688
0.83852 2.67266
0.83853 2.67453
0.83853 2.59841
0.83854 2.60495
0.83854 2.56286
0.83855 2.66080
0.83855 2.67444
0.83856 2.54099
0.83856 2.65731
0.83857 2.73711
0.83857 2.75197
0.83858 2.64078
0.83858 2.67996
0.83859 2.79662
0.83859 2.73745
0.83860 2.64231
0.83860 2.65192
0.83861 2.65506
0.83861 2.67623
0.83862 2.63098
0.83862 2.66797
0.83863 2.75123
0.83863 2.64925
0.83864 2.65341
0.83864 2.71391
0.83865 2.63718
0.83865 2.75431
0.83866 2.72145
0.83866 2.60440
0.83867 2.67764
0.83867 2.72614
0.83868 2.72147
0.83868 2.72033
0.83869 2.76417
0.83869 2.73450
0.83870 2.66794
0.83870 2.65870
0.83871 2.65356
0.83871 2.60162
0.83872 2.65573
0.83872 2.64055
0.83873 2.70242
0.83873 2.75045
0.83874 2.67012
0.83874 2.74581
0.83875 2.75207
0.83875 2.61875
0.83876 2.70198
0.83876 2.67465
0.83877 2.61608
0.83877 2.69736
0.83878 2.72997
0.83878 2.66993
0.83879 2.64102
0.83879 2.62324
0.83880 2.57934
0.83880 2.57805
0.83881 2.60020
0.83881 2.64776
0.83882 2.55078
0.83882 2.62235
0.83883 2.60093
0.83883 2.47193
0.83884 2.66821
0.83884 2.67021
0.83885 2.59938
0.83885 2.68718
0.83886 2.71232
0.83886 2.66904
0.83887 2.63175
0.83887 2.61967
0.83888 2.62787
0.83888 2.57265
0.83889 2.61980
0.83889 2.61017
0.83890 2.55937
0.83890 2.55481
0.83891 2.61753
0.83891 2.69824
0.83892 2.59334
0.83892 2.64446
0.83893 2.57911
0.83893 2.59731
0.83894 2.66296
0.83894 2.64608
0.83895 2.59909
0.83895 2.54068
0.83896 2.50995
0.83896 2.60708
0.83897 2.71786
0.83897 2.63013
0.83898 2.60406
0.83898 2.54021
0.83899 2.61351
0.83899 2.57358
0.83900 2.59842
0.83900 2.58126
0.83901 2.52953
0.83901 2.62410
0.83902 2.59280
0.83902 2.64231
0.83903 2.51351
0.83903 2.48042
0.83904 2.59271
0.83904 2.55264
0.83905 2.51477
0.83905 2.64187
0.83906 2.63082
0.83906 2.52523
0.83907 2.53062
0.83907 2.53179
0.83908 2.51513
0.83908 2.54951
0.83909 2.65196
0.83909 2.59302
0.83910 2.51409
0.83910 2.58974
0.83911 2.64592
0.83911 2.68430
0.83912 2.66363
0.83912 2.52002
0.83913 2.60044
0.83913 2.64477
0.83914 2.65369
0.83914 2.63347
0.83915 2.59129
0.83915 2.61100
0.83916 2.54254
0.83916 2.53798
0.83917 2.58369
0.83917 2.59900
0.83918 2.62029
0.83918 2.60149
0.83919 2.59464
0.83919 2.61092
0.83920 2.63839
0.83920 2.53847
0.83921 2.55063
0.83921 2.52784
0.83922 2.46376
0.83922 2.56075
0.83923 2.57564
0.83923 2.63895
0.83924 2.56159
0.83924 2.49169
0.83925 2.50326
0.83925 2.59581
0.83926 2.60916
0.83926 2.49042
0.83927 2.52889
0.83927 2.46774
0.83928 2.46290
0.83928 2.57272
0.83929 2.51135
0.83929 2.52627
0.83930 2.57241
0.83930 2.55764
0.83931 2.52619
0.83931 2.64268
0.83932 2.56673
0.83932 2.43888
0.83933 2.59996
0.83933 2.62809
0.83934 2.56010
0.83934 2.58239
0.83935 2.56611
0.83935 2.54028
0.83936 2.53745
0.83936 2.52613
0.83937 2.53583
0.83937 2.53730
0.83938 2.57726
0.83938 2.58668
0.83939 2.56032
0.83939 2.55392
0.83940 2.54424
0.83940 2.57108
0.83941 2.51008
0.83941 2.46690
0.83942 2.56667
0.83942 2.50890
0.83943 2.57944
0.83943 2.55273
0.83944 2.47618
0.83944 2.59243
0.83945 2.53075
0.83945 2.49991
0.83946 2.59984
0.83946 2.53487
0.83947 2.55013
0.83947 2.62919
0.83948 2.60764
0.83948 2.67725
0.83949 2.59441
0.83949 2.50814
0.83950 2.51421
0.83950 2.64359
0.83951 2.67544
0.83951 2.58982
0.83952 2.59101
0.83952 2.59067
0.83953 2.58954
0.83953 2.63095
0.83954 2.65740
0.83954 2.57580
0.83955 2.55374
0.83955 2.56866
0.83956 2.57801
0.83956 2.61608
0.83957 2.65893
0.83957 2.59176
0.83958 2.62954
0.83958 2.61417
0.83959 2.59334
0.83959 2.63117
0.83960 2.56976
0.83960 2.51249
0.83961 2.56269
0.83961 2.59743
0.83962 2.51274
0.83962 2.51959
0.83963 2.53191
0.83963 2.60672
0.83964 2.66069
0.83964 2.64641
0.83965 2.61344
0.83965 2.64773
0.83966 2.74836
0.83966 2.58811
0.83967 2.60866
0.83967 2.66712
0.83968 2.53492
0.83968 2.63596
0.83969 2.59163
0.83969 2.55736
0.83970 2.57717
0.83970 2.55682
0.83971 2.62518
0.83971 2.49978
0.83972 2.52262
0.83972 2.67039
0.83973 2.53484
0.83973 2.57651
0.83974 2.58418
0.83974 2.55565
0.83975 2.68999
0.83975 2.65146
0.83976 2.68178
0.83976 2.70170
0.83977 2.53054
0.83977 2.57154
0.83978 2.65929
0.83978 2.57494
0.83979 2.69418
0.83979 2.53065
0.83980 2.49232
0.83980 2.69920
0.83981 2.55623
0.83981 2.63624
0.83982 2.73834
0.83982 2.68723
0.83983 2.61363
0.83983 2.57510
0.83984 2.58629
0.83984 2.66690
0.83985 2.60348
0.83985 2.53734
0.83986 2.70237
0.83986 2.63404
0.83987 2.66319
0.83987 2.66694
0.83988 2.54449
0.83988 2.56019
0.83989 2.59844
0.83989 2.75174
0.83990 2.71085
0.83990 2.64655
0.83991 2.69283
0.83991 2.57296
0.83992 2.74283
0.83992 2.83067
0.83993 2.67769
0.83993 2.68928
0.83994 2.71864
0.83994 2.68673
0.83995 2.66760
0.83995 2.70452
0.83996 2.79174
0.83996 2.67250
0.83997 2.59267
0.83997 2.68802
0.83998 2.59008
0.83998 2.69023
0.83999 2.63916
0.83999 2.65476
0.84000 2.76878
0.84000 2.64108
0.84001 2.66977
0.84001 2.81221
0.84002 2.70695
0.84002 2.70236
0.84003 2.67057
0.84003 2.66025
0.84004 2.78031
0.84004 2.75530
0.84005 2.75140
0.84005 2.78486
0.84006 2.68814
0.84006 2.66625
0.84007 2.77495
0.84007 2.65485
0.84008 2.69946
0.84008 2.70729
0.84009 2.81913
0.84009 2.78988
0.84010 2.63741
0.84010 2.66802
0.84011 2.66955
0.84011 2.69084
0.84012 2.67961
0.84012 2.64944
0.84013 2.74821
0.84013 2.78721
0.84014 2.73312
0.84014 2.72342
0.84015 2.63986
0.84015 2.68275
0.84016 2.73274
0.84016 2.60953
0.84017 2.65486
0.84017 2.56603
0.84018 2.58035
0.84018 2.73560
0.84019 2.64723
0.84019 2.67223
0.84020 2.63873
0.84020 2.63250
0.84021 2.61663
0.84021 2.69084
0.84022 2.67537
0.84022 2.68322
0.84023 2.60304
0.84023 2.54125
0.84024 2.62225
0.84024 2.58693
0.84025 2.60464
0.84025 2.56383
0.84026 2.62281
0.84026 2.65215
0.84027 2.66358
0.84027 2.63513
0.84028 2.58448
0.84028 2.59997
0.84029 2.53784
0.84029 2.46300
0.84030 2.46412
0.84030 2.48998
0.84031 2.52320
0.84031 2.57521
0.84032 2.53317
0.84032 2.63808
0.84033 2.53487
0.84033 2.41055
0.84034 2.56994
0.84034 2.51765
0.84035 2.51642
0.84035 2.59208
0.84036 2.56488
0.84036 2.55584
0.84037 2.62768
0.84037 2.62030
0.84038 2.54661
0.84038 2.56426
0.84039 2.54219
0.84039 2.42460
0.84040 2.51447
0.84040 2.66091
0.84041 2.64778
0.84041 2.57575
0.84042 2.54294
0.84042 2.54703
0.84043 2.55821
0.84043 2.47871
0.84044 2.50962
0.84044 2.69148
0.84045 2.60277
0.84045 2.48767
0.84046 2.58268
0.84046 2.54549
0.84047 2.54000
0.84047 2.62796
0.84048 2.59789
0.84048 2.58291
0.84049 2.48222
0.84049 2.44236
0.84050 2.53196
0.84050 2.59653
0.84051 2.56028
0.84051 2.57361
0.84052 2.52901
0.84052 2.52312
0.84053 2.57323
0.84053 2.53731
0.84054 2.61896
0.84054 2.56191
0.84055 2.58092
0.84055 2.59193
0.84056 2.51460
0.84056 2.50287
0.84057 2.47023
0.84057 2.44704
0.84058 2.60122
0.84058 2.65005
0.84059 2.57551
0.84059 2.63613
0.84060 2.52568
0.84060 2.48993
0.84061 2.62457
0.84061 2.54952
0.84062 2.49277
0.84062 2.54254
0.84063 2.50955
0.84063 2.50049
0.84064 2.51115
0.84064 2.58972
0.84065 2.59135
0.84065 2.50160
0.84066 2.63292
0.84066 2.63684
0.84067 2.46311
0.84067 2.56727
0.84068 2.54273
0.84068 2.54029
0.84069 2.59036
0.84069 2.51453
0.84070 2.55890
0.84070 2.59811
0.84071 2.57473
0.84071 2.62793
0.84072 2.57150
0.84072 2.54164
0.84073 2.69108
0.84073 2.65741
0.84074 2.55219
0.84074 2.66161
0.84075 2.66441
0.84075 2.61245
0.84076 2.64544
0.84076 2.61224
0.84077 2.60612
0.84077 2.55076
0.84078 2.55816
0.84078 2.61413
0.84079 2.59841
0.84079 2.66467
0.84080 2.69437
0.84080 2.60941
0.84081 2.56400
0.84081 2.50285
0.84082 2.58609
0.84082 2.63083
0.84083 2.56152
0.84083 2.53590
0.84084 2.58767
0.84084 2.57889
0.84085 2.55494
0.84085 2.68344
0.84086 2.60859
0.84086 2.53970
0.84087 2.65440
0.84087 2.60966
0.84088 2.59536
0.84088 2.67600
0.84089 2.57567
0.84089 2.50743
0.84090 2.61530
0.84090 2.53125
0.84091 2.59237
0.84091 2.58147
0.84092 2.56336
0.84092 2.57437
0.84093 2.55056
0.84093 2.69576
0.84094 2.65624
0.84094 2.61347
0.84095 2.64252
0.84095 2.62536
0.84096 2.57233
0.84096 2.61980
0.84097 2.63762
0.84097 2.69473
0.84098 2.64843
0.84098 2.60782
0.84099 2.65759
0.84099 2.62460
0.84100 2.56377
0.84100 2.59492
0.84101 2.68192
0.84101 2.57382
0.84102 2.57837
0.84102 2.63211
0.84103 2.65158
0.84103 2.59535
0.84104 2.58635
0.84104 2.68140
0.84105 2.64158
0.84105 2.69396
0.84106 2.64970
0.84106 2.59840
0.84107 2.63314
0.84107 2.70663
0.84108 2.58668
0.84108 2.58283
0.84109 2.69861
0.84109 2.52372
0.84110 2.59657
0.84110 2.67705
0.84111 2.65932
0.84111 2.69138
0.84112 2.65986
0.84112 2.60597
0.84113 2.63256
0.84113 2.64161
0.84114 2.58832
0.84114 2.62873
0.84115 2.57196
0.84115 2.57740
0.84116 2.67467
0.84116 2.74179
0.84117 2.64304
0.84117 2.68441
0.84118 2.69247
0.84118 2.61337
0.84119 2.61526
0.84119 2.61075
0.84120 2.72423
0.84120 2.72122
0.84121 2.64229
0.84121 2.60974
0.84122 2.81074
0.84122 2.70218
0.84123 2.70370
0.84123 2.75041
0.84124 2.59225
0.84124 2.65416
0.84125 2.59807
0.84125 2.70314
0.84126 2.74368
0.84126 2.72721
0.84127 2.77065
0.84127 2.60818
0.84128 2.68001
0.84128 2.72813
0.84129 2.62050
0.84129 2.68821
0.84130 2.75345
0.84130 2.68879
0.84131 2.59230
0.84131 2.66238
0.84132 2.63573
0.84132 2.64250
0.84133 2.79373
0.84133 2.68502
0.84134 2.67516
0.84134 2.67066
0.84135 2.63184
0.84135 2.63085
0.84136 2.65102
0.84136 2.62826
0.84137 2.61246
0.84137 2.69797
0.84138 2.62294
0.84138 2.71722
0.84139 2.52297
0.84139 2.58359
0.84140 2.69106
0.84140 2.61624
0.84141 2.67993
0.84141 2.50787
0.84142 2.67258
0.84142 2.67434
0.84143 2.58239
0.84143 2.65679
0.84144 2.63620
0.84144 2.69160
0.84145 2.64813
0.84145 2.53646
0.84146 2.56176
0.84146 2.58069
0.84147 2.59123
0.84147 2.62405
0.84148 2.63463
0.84148 2.64211
0.84149 2.65201
0.84149 2.62092
0.84150 2.65077
0.84150 2.62584
0.84151 2.63014
0.84151 2.61391
0.84152 2.63070
0.84152 2.65520
0.84153 2.55483
0.84153 2.62281
0.84154 2.52498
0.84154 2.48802
0.84155 2.59659
0.84155 2.56520
0.84156 2.62623
0.84156 2.59011
0.84157 2.60294
0.84157 2.68513
0.84158 2.63659
0.84158 2.59714
0.84159 2.53798
0.84159 2.55448
0.84160 2.47907
0.84160 2.46248
0.84161 2.57709
0.84161 2.50008
0.84162 2.54470
0.84162 2.55899
0.84163 2.51643
0.84163 2.60825
0.84164 2.62345
0.84164 2.64754
0.84165 2.57231
0.84165 2.56767
0.84166 2.49022
0.84166 2.51185
0.84167 2.58632
0.84167 2.50243
0.84168 2.58484
0.84168 2.65995
0.84169 2.50684
0.84169 2.53376
0.84170 2.54444
0.84170 2.44887
0.84171 2.56334
0.84171 2.58132
0.84172 2.56287
0.84172 2.53198
0.84173 2.56179
0.84173 2.58965
0.84174 2.54428
0.84174 2.49043
0.84175 2.41202
0.84175 2.39487
0.84176 2.44520
0.84176 2.46002
0.84177 2.48847
0.84177 2.44421
0.84178 2.51123
0.84178 2.50300
0.84179 2.45786
0.84179 2.65010
0.84180 2.56283
0.84180 2.47814
0.84181 2.55771
0.84181 2.55486
0.84182 2.54492
0.84182 2.53285
0.84183 2.52944
0.84183 2.58135
0.84184 2.59678
0.84184 2.58410
0.84185 2.50545
0.84185 2.48729
0.84186 2.52989
0.84186 2.52783
0.84187 2.54258
0.84187 2.54877
0.84188 2.55862
0.84188 2.51890
0.84189 2.56282
0.84189 2.50859
0.84190 2.46131
0.84190 2.51776
0.84191 2.39004
0.84191 2.43995
0.84192 2.51187
0.84192 2.55216
0.84193 2.57048
0.84193 2.47381
0.84194 2.58856
0.84194 2.53894
0.84195 2.45864
0.84195 2.61915
0.84196 2.59408
0.84196 2.55114
0.84197 2.56926
0.84197 2.49018
0.84198 2.44850
0.84198 2.50088
0.84199 2.59683
0.84199 2.59542
0.84200 2.45583
0.84200 2.43351
0.84201 2.42094
0.84201 2.37530
0.84202 2.48286
0.84202 2.52275
0.84203 2.46348
0.84203 2.44185
0.84204 2.63636
0.84204 2.56394
0.84205 2.39404
0.84205 2.46351
0.84206 2.44236
0.84206 2.43284
0.84207 2.49831
0.84207 2.54440
0.84208 2.50568
0.84208 2.50843
0.84209 2.54669
0.84209 2.50048
0.84210 2.48750
0.84210 2.43424
0.84211 2.44984
0.84211 2.54203
0.84212 2.47889
0.84212 2.45008
0.84213 2.42758
0.84213 2.37855
0.84214 2.46887
0.84214 2.49814
0.84215 2.42477
0.84215 2.52262
0.84216 2.46970
0.84216 2.49953
0.84217 2.54883
0.84217 2.57804
0.84218 2.62319
0.84218 2.58204
0.84219 2.58980
0.84219 2.59406
0.84220 2.55823
0.84220 2.45041
0.84221 2.45992
0.84221 2.49940
0.84222 2.56532
0.84222 2.51650
0.84223 2.40217
0.84223 2.48039
0.84224 2.50970
0.84224 2.52254
0.84225 2.62652
0.84225 2.54896
0.84226 2.44374
0.84226 2.52984
0.84227 2.51197
0.84227 2.54202
0.84228 2.58476
0.84228 2.50860
0.84229 2.59471
0.84229 2.53165
0.84230 2.56645
0.84230 2.51412
0.84231 2.43604
0.84231 2.57990
0.84232 2.48592
0.84232 2.52322
0.84233 2.47841
0.84233 2.40761
0.84234 2.48921
0.84234 2.45602
0.84235 2.50981
0.84235 2.45792
0.84236 2.49760
0.84236 2.57727
0.84237 2.48112
0.84237 2.48214
0.84238 2.43470
0.84238 2.52968
0.84239 2.56213
0.84239 2.54052
0.84240 2.56596
0.84240 2.59499
0.84241 2.59072
0.84241 2.55584
0.84242 2.60776
0.84242 2.56147
0.84243 2.68758
0.84243 2.63965
0.84244 2.55921
0.84244 2.58800
0.84245 2.54852
0.84245 2.57691
0.84246 2.62432
0.84246 2.65150
0.84247 2.58549
0.84247 2.54556
0.84248 2.53040
0.84248 2.55124
0.84249 2.60860
0.84249 2.59746
0.84250 2.63876
0.84250 2.62840
0.84251 2.54340
0.84251 2.66286
0.84252 2.61936
0.84252 2.55559
0.84253 2.63555
0.84253 2.70188
0.84254 2.52966
0.84254 2.52162
0.84255 2.74528
0.84255 2.61624
0.84256 2.61616
0.84256 2.68486
0.84257 2.52184
0.84257 2.61589
0.84258 2.58720
0.84258 2.46593
0.84259 2.58489
0.84259 2.55008
0.84260 2.60475
0.84260 2.53634
0.84261 2.53487
0.84261 2.57820
0.84262 2.55533
0.84262 2.58996
0.84263 2.59051
0.84263 2.56504
0.84264 2.58918
0.84264 2.59625
0.84265 2.57896
0.84265 2.56087
0.84266 2.48220
0.84266 2.57323
0.84267 2.52735
0.84267 2.58836
0.84268 2.69436
0.84268 2.54520
0.84269 2.48057
0.84269 2.49390
0.84270 2.50430
0.84270 2.55543
0.84271 2.63874
0.84271 2.58561
0.84272 2.62155
0.84272 2.64275
0.84273 2.61621
0.84273 2.55369
0.84274 2.44664
0.84274 2.49525
0.84275 2.58969
0.84275 2.62399
0.84276 2.56030
0.84276 2.55816
0.84277 2.58244
0.84277 2.55908
0.84278 2.65606
0.84278 2.67735
0.84279 2.51165
0.84279 2.55323
0.84280 2.58434
0.84280 2.57248
0.84281 2.53581
0.84281 2.59887
0.84282 2.69692
0.84282 2.56873
0.84283 2.55254
0.84283 2.56651
0.84284 2.60025
0.84284 2.62734
0.84285 2.61725
0.84285 2.59165
0.84286 2.56040
0.84286 2.62083
0.84287 2.55619
0.84287 2.59092
0.84288 2.65394
0.84288 2.44605
0.84289 2.53227
0.84289 2.61436
0.84290 2.55624
0.84290 2.69464
0.84291 2.48530
0.84291 2.53445
0.84292 2.61794
0.84292 2.55257
0.84293 2.61713
0.84293 2.49387
0.84294 2.53677
0.84294 2.57839
0.84295 2.54203
0.84295 2.56170
0.84296 2.55957
0.84296 2.50811
0.84297 2.57731
0.84297 2.62141
0.84298 2.59302
0.84298 2.60409
0.84299 2.59180
0.84299 2.62199
0.84300 2.61833
0.84300 2.49648
0.84301 2.58669
0.84301 2.63170
0.84302 2.63910
0.84302 2.60618
0.84303 2.55293
0.84303 2.58758
0.84304 2.53385
0.84304 2.63985
0.84305 2.67979
0.84305 2.60268
0.84306 2.61947
0.84306 2.67537
0.84307 2.64802
0.84307 2.52820
0.84308 2.63254
0.84308 2.60737
0.84309 2.63431
0.84309 2.73651
0.84310 2.71463
0.84310 2.67335
0.84311 2.59803
0.84311 2.59849
0.84312 2.53698
0.84312 2.67458
0.84313 2.71560
0.84313 2.67276
0.84314 2.70769
0.84314 2.61233
0.84315 2.57242
0.84315 2.63486
0.84316 2.59274
0.84316 2.69328
0.84317 2.70881
0.84317 2.58029
0.84318 2.61196
0.84318 2.71612
0.84319 2.65704
0.84319 2.62948
0.84320 2.70096
0.84320 2.75545
0.84321 2.67993
0.84321 2.61673
0.84322 2.68069
0.84322 2.73935
0.84323 2.80499
0.84323 2.64974
0.84324 2.76472
0.84324 2.87843
0.84325 2.68122
0.84325 2.71710
0.84326 2.68299
0.84326 2.66452
0.84327 2.61610
0.84327 2.55127
0.84328 2.73181
0.84328 2.70918
0.84329 2.69631
0.84329 2.71964
0.84330 2.76523
0.84330 2.68050
0.84331 2.63553
0.84331 2.65462
0.84332 2.70149
0.84332 2.67724
0.84333 2.70705
0.84333 2.71428
0.84334 2.72177
0.84334 2.73541
0.84335 2.59077
0.84335 2.64116
0.84336 2.66570
0.84336 2.71092
0.84337 2.82662
0.84337 2.80911
0.84338 2.83828
0.84338 2.77112
0.84339 2.63383
0.84339 2.73827
0.84340 2.73559
0.84340 2.68001
0.84341 2.69067
0.84341 2.72642
0.84342 2.65640
0.84342 2.65144
0.84343 2.62420
0.84343 2.65350
0.84344 2.73892
0.84344 2.66246
0.84345 2.65410
0.84345 2.62838
0.84346 2.67256
0.84346 2.78145
0.84347 2.68135
0.84347 2.58396
0.84348 2.66398
0.84348 2.62989
0.84349 2.54651
0.84349 2.49749
0.84350 2.57792
0.84350 2.67933
0.84351 2.61053
0.84351 2.55694
0.84352 2.55114
0.84352 2.62663
0.84353 2.68977
0.84353 2.59550
0.84354 2.59488
0.84354 2.61787
0.84355 2.50249
0.84355 2.57936
0.84356 2.64224
0.84356 2.59573
0.84357 2.54516
0.84357 2.61434
0.84358 2.62365
0.84358 2.53057
0.84359 2.64216
0.84359 2.64849
0.84360 2.52443
0.84360 2.56518
0.84361 2.59492
0.84361 2.50472
0.84362 2.57443
0.84362 2.54864
0.84363 2.49846
0.84363 2.68093
0.84364 2.59757
0.84364 2.52721
0.84365 2.64971
0.84365 2.50773
0.84366 2.50095
0.84366 2.61159
0.84367 2.62492
0.84367 2.61429
0.84368 2.47691
0.84368 2.55523
0.84369 2.62129
0.84369 2.54436
0.84370 2.56010
0.84370 2.46349
0.84371 2.52232
0.84371 2.55187
0.84372 2.49783
0.84372 2.57545
0.84373 2.54322
0.84373 2.56610
0.84374 2.52861
0.84374 2.60801
0.84375 2.62702
0.84375 2.59486
0.84376 2.68437
0.84376 2.60229
0.84377 2.56345
0.84377 2.55573
0.84378 2.49129
0.84378 2.46998
0.84379 2.52691
0.84379 2.59971
0.84380 2.56695
0.84380 2.59210
0.84381 2.63983
0.84381 2.64868
0.84382 2.58625
0.84382 2.55744
0.84383 2.64892
0.84383 2.59702
0.84384 2.57126
0.84384 2.64885
0.84385 2.67347
0.84385 2.57186
0.84386 2.56923
0.84386 2.55402
0.84387 2.60924
0.84387 2.58616
0.84388 2.47594
0.84388 2.45352
0.84389 2.47860
0.84389 2.65343
0.84390 2.58430
0.84390 2.46467
0.84391 2.58270
0.84391 2.59902
0.84392 2.48401
0.84392 2.40184
0.84393 2.48235
0.84393 2.60415
0.84394 2.52778
0.84394 2.56596
0.84395 2.60814
0.84395 2.51107
0.84396 2.49216
0.84396 2.51655
0.84397 2.44054
0.84397 2.37590
0.84398 2.43065
0.84398 2.50621
0.84399 2.49259
0.84399 2.44790
0.84400 2.35598
0.84400 2.41298
0.84401 2.53154
0.84401 2.53833
0.84402 2.59013
0.84402 2.62092
0.84403 2.56387
0.84403 2.52561
0.84404 2.52807
0.84404 2.48047
0.84405 2.44715
0.84405 2.47621
0.84406 2.47916
0.84406 2.47519
0.84407 2.54370
0.84407 2.52833
0.84408 2.51328
0.84408 2.54846
0.84409 2.53615
0.84409 2.51910
0.84410 2.53448
0.84410 2.55213
0.84411 2.57252
0.84411 2.54159
0.84412 2.52782
0.84412 2.57449
0.84413 2.60282
0.84413 2.53202
0.84414 2.52113
0.84414 2.58976
0.84415 2.57558
0.84415 2.61590
0.84416 2.59184
0.84416 2.46963
0.84417 2.55002
0.84417 2.54876
0.84418 2.47900
0.84418 2.59284
0.84419 2.48275
0.84419 2.56683
0.84420 2.54135
0.84420 2.49252
0.84421 2.55870
0.84421 2.46762
0.84422 2.58144
0.84422 2.57297
0.84423 2.50247
0.84423 2.55921
0.84424 2.59551
0.84424 2.52402
0.84425 2.54848
0.84425 2.51592
0.84426 2.47742
0.84426 2.56281
0.84427 2.51195
0.84427 2.50934
0.84428 2.57913
0.84428 2.62809
0.84429 2.58823
0.84429 2.54051
0.84430 2.56196
0.84430 2.45578
0.84431 2.46643
0.84431 2.47396
0.84432 2.45414
0.84432 2.52497
0.84433 2.48506
0.84433 2.55028
0.84434 2.57916
0.84434 2.51868
0.84435 2.56023
0.84435 2.52523
0.84436 2.49839
0.84436 2.51928
0.84437 2.51440
0.84437 2.55378
0.84438 2.63647
0.84438 2.55608
0.84439 2.52906
0.84439 2.64135
0.84440 2.59799
0.84440 2.53710
0.84441 2.40899
0.84441 2.52203
0.84442 2.58716
0.84442 2.41813
0.84443 2.49367
0.84443 2.48654
0.84444 2.45341
0.84444 2.54112
0.84445 2.42025
0.84445 2.46185
0.84446 2.45328
0.84446 2.41527
0.84447 2.58030
0.84447 2.52247
0.84448 2.48381
0.84448 2.42835
0.84449 2.51116
0.84449 2.57461
0.84450 2.48255
0.84450 2.59372
0.84451 2.60344
0.84451 2.62136
0.84452 2.58821
0.84452 2.54917
0.84453 2.61334
0.84453 2.59187
0.84454 2.50901
0.84454 2.42440
0.84455 2.67271
0.84455 2.68915
0.84456 2.56302
0.84456 2.69731
0.84457 2.69764
0.84457 2.70557
0.84458 2.62674
0.84458 2.64549
0.84459 2.60598
0.84459 2.48454
0.84460 2.48141
0.84460 2.47163
0.84461 2.48368
0.84461 2.45805
0.84462 2.58825
0.84462 2.56567
0.84463 2.51511
0.84463 2.58240
0.84464 2.55376
0.84464 2.55647
0.84465 2.54127
0.84465 2.66882
0.84466 2.59764
0.84466 2.49666
0.84467 2.56295
0.84467 2.56114
0.84468 2.57484
0.84468 2.50332
0.84469 2.49318
0.84469 2.57463
0.84470 2.55927
0.84470 2.46901
0.84471 2.51404
0.84471 2.53631
0.84472 2.52443
0.84472 2.58125
0.84473 2.61478
0.84473 2.63299
0.84474 2.72299
0.84474 2.56365
0.84475 2.54530
0.84475 2.65698
0.84476 2.54860
0.84476 2.63576
0.84477 2.54019
0.84477 2.56768
0.84478 2.55729
0.84478 2.50825
0.84479 2.53753
0.84479 2.51004
0.84480 2.59894
0.84480 2.55175
0.84481 2.53485
0.84481 2.53846
0.84482 2.59693
0.84482 2.60246
0.84483 2.50665
0.84483 2.56338
0.84484 2.51169
0.84484 2.50890
0.84485 2.67941
0.84485 2.61681
0.84486 2.50429
0.84486 2.57119
0.84487 2.64005
0.84487 2.62538
0.84488 2.60467
0.84488 2.52884
0.84489 2.47882
0.84489 2.55592
0.84490 2.58660
0.84490 2.46777
0.84491 2.51155
0.84491 2.62748
0.84492 2.57039
0.84492 2.49217
0.84493 2.56158
0.84493 2.56406
0.84494 2.51467
0.84494 2.51001
0.84495 2.54876
0.84495 2.52017
0.84496 2.64684
0.84496 2.62447
0.84497 2.40156
0.84497 2.54245
0.84498 2.45569
0.84498 2.48677
0.84499 2.56500
0.84499 2.49838
0.84500 2.49398
0.84500 2.43768
0.84501 2.48858
0.84501 2.45246
0.84502 2.51926
0.84502 2.51442
0.84503 2.40521
0.84503 2.43678
0.84504 2.41563
0.84504 2.49569
0.84505 2.48676
0.84505 2.33597
0.84506 2.47208
0.84506 2.46815
0.84507 2.41841
0.84507 2.43052
0.84508 2.41994
0.84508 2.45006
0.84509 2.41609
0.84509 2.47296
0.84510 2.48221
0.84510 2.44905
0.84511 2.46545
0.84511 2.47936
0.84512 2.41058
0.84512 2.49414
0.84513 2.54039
0.84513 2.50046
0.84514 2.49433
0.84514 2.53596
0.84515 2.52681
0.84515 2.40637
0.84516 2.48112
0.84516 2.42010
0.84517 2.35691
0.84517 2.37027
0.84518 2.39532
0.84518 2.44050
0.84519 2.38347
0.84519 2.43222
0.84520 2.46693
0.84520 2.46287
0.84521 2.43032
0.84521 2.43926
0.84522 2.40067
0.84522 2.30570
0.84523 2.46679
0.84523 2.52914
0.84524 2.38035
0.84524 2.46053
0.84525 2.53148
0.84525 2.40780
0.84526 2.40787
0.84526 2.43630
0.84527 2.42005
0.84527 2.34251
0.84528 2.42687
0.84528 2.47885
0.84529 2.34659
0.84529 2.46946
0.84530 2.54191
0.84530 2.52120
0.84531 2.46514
0.84531 2.39090
0.84532 2.46087
0.84532 2.39900
0.84533 2.39313
0.84533 2.39726
0.84534 2.42081
0.84534 2.43620
0.84535 2.33423
0.84535 2.33518
0.84536 2.42412
0.84536 2.44815
0.84537 2.38818
0.84537 2.44477
0.84538 2.36220
0.84538 2.42941
0.84539 2.50447
0.84539 2.40002
0.84540 2.50241
0.84540 2.47741
0.84541 2.49360
0.84541 2.50891
0.84542 2.47306
0.84542 2.50437
0.84543 2.49367
0.84543 2.45728
0.84544 2.49160
0.84544 2.51445
0.84545 2.48603
0.84545 2.47130
0.84546 2.41769
0.84546 2.45318
0.84547 2.44723
0.84547 2.40269
0.84548 2.41711
0.84548 2.48002
0.84549 2.43316
0.84549 2.45386
0.84550 2.53608
0.84550 2.44830
0.84551 2.35880
0.84551 2.39704
0.84552 2.54758
0.84552 2.32729
0.84553 2.31381
0.84553 2.51485
0.84554 2.45079
0.84554 2.46471
0.84555 2.42636
0.84555 2.51832
0.84556 2.49570
0.84556 2.44704
0.84557 2.49271
0.84557 2.43360
0.84558 2.47903
0.84558 2.52763
0.84559 2.50302
0.84559 2.45516
0.84560 2.44653
0.84560 2.54480
0.84561 2.62996
0.84561 2.58083
0.84562 2.51162
0.84562 2.49436
0.84563 2.49906
0.84563 2.64455
0.84564 2.54646
0.84564 2.42875
0.84565 2.58407
0.84565 2.47891
0.84566 2.53561
0.84566 2.53082
0.84567 2.45869
0.84567 2.61801
0.84568 2.51556
0.84568 2.56087
0.84569 2.67336
0.84569 2.50805
0.84570 2.58350
0.84570 2.69705
0.84571 2.56000
0.84571 2.50395
0.84572 2.53127
0.84572 2.61226
0.84573 2.57546
0.84573 2.39981
0.84574 2.54596
0.84574 2.63516
0.84575 2.47909
0.84575 2.54316
0.84576 2.60562
0.84576 2.56516
0.84577 2.60105
0.84577 2.56422
0.84578 2.50696
0.84578 2.55621
0.84579 2.58762
0.84579 2.66114
0.84580 2.64219
0.84580 2.58753
0.84581 2.59860
0.84581 2.63893
0.84582 2.55454
0.84582 2.48435
0.84583 2.52105
0.84583 2.50437
0.84584 2.60776
0.84584 2.56942
0.84585 2.59095
0.84585 2.53781
0.84586 2.46945
0.84586 2.45677
0.84587 2.54203
0.84587 2.61728
0.84588 2.59424
0.84588 2.58988
0.84589 2.52272
0.84589 2.57051
0.84590 2.54165
0.84590 2.50731
0.84591 2.52664
0.84591 2.61184
0.84592 2.58651
0.84592 2.54152
0.84593 2.62610
0.84593 2.66160
0.84594 2.73975
0.84594 2.70753
0.84595 2.67379
0.84595 2.56452
0.84596 2.49381
0.84596 2.61878
0.84597 2.63365
0.84597 2.57786
0.84598 2.62019
0.84598 2.55130
0.84599 2.51887
0.84599 2.64627
0.84600 2.60727
0.84600 2.58959
0.84601 2.63089
0.84601 2.61900
0.84602 2.50795
0.84602 2.63464
0.84603 2.67722
0.84603 2.58357
0.84604 2.62481
0.84604 2.70140
0.84605 2.65130
0.84605 2.57222
0.84606 2.66381
0.84606 2.67503
0.84607 2.69488
0.84607 2.70524
0.84608 2.56325
0.84608 2.57597
0.84609 2.63378
0.84609 2.66233
0.84610 2.68015
0.84610 2.61912
0.84611 2.71170
0.84611 2.68395
0.84612 2.58954
0.84612 2.66293
0.84613 2.68716
0.84613 2.61843
0.84614 2.61858
0.84614 2.63335
0.84615 2.64749
0.84615 2.70084
0.84616 2.57822
0.84616 2.59951
0.84617 2.74801
0.84617 2.64527
0.84618 2.68097
0.84618 2.66846
0.84619 2.62272
0.84619 2.64524
0.84620 2.58807
0.84620 2.63872
0.84621 2.76771
0.84621 2.68373
0.84622 2.54482
0.84622 2.64720
0.84623 2.60839
0.84623 2.68057
0.84624 2.77186
0.84624 2.61077
0.84625 2.71197
0.84625 2.69283
0.84626 2.61859
0.84626 2.60175
0.84627 2.71538
0.84627 2.69450
0.84628 2.60730
0.84628 2.63565
0.84629 2.60741
0.84629 2.65598
0.84630 2.64921
0.84630 2.63585
0.84631 2.64410
0.84631 2.70284
0.84632 2.66710
0.84632 2.72348
0.84633 2.71117
0.84633 2.57463
0.84634 2.64295
0.84634 2.56338
0.84635 2.62698
0.84635 2.79472
0.84636 2.76289
0.84636 2.78627
0.84637 2.67735
0.84637 2.67261
0.84638 2.70080
0.84638 2.63834
0.84639 2.63318
0.84639 2.70563
0.84640 2.72334
0.84640 2.60123
0.84641 2.68553
0.84641 2.60678
0.84642 2.57916
0.84642 2.72211
0.84643 2.76175
0.84643 2.80717
0.84644 2.66925
0.84644 2.68412
0.84645 2.64053
0.84645 2.65988
0.84646 2.72581
0.84646 2.70315
0.84647 2.76203
0.84647 2.71141
0.84648 2.68749
0.84648 2.70595
0.84649 2.60523
0.84649 2.62293
0.84650 2.77505
0.84650 2.62935
0.84651 2.64272
0.84651 2.80837
0.84652 2.73513
0.84652 2.65367
0.84653 2.82124
0.84653 2.87497
0.84654 2.67160
0.84654 2.66771
0.84655 2.67927
0.84655 2.74042
0.84656 2.71891
0.84656 2.61725
0.84657 2.68875
0.84657 2.67361
0.84658 2.58967
0.84658 2.59089
0.84659 2.59954
0.84659 2.61390
0.84660 2.64370
0.84660 2.57352
0.84661 2.55748
0.84661 2.70876
0.84662 2.65800
0.84662 2.66902
0.84663 2.75147
0.84663 2.80528
0.84664 2.76443
0.84664 2.57282
0.84665 2.70818
0.84665 2.69127
0.84666 2.57490
0.84666 2.64841
0.84667 2.64235
0.84667 2.55211
0.84668 2.55692
0.84668 2.56466
0.84669 2.50482
0.84669 2.49318
0.84670 2.56708
0.84670 2.56321
0.84671 2.53948
0.84671 2.55441
0.84672 2.57857
0.84672 2.57575
0.84673 2.55393
0.84673 2.56750
0.84674 2.59150
0.84674 2.59117
0.84675 2.43381
0.84675 2.46773
0.84676 2.53205
0.84676 2.41752
0.84677 2.39690
0.84677 2.48074
0.84678 2.46015
0.84678 2.41372
0.84679 2.50489
0.84679 2.53360
0.84680 2.52068
0.84680 2.54103
0.84681 2.56064
0.84681 2.57464
0.84682 2.61589
0.84682 2.58738
0.84683 2.36295
0.84683 2.36096
0.84684 2.58134
0.84684 2.54680
0.84685 2.52681
0.84685 2.62298
0.84686 2.68113
0.84686 2.59224
0.84687 2.62903
0.84687 2.64793
0.84688 2.55800
0.84688 2.63576
0.84689 2.60960
0.84689 2.61610
0.84690 2.64370
0.84690 2.60736
0.84691 2.52297
0.84691 2.54863
0.84692 2.55553
0.84692 2.54359
0.84693 2.55135
0.84693 2.62897
0.84694 2.61770
0.84694 2.54149
0.84695 2.59560
0.84695 2.60795
0.84696 2.56666
0.84696 2.50157
0.84697 2.60011
0.84697 2.65907
0.84698 2.64612
0.84698 2.61218
0.84699 2.62726
0.84699 2.64147
0.84700 2.64715
0.84700 2.66199
0.84701 2.58137
0.84701 2.65856
0.84702 2.62291
0.84702 2.61538
0.84703 2.63167
0.84703 2.61841
0.84704 2.64916
0.84704 2.53522
0.84705 2.58021
0.84705 2.55957
0.84706 2.53223
0.84706 2.60377
0.84707 2.63029
0.84707 2.61315
0.84708 2.61445
0.84708 2.57339
0.84709 2.60967
0.84709 2.72152
0.84710 2.55629
0.84710 2.62517
0.84711 2.70554
0.84711 2.59040
0.84712 2.56629
0.84712 2.51654
0.84713 2.66381
0.84713 2.55229
0.84714 2.55245
0.84714 2.63422
0.84715 2.55985
0.84715 2.55996
0.84716 2.49457
0.84716 2.58670
0.84717 2.58698
0.84717 2.58944
0.84718 2.57267
0.84718 2.49303
0.84719 2.50845
0.84719 2.58312
0.84720 2.66228
0.84720 2.60385
0.84721 2.62162
0.84721 2.62414
0.84722 2.67186
0.84722 2.71322
0.84723 2.68168
0.84723 2.65022
0.84724 2.70840
0.84724 2.67987
0.84725 2.60782
0.84725 2.72569
0.84726 2.69759
0.84726 2.68707
0.84727 2.65960
0.84727 2.58704
0.84728 2.55399
0.84728 2.59591
0.84729 2.56892
0.84729 2.55734
0.84730 2.55591
0.84730 2.52453
0.84731 2.68624
0.84731 2.69947
0.84732 2.61430
0.84732 2.69380
0.84733 2.66473
0.84733 2.56992
0.84734 2.62847
0.84734 2.65679
0.84735 2.61233
0.84735 2.62099
0.84736 2.54652
0.84736 2.56449
0.84737 2.58993
0.84737 2.65741
0.84738 2.70519
0.84738 2.72512
0.84739 2.70168
0.84739 2.61939
0.84740 2.66786
0.84740 2.53726
0.84741 2.68179
0.84741 2.74299
0.84742 2.62721
0.84742 2.59392
0.84743 2.62956
0.84743 2.70333
0.84744 2.62845
0.84744 2.62613
0.84745 2.68615
0.84745 2.83564
0.84746 2.72975
0.84746 2.56503
0.84747 2.63040
0.84747 2.62197
0.84748 2.62984
0.84748 2.73486
0.84749 2.74428
0.84749 2.67722
0.84750 2.54797
0.84750 2.64259
0.84751 2.78187
0.84751 2.65611
0.84752 2.61119
0.84752 2.59302
0.84753 2.70553
0.84753 2.75275
0.84754 2.57227
0.84754 2.67891
0.84755 2.71453
0.84755 2.64209
0.84756 2.68789
0.84756 2.72685
0.84757 2.70480
0.84757 2.70179
0.84758 2.66453
0.84758 2.54779
0.84759 2.66506
0.84759 2.57788
0.84760 2.53383
0.84760 2.64508
0.84761 2.58856
0.84761 2.65911
0.84762 2.56289
0.84762 2.52049
0.84763 2.67645
0.84763 2.63698
0.84764 2.64467
0.84764 2.59844
0.84765 2.52794
0.84765 2.70683
0.84766 2.70887
0.84766 2.51169
0.84767 2.51914
0.84767 2.60385
0.84768 2.61552
0.84768 2.56619
0.84769 2.66354
0.84769 2.56138
0.84770 2.49020
0.84770 2.65763
0.84771 2.65321
0.84771 2.61375
0.84772 2.60543
0.84772 2.63460
0.84773 2.69932
0.84773 2.65113
0.84774 2.66678
0.84774 2.70094
0.84775 2.51792
0.84775 2.60053
0.84776 2.65004
0.84776 2.61546
0.84777 2.60066
0.84777 2.58431
0.84778 2.65039
0.84778 2.62027
0.84779 2.57081
0.84779 2.61513
0.84780 2.70811
0.84780 2.52918
0.84781 2.53515
0.84781 2.67319
0.84782 2.54618
0.84782 2.62953
0.84783 2.62101
0.84783 2.55227
0.84784 2.71705
0.84784 2.60516
0.84785 2.55077
0.84785 2.58586
0.84786 2.56296
0.84786 2.68842
0.84787 2.54800
0.84787 2.50929
0.84788 2.52417
0.84788 2.52716
0.84789 2.63147
0.84789 2.62173
0.84790 2.61736
0.84790 2.59084
0.84791 2.65923
0.84791 2.63460
0.84792 2.72029
0.84792 2.72169
0.84793 2.60799
0.84793 2.63411
0.84794 2.68834
0.84794 2.68764
0.84795 2.60078
0.84795 2.55129
0.84796 2.54122
0.84796 2.58761
0.84797 2.63083
0.84797 2.63517
0.84798 2.62616
0.84798 2.64969
0.84799 2.65852
0.84799 2.68044
0.84800 2.53895
0.84800 2.57259
0.84801 2.61249
0.84801 2.57686
0.84802 2.67589
0.84802 2.65997
0.84803 2.73753
0.84803 2.65958
0.84804 2.59740
0.84804 2.69574
0.84805 2.57502
0.84805 2.62479
0.84806 2.70305
0.84806 2.65596
0.84807 2.62377
0.84807 2.65276
0.84808 2.57378
0.84808 2.54396
0.84809 2.62735
0.84809 2.53976
0.84810 2.56158
0.84810 2.55621
0.84811 2.50123
0.84811 2.54759
0.84812 2.54385
0.84812 2.51133
0.84813 2.52951
0.84813 2.51281
0.84814 2.52838
0.84814 2.51008
0.84815 2.57026
0.84815 2.49016
0.84816 2.47475
0.84816 2.51448
0.84817 2.50222
0.84817 2.61002
0.84818 2.52481
0.84818 2.51354
0.84819 2.49847
0.84819 2.48288
0.84820 2.60342
0.84820 2.47570
0.84821 2.51897
0.84821 2.63352
0.84822 2.57857
0.84822 2.61360
0.84823 2.44411
0.84823 2.52226
0.84824 2.58736
0.84824 2.58179
0.84825 2.59755
0.84825 2.47072
0.84826 2.49228
0.84826 2.52800
0.84827 2.57064
0.84827 2.51168
0.84828 2.45575
0.84828 2.55381
0.84829 2.58859
0.84829 2.56295
0.84830 2.55145
0.84830 2.55819
0.84831 2.57194
0.84831 2.53849
0.84832 2.48510
0.84832 2.55444
0.84833 2.58404
0.84833 2.53505
0.84834 2.50532
0.84834 2.55666
0.84835 2.67639
0.84835 2.57387
0.84836 2.66320
0.84836 2.64458
0.84837 2.56890
0.84837 2.65670
0.84838 2.50750
0.84838 2.58358
0.84839 2.66015
0.84839 2.56924
0.84840 2.65421
0.84840 2.68755
0.84841 2.68097
0.84841 2.66406
0.84842 2.63256
0.84842 2.58842
0.84843 2.56018
0.84843 2.56245
0.84844 2.58711
0.84844 2.60749
0.84845 2.57392
0.84845 2.62017
0.84846 2.53485
0.84846 2.53414
0.84847 2.64043
0.84847 2.68710
0.84848 2.65530
0.84848 2.64427
0.84849 2.58087
0.84849 2.58361
0.84850 2.61223
0.84850 2.60155
0.84851 2.70110
0.84851 2.66803
0.84852 2.66831
0.84852 2.54325
0.84853 2.55113
0.84853 2.60336
0.84854 2.58986
0.84854 2.55778
0.84855 2.49657
0.84855 2.61792
0.84856 2.56001
0.84856 2.46820
0.84857 2.58827
0.84857 2.67470
0.84858 2.56434
0.84858 2.51090
0.84859 2.53604
0.84859 2.59416
0.84860 2.62392
0.84860 2.54035
0.84861 2.46786
0.84861 2.51899
0.84862 2.59410
0.84862 2.62240
0.84863 2.62702
0.84863 2.60332
0.84864 2.64982
0.84864 2.55675
0.84865 2.43981
0.84865 2.51489
0.84866 2.55825
0.84866 2.54540
0.84867 2.66256
0.84867 2.64642
0.84868 2.56470
0.84868 2.64063
0.84869 2.59463
0.84869 2.54883
0.84870 2.59423
0.84870 2.68991
0.84871 2.67045
0.84871 2.61182
0.84872 2.59713
0.84872 2.58565
0.84873 2.66552
0.84873 2.64828
0.84874 2.65338
0.84874 2.66984
0.84875 2.63840
0.84875 2.60667
0.84876 2.59231
0.84876 2.57699
0.84877 2.68705
0.84877 2.64128
0.84878 2.63861
0.84878 2.73097
0.84879 2.79503
0.84879 2.60187
0.84880 2.47388
0.84880 2.63506
0.84881 2.52811
0.84881 2.53186
0.84882 2.59534
0.84882 2.57124
0.84883 2.55954
0.84883 2.69220
0.84884 2.57742
0.84884 2.60570
0.84885 2.69216
0.84885 2.61971
0.84886 2.64024
0.84886 2.56131
0.84887 2.52469
0.84887 2.60595
0.84888 2.63747
0.84888 2.60516
0.84889 2.66618
0.84889 2.56528
0.84890 2.48783
0.84890 2.52197
0.84891 2.51989
0.84891 2.57339
0.84892 2.66999
0.84892 2.62872
0.84893 2.59344
0.84893 2.63387
0.84894 2.61339
0.84894 2.53549
0.84895 2.61610
0.84895 2.69742
0.84896 2.66419
0.84896 2.65738
0.84897 2.60664
0.84897 2.63727
0.84898 2.56029
0.84898 2.64654
0.84899 2.68296
0.84899 2.55980
0.84900 2.67888
0.84900 2.61537
0.84901 2.64103
0.84901 2.62993
0.84902 2.59582
0.84902 2.71537
0.84903 2.70137
0.84903 2.65205
0.84904 2.63327
0.84904 2.68610
0.84905 2.57872
0.84905 2.54987
0.84906 2.62194
0.84906 2.74339
0.84907 2.72206
0.84907 2.64606
0.84908 2.63695
0.84908 2.60630
0.84909 2.69049
0.84909 2.67787
0.84910 2.60477
0.84910 2.60026
0.84911 2.58420
0.84911 2.67407
0.84912 2.64789
0.84912 2.60327
0.84913 2.73957
0.84913 2.57569
0.84914 2.64066
0.84914 2.74286
0.84915 2.58319
0.84915 2.53440
0.84916 2.55391
0.84916 2.67512
0.84917 2.72756
0.84917 2.67623
0.84918 2.65132
0.84918 2.62053
0.84919 2.62444
0.84919 2.52343
0.84920 2.62204
0.84920 2.64408
0.84921 2.65800
0.84921 2.69553
0.84922 2.63131
0.84922 2.80253
0.84923 2.71785
0.84923 2.59033
0.84924 2.56407
0.84924 2.60542
0.84925 2.69117
0.84925 2.59616
0.84926 2.54296
0.84926 2.58906
0.84927 2.61352
0.84927 2.60677
0.84928 2.60812
0.84928 2.77345
0.84929 2.65447
0.84929 2.55461
0.84930 2.58312
0.84930 2.63200
0.84931 2.82437
0.84931 2.69283
0.84932 2.71641
0.84932 2.80786
0.84933 2.67082
0.84933 2.67923
0.84934 2.72011
0.84934 2.75124
0.84935 2.77857
0.84935 2.70663
0.84936 2.71100
0.84936 2.73828
0.84937 2.79765
0.84937 2.79748
0.84938 2.86190
0.84938 2.76807
0.84939 2.59100
0.84939 2.71505
0.84940 2.72147
0.84940 2.72284
0.84941 2.67259
0.84941 2.61821
0.84942 2.65445
0.84942 2.62980
0.84943 2.54299
0.84943 2.77746
0.84944 2.78579
0.84944 2.62470
0.84945 2.74619
0.84945 2.82684
0.84946 2.74932
0.84946 2.79831
0.84947 2.83018
0.84947 2.61658
0.84948 2.64261
0.84948 2.65864
0.84949 2.68791
0.84949 2.76832
0.84950 2.73820
0.84950 2.76338
0.84951 2.69677
0.84951 2.67278
0.84952 2.76612
0.84952 2.75237
0.84953 2.83463
0.84953 2.84400
0.84954 2.70292
0.84954 2.73857
0.84955 2.72552
0.84955 2.62474
0.84956 2.68301
0.84956 2.70471
0.84957 2.80127
0.84957 2.80659
0.84958 2.70160
0.84958 2.72473
0.84959 2.67162
0.84959 2.66902
0.84960 2.70631
0.84960 2.73109
0.84961 2.71146
0.84961 2.59229
0.84962 2.70119
0.84962 2.75197
0.84963 2.79296
0.84963 2.79959
0.84964 2.71289
0.84964 2.72114
0.84965 2.62780
0.84965 2.67135
0.84966 2.75930
0.84966 2.73639
0.84967 2.77838
0.84967 2.72950
0.84968 2.70428
0.84968 2.69037
0.84969 2.62216
0.84969 2.61557
0.84970 2.63007
0.84970 2.56508
0.84971 2.71396
0.84971 2.77666
0.84972 2.73977
0.84972 2.85112
0.84973 2.68999
0.84973 2.74112
0.84974 2.76978
0.84974 2.74086
0.84975 2.78753
0.84975 2.82906
0.84976 2.79862
0.84976 2.66475
0.84977 2.76228
0.84977 2.64608
0.84978 2.70668
0.84978 2.85943
0.84979 2.68291
0.84979 2.57157
0.84980 2.63487
0.84980 2.72565
0.84981 2.51340
0.84981 2.55825
0.84982 2.67110
0.84982 2.63525
0.84983 2.61746
0.84983 2.57578
0.84984 2.49933
0.84984 2.60840
0.84985 2.68564
0.84985 2.56982
0.84986 2.65181
0.84986 2.68710
0.84987 2.74902
0.84987 2.66437
0.84988 2.64892
0.84988 2.69188
0.84989 2.61667
0.84989 2.63415
0.84990 2.57271
0.84990 2.52697
0.84991 2.53475
0.84991 2.54726
0.84992 2.60285
0.84992 2.66284
0.84993 2.60190
0.84993 2.61479
0.84994 2.59378
0.84994 2.63834
0.84995 2.68053
0.84995 2.55913
0.84996 2.62983
0.84996 2.46594
0.84997 2.52453
0.84997 2.69280
0.84998 2.60246
0.84998 2.59430
0.84999 2.57687
0.84999 2.58627
0.85000 2.52336
0.85000 2.54203
0.85001 2.52630
0.85001 2.51488
0.85002 2.67142
0.85002 2.59815
0.85003 2.54153
0.85003 2.62811
0.85004 2.62726
0.85004 2.62375
0.85005 2.54634
0.85005 2.56226
0.85006 2.66627
0.85006 2.61750
0.85007 2.55329
0.85007 2.59586
0.85008 2.63704
0.85008 2.55973
0.85009 2.53671
0.85009 2.60977
0.85010 2.53581
0.85010 2.54306
0.85011 2.59848
0.85011 2.53366
0.85012 2.57506
0.85012 2.67043
0.85013 2.55121
0.85013 2.56170
0.85014 2.53777
0.85014 2.56662
0.85015 2.54655
0.85015 2.46413
0.85016 2.56932
0.85016 2.53539
0.85017 2.57114
0.85017 2.54212
0.85018 2.48649
0.85018 2.44092
0.85019 2.48705
0.85019 2.53583
0.85020 2.50578
0.85020 2.51915
0.85021 2.46998
0.85021 2.51506
0.85022 2.53655
0.85022 2.49480
0.85023 2.50458
0.85023 2.40444
0.85024 2.45065
0.85024 2.50926
0.85025 2.42896
0.85025 2.47284
0.85026 2.36341
0.85026 2.46398
0.85027 2.49984
0.85027 2.32403
0.85028 2.44325
0.85028 2.44533
0.85029 2.48189
0.85029 2.44196
0.85030 2.37323
0.85030 2.50412
0.85031 2.42630
0.85031 2.36128
0.85032 2.46528
0.85032 2.34802
0.85033 2.40627
0.85033 2.55376
0.85034 2.47440
0.85034 2.45222
0.85035 2.32112
0.85035 2.36180
0.85036 2.47097
0.85036 2.46496
0.85037 2.40062
0.85037 2.37146
0.85038 2.44140
0.85038 2.38161
0.85039 2.37640
0.85039 2.45756
0.85040 2.46583
0.85040 2.47907
0.85041 2.48199
0.85041 2.35415
0.85042 2.35880
0.85042 2.42098
0.85043 2.39905
0.85043 2.36960
0.85044 2.41173
0.85044 2.47711
0.85045 2.39987
0.85045 2.44550
0.85046 2.37359
0.85046 2.28760
0.85047 2.37602
0.85047 2.41023
0.85048 2.47575
0.85048 2.53783
0.85049 2.43236
0.85049 2.35594
0.85050 2.38679
0.85050 2.40468
0.85051 2.45755
0.85051 2.42248
0.85052 2.45933
0.85052 2.47106
0.85053 2.49784
0.85053 2.46611
0.85054 2.42992
0.85054 2.43408
0.85055 2.38968
0.85055 2.45592
0.85056 2.44639
0.85056 2.52921
0.85057 2.52263
0.85057 2.35075
0.85058 2.42954
0.85058 2.42688
0.85059 2.37045
0.85059 2.49559
0.85060 2.42937
0.85060 2.31174
0.85061 2.40311
0.85061 2.45012
0.85062 2.48558
0.85062 2.43403
0.85063 2.45460
0.85063 2.46189
0.85064 2.34449
0.85064 2.47112
0.85065 2.38477
0.85065 2.39305
0.85066 2.46251
0.85066 2.33670
0.85067 2.26617
0.85067 2.34935
0.85068 2.48585
0.85068 2.37444
0.85069 2.36820
0.85069 2.43102
0.85070 2.36281
0.85070 2.32115
0.85071 2.37081
0.85071 2.45868
0.85072 2.47031
0.85072 2.39988
0.85073 2.31913
0.85073 2.28924
0.85074 2.28453
0.85074 2.35179
0.85075 2.34226
0.85075 2.29260
0.85076 2.31932
0.85076 2.36416
0.85077 2.41173
0.85077 2.32123
0.85078 2.30968
0.85078 2.38899
0.85079 2.27716
0.85079 2.29663
0.85080 2.40862
0.85080 2.31401
0.85081 2.33851
0.85081 2.21151
0.85082 2.21447
0.85082 2.35683
0.85083 2.30767
0.85083 2.31304
0.85084 2.28118
0.85084 2.24546
0.85085 2.30795
0.85085 2.43190
0.85086 2.38136
0.85086 2.35216
0.85087 2.28827
0.85087 2.25321
0.85088 2.33959
0.85088 2.28506
0.85089 2.36273
0.85089 2.33028
0.85090 2.25817
0.85090 2.36333
0.85091 2.31899
0.85091 2.28448
0.85092 2.31775
0.85092 2.37592
0.85093 2.26290
0.85093 2.24239
0.85094 2.32098
0.85094 2.33938
0.85095 2.39048
0.85095 2.37739
0.85096 2.28101
0.85096 2.25070
0.85097 2.29874
0.85097 2.32652
0.85098 2.36214
0.85098 2.32358
0.85099 2.27503
0.85099 2.31772
0.85100 2.32605
0.85100 2.34600
0.85101 2.40955
0.85101 2.32463
0.85102 2.26647
0.85102 2.29268
0.85103 2.33299
0.85103 2.25959
0.85104 2.26626
0.85104 2.28669
0.85105 2.27488
0.85105 2.25893
0.85106 2.27339
0.85106 2.32560
0.85107 2.28564
0.85107 2.29250
0.85108 2.33258
0.85108 2.29160
0.85109 2.22709
0.85109 2.30041
0.85110 2.26706
0.85110 2.23113
0.85111 2.34630
0.85111 2.26764
0.85112 2.28725
0.85112 2.34131
0.85113 2.31757
0.85113 2.32980
0.85114 2.24325
0.85114 2.21984
0.85115 2.21392
0.85115 2.24324
0.85116 2.28397
0.85116 2.25950
0.85117 2.23562
0.85117 2.27835
0.85118 2.22884
0.85118 2.22252
0.85119 2.24837
0.85119 2.20185
0.85120 2.23436
0.85120 2.21377
0.85121 2.19343
0.85121 2.16960
0.85122 2.21618
0.85122 2.20106
0.85123 2.18561
0.85123 2.19581
0.85124 2.21356
0.85124 2.25767
0.85125 2.23142
0.85125 2.26085
0.85126 2.19924
0.85126 2.17111
0.85127 2.24196
0.85127 2.24522
0.85128 2.25155
0.85128 2.30725
0.85129 2.24070
0.85129 2.18642
0.85130 2.16523
0.85130 2.11547
0.85131 2.22200
0.85131 2.23576
0.85132 2.18692
0.85132 2.24994
0.85133 2.15032
0.85133 2.14258
0.85134 2.21104
0.85134 2.25258
0.85135 2.19757
0.85135 2.17033
0.85136 2.24378
0.85136 2.24447
0.85137 2.27997
0.85137 2.16837
0.85138 2.14281
0.85138 2.17672
0.85139 2.15374
0.85139 2.12180
0.85140 2.17365
0.85140 2.22007
0.85141 2.15361
0.85141 2.22326
0.85142 2.20079
0.85142 2.21189
0.85143 2.21590
0.85143 2.20367
0.85144 2.24655
0.85144 2.14010
0.85145 2.15037
0.85145 2.13283
0.85146 2.18883
0.85146 2.16610
0.85147 2.13916
0.85147 2.29257
0.85148 2.16588
0.85148 2.16324
0.85149 2.23792
0.85149 2.18291
0.85150 2.23685
0.85150 2.21963
0.85151 2.17967
0.85151 2.18270
0.85152 2.18029
0.85152 2.14217
0.85153 2.17780
0.85153 2.22889
0.85154 2.17808
0.85154 2.24040
0.85155 2.21372
0.85155 2.13134
0.85156 2.17975
0.85156 2.14662
0.85157 2.13035
0.85157 2.14805
0.85158 2.13968
0.85158 2.04096
0.85159 2.13859
0.85159 2.25118
0.85160 2.15304
0.85160 2.15618
0.85161 2.12714
0.85161 2.18653
0.85162 2.13952
0.85162 2.18962
0.85163 2.26330
0.85163 2.20470
0.85164 2.26119
0.85164 2.18228
0.85165 2.21865
0.85165 2.16608
0.85166 2.09773
0.85166 2.12453
0.85167 2.12412
0.85167 2.20346
0.85168 2.19560
0.85168 2.12776
0.85169 2.13554
0.85169 2.21833
0.85170 2.19317
0.85170 2.10398
0.85171 2.15114
0.85171 2.20052
0.85172 2.11218
0.85172 2.09404
0.85173 2.15345
0.85173 2.12503
0.85174 2.08346
0.85174 2.09871
0.85175 2.04639
0.85175 2.10259
0.85176 2.13970
0.85176 2.08374
0.85177 2.13735
0.85177 2.14315
0.85178 2.13235
0.85178 2.12054
0.85179 2.09248
0.85179 2.11912
0.85180 2.16977
0.85180 2.16089
0.85181 2.11903
0.85181 2.09079
0.85182 2.13230
0.85182 2.14066
0.85183 2.13335
0.85183 2.17273
0.85184 2.13426
0.85184 2.14195
0.85185 2.12387
0.85185 2.13045
0.85186 2.09960
0.85186 2.15593
0.85187 2.22137
0.85187 2.13491
0.85188 2.13092
0.85188 2.13398
0.85189 2.07378
0.85189 2.12660
0.85190 2.24025
0.85190 2.18935
0.85191 2.08275
0.85191 2.15465
0.85192 2.14426
0.85192 2.10176
0.85193 2.12975
0.85193 2.05579
0.85194 2.17391
0.85194 2.19163
0.85195 2.11567
0.85195 2.17705
0.85196 2.13429
0.85196 2.08866
0.85197 2.11205
0.85197 2.16400
0.85198 2.16515
0.85198 2.07634
0.85199 2.06387
0.85199 2.08957
0.85200 2.06899
0.85200 2.10585
0.85201 2.10873
0.85201 2.08722
0.85202 2.12874
0.85202 2.14512
0.85203 2.09968
0.85203 2.07306
0.85204 2.10241
0.85204 2.07277
0.85205 2.07515
0.85205 2.05604
0.85206 2.06660
0.85206 2.05357
0.85207 2.03099
0.85207 2.14806
0.85208 2.13486
0.85208 2.13065
0.85209 2.10564
0.85209 2.09589
0.85210 2.09142
0.85210 2.00911
0.85211 2.04692
0.85211 2.06760
0.85212 2.09091
0.85212 2.11365
0.85213 2.08907
0.85213 2.07973
0.85214 2.05416
0.85214 2.07125
0.85215 2.12332
0.85215 2.09108
0.85216 2.07541
0.85216 2.09980
0.85217 2.10006
0.85217 2.07570
0.85218 2.07282
0.85218 2.13602
0.85219 2.06918
0.85219 2.01270
0.85220 2.09351
0.85220 1.98604
0.85221 2.02882
0.85221 2.09101
0.85222 1.96377
0.85222 2.08363
0.85223 2.08521
0.85223 2.05466
0.85224 2.09502
0.85224 2.08556
0.85225 2.06430
0.85225 2.06485
0.85226 2.11159
0.85226 2.08465
0.85227 2.04472
0.85227 1.99657
0.85228 2.10293
0.85228 2.03115
0.85229 1.92142
0.85229 2.04533
0.85230 2.02519
0.85230 1.98671
0.85231 2.02837
0.85231 2.05494
0.85232 2.00964
0.85232 2.07033
0.85233 2.08910
0.85233 2.05861
0.85234 2.03671
0.85234 2.02901
0.85235 2.05736
0.85235 2.02303
0.85236 2.06109
0.85236 1.99116
0.85237 2.06876
0.85237 2.07342
0.85238 1.98585
0.85238 2.08794
0.85239 2.08810
0.85239 2.07957
0.85240 2.07104
0.85240 2.05274
0.85241 2.01400
0.85241 2.00885
0.85242 2.08844
0.85242 2.04788
0.85243 2.03377
0.85243 2.00423
0.85244 1.99664
0.85244 2.03506
0.85245 2.06001
0.85245 2.09757
0.85246 2.06125
0.85246 2.05450
0.85247 1.97242
0.85247 2.02855
0.85248 2.01569
0.85248 2.05649
0.85249 2.07237
0.85249 1.95988
0.85250 2.02210
0.85250 1.98099
0.85251 1.95828
0.85251 2.06930
0.85252 2.01286
0.85252 2.03500
0.85253 2.08391
0.85253 1.99755
0.85254 2.06876
0.85254 2.03655
0.85255 1.95043
0.85255 2.02021
0.85256 2.04015
0.85256 2.02147
0.85257 2.06874
0.85257 1.97815
0.85258 1.98760
0.85258 2.00986
0.85259 2.05135
0.85259 2.04301
0.85260 1.97274
0.85260 2.11167
0.85261 2.05116
0.85261 2.01338
0.85262 2.01989
0.85262 1.97158
0.85263 2.03569
0.85263 2.03240
0.85264 2.00479
0.85264 2.00664
0.85265 2.01267
0.85265 2.00427
0.85266 1.98024
0.85266 2.00821
0.85267 2.04346
0.85267 2.00689
0.85268 1.98055
0.85268 1.96686
0.85269 2.01873
0.85269 2.03846
0.85270 1.96976
0.85270 2.03585
0.85271 2.01197
0.85271 1.86518
0.85272 1.97120
0.85272 2.01135
0.85273 2.00419
0.85273 1.98850
0.85274 1.90965
0.85274 1.99873
0.85275 2.03530
0.85275 1.99880
0.85276 2.02742
0.85276 2.03737
0.85277 1.97996
0.85277 2.00372
0.85278 2.02330
0.85278 1.92728
0.85279 1.93344
0.85279 1.95491
0.85280 1.98909
0.85280 2.01821
0.85281 1.98625
0.85281 1.98497
0.85282 1.99614
0.85282 2.02534
0.85283 2.03949
0.85283 1.96152
0.85284 1.91246
0.85284 2.00533
0.85285 1.96222
0.85285 1.96423
0.85286 2.03234
0.85286 1.96369
0.85287 1.96830
0.85287 1.92248
0.85288 1.88212
0.85288 1.92486
0.85289 2.04627
0.85289 2.05992
0.85290 1.97482
0.85290 2.00647
0.85291 2.04466
0.85291 2.00557
0.85292 1.97424
0.85292 2.02200
0.85293 1.91304
0.85293 1.95731
0.85294 1.98163
0.85294 1.96319
0.85295 1.97592
0.85295 1.92120
0.85296 1.97660
0.85296 1.96370
0.85297 2.03018
0.85297 1.99750
0.85298 1.90764
0.85298 2.00954
0.85299 2.01619
0.85299 1.96038
0.85300 1.96968
0.85300 2.01802
0.85301 2.04004
0.85301 1.99171
0.85302 1.97875
0.85302 2.07186
0.85303 2.03801
0.85303 1.93004
0.85304 1.97130
0.85304 1.93263
0.85305 1.90023
0.85305 1.95507
0.85306 1.91999
0.85306 1.95051
0.85307 1.98874
0.85307 1.97302
0.85308 1.96572
0.85308 2.00227
0.85309 2.00003
0.85309 1.95083
0.85310 2.00013
0.85310 2.07516
0.85311 1.99094
0.85311 1.91780
0.85312 1.94854
0.85312 1.96800
0.85313 1.99606
0.85313 1.93223
0.85314 1.96187
0.85314 1.93665
0.85315 1.88949
0.85315 1.96450
0.85316 1.93933
0.85316 1.96540
0.85317 1.96126
0.85317 1.92640
0.85318 1.93331
0.85318 1.84091
0.85319 1.91767
0.85319 1.92015
0.85320 1.84519
0.85320 2.03391
0.85321 1.95059
0.85321 1.95929
0.85322 2.03682
0.85322 1.90748
0.85323 1.97780
0.85323 1.98683
0.85324 1.92864
0.85324 1.89172
0.85325 1.97259
0.85325 1.92320
0.85326 1.89387
0.85326 1.96701
0.85327 1.94034
0.85327 2.00808
0.85328 1.99694
0.85328 1.93733
0.85329 1.89872
0.85329 1.88480
0.85330 1.93851
0.85330 1.92143
0.85331 1.95311
0.85331 1.92565
0.85332 1.89976
0.85332 2.00530
0.85333 1.84785
0.85333 1.92400
0.85334 1.95762
0.85334 1.85782
0.85335 1.98858
0.85335 1.95701
0.85336 1.99048
0.85336 1.94478
0.85337 1.95086
0.85337 1.94213
0.85338 1.92333
0.85338 1.97540
0.85339 1.87959
0.85339 1.90472
0.85340 1.94806
0.85340 1.95754
0.85341 1.91985
0.85341 1.90994
0.85342 1.89825
0.85342 1.90450
0.85343 1.93616
0.85343 1.91243
0.85344 1.96557
0.85344 1.96880
0.85345 1.96512
0.85345 1.94758
0.85346 1.93394
0.85346 1.95049
0.85347 1.89508
0.85347 1.92542
0.85348 1.90772
0.85348 1.88685
0.85349 1.97060
0.85349 1.99322
0.85350 1.91840
0.85350 1.91975
0.85351 1.97200
0.85351 1.93418
0.85352 1.90994
0.85352 1.85098
0.85353 1.90393
0.85353 2.02240
0.85354 1.93237
0.85354 1.85843
0.85355 1.91863
0.85355 1.87699
0.85356 1.85341
0.85356 2.00230
0.85357 1.98774
0.85357 1.85960
0.85358 1.86320
0.85358 1.89382
0.85359 1.94172
0.85359 1.88570
0.85360 1.86820
0.85360 1.90766
0.85361 1.83332
0.85361 1.84739
0.85362 1.84846
0.85362 1.84932
0.85363 1.85023
0.85363 1.87515
0.85364 1.90744
0.85364 1.86045
0.85365 1.82386
0.85365 1.83801
0.85366 1.87090
0.85366 1.82886
0.85367 1.87211
0.85367 1.90729
0.85368 1.82734
0.85368 1.83377
0.85369 1.82907
0.85369 1.80012
0.85370 1.89700
0.85370 1.90134
0.85371 1.86353
0.85371 1.84830
0.85372 1.82202
0.85372 1.86553
0.85373 1.89005
0.85373 1.83926
0.85374 1.85759
0.85374 1.92456
0.85375 1.89408
0.85375 1.85524
0.85376 1.79682
0.85376 1.79228
0.85377 1.79762
0.85377 1.78456
0.85378 1.81486
0.85378 1.77124
0.85379 1.80943
0.85379 1.83080
0.85380 1.83144
0.85380 1.85168
0.85381 1.85373
0.85381 1.85836
0.85382 1.84799
0.85382 1.87451
0.85383 1.83380
0.85383 1.82526
0.85384 1.86359
0.85384 1.85187
0.85385 1.85125
0.85385 1.85766
0.85386 1.80452
0.85386 1.87053
0.85387 1.90725
0.85387 1.79886
0.85388 1.80898
0.85388 1.80773
0.85389 1.79871
0.85389 1.83148
0.85390 1.88826
0.85390 1.89096
0.85391 1.81790
0.85391 1.85283
0.85392 1.86889
0.85392 1.84657
0.85393 1.85802
0.85393 1.87644
0.85394 1.85371
0.85394 1.81490
0.85395 1.80619
0.85395 1.77890
0.85396 1.80359
0.85396 1.84704
0.85397 1.84562
0.85397 1.84003
0.85398 1.75159
0.85398 1.79108
0.85399 1.85852
0.85399 1.81169
0.85400 1.85328
0.85400 1.83597
0.85401 1.85834
0.85401 1.79792
0.85402 1.76373
0.85402 1.82971
0.85403 1.81223
0.85403 1.86296
0.85404 1.82566
0.85404 1.85605
0.85405 1.81896
0.85405 1.78377
0.85406 1.83604
0.85406 1.84421
0.85407 1.84443
0.85407 1.78004
0.85408 1.75380
0.85408 1.79567
0.85409 1.81364
0.85409 1.78339
0.85410 1.90412
0.85410 1.83659
0.85411 1.78359
0.85411 1.84732
0.85412 1.85311
0.85412 1.80430
0.85413 1.84164
0.85413 1.81867
0.85414 1.69343
0.85414 1.79345
0.85415 1.79189
0.85415 1.82715
0.85416 1.83610
0.85416 1.76481
0.85417 1.82030
0.85417 1.81665
0.85418 1.77788
0.85418 1.74639
0.85419 1.79198
0.85419 1.79273
0.85420 1.75542
0.85420 1.73814
0.85421 1.73750
0.85421 1.76565
0.85422 1.77548
0.85422 1.78050
0.85423 1.75632
0.85423 1.76537
0.85424 1.79591
0.85424 1.83909
0.85425 1.84174
0.85425 1.76250
0.85426 1.79473
0.85426 1.86539
0.85427 1.78524
0.85427 1.76851
0.85428 1.78928
0.85428 1.82494
0.85429 1.82196
0.85429 1.80395
0.85430 1.84369
0.85430 1.76407
0.85431 1.72912
0.85431 1.84067
0.85432 1.75232
0.85432 1.83997
0.85433 1.83234
0.85433 1.70983
0.85434 1.79245
0.85434 1.76255
0.85435 1.80454
0.85435 1.80248
0.85436 1.82945
0.85436 1.86720
0.85437 1.79873
0.85437 1.82808
0.85438 1.81923
0.85438 1.79368
0.85439 1.81305
0.85439 1.76031
0.85440 1.82224
0.85440 1.81490
0.85441 1.73458
0.85441 1.72360
0.85442 1.79035
0.85442 1.78671
0.85443 1.77321
0.85443 1.78643
0.85444 1.77978
0.85444 1.87524
0.85445 1.83648
0.85445 1.76170
0.85446 1.79307
0.85446 1.76896
0.85447 1.71262
0.85447 1.75747
0.85448 1.84410
0.85448 1.81670
0.85449 1.82429
0.85449 1.85789
0.85450 1.82515
0.85450 1.79024
0.85451 1.80697
0.85451 1.75312
0.85452 1.72191
0.85452 1.77468
0.85453 1.67147
0.85453 1.72111
0.85454 1.84990
0.85454 1.83870
0.85455 1.79695
0.85455 1.71272
0.85456 1.74583
0.85456 1.76762
0.85457 1.75776
0.85457 1.79142
0.85458 1.77370
0.85458 1.85569
0.85459 1.80683
0.85459 1.74538
0.85460 1.79314
0.85460 1.81491
0.85461 1.76641
0.85461 1.74236
0.85462 1.81994
0.85462 1.74748
0.85463 1.71164
0.85463 1.76147
0.85464 1.75085
0.85464 1.81754
0.85465 1.81041
0.85465 1.70261
0.85466 1.72490
0.85466 1.80696
0.85467 1.80310
0.85467 1.71973
0.85468 1.69822
0.85468 1.75162
0.85469 1.74015
0.85469 1.72537
0.85470 1.76378
0.85470 1.76201
0.85471 1.78517
0.85471 1.77784
0.85472 1.80436
0.85472 1.70318
0.85473 1.72712
0.85473 1.74878
0.85474 1.70746
0.85474 1.76704
0.85475 1.72040
0.85475 1.75853
0.85476 1.73308
0.85476 1.76535
0.85477 1.78895
0.85477 1.76875
0.85478 1.78896
0.85478 1.65891
0.85479 1.72142
0.85479 1.75769
0.85480 1.69838
0.85480 1.77764
0.85481 1.74086
0.85481 1.76832
0.85482 1.77168
0.85482 1.69990
0.85483 1.65901
0.85483 1.70988
0.85484 1.76307
0.85484 1.70692
0.85485 1.81138
0.85485 1.78119
0.85486 1.66457
0.85486 1.70497
0.85487 1.72405
0.85487 1.77252
0.85488 1.72391
0.85488 1.72367
0.85489 1.72157
0.85489 1.70514
0.85490 1.76486
0.85490 1.70283
0.85491 1.67023
0.85491 1.82404
0.85492 1.79467
0.85492 1.70964
0.85493 1.77077
0.85493 1.72223
0.85494 1.70559
0.85494 1.75780
0.85495 1.73951
0.85495 1.72741
0.85496 1.76743
0.85496 1.71409
0.85497 1.70154
0.85497 1.71767
0.85498 1.74766
0.85498 1.79538
0.85499 1.72985
0.85499 1.71680
0.85500 1.74512
0.85500 1.67528
0.85501 1.66120
0.85501 1.74259
0.85502 1.71989
0.85502 1.71372
0.85503 1.74869
0.85503 1.68935
0.85504 1.66522
0.85504 1.74937
0.85505 1.72130
0.85505 1.66511
0.85506 1.70698
0.85506 1.75099
0.85507 1.74653
0.85507 1.70782
0.85508 1.71467
0.85508 1.65766
0.85509 1.69173
0.85509 1.75216
0.85510 1.76115
0.85510 1.74139
0.85511 1.70669
0.85511 1.69666
0.85512 1.61354
0.85512 1.65966
0.85513 1.76125
0.85513 1.66868
0.85514 1.70354
0.85514 1.71691
0.85515 1.63882
0.85515 1.71521
0.85516 1.74266
0.85516 1.75487
0.85517 1.76388
0.85517 1.73740
0.85518 1.72277
0.85518 1.73817
0.85519 1.64906
0.85519 1.71259
0.85520 1.80134
0.85520 1.69940
0.85521 1.71916
0.85521 1.67967
0.85522 1.63184
0.85522 1.71047
0.85523 1.69060
0.85523 1.69570
0.85524 1.72214
0.85524 1.70396
0.85525 1.73372
0.85525 1.66912
0.85526 1.67236
0.85526 1.67962
0.85527 1.70104
0.85527 1.74069
0.85528 1.74190
0.85528 1.68114
0.85529 1.66605
0.85529 1.69185
0.85530 1.64642
0.85530 1.69275
0.85531 1.72612
0.85531 1.67990
0.85532 1.72780
0.85532 1.67296
0.85533 1.64657
0.85533 1.69257
0.85534 1.66590
0.85534 1.71386
0.85535 1.66456
0.85535 1.64628
0.85536 1.69643
0.85536 1.71326
0.85537 1.63444
0.85537 1.60986
0.85538 1.69035
0.85538 1.66538
0.85539 1.68392
0.85539 1.70002
0.85540 1.66899
0.85540 1.71950
0.85541 1.65511
0.85541 1.61979
0.85542 1.65901
0.85542 1.66322
0.85543 1.68525
0.85543 1.64719
0.85544 1.62020
0.85544 1.69954
0.85545 1.64295
0.85545 1.64449
0.85546 1.69884
0.85546 1.64221
0.85547 1.62337
0.85547 1.59798
0.85548 1.60381
0.85548 1.64340
0.85549 1.68215
0.85549 1.69184
0.85550 1.69734
0.85550 1.69548
0.85551 1.67844
0.85551 1.62373
0.85552 1.66224
0.85552 1.67175
0.85553 1.62761
0.85553 1.70149
0.85554 1.67659
0.85554 1.67575
0.85555 1.68094
0.85555 1.70959
0.85556 1.66658
0.85556 1.63400
0.85557 1.74680
0.85557 1.64078
0.85558 1.63754
0.85558 1.66273
0.85559 1.64589
0.85559 1.67352
0.85560 1.59579
0.85560 1.62932
0.85561 1.64728
0.85561 1.71863
0.85562 1.76319
0.85562 1.63557
0.85563 1.69350
0.85563 1.65625
0.85564 1.61679
0.85564 1.66985
0.85565 1.66345
0.85565 1.61931
0.85566 1.58965
0.85566 1.64823
0.85567 1.65608
0.85567 1.66491
0.85568 1.69220
0.85568 1.69598
0.85569 1.69311
0.85569 1.59527
0.85570 1.71684
0.85570 1.79368
0.85571 1.69676
0.85571 1.68296
0.85572 1.61666
0.85572 1.70412
0.85573 1.65721
0.85573 1.62959
0.85574 1.72536
0.85574 1.57755
0.85575 1.54874
0.85575 1.68176
0.85576 1.67983
0.85576 1.72127
0.85577 1.72666
0.85577 1.67995
0.85578 1.70462
0.85578 1.67904
0.85579 1.61851
0.85579 1.60643
0.85580 1.62463
0.85580 1.67561
0.85581 1.69728
0.85581 1.67985
0.85582 1.73012
0.85582 1.68386
0.85583 1.64855
0.85583 1.67170
0.85584 1.68257
0.85584 1.65060
0.85585 1.65704
0.85585 1.63318
0.85586 1.62038
0.85586 1.69042
0.85587 1.65118
0.85587 1.59397
0.85588 1.60816
0.85588 1.62132
0.85589 1.66486
0.85589 1.66939
0.85590 1.64754
0.85590 1.66054
0.85591 1.62403
0.85591 1.64195
0.85592 1.68350
0.85592 1.70203
0.85593 1.72901
0.85593 1.65346
0.85594 1.58959
0.85594 1.63948
0.85595 1.60091
0.85595 1.59781
0.85596 1.67251
0.85596 1.66832
0.85597 1.59999
0.85597 1.70228
0.85598 1.69637
0.85598 1.62210
0.85599 1.66244
0.85599 1.62742
0.85600 1.64102
0.85600 1.68685
0.85601 1.62603
0.85601 1.64173
0.85602 1.64325
0.85602 1.64019
0.85603 1.59901
0.85603 1.65282
0.85604 1.73171
0.85604 1.64104
0.85605 1.66569
0.85605 1.65963
0.85606 1.70613
0.85606 1.68380
0.85607 1.58803
0.85607 1.59335
0.85608 1.65637
0.85608 1.67216
0.85609 1.66314
0.85609 1.68590
0.85610 1.63347
0.85610 1.67913
0.85611 1.70023
0.85611 1.64324
0.85612 1.64291
0.85612 1.57879
0.85613 1.63207
0.85613 1.68154
0.85614 1.62665
0.85614 1.63936
0.85615 1.64737
0.85615 1.61060
0.85616 1.61418
0.85616 1.66798
0.85617 1.61118
0.85617 1.59207
0.85618 1.59578
0.85618 1.61559
0.85619 1.58432
0.85619 1.54252
0.85620 1.63310
0.85620 1.60431
0.85621 1.62523
0.85621 1.66037
0.85622 1.65969
0.85622 1.67875
0.85623 1.66333
0.85623 1.60285
0.85624 1.55534
0.85624 1.61033
0.85625 1.66601
0.85625 1.59587
0.85626 1.57677
0.85626 1.62075
0.85627 1.65921
0.85627 1.63243
0.85628 1.62834
0.85628 1.65425
0.85629 1.54076
0.85629 1.55298
0.85630 1.59679
0.85630 1.59043
0.85631 1.65014
0.85631 1.57766
0.85632 1.61111
0.85632 1.60232
0.85633 1.55516
0.85633 1.59113
0.85634 1.57441
0.85634 1.68666
0.85635 1.67476
0.85635 1.58612
0.85636 1.61652
0.85636 1.61769
0.85637 1.68383
0.85637 1.70188
0.85638 1.62012
0.85638 1.55347
0.85639 1.61992
0.85639 1.59971
0.85640 1.64594
0.85640 1.67090
0.85641 1.58767
0.85641 1.58819
0.85642 1.52943
0.85642 1.65050
0.85643 1.69048
0.85643 1.60714
0.85644 1.62549
0.85644 1.63850
0.85645 1.57437
0.85645 1.59146
0.85646 1.58948
0.85646 1.56705
0.85647 1.57800
0.85647 1.59975
0.85648 1.58392
0.85648 1.65677
0.85649 1.56573
0.85649 1.52923
0.85650 1.60077
0.85650 1.53805
0.85651 1.58894
0.85651 1.52167
0.85652 1.58583
0.85652 1.58610
0.85653 1.56814
0.85653 1.67226
0.85654 1.60866
0.85654 1.63547
0.85655 1.66583
0.85655 1.66434
0.85656 1.59670
0.85656 1.54331
0.85657 1.62304
0.85657 1.68216
0.85658 1.62751
0.85658 1.54566
0.85659 1.54482
0.85659 1.56514
0.85660 1.59552
0.85660 1.57146
0.85661 1.63402
0.85661 1.65609
0.85662 1.55715
0.85662 1.59717
0.85663 1.57157
0.85663 1.50248
0.85664 1.63987
0.85664 1.63244
0.85665 1.59522
0.85665 1.56857
0.85666 1.57703
0.85666 1.64575
0.85667 1.52287
0.85667 1.59828
0.85668 1.61140
0.85668 1.58973
0.85669 1.58543
0.85669 1.56687
0.85670 1.59506
0.85670 1.56001
0.85671 1.55093
0.85671 1.49169
0.85672 1.57953
0.85672 1.59796
0.85673 1.60618
0.85673 1.60765
0.85674 1.58068
0.85674 1.57737
0.85675 1.53655
0.85675 1.59543
0.85676 1.50827
0.85676 1.49251
0.85677 1.53583
0.85677 1.57231
0.85678 1.59434
0.85678 1.53313
0.85679 1.60435
0.85679 1.53980
0.85680 1.55772
0.85680 1.58752
0.85681 1.52234
0.85681 1.54807
0.85682 1.49854
0.85682 1.53242
0.85683 1.55812
0.85683 1.54572
0.85684 1.61944
0.85684 1.58157
0.85685 1.62611
0.85685 1.60972
0.85686 1.58042
0.85686 1.60484
0.85687 1.54632
0.85687 1.53473
0.85688 1.61891
0.85688 1.59379
0.85689 1.53670
0.85689 1.65988
0.85690 1.62233
0.85690 1.57161
0.85691 1.51935
0.85691 1.54091
0.85692 1.65238
0.85692 1.52929
0.85693 1.55189
0.85693 1.58097
0.85694 1.50558
0.85694 1.56256
0.85695 1.49483
0.85695 1.52569
0.85696 1.54692
0.85696 1.57051
0.85697 1.55192
0.85697 1.50192
0.85698 1.55175
0.85698 1.55831
0.85699 1.57908
0.85699 1.55535
0.85700 1.52152
0.85700 1.56150
0.85701 1.55997
0.85701 1.54140
0.85702 1.52060
0.85702 1.50706
0.85703 1.47981
0.85703 1.54623
0.85704 1.64715
0.85704 1.60713
0.85705 1.52702
0.85705 1.56728
0.85706 1.63058
0.85706 1.55134
0.85707 1.57603
0.85707 1.59855
0.85708 1.57615
0.85708 1.59755
0.85709 1.62568
0.85709 1.56737
0.85710 1.54983
0.85710 1.58072
0.85711 1.56205
0.85711 1.54389
0.85712 1.50399
0.85712 1.56624
0.85713 1.53360
0.85713 1.57014
0.85714 1.63681
0.85714 1.50307
0.85715 1.47046
0.85715 1.50850
0.85716 1.55254
0.85716 1.56864
0.85717 1.54627
0.85717 1.56432
0.85718 1.50600
0.85718 1.41159
0.85719 1.51447
0.85719 1.54271
0.85720 1.53645
0.85720 1.57995
0.85721 1.54531
0.85721 1.56740
0.85722 1.51987
0.85722 1.48798
0.85723 1.56978
0.85723 1.51636
0.85724 1.50572
0.85724 1.54905
0.85725 1.48726
0.85725 1.46984
0.85726 1.47242
0.85726 1.57959
0.85727 1.59296
0.85727 1.53685
0.85728 1.50355
0.85728 1.49364
0.85729 1.52256
0.85729 1.53803
0.85730 1.54076
0.85730 1.49164
0.85731 1.50738
0.85731 1.51259
0.85732 1.53160
0.85732 1.54947
0.85733 1.57676
0.85733 1.54903
0.85734 1.48838
0.85734 1.52309
0.85735 1.48969
0.85735 1.51728
0.85736 1.55610
0.85736 1.51811
0.85737 1.50890
0.85737 1.45555
0.85738 1.44562
0.85738 1.52524
0.85739 1.52746
0.85739 1.49700
0.85740 1.54324
0.85740 1.47823
0.85741 1.52019
0.85741 1.49796
0.85742 1.50673
0.85742 1.59878
0.85743 1.48020
0.85743 1.49779
0.85744 1.54657
0.85744 1.44595
0.85745 1.47684
0.85745 1.54621
0.85746 1.45814
0.85746 1.46789
0.85747 1.54458
0.85747 1.57222
0.85748 1.50537
0.85748 1.50794
0.85749 1.55129
0.85749 1.56807
0.85750 1.49117
0.85750 1.45150
0.85751 1.51406
0.85751 1.47365
0.85752 1.51664
0.85752 1.49983
0.85753 1.51216
0.85753 1.52946
0.85754 1.50117
0.85754 1.52668
0.85755 1.44865
0.85755 1.50306
0.85756 1.54096
0.85756 1.53541
0.85757 1.56409
0.85757 1.52837
0.85758 1.50084
0.85758 1.55375
0.85759 1.55206
0.85759 1.46365
0.85760 1.48030
0.85760 1.50043
0.85761 1.53585
0.85761 1.56875
0.85762 1.58798
0.85762 1.50736
0.85763 1.43809
0.85763 1.51691
0.85764 1.45141
0.85764 1.47980
0.85765 1.60753
0.85765 1.46769
0.85766 1.48013
0.85766 1.51036
0.85767 1.43037
0.85767 1.52701
0.85768 1.50076
0.85768 1.53078
0.85769 1.47534
0.85769 1.43515
0.85770 1.48034
0.85770 1.53806
0.85771 1.61824
0.85771 1.52512
0.85772 1.51894
0.85772 1.48152
0.85773 1.49567
0.85773 1.49946
0.85774 1.47048
0.85774 1.45611
0.85775 1.53386
0.85775 1.51892
0.85776 1.40535
0.85776 1.51746
0.85777 1.51546
0.85777 1.49981
0.85778 1.47863
0.85778 1.48211
0.85779 1.53984
0.85779 1.47691
0.85780 1.46309
0.85780 1.46203
0.85781 1.53747
0.85781 1.54375
0.85782 1.47496
0.85782 1.45768
0.85783 1.48004
0.85783 1.48581
0.85784 1.45399
0.85784 1.50186
0.85785 1.50731
0.85785 1.50945
0.85786 1.47983
0.85786 1.45784
0.85787 1.52036
0.85787 1.51764
0.85788 1.47123
0.85788 1.46688
0.85789 1.50489
0.85789 1.46133
0.85790 1.42839
0.85790 1.46586
0.85791 1.48135
0.85791 1.56274
0.85792 1.51888
0.85792 1.46497
0.85793 1.44626
0.85793 1.45289
0.85794 1.49075
0.85794 1.45456
0.85795 1.52804
0.85795 1.50281
0.85796 1.44887
0.85796 1.42324
0.85797 1.41945
0.85797 1.53294
0.85798 1.48350
0.85798 1.50073
0.85799 1.44445
0.85799 1.43688
0.85800 1.53377
0.85800 1.47312
0.85801 1.47594
0.85801 1.38856
0.85802 1.51574
0.85802 1.49964
0.85803 1.39128
0.85803 1.53577
0.85804 1.46288
0.85804 1.46805
0.85805 1.48106
0.85805 1.40912
0.85806 1.44776
0.85806 1.50896
0.85807 1.47511
0.85807 1.49907
0.85808 1.47793
0.85808 1.43787
0.85809 1.48030
0.85809 1.39808
0.85810 1.44783
0.85810 1.37703
0.85811 1.40130
0.85811 1.49441
0.85812 1.45799
0.85812 1.51077
0.85813 1.40890
0.85813 1.45270
0.85814 1.49149
0.85814 1.43616
0.85815 1.42196
0.85815 1.43262
0.85816 1.47463
0.85816 1.43579
0.85817 1.45479
0.85817 1.44815
0.85818 1.46378
0.85818 1.47438
0.85819 1.52274
0.85819 1.54238
0.85820 1.38871
0.85820 1.41636
0.85821 1.46029
0.85821 1.44146
0.85822 1.40133
0.85822 1.39231
0.85823 1.46237
0.85823 1.44506
0.85824 1.47523
0.85824 1.48285
0.85825 1.46508
0.85825 1.48096
0.85826 1.45552
0.85826 1.47620
0.85827 1.53088
0.85827 1.53520
0.85828 1.45917
0.85828 1.47869
0.85829 1.49456
0.85829 1.41365
0.85830 1.47032
0.85830 1.44832
0.85831 1.40424
0.85831 1.46491
0.85832 1.48598
0.85832 1.42549
0.85833 1.46747
0.85833 1.36943
0.85834 1.33350
0.85834 1.48250
0.85835 1.45341
0.85835 1.49826
0.85836 1.39546
0.85836 1.35113
0.85837 1.45944
0.85837 1.49367
0.85838 1.41321
0.85838 1.40423
0.85839 1.45700
0.85839 1.43046
0.85840 1.47505
0.85840 1.43009
0.85841 1.47052
0.85841 1.45328
0.85842 1.43718
0.85842 1.54708
0.85843 1.47122
0.85843 1.42716
0.85844 1.45447
0.85844 1.44051
0.85845 1.47438
0.85845 1.45932
0.85846 1.43926
0.85846 1.51353
0.85847 1.47476
0.85847 1.43329
0.85848 1.45621
0.85848 1.41219
0.85849 1.43247
0.85849 1.42773
0.85850 1.49524
0.85850 1.48524
0.85851 1.33782
0.85851 1.39020
0.85852 1.44699
0.85852 1.43953
0.85853 1.40710
0.85853 1.44999
0.85854 1.43865
0.85854 1.41290
0.85855 1.42915
0.85855 1.38036
0.85856 1.48973
0.85856 1.51532
0.85857 1.41546
0.85857 1.40399
0.85858 1.45543
0.85858 1.47335
0.85859 1.44017
0.85859 1.45513
0.85860 1.38617
0.85860 1.40721
0.85861 1.44335
0.85861 1.33873
0.85862 1.37121
0.85862 1.40981
0.85863 1.43641
0.85863 1.36581
0.85864 1.34841
0.85864 1.42725
0.85865 1.48926
0.85865 1.39508
0.85866 1.39798
0.85866 1.52714
0.85867 1.39798
0.85867 1.38933
0.85868 1.41579
0.85868 1.42372
0.85869 1.46000
0.85869 1.32123
0.85870 1.35142
0.85870 1.40381
0.85871 1.45318
0.85871 1.50282
0.85872 1.39592
0.85872 1.40976
0.85873 1.45467
0.85873 1.46000
0.85874 1.36825
0.85874 1.39548
0.85875 1.44800
0.85875 1.38249
0.85876 1.46051
0.85876 1.51344
0.85877 1.43572
0.85877 1.39433
0.85878 1.43437
0.85878 1.44091
0.85879 1.43129
0.85879 1.43826
0.85880 1.44610
0.85880 1.44726
0.85881 1.39859
0.85881 1.32209
0.85882 1.33790
0.85882 1.43107
0.85883 1.39846
0.85883 1.43336
0.85884 1.37739
0.85884 1.42078
0.85885 1.45773
0.85885 1.37327
0.85886 1.45874
0.85886 1.43839
0.85887 1.44187
0.85887 1.47206
0.85888 1.38414
0.85888 1.37137
0.85889 1.42593
0.85889 1.38190
0.85890 1.43142
0.85890 1.46930
0.85891 1.41957
0.85891 1.46807
0.85892 1.44623
0.85892 1.31691
0.85893 1.42792
0.85893 1.39260
0.85894 1.37593
0.85894 1.44016
0.85895 1.40075
0.85895 1.43707
0.85896 1.39599
0.85896 1.39924
0.85897 1.35518
0.85897 1.44143
0.85898 1.41170
0.85898 1.42484
0.85899 1.43522
0.85899 1.31159
0.85900 1.32864
0.85900 1.40953
0.85901 1.47515
0.85901 1.40351
0.85902 1.41944
0.85902 1.45371
0.85903 1.42185
0.85903 1.32835
0.85904 1.39002
0.85904 1.42455
0.85905 1.44298
0.85905 1.40658
0.85906 1.33156
0.85906 1.36714
0.85907 1.38676
0.85907 1.46210
0.85908 1.40065
0.85908 1.38820
0.85909 1.35220
0.85909 1.40162
0.85910 1.40761
0.85910 1.35227
0.85911 1.45382
0.85911 1.33083
0.85912 1.34625
0.85912 1.38532
0.85913 1.38294
0.85913 1.42728
0.85914 1.37656
0.85914 1.37731
0.85915 1.39877
0.85915 1.41491
0.85916 1.32112
0.85916 1.35879
0.85917 1.36156
0.85917 1.39545
0.85918 1.38398
0.85918 1.33181
0.85919 1.37990
0.85919 1.36293
0.85920 1.42716
0.85920 1.35607
0.85921 1.35734
0.85921 1.44699
0.85922 1.41036
0.85922 1.41483
0.85923 1.35808
0.85923 1.39851
0.85924 1.43683
0.85924 1.40471
0.85925 1.34040
0.85925 1.38188
0.85926 1.39228
0.85926 1.26314
0.85927 1.36239
0.85927 1.34396
0.85928 1.40501
0.85928 1.49828
0.85929 1.44738
0.85929 1.40588
0.85930 1.37943
0.85930 1.36950
0.85931 1.43447
0.85931 1.44014
0.85932 1.36511
0.85932 1.37929
0.85933 1.34434
0.85933 1.37012
0.85934 1.39259
0.85934 1.36680
0.85935 1.40360
0.85935 1.37013
0.85936 1.31742
0.85936 1.42519
0.85937 1.39627
0.85937 1.32713
0.85938 1.34240
0.85938 1.32548
0.85939 1.34189
0.85939 1.36088
0.85940 1.35248
0.85940 1.32304
0.85941 1.37586
0.85941 1.44492
0.85942 1.38428
0.85942 1.32346
0.85943 1.31119
0.85943 1.30857
0.85944 1.35738
0.85944 1.33026
0.85945 1.36599
0.85945 1.42917
0.85946 1.34386
0.85946 1.37887
0.85947 1.38082
0.85947 1.29597
0.85948 1.33517
0.85948 1.40606
0.85949 1.36822
0.85949 1.35445
0.85950 1.44239
0.85950 1.46422
0.85951 1.36175
0.85951 1.33191
0.85952 1.36663
0.85952 1.40391
0.85953 1.41058
0.85953 1.29324
0.85954 1.30900
0.85954 1.42451
0.85955 1.37078
0.85955 1.31230
0.85956 1.35093
0.85956 1.33935
0.85957 1.39120
0.85957 1.31650
0.85958 1.31540
0.85958 1.40499
0.85959 1.33322
0.85959 1.38408
0.85960 1.34363
0.85960 1.29347
0.85961 1.33933
0.85961 1.38796
0.85962 1.38880
0.85962 1.40019
0.85963 1.41279
0.85963 1.38578
0.85964 1.38307
0.85964 1.36037
0.85965 1.36869
0.85965 1.33686
0.85966 1.37671
0.85966 1.34918
0.85967 1.27661
0.85967 1.33238
0.85968 1.27188
0.85968 1.30541
0.85969 1.38986
0.85969 1.37616
0.85970 1.28868
0.85970 1.26146
0.85971 1.35512
0.85971 1.31031
0.85972 1.37703
0.85972 1.37889
0.85973 1.28614
0.85973 1.30509
0.85974 1.35145
0.85974 1.36052
0.85975 1.31791
0.85975 1.38481
0.85976 1.30187
0.85976 1.31617
0.85977 1.45361
0.85977 1.32225
0.85978 1.30986
0.85978 1.35825
0.85979 1.32478
0.85979 1.36106
0.85980 1.34595
0.85980 1.35328
0.85981 1.39399
0.85981 1.38103
0.85982 1.33924
0.85982 1.34274
0.85983 1.36446
0.85983 1.32342
0.85984 1.34452
0.85984 1.33502
0.85985 1.33319
0.85985 1.34686
0.85986 1.31799
0.85986 1.33971
0.85987 1.32779
0.85987 1.30660
0.85988 1.29517
0.85988 1.27577
0.85989 1.35736
0.85989 1.35576
0.85990 1.36794
0.85990 1.39928
0.85991 1.31414
0.85991 1.38349
0.85992 1.33830
0.85992 1.29833
0.85993 1.35151
0.85993 1.32683
0.85994 1.37564
0.85994 1.33760
0.85995 1.31316
0.85995 1.36684
0.85996 1.35642
0.85996 1.30030
0.85997 1.28283
0.85997 1.35739
0.85998 1.32357
0.85998 1.31514
0.85999 1.33450
0.85999 1.27413
0.86000 1.37760
0.86000 1.37128
0.86001 1.29604
0.86001 1.31425
0.86002 1.28935
0.86002 1.31063
0.86003 1.35874
0.86003 1.46427
0.86004 1.35919
0.86004 1.38473
0.86005 1.38234
0.86005 1.27343
0.86006 1.33209
0.86006 1.24827
0.86007 1.26552
0.86007 1.27219
0.86008 1.29253
0.86008 1.27247
0.86009 1.27017
0.86009 1.31195
0.86010 1.29551
0.86010 1.31941
0.86011 1.34683
0.86011 1.36352
0.86012 1.31674
0.86012 1.29382
0.86013 1.31677
0.86013 1.33948
0.86014 1.30439
0.86014 1.36931
0.86015 1.35174
0.86015 1.29349
0.86016 1.30231
0.86016 1.30789
0.86017 1.35376
0.86017 1.31763
0.86018 1.31407
0.86018 1.29417
0.86019 1.31004
0.86019 1.39336
0.86020 1.34243
0.86020 1.29622
0.86021 1.28796
0.86021 1.27119
0.86022 1.33639
0.86022 1.35305
0.86023 1.41874
0.86023 1.39653
0.86024 1.23390
0.86024 1.28833
0.86025 1.33602
0.86025 1.29406
0.86026 1.27680
0.86026 1.26384
0.86027 1.30773
0.86027 1.28064
0.86028 1.23652
0.86028 1.28333
0.86029 1.31972
0.86029 1.27248
0.86030 1.27871
0.86030 1.28271
0.86031 1.32104
0.86031 1.38713
0.86032 1.32083
0.86032 1.32727
0.86033 1.29846
0.86033 1.30439
0.86034 1.37828
0.86034 1.31862
0.86035 1.29270
0.86035 1.29512
0.86036 1.29365
0.86036 1.31997
0.86037 1.31274
0.86037 1.29055
0.86038 1.25577
0.86038 1.31540
0.86039 1.30243
0.86039 1.31990
0.86040 1.38169
0.86040 1.28486
0.86041 1.27534
0.86041 1.32891
0.86042 1.31794
0.86042 1.28199
0.86043 1.30948
0.86043 1.33091
0.86044 1.27888
0.86044 1.29116
0.86045 1.31960
0.86045 1.29509
0.86046 1.30950
0.86046 1.32518
0.86047 1.36697
0.86047 1.34695
0.86048 1.30710
0.86048 1.31339
0.86049 1.27338
0.86049 1.34017
0.86050 1.32740
0.86050 1.36533
0.86051 1.31325
0.86051 1.25740
0.86052 1.30657
0.86052 1.30619
0.86053 1.38744
0.86053 1.36631
0.86054 1.32780
0.86054 1.27215
0.86055 1.32244
0.86055 1.31124
0.86056 1.24996
0.86056 1.35320
0.86057 1.33238
0.86057 1.34537
0.86058 1.28336
0.86058 1.20141
0.86059 1.29327
0.86059 1.32473
0.86060 1.30792
0.86060 1.28341
0.86061 1.39821
0.86061 1.31657
0.86062 1.24658
0.86062 1.27866
0.86063 1.26028
0.86063 1.33798
0.86064 1.28763
0.86064 1.27021
0.86065 1.29575
0.86065 1.27135
0.86066 1.23845
0.86066 1.24686
0.86067 1.26258
0.86067 1.26241
0.86068 1.33264
0.86068 1.29096
0.86069 1.27371
0.86069 1.34235
0.86070 1.27938
0.86070 1.32918
0.86071 1.34606
0.86071 1.36292
0.86072 1.30280
0.86072 1.23907
0.86073 1.32346
0.86073 1.30588
0.86074 1.34346
0.86074 1.30244
0.86075 1.25695
0.86075 1.30925
0.86076 1.23848
0.86076 1.23530
0.86077 1.29859
0.86077 1.27726
0.86078 1.29002
0.86078 1.29644
0.86079 1.30903
0.86079 1.25923
0.86080 1.28957
0.86080 1.26133
0.86081 1.19248
0.86081 1.23751
0.86082 1.26068
0.86082 1.27364
0.86083 1.25659
0.86083 1.25550
0.86084 1.24955
0.86084 1.37353
0.86085 1.37552
0.86085 1.24904
0.86086 1.24725
0.86086 1.25081
0.86087 1.24858
0.86087 1.29138
0.86088 1.27433
0.86088 1.29372
0.86089 1.32640
0.86089 1.30000
0.86090 1.26816
0.86090 1.22861
0.86091 1.26342
0.86091 1.27440
0.86092 1.25081
0.86092 1.29173
0.86093 1.29107
0.86093 1.33316
0.86094 1.35552
0.86094 1.22162
0.86095 1.24220
0.86095 1.24027
0.86096 1.21450
0.86096 1.28169
0.86097 1.25911
0.86097 1.24560
0.86098 1.25390
0.86098 1.21420
0.86099 1.28670
0.86099 1.27493
0.86100 1.19126
0.86100 1.26602
0.86101 1.34441
0.86101 1.27390
0.86102 1.27506
0.86102 1.30608
0.86103 1.25771
0.86103 1.24304
0.86104 1.22062
0.86104 1.25295
0.86105 1.25470
0.86105 1.18938
0.86106 1.26088
0.86106 1.23661
0.86107 1.21031
0.86107 1.27156
0.86108 1.29318
0.86108 1.33567
0.86109 1.25917
0.86109 1.25797
0.86110 1.28530
0.86110 1.28989
0.86111 1.24076
0.86111 1.23405
0.86112 1.28434
0.86112 1.20913
0.86113 1.18605
0.86113 1.23757
0.86114 1.32382
0.86114 1.34218
0.86115 1.17634
0.86115 1.22121
0.86116 1.29026
0.86116 1.28488
0.86117 1.26955
0.86117 1.24039
0.86118 1.24691
0.86118 1.17388
0.86119 1.27466
0.86119 1.25911
0.86120 1.25674
0.86120 1.32649
0.86121 1.21406
0.86121 1.26074
0.86122 1.28054
0.86122 1.21096
0.86123 1.25544
0.86123 1.23195
0.86124 1.19556
0.86124 1.25486
0.86125 1.20193
0.86125 1.22439
0.86126 1.30608
0.86126 1.28949
0.86127 1.28146
0.86127 1.18475
0.86128 1.19376
0.86128 1.29598
0.86129 1.24559
0.86129 1.25429
0.86130 1.28744
0.86130 1.20786
0.86131 1.21420
0.86131 1.20992
0.86132 1.27240
0.86132 1.33105
0.86133 1.31069
0.86133 1.24365
0.86134 1.17855
0.86134 1.25859
0.86135 1.31842
0.86135 1.27183
0.86136 1.25737
0.86136 1.22170
0.86137 1.25402
0.86137 1.23937
0.86138 1.19186
0.86138 1.24195
0.86139 1.23827
0.86139 1.23406
0.86140 1.20618
0.86140 1.19222
0.86141 1.21372
0.86141 1.18286
0.86142 1.18965
0.86142 1.22350
0.86143 1.24449
0.86143 1.22380
0.86144 1.20243
0.86144 1.23925
0.86145 1.24796
0.86145 1.24249
0.86146 1.21915
0.86146 1.24258
0.86147 1.24683
0.86147 1.19235
0.86148 1.26424
0.86148 1.25414
0.86149 1.23251
0.86149 1.23609
0.86150 1.19486
0.86150 1.21716
0.86151 1.19075
0.86151 1.25186
0.86152 1.19548
0.86152 1.19148
0.86153 1.20741
0.86153 1.18523
0.86154 1.26565
0.86154 1.24063
0.86155 1.24886
0.86155 1.29432
0.86156 1.26216
0.86156 1.23728
0.86157 1.29361
0.86157 1.27022
0.86158 1.24900
0.86158 1.25266
0.86159 1.22133
0.86159 1.21332
0.86160 1.23526
0.86160 1.22430
0.86161 1.12031
0.86161 1.15405
0.86162 1.27434
0.86162 1.19708
0.86163 1.26040
0.86163 1.25682
0.86164 1.17737
0.86164 1.22937
0.86165 1.24233
0.86165 1.24270
0.86166 1.24349
0.86166 1.16593
0.86167 1.18686
0.86167 1.25382
0.86168 1.19946
0.86168 1.22239
0.86169 1.26690
0.86169 1.30968
0.86170 1.19649
0.86170 1.23169
0.86171 1.26461
0.86171 1.16397
0.86172 1.18625
0.86172 1.24022
0.86173 1.21443
0.86173 1.17913
0.86174 1.24685
0.86174 1.24013
0.86175 1.20842
0.86175 1.19262
0.86176 1.19017
0.86176 1.26048
0.86177 1.29790
0.86177 1.28463
0.86178 1.26058
0.86178 1.20398
0.86179 1.26219
0.86179 1.28022
0.86180 1.19488
0.86180 1.19443
0.86181 1.18479
0.86181 1.20442
0.86182 1.22728
0.86182 1.18870
0.86183 1.23754
0.86183 1.24481
0.86184 1.29026
0.86184 1.27475
0.86185 1.18796
0.86185 1.20772
0.86186 1.15514
0.86186 1.22651
0.86187 1.32512
0.86187 1.20366
0.86188 1.20983
0.86188 1.20263
0.86189 1.16783
0.86189 1.19537
0.86190 1.15844
0.86190 1.25522
0.86191 1.15996
0.86191 1.11303
0.86192 1.20722
0.86192 1.16786
0.86193 1.23446
0.86193 1.24946
0.86194 1.18238
0.86194 1.27485
0.86195 1.19377
0.86195 1.09925
0.86196 1.23735
0.86196 1.21268
0.86197 1.15855
0.86197 1.30079
0.86198 1.25286
0.86198 1.13178
0.86199 1.18514
0.86199 1.17161
0.86200 1.19463
0.86200 1.22921
0.86201 1.16912
0.86201 1.20235
0.86202 1.22346
0.86202 1.22140
0.86203 1.24816
0.86203 1.22002
0.86204 1.19262
0.86204 1.16178
0.86205 1.21966
0.86205 1.18175
0.86206 1.22620
0.86206 1.24881
0.86207 1.20882
0.86207 1.21911
0.86208 1.16042
0.86208 1.18136
0.86209 1.15926
0.86209 1.14017
0.86210 1.18921
0.86210 1.24011
0.86211 1.23482
0.86211 1.18977
0.86212 1.20931
0.86212 1.20030
0.86213 1.13856
0.86213 1.18889
0.86214 1.18329
0.86214 1.15845
0.86215 1.18949
0.86215 1.26057
0.86216 1.24852
0.86216 1.17165
0.86217 1.17738
0.86217 1.25500
0.86218 1.17740
0.86218 1.12792
0.86219 1.16886
0.86219 1.16855
0.86220 1.13002
0.86220 1.08345
0.86221 1.12062
0.86221 1.14752
0.86222 1.21394
0.86222 1.17333
0.86223 1.15127
0.86223 1.15714
0.86224 1.23942
0.86224 1.25433
0.86225 1.18860
0.86225 1.25333
0.86226 1.21663
0.86226 1.20534
0.86227 1.19834
0.86227 1.16320
0.86228 1.17928
0.86228 1.14513
0.86229 1.20616
0.86229 1.18877
0.86230 1.17130
0.86230 1.26259
0.86231 1.20617
0.86231 1.21733
0.86232 1.32397
0.86232 1.17236
0.86233 1.12468
0.86233 1.18409
0.86234 1.20309
0.86234 1.25413
0.86235 1.17157
0.86235 1.22150
0.86236 1.25490
0.86236 1.23348
0.86237 1.20611
0.86237 1.18130
0.86238 1.16279
0.86238 1.25254
0.86239 1.21818
0.86239 1.16350
0.86240 1.20056
0.86240 1.15243
0.86241 1.16876
0.86241 1.14915
0.86242 1.20502
0.86242 1.22816
0.86243 1.15310
0.86243 1.17108
0.86244 1.14258
0.86244 1.13222
0.86245 1.15795
0.86245 1.23968
0.86246 1.22984
0.86246 1.19475
0.86247 1.16534
0.86247 1.16104
0.86248 1.19953
0.86248 1.17016
0.86249 1.20626
0.86249 1.15910
0.86250 1.13716
0.86250 1.16712
0.86251 1.17322
0.86251 1.15177
0.86252 1.17082
0.86252 1.19229
0.86253 1.16778
0.86253 1.18611
0.86254 1.22355
0.86254 1.19834
0.86255 1.15024
0.86255 1.15826
0.86256 1.17501
0.86256 1.12176
0.86257 1.12603
0.86257 1.21767
0.86258 1.23803
0.86258 1.23967
0.86259 1.22366
0.86259 1.16524
0.86260 1.20945
0.86260 1.21927
0.86261 1.13538
0.86261 1.16623
0.86262 1.18732
0.86262 1.11991
0.86263 1.17610
0.86263 1.19599
0.86264 1.12063
0.86264 1.14802
0.86265 1.17407
0.86265 1.14301
0.86266 1.18918
0.86266 1.28614
0.86267 1.25706
0.86267 1.21447
0.86268 1.17972
0.86268 1.12401
0.86269 1.16417
0.86269 1.14507
0.86270 1.19355
0.86270 1.16245
0.86271 1.04433
0.86271 1.14094
0.86272 1.15577
0.86272 1.15243
0.86273 1.22649
0.86273 1.23407
0.86274 1.15177
0.86274 1.14678
0.86275 1.16060
0.86275 1.05023
0.86276 1.12343
0.86276 1.11697
0.86277 1.11775
0.86277 1.17550
0.86278 1.16759
0.86278 1.22730
0.86279 1.20064
0.86279 1.21458
0.86280 1.14920
0.86280 1.17188
0.86281 1.19184
0.86281 1.11400
0.86282 1.11719
0.86282 1.18813
0.86283 1.19681
0.86283 1.16100
0.86284 1.14017
0.86284 1.10696
0.86285 1.16369
0.86285 1.14821
0.86286 1.11402
0.86286 1.12904
0.86287 1.14853
0.86287 1.13227
0.86288 1.13756
0.86288 1.15237
0.86289 1.10009
0.86289 1.14879
0.86290 1.15255
0.86290 1.16502
0.86291 1.14862
0.86291 1.12349
0.86292 1.14324
0.86292 1.13822
0.86293 1.20848
0.86293 1.18582
0.86294 1.15239
0.86294 1.13185
0.86295 1.11297
0.86295 1.13281
0.86296 1.14605
0.86296 1.16129
0.86297 1.19814
0.86297 1.15580
0.86298 1.12376
0.86298 1.15126
0.86299 1.19298
0.86299 1.24791
0.86300 1.14858
0.86300 1.15540
0.86301 1.19946
0.86301 1.17082
0.86302 1.14567
0.86302 1.12327
0.86303 1.18725
0.86303 1.16299
0.86304 1.17772
0.86304 1.09163
0.86305 1.11350
0.86305 1.14918
0.86306 1.08952
0.86306 1.09611
0.86307 1.14448
0.86307 1.17312
0.86308 1.12834
0.86308 1.19037
0.86309 1.17920
0.86309 1.15817
0.86310 1.12825
0.86310 1.15096
0.86311 1.16908
0.86311 1.10397
0.86312 1.15406
0.86312 1.13354
0.86313 1.10447
0.86313 1.19346
0.86314 1.15201
0.86314 1.11999
0.86315 1.17513
0.86315 1.16049
0.86316 1.13392
0.86316 1.15454
0.86317 1.20470
0.86317 1.16889
0.86318 1.20164
0.86318 1.18037
0.86319 1.08181
0.86319 1.14106
0.86320 1.07976
0.86320 1.07997
0.86321 1.11895
0.86321 1.12539
0.86322 1.14253
0.86322 1.10571
0.86323 1.16930
0.86323 1.14903
0.86324 1.11942
0.86324 1.11816
0.86325 1.09834
0.86325 1.12812
0.86326 1.10909
0.86326 1.11630
0.86327 1.10790
0.86327 1.17677
0.86328 1.20070
0.86328 1.16693
0.86329 1.18895
0.86329 1.10761
0.86330 1.17560
0.86330 1.17337
0.86331 1.07660
0.86331 1.08654
0.86332 1.11297
0.86332 1.16841
0.86333 1.14284
0.86333 1.14206
0.86334 1.14475
0.86334 1.11555
0.86335 1.08313
0.86335 1.15514
0.86336 1.21020
0.86336 1.19169
0.86337 1.12964
0.86337 1.12052
0.86338 1.15789
0.86338 1.10512
0.86339 1.11496
0.86339 1.07852
0.86340 1.10791
0.86340 1.18621
0.86341 1.24071
0.86341 1.19304
0.86342 1.12938
0.86342 1.11978
0.86343 1.12904
0.86343 1.10769
0.86344 1.10006
0.86344 1.17712
0.86345 1.12203
0.86345 1.11739
0.86346 1.22869
0.86346 1.10643
0.86347 1.03239
0.86347 1.15108
0.86348 1.07273
0.86348 1.11113
0.86349 1.17328
0.86349 1.14794
0.86350 1.14572
0.86350 1.07475
0.86351 1.16458
0.86351 1.16458
0.86352 1.10945
0.86352 1.17697
0.86353 1.11913
0.86353 1.17545
0.86354 1.13917
0.86354 1.06027
0.86355 1.14577
0.86355 1.08643
0.86356 1.16469
0.86356 1.12348
0.86357 1.11733
0.86357 1.21827
0.86358 1.13940
0.86358 1.15724
0.86359 1.07432
0.86359 1.14742
0.86360 1.18001
0.86360 1.12239
0.86361 1.16563
0.86361 1.16825
0.86362 1.13559
0.86362 1.06390
0.86363 1.08688
0.86363 1.06981
0.86364 1.12961
0.86364 1.18199
0.86365 1.12785
0.86365 1.08851
0.86366 1.16101
0.86366 1.19446
0.86367 1.12482
0.86367 1.16547
0.86368 1.11344
0.86368 1.06346
0.86369 1.11696
0.86369 1.17123
0.86370 1.14680
0.86370 1.13201
0.86371 1.08986
0.86371 1.13308
0.86372 1.16694
0.86372 1.04769
0.86373 1.07104
0.86373 1.10229
0.86374 1.10941
0.86374 1.10359
0.86375 1.11456
0.86375 1.11601
0.86376 1.11005
0.86376 1.13269
0.86377 1.13509
0.86377 1.06547
0.86378 1.08593
0.86378 1.15938
0.86379 1.08850
0.86379 1.03723
0.86380 1.13245
0.86380 1.21076
0.86381 1.20018
0.86381 1.08600
0.86382 1.00395
0.86382 1.08161
0.86383 1.06717
0.86383 1.06393
0.86384 1.12915
0.86384 1.12934
0.86385 1.14723
0.86385 1.12397
0.86386 1.09292
0.86386 1.11999
0.86387 1.07812
0.86387 1.02940
0.86388 1.04657
0.86388 1.09175
0.86389 1.12139
0.86389 1.12045
0.86390 1.11159
0.86390 1.09824
0.86391 1.08537
0.86391 1.17575
0.86392 1.16535
0.86392 1.10082
0.86393 1.14509
0.86393 1.04439
0.86394 1.10165
0.86394 1.15971
0.86395 1.01794
0.86395 1.08604
0.86396 1.14093
0.86396 1.12790
0.86397 1.11662
0.86397 1.07635
0.86398 1.05666
0.86398 1.08952
0.86399 1.07704
0.86399 1.04662
0.86400 1.14903
0.86400 1.13844
0.86401 1.09716
0.86401 1.14507
0.86402 1.11748
0.86402 1.12166
0.86403 1.11170
0.86403 1.11995
0.86404 1.10447
0.86404 1.08083
0.86405 1.11230
0.86405 1.05245
0.86406 1.08604
0.86406 1.11673
0.86407 1.07254
0.86407 1.07523
0.86408 1.10835
0.86408 1.10104
0.86409 1.07352
0.86409 1.11669
0.86410 1.04436
0.86410 1.07311
0.86411 1.10256
0.86411 1.09041
0.86412 1.15075
0.86412 1.10316
0.86413 1.13413
0.86413 1.08863
0.86414 1.02503
0.86414 1.10672
0.86415 1.08925
0.86415 1.02400
0.86416 1.10207
0.86416 1.09950
0.86417 1.08516
0.86417 1.10994
0.86418 1.07766
0.86418 1.12095
0.86419 1.04847
0.86419 1.05824
0.86420 1.15952
0.86420 1.08129
0.86421 1.19125
0.86421 1.14215
0.86422 1.06312
0.86422 1.13296
0.86423 1.05557
0.86423 1.13009
0.86424 1.11684
0.86424 1.04629
0.86425 1.11608
0.86425 1.11310
0.86426 1.08507
0.86426 1.07177
0.86427 1.07304
0.86427 1.11783
0.86428 1.10806
0.86428 1.05452
0.86429 1.08237
0.86429 1.06192
0.86430 1.04347
0.86430 1.13620
0.86431 1.07060
0.86431 1.08894
0.86432 1.14949
0.86432 1.07636
0.86433 1.09728
0.86433 1.05688
0.86434 1.10515
0.86434 1.13790
0.86435 1.08562
0.86435 1.06923
0.86436 1.11115
0.86436 1.17037
0.86437 1.09545
0.86437 1.08510
0.86438 1.09494
0.86438 1.09156
0.86439 1.06665
0.86439 1.07859
0.86440 1.05395
0.86440 1.06596
0.86441 1.04951
0.86441 1.03006
0.86442 1.09091
0.86442 1.12699
0.86443 1.09663
0.86443 1.07188
0.86444 1.04230
0.86444 1.03965
0.86445 1.02980
0.86445 0.99900
0.86446 1.12713
0.86446 1.19893
0.86447 1.11103
0.86447 1.05997
0.86448 1.06360
0.86448 1.05857
0.86449 1.08257
0.86449 1.09753
0.86450 1.07897
0.86450 1.11397
0.86451 1.13481
0.86451 1.06410
0.86452 1.11536
0.86452 1.13432
0.86453 1.05757
0.86453 1.08727
0.86454 1.11757
0.86454 1.09403
0.86455 1.11565
0.86455 1.04571
0.86456 1.06994
0.86456 1.05209
0.86457 1.05016
0.86457 1.09182
0.86458 1.02440
0.86458 1.03705
0.86459 1.06091
0.86459 1.08606
0.86460 1.06268
0.86460 1.01997
0.86461 1.08571
0.86461 1.14153
0.86462 1.05852
0.86462 1.07153
0.86463 1.14589
0.86463 1.09405
0.86464 1.09151
0.86464 1.09840
0.86465 1.07382
0.86465 1.09486
0.86466 1.14197
0.86466 1.09172
0.86467 1.09409
0.86467 1.08752
0.86468 1.02909
0.86468 1.10960
0.86469 1.12306
0.86469 1.00857
0.86470 1.05542
0.86470 1.10218
0.86471 1.03285
0.86471 1.09642
0.86472 1.09937
0.86472 1.04656
0.86473 1.01848
0.86473 1.05741
0.86474 1.07878
0.86474 1.04676
0.86475 1.09746
0.86475 1.10237
0.86476 0.92870
0.86476 1.03252
0.86477 1.13110
0.86477 1.01301
0.86478 1.07161
0.86478 1.13429
0.86479 1.08173
0.86479 1.05189
0.86480 1.07606
0.86480 1.06034
0.86481 1.08906
0.86481 1.10711
0.86482 1.11203
0.86482 1.08240
0.86483 0.95636
0.86483 1.05800
0.86484 1.12725
0.86484 1.05412
0.86485 1.05072
0.86485 1.04915
0.86486 1.08573
0.86486 1.05001
0.86487 1.08217
0.86487 1.09896
0.86488 1.01695
0.86488 1.10832
0.86489 1.03763
0.86489 1.04288
0.86490 1.09154
0.86490 1.04039
0.86491 1.08145
0.86491 1.02058
0.86492 1.06961
0.86492 1.00143
0.86493 1.09641
0.86493 1.18385
0.86494 1.05376
0.86494 1.10206
0.86495 1.15700
0.86495 1.08072
0.86496 1.03654
0.86496 0.98943
0.86497 0.97738
0.86497 1.04214
0.86498 1.12244
0.86498 1.12740
0.86499 1.02301
0.86499 1.07109
0.86500 1.06438
0.86500 1.06141
0.86501 1.11367
0.86501 1.01850
0.86502 1.00797
0.86502 1.00550
0.86503 1.04999
0.86503 1.13690
0.86504 1.08332
0.86504 1.05431
0.86505 1.03126
0.86505 1.09958
0.86506 1.09267
0.86506 0.94650
0.86507 1.04077
0.86507 1.06929
0.86508 1.01913
0.86508 1.09149
0.86509 1.07352
0.86509 1.01721
0.86510 1.00482
0.86510 1.07440
0.86511 1.02503
0.86511 1.05065
0.86512 1.08472
0.86512 1.04564
0.86513 1.02708
0.86513 1.01688
0.86514 1.11743
0.86514 1.08114
0.86515 1.01474
0.86515 1.06546
0.86516 1.03434
0.86516 1.04939
0.86517 1.07619
0.86517 1.01164
0.86518 1.00071
0.86518 1.05967
0.86519 1.11527
0.86519 1.01003
0.86520 1.06002
0.86520 1.07845
0.86521 1.02326
0.86521 1.07727
0.86522 1.01267
0.86522 1.03677
0.86523 1.01937
0.86523 1.09065
0.86524 1.11021
0.86524 1.01458
0.86525 1.09182
0.86525 1.01063
0.86526 1.07347
0.86526 1.14345
0.86527 1.10976
0.86527 1.06205
0.86528 1.00875
0.86528 1.05683
0.86529 0.98566
0.86529 0.95383
0.86530 1.00991
0.86530 1.06764
0.86531 1.04786
0.86531 0.99810
0.86532 1.00323
0.86532 1.03934
0.86533 1.12643
0.86533 1.16481
0.86534 1.03445
0.86534 0.96285
0.86535 1.02108
0.86535 1.01873
0.86536 1.04058
0.86536 1.14499
0.86537 1.04577
0.86537 1.00787
0.86538 1.12084
0.86538 1.01738
0.86539 0.96717
0.86539 1.06268
0.86540 1.03932
0.86540 0.93664
0.86541 0.97988
0.86541 1.01236
0.86542 1.01487
0.86542 1.08821
0.86543 1.03228
0.86543 0.98837
0.86544 1.07230
0.86544 1.08047
0.86545 1.06875
0.86545 0.98913
0.86546 0.92808
0.86546 1.05977
0.86547 1.02734
0.86547 0.94866
0.86548 1.06730
0.86548 1.00414
0.86549 1.06194
0.86549 1.08096
0.86550 0.96065
0.86550 1.06230
0.86551 1.05629
0.86551 1.05012
0.86552 1.04595
0.86552 0.98122
0.86553 1.05553
0.86553 1.11654
0.86554 1.08730
0.86554 1.03118
0.86555 1.00300
0.86555 1.02956
0.86556 1.03206
0.86556 0.97724
0.86557 1.02694
0.86557 1.01818
0.86558 0.95443
0.86558 1.04552
0.86559 0.99991
0.86559 1.01858
0.86560 1.12438
0.86560 1.05522
0.86561 1.01353
0.86561 0.98794
0.86562 1.02248
0.86562 1.04340
0.86563 0.95709
0.86563 1.00804
0.86564 1.00932
0.86564 1.07780
0.86565 1.07207
0.86565 0.94271
0.86566 1.03683
0.86566 1.06947
0.86567 1.04416
0.86567 1.06524
0.86568 1.00630
0.86568 0.99327
0.86569 0.99964
0.86569 1.00984
0.86570 1.04965
0.86570 1.06502
0.86571 1.06523
0.86571 0.99759
0.86572 1.02504
0.86572 1.05174
0.86573 1.02450
0.86573 1.03466
0.86574 1.03637
0.86574 1.06621
0.86575 1.08244
0.86575 1.06668
0.86576 1.00582
0.86576 1.03845
0.86577 1.00902
0.86577 1.00224
0.86578 1.08164
0.86578 1.01233
0.86579 1.04335
0.86579 0.99295
0.86580 0.95346
0.86580 1.03000
0.86581 1.03591
0.86581 1.04608
0.86582 1.05698
0.86582 1.07619
0.86583 1.01427
0.86583 1.03081
0.86584 1.01012
0.86584 1.03556
0.86585 1.04284
0.86585 0.99784
0.86586 1.01101
0.86586 1.02212
0.86587 1.07479
0.86587 0.98918
0.86588 1.01154
0.86588 0.97907
0.86589 0.95040
0.86589 1.02123
0.86590 1.04709
0.86590 1.03386
0.86591 1.00322
0.86591 0.94168
0.86592 0.95706
0.86592 1.00805
0.86593 1.06856
0.86593 1.01475
0.86594 1.00320
0.86594 1.01177
0.86595 0.94601
0.86595 1.04121
0.86596 0.96330
0.86596 1.04305
0.86597 1.10442
0.86597 0.97137
0.86598 1.01135
0.86598 0.96969
0.86599 0.98647
0.86599 1.09623
0.86600 1.00516
0.86600 1.00881
0.86601 1.07866
0.86601 1.05530
0.86602 1.02813
0.86602 1.07539
0.86603 1.05645
0.86603 1.07560
0.86604 1.12115
0.86604 0.97159
0.86605 0.97937
0.86605 1.02161
0.86606 1.01941
0.86606 1.01180
0.86607 1.03357
0.86607 1.07166
0.86608 1.02042
0.86608 1.00175
0.86609 0.96519
0.86609 1.01244
0.86610 1.05933
0.86610 0.99908
0.86611 0.96046
0.86611 1.00573
0.86612 0.99109
0.86612 1.02395
0.86613 0.99998
0.86613 1.06259
0.86614 1.14293
0.86614 1.02402
0.86615 1.02338
0.86615 0.96537
0.86616 1.03043
0.86616 1.11813
0.86617 1.04492
0.86617 1.01800
0.86618 0.98292
0.86618 0.97807
0.86619 0.99000
0.86619 0.99000
0.86620 0.98970
0.86620 1.04936
0.86621 1.04207
0.86621 1.03236
0.86622 1.03551
0.86622 1.03882
0.86623 1.03038
0.86623 0.96716
0.86624 1.00704
0.86624 1.01266
0.86625 1.03425
0.86625 1.07053
0.86626 1.02263
0.86626 0.98590
0.86627 0.93654
0.86627 0.94364
0.86628 1.00739
0.86628 0.97519
0.86629 1.06447
0.86629 1.06807
0.86630 0.99338
0.86630 1.00769
0.86631 1.00479
0.86631 1.06133
0.86632 1.04269
0.86632 0.99022
0.86633 0.97845
0.86633 0.97439
0.86634 0.98417
0.86634 0.99580
0.86635 1.05432
0.86635 1.06075
0.86636 0.93498
0.86636 0.91879
0.86637 0.98232
0.86637 1.01521
0.86638 1.01885
0.86638 1.00483
0.86639 0.98164
0.86639 0.97862
0.86640 1.05527
0.86640 1.07269
0.86641 1.05833
0.86641 1.03964
0.86642 1.01687
0.86642 0.90956
0.86643 0.87825
0.86643 0.93902
0.86644 1.04085
0.86644 0.97459
0.86645 0.93769
0.86645 1.03597
0.86646 0.98428
0.86646 1.01466
0.86647 0.98206
0.86647 0.95593
0.86648 1.00974
0.86648 0.98062
0.86649 1.00249
0.86649 1.04594
0.86650 0.97031
0.86650 0.93409
0.86651 0.94408
0.86651 0.97012
0.86652 1.05058
0.86652 1.03484
0.86653 1.08751
0.86653 1.01264
0.86654 0.89593
0.86654 0.97023
0.86655 1.06575
0.86655 1.02154
0.86656 0.94505
0.86656 1.00350
0.86657 0.99103
0.86657 1.09247
0.86658 1.02884
0.86658 0.92337
0.86659 1.03228
0.86659 0.99993
0.86660 0.92127
0.86660 0.99935
0.86661 0.97491
0.86661 0.89294
0.86662 0.95468
0.86662 1.03779
0.86663 1.00593
0.86663 1.01878
0.86664 1.05764
0.86664 1.00455
0.86665 0.96249
0.86665 1.01702
0.86666 1.09684
0.86666 1.04144
0.86667 1.03416
0.86667 1.00939
0.86668 0.93985
0.86668 1.02189
0.86669 0.96519
0.86669 0.92011
0.86670 0.96278
0.86670 0.95543
0.86671 1.01544
0.86671 1.00641
0.86672 0.96203
0.86672 0.95713
0.86673 0.97427
0.86673 1.00044
0.86674 1.00110
0.86674 0.99082
0.86675 1.00086
0.86675 0.98550
0.86676 0.97529
0.86676 0.95456
0.86677 0.99107
0.86677 1.03598
0.86678 1.02304
0.86678 0.98340
0.86679 0.88732
0.86679 0.94871
0.86680 0.99371
0.86680 0.94534
0.86681 1.03391
0.86681 0.97670
0.86682 0.91171
0.86682 1.02505
0.86683 1.04377
0.86683 0.96420
0.86684 0.93424
0.86684 0.99791
0.86685 1.00225
0.86685 0.99034
0.86686 1.00035
0.86686 0.96743
0.86687 0.96631
0.86687 1.02552
0.86688 1.00415
0.86688 0.87300
0.86689 1.00318
0.86689 1.01974
0.86690 1.03538
0.86690 1.03972
0.86691 1.00032
0.86691 1.04895
0.86692 0.91191
0.86692 0.96077
0.86693 1.02673
0.86693 0.99729
0.86694 0.98209
0.86694 0.98937
0.86695 0.98059
0.86695 0.96604
0.86696 0.99148
0.86696 0.96357
0.86697 0.98351
0.86697 0.99453
0.86698 1.01500
0.86698 0.97692
0.86699 0.94868
0.86699 0.99013
0.86700 0.91486
0.86700 0.89358
0.86701 0.97467
0.86701 0.98739
0.86702 0.99472
0.86702 0.95625
0.86703 0.89682
0.86703 0.92251
0.86704 0.98599
0.86704 0.99248
0.86705 0.98856
0.86705 1.02885
0.86706 0.95977
0.86706 0.94205
0.86707 0.93228
0.86707 0.96549
0.86708 1.01210
0.86708 0.96663
0.86709 0.96531
0.86709 0.97889
0.86710 0.92590
0.86710 1.01691
0.86711 0.98634
0.86711 0.90371
0.86712 1.01638
0.86712 0.97905
0.86713 0.94790
0.86713 1.02859
0.86714 0.96590
0.86714 0.90514
0.86715 0.87410
0.86715 0.88095
0.86716 0.97978
0.86716 0.98986
0.86717 0.98009
0.86717 0.95130
0.86718 0.96497
0.86718 1.03525
0.86719 1.03450
0.86719 0.98295
0.86720 0.97238
0.86720 1.03538
0.86721 0.95362
0.86721 0.94982
0.86722 0.96674
0.86722 0.99065
0.86723 0.97614
0.86723 0.89579
0.86724 1.01342
0.86724 0.98835
0.86725 0.92942
0.86725 0.99924
0.86726 1.00048
0.86726 0.94434
0.86727 0.94206
0.86727 0.98274
0.86728 0.93738
0.86728 0.89841
0.86729 0.95208
0.86729 0.93013
0.86730 0.94982
0.86730 0.97723
0.86731 0.97136
0.86731 0.98212
0.86732 0.92417
0.86732 0.88555
0.86733 0.96033
0.86733 0.93324
0.86734 0.97702
0.86734 1.01372
0.86735 0.96709
0.86735 0.96555
0.86736 0.91002
0.86736 0.99286
0.86737 1.00096
0.86737 0.89080
0.86738 1.00728
0.86738 0.98588
0.86739 0.99460
0.86739 1.04540
0.86740 0.98902
0.86740 0.97382
0.86741 0.96023
0.86741 1.02934
0.86742 0.98506
0.86742 0.94085
0.86743 0.95399
0.86743 0.99943
0.86744 0.98412
0.86744 0.97665
0.86745 1.00351
0.86745 0.94157
0.86746 0.94918
0.86746 1.00991
0.86747 0.95957
0.86747 0.98235
0.86748 1.02504
0.86748 0.96828
0.86749 0.93342
0.86749 0.92469
0.86750 0.97697
0.86750 0.93259
0.86751 0.93395
0.86751 0.98872
0.86752 0.96587
0.86752 0.92401
0.86753 0.99915
0.86753 1.00543
0.86754 0.92632
0.86754 0.99278
0.86755 0.89573
0.86755 0.87619
0.86756 0.91243
0.86756 0.94886
0.86757 0.99067
0.86757 0.97219
0.86758 0.94742
0.86758 0.96278
0.86759 0.95252
0.86759 0.89478
0.86760 0.91589
0.86760 0.89670
0.86761 0.93899
0.86761 0.91132
0.86762 1.00140
0.86762 1.06065
0.86763 0.99621
0.86763 0.98627
0.86764 0.98228
0.86764 1.03455
0.86765 0.96418
0.86765 0.86719
0.86766 0.89896
0.86766 1.01635
0.86767 0.98050
0.86767 1.00482
0.86768 0.97627
0.86768 0.87355
0.86769 0.94035
0.86769 0.97955
0.86770 0.92421
0.86770 0.90568
0.86771 0.99077
0.86771 0.94348
0.86772 0.89299
0.86772 0.88889
0.86773 0.83980
0.86773 1.05594
0.86774 1.00741
0.86774 0.89898
0.86775 0.96047
0.86775 0.93365
0.86776 0.99055
0.86776 0.89034
0.86777 0.93729
0.86777 0.95943
0.86778 0.90156
0.86778 0.99202
0.86779 0.96653
0.86779 0.95935
0.86780 0.95120
0.86780 0.90577
0.86781 0.92054
0.86781 0.88034
0.86782 0.94063
0.86782 0.90409
0.86783 0.91957
0.86783 0.96766
0.86784 0.87614
0.86784 0.89576
0.86785 0.94167
0.86785 0.95437
0.86786 0.98415
0.86786 0.96799
0.86787 0.95198
0.86787 0.93986
0.86788 0.90580
0.86788 0.96806
0.86789 0.90969
0.86789 0.90598
0.86790 0.96240
0.86790 0.92255
0.86791 0.93752
0.86791 0.96762
0.86792 0.86196
0.86792 0.84044
0.86793 0.99846
0.86793 0.96611
0.86794 0.89942
0.86794 0.96213
0.86795 0.98379
0.86795 0.93604
0.86796 0.99582
0.86796 0.84094
0.86797 0.85897
0.86797 0.99012
0.86798 0.91831
0.86798 0.93382
0.86799 0.85766
0.86799 0.94258
0.86800 0.90597
0.86800 0.80675
0.86801 0.96605
0.86801 0.96273
0.86802 0.93994
0.86802 0.92403
0.86803 0.93201
0.86803 1.03549
0.86804 0.93816
0.86804 0.88941
0.86805 0.92271
0.86805 0.93782
0.86806 1.01460
0.86806 1.01793
0.86807 0.95531
0.86807 0.96231
0.86808 0.94069
0.86808 0.90965
0.86809 0.97934
0.86809 0.96666
0.86810 0.94374
0.86810 0.97960
0.86811 0.97061
0.86811 0.89014
0.86812 0.88780
0.86812 0.94615
0.86813 0.96550
0.86813 0.99788
0.86814 1.01113
0.86814 0.95155
0.86815 0.90738
0.86815 0.94002
0.86816 0.94687
0.86816 0.99175
0.86817 0.99011
0.86817 0.96923
0.86818 0.99711
0.86818 0.94595
0.86819 0.90442
0.86819 0.95961
0.86820 0.98338
0.86820 0.91322
0.86821 0.83033
0.86821 0.92410
0.86822 0.92080
0.86822 0.89572
0.86823 0.91933
0.86823 0.89257
0.86824 0.90633
0.86824 0.89230
0.86825 0.93113
0.86825 0.93906
0.86826 0.90844
0.86826 0.94017
0.86827 0.90722
0.86827 0.92919
0.86828 1.02643
0.86828 0.92699
0.86829 0.92031
0.86829 0.97409
0.86830 0.90240
0.86830 0.99338
0.86831 0.99271
0.86831 0.88603
0.86832 0.90092
0.86832 0.87546
0.86833 0.87565
0.86833 0.90828
0.86834 0.93511
0.86834 0.93399
0.86835 0.93710
0.86835 0.98102
0.86836 0.92146
0.86836 0.85176
0.86837 0.88614
0.86837 0.97655
0.86838 0.95094
0.86838 0.93041
0.86839 0.94661
0.86839 0.91078
0.86840 0.92392
0.86840 0.89024
0.86841 0.86951
0.86841 0.98598
0.86842 0.98556
0.86842 0.90572
0.86843 0.96268
0.86843 0.99596
0.86844 0.94640
0.86844 0.87334
0.86845 0.98310
0.86845 1.01509
0.86846 0.96743
0.86846 1.00134
0.86847 0.91619
0.86847 0.85005
0.86848 0.89165
0.86848 0.92100
0.86849 0.94715
0.86849 0.90995
0.86850 0.91651
0.86850 0.85439
0.86851 0.88558
0.86851 0.95197
0.86852 0.92168
0.86852 0.97082
0.86853 0.92751
0.86853 0.85180
0.86854 0.84381
0.86854 0.92700
0.86855 0.88903
0.86855 0.93230
0.86856 0.92241
0.86856 0.82420
0.86857 0.91621
0.86857 0.88859
0.86858 0.89126
0.86858 0.96977
0.86859 0.91183
0.86859 0.92052
0.86860 0.89980
0.86860 0.86222
0.86861 0.92947
0.86861 0.94604
0.86862 0.90785
0.86862 0.86831
0.86863 0.87608
0.86863 0.88821
0.86864 0.91632
0.86864 0.99255
0.86865 0.89438
0.86865 0.87393
0.86866 0.93803
0.86866 0.89245
0.86867 0.83946
0.86867 0.90103
0.86868 0.99192
0.86868 0.82347
0.86869 0.79463
0.86869 0.89431
0.86870 0.95246
0.86870 0.90517
0.86871 0.82560
0.86871 0.85137
0.86872 0.86682
0.86872 0.93910
0.86873 0.89010
0.86873 0.90251
0.86874 0.90178
0.86874 0.89487
0.86875 0.95333
0.86875 0.88334
0.86876 0.89361
0.86876 0.82348
0.86877 0.83201
0.86877 0.99063
0.86878 0.92570
0.86878 0.89960
0.86879 0.86473
0.86879 0.78462
0.86880 0.89157
0.86880 0.91554
0.86881 0.83270
0.86881 0.86574
0.86882 0.94158
0.86882 0.90908
0.86883 0.94506
0.86883 0.92645
0.86884 0.91801
0.86884 0.92399
0.86885 0.80782
0.86885 0.84706
0.86886 0.89108
0.86886 0.89842
0.86887 0.95459
0.86887 0.96473
0.86888 0.91514
0.86888 0.85112
0.86889 0.86598
0.86889 0.88936
0.86890 0.99212
0.86890 0.93176
0.86891 0.84411
0.86891 0.88613
0.86892 0.85839
0.86892 0.91162
0.86893 0.88000
0.86893 0.94499
0.86894 0.92670
0.86894 0.83272
0.86895 0.88002
0.86895 0.87750
0.86896 0.86636
0.86896 0.84848
0.86897 0.88768
0.86897 0.86055
0.86898 0.87325
0.86898 0.92402
0.86899 0.92724
0.86899 0.96860
0.86900 0.93506
0.86900 0.89957
0.86901 0.90238
0.86901 0.91607
0.86902 0.87970
0.86902 0.86718
0.86903 0.90107
0.86903 0.88129
0.86904 0.90819
0.86904 0.83534
0.86905 0.85852
0.86905 0.96209
0.86906 0.93656
0.86906 0.92213
0.86907 0.83104
0.86907 0.83164
0.86908 0.91974
0.86908 0.91612
0.86909 0.90591
0.86909 0.89480
0.86910 0.94225
0.86910 0.92132
0.86911 0.80188
0.86911 0.90104
0.86912 0.88633
0.86912 0.80406
0.86913 0.94119
0.86913 0.89228
0.86914 0.89714
0.86914 0.91559
0.86915 0.93175
0.86915 0.88836
0.86916 0.84641
0.86916 0.94383
0.86917 0.91224
0.86917 0.86549
0.86918 0.87709
0.86918 0.94685
0.86919 0.94494
0.86919 0.85191
0.86920 0.86641
0.86920 0.97931
0.86921 0.89898
0.86921 0.85544
0.86922 0.86573
0.86922 0.87743
0.86923 0.86610
0.86923 0.86469
0.86924 0.89325
0.86924 0.81815
0.86925 0.94520
0.86925 0.95161
0.86926 0.81006
0.86926 0.80099
0.86927 0.80818
0.86927 0.92607
0.86928 0.88229
0.86928 0.82589
0.86929 0.85446
0.86929 0.81865
0.86930 0.89820
0.86930 0.85038
0.86931 0.79857
0.86931 0.94004
0.86932 0.92865
0.86932 0.87293
0.86933 0.88906
0.86933 0.87193
0.86934 0.84213
0.86934 0.85272
0.86935 0.89874
0.86935 0.89895
0.86936 0.85774
0.86936 0.83271
0.86937 0.87465
0.86937 0.89583
0.86938 0.83925
0.86938 0.89643
0.86939 0.87730
0.86939 0.81559
0.86940 0.93292
0.86940 0.87463
0.86941 0.83999
0.86941 0.88520
0.86942 0.86884
0.86942 0.88514
0.86943 0.85236
0.86943 0.95830
0.86944 0.95118
0.86944 0.92829
0.86945 0.93862
0.86945 0.77153
0.86946 0.89990
0.86946 0.87086
0.86947 0.90758
0.86947 1.01580
0.86948 0.85886
0.86948 0.78358
0.86949 0.88215
0.86949 0.83462
0.86950 0.75895
0.86950 0.91530
0.86951 0.88086
0.86951 0.87682
0.86952 0.95754
0.86952 0.90253
0.86953 0.92430
0.86953 0.90065
0.86954 0.84599
0.86954 0.87445
0.86955 0.94625
0.86955 0.94253
0.86956 0.91833
0.86956 0.93537
0.86957 0.87187
0.86957 0.99535
0.86958 0.97588
0.86958 0.86047
0.86959 0.75802
0.86959 0.83376
0.86960 0.90670
0.86960 0.83580
0.86961 0.92887
0.86961 0.82840
0.86962 0.86003
0.86962 0.88913
0.86963 0.87437
0.86963 0.88945
0.86964 0.82809
0.86964 0.91646
0.86965 0.88747
0.86965 0.79618
0.86966 0.77186
0.86966 0.85667
0.86967 0.80553
0.86967 0.79497
0.86968 0.92484
0.86968 0.88142
0.86969 0.79416
0.86969 0.89333
0.86970 0.88546
0.86970 0.82655
0.86971 0.88908
0.86971 0.89126
0.86972 0.93500
0.86972 0.87331
0.86973 0.87484
0.86973 0.79973
0.86974 0.83807
0.86974 0.89996
0.86975 0.83194
0.86975 0.92413
0.86976 0.85239
0.86976 0.93305
0.86977 0.93695
0.86977 0.86554
0.86978 0.93569
0.86978 0.83315
0.86979 0.87463
0.86979 0.87489
0.86980 0.86951
0.86980 0.87223
0.86981 0.84518
0.86981 0.89642
0.86982 0.83656
0.86982 0.79304
0.86983 0.81988
0.86983 0.80964
0.86984 0.82861
0.86984 0.89246
0.86985 0.84031
0.86985 0.87249
0.86986 0.88296
0.86986 0.82903
0.86987 0.83166
0.86987 0.86256
0.86988 0.90650
0.86988 0.83911
0.86989 0.86142
0.86989 0.85360
0.86990 0.87781
0.86990 0.88962
0.86991 0.87563
0.86991 0.92998
0.86992 0.95973
0.86992 0.94580
0.86993 0.83866
0.86993 0.85512
0.86994 0.88514
0.86994 0.84033
0.86995 0.89534
0.86995 0.87018
0.86996 0.91398
0.86996 0.92120
0.86997 0.79605
0.86997 0.88980
0.86998 0.88048
0.86998 0.85739
0.86999 0.90625
0.86999 0.87487
0.87000 0.80391
0.87000 0.78638
0.87001 0.87248
0.87001 0.90467
0.87002 0.87041
0.87002 0.90269
0.87003 0.81695
0.87003 0.80047
0.87004 0.88844
0.87004 0.86648
0.87005 0.81838
0.87005 0.81978
0.87006 0.85881
0.87006 0.92935
0.87007 0.90430
0.87007 0.81249
0.87008 0.87573
0.87008 0.93729
0.87009 0.89108
0.87009 0.87569
0.87010 0.86246
0.87010 0.79438
0.87011 0.83051
0.87011 0.82317
0.87012 0.85908
0.87012 0.93847
0.87013 0.82327
0.87013 0.83532
0.87014 0.86072
0.87014 0.81827
0.87015 0.87999
0.87015 0.85399
0.87016 0.89745
0.87016 0.84966
0.87017 0.83280
0.87017 0.88581
0.87018 0.86208
0.87018 0.86240
0.87019 0.84406
0.87019 0.87672
0.87020 0.92544
0.87020 0.83859
0.87021 0.80078
0.87021 0.93181
0.87022 0.91168
0.87022 0.81677
0.87023 0.78045
0.87023 0.79698
0.87024 0.91672
0.87024 0.84553
0.87025 0.81999
0.87025 0.87704
0.87026 0.86765
0.87026 0.89151
0.87027 0.85416
0.87027 0.92915
0.87028 0.85099
0.87028 0.83517
0.87029 0.87477
0.87029 0.75442
0.87030 0.79213
0.87030 0.77905
0.87031 0.83688
0.87031 0.86875
0.87032 0.82945
0.87032 0.86583
0.87033 0.84309
0.87033 0.82020
0.87034 0.84640
0.87034 0.89464
0.87035 0.84203
0.87035 0.78871
0.87036 0.88539
0.87036 0.85343
0.87037 0.79035
0.87037 0.87108
0.87038 0.84664
0.87038 0.76018
0.87039 0.81161
0.87039 0.82257
0.87040 0.81452
0.87040 0.84011
0.87041 0.88386
0.87041 0.92394
0.87042 0.82265
0.87042 0.78044
0.87043 0.88546
0.87043 0.81569
0.87044 0.77335
0.87044 0.89522
0.87045 0.84533
0.87045 0.86130
0.87046 0.87370
0.87046 0.83712
0.87047 0.84739
0.87047 0.80398
0.87048 0.86624
0.87048 0.87242
0.87049 0.81893
0.87049 0.87761
0.87050 0.74691
0.87050 0.79816
0.87051 0.79821
0.87051 0.81023
0.87052 0.87253
0.87052 0.77837
0.87053 0.81768
0.87053 0.84177
0.87054 0.84341
0.87054 0.77904
0.87055 0.80801
0.87055 0.84792
0.87056 0.80972
0.87056 0.84017
0.87057 0.79602
0.87057 0.77141
0.87058 0.77218
0.87058 0.89765
0.87059 0.87749
0.87059 0.80052
0.87060 0.88060
0.87060 0.83932
0.87061 0.84906
0.87061 0.86761
0.87062 0.84540
0.87062 0.77563
0.87063 0.82077
0.87063 0.87376
0.87064 0.82926
0.87064 0.84421
0.87065 0.85006
0.87065 0.81885
0.87066 0.85528
0.87066 0.81584
0.87067 0.82640
0.87067 0.83203
0.87068 0.78822
0.87068 0.86073
0.87069 0.79826
0.87069 0.85136
0.87070 0.88750
0.87070 0.79414
0.87071 0.85308
0.87071 0.83010
0.87072 0.79652
0.87072 0.81590
0.87073 0.85796
0.87073 0.86926
0.87074 0.84841
0.87074 0.82173
0.87075 0.82102
0.87075 0.83360
0.87076 0.78113
0.87076 0.80886
0.87077 0.78656
0.87077 0.79129
0.87078 0.84854
0.87078 0.81885
0.87079 0.77165
0.87079 0.77733
0.87080 0.78167
0.87080 0.82724
0.87081 0.93138
0.87081 0.83292
0.87082 0.81791
0.87082 0.89056
0.87083 0.86312
0.87083 0.83268
0.87084 0.84935
0.87084 0.82943
0.87085 0.84852
0.87085 0.84728
0.87086 0.87584
0.87086 0.83185
0.87087 0.83176
0.87087 0.80981
0.87088 0.79454
0.87088 0.91603
0.87089 0.83723
0.87089 0.78610
0.87090 0.81460
0.87090 0.80098
0.87091 0.84163
0.87091 0.78047
0.87092 0.81428
0.87092 0.85692
0.87093 0.82023
0.87093 0.86275
0.87094 0.83997
0.87094 0.85404
0.87095 0.82327
0.87095 0.82320
0.87096 0.81615
0.87096 0.82491
0.87097 0.81450
0.87097 0.84844
0.87098 0.88076
0.87098 0.78556
0.87099 0.78506
0.87099 0.86531
0.87100 0.78486
0.87100 0.79999
0.87101 0.81281
0.87101 0.77510
0.87102 0.80334
0.87102 0.83287
0.87103 0.84613
0.87103 0.85916
0.87104 0.79822
0.87104 0.77680
0.87105 0.83251
0.87105 0.83678
0.87106 0.83095
0.87106 0.75693
0.87107 0.76191
0.87107 0.82909
0.87108 0.88399
0.87108 0.82316
0.87109 0.77748
0.87109 0.83573
0.87110 0.78565
0.87110 0.78328
0.87111 0.80276
0.87111 0.75270
0.87112 0.85481
0.87112 0.88549
0.87113 0.88631
0.87113 0.87414
0.87114 0.83449
0.87114 0.75249
0.87115 0.77486
0.87115 0.83308
0.87116 0.73392
0.87116 0.76838
0.87117 0.80533
0.87117 0.78926
0.87118 0.80886
0.87118 0.79614
0.87119 0.83779
0.87119 0.83076
0.87120 0.81928
0.87120 0.81650
0.87121 0.74327
0.87121 0.75802
0.87122 0.77989
0.87122 0.77079
0.87123 0.80240
0.87123 0.86782
0.87124 0.87704
0.87124 0.77012
0.87125 0.78083
0.87125 0.82791
0.87126 0.80081
0.87126 0.78823
0.87127 0.81730
0.87127 0.79148
0.87128 0.82597
0.87128 0.82412
0.87129 0.74204
0.87129 0.77547
0.87130 0.81395
0.87130 0.86051
0.87131 0.87286
0.87131 0.83247
0.87132 0.77426
0.87132 0.74374
0.87133 0.74376
0.87133 0.75636
0.87134 0.76057
0.87134 0.77073
0.87135 0.82678
0.87135 0.73833
0.87136 0.75678
0.87136 0.79755
0.87137 0.85174
0.87137 0.89306
0.87138 0.74933
0.87138 0.74326
0.87139 0.79949
0.87139 0.77759
0.87140 0.81896
0.87140 0.86740
0.87141 0.82123
0.87141 0.78141
0.87142 0.79240
0.87142 0.74561
0.87143 0.80722
0.87143 0.86156
0.87144 0.80050
0.87144 0.82080
0.87145 0.72845
0.87145 0.72998
0.87146 0.84047
0.87146 0.87541
0.87147 0.84223
0.87147 0.83616
0.87148 0.77500
0.87148 0.74471
0.87149 0.82256
0.87149 0.73265
0.87150 0.73448
0.87150 0.80563
0.87151 0.83618
0.87151 0.80842
0.87152 0.74359
0.87152 0.84585
0.87153 0.80347
0.87153 0.78417
0.87154 0.83837
0.87154 0.74690
0.87155 0.77396
0.87155 0.77871
0.87156 0.81527
0.87156 0.85358
0.87157 0.73567
0.87157 0.82870
0.87158 0.81868
0.87158 0.83581
0.87159 0.87209
0.87159 0.79518
0.87160 0.82234
0.87160 0.78174
0.87161 0.78495
0.87161 0.76064
0.87162 0.75550
0.87162 0.83346
0.87163 0.82430
0.87163 0.77910
0.87164 0.79316
0.87164 0.76123
0.87165 0.74407
0.87165 0.77970
0.87166 0.76788
0.87166 0.78067
0.87167 0.79519
0.87167 0.77037
0.87168 0.71621
0.87168 0.72459
0.87169 0.81631
0.87169 0.81828
0.87170 0.83774
0.87170 0.79579
0.87171 0.75901
0.87171 0.85017
0.87172 0.84891
0.87172 0.81432
0.87173 0.79785
0.87173 0.78192
0.87174 0.79967
0.87174 0.74918
0.87175 0.69698
0.87175 0.81212
0.87176 0.85117
0.87176 0.81855
0.87177 0.78338
0.87177 0.76123
0.87178 0.86005
0.87178 0.83173
0.87179 0.73430
0.87179 0.76513
0.87180 0.82242
0.87180 0.81023
0.87181 0.82672
0.87181 0.83766
0.87182 0.82208
0.87182 0.78809
0.87183 0.84956
0.87183 0.83395
0.87184 0.79518
0.87184 0.75917
0.87185 0.80285
0.87185 0.81542
0.87186 0.77361
0.87186 0.78815
0.87187 0.78072
0.87187 0.85093
0.87188 0.78945
0.87188 0.70224
0.87189 0.76687
0.87189 0.82099
0.87190 0.73334
0.87190 0.78664
0.87191 0.91761
0.87191 0.80165
0.87192 0.77463
0.87192 0.81482
0.87193 0.76359
0.87193 0.77278
0.87194 0.78913
0.87194 0.79996
0.87195 0.80473
0.87195 0.76189
0.87196 0.73640
0.87196 0.80826
0.87197 0.77554
0.87197 0.84901
0.87198 0.84245
0.87198 0.74983
0.87199 0.81750
0.87199 0.79430
0.87200 0.78242
0.87200 0.81817
0.87201 0.72658
0.87201 0.72259
0.87202 0.78681
0.87202 0.82504
0.87203 0.82061
0.87203 0.73774
0.87204 0.70990
0.87204 0.78849
0.87205 0.83549
0.87205 0.83328
0.87206 0.86346
0.87206 0.73260
0.87207 0.77544
0.87207 0.84591
0.87208 0.74056
0.87208 0.79247
0.87209 0.80103
0.87209 0.82311
0.87210 0.79063
0.87210 0.75027
0.87211 0.79412
0.87211 0.80374
0.87212 0.84929
0.87212 0.83588
0.87213 0.76491
0.87213 0.78965
0.87214 0.87507
0.87214 0.83742
0.87215 0.78462
0.87215 0.81877
0.87216 0.80673
0.87216 0.77977
0.87217 0.78650
0.87217 0.80834
0.87218 0.70662
0.87218 0.72439
0.87219 0.80747
0.87219 0.73823
0.87220 0.75940
0.87220 0.76507
0.87221 0.82098
0.87221 0.79669
0.87222 0.78304
0.87222 0.83920
0.87223 0.74730
0.87223 0.74953
0.87224 0.79939
0.87224 0.78401
0.87225 0.85741
0.87225 0.79203
0.87226 0.73342
0.87226 0.84569
0.87227 0.83095
0.87227 0.81637
0.87228 0.86417
0.87228 0.82281
0.87229 0.83179
0.87229 0.77997
0.87230 0.78478
0.87230 0.80414
0.87231 0.78340
0.87231 0.80742
0.87232 0.72983
0.87232 0.75340
0.87233 0.80224
0.87233 0.78553
0.87234 0.73802
0.87234 0.81046
0.87235 0.83513
0.87235 0.79545
0.87236 0.80305
0.87236 0.77326
0.87237 0.75004
0.87237 0.74909
0.87238 0.77352
0.87238 0.78450
0.87239 0.80118
0.87239 0.80978
0.87240 0.73246
0.87240 0.80771
0.87241 0.88115
0.87241 0.80700
0.87242 0.78150
0.87242 0.81382
0.87243 0.71863
0.87243 0.76340
0.87244 0.84638
0.87244 0.73020
0.87245 0.74563
0.87245 0.74978
0.87246 0.75803
0.87246 0.73786
0.87247 0.76162
0.87247 0.83803
0.87248 0.80738
0.87248 0.78418
0.87249 0.74341
0.87249 0.70909
0.87250 0.77459
0.87250 0.79641
0.87251 0.79895
0.87251 0.79847
0.87252 0.80907
0.87252 0.83755
0.87253 0.78222
0.87253 0.73320
0.87254 0.79430
0.87254 0.83494
0.87255 0.77002
0.87255 0.77621
0.87256 0.82023
0.87256 0.70462
0.87257 0.73091
0.87257 0.80588
0.87258 0.79104
0.87258 0.81515
0.87259 0.75378
0.87259 0.77824
0.87260 0.74887
0.87260 0.67902
0.87261 0.72781
0.87261 0.79581
0.87262 0.83005
0.87262 0.73640
0.87263 0.67636
0.87263 0.70302
0.87264 0.84204
0.87264 0.82275
0.87265 0.75939
0.87265 0.73948
0.87266 0.65800
0.87266 0.74277
0.87267 0.80781
0.87267 0.77686
0.87268 0.74480
0.87268 0.77406
0.87269 0.74911
0.87269 0.79384
0.87270 0.77818
0.87270 0.77347
0.87271 0.76725
0.87271 0.72452
0.87272 0.80986
0.87272 0.78658
0.87273 0.72841
0.87273 0.80196
0.87274 0.81276
0.87274 0.79236
0.87275 0.80309
0.87275 0.73876
0.87276 0.66560
0.87276 0.71476
0.87277 0.83510
0.87277 0.85923
0.87278 0.83124
0.87278 0.80955
0.87279 0.77461
0.87279 0.78095
0.87280 0.77258
0.87280 0.72722
0.87281 0.78422
0.87281 0.80722
0.87282 0.71966
0.87282 0.77143
0.87283 0.75103
0.87283 0.76149
0.87284 0.82725
0.87284 0.82605
0.87285 0.83517
0.87285 0.74978
0.87286 0.76192
0.87286 0.74990
0.87287 0.69294
0.87287 0.74667
0.87288 0.78452
0.87288 0.71757
0.87289 0.73521
0.87289 0.72977
0.87290 0.75708
0.87290 0.75913
0.87291 0.73337
0.87291 0.75957
0.87292 0.79946
0.87292 0.79892
0.87293 0.77320
0.87293 0.76771
0.87294 0.71925
0.87294 0.73129
0.87295 0.74102
0.87295 0.79476
0.87296 0.78917
0.87296 0.78234
0.87297 0.80181
0.87297 0.71406
0.87298 0.73967
0.87298 0.75737
0.87299 0.77946
0.87299 0.81384
0.87300 0.77607
0.87300 0.85282
0.87301 0.87581
0.87301 0.79865
0.87302 0.72904
0.87302 0.76282
0.87303 0.81928
0.87303 0.75613
0.87304 0.71878
0.87304 0.77335
0.87305 0.70047
0.87305 0.66806
0.87306 0.76459
0.87306 0.72597
0.87307 0.73740
0.87307 0.78617
0.87308 0.81818
0.87308 0.75381
0.87309 0.69230
0.87309 0.78985
0.87310 0.80662
0.87310 0.76114
0.87311 0.77287
0.87311 0.79115
0.87312 0.78564
0.87312 0.71491
0.87313 0.74361
0.87313 0.78410
0.87314 0.76232
0.87314 0.67866
0.87315 0.63436
0.87315 0.71012
0.87316 0.71257
0.87316 0.73734
0.87317 0.74734
0.87317 0.74588
0.87318 0.75531
0.87318 0.77558
0.87319 0.83139
0.87319 0.78359
0.87320 0.76551
0.87320 0.81004
0.87321 0.74405
0.87321 0.75604
0.87322 0.74178
0.87322 0.74874
0.87323 0.74999
0.87323 0.74889
0.87324 0.79673
0.87324 0.71827
0.87325 0.79011
0.87325 0.81680
0.87326 0.78378
0.87326 0.74215
0.87327 0.76046
0.87327 0.71360
0.87328 0.65688
0.87328 0.76214
0.87329 0.73301
0.87329 0.73530
0.87330 0.76262
0.87330 0.73454
0.87331 0.70904
0.87331 0.73613
0.87332 0.71127
0.87332 0.74029
0.87333 0.77658
0.87333 0.74979
0.87334 0.75127
0.87334 0.75703
0.87335 0.71519
0.87335 0.77117
0.87336 0.74722
0.87336 0.69788
0.87337 0.80276
0.87337 0.73186
0.87338 0.75761
0.87338 0.76063
0.87339 0.71991
0.87339 0.74252
0.87340 0.75458
0.87340 0.79303
0.87341 0.78560
0.87341 0.73312
0.87342 0.70661
0.87342 0.77061
0.87343 0.77087
0.87343 0.73185
0.87344 0.65631
0.87344 0.71482
0.87345 0.77577
0.87345 0.73184
0.87346 0.75018
0.87346 0.67734
0.87347 0.71251
0.87347 0.72786
0.87348 0.71232
0.87348 0.81198
0.87349 0.72042
0.87349 0.67408
0.87350 0.74391
0.87350 0.74042
0.87351 0.76599
0.87351 0.69123
0.87352 0.77930
0.87352 0.80762
0.87353 0.63962
0.87353 0.69982
0.87354 0.76268
0.87354 0.76039
0.87355 0.69230
0.87355 0.72423
0.87356 0.69136
0.87356 0.62198
0.87357 0.73663
0.87357 0.74222
0.87358 0.78011
0.87358 0.70325
0.87359 0.67929
0.87359 0.76448
0.87360 0.70497
0.87360 0.66953
0.87361 0.68352
0.87361 0.78065
0.87362 0.81351
0.87362 0.74083
0.87363 0.73590
0.87363 0.85046
0.87364 0.84114
0.87364 0.73526
0.87365 0.73149
0.87365 0.72469
0.87366 0.68763
0.87366 0.73908
0.87367 0.81457
0.87367 0.74083
0.87368 0.77920
0.87368 0.80059
0.87369 0.73631
0.87369 0.75731
0.87370 0.71456
0.87370 0.76448
0.87371 0.76804
0.87371 0.74403
0.87372 0.72108
0.87372 0.74117
0.87373 0.77728
0.87373 0.69323
0.87374 0.75040
0.87374 0.77892
0.87375 0.74896
0.87375 0.77481
0.87376 0.75556
0.87376 0.70635
0.87377 0.72139
0.87377 0.74137
0.87378 0.76607
0.87378 0.71904
0.87379 0.73163
0.87379 0.77905
0.87380 0.67432
0.87380 0.72369
0.87381 0.73226
0.87381 0.69017
0.87382 0.77091
0.87382 0.78108
0.87383 0.82507
0.87383 0.81847
0.87384 0.72875
0.87384 0.78603
0.87385 0.74507
0.87385 0.71880
0.87386 0.70595
0.87386 0.70465
0.87387 0.71643
0.87387 0.73311
0.87388 0.77513
0.87388 0.79530
0.87389 0.75299
0.87389 0.81663
0.87390 0.79735
0.87390 0.70971
0.87391 0.80612
0.87391 0.75359
0.87392 0.72742
0.87392 0.74233
0.87393 0.75310
0.87393 0.70233
0.87394 0.67147
0.87394 0.75312
0.87395 0.78261
0.87395 0.73496
0.87396 0.74460
0.87396 0.72037
0.87397 0.65688
0.87397 0.68420
0.87398 0.71306
0.87398 0.70694
0.87399 0.77350
0.87399 0.73780
0.87400 0.68322
0.87400 0.74786
0.87401 0.74566
0.87401 0.74837
0.87402 0.73031
0.87402 0.74341
0.87403 0.71250
0.87403 0.71194
0.87404 0.74279
0.87404 0.74911
0.87405 0.76060
0.87405 0.67662
0.87406 0.72093
0.87406 0.68716
0.87407 0.64093
0.87407 0.70454
0.87408 0.71776
0.87408 0.78107
0.87409 0.79114
0.87409 0.69422
0.87410 0.71554
0.87410 0.82636
0.87411 0.76501
0.87411 0.64238
0.87412 0.64440
0.87412 0.69109
0.87413 0.67849
0.87413 0.67671
0.87414 0.73250
0.87414 0.72077
0.87415 0.65959
0.87415 0.67223
0.87416 0.72596
0.87416 0.67348
0.87417 0.70091
0.87417 0.79347
0.87418 0.71348
0.87418 0.66404
0.87419 0.75978
0.87419 0.78977
0.87420 0.70464
0.87420 0.70176
0.87421 0.71455
0.87421 0.74637
0.87422 0.75366
0.87422 0.76007
0.87423 0.74462
0.87423 0.75883
0.87424 0.75245
0.87424 0.64523
0.87425 0.66714
0.87425 0.70073
0.87426 0.70762
0.87426 0.68911
0.87427 0.71400
0.87427 0.76415
0.87428 0.77411
0.87428 0.82516
0.87429 0.84719
0.87429 0.70542
0.87430 0.70436
0.87430 0.75823
0.87431 0.66904
0.87431 0.74073
0.87432 0.82196
0.87432 0.73795
0.87433 0.70862
0.87433 0.74074
0.87434 0.72238
0.87434 0.66814
0.87435 0.69150
0.87435 0.77004
0.87436 0.80651
0.87436 0.72396
0.87437 0.65052
0.87437 0.76162
0.87438 0.79491
0.87438 0.76580
0.87439 0.74815
0.87439 0.78582
0.87440 0.74208
0.87440 0.71627
0.87441 0.69005
0.87441 0.67192
0.87442 0.71244
0.87442 0.74560
0.87443 0.76773
0.87443 0.69736
0.87444 0.72358
0.87444 0.79671
0.87445 0.73796
0.87445 0.64317
0.87446 0.70350
0.87446 0.68737
0.87447 0.65952
0.87447 0.71978
0.87448 0.68965
0.87448 0.71071
0.87449 0.68325
0.87449 0.70234
0.87450 0.73204
0.87450 0.71753
0.87451 0.71537
0.87451 0.73013
0.87452 0.81810
0.87452 0.70355
0.87453 0.63470
0.87453 0.67205
0.87454 0.68512
0.87454 0.72130
0.87455 0.72629
0.87455 0.75868
0.87456 0.75469
0.87456 0.71489
0.87457 0.74199
0.87457 0.74491
0.87458 0.71568
0.87458 0.70081
0.87459 0.72654
0.87459 0.75143
0.87460 0.75796
0.87460 0.77919
0.87461 0.73936
0.87461 0.62838
0.87462 0.69526
0.87462 0.75660
0.87463 0.63017
0.87463 0.69625
0.87464 0.74626
0.87464 0.71168
0.87465 0.77776
0.87465 0.71273
0.87466 0.67830
0.87466 0.72363
0.87467 0.70441
0.87467 0.71912
0.87468 0.73981
0.87468 0.77572
0.87469 0.70527
0.87469 0.68746
0.87470 0.65811
0.87470 0.69394
0.87471 0.77564
0.87471 0.73569
0.87472 0.74866
0.87472 0.72439
0.87473 0.69806
0.87473 0.67907
0.87474 0.63696
0.87474 0.66353
0.87475 0.74827
0.87475 0.65147
0.87476 0.67924
0.87476 0.72603
0.87477 0.71157
0.87477 0.73977
0.87478 0.70484
0.87478 0.64959
0.87479 0.68027
0.87479 0.74468
0.87480 0.68960
0.87480 0.76339
0.87481 0.68385
0.87481 0.70964
0.87482 0.67706
0.87482 0.60416
0.87483 0.79338
0.87483 0.67696
0.87484 0.71076
0.87484 0.74333
0.87485 0.59673
0.87485 0.76910
0.87486 0.76811
0.87486 0.69575
0.87487 0.72240
0.87487 0.70162
0.87488 0.71013
0.87488 0.71498
0.87489 0.74055
0.87489 0.70444
0.87490 0.66972
0.87490 0.73105
0.87491 0.64133
0.87491 0.70622
0.87492 0.70707
0.87492 0.63815
0.87493 0.71149
0.87493 0.67926
0.87494 0.78994
0.87494 0.74619
0.87495 0.77798
0.87495 0.74466
0.87496 0.62624
0.87496 0.77792
0.87497 0.74376
0.87497 0.70458
0.87498 0.76805
0.87498 0.74049
0.87499 0.73237
0.87499 0.66615
0.87500 0.73102
0.87500 0.79673
0.87501 0.72968
0.87501 0.67754
0.87502 0.70062
0.87502 0.73265
0.87503 0.70300
0.87503 0.71907
0.87504 0.71850
0.87504 0.68394
0.87505 0.69117
0.87505 0.69019
0.87506 0.72718
0.87506 0.74862
0.87507 0.68335
0.87507 0.61813
0.87508 0.62171
0.87508 0.70064
0.87509 0.71115
0.87509 0.60397
0.87510 0.67142
0.87510 0.78376
0.87511 0.67768
0.87511 0.67152
0.87512 0.69454
0.87512 0.71423
0.87513 0.77888
0.87513 0.72108
0.87514 0.68883
0.87514 0.74568
0.87515 0.70801
0.87515 0.69212
0.87516 0.65194
0.87516 0.64123
0.87517 0.76328
0.87517 0.71214
0.87518 0.65427
0.87518 0.65101
0.87519 0.66549
0.87519 0.69437
0.87520 0.69790
0.87520 0.75034
0.87521 0.72212
0.87521 0.71995
0.87522 0.66554
0.87522 0.64096
0.87523 0.72453
0.87523 0.71807
0.87524 0.65477
0.87524 0.67258
0.87525 0.66998
0.87525 0.67530
0.87526 0.67245
0.87526 0.65805
0.87527 0.71377
0.87527 0.76530
0.87528 0.72391
0.87528 0.69057
0.87529 0.69299
0.87529 0.65311
0.87530 0.72509
0.87530 0.66872
0.87531 0.66685
0.87531 0.74312
0.87532 0.73173
0.87532 0.78271
0.87533 0.74621
0.87533 0.68481
0.87534 0.67249
0.87534 0.71964
0.87535 0.72284
0.87535 0.66606
0.87536 0.74977
0.87536 0.70487
0.87537 0.67233
0.87537 0.75357
0.87538 0.69810
0.87538 0.73252
0.87539 0.72604
0.87539 0.65552
0.87540 0.78638
0.87540 0.71747
0.87541 0.66561
0.87541 0.74801
0.87542 0.63114
0.87542 0.67933
0.87543 0.74016
0.87543 0.64030
0.87544 0.71962
0.87544 0.72032
0.87545 0.68645
0.87545 0.72510
0.87546 0.65374
0.87546 0.68132
0.87547 0.69781
0.87547 0.72301
0.87548 0.69837
0.87548 0.68311
0.87549 0.70180
0.87549 0.69535
0.87550 0.71900
0.87550 0.74334
0.87551 0.70498
0.87551 0.71870
0.87552 0.71146
0.87552 0.63161
0.87553 0.61634
0.87553 0.68452
0.87554 0.77331
0.87554 0.67632
0.87555 0.67810
0.87555 0.67235
0.87556 0.69911
0.87556 0.74707
0.87557 0.71369
0.87557 0.67529
0.87558 0.72154
0.87558 0.70750
0.87559 0.66922
0.87559 0.72855
0.87560 0.68089
0.87560 0.73672
0.87561 0.66020
0.87561 0.67804
0.87562 0.73335
0.87562 0.73660
0.87563 0.70153
0.87563 0.66729
0.87564 0.74611
0.87564 0.63362
0.87565 0.61509
0.87565 0.68743
0.87566 0.67246
0.87566 0.69915
0.87567 0.72657
0.87567 0.71953
0.87568 0.70731
0.87568 0.70306
0.87569 0.67779
0.87569 0.70470
0.87570 0.67833
0.87570 0.70283
0.87571 0.65823
0.87571 0.64023
0.87572 0.71599
0.87572 0.71103
0.87573 0.79113
0.87573 0.63907
0.87574 0.61536
0.87574 0.69670
0.87575 0.71359
0.87575 0.70724
0.87576 0.67475
0.87576 0.74843
0.87577 0.68203
0.87577 0.67507
0.87578 0.71339
0.87578 0.58488
0.87579 0.68733
0.87579 0.72580
0.87580 0.65738
0.87580 0.76171
0.87581 0.64647
0.87581 0.64992
0.87582 0.65107
0.87582 0.59774
0.87583 0.73725
0.87583 0.70871
0.87584 0.61400
0.87584 0.62522
0.87585 0.66137
0.87585 0.61453
0.87586 0.70795
0.87586 0.71247
0.87587 0.68498
0.87587 0.72238
0.87588 0.64014
0.87588 0.76599
0.87589 0.71237
0.87589 0.64592
0.87590 0.74207
0.87590 0.68733
0.87591 0.64348
0.87591 0.71354
0.87592 0.76594
0.87592 0.70035
0.87593 0.70150
0.87593 0.68431
0.87594 0.66414
0.87594 0.68535
0.87595 0.69288
0.87595 0.70357
0.87596 0.71409
0.87596 0.66936
0.87597 0.56366
0.87597 0.69984
0.87598 0.77574
0.87598 0.62177
0.87599 0.60228
0.87599 0.65180
0.87600 0.65936
0.87600 0.67987
0.87601 0.66945
0.87601 0.64533
0.87602 0.61785
0.87602 0.63150
0.87603 0.64548
0.87603 0.65827
0.87604 0.70500
0.87604 0.71188
0.87605 0.70572
0.87605 0.71524
0.87606 0.61338
0.87606 0.63207
0.87607 0.69192
0.87607 0.71021
0.87608 0.72892
0.87608 0.66339
0.87609 0.75247
0.87609 0.69288
0.87610 0.67830
0.87610 0.76209
0.87611 0.71458
0.87611 0.69746
0.87612 0.66626
0.87612 0.70257
0.87613 0.67023
0.87613 0.61674
0.87614 0.73525
0.87614 0.73594
0.87615 0.71593
0.87615 0.70785
0.87616 0.64949
0.87616 0.64311
0.87617 0.67920
0.87617 0.72519
0.87618 0.70612
0.87618 0.65734
0.87619 0.61030
0.87619 0.64771
0.87620 0.69730
0.87620 0.68102
0.87621 0.73632
0.87621 0.66171
0.87622 0.65523
0.87622 0.66428
0.87623 0.67078
0.87623 0.74461
0.87624 0.62488
0.87624 0.66026
0.87625 0.69243
0.87625 0.64441
0.87626 0.69931
0.87626 0.64969
0.87627 0.63842
0.87627 0.71460
0.87628 0.67938
0.87628 0.66524
0.87629 0.59692
0.87629 0.57859
0.87630 0.65124
0.87630 0.68084
0.87631 0.68658
0.87631 0.70450
0.87632 0.63578
0.87632 0.58277
0.87633 0.63438
0.87633 0.64533
0.87634 0.71423
0.87634 0.68904
0.87635 0.69833
0.87635 0.73059
0.87636 0.61371
0.87636 0.62274
0.87637 0.65259
0.87637 0.70163
0.87638 0.68707
0.87638 0.68777
0.87639 0.69836
0.87639 0.64038
0.87640 0.70028
0.87640 0.73489
0.87641 0.70684
0.87641 0.67051
0.87642 0.68456
0.87642 0.67703
0.87643 0.67589
0.87643 0.76391
0.87644 0.71551
0.87644 0.70165
0.87645 0.70944
0.87645 0.64568
0.87646 0.67890
0.87646 0.64375
0.87647 0.70463
0.87647 0.65348
0.87648 0.57665
0.87648 0.67937
0.87649 0.65337
0.87649 0.66294
0.87650 0.67441
0.87650 0.64590
0.87651 0.62800
0.87651 0.64910
0.87652 0.67789
0.87652 0.61328
0.87653 0.62010
0.87653 0.65364
0.87654 0.69333
0.87654 0.68011
0.87655 0.66443
0.87655 0.64235
0.87656 0.62899
0.87656 0.59965
0.87657 0.67583
0.87657 0.72899
0.87658 0.68805
0.87658 0.71451
0.87659 0.69161
0.87659 0.72266
0.87660 0.66129
0.87660 0.66230
0.87661 0.76267
0.87661 0.68451
0.87662 0.66189
0.87662 0.65779
0.87663 0.60346
0.87663 0.68459
0.87664 0.70446
0.87664 0.64984
0.87665 0.63387
0.87665 0.69502
0.87666 0.62539
0.87666 0.64372
0.87667 0.66744
0.87667 0.61777
0.87668 0.69085
0.87668 0.62866
0.87669 0.66900
0.87669 0.74699
0.87670 0.71755
0.87670 0.62885
0.87671 0.63229
0.87671 0.64686
0.87672 0.61880
0.87672 0.67021
0.87673 0.68245
0.87673 0.68048
0.87674 0.64553
0.87674 0.66714
0.87675 0.70364
0.87675 0.67044
0.87676 0.60797
0.87676 0.64575
0.87677 0.64791
0.87677 0.59857
0.87678 0.65621
0.87678 0.63166
0.87679 0.67784
0.87679 0.64876
0.87680 0.66513
0.87680 0.76019
0.87681 0.63486
0.87681 0.63044
0.87682 0.73160
0.87682 0.67631
0.87683 0.71991
0.87683 0.72406
0.87684 0.59838
0.87684 0.66325
0.87685 0.73161
0.87685 0.65026
0.87686 0.58092
0.87686 0.67688
0.87687 0.63215
0.87687 0.63067
0.87688 0.73897
0.87688 0.69115
0.87689 0.69671
0.87689 0.64422
0.87690 0.63878
0.87690 0.70883
0.87691 0.65215
0.87691 0.68287
0.87692 0.68029
0.87692 0.61663
0.87693 0.63540
0.87693 0.66173
0.87694 0.70497
0.87694 0.61871
0.87695 0.59590
0.87695 0.57022
0.87696 0.58084
0.87696 0.71476
0.87697 0.66348
0.87697 0.63010
0.87698 0.62207
0.87698 0.63004
0.87699 0.66883
0.87699 0.64678
0.87700 0.63130
0.87700 0.64084
0.87701 0.68182
0.87701 0.65816
0.87702 0.58994
0.87702 0.66665
0.87703 0.69123
0.87703 0.63431
0.87704 0.67119
0.87704 0.58317
0.87705 0.60987
0.87705 0.67685
0.87706 0.64431
0.87706 0.69208
0.87707 0.66474
0.87707 0.61550
0.87708 0.63764
0.87708 0.64601
0.87709 0.61081
0.87709 0.55813
0.87710 0.58864
0.87710 0.63685
0.87711 0.73154
0.87711 0.73121
0.87712 0.60802
0.87712 0.65871
0.87713 0.63110
0.87713 0.62425
0.87714 0.69267
0.87714 0.67240
0.87715 0.65051
0.87715 0.62199
0.87716 0.62901
0.87716 0.61504
0.87717 0.62494
0.87717 0.63437
0.87718 0.61419
0.87718 0.67548
0.87719 0.66634
0.87719 0.64627
0.87720 0.63969
0.87720 0.65343
0.87721 0.66723
0.87721 0.61486
0.87722 0.65327
0.87722 0.69097
0.87723 0.60272
0.87723 0.57780
0.87724 0.63611
0.87724 0.63824
0.87725 0.63626
0.87725 0.63732
0.87726 0.60870
0.87726 0.56145
0.87727 0.62294
0.87727 0.67260
0.87728 0.63247
0.87728 0.69689
0.87729 0.68139
0.87729 0.64008
0.87730 0.60977
0.87730 0.63114
0.87731 0.66513
0.87731 0.66974
0.87732 0.65570
0.87732 0.60345
0.87733 0.68597
0.87733 0.66399
0.87734 0.56317
0.87734 0.58114
0.87735 0.67840
0.87735 0.65600
0.87736 0.67340
0.87736 0.61163
0.87737 0.56286
0.87737 0.65937
0.87738 0.63548
0.87738 0.71945
0.87739 0.68064
0.87739 0.62769
0.87740 0.72035
0.87740 0.69834
0.87741 0.69439
0.87741 0.62313
0.87742 0.66032
0.87742 0.61584
0.87743 0.58301
0.87743 0.71335
0.87744 0.65562
0.87744 0.66546
0.87745 0.64756
0.87745 0.68639
0.87746 0.63740
0.87746 0.59688
0.87747 0.71402
0.87747 0.65972
0.87748 0.67273
0.87748 0.67209
0.87749 0.61048
0.87749 0.60370
0.87750 0.64422
0.87750 0.62585
0.87751 0.60249
0.87751 0.62262
0.87752 0.66985
0.87752 0.71316
0.87753 0.64512
0.87753 0.67978
0.87754 0.64628
0.87754 0.60181
0.87755 0.63504
0.87755 0.58365
0.87756 0.64245
0.87756 0.64895
0.87757 0.62763
0.87757 0.67719
0.87758 0.67828
0.87758 0.68240
0.87759 0.66579
0.87759 0.59514
0.87760 0.60643
0.87760 0.67306
0.87761 0.59061
0.87761 0.61404
0.87762 0.68399
0.87762 0.67650
0.87763 0.67341
0.87763 0.64698
0.87764 0.67536
0.87764 0.61873
0.87765 0.61436
0.87765 0.60755
0.87766 0.50983
0.87766 0.61369
0.87767 0.62043
0.87767 0.63029
0.87768 0.67182
0.87768 0.62251
0.87769 0.55473
0.87769 0.66919
0.87770 0.68557
0.87770 0.58960
0.87771 0.62319
0.87771 0.60417
0.87772 0.68000
0.87772 0.62615
0.87773 0.67331
0.87773 0.68349
0.87774 0.60243
0.87774 0.61953
0.87775 0.62540
0.87775 0.61374
0.87776 0.59456
0.87776 0.62460
0.87777 0.69455
0.87777 0.62820
0.87778 0.57802
0.87778 0.61471
0.87779 0.64226
0.87779 0.70118
0.87780 0.68668
0.87780 0.64613
0.87781 0.68331
0.87781 0.62282
0.87782 0.66199
0.87782 0.63764
0.87783 0.50936
0.87783 0.63306
0.87784 0.67495
0.87784 0.58082
0.87785 0.55441
0.87785 0.66066
0.87786 0.65585
0.87786 0.62675
0.87787 0.68582
0.87787 0.63236
0.87788 0.59338
0.87788 0.62526
0.87789 0.66076
0.87789 0.72528
0.87790 0.61890
0.87790 0.54290
0.87791 0.57971
0.87791 0.58659
0.87792 0.60297
0.87792 0.60711
0.87793 0.65651
0.87793 0.60913
0.87794 0.61210
0.87794 0.71108
0.87795 0.64227
0.87795 0.61193
0.87796 0.65604
0.87796 0.64617
0.87797 0.68069
0.87797 0.62743
0.87798 0.60222
0.87798 0.64800
0.87799 0.59873
0.87799 0.63209
0.87800 0.66567
0.87800 0.67327
0.87801 0.68090
0.87801 0.55933
0.87802 0.64546
0.87802 0.69540
0.87803 0.59710
0.87803 0.63525
0.87804 0.60634
0.87804 0.59830
0.87805 0.64228
0.87805 0.63943
0.87806 0.65946
0.87806 0.68355
0.87807 0.63221
0.87807 0.63401
0.87808 0.65572
0.87808 0.55256
0.87809 0.55645
0.87809 0.60375
0.87810 0.63084
0.87810 0.63647
0.87811 0.62967
0.87811 0.72669
0.87812 0.65039
0.87812 0.56993
0.87813 0.58825
0.87813 0.61631
0.87814 0.66690
0.87814 0.60920
0.87815 0.59183
0.87815 0.62604
0.87816 0.59597
0.87816 0.57176
0.87817 0.60399
0.87817 0.68089
0.87818 0.65775
0.87818 0.58529
0.87819 0.57120
0.87819 0.62856
0.87820 0.62441
0.87820 0.63847
0.87821 0.66159
0.87821 0.59202
0.87822 0.59480
0.87822 0.60459
0.87823 0.65912
0.87823 0.57036
0.87824 0.63246
0.87824 0.66211
0.87825 0.56110
0.87825 0.65458
0.87826 0.61256
0.87826 0.65108
0.87827 0.62573
0.87827 0.57555
0.87828 0.68144
0.87828 0.63890
0.87829 0.61875
0.87829 0.62432
0.87830 0.65131
0.87830 0.56462
0.87831 0.60633
0.87831 0.65996
0.87832 0.50792
0.87832 0.63215
0.87833 0.68052
0.87833 0.68403
0.87834 0.59838
0.87834 0.59490
0.87835 0.64187
0.87835 0.60140
0.87836 0.60496
0.87836 0.62774
0.87837 0.67836
0.87837 0.59392
0.87838 0.63309
0.87838 0.66200
0.87839 0.61285
0.87839 0.63969
0.87840 0.62952
0.87840 0.61196
0.87841 0.61301
0.87841 0.57750
0.87842 0.60987
0.87842 0.63355
0.87843 0.61917
0.87843 0.56430
0.87844 0.60171
0.87844 0.65595
0.87845 0.64801
0.87845 0.60351
0.87846 0.57483
0.87846 0.62493
0.87847 0.64699
0.87847 0.60475
0.87848 0.65605
0.87848 0.70244
0.87849 0.64007
0.87849 0.60893
0.87850 0.53401
0.87850 0.60160
0.87851 0.59112
0.87851 0.60402
0.87852 0.67775
0.87852 0.56905
0.87853 0.58065
0.87853 0.61119
0.87854 0.55083
0.87854 0.61896
0.87855 0.58893
0.87855 0.58052
0.87856 0.62319
0.87856 0.53461
0.87857 0.59056
0.87857 0.56895
0.87858 0.60927
0.87858 0.65531
0.87859 0.59927
0.87859 0.62160
0.87860 0.66330
0.87860 0.62162
0.87861 0.53600
0.87861 0.58295
0.87862 0.56665
0.87862 0.54501
0.87863 0.65692
0.87863 0.64717
0.87864 0.52753
0.87864 0.64592
0.87865 0.70292
0.87865 0.64455
0.87866 0.64785
0.87866 0.57534
0.87867 0.56771
0.87867 0.61590
0.87868 0.66126
0.87868 0.64593
0.87869 0.65945
0.87869 0.65801
0.87870 0.56980
0.87870 0.59885
0.87871 0.60065
0.87871 0.57381
0.87872 0.58165
0.87872 0.60422
0.87873 0.58572
0.87873 0.57823
0.87874 0.59695
0.87874 0.59244
0.87875 0.62022
0.87875 0.70531
0.87876 0.66857
0.87876 0.59544
0.87877 0.58675
0.87877 0.52070
0.87878 0.66859
0.87878 0.66055
0.87879 0.59830
0.87879 0.67243
0.87880 0.61879
0.87880 0.71976
0.87881 0.65685
0.87881 0.53997
0.87882 0.65376
0.87882 0.61291
0.87883 0.56948
0.87883 0.55263
0.87884 0.60087
0.87884 0.65632
0.87885 0.56546
0.87885 0.55293
0.87886 0.62007
0.87886 0.58686
0.87887 0.58123
0.87887 0.68973
0.87888 0.63607
0.87888 0.51419
0.87889 0.52721
0.87889 0.63675
0.87890 0.64734
0.87890 0.60800
0.87891 0.59506
0.87891 0.59782
0.87892 0.55271
0.87892 0.53619
0.87893 0.59088
0.87893 0.57440
0.87894 0.62737
0.87894 0.64049
0.87895 0.58663
0.87895 0.57209
0.87896 0.59382
0.87896 0.59169
0.87897 0.56935
0.87897 0.62815
0.87898 0.67186
0.87898 0.55721
0.87899 0.62880
0.87899 0.62333
0.87900 0.53872
0.87900 0.58250
0.87901 0.64496
0.87901 0.64678
0.87902 0.56877
0.87902 0.62087
0.87903 0.62620
0.87903 0.64889
0.87904 0.63207
0.87904 0.57941
0.87905 0.63100
0.87905 0.65763
0.87906 0.57433
0.87906 0.55897
0.87907 0.58982
0.87907 0.63592
0.87908 0.59608
0.87908 0.46770
0.87909 0.58233
0.87909 0.60201
0.87910 0.62776
0.87910 0.61695
0.87911 0.63936
0.87911 0.63332
0.87912 0.51817
0.87912 0.65388
0.87913 0.55892
0.87913 0.60699
0.87914 0.60163
0.87914 0.42525
0.87915 0.56222
0.87915 0.60947
0.87916 0.56537
0.87916 0.52018
0.87917 0.64411
0.87917 0.68793
0.87918 0.53970
0.87918 0.59140
0.87919 0.64191
0.87919 0.55803
0.87920 0.58473
0.87920 0.70521
0.87921 0.63864
0.87921 0.55028
0.87922 0.55107
0.87922 0.56638
0.87923 0.58944
0.87923 0.62777
0.87924 0.63164
0.87924 0.63568
0.87925 0.54139
0.87925 0.54257
0.87926 0.61045
0.87926 0.55599
0.87927 0.59063
0.87927 0.62987
0.87928 0.61882
0.87928 0.62111
0.87929 0.58543
0.87929 0.55895
0.87930 0.62385
0.87930 0.56967
0.87931 0.59869
0.87931 0.63469
0.87932 0.60192
0.87932 0.61625
0.87933 0.54736
0.87933 0.59574
0.87934 0.57325
0.87934 0.60262
0.87935 0.66900
0.87935 0.55675
0.87936 0.55619
0.87936 0.56499
0.87937 0.58068
0.87937 0.60905
0.87938 0.57376
0.87938 0.52703
0.87939 0.50579
0.87939 0.53229
0.87940 0.60726
0.87940 0.64054
0.87941 0.59930
0.87941 0.58981
0.87942 0.59012
0.87942 0.61055
0.87943 0.60236
0.87943 0.54727
0.87944 0.59099
0.87944 0.62027
0.87945 0.62789
0.87945 0.55714
0.87946 0.52423
0.87946 0.55302
0.87947 0.59578
0.87947 0.66536
0.87948 0.55119
0.87948 0.58189
0.87949 0.66610
0.87949 0.54897
0.87950 0.57686
0.87950 0.59265
0.87951 0.62136
0.87951 0.60622
0.87952 0.58148
0.87952 0.59496
0.87953 0.58003
0.87953 0.62294
0.87954 0.55350
0.87954 0.57339
0.87955 0.55445
0.87955 0.60463
0.87956 0.66428
0.87956 0.58447
0.87957 0.57124
0.87957 0.55487
0.87958 0.55418
0.87958 0.61191
0.87959 0.66239
0.87959 0.53526
0.87960 0.56279
0.87960 0.67407
0.87961 0.58666
0.87961 0.60936
0.87962 0.62212
0.87962 0.59628
0.87963 0.57343
0.87963 0.50189
0.87964 0.54712
0.87964 0.58167
0.87965 0.61627
0.87965 0.56775
0.87966 0.54104
0.87966 0.59478
0.87967 0.50688
0.87967 0.53098
0.87968 0.56424
0.87968 0.54512
0.87969 0.59310
0.87969 0.58805
0.87970 0.54142
0.87970 0.56233
0.87971 0.57266
0.87971 0.51766
0.87972 0.55515
0.87972 0.55341
0.87973 0.56266
0.87973 0.69506
0.87974 0.64312
0.87974 0.57920
0.87975 0.60571
0.87975 0.56148
0.87976 0.57155
0.87976 0.60951
0.87977 0.56274
0.87977 0.57956
0.87978 0.62028
0.87978 0.60649
0.87979 0.54705
0.87979 0.53076
0.87980 0.62036
0.87980 0.56958
0.87981 0.62642
0.87981 0.63346
0.87982 0.51160
0.87982 0.55508
0.87983 0.49424
0.87983 0.57933
0.87984 0.68746
0.87984 0.57719
0.87985 0.54072
0.87985 0.59656
0.87986 0.58915
0.87986 0.48331
0.87987 0.52226
0.87987 0.56632
0.87988 0.55452
0.87988 0.58666
0.87989 0.60133
0.87989 0.54350
0.87990 0.54517
0.87990 0.51789
0.87991 0.48287
0.87991 0.58212
0.87992 0.55928
0.87992 0.63329
0.87993 0.60754
0.87993 0.57871
0.87994 0.61674
0.87994 0.52217
0.87995 0.53349
0.87995 0.62248
0.87996 0.59680
0.87996 0.53968
0.87997 0.62284
0.87997 0.61522
0.87998 0.62044
0.87998 0.56875
0.87999 0.50195
0.87999 0.51227
0.88000 0.51538
