time [s] 	 density [10^18/m^-3]
0.79500 0.01527
0.79501 -0.02912
0.79501 0.00471
0.79502 0.05765
0.79502 -0.00643
0.79503 0.01108
0.79503 -0.01843
0.79504 -0.03352
0.79504 -0.02911
0.79505 -0.00506
0.79505 0.03462
0.79506 0.00501
0.79506 -0.00808
0.79507 -0.01664
0.79507 0.06107
0.79508 0.05029
0.79508 -0.07376
0.79509 -0.01779
0.79509 0.00755
0.79510 0.03598
0.79510 0.08219
0.79511 0.03087
0.79511 -0.01364
0.79512 -0.00689
0.79512 -0.00927
0.79513 -0.04072
0.79513 0.03122
0.79514 0.06418
0.79514 0.04956
0.79515 -0.02617
0.79515 -0.06162
0.79516 0.04503
0.79516 0.04283
0.79517 0.03101
0.79517 0.02511
0.79518 -0.09012
0.79518 -0.00722
0.79519 0.07770
0.79519 0.01989
0.79520 0.00427
0.79520 -0.00988
0.79521 0.02712
0.79521 -0.00815
0.79522 0.06772
0.79522 0.02584
0.79523 -0.09099
0.79523 -0.06259
0.79524 -0.06334
0.79524 -0.05850
0.79525 -0.02994
0.79525 0.01221
0.79526 0.01565
0.79526 0.02924
0.79527 0.04539
0.79527 0.00754
0.79528 -0.02583
0.79528 0.05825
0.79529 0.03690
0.79529 -0.03556
0.79530 0.04676
0.79530 0.01527
0.79531 0.02126
0.79531 0.01144
0.79532 -0.03131
0.79532 0.11372
0.79533 0.09498
0.79533 -0.03096
0.79534 0.01075
0.79534 0.06913
0.79535 -0.01421
0.79535 -0.08331
0.79536 -0.03515
0.79536 -0.01990
0.79537 0.04439
0.79537 0.02463
0.79538 -0.06739
0.79538 -0.04016
0.79539 0.03318
0.79539 0.01577
0.79540 -0.00188
0.79540 -0.00963
0.79541 0.00630
0.79541 0.00394
0.79542 0.00264
0.79542 0.02837
0.79543 -0.01677
0.79543 0.02551
0.79544 0.05741
0.79544 0.01187
0.79545 0.00189
0.79545 -0.00815
0.79546 -0.00070
0.79546 -0.02000
0.79547 -0.04740
0.79547 -0.00484
0.79548 0.01696
0.79548 0.06199
0.79549 0.00350
0.79549 -0.05345
0.79550 -0.09673
0.79550 -0.07268
0.79551 0.03689
0.79551 0.01725
0.79552 -0.01133
0.79552 0.00085
0.79553 -0.05428
0.79553 -0.01018
0.79554 0.03140
0.79554 -0.00640
0.79555 -0.03150
0.79555 -0.01530
0.79556 -0.00833
0.79556 -0.00017
0.79557 0.02567
0.79557 -0.00760
0.79558 0.03983
0.79558 0.01331
0.79559 0.00391
0.79559 0.05357
0.79560 -0.06200
0.79560 -0.08994
0.79561 -0.04277
0.79561 -0.01321
0.79562 0.04033
0.79562 0.00998
0.79563 0.02599
0.79563 0.05721
0.79564 0.03500
0.79564 -0.01304
0.79565 -0.00268
0.79565 0.01548
0.79566 -0.00107
0.79566 0.06715
0.79567 0.03908
0.79567 -0.01695
0.79568 -0.01675
0.79568 -0.06016
0.79569 -0.02630
0.79569 -0.03750
0.79570 -0.00823
0.79570 0.04306
0.79571 -0.00337
0.79571 -0.03536
0.79572 -0.03754
0.79572 0.06702
0.79573 0.05615
0.79573 0.00731
0.79574 0.03198
0.79574 -0.00587
0.79575 -0.01463
0.79575 -0.02322
0.79576 -0.02068
0.79576 0.00885
0.79577 0.07150
0.79577 0.09646
0.79578 -0.01954
0.79578 -0.03985
0.79579 0.00660
0.79579 0.00745
0.79580 0.00698
0.79580 0.03267
0.79581 0.03672
0.79581 -0.01373
0.79582 -0.03646
0.79582 -0.03949
0.79583 -0.02241
0.79583 -0.00759
0.79584 -0.01152
0.79584 0.02509
0.79585 -0.00236
0.79585 -0.02075
0.79586 0.01531
0.79586 -0.03582
0.79587 0.02197
0.79587 0.01659
0.79588 -0.03340
0.79588 0.00736
0.79589 -0.04032
0.79589 -0.00330
0.79590 0.04336
0.79590 0.01111
0.79591 0.06259
0.79591 0.00116
0.79592 -0.01386
0.79592 0.00241
0.79593 -0.08964
0.79593 -0.01383
0.79594 0.02936
0.79594 0.03259
0.79595 0.02579
0.79595 -0.01163
0.79596 -0.00448
0.79596 -0.06382
0.79597 -0.01491
0.79597 0.01739
0.79598 -0.04864
0.79598 0.03456
0.79599 0.04993
0.79599 0.00385
0.79600 -0.06375
0.79600 -0.04035
0.79601 0.03903
0.79601 -0.00274
0.79602 0.00527
0.79602 0.02817
0.79603 0.02690
0.79603 0.02412
0.79604 -0.00744
0.79604 -0.02830
0.79605 0.01335
0.79605 0.01256
0.79606 0.02881
0.79606 0.02848
0.79607 0.01770
0.79607 -0.02172
0.79608 -0.01643
0.79608 0.01573
0.79609 -0.02940
0.79609 0.01453
0.79610 0.05954
0.79610 0.04156
0.79611 0.03406
0.79611 -0.01830
0.79612 -0.04278
0.79612 -0.03245
0.79613 -0.02984
0.79613 -0.01119
0.79614 0.07692
0.79614 0.04020
0.79615 0.05014
0.79615 0.09143
0.79616 -0.02697
0.79616 0.04765
0.79617 -0.00094
0.79617 -0.05015
0.79618 0.03076
0.79618 -0.03772
0.79619 -0.00899
0.79619 0.01069
0.79620 0.00459
0.79620 -0.00344
0.79621 -0.00674
0.79621 -0.00945
0.79622 -0.02631
0.79622 -0.03769
0.79623 -0.04312
0.79623 -0.05554
0.79624 -0.02136
0.79624 0.12716
0.79625 0.04217
0.79625 -0.01552
0.79626 0.03117
0.79626 0.02811
0.79627 -0.02262
0.79627 -0.08157
0.79628 -0.05079
0.79628 -0.08976
0.79629 -0.05438
0.79629 0.04505
0.79630 -0.04804
0.79630 -0.07091
0.79631 -0.03655
0.79631 -0.02485
0.79632 -0.01874
0.79632 0.01168
0.79633 0.05410
0.79633 -0.01692
0.79634 0.00727
0.79634 -0.00365
0.79635 0.03459
0.79635 0.09443
0.79636 0.00041
0.79636 -0.02398
0.79637 -0.01124
0.79637 0.00802
0.79638 -0.01059
0.79638 -0.00275
0.79639 0.01660
0.79639 -0.05069
0.79640 -0.06389
0.79640 0.02284
0.79641 -0.02888
0.79641 0.07483
0.79642 0.03936
0.79642 -0.04256
0.79643 0.00306
0.79643 -0.10833
0.79644 0.03691
0.79644 0.01330
0.79645 0.04355
0.79645 0.01001
0.79646 -0.07995
0.79646 0.02734
0.79647 0.01419
0.79647 -0.02791
0.79648 -0.03083
0.79648 -0.01573
0.79649 -0.02393
0.79649 -0.02069
0.79650 0.04155
0.79650 0.02813
0.79651 -0.01260
0.79651 -0.00790
0.79652 0.05441
0.79652 0.02680
0.79653 0.02517
0.79653 0.01623
0.79654 -0.07476
0.79654 -0.05930
0.79655 -0.05187
0.79655 -0.05369
0.79656 -0.02617
0.79656 0.04503
0.79657 0.06603
0.79657 0.05684
0.79658 -0.02324
0.79658 -0.04814
0.79659 -0.02961
0.79659 0.02022
0.79660 0.06375
0.79660 -0.01581
0.79661 0.01821
0.79661 -0.03719
0.79662 -0.04645
0.79662 0.02799
0.79663 0.00135
0.79663 0.02976
0.79664 -0.00386
0.79664 0.00430
0.79665 0.00244
0.79665 -0.02800
0.79666 0.02078
0.79666 0.08731
0.79667 0.03116
0.79667 -0.04296
0.79668 0.03525
0.79668 0.02265
0.79669 -0.01843
0.79669 0.00596
0.79670 -0.00014
0.79670 -0.03638
0.79671 0.03380
0.79671 -0.00376
0.79672 -0.01320
0.79672 0.06956
0.79673 0.02444
0.79673 0.04091
0.79674 0.01292
0.79674 -0.03329
0.79675 -0.02709
0.79675 0.02772
0.79676 -0.03511
0.79676 -0.01239
0.79677 0.05419
0.79677 -0.04495
0.79678 0.02858
0.79678 -0.03955
0.79679 -0.03859
0.79679 -0.02542
0.79680 -0.08013
0.79680 -0.03074
0.79681 0.02045
0.79681 0.05577
0.79682 -0.03650
0.79682 0.01811
0.79683 0.03795
0.79683 0.00091
0.79684 0.01421
0.79684 0.02154
0.79685 0.02172
0.79685 0.01937
0.79686 -0.02467
0.79686 -0.02811
0.79687 0.02672
0.79687 0.11086
0.79688 0.01213
0.79688 0.01513
0.79689 0.08024
0.79689 -0.06683
0.79690 -0.00739
0.79690 -0.03433
0.79691 -0.01984
0.79691 0.08430
0.79692 0.02630
0.79692 -0.03710
0.79693 -0.08444
0.79693 0.00216
0.79694 0.04348
0.79694 0.01285
0.79695 -0.00466
0.79695 0.01725
0.79696 -0.00576
0.79696 -0.03598
0.79697 0.05059
0.79697 -0.04951
0.79698 -0.03569
0.79698 0.03587
0.79699 -0.03198
0.79699 0.01688
0.79700 0.10364
0.79700 0.07613
0.79701 -0.01485
0.79701 -0.01363
0.79702 0.04068
0.79702 -0.00362
0.79703 -0.00825
0.79703 -0.04861
0.79704 -0.04935
0.79704 0.04708
0.79705 0.04455
0.79705 0.02938
0.79706 0.00100
0.79706 -0.04599
0.79707 0.02990
0.79707 0.01855
0.79708 -0.06992
0.79708 -0.00599
0.79709 0.01522
0.79709 -0.06408
0.79710 -0.01093
0.79710 0.02980
0.79711 -0.00924
0.79711 -0.05840
0.79712 -0.06411
0.79712 0.06903
0.79713 0.01071
0.79713 -0.01521
0.79714 0.02924
0.79714 0.00446
0.79715 -0.03100
0.79715 -0.07835
0.79716 0.06456
0.79716 0.04515
0.79717 -0.06113
0.79717 -0.00908
0.79718 0.03952
0.79718 0.07729
0.79719 0.07839
0.79719 0.02283
0.79720 0.00732
0.79720 0.02583
0.79721 0.01082
0.79721 -0.02948
0.79722 -0.01822
0.79722 0.00841
0.79723 -0.03448
0.79723 -0.00273
0.79724 0.02886
0.79724 -0.07989
0.79725 -0.02683
0.79725 0.00980
0.79726 -0.00775
0.79726 0.00919
0.79727 -0.07425
0.79727 -0.07790
0.79728 -0.04595
0.79728 -0.03730
0.79729 -0.03267
0.79729 -0.00663
0.79730 -0.00037
0.79730 -0.06946
0.79731 -0.03817
0.79731 0.01414
0.79732 -0.02741
0.79732 0.04380
0.79733 0.01673
0.79733 0.00404
0.79734 -0.02315
0.79734 -0.03855
0.79735 -0.01878
0.79735 -0.01964
0.79736 0.01950
0.79736 -0.04719
0.79737 -0.00324
0.79737 0.02807
0.79738 0.01040
0.79738 0.02582
0.79739 0.01068
0.79739 -0.00036
0.79740 -0.06867
0.79740 0.01556
0.79741 0.04638
0.79741 -0.03518
0.79742 0.02563
0.79742 0.00844
0.79743 -0.03882
0.79743 -0.06907
0.79744 0.01041
0.79744 0.08280
0.79745 0.07147
0.79745 0.04617
0.79746 0.00654
0.79746 0.04805
0.79747 -0.02331
0.79747 -0.01537
0.79748 0.03283
0.79748 0.03480
0.79749 0.05366
0.79749 -0.03181
0.79750 -0.02230
0.79750 -0.02914
0.79751 -0.05031
0.79751 -0.01940
0.79752 -0.02321
0.79752 -0.00255
0.79753 -0.01795
0.79753 0.00371
0.79754 -0.03389
0.79754 -0.02462
0.79755 -0.04502
0.79755 -0.09891
0.79756 -0.01422
0.79756 0.01671
0.79757 -0.01868
0.79757 -0.00281
0.79758 0.01924
0.79758 -0.11709
0.79759 -0.07953
0.79759 -0.00436
0.79760 -0.01799
0.79760 0.02797
0.79761 0.00796
0.79761 -0.00360
0.79762 0.03285
0.79762 0.01873
0.79763 -0.04672
0.79763 -0.01650
0.79764 0.03427
0.79764 0.05440
0.79765 -0.01176
0.79765 -0.06681
0.79766 0.01827
0.79766 -0.02539
0.79767 0.02157
0.79767 0.04759
0.79768 0.04183
0.79768 0.00021
0.79769 -0.05928
0.79769 0.01938
0.79770 0.03572
0.79770 0.01928
0.79771 -0.02515
0.79771 -0.02479
0.79772 -0.01985
0.79772 0.02385
0.79773 0.02656
0.79773 0.02191
0.79774 -0.02362
0.79774 -0.10205
0.79775 -0.01690
0.79775 0.03223
0.79776 0.00532
0.79776 -0.04717
0.79777 -0.06585
0.79777 -0.03768
0.79778 -0.00985
0.79778 0.01135
0.79779 0.03120
0.79779 0.04299
0.79780 -0.03279
0.79780 0.00091
0.79781 0.07695
0.79781 0.04293
0.79782 0.00273
0.79782 0.02465
0.79783 0.08664
0.79783 0.00111
0.79784 -0.07591
0.79784 0.00671
0.79785 -0.00699
0.79785 0.05471
0.79786 0.02898
0.79786 0.01480
0.79787 -0.01944
0.79787 -0.08295
0.79788 -0.03342
0.79788 -0.05853
0.79789 0.05698
0.79789 0.02562
0.79790 -0.07707
0.79790 0.02383
0.79791 -0.06687
0.79791 -0.02751
0.79792 0.04628
0.79792 -0.00315
0.79793 0.00119
0.79793 -0.01657
0.79794 0.05804
0.79794 0.00976
0.79795 0.02527
0.79795 0.04018
0.79796 -0.01233
0.79796 0.00595
0.79797 0.02882
0.79797 0.03494
0.79798 -0.08268
0.79798 -0.05408
0.79799 -0.03682
0.79799 -0.09622
0.79800 0.00309
0.79800 -0.03137
0.79801 -0.05429
0.79801 0.01096
0.79802 0.04135
0.79802 -0.00834
0.79803 0.01549
0.79803 -0.02503
0.79804 -0.03708
0.79804 0.02377
0.79805 0.05466
0.79805 0.09961
0.79806 0.01691
0.79806 0.01777
0.79807 -0.01648
0.79807 -0.01375
0.79808 -0.01149
0.79808 -0.08386
0.79809 -0.04378
0.79809 -0.03917
0.79810 -0.04882
0.79810 -0.02106
0.79811 0.00539
0.79811 0.00637
0.79812 -0.04934
0.79812 -0.05236
0.79813 0.02534
0.79813 -0.04034
0.79814 -0.05380
0.79814 0.03493
0.79815 -0.04089
0.79815 -0.01698
0.79816 -0.02053
0.79816 -0.02486
0.79817 0.07896
0.79817 0.02909
0.79818 0.04417
0.79818 0.01204
0.79819 -0.05995
0.79819 -0.00936
0.79820 -0.02383
0.79820 -0.01745
0.79821 0.02002
0.79821 -0.03612
0.79822 -0.02701
0.79822 0.03457
0.79823 -0.05105
0.79823 -0.02524
0.79824 0.06830
0.79824 0.04025
0.79825 0.04872
0.79825 -0.02982
0.79826 -0.01651
0.79826 -0.02663
0.79827 -0.05929
0.79827 0.01005
0.79828 0.04888
0.79828 0.02185
0.79829 -0.01106
0.79829 0.04598
0.79830 -0.01977
0.79830 0.01642
0.79831 -0.01131
0.79831 -0.11118
0.79832 -0.00214
0.79832 0.04007
0.79833 -0.05756
0.79833 0.05939
0.79834 0.10707
0.79834 -0.02847
0.79835 -0.02169
0.79835 -0.01896
0.79836 -0.01831
0.79836 0.05118
0.79837 0.01651
0.79837 -0.07556
0.79838 -0.03952
0.79838 0.02376
0.79839 0.01685
0.79839 0.03132
0.79840 0.05343
0.79840 -0.03370
0.79841 -0.01996
0.79841 0.03102
0.79842 -0.08390
0.79842 -0.05333
0.79843 -0.03327
0.79843 -0.01344
0.79844 0.02310
0.79844 -0.09444
0.79845 -0.03209
0.79845 -0.04114
0.79846 -0.06314
0.79846 0.00452
0.79847 0.07445
0.79847 0.06424
0.79848 -0.01647
0.79848 -0.04238
0.79849 -0.06189
0.79849 0.00646
0.79850 -0.00587
0.79850 -0.02021
0.79851 -0.03395
0.79851 0.01151
0.79852 0.02765
0.79852 0.00831
0.79853 0.01182
0.79853 -0.00551
0.79854 0.05186
0.79854 -0.01037
0.79855 0.02924
0.79855 -0.00787
0.79856 -0.03588
0.79856 -0.00630
0.79857 -0.02258
0.79857 0.02894
0.79858 0.02029
0.79858 0.08450
0.79859 -0.00476
0.79859 -0.02918
0.79860 0.03434
0.79860 -0.02569
0.79861 -0.07729
0.79861 -0.02603
0.79862 0.04362
0.79862 -0.00022
0.79863 0.03888
0.79863 -0.03732
0.79864 -0.02306
0.79864 0.07482
0.79865 -0.02773
0.79865 -0.00418
0.79866 -0.07803
0.79866 -0.05758
0.79867 -0.02766
0.79867 -0.05035
0.79868 0.00135
0.79868 -0.01313
0.79869 0.05063
0.79869 -0.00314
0.79870 -0.05554
0.79870 0.01628
0.79871 -0.00395
0.79871 -0.02904
0.79872 0.03737
0.79872 0.02274
0.79873 -0.02970
0.79873 -0.02615
0.79874 -0.02806
0.79874 -0.00009
0.79875 -0.02721
0.79875 -0.05760
0.79876 0.02096
0.79876 0.00198
0.79877 -0.04131
0.79877 -0.00513
0.79878 0.04537
0.79878 0.05177
0.79879 -0.07574
0.79879 -0.06186
0.79880 0.08882
0.79880 0.04885
0.79881 -0.01178
0.79881 -0.05647
0.79882 -0.05539
0.79882 -0.04103
0.79883 0.04683
0.79883 0.07008
0.79884 -0.05553
0.79884 -0.01820
0.79885 0.04587
0.79885 0.03157
0.79886 -0.07208
0.79886 -0.06627
0.79887 0.03969
0.79887 -0.07910
0.79888 -0.03009
0.79888 0.04600
0.79889 -0.05203
0.79889 -0.00269
0.79890 -0.03408
0.79890 -0.08150
0.79891 -0.04637
0.79891 -0.03522
0.79892 0.00802
0.79892 0.00221
0.79893 0.02987
0.79893 -0.01816
0.79894 0.01154
0.79894 0.04535
0.79895 -0.04027
0.79895 0.01996
0.79896 -0.01006
0.79896 0.01634
0.79897 0.01710
0.79897 -0.03135
0.79898 0.00914
0.79898 0.00497
0.79899 0.03178
0.79899 -0.01573
0.79900 -0.09800
0.79900 -0.07318
0.79901 0.03567
0.79901 0.05880
0.79902 0.05339
0.79902 0.01919
0.79903 0.03828
0.79903 0.01564
0.79904 -0.06058
0.79904 0.00588
0.79905 -0.03374
0.79905 -0.06154
0.79906 -0.04625
0.79906 -0.00032
0.79907 -0.05675
0.79907 -0.05758
0.79908 0.04147
0.79908 -0.00412
0.79909 -0.00925
0.79909 0.01735
0.79910 0.03758
0.79910 -0.02448
0.79911 -0.09439
0.79911 0.01543
0.79912 0.03915
0.79912 0.01010
0.79913 -0.01911
0.79913 0.03154
0.79914 -0.00214
0.79914 -0.09777
0.79915 0.00060
0.79915 0.08108
0.79916 0.06278
0.79916 -0.02509
0.79917 -0.03974
0.79917 -0.01283
0.79918 -0.02455
0.79918 0.04971
0.79919 0.05173
0.79919 0.02314
0.79920 0.03325
0.79920 -0.00235
0.79921 0.02181
0.79921 0.00453
0.79922 0.01582
0.79922 -0.00208
0.79923 -0.04489
0.79923 0.00444
0.79924 -0.02515
0.79924 -0.00788
0.79925 0.04428
0.79925 -0.00736
0.79926 -0.02328
0.79926 -0.03607
0.79927 0.00092
0.79927 0.01267
0.79928 0.04398
0.79928 0.03830
0.79929 0.00741
0.79929 -0.01170
0.79930 -0.05410
0.79930 -0.07878
0.79931 0.00861
0.79931 0.01869
0.79932 0.02229
0.79932 0.02389
0.79933 0.00252
0.79933 -0.03038
0.79934 -0.03261
0.79934 0.07474
0.79935 -0.01128
0.79935 -0.00431
0.79936 -0.04548
0.79936 -0.05946
0.79937 -0.00192
0.79937 0.02985
0.79938 0.04816
0.79938 -0.02069
0.79939 -0.00942
0.79939 -0.04100
0.79940 0.03542
0.79940 0.01767
0.79941 -0.06384
0.79941 0.05855
0.79942 0.01699
0.79942 0.04375
0.79943 0.06787
0.79943 -0.02369
0.79944 -0.00875
0.79944 -0.03208
0.79945 -0.00418
0.79945 -0.02334
0.79946 -0.03345
0.79946 0.05826
0.79947 0.05704
0.79947 -0.00524
0.79948 0.01851
0.79948 0.02752
0.79949 -0.04884
0.79949 0.04344
0.79950 0.07411
0.79950 -0.02064
0.79951 -0.01698
0.79951 0.02097
0.79952 0.05809
0.79952 -0.01020
0.79953 -0.07010
0.79953 -0.02961
0.79954 0.00325
0.79954 -0.01985
0.79955 -0.05371
0.79955 -0.06235
0.79956 0.03183
0.79956 0.00768
0.79957 -0.03562
0.79957 0.02878
0.79958 0.00989
0.79958 -0.01845
0.79959 -0.07613
0.79959 -0.05319
0.79960 -0.01416
0.79960 -0.03135
0.79961 0.01296
0.79961 0.00866
0.79962 0.00730
0.79962 0.06585
0.79963 -0.10543
0.79963 -0.05400
0.79964 0.08929
0.79964 0.03433
0.79965 0.03114
0.79965 0.00401
0.79966 -0.02230
0.79966 0.04069
0.79967 0.04532
0.79967 0.04843
0.79968 0.00073
0.79968 -0.05840
0.79969 0.01769
0.79969 0.03685
0.79970 0.00867
0.79970 -0.03575
0.79971 -0.05919
0.79971 0.01370
0.79972 0.05275
0.79972 0.02601
0.79973 0.01705
0.79973 0.00970
0.79974 -0.00310
0.79974 0.00904
0.79975 0.02362
0.79975 -0.00958
0.79976 -0.00613
0.79976 -0.04389
0.79977 -0.06254
0.79977 -0.00347
0.79978 0.02017
0.79978 -0.00817
0.79979 0.01624
0.79979 -0.05617
0.79980 -0.04457
0.79980 0.02481
0.79981 -0.02208
0.79981 0.00478
0.79982 -0.03342
0.79982 -0.07070
0.79983 0.04092
0.79983 0.00309
0.79984 -0.03800
0.79984 0.03839
0.79985 -0.04195
0.79985 -0.03787
0.79986 0.03660
0.79986 -0.04582
0.79987 -0.00027
0.79987 0.04250
0.79988 0.00909
0.79988 0.01550
0.79989 -0.05101
0.79989 -0.01270
0.79990 -0.04082
0.79990 -0.08106
0.79991 -0.02033
0.79991 -0.05539
0.79992 0.02883
0.79992 0.08324
0.79993 -0.00744
0.79993 -0.03142
0.79994 -0.06999
0.79994 -0.04897
0.79995 0.00654
0.79995 0.07988
0.79996 0.00756
0.79996 -0.05342
0.79997 0.03598
0.79997 0.01082
0.79998 0.02806
0.79998 0.01104
0.79999 0.06018
0.79999 0.10773
0.80000 -0.04667
0.80000 0.00630
0.80001 -0.01143
0.80001 -0.06660
0.80002 0.00973
0.80002 0.00541
0.80003 0.04897
0.80003 -0.00051
0.80004 0.01842
0.80004 0.04739
0.80005 0.06785
0.80005 -0.03014
0.80006 -0.01687
0.80006 0.03415
0.80007 -0.06156
0.80007 0.03778
0.80008 -0.06453
0.80008 -0.00250
0.80009 0.01993
0.80009 0.00497
0.80010 0.03467
0.80010 -0.03973
0.80011 -0.00379
0.80011 -0.06881
0.80012 -0.03033
0.80012 -0.00985
0.80013 -0.03968
0.80013 -0.03195
0.80014 -0.06244
0.80014 -0.00189
0.80015 0.02764
0.80015 -0.05458
0.80016 -0.08045
0.80016 -0.04299
0.80017 0.01303
0.80017 -0.00656
0.80018 -0.07967
0.80018 0.00159
0.80019 0.00800
0.80019 0.01048
0.80020 0.01391
0.80020 -0.02301
0.80021 0.01219
0.80021 0.01730
0.80022 0.05384
0.80022 0.04235
0.80023 -0.00812
0.80023 -0.01722
0.80024 0.01325
0.80024 0.01426
0.80025 0.01446
0.80025 -0.01017
0.80026 0.00109
0.80026 -0.02382
0.80027 -0.01913
0.80027 0.01148
0.80028 -0.00072
0.80028 0.03759
0.80029 0.00842
0.80029 0.00062
0.80030 -0.01298
0.80030 -0.01146
0.80031 0.03038
0.80031 -0.02983
0.80032 0.00453
0.80032 0.01370
0.80033 0.01786
0.80033 0.05619
0.80034 -0.00094
0.80034 0.00618
0.80035 -0.01049
0.80035 0.03038
0.80036 0.00326
0.80036 -0.06164
0.80037 0.08271
0.80037 0.06094
0.80038 -0.04216
0.80038 -0.01171
0.80039 0.00869
0.80039 0.01401
0.80040 0.01547
0.80040 -0.01696
0.80041 -0.01933
0.80041 0.00667
0.80042 -0.03268
0.80042 -0.03736
0.80043 -0.00125
0.80043 0.03152
0.80044 -0.00655
0.80044 0.05210
0.80045 0.06461
0.80045 -0.02397
0.80046 -0.06172
0.80046 0.03054
0.80047 0.08102
0.80047 -0.04164
0.80048 -0.02820
0.80048 -0.05085
0.80049 -0.07288
0.80049 -0.02605
0.80050 -0.00796
0.80050 -0.01105
0.80051 0.03583
0.80051 -0.01566
0.80052 -0.05198
0.80052 0.05888
0.80053 0.05386
0.80053 -0.01801
0.80054 -0.03981
0.80054 -0.00842
0.80055 0.03906
0.80055 0.01488
0.80056 0.03721
0.80056 -0.00816
0.80057 0.00673
0.80057 0.08396
0.80058 -0.05494
0.80058 0.03216
0.80059 0.06023
0.80059 -0.04557
0.80060 0.02544
0.80060 0.01124
0.80061 0.08536
0.80061 0.03300
0.80062 -0.07306
0.80062 0.01636
0.80063 -0.02990
0.80063 0.01882
0.80064 -0.03463
0.80064 -0.05390
0.80065 -0.00639
0.80065 -0.00232
0.80066 0.06723
0.80066 -0.00080
0.80067 -0.00058
0.80067 -0.00606
0.80068 -0.04934
0.80068 -0.00278
0.80069 -0.01462
0.80069 -0.05030
0.80070 -0.01675
0.80070 -0.03377
0.80071 -0.03293
0.80071 -0.02590
0.80072 -0.01963
0.80072 0.00571
0.80073 -0.03567
0.80073 0.02454
0.80074 -0.02054
0.80074 -0.06317
0.80075 0.02978
0.80075 -0.00633
0.80076 0.01671
0.80076 -0.01821
0.80077 0.00677
0.80077 0.00571
0.80078 -0.03189
0.80078 0.02379
0.80079 -0.01547
0.80079 -0.07655
0.80080 -0.00380
0.80080 0.09445
0.80081 0.03035
0.80081 -0.08874
0.80082 -0.01964
0.80082 0.03546
0.80083 -0.04003
0.80083 0.04077
0.80084 -0.02633
0.80084 0.01076
0.80085 0.06908
0.80085 -0.01488
0.80086 0.07873
0.80086 0.00262
0.80087 0.00349
0.80087 0.03151
0.80088 -0.04780
0.80088 -0.00521
0.80089 0.01073
0.80089 0.00666
0.80090 0.04002
0.80090 0.06342
0.80091 -0.00828
0.80091 -0.00275
0.80092 0.02530
0.80092 0.00313
0.80093 0.08669
0.80093 0.06998
0.80094 0.02405
0.80094 0.05146
0.80095 0.03726
0.80095 0.07144
0.80096 0.05675
0.80096 -0.03593
0.80097 -0.02004
0.80097 0.03842
0.80098 -0.00309
0.80098 -0.02879
0.80099 -0.01352
0.80099 0.01519
0.80100 -0.01200
0.80100 -0.01781
0.80101 -0.06063
0.80101 -0.08219
0.80102 0.04169
0.80102 0.06969
0.80103 0.01721
0.80103 -0.05297
0.80104 0.01546
0.80104 0.01037
0.80105 -0.04175
0.80105 -0.00212
0.80106 0.00865
0.80106 0.00543
0.80107 -0.08113
0.80107 -0.03682
0.80108 0.06377
0.80108 -0.02481
0.80109 -0.01629
0.80109 0.03578
0.80110 0.00577
0.80110 0.01678
0.80111 0.04822
0.80111 0.03659
0.80112 0.01419
0.80112 0.00386
0.80113 -0.03733
0.80113 -0.01360
0.80114 0.01186
0.80114 0.02949
0.80115 0.05073
0.80115 0.00156
0.80116 0.00209
0.80116 0.08521
0.80117 0.04772
0.80117 -0.02968
0.80118 -0.01075
0.80118 -0.00730
0.80119 -0.02350
0.80119 0.01402
0.80120 0.05347
0.80120 -0.02733
0.80121 -0.04678
0.80121 -0.01839
0.80122 -0.06745
0.80122 0.02071
0.80123 0.00730
0.80123 0.02792
0.80124 -0.01249
0.80124 -0.00381
0.80125 0.07815
0.80125 -0.03889
0.80126 -0.02063
0.80126 -0.04168
0.80127 -0.02626
0.80127 0.02069
0.80128 0.04895
0.80128 0.00242
0.80129 -0.00042
0.80129 0.04133
0.80130 -0.03289
0.80130 0.01304
0.80131 0.06069
0.80131 -0.03303
0.80132 0.01450
0.80132 0.03711
0.80133 0.03423
0.80133 0.04231
0.80134 -0.04813
0.80134 -0.00382
0.80135 0.03109
0.80135 0.03960
0.80136 -0.00965
0.80136 0.00630
0.80137 -0.03807
0.80137 0.00059
0.80138 0.04370
0.80138 -0.00794
0.80139 0.03714
0.80139 -0.01363
0.80140 -0.03092
0.80140 0.01402
0.80141 0.01510
0.80141 0.03177
0.80142 0.06486
0.80142 0.01237
0.80143 0.00772
0.80143 0.05150
0.80144 0.02752
0.80144 -0.01820
0.80145 0.00336
0.80145 0.05177
0.80146 0.05459
0.80146 0.02428
0.80147 -0.05305
0.80147 -0.00503
0.80148 0.08943
0.80148 0.03967
0.80149 0.00114
0.80149 0.01717
0.80150 0.06864
0.80150 0.00641
0.80151 -0.01155
0.80151 0.04426
0.80152 0.05710
0.80152 -0.01516
0.80153 0.01339
0.80153 0.08437
0.80154 0.01425
0.80154 -0.01964
0.80155 -0.00446
0.80155 -0.00645
0.80156 0.03394
0.80156 0.01468
0.80157 0.00737
0.80157 0.01415
0.80158 0.02229
0.80158 0.02665
0.80159 -0.02429
0.80159 0.03189
0.80160 0.04769
0.80160 0.04388
0.80161 0.06708
0.80161 0.10158
0.80162 0.04220
0.80162 -0.04815
0.80163 -0.01150
0.80163 0.05871
0.80164 0.04707
0.80164 -0.03089
0.80165 0.01092
0.80165 0.05256
0.80166 -0.05374
0.80166 0.04299
0.80167 0.01873
0.80167 0.00960
0.80168 0.13103
0.80168 0.01529
0.80169 -0.00535
0.80169 0.02119
0.80170 0.04511
0.80170 0.07658
0.80171 0.05104
0.80171 0.06135
0.80172 0.00427
0.80172 0.01533
0.80173 0.06502
0.80173 0.02760
0.80174 0.04174
0.80174 0.04168
0.80175 0.05729
0.80175 0.12923
0.80176 0.06240
0.80176 -0.00233
0.80177 0.06001
0.80177 0.10573
0.80178 0.07287
0.80178 -0.02591
0.80179 -0.00592
0.80179 0.05895
0.80180 0.06292
0.80180 0.08007
0.80181 0.08860
0.80181 0.10711
0.80182 0.13078
0.80182 0.06557
0.80183 0.04382
0.80183 0.05741
0.80184 0.09609
0.80184 0.07762
0.80185 0.09757
0.80185 0.13163
0.80186 0.10966
0.80186 0.08358
0.80187 0.03062
0.80187 -0.00561
0.80188 0.04166
0.80188 0.04861
0.80189 0.11636
0.80189 0.14917
0.80190 0.04842
0.80190 0.12894
0.80191 0.10502
0.80191 0.07257
0.80192 0.09349
0.80192 0.08748
0.80193 0.09502
0.80193 0.13834
0.80194 0.18670
0.80194 0.06952
0.80195 0.03508
0.80195 0.09198
0.80196 0.14135
0.80196 0.07027
0.80197 0.06171
0.80197 0.11181
0.80198 0.10690
0.80198 0.15640
0.80199 0.06113
0.80199 0.08570
0.80200 0.15122
0.80200 0.11120
0.80201 0.16568
0.80201 0.10278
0.80202 0.08398
0.80202 0.14586
0.80203 0.10828
0.80203 0.12964
0.80204 0.07980
0.80204 0.07639
0.80205 0.12441
0.80205 0.12884
0.80206 0.09630
0.80206 0.18323
0.80207 0.17350
0.80207 0.09681
0.80208 0.15768
0.80208 0.17193
0.80209 0.15228
0.80209 0.17209
0.80210 0.14978
0.80210 0.07905
0.80211 0.11737
0.80211 0.22038
0.80212 0.25135
0.80212 0.19824
0.80213 0.20975
0.80213 0.20519
0.80214 0.28408
0.80214 0.24621
0.80215 0.13062
0.80215 0.19014
0.80216 0.15120
0.80216 0.15953
0.80217 0.14468
0.80217 0.18654
0.80218 0.28174
0.80218 0.19525
0.80219 0.24869
0.80219 0.21717
0.80220 0.16348
0.80220 0.26260
0.80221 0.25090
0.80221 0.22221
0.80222 0.24860
0.80222 0.17753
0.80223 0.15338
0.80223 0.27204
0.80224 0.28610
0.80224 0.30992
0.80225 0.31249
0.80225 0.19175
0.80226 0.21257
0.80226 0.28996
0.80227 0.27321
0.80227 0.22110
0.80228 0.24430
0.80228 0.26917
0.80229 0.26185
0.80229 0.24782
0.80230 0.22612
0.80230 0.24149
0.80231 0.31713
0.80231 0.32532
0.80232 0.41944
0.80232 0.36437
0.80233 0.24061
0.80233 0.27851
0.80234 0.27506
0.80234 0.37823
0.80235 0.33557
0.80235 0.29173
0.80236 0.28583
0.80236 0.31361
0.80237 0.34882
0.80237 0.28271
0.80238 0.30987
0.80238 0.38633
0.80239 0.38412
0.80239 0.31812
0.80240 0.32412
0.80240 0.38223
0.80241 0.35019
0.80241 0.37343
0.80242 0.38980
0.80242 0.30493
0.80243 0.39767
0.80243 0.38648
0.80244 0.32767
0.80244 0.39280
0.80245 0.35247
0.80245 0.38069
0.80246 0.37740
0.80246 0.33934
0.80247 0.41696
0.80247 0.42292
0.80248 0.38333
0.80248 0.37389
0.80249 0.46838
0.80249 0.45462
0.80250 0.42121
0.80250 0.48976
0.80251 0.36858
0.80251 0.46977
0.80252 0.48764
0.80252 0.39753
0.80253 0.44467
0.80253 0.41805
0.80254 0.42170
0.80254 0.37846
0.80255 0.50594
0.80255 0.46873
0.80256 0.39473
0.80256 0.48140
0.80257 0.43721
0.80257 0.47849
0.80258 0.45085
0.80258 0.50017
0.80259 0.47537
0.80259 0.40807
0.80260 0.55047
0.80260 0.58938
0.80261 0.45918
0.80261 0.45681
0.80262 0.56252
0.80262 0.48113
0.80263 0.51889
0.80263 0.57029
0.80264 0.41036
0.80264 0.45832
0.80265 0.51263
0.80265 0.47898
0.80266 0.57417
0.80266 0.48409
0.80267 0.51268
0.80267 0.55617
0.80268 0.58489
0.80268 0.63246
0.80269 0.51104
0.80269 0.48671
0.80270 0.43376
0.80270 0.55367
0.80271 0.61878
0.80271 0.51757
0.80272 0.56550
0.80272 0.54248
0.80273 0.52017
0.80273 0.51692
0.80274 0.58991
0.80274 0.59705
0.80275 0.49273
0.80275 0.60706
0.80276 0.65812
0.80276 0.65514
0.80277 0.59829
0.80277 0.60115
0.80278 0.69914
0.80278 0.61738
0.80279 0.56072
0.80279 0.55141
0.80280 0.57573
0.80280 0.67720
0.80281 0.58249
0.80281 0.56304
0.80282 0.65486
0.80282 0.57463
0.80283 0.64209
0.80283 0.71779
0.80284 0.67448
0.80284 0.55475
0.80285 0.60100
0.80285 0.68449
0.80286 0.60366
0.80286 0.59510
0.80287 0.67145
0.80287 0.71395
0.80288 0.57960
0.80288 0.65283
0.80289 0.78589
0.80289 0.67604
0.80290 0.67834
0.80290 0.72087
0.80291 0.74544
0.80291 0.67900
0.80292 0.61375
0.80292 0.65079
0.80293 0.67721
0.80293 0.67330
0.80294 0.70736
0.80294 0.71288
0.80295 0.70492
0.80295 0.76724
0.80296 0.76405
0.80296 0.72875
0.80297 0.70519
0.80297 0.64980
0.80298 0.72947
0.80298 0.81489
0.80299 0.71876
0.80299 0.76638
0.80300 0.77215
0.80300 0.72710
0.80301 0.70356
0.80301 0.77737
0.80302 0.72395
0.80302 0.72729
0.80303 0.85612
0.80303 0.76936
0.80304 0.78113
0.80304 0.76936
0.80305 0.76726
0.80305 0.72772
0.80306 0.65174
0.80306 0.68225
0.80307 0.79306
0.80307 0.84623
0.80308 0.82749
0.80308 0.83684
0.80309 0.82498
0.80309 0.85234
0.80310 0.81188
0.80310 0.75458
0.80311 0.75227
0.80311 0.76774
0.80312 0.82816
0.80312 0.88072
0.80313 0.85600
0.80313 0.79951
0.80314 0.76977
0.80314 0.74394
0.80315 0.77586
0.80315 0.80223
0.80316 0.87356
0.80316 0.83991
0.80317 0.77731
0.80317 0.89186
0.80318 0.93717
0.80318 0.80343
0.80319 0.79593
0.80319 0.82229
0.80320 0.87768
0.80320 0.93752
0.80321 0.85837
0.80321 0.88892
0.80322 0.79977
0.80322 0.78669
0.80323 0.88767
0.80323 0.83999
0.80324 0.93207
0.80324 0.90835
0.80325 0.85782
0.80325 0.90981
0.80326 0.91328
0.80326 0.82811
0.80327 0.86066
0.80327 0.93409
0.80328 0.87846
0.80328 0.92753
0.80329 0.90996
0.80329 0.88801
0.80330 0.92488
0.80330 0.92091
0.80331 0.92662
0.80331 0.95433
0.80332 0.96184
0.80332 0.97227
0.80333 0.95594
0.80333 0.87775
0.80334 0.97140
0.80334 0.95634
0.80335 0.76754
0.80335 0.94673
0.80336 1.01457
0.80336 0.87709
0.80337 0.89707
0.80337 0.97892
0.80338 0.93010
0.80338 0.86263
0.80339 0.97738
0.80339 1.00201
0.80340 0.95339
0.80340 0.91826
0.80341 0.99244
0.80341 0.94425
0.80342 0.80427
0.80342 0.94638
0.80343 1.00943
0.80343 0.95500
0.80344 0.97136
0.80344 1.03301
0.80345 0.93848
0.80345 0.95934
0.80346 1.01812
0.80346 0.93809
0.80347 1.07182
0.80347 1.04840
0.80348 0.95198
0.80348 1.05321
0.80349 1.01469
0.80349 0.87878
0.80350 0.98471
0.80350 1.00849
0.80351 0.90279
0.80351 1.06606
0.80352 1.10350
0.80352 1.02399
0.80353 1.04184
0.80353 0.95457
0.80354 0.96550
0.80354 1.07037
0.80355 1.06436
0.80355 1.04433
0.80356 1.04598
0.80356 0.96203
0.80357 0.93722
0.80357 0.99023
0.80358 1.00290
0.80358 1.01156
0.80359 1.05443
0.80359 1.07068
0.80360 1.06631
0.80360 0.98866
0.80361 1.05337
0.80361 1.08142
0.80362 1.00636
0.80362 1.04923
0.80363 0.96406
0.80363 1.03465
0.80364 0.95317
0.80364 0.92579
0.80365 1.10406
0.80365 1.07766
0.80366 1.04714
0.80366 1.02698
0.80367 1.01645
0.80367 1.08062
0.80368 1.07601
0.80368 1.02473
0.80369 1.01028
0.80369 1.11412
0.80370 1.13824
0.80370 1.03215
0.80371 1.06621
0.80371 1.11617
0.80372 1.12138
0.80372 1.05566
0.80373 1.04506
0.80373 1.05865
0.80374 1.06280
0.80374 1.06467
0.80375 1.08534
0.80375 1.08989
0.80376 1.03750
0.80376 1.08380
0.80377 1.12553
0.80377 1.04436
0.80378 1.06369
0.80378 1.07156
0.80379 1.10617
0.80379 1.10162
0.80380 1.05402
0.80380 1.13868
0.80381 1.05428
0.80381 0.98817
0.80382 1.13458
0.80382 1.15471
0.80383 1.12286
0.80383 1.13583
0.80384 1.12364
0.80384 1.13344
0.80385 1.18551
0.80385 1.03973
0.80386 0.96481
0.80386 1.01171
0.80387 1.07735
0.80387 1.11624
0.80388 1.03295
0.80388 1.12327
0.80389 1.11257
0.80389 1.10001
0.80390 1.14246
0.80390 1.10724
0.80391 1.11768
0.80391 1.11404
0.80392 1.06704
0.80392 1.10517
0.80393 1.09650
0.80393 1.13421
0.80394 1.17878
0.80394 1.15950
0.80395 1.12166
0.80395 1.10466
0.80396 1.12052
0.80396 1.11201
0.80397 1.10936
0.80397 1.12708
0.80398 1.14904
0.80398 1.05009
0.80399 1.11705
0.80399 1.17576
0.80400 1.11006
0.80400 1.09646
0.80401 1.07233
0.80401 1.06704
0.80402 1.08728
0.80402 1.14245
0.80403 1.15243
0.80403 1.14078
0.80404 1.09944
0.80404 1.13152
0.80405 1.12318
0.80405 1.03506
0.80406 1.13425
0.80406 1.16419
0.80407 1.07633
0.80407 1.09066
0.80408 1.10774
0.80408 1.10799
0.80409 1.08607
0.80409 1.10158
0.80410 1.14441
0.80410 1.09168
0.80411 1.08149
0.80411 1.17943
0.80412 1.15777
0.80412 1.14855
0.80413 1.14290
0.80413 1.16168
0.80414 1.14783
0.80414 1.01351
0.80415 1.12379
0.80415 1.17793
0.80416 1.10324
0.80416 1.15074
0.80417 1.19933
0.80417 1.14928
0.80418 1.04112
0.80418 1.12614
0.80419 1.11260
0.80419 1.09688
0.80420 1.15096
0.80420 1.21715
0.80421 1.26340
0.80421 1.22104
0.80422 1.22690
0.80422 1.14780
0.80423 1.14870
0.80423 1.12262
0.80424 1.09134
0.80424 1.07723
0.80425 1.16873
0.80425 1.22601
0.80426 1.12833
0.80426 1.16299
0.80427 1.11367
0.80427 1.06598
0.80428 1.22003
0.80428 1.18314
0.80429 1.21497
0.80429 1.21705
0.80430 1.17757
0.80430 1.20824
0.80431 1.15520
0.80431 1.12499
0.80432 1.13758
0.80432 1.13079
0.80433 1.12982
0.80433 1.17183
0.80434 1.16171
0.80434 1.18957
0.80435 1.15766
0.80435 1.07543
0.80436 1.11063
0.80436 1.18185
0.80437 1.21641
0.80437 1.17207
0.80438 1.17478
0.80438 1.13445
0.80439 1.15198
0.80439 1.22327
0.80440 1.12155
0.80440 1.15412
0.80441 1.10278
0.80441 1.10815
0.80442 1.20436
0.80442 1.15803
0.80443 1.16467
0.80443 1.21444
0.80444 1.11021
0.80444 1.20007
0.80445 1.18754
0.80445 1.13809
0.80446 1.22681
0.80446 1.11640
0.80447 1.18574
0.80447 1.21026
0.80448 1.17462
0.80448 1.20930
0.80449 1.20249
0.80449 1.19909
0.80450 1.14857
0.80450 1.13182
0.80451 1.12289
0.80451 1.21412
0.80452 1.18203
0.80452 1.11903
0.80453 1.12113
0.80453 1.18183
0.80454 1.22381
0.80454 1.21957
0.80455 1.25192
0.80455 1.20376
0.80456 1.18902
0.80456 1.10681
0.80457 1.21610
0.80457 1.20070
0.80458 1.14466
0.80458 1.17128
0.80459 1.13496
0.80459 1.21339
0.80460 1.15224
0.80460 1.20723
0.80461 1.19532
0.80461 1.03847
0.80462 1.11266
0.80462 1.07432
0.80463 1.11221
0.80463 1.21859
0.80464 1.18790
0.80464 1.14659
0.80465 1.15583
0.80465 1.13349
0.80466 1.12022
0.80466 1.16091
0.80467 1.12554
0.80467 1.04421
0.80468 1.07797
0.80468 1.06666
0.80469 1.08354
0.80469 1.21110
0.80470 1.20988
0.80470 1.18641
0.80471 1.19180
0.80471 1.15132
0.80472 1.12113
0.80472 1.13058
0.80473 1.10013
0.80473 1.01322
0.80474 1.03941
0.80474 1.14704
0.80475 1.08042
0.80475 1.11239
0.80476 1.16024
0.80476 1.08518
0.80477 1.09607
0.80477 1.05796
0.80478 1.11555
0.80478 1.20798
0.80479 1.06888
0.80479 1.02545
0.80480 1.10703
0.80480 1.12028
0.80481 1.10215
0.80481 1.15135
0.80482 1.14689
0.80482 1.14656
0.80483 1.09759
0.80483 1.07920
0.80484 1.09141
0.80484 1.03993
0.80485 1.05733
0.80485 0.99544
0.80486 1.01283
0.80486 1.10324
0.80487 1.10438
0.80487 1.00619
0.80488 1.01088
0.80488 1.06632
0.80489 0.99712
0.80489 1.02504
0.80490 1.02757
0.80490 1.04275
0.80491 1.09243
0.80491 1.06579
0.80492 1.07947
0.80492 1.08030
0.80493 1.08450
0.80493 1.06991
0.80494 1.02945
0.80494 1.03141
0.80495 1.08747
0.80495 1.03376
0.80496 1.01236
0.80496 1.12966
0.80497 1.07409
0.80497 1.04716
0.80498 1.04083
0.80498 1.05437
0.80499 1.16809
0.80499 1.07999
0.80500 1.01445
0.80500 1.07493
0.80501 1.00999
0.80501 1.00791
0.80502 0.99861
0.80502 1.00714
0.80503 1.06783
0.80503 0.99158
0.80504 0.98557
0.80504 1.04516
0.80505 1.02048
0.80505 0.99995
0.80506 1.00528
0.80506 1.04437
0.80507 1.00912
0.80507 0.97592
0.80508 1.02531
0.80508 1.03391
0.80509 1.09082
0.80509 0.99937
0.80510 0.99117
0.80510 1.00928
0.80511 0.96785
0.80511 1.00717
0.80512 0.96094
0.80512 1.05801
0.80513 1.00724
0.80513 1.01500
0.80514 1.07397
0.80514 1.02909
0.80515 1.05082
0.80515 0.98571
0.80516 1.00474
0.80516 0.97154
0.80517 0.99155
0.80517 1.01941
0.80518 1.00272
0.80518 1.01197
0.80519 1.04897
0.80519 1.03805
0.80520 0.93851
0.80520 0.99302
0.80521 1.02174
0.80521 1.06857
0.80522 1.05602
0.80522 0.98429
0.80523 1.04577
0.80523 0.99516
0.80524 0.92333
0.80524 0.88889
0.80525 1.01962
0.80525 1.07065
0.80526 0.97094
0.80526 0.99359
0.80527 0.95720
0.80527 0.96471
0.80528 0.98956
0.80528 1.04498
0.80529 1.03654
0.80529 0.90099
0.80530 0.98633
0.80530 1.04306
0.80531 1.02368
0.80531 1.07475
0.80532 0.95023
0.80532 0.97850
0.80533 0.98481
0.80533 0.97769
0.80534 1.03283
0.80534 0.95044
0.80535 1.01757
0.80535 0.94630
0.80536 0.93523
0.80536 0.99381
0.80537 1.03124
0.80537 1.06902
0.80538 0.96488
0.80538 1.01217
0.80539 0.93710
0.80539 0.92373
0.80540 0.99907
0.80540 1.05007
0.80541 1.05495
0.80541 1.00071
0.80542 0.99960
0.80542 0.96449
0.80543 0.95290
0.80543 0.94064
0.80544 1.01238
0.80544 1.02780
0.80545 0.98479
0.80545 1.01308
0.80546 1.00601
0.80546 0.94792
0.80547 0.97764
0.80547 1.04833
0.80548 1.01844
0.80548 0.90931
0.80549 0.90366
0.80549 0.95934
0.80550 0.96541
0.80550 0.96273
0.80551 1.04433
0.80551 1.06762
0.80552 0.97460
0.80552 0.99611
0.80553 0.97814
0.80553 0.88807
0.80554 0.93757
0.80554 1.02184
0.80555 1.04762
0.80555 1.01054
0.80556 0.94104
0.80556 0.94282
0.80557 0.88647
0.80557 0.95475
0.80558 1.02548
0.80558 0.96526
0.80559 1.06634
0.80559 1.00845
0.80560 0.91374
0.80560 0.90196
0.80561 0.92434
0.80561 0.93738
0.80562 0.94114
0.80562 0.98821
0.80563 0.97612
0.80563 0.92287
0.80564 0.87384
0.80564 0.97604
0.80565 1.09670
0.80565 0.97837
0.80566 0.94619
0.80566 1.06556
0.80567 0.95691
0.80567 0.93681
0.80568 1.03264
0.80568 0.99339
0.80569 0.98883
0.80569 0.93256
0.80570 0.99572
0.80570 1.01405
0.80571 0.97539
0.80571 1.05718
0.80572 0.92643
0.80572 0.89364
0.80573 1.01101
0.80573 0.99938
0.80574 0.96617
0.80574 0.98005
0.80575 0.93567
0.80575 0.97511
0.80576 0.98559
0.80576 0.99553
0.80577 0.96617
0.80577 0.89365
0.80578 0.93639
0.80578 0.93923
0.80579 0.94182
0.80579 0.91058
0.80580 0.90802
0.80580 0.95698
0.80581 0.94211
0.80581 0.97917
0.80582 0.94522
0.80582 0.98540
0.80583 1.00531
0.80583 0.89327
0.80584 0.93056
0.80584 0.98466
0.80585 0.98232
0.80585 1.00349
0.80586 1.01842
0.80586 0.89638
0.80587 0.96476
0.80587 0.94453
0.80588 0.92772
0.80588 1.02613
0.80589 0.89692
0.80589 0.87093
0.80590 0.95530
0.80590 1.00722
0.80591 0.90680
0.80591 0.90436
0.80592 0.96844
0.80592 0.95038
0.80593 0.96417
0.80593 0.92815
0.80594 0.93425
0.80594 0.96126
0.80595 0.98006
0.80595 0.89288
0.80596 0.94967
0.80596 0.96962
0.80597 0.93326
0.80597 1.04381
0.80598 0.98538
0.80598 0.96810
0.80599 0.91873
0.80599 0.86550
0.80600 0.88335
0.80600 0.98990
0.80601 0.99670
0.80601 0.93875
0.80602 1.01389
0.80602 0.94254
0.80603 1.01287
0.80603 0.94774
0.80604 0.92192
0.80604 1.02578
0.80605 0.95878
0.80605 0.92903
0.80606 0.88110
0.80606 0.92530
0.80607 0.93850
0.80607 0.94070
0.80608 0.95483
0.80608 0.99921
0.80609 1.00520
0.80609 0.89333
0.80610 0.91331
0.80610 0.92299
0.80611 0.82839
0.80611 0.88503
0.80612 0.93999
0.80612 1.01670
0.80613 0.98140
0.80613 0.92539
0.80614 0.93136
0.80614 0.94466
0.80615 0.99210
0.80615 0.90196
0.80616 0.95728
0.80616 0.99571
0.80617 0.86980
0.80617 0.91859
0.80618 0.95257
0.80618 0.84624
0.80619 0.83863
0.80619 0.88061
0.80620 0.93345
0.80620 0.93409
0.80621 0.97188
0.80621 0.88037
0.80622 0.85067
0.80622 0.96167
0.80623 0.92506
0.80623 0.94821
0.80624 0.90052
0.80624 0.93029
0.80625 0.92236
0.80625 0.93748
0.80626 0.95452
0.80626 0.82966
0.80627 0.97208
0.80627 0.93464
0.80628 0.90298
0.80628 0.94637
0.80629 0.89201
0.80629 1.02515
0.80630 0.96547
0.80630 0.94190
0.80631 0.97705
0.80631 0.86136
0.80632 0.88469
0.80632 0.93948
0.80633 0.94404
0.80633 0.90547
0.80634 0.92925
0.80634 0.95601
0.80635 0.85878
0.80635 0.91118
0.80636 0.94388
0.80636 0.90513
0.80637 0.97995
0.80637 0.91599
0.80638 0.90126
0.80638 0.95670
0.80639 0.83689
0.80639 0.84661
0.80640 0.90283
0.80640 0.85576
0.80641 0.86975
0.80641 0.90130
0.80642 1.01259
0.80642 0.99078
0.80643 0.90289
0.80643 0.90216
0.80644 0.92220
0.80644 0.93440
0.80645 0.89605
0.80645 0.93629
0.80646 0.90730
0.80646 0.93164
0.80647 1.04333
0.80647 0.92628
0.80648 0.95793
0.80648 0.95409
0.80649 0.85185
0.80649 0.89560
0.80650 0.85900
0.80650 0.89076
0.80651 0.93656
0.80651 0.92883
0.80652 0.87525
0.80652 0.88533
0.80653 0.97221
0.80653 0.93333
0.80654 0.95796
0.80654 0.98224
0.80655 0.85077
0.80655 0.85854
0.80656 0.94505
0.80656 0.96450
0.80657 0.92781
0.80657 0.93725
0.80658 0.98865
0.80658 0.90915
0.80659 0.87041
0.80659 0.88366
0.80660 0.88397
0.80660 0.90100
0.80661 0.92151
0.80661 0.85186
0.80662 0.92493
0.80662 0.92554
0.80663 0.84491
0.80663 0.91126
0.80664 0.85678
0.80664 0.84035
0.80665 0.82654
0.80665 0.90559
0.80666 0.90443
0.80666 0.87363
0.80667 0.91123
0.80667 0.93770
0.80668 0.91864
0.80668 0.82065
0.80669 0.85986
0.80669 0.94600
0.80670 0.93211
0.80670 0.92174
0.80671 0.98198
0.80671 0.91379
0.80672 0.87828
0.80672 0.86663
0.80673 0.87903
0.80673 1.01743
0.80674 0.87202
0.80674 0.87376
0.80675 0.91701
0.80675 0.81448
0.80676 0.88217
0.80676 0.90909
0.80677 0.83881
0.80677 0.86981
0.80678 0.95524
0.80678 0.88131
0.80679 0.92248
0.80679 0.95165
0.80680 0.89258
0.80680 0.91297
0.80681 0.80342
0.80681 0.82856
0.80682 0.85156
0.80682 0.83068
0.80683 0.96078
0.80683 0.83977
0.80684 0.90013
0.80684 0.91012
0.80685 0.78561
0.80685 0.86932
0.80686 0.86800
0.80686 0.85058
0.80687 0.91724
0.80687 0.88187
0.80688 0.83487
0.80688 0.87534
0.80689 0.90049
0.80689 0.86678
0.80690 0.92139
0.80690 0.92639
0.80691 0.86753
0.80691 0.88800
0.80692 0.81616
0.80692 0.86161
0.80693 0.84293
0.80693 0.93614
0.80694 0.92127
0.80694 0.77747
0.80695 0.84300
0.80695 0.85021
0.80696 0.89087
0.80696 0.82863
0.80697 0.83912
0.80697 0.89295
0.80698 0.90454
0.80698 0.91007
0.80699 0.88788
0.80699 0.91020
0.80700 0.86800
0.80700 0.90546
0.80701 0.87258
0.80701 0.86506
0.80702 0.84968
0.80702 0.85848
0.80703 0.91249
0.80703 0.84291
0.80704 0.90462
0.80704 0.90746
0.80705 0.88025
0.80705 0.83729
0.80706 0.80041
0.80706 0.87158
0.80707 0.96008
0.80707 0.96300
0.80708 0.83588
0.80708 0.85380
0.80709 0.88591
0.80709 0.77564
0.80710 0.79646
0.80710 0.88906
0.80711 0.84613
0.80711 0.82848
0.80712 0.78258
0.80712 0.77835
0.80713 0.83357
0.80713 0.87207
0.80714 0.91067
0.80714 0.81581
0.80715 0.79177
0.80715 0.79086
0.80716 0.73442
0.80716 0.80304
0.80717 0.84307
0.80717 0.82286
0.80718 0.81598
0.80718 0.75465
0.80719 0.75215
0.80719 0.84655
0.80720 0.89181
0.80720 0.80329
0.80721 0.78168
0.80721 0.83479
0.80722 0.82145
0.80722 0.85332
0.80723 0.73662
0.80723 0.76650
0.80724 0.87888
0.80724 0.75068
0.80725 0.76070
0.80725 0.79334
0.80726 0.81308
0.80726 0.79212
0.80727 0.81704
0.80727 0.82891
0.80728 0.75975
0.80728 0.72894
0.80729 0.77280
0.80729 0.89281
0.80730 0.86246
0.80730 0.74733
0.80731 0.75622
0.80731 0.79368
0.80732 0.82745
0.80732 0.80637
0.80733 0.81017
0.80733 0.82775
0.80734 0.70602
0.80734 0.77099
0.80735 0.80449
0.80735 0.75418
0.80736 0.81114
0.80736 0.79555
0.80737 0.76182
0.80737 0.77106
0.80738 0.69879
0.80738 0.72455
0.80739 0.75502
0.80739 0.77433
0.80740 0.78092
0.80740 0.71561
0.80741 0.77020
0.80741 0.72726
0.80742 0.69888
0.80742 0.72652
0.80743 0.73984
0.80743 0.76548
0.80744 0.72756
0.80744 0.81432
0.80745 0.79242
0.80745 0.71284
0.80746 0.81333
0.80746 0.83184
0.80747 0.80655
0.80747 0.73687
0.80748 0.76312
0.80748 0.72710
0.80749 0.72744
0.80749 0.79058
0.80750 0.73783
0.80750 0.69999
0.80751 0.71855
0.80751 0.71759
0.80752 0.69166
0.80752 0.73077
0.80753 0.72171
0.80753 0.74510
0.80754 0.69267
0.80754 0.67111
0.80755 0.82108
0.80755 0.74468
0.80756 0.77271
0.80756 0.80861
0.80757 0.73811
0.80757 0.74413
0.80758 0.65575
0.80758 0.72652
0.80759 0.73418
0.80759 0.75432
0.80760 0.74943
0.80760 0.70826
0.80761 0.81292
0.80761 0.76153
0.80762 0.70723
0.80762 0.69419
0.80763 0.69332
0.80763 0.82310
0.80764 0.80646
0.80764 0.79093
0.80765 0.76109
0.80765 0.66306
0.80766 0.69305
0.80766 0.64568
0.80767 0.62503
0.80767 0.72823
0.80768 0.72506
0.80768 0.66817
0.80769 0.68220
0.80769 0.69406
0.80770 0.73612
0.80770 0.72422
0.80771 0.69546
0.80771 0.67107
0.80772 0.72284
0.80772 0.72492
0.80773 0.64481
0.80773 0.67028
0.80774 0.68934
0.80774 0.75746
0.80775 0.74955
0.80775 0.73814
0.80776 0.79223
0.80776 0.68541
0.80777 0.69040
0.80777 0.72900
0.80778 0.67152
0.80778 0.70633
0.80779 0.67097
0.80779 0.68914
0.80780 0.73239
0.80780 0.70644
0.80781 0.76397
0.80781 0.75650
0.80782 0.67585
0.80782 0.70998
0.80783 0.67505
0.80783 0.66405
0.80784 0.79761
0.80784 0.78468
0.80785 0.74263
0.80785 0.74335
0.80786 0.74441
0.80786 0.74260
0.80787 0.75364
0.80787 0.73542
0.80788 0.69140
0.80788 0.78641
0.80789 0.77147
0.80789 0.74327
0.80790 0.74670
0.80790 0.73818
0.80791 0.73488
0.80791 0.68594
0.80792 0.72522
0.80792 0.72407
0.80793 0.68922
0.80793 0.60616
0.80794 0.63706
0.80794 0.69968
0.80795 0.64104
0.80795 0.70592
0.80796 0.65682
0.80796 0.72240
0.80797 0.78693
0.80797 0.60617
0.80798 0.60767
0.80798 0.63588
0.80799 0.73666
0.80799 0.76152
0.80800 0.64334
0.80800 0.71763
0.80801 0.72904
0.80801 0.75543
0.80802 0.76362
0.80802 0.66070
0.80803 0.66843
0.80803 0.66772
0.80804 0.72238
0.80804 0.68656
0.80805 0.64021
0.80805 0.68972
0.80806 0.67333
0.80806 0.79001
0.80807 0.75078
0.80807 0.63003
0.80808 0.71267
0.80808 0.67380
0.80809 0.69754
0.80809 0.74274
0.80810 0.66164
0.80810 0.73263
0.80811 0.69832
0.80811 0.66339
0.80812 0.74321
0.80812 0.71045
0.80813 0.69043
0.80813 0.62202
0.80814 0.70774
0.80814 0.78784
0.80815 0.68267
0.80815 0.62358
0.80816 0.71456
0.80816 0.73761
0.80817 0.69721
0.80817 0.72463
0.80818 0.61181
0.80818 0.66342
0.80819 0.67937
0.80819 0.65079
0.80820 0.70787
0.80820 0.70683
0.80821 0.70436
0.80821 0.69698
0.80822 0.69215
0.80822 0.70465
0.80823 0.71770
0.80823 0.61057
0.80824 0.56681
0.80824 0.62413
0.80825 0.69053
0.80825 0.72360
0.80826 0.74968
0.80826 0.74257
0.80827 0.66547
0.80827 0.65111
0.80828 0.62507
0.80828 0.70957
0.80829 0.74779
0.80829 0.69744
0.80830 0.70088
0.80830 0.59470
0.80831 0.64617
0.80831 0.67140
0.80832 0.65638
0.80832 0.72609
0.80833 0.71590
0.80833 0.66326
0.80834 0.70170
0.80834 0.72475
0.80835 0.68477
0.80835 0.73188
0.80836 0.69852
0.80836 0.67001
0.80837 0.68361
0.80837 0.76609
0.80838 0.71776
0.80838 0.62990
0.80839 0.68092
0.80839 0.70120
0.80840 0.70902
0.80840 0.67816
0.80841 0.68173
0.80841 0.71800
0.80842 0.61311
0.80842 0.61633
0.80843 0.69474
0.80843 0.64537
0.80844 0.66577
0.80844 0.63413
0.80845 0.59314
0.80845 0.68060
0.80846 0.65512
0.80846 0.61639
0.80847 0.66573
0.80847 0.69389
0.80848 0.65599
0.80848 0.64294
0.80849 0.66776
0.80849 0.67944
0.80850 0.68646
0.80850 0.72137
0.80851 0.71948
0.80851 0.62425
0.80852 0.67710
0.80852 0.67626
0.80853 0.66263
0.80853 0.71228
0.80854 0.67625
0.80854 0.63165
0.80855 0.61691
0.80855 0.69510
0.80856 0.66917
0.80856 0.63528
0.80857 0.61532
0.80857 0.61566
0.80858 0.69707
0.80858 0.67332
0.80859 0.64976
0.80859 0.62249
0.80860 0.65513
0.80860 0.75998
0.80861 0.69194
0.80861 0.64637
0.80862 0.66291
0.80862 0.62303
0.80863 0.71945
0.80863 0.61617
0.80864 0.62922
0.80864 0.71178
0.80865 0.58727
0.80865 0.68414
0.80866 0.70784
0.80866 0.65045
0.80867 0.71312
0.80867 0.70588
0.80868 0.63569
0.80868 0.62296
0.80869 0.66219
0.80869 0.66212
0.80870 0.63660
0.80870 0.64498
0.80871 0.68724
0.80871 0.61851
0.80872 0.59696
0.80872 0.67422
0.80873 0.65296
0.80873 0.63674
0.80874 0.71000
0.80874 0.61858
0.80875 0.59331
0.80875 0.70519
0.80876 0.67219
0.80876 0.65003
0.80877 0.62937
0.80877 0.65307
0.80878 0.69590
0.80878 0.70485
0.80879 0.59271
0.80879 0.63657
0.80880 0.69178
0.80880 0.62869
0.80881 0.67532
0.80881 0.58963
0.80882 0.57229
0.80882 0.64184
0.80883 0.74489
0.80883 0.55513
0.80884 0.52918
0.80884 0.74900
0.80885 0.62320
0.80885 0.66339
0.80886 0.64858
0.80886 0.58420
0.80887 0.70149
0.80887 0.62985
0.80888 0.57054
0.80888 0.64084
0.80889 0.60193
0.80889 0.68567
0.80890 0.71949
0.80890 0.63388
0.80891 0.65964
0.80891 0.59410
0.80892 0.61216
0.80892 0.71107
0.80893 0.64598
0.80893 0.64380
0.80894 0.65647
0.80894 0.64852
0.80895 0.68241
0.80895 0.64877
0.80896 0.64374
0.80896 0.61925
0.80897 0.63027
0.80897 0.73282
0.80898 0.61486
0.80898 0.61173
0.80899 0.72690
0.80899 0.63193
0.80900 0.63662
0.80900 0.65850
0.80901 0.62426
0.80901 0.60932
0.80902 0.61655
0.80902 0.64094
0.80903 0.66353
0.80903 0.67650
0.80904 0.64704
0.80904 0.70014
0.80905 0.58535
0.80905 0.55656
0.80906 0.66947
0.80906 0.62445
0.80907 0.66508
0.80907 0.67453
0.80908 0.61008
0.80908 0.63730
0.80909 0.60571
0.80909 0.63526
0.80910 0.69546
0.80910 0.58714
0.80911 0.54690
0.80911 0.63313
0.80912 0.66618
0.80912 0.64667
0.80913 0.67609
0.80913 0.59716
0.80914 0.61656
0.80914 0.65571
0.80915 0.61021
0.80915 0.63158
0.80916 0.65329
0.80916 0.67133
0.80917 0.62294
0.80917 0.63779
0.80918 0.67282
0.80918 0.61928
0.80919 0.61533
0.80919 0.61967
0.80920 0.60236
0.80920 0.56302
0.80921 0.58919
0.80921 0.69979
0.80922 0.68610
0.80922 0.60094
0.80923 0.68276
0.80923 0.64556
0.80924 0.62344
0.80924 0.62463
0.80925 0.59388
0.80925 0.65119
0.80926 0.50714
0.80926 0.56032
0.80927 0.66233
0.80927 0.54717
0.80928 0.61363
0.80928 0.62447
0.80929 0.66392
0.80929 0.64469
0.80930 0.55731
0.80930 0.68998
0.80931 0.62297
0.80931 0.59731
0.80932 0.62268
0.80932 0.65255
0.80933 0.65873
0.80933 0.60348
0.80934 0.69401
0.80934 0.66941
0.80935 0.64029
0.80935 0.69660
0.80936 0.58354
0.80936 0.54509
0.80937 0.61692
0.80937 0.61935
0.80938 0.60740
0.80938 0.69849
0.80939 0.70274
0.80939 0.60410
0.80940 0.57958
0.80940 0.62942
0.80941 0.62308
0.80941 0.62932
0.80942 0.63773
0.80942 0.58014
0.80943 0.62345
0.80943 0.59642
0.80944 0.58140
0.80944 0.65046
0.80945 0.66895
0.80945 0.62226
0.80946 0.59538
0.80946 0.61670
0.80947 0.59662
0.80947 0.63395
0.80948 0.61800
0.80948 0.53951
0.80949 0.61257
0.80949 0.65925
0.80950 0.57925
0.80950 0.62720
0.80951 0.73268
0.80951 0.67186
0.80952 0.63139
0.80952 0.64458
0.80953 0.65729
0.80953 0.69387
0.80954 0.65311
0.80954 0.58192
0.80955 0.59580
0.80955 0.69105
0.80956 0.62760
0.80956 0.57015
0.80957 0.60357
0.80957 0.54110
0.80958 0.62877
0.80958 0.60717
0.80959 0.59778
0.80959 0.69478
0.80960 0.64370
0.80960 0.60087
0.80961 0.64768
0.80961 0.66105
0.80962 0.63875
0.80962 0.67079
0.80963 0.64928
0.80963 0.65886
0.80964 0.65870
0.80964 0.60839
0.80965 0.66702
0.80965 0.65144
0.80966 0.65213
0.80966 0.63963
0.80967 0.63237
0.80967 0.65365
0.80968 0.56022
0.80968 0.66514
0.80969 0.62284
0.80969 0.63182
0.80970 0.67409
0.80970 0.59682
0.80971 0.57107
0.80971 0.63635
0.80972 0.67852
0.80972 0.61189
0.80973 0.65122
0.80973 0.65277
0.80974 0.68321
0.80974 0.63789
0.80975 0.53942
0.80975 0.56348
0.80976 0.68243
0.80976 0.63295
0.80977 0.57507
0.80977 0.60797
0.80978 0.57303
0.80978 0.61355
0.80979 0.57755
0.80979 0.55982
0.80980 0.65579
0.80980 0.62829
0.80981 0.62028
0.80981 0.57768
0.80982 0.57753
0.80982 0.65820
0.80983 0.63653
0.80983 0.58280
0.80984 0.58553
0.80984 0.60188
0.80985 0.62008
0.80985 0.60003
0.80986 0.54854
0.80986 0.63709
0.80987 0.51605
0.80987 0.50144
0.80988 0.63127
0.80988 0.53026
0.80989 0.57209
0.80989 0.65027
0.80990 0.61086
0.80990 0.61658
0.80991 0.57575
0.80991 0.59926
0.80992 0.62771
0.80992 0.53985
0.80993 0.61162
0.80993 0.62963
0.80994 0.60234
0.80994 0.58670
0.80995 0.59397
0.80995 0.54614
0.80996 0.59230
0.80996 0.62338
0.80997 0.60131
0.80997 0.65615
0.80998 0.58038
0.80998 0.61471
0.80999 0.59149
0.80999 0.61726
0.81000 0.61299
0.81000 0.55429
0.81001 0.65983
0.81001 0.62623
0.81002 0.67542
0.81002 0.68523
0.81003 0.65511
0.81003 0.65699
0.81004 0.54415
0.81004 0.61179
0.81005 0.59276
0.81005 0.54657
0.81006 0.56160
0.81006 0.61450
0.81007 0.65659
0.81007 0.59855
0.81008 0.55237
0.81008 0.54498
0.81009 0.54417
0.81009 0.56764
0.81010 0.64938
0.81010 0.65711
0.81011 0.59691
0.81011 0.66097
0.81012 0.61872
0.81012 0.55984
0.81013 0.59803
0.81013 0.55356
0.81014 0.55162
0.81014 0.53080
0.81015 0.56058
0.81015 0.53758
0.81016 0.52966
0.81016 0.63934
0.81017 0.60536
0.81017 0.60045
0.81018 0.62596
0.81018 0.60954
0.81019 0.68007
0.81019 0.59179
0.81020 0.61830
0.81020 0.63930
0.81021 0.56778
0.81021 0.61274
0.81022 0.55369
0.81022 0.60403
0.81023 0.62693
0.81023 0.59287
0.81024 0.60250
0.81024 0.54778
0.81025 0.58410
0.81025 0.57414
0.81026 0.57633
0.81026 0.67599
0.81027 0.65411
0.81027 0.54949
0.81028 0.50607
0.81028 0.56783
0.81029 0.59383
0.81029 0.58380
0.81030 0.62306
0.81030 0.62516
0.81031 0.68350
0.81031 0.58667
0.81032 0.55634
0.81032 0.62408
0.81033 0.52020
0.81033 0.59743
0.81034 0.62369
0.81034 0.58637
0.81035 0.65105
0.81035 0.65155
0.81036 0.58835
0.81036 0.51925
0.81037 0.50041
0.81037 0.53077
0.81038 0.64795
0.81038 0.62161
0.81039 0.59321
0.81039 0.59466
0.81040 0.53197
0.81040 0.56053
0.81041 0.57383
0.81041 0.55918
0.81042 0.58484
0.81042 0.62471
0.81043 0.65376
0.81043 0.59051
0.81044 0.57614
0.81044 0.55213
0.81045 0.55638
0.81045 0.63638
0.81046 0.55149
0.81046 0.54980
0.81047 0.55489
0.81047 0.48707
0.81048 0.55440
0.81048 0.57179
0.81049 0.57483
0.81049 0.60922
0.81050 0.62606
0.81050 0.68360
0.81051 0.50745
0.81051 0.53553
0.81052 0.57213
0.81052 0.52842
0.81053 0.61769
0.81053 0.59064
0.81054 0.60131
0.81054 0.65396
0.81055 0.61569
0.81055 0.54051
0.81056 0.54532
0.81056 0.52395
0.81057 0.55149
0.81057 0.59324
0.81058 0.62039
0.81058 0.56844
0.81059 0.45919
0.81059 0.48288
0.81060 0.59454
0.81060 0.60757
0.81061 0.57442
0.81061 0.61997
0.81062 0.50237
0.81062 0.51191
0.81063 0.56093
0.81063 0.53904
0.81064 0.62245
0.81064 0.55183
0.81065 0.47042
0.81065 0.52685
0.81066 0.57490
0.81066 0.56152
0.81067 0.54314
0.81067 0.51993
0.81068 0.52218
0.81068 0.55327
0.81069 0.56925
0.81069 0.58768
0.81070 0.54274
0.81070 0.56803
0.81071 0.64449
0.81071 0.48895
0.81072 0.49190
0.81072 0.54803
0.81073 0.49911
0.81073 0.52565
0.81074 0.56710
0.81074 0.63834
0.81075 0.61442
0.81075 0.45259
0.81076 0.50584
0.81076 0.57568
0.81077 0.57659
0.81077 0.57216
0.81078 0.58594
0.81078 0.59097
0.81079 0.47599
0.81079 0.59587
0.81080 0.56839
0.81080 0.50093
0.81081 0.52673
0.81081 0.53506
0.81082 0.64585
0.81082 0.55738
0.81083 0.52439
0.81083 0.55301
0.81084 0.56929
0.81084 0.59387
0.81085 0.59276
0.81085 0.57764
0.81086 0.51226
0.81086 0.51081
0.81087 0.50016
0.81087 0.56900
0.81088 0.56099
0.81088 0.54630
0.81089 0.50451
0.81089 0.54739
0.81090 0.59063
0.81090 0.56167
0.81091 0.56957
0.81091 0.52825
0.81092 0.51029
0.81092 0.54886
0.81093 0.60025
0.81093 0.52548
0.81094 0.55610
0.81094 0.51413
0.81095 0.49398
0.81095 0.55809
0.81096 0.50906
0.81096 0.50665
0.81097 0.53690
0.81097 0.53214
0.81098 0.44713
0.81098 0.58239
0.81099 0.55753
0.81099 0.46010
0.81100 0.55993
0.81100 0.52913
0.81101 0.56845
0.81101 0.52864
0.81102 0.52393
0.81102 0.56322
0.81103 0.48941
0.81103 0.48872
0.81104 0.46992
0.81104 0.48828
0.81105 0.54114
0.81105 0.53159
0.81106 0.60917
0.81106 0.58765
0.81107 0.46373
0.81107 0.46859
0.81108 0.55190
0.81108 0.50940
0.81109 0.47350
0.81109 0.56070
0.81110 0.58038
0.81110 0.51407
0.81111 0.38016
0.81111 0.42288
0.81112 0.55483
0.81112 0.57974
0.81113 0.51953
0.81113 0.46722
0.81114 0.54402
0.81114 0.55521
0.81115 0.53813
0.81115 0.50275
0.81116 0.53903
0.81116 0.57931
0.81117 0.52995
0.81117 0.47866
0.81118 0.53362
0.81118 0.55697
0.81119 0.40410
0.81119 0.45750
0.81120 0.52573
0.81120 0.54591
0.81121 0.52212
0.81121 0.50581
0.81122 0.53616
0.81122 0.45963
0.81123 0.51144
0.81123 0.51192
0.81124 0.47957
0.81124 0.52245
0.81125 0.51940
0.81125 0.51133
0.81126 0.49683
0.81126 0.49631
0.81127 0.47214
0.81127 0.52316
0.81128 0.53420
0.81128 0.48171
0.81129 0.52637
0.81129 0.52893
0.81130 0.53238
0.81130 0.50950
0.81131 0.53440
0.81131 0.57451
0.81132 0.53055
0.81132 0.55979
0.81133 0.57641
0.81133 0.54704
0.81134 0.57838
0.81134 0.55767
0.81135 0.47530
0.81135 0.57172
0.81136 0.58839
0.81136 0.52426
0.81137 0.52951
0.81137 0.48291
0.81138 0.43950
0.81138 0.46078
0.81139 0.56265
0.81139 0.53959
0.81140 0.53526
0.81140 0.52228
0.81141 0.43365
0.81141 0.48521
0.81142 0.50697
0.81142 0.44212
0.81143 0.45937
0.81143 0.47349
0.81144 0.54578
0.81144 0.53451
0.81145 0.51797
0.81145 0.50133
0.81146 0.48967
0.81146 0.54986
0.81147 0.47706
0.81147 0.50462
0.81148 0.60292
0.81148 0.57854
0.81149 0.47331
0.81149 0.47871
0.81150 0.55971
0.81150 0.53942
0.81151 0.53788
0.81151 0.55866
0.81152 0.50819
0.81152 0.54283
0.81153 0.49702
0.81153 0.47837
0.81154 0.48421
0.81154 0.49808
0.81155 0.51413
0.81155 0.41624
0.81156 0.50562
0.81156 0.50665
0.81157 0.54799
0.81157 0.58098
0.81158 0.43393
0.81158 0.51167
0.81159 0.47308
0.81159 0.48039
0.81160 0.65072
0.81160 0.54649
0.81161 0.58983
0.81161 0.52852
0.81162 0.40985
0.81162 0.50473
0.81163 0.53810
0.81163 0.53382
0.81164 0.49939
0.81164 0.52125
0.81165 0.48898
0.81165 0.47678
0.81166 0.50801
0.81166 0.52107
0.81167 0.49659
0.81167 0.50485
0.81168 0.58123
0.81168 0.54234
0.81169 0.48459
0.81169 0.53833
0.81170 0.56111
0.81170 0.56658
0.81171 0.52911
0.81171 0.48816
0.81172 0.45160
0.81172 0.53778
0.81173 0.56431
0.81173 0.50576
0.81174 0.58208
0.81174 0.50509
0.81175 0.48774
0.81175 0.49448
0.81176 0.41388
0.81176 0.59925
0.81177 0.58130
0.81177 0.49189
0.81178 0.48463
0.81178 0.43354
0.81179 0.52786
0.81179 0.53217
0.81180 0.57524
0.81180 0.52982
0.81181 0.53214
0.81181 0.52863
0.81182 0.49964
0.81182 0.56497
0.81183 0.51260
0.81183 0.53481
0.81184 0.54639
0.81184 0.45441
0.81185 0.50446
0.81185 0.56034
0.81186 0.45136
0.81186 0.48230
0.81187 0.50809
0.81187 0.48723
0.81188 0.51931
0.81188 0.45003
0.81189 0.52518
0.81189 0.44435
0.81190 0.49362
0.81190 0.55039
0.81191 0.47925
0.81191 0.52857
0.81192 0.44617
0.81192 0.51304
0.81193 0.52062
0.81193 0.47134
0.81194 0.47614
0.81194 0.41640
0.81195 0.49883
0.81195 0.52392
0.81196 0.49893
0.81196 0.49782
0.81197 0.43988
0.81197 0.50606
0.81198 0.51109
0.81198 0.56858
0.81199 0.54892
0.81199 0.44131
0.81200 0.51036
0.81200 0.56438
0.81201 0.54433
0.81201 0.43410
0.81202 0.39655
0.81202 0.46243
0.81203 0.50688
0.81203 0.54464
0.81204 0.49770
0.81204 0.44617
0.81205 0.51471
0.81205 0.51854
0.81206 0.51906
0.81206 0.58619
0.81207 0.53311
0.81207 0.54986
0.81208 0.56644
0.81208 0.49981
0.81209 0.49428
0.81209 0.46196
0.81210 0.52171
0.81210 0.52241
0.81211 0.47656
0.81211 0.51456
0.81212 0.50432
0.81212 0.50610
0.81213 0.48085
0.81213 0.47719
0.81214 0.45033
0.81214 0.44532
0.81215 0.48885
0.81215 0.50328
0.81216 0.53242
0.81216 0.56821
0.81217 0.51917
0.81217 0.45241
0.81218 0.51765
0.81218 0.47671
0.81219 0.51150
0.81219 0.58274
0.81220 0.52615
0.81220 0.49864
0.81221 0.48585
0.81221 0.50814
0.81222 0.50263
0.81222 0.53329
0.81223 0.54339
0.81223 0.49819
0.81224 0.47701
0.81224 0.52584
0.81225 0.58166
0.81225 0.52156
0.81226 0.54803
0.81226 0.53447
0.81227 0.53021
0.81227 0.50383
0.81228 0.39949
0.81228 0.49651
0.81229 0.56469
0.81229 0.59704
0.81230 0.52998
0.81230 0.50335
0.81231 0.54671
0.81231 0.44701
0.81232 0.45607
0.81232 0.48938
0.81233 0.53094
0.81233 0.47290
0.81234 0.47805
0.81234 0.52808
0.81235 0.47908
0.81235 0.50719
0.81236 0.45865
0.81236 0.52456
0.81237 0.56143
0.81237 0.44632
0.81238 0.45426
0.81238 0.48316
0.81239 0.52222
0.81239 0.50057
0.81240 0.49873
0.81240 0.58053
0.81241 0.53370
0.81241 0.47170
0.81242 0.50360
0.81242 0.58692
0.81243 0.53011
0.81243 0.46142
0.81244 0.49504
0.81244 0.51015
0.81245 0.53732
0.81245 0.58185
0.81246 0.53244
0.81246 0.53423
0.81247 0.53414
0.81247 0.49482
0.81248 0.50656
0.81248 0.50491
0.81249 0.53839
0.81249 0.50290
0.81250 0.50247
0.81250 0.54245
0.81251 0.45549
0.81251 0.43498
0.81252 0.45692
0.81252 0.49041
0.81253 0.55385
0.81253 0.55543
0.81254 0.44499
0.81254 0.47991
0.81255 0.54234
0.81255 0.46458
0.81256 0.55628
0.81256 0.50497
0.81257 0.47135
0.81257 0.55488
0.81258 0.52966
0.81258 0.50409
0.81259 0.46966
0.81259 0.46322
0.81260 0.47569
0.81260 0.52750
0.81261 0.46552
0.81261 0.46204
0.81262 0.51216
0.81262 0.44761
0.81263 0.47056
0.81263 0.49765
0.81264 0.55790
0.81264 0.49361
0.81265 0.43585
0.81265 0.49139
0.81266 0.50392
0.81266 0.50022
0.81267 0.45579
0.81267 0.48122
0.81268 0.49029
0.81268 0.43715
0.81269 0.49126
0.81269 0.48468
0.81270 0.38878
0.81270 0.44684
0.81271 0.51935
0.81271 0.47338
0.81272 0.43555
0.81272 0.50257
0.81273 0.56684
0.81273 0.48203
0.81274 0.42995
0.81274 0.50485
0.81275 0.44318
0.81275 0.45713
0.81276 0.56138
0.81276 0.54743
0.81277 0.48191
0.81277 0.47162
0.81278 0.47247
0.81278 0.43227
0.81279 0.52602
0.81279 0.52239
0.81280 0.43950
0.81280 0.48327
0.81281 0.38823
0.81281 0.43398
0.81282 0.55509
0.81282 0.49408
0.81283 0.42610
0.81283 0.47846
0.81284 0.49225
0.81284 0.44221
0.81285 0.46805
0.81285 0.45676
0.81286 0.50198
0.81286 0.49042
0.81287 0.46661
0.81287 0.48450
0.81288 0.47327
0.81288 0.51256
0.81289 0.52793
0.81289 0.45518
0.81290 0.52720
0.81290 0.46876
0.81291 0.43460
0.81291 0.53807
0.81292 0.52488
0.81292 0.51799
0.81293 0.48368
0.81293 0.48671
0.81294 0.49816
0.81294 0.51901
0.81295 0.50445
0.81295 0.48105
0.81296 0.45557
0.81296 0.46964
0.81297 0.48020
0.81297 0.47169
0.81298 0.52788
0.81298 0.44712
0.81299 0.47975
0.81299 0.48140
0.81300 0.44100
0.81300 0.57348
0.81301 0.42980
0.81301 0.40324
0.81302 0.49456
0.81302 0.42669
0.81303 0.45384
0.81303 0.46347
0.81304 0.53148
0.81304 0.48087
0.81305 0.49710
0.81305 0.55044
0.81306 0.42321
0.81306 0.49974
0.81307 0.52955
0.81307 0.42363
0.81308 0.50022
0.81308 0.49560
0.81309 0.45927
0.81309 0.46585
0.81310 0.44965
0.81310 0.46272
0.81311 0.42247
0.81311 0.47063
0.81312 0.52130
0.81312 0.49271
0.81313 0.42865
0.81313 0.45101
0.81314 0.47666
0.81314 0.50017
0.81315 0.51376
0.81315 0.54388
0.81316 0.52577
0.81316 0.49854
0.81317 0.56509
0.81317 0.49805
0.81318 0.51159
0.81318 0.53745
0.81319 0.49436
0.81319 0.53777
0.81320 0.47004
0.81320 0.48055
0.81321 0.43753
0.81321 0.42467
0.81322 0.52759
0.81322 0.43308
0.81323 0.46261
0.81323 0.52334
0.81324 0.45984
0.81324 0.47501
0.81325 0.44348
0.81325 0.43453
0.81326 0.52233
0.81326 0.52831
0.81327 0.46862
0.81327 0.55188
0.81328 0.51438
0.81328 0.46445
0.81329 0.53766
0.81329 0.43625
0.81330 0.50203
0.81330 0.54938
0.81331 0.51004
0.81331 0.50355
0.81332 0.48855
0.81332 0.44789
0.81333 0.45853
0.81333 0.54167
0.81334 0.49587
0.81334 0.44613
0.81335 0.52019
0.81335 0.53092
0.81336 0.45378
0.81336 0.47986
0.81337 0.49277
0.81337 0.43772
0.81338 0.50278
0.81338 0.52501
0.81339 0.52953
0.81339 0.47189
0.81340 0.46094
0.81340 0.49356
0.81341 0.37794
0.81341 0.41225
0.81342 0.44624
0.81342 0.45540
0.81343 0.51100
0.81343 0.45096
0.81344 0.43178
0.81344 0.45086
0.81345 0.49231
0.81345 0.49476
0.81346 0.50685
0.81346 0.50707
0.81347 0.53849
0.81347 0.56692
0.81348 0.49708
0.81348 0.50641
0.81349 0.42813
0.81349 0.44973
0.81350 0.51240
0.81350 0.51699
0.81351 0.52403
0.81351 0.48066
0.81352 0.46149
0.81352 0.52466
0.81353 0.48844
0.81353 0.50118
0.81354 0.55637
0.81354 0.45945
0.81355 0.51086
0.81355 0.54093
0.81356 0.51763
0.81356 0.51324
0.81357 0.53697
0.81357 0.52992
0.81358 0.45600
0.81358 0.46732
0.81359 0.45346
0.81359 0.53510
0.81360 0.45985
0.81360 0.49372
0.81361 0.58064
0.81361 0.44569
0.81362 0.51990
0.81362 0.55074
0.81363 0.46826
0.81363 0.45504
0.81364 0.50824
0.81364 0.51718
0.81365 0.48989
0.81365 0.50391
0.81366 0.53859
0.81366 0.50194
0.81367 0.56048
0.81367 0.50420
0.81368 0.49004
0.81368 0.62133
0.81369 0.45013
0.81369 0.41271
0.81370 0.46340
0.81370 0.47691
0.81371 0.57295
0.81371 0.52330
0.81372 0.43028
0.81372 0.50063
0.81373 0.44815
0.81373 0.43532
0.81374 0.57215
0.81374 0.54339
0.81375 0.47322
0.81375 0.44057
0.81376 0.42421
0.81376 0.41955
0.81377 0.44682
0.81377 0.59652
0.81378 0.58748
0.81378 0.46846
0.81379 0.61394
0.81379 0.53340
0.81380 0.46227
0.81380 0.48254
0.81381 0.52088
0.81381 0.56270
0.81382 0.49344
0.81382 0.52192
0.81383 0.51840
0.81383 0.52460
0.81384 0.47830
0.81384 0.44726
0.81385 0.46046
0.81385 0.49256
0.81386 0.49659
0.81386 0.51391
0.81387 0.47917
0.81387 0.47018
0.81388 0.58774
0.81388 0.52994
0.81389 0.43330
0.81389 0.52697
0.81390 0.53023
0.81390 0.44197
0.81391 0.43762
0.81391 0.40436
0.81392 0.44095
0.81392 0.48396
0.81393 0.48500
0.81393 0.52482
0.81394 0.54460
0.81394 0.51919
0.81395 0.43693
0.81395 0.46577
0.81396 0.50827
0.81396 0.50409
0.81397 0.51736
0.81397 0.51092
0.81398 0.54473
0.81398 0.51502
0.81399 0.45810
0.81399 0.50851
0.81400 0.56897
0.81400 0.54676
0.81401 0.45663
0.81401 0.44990
0.81402 0.52446
0.81402 0.53213
0.81403 0.48301
0.81403 0.49266
0.81404 0.53950
0.81404 0.52505
0.81405 0.51405
0.81405 0.55935
0.81406 0.57256
0.81406 0.47396
0.81407 0.48505
0.81407 0.50307
0.81408 0.53617
0.81408 0.54755
0.81409 0.49967
0.81409 0.49311
0.81410 0.50612
0.81410 0.52825
0.81411 0.50865
0.81411 0.55891
0.81412 0.52397
0.81412 0.46252
0.81413 0.48579
0.81413 0.53935
0.81414 0.53274
0.81414 0.48566
0.81415 0.54648
0.81415 0.50196
0.81416 0.44483
0.81416 0.56780
0.81417 0.48680
0.81417 0.42851
0.81418 0.51252
0.81418 0.50039
0.81419 0.56030
0.81419 0.55309
0.81420 0.49152
0.81420 0.44787
0.81421 0.53266
0.81421 0.54376
0.81422 0.42727
0.81422 0.47077
0.81423 0.47967
0.81423 0.45103
0.81424 0.55768
0.81424 0.57554
0.81425 0.47669
0.81425 0.48911
0.81426 0.54016
0.81426 0.52322
0.81427 0.47674
0.81427 0.45569
0.81428 0.49128
0.81428 0.46233
0.81429 0.43289
0.81429 0.49986
0.81430 0.44915
0.81430 0.44766
0.81431 0.49337
0.81431 0.51892
0.81432 0.49011
0.81432 0.56343
0.81433 0.59483
0.81433 0.46119
0.81434 0.49811
0.81434 0.47216
0.81435 0.51590
0.81435 0.54653
0.81436 0.45354
0.81436 0.51236
0.81437 0.47051
0.81437 0.46870
0.81438 0.55510
0.81438 0.53051
0.81439 0.56521
0.81439 0.54359
0.81440 0.47832
0.81440 0.46457
0.81441 0.48285
0.81441 0.50031
0.81442 0.41499
0.81442 0.48858
0.81443 0.57274
0.81443 0.50137
0.81444 0.50917
0.81444 0.51572
0.81445 0.49116
0.81445 0.46836
0.81446 0.48884
0.81446 0.52757
0.81447 0.46092
0.81447 0.44643
0.81448 0.50454
0.81448 0.50370
0.81449 0.44590
0.81449 0.47635
0.81450 0.52700
0.81450 0.46327
0.81451 0.54380
0.81451 0.57169
0.81452 0.48377
0.81452 0.49992
0.81453 0.55809
0.81453 0.47536
0.81454 0.42424
0.81454 0.49831
0.81455 0.48872
0.81455 0.46415
0.81456 0.45016
0.81456 0.52012
0.81457 0.48965
0.81457 0.49618
0.81458 0.58236
0.81458 0.50440
0.81459 0.54557
0.81459 0.45964
0.81460 0.44225
0.81460 0.50160
0.81461 0.50921
0.81461 0.53654
0.81462 0.51570
0.81462 0.56290
0.81463 0.50069
0.81463 0.48165
0.81464 0.56193
0.81464 0.53647
0.81465 0.46206
0.81465 0.48632
0.81466 0.48841
0.81466 0.51128
0.81467 0.52407
0.81467 0.50950
0.81468 0.49361
0.81468 0.46037
0.81469 0.53537
0.81469 0.51567
0.81470 0.47222
0.81470 0.45952
0.81471 0.48025
0.81471 0.51116
0.81472 0.53817
0.81472 0.55820
0.81473 0.51839
0.81473 0.54181
0.81474 0.48134
0.81474 0.46450
0.81475 0.44463
0.81475 0.49525
0.81476 0.52690
0.81476 0.42153
0.81477 0.46338
0.81477 0.49633
0.81478 0.46077
0.81478 0.38185
0.81479 0.41423
0.81479 0.47369
0.81480 0.55066
0.81480 0.54487
0.81481 0.40842
0.81481 0.51455
0.81482 0.48235
0.81482 0.46832
0.81483 0.58956
0.81483 0.50274
0.81484 0.51204
0.81484 0.52824
0.81485 0.45601
0.81485 0.49928
0.81486 0.45787
0.81486 0.47961
0.81487 0.55841
0.81487 0.54821
0.81488 0.49314
0.81488 0.44385
0.81489 0.43528
0.81489 0.46432
0.81490 0.58085
0.81490 0.55245
0.81491 0.45897
0.81491 0.46511
0.81492 0.51333
0.81492 0.60525
0.81493 0.53725
0.81493 0.48634
0.81494 0.53861
0.81494 0.49154
0.81495 0.55389
0.81495 0.58456
0.81496 0.50766
0.81496 0.47141
0.81497 0.52548
0.81497 0.52122
0.81498 0.49176
0.81498 0.51927
0.81499 0.46458
0.81499 0.45568
0.81500 0.47725
0.81500 0.50943
0.81501 0.54445
0.81501 0.45665
0.81502 0.43357
0.81502 0.51059
0.81503 0.45916
0.81503 0.48106
0.81504 0.54258
0.81504 0.57427
0.81505 0.57603
0.81505 0.47647
0.81506 0.49232
0.81506 0.54573
0.81507 0.50040
0.81507 0.50788
0.81508 0.50329
0.81508 0.42355
0.81509 0.47840
0.81509 0.46077
0.81510 0.46728
0.81510 0.52083
0.81511 0.50360
0.81511 0.53788
0.81512 0.54480
0.81512 0.46741
0.81513 0.54906
0.81513 0.59815
0.81514 0.50543
0.81514 0.53974
0.81515 0.57583
0.81515 0.42867
0.81516 0.45963
0.81516 0.58028
0.81517 0.50000
0.81517 0.47870
0.81518 0.49844
0.81518 0.55201
0.81519 0.52919
0.81519 0.52053
0.81520 0.50975
0.81520 0.48171
0.81521 0.52531
0.81521 0.51816
0.81522 0.52551
0.81522 0.53589
0.81523 0.53655
0.81523 0.59147
0.81524 0.48571
0.81524 0.45302
0.81525 0.53927
0.81525 0.49767
0.81526 0.48158
0.81526 0.49277
0.81527 0.52322
0.81527 0.50790
0.81528 0.57076
0.81528 0.52523
0.81529 0.48161
0.81529 0.52486
0.81530 0.50231
0.81530 0.53910
0.81531 0.49263
0.81531 0.54744
0.81532 0.60969
0.81532 0.54314
0.81533 0.49717
0.81533 0.53480
0.81534 0.51363
0.81534 0.40284
0.81535 0.45740
0.81535 0.57114
0.81536 0.47307
0.81536 0.40668
0.81537 0.48816
0.81537 0.51369
0.81538 0.49416
0.81538 0.51793
0.81539 0.55643
0.81539 0.55791
0.81540 0.55191
0.81540 0.50240
0.81541 0.49184
0.81541 0.53128
0.81542 0.47391
0.81542 0.51607
0.81543 0.53521
0.81543 0.45878
0.81544 0.52899
0.81544 0.51513
0.81545 0.51313
0.81545 0.53712
0.81546 0.59779
0.81546 0.55474
0.81547 0.44451
0.81547 0.54113
0.81548 0.52681
0.81548 0.53700
0.81549 0.52226
0.81549 0.50649
0.81550 0.51602
0.81550 0.47807
0.81551 0.49781
0.81551 0.44416
0.81552 0.48709
0.81552 0.62308
0.81553 0.55105
0.81553 0.48571
0.81554 0.51495
0.81554 0.51180
0.81555 0.50837
0.81555 0.45429
0.81556 0.53179
0.81556 0.51629
0.81557 0.43044
0.81557 0.57100
0.81558 0.59621
0.81558 0.51104
0.81559 0.49076
0.81559 0.51926
0.81560 0.51639
0.81560 0.55004
0.81561 0.56127
0.81561 0.50782
0.81562 0.58334
0.81562 0.51137
0.81563 0.47475
0.81563 0.52982
0.81564 0.43400
0.81564 0.53137
0.81565 0.56132
0.81565 0.48518
0.81566 0.51946
0.81566 0.51808
0.81567 0.57313
0.81567 0.54541
0.81568 0.52287
0.81568 0.48430
0.81569 0.51866
0.81569 0.57115
0.81570 0.52164
0.81570 0.49121
0.81571 0.50435
0.81571 0.49953
0.81572 0.46104
0.81572 0.49542
0.81573 0.50776
0.81573 0.55898
0.81574 0.48873
0.81574 0.50051
0.81575 0.58937
0.81575 0.49281
0.81576 0.51355
0.81576 0.58762
0.81577 0.53680
0.81577 0.56222
0.81578 0.54886
0.81578 0.56040
0.81579 0.49563
0.81579 0.50856
0.81580 0.59763
0.81580 0.52909
0.81581 0.53097
0.81581 0.53549
0.81582 0.46497
0.81582 0.45956
0.81583 0.56083
0.81583 0.53147
0.81584 0.49492
0.81584 0.59458
0.81585 0.54190
0.81585 0.53279
0.81586 0.54118
0.81586 0.43912
0.81587 0.55881
0.81587 0.54284
0.81588 0.48762
0.81588 0.57170
0.81589 0.58101
0.81589 0.50991
0.81590 0.54442
0.81590 0.51885
0.81591 0.46336
0.81591 0.52915
0.81592 0.56066
0.81592 0.57049
0.81593 0.51218
0.81593 0.58227
0.81594 0.60195
0.81594 0.53352
0.81595 0.59292
0.81595 0.52847
0.81596 0.52826
0.81596 0.64463
0.81597 0.53653
0.81597 0.46238
0.81598 0.54537
0.81598 0.56644
0.81599 0.55469
0.81599 0.53173
0.81600 0.51624
0.81600 0.56503
0.81601 0.55996
0.81601 0.55743
0.81602 0.55437
0.81602 0.57177
0.81603 0.53694
0.81603 0.52280
0.81604 0.53758
0.81604 0.43327
0.81605 0.50638
0.81605 0.52150
0.81606 0.51524
0.81606 0.59219
0.81607 0.48033
0.81607 0.53366
0.81608 0.51022
0.81608 0.51639
0.81609 0.57813
0.81609 0.52921
0.81610 0.51857
0.81610 0.49327
0.81611 0.48656
0.81611 0.56102
0.81612 0.64075
0.81612 0.50621
0.81613 0.48781
0.81613 0.52902
0.81614 0.50085
0.81614 0.48230
0.81615 0.50371
0.81615 0.57049
0.81616 0.51428
0.81616 0.51413
0.81617 0.51523
0.81617 0.47373
0.81618 0.49551
0.81618 0.53435
0.81619 0.57513
0.81619 0.50973
0.81620 0.53350
0.81620 0.54666
0.81621 0.57546
0.81621 0.59055
0.81622 0.55852
0.81622 0.48821
0.81623 0.50866
0.81623 0.61568
0.81624 0.46377
0.81624 0.46650
0.81625 0.55952
0.81625 0.53466
0.81626 0.52954
0.81626 0.50590
0.81627 0.51071
0.81627 0.56224
0.81628 0.52164
0.81628 0.48230
0.81629 0.58982
0.81629 0.56922
0.81630 0.46282
0.81630 0.44793
0.81631 0.55521
0.81631 0.53187
0.81632 0.47804
0.81632 0.52687
0.81633 0.45976
0.81633 0.50461
0.81634 0.50736
0.81634 0.51269
0.81635 0.54843
0.81635 0.51242
0.81636 0.56710
0.81636 0.57344
0.81637 0.50504
0.81637 0.52792
0.81638 0.58273
0.81638 0.54599
0.81639 0.55030
0.81639 0.53743
0.81640 0.49966
0.81640 0.53938
0.81641 0.58599
0.81641 0.55247
0.81642 0.51693
0.81642 0.53583
0.81643 0.49912
0.81643 0.48492
0.81644 0.46696
0.81644 0.52045
0.81645 0.56345
0.81645 0.54768
0.81646 0.56225
0.81646 0.51830
0.81647 0.53230
0.81647 0.55872
0.81648 0.51763
0.81648 0.54590
0.81649 0.55897
0.81649 0.52287
0.81650 0.44460
0.81650 0.50871
0.81651 0.59642
0.81651 0.55856
0.81652 0.53739
0.81652 0.42983
0.81653 0.45630
0.81653 0.54417
0.81654 0.49555
0.81654 0.47964
0.81655 0.50276
0.81655 0.46199
0.81656 0.49907
0.81656 0.60195
0.81657 0.55202
0.81657 0.51023
0.81658 0.52814
0.81658 0.50226
0.81659 0.51239
0.81659 0.52782
0.81660 0.51717
0.81660 0.52400
0.81661 0.53619
0.81661 0.64091
0.81662 0.56538
0.81662 0.46869
0.81663 0.52832
0.81663 0.54140
0.81664 0.56097
0.81664 0.53539
0.81665 0.49771
0.81665 0.52088
0.81666 0.54872
0.81666 0.55361
0.81667 0.48468
0.81667 0.50860
0.81668 0.55082
0.81668 0.49639
0.81669 0.58111
0.81669 0.54057
0.81670 0.55937
0.81670 0.56136
0.81671 0.56394
0.81671 0.56957
0.81672 0.52664
0.81672 0.52447
0.81673 0.44833
0.81673 0.53045
0.81674 0.44648
0.81674 0.48272
0.81675 0.56087
0.81675 0.49566
0.81676 0.56110
0.81676 0.50081
0.81677 0.50415
0.81677 0.49725
0.81678 0.52324
0.81678 0.60246
0.81679 0.51671
0.81679 0.52054
0.81680 0.44623
0.81680 0.41026
0.81681 0.53004
0.81681 0.58694
0.81682 0.50632
0.81682 0.46485
0.81683 0.52614
0.81683 0.54846
0.81684 0.58477
0.81684 0.55707
0.81685 0.48912
0.81685 0.51504
0.81686 0.52208
0.81686 0.51161
0.81687 0.51212
0.81687 0.52010
0.81688 0.52659
0.81688 0.46970
0.81689 0.52937
0.81689 0.49732
0.81690 0.52212
0.81690 0.60103
0.81691 0.53292
0.81691 0.42217
0.81692 0.47188
0.81692 0.50916
0.81693 0.50917
0.81693 0.54695
0.81694 0.57485
0.81694 0.60569
0.81695 0.55120
0.81695 0.56607
0.81696 0.50239
0.81696 0.44968
0.81697 0.52833
0.81697 0.47532
0.81698 0.50172
0.81698 0.60018
0.81699 0.49433
0.81699 0.50910
0.81700 0.49907
0.81700 0.49869
0.81701 0.57855
0.81701 0.54000
0.81702 0.56012
0.81702 0.59286
0.81703 0.57493
0.81703 0.51885
0.81704 0.47717
0.81704 0.48672
0.81705 0.56418
0.81705 0.54913
0.81706 0.52195
0.81706 0.55582
0.81707 0.47510
0.81707 0.50626
0.81708 0.51692
0.81708 0.50087
0.81709 0.57346
0.81709 0.53379
0.81710 0.53853
0.81710 0.53259
0.81711 0.49004
0.81711 0.51616
0.81712 0.55915
0.81712 0.54901
0.81713 0.47276
0.81713 0.55617
0.81714 0.57259
0.81714 0.54662
0.81715 0.57774
0.81715 0.51794
0.81716 0.51344
0.81716 0.51893
0.81717 0.49982
0.81717 0.57178
0.81718 0.53370
0.81718 0.49163
0.81719 0.56450
0.81719 0.58914
0.81720 0.53076
0.81720 0.49983
0.81721 0.54298
0.81721 0.49906
0.81722 0.45279
0.81722 0.48232
0.81723 0.48850
0.81723 0.55807
0.81724 0.56036
0.81724 0.46028
0.81725 0.44662
0.81725 0.50694
0.81726 0.50206
0.81726 0.48249
0.81727 0.51713
0.81727 0.49356
0.81728 0.54800
0.81728 0.53154
0.81729 0.55800
0.81729 0.54626
0.81730 0.55265
0.81730 0.58309
0.81731 0.50971
0.81731 0.53959
0.81732 0.55214
0.81732 0.52076
0.81733 0.56846
0.81733 0.55582
0.81734 0.52941
0.81734 0.50680
0.81735 0.48004
0.81735 0.57701
0.81736 0.54350
0.81736 0.51767
0.81737 0.62312
0.81737 0.55046
0.81738 0.51742
0.81738 0.50506
0.81739 0.51150
0.81739 0.53312
0.81740 0.42053
0.81740 0.45619
0.81741 0.50066
0.81741 0.54286
0.81742 0.58148
0.81742 0.53560
0.81743 0.51472
0.81743 0.56551
0.81744 0.59335
0.81744 0.55865
0.81745 0.51796
0.81745 0.49470
0.81746 0.53601
0.81746 0.54875
0.81747 0.58408
0.81747 0.51912
0.81748 0.49006
0.81748 0.56660
0.81749 0.47231
0.81749 0.50947
0.81750 0.53090
0.81750 0.49117
0.81751 0.48959
0.81751 0.46104
0.81752 0.56997
0.81752 0.54194
0.81753 0.51477
0.81753 0.58184
0.81754 0.56243
0.81754 0.51403
0.81755 0.47836
0.81755 0.50314
0.81756 0.51708
0.81756 0.57750
0.81757 0.59306
0.81757 0.57776
0.81758 0.53839
0.81758 0.56482
0.81759 0.59033
0.81759 0.51997
0.81760 0.61970
0.81760 0.63596
0.81761 0.55570
0.81761 0.57155
0.81762 0.56596
0.81762 0.53870
0.81763 0.48397
0.81763 0.49477
0.81764 0.49701
0.81764 0.46554
0.81765 0.54371
0.81765 0.53303
0.81766 0.52555
0.81766 0.54010
0.81767 0.50070
0.81767 0.51035
0.81768 0.56422
0.81768 0.50126
0.81769 0.46249
0.81769 0.58442
0.81770 0.57113
0.81770 0.50231
0.81771 0.60242
0.81771 0.56543
0.81772 0.57294
0.81772 0.55974
0.81773 0.49561
0.81773 0.60941
0.81774 0.50197
0.81774 0.46676
0.81775 0.58629
0.81775 0.59257
0.81776 0.45446
0.81776 0.52056
0.81777 0.53735
0.81777 0.52609
0.81778 0.58404
0.81778 0.45719
0.81779 0.50294
0.81779 0.51335
0.81780 0.50658
0.81780 0.54767
0.81781 0.48723
0.81781 0.47530
0.81782 0.53748
0.81782 0.50953
0.81783 0.45816
0.81783 0.54949
0.81784 0.53396
0.81784 0.51940
0.81785 0.56050
0.81785 0.47963
0.81786 0.48805
0.81786 0.50282
0.81787 0.44265
0.81787 0.50767
0.81788 0.52197
0.81788 0.52265
0.81789 0.54591
0.81789 0.53431
0.81790 0.53684
0.81790 0.52383
0.81791 0.54167
0.81791 0.50217
0.81792 0.57414
0.81792 0.55233
0.81793 0.55952
0.81793 0.55150
0.81794 0.44287
0.81794 0.55264
0.81795 0.53642
0.81795 0.52318
0.81796 0.58044
0.81796 0.44636
0.81797 0.52044
0.81797 0.57554
0.81798 0.58360
0.81798 0.55047
0.81799 0.46648
0.81799 0.61053
0.81800 0.56474
0.81800 0.56615
0.81801 0.58930
0.81801 0.51857
0.81802 0.51422
0.81802 0.49908
0.81803 0.56915
0.81803 0.52521
0.81804 0.55547
0.81804 0.56114
0.81805 0.49761
0.81805 0.55617
0.81806 0.55283
0.81806 0.48195
0.81807 0.49509
0.81807 0.58989
0.81808 0.52532
0.81808 0.55397
0.81809 0.53575
0.81809 0.51086
0.81810 0.56798
0.81810 0.47140
0.81811 0.54785
0.81811 0.58336
0.81812 0.54240
0.81812 0.46216
0.81813 0.47941
0.81813 0.60384
0.81814 0.52321
0.81814 0.53764
0.81815 0.51300
0.81815 0.51522
0.81816 0.54641
0.81816 0.58687
0.81817 0.55284
0.81817 0.47266
0.81818 0.52833
0.81818 0.52644
0.81819 0.57781
0.81819 0.49857
0.81820 0.45109
0.81820 0.52923
0.81821 0.51302
0.81821 0.59063
0.81822 0.60233
0.81822 0.53174
0.81823 0.60931
0.81823 0.54104
0.81824 0.48663
0.81824 0.54405
0.81825 0.56285
0.81825 0.50468
0.81826 0.54182
0.81826 0.61688
0.81827 0.49026
0.81827 0.62857
0.81828 0.59397
0.81828 0.47349
0.81829 0.55543
0.81829 0.54995
0.81830 0.56531
0.81830 0.53329
0.81831 0.50056
0.81831 0.54019
0.81832 0.64033
0.81832 0.52155
0.81833 0.52032
0.81833 0.61085
0.81834 0.50626
0.81834 0.52448
0.81835 0.55998
0.81835 0.55045
0.81836 0.55941
0.81836 0.54194
0.81837 0.61630
0.81837 0.56335
0.81838 0.43533
0.81838 0.55012
0.81839 0.53578
0.81839 0.52857
0.81840 0.49637
0.81840 0.51804
0.81841 0.58920
0.81841 0.50385
0.81842 0.54111
0.81842 0.56927
0.81843 0.53186
0.81843 0.56020
0.81844 0.53849
0.81844 0.52726
0.81845 0.55837
0.81845 0.49747
0.81846 0.54887
0.81846 0.56419
0.81847 0.50246
0.81847 0.54815
0.81848 0.56895
0.81848 0.52270
0.81849 0.53274
0.81849 0.53126
0.81850 0.52445
0.81850 0.51706
0.81851 0.49070
0.81851 0.49437
0.81852 0.48481
0.81852 0.52219
0.81853 0.50238
0.81853 0.51072
0.81854 0.53399
0.81854 0.45435
0.81855 0.47193
0.81855 0.54365
0.81856 0.53604
0.81856 0.50581
0.81857 0.47780
0.81857 0.46949
0.81858 0.51080
0.81858 0.53046
0.81859 0.55457
0.81859 0.51832
0.81860 0.51882
0.81860 0.46190
0.81861 0.46569
0.81861 0.49398
0.81862 0.46963
0.81862 0.55412
0.81863 0.56708
0.81863 0.48236
0.81864 0.47518
0.81864 0.55770
0.81865 0.53489
0.81865 0.49221
0.81866 0.48019
0.81866 0.49915
0.81867 0.50381
0.81867 0.52153
0.81868 0.50657
0.81868 0.43275
0.81869 0.46205
0.81869 0.53521
0.81870 0.51250
0.81870 0.53634
0.81871 0.55844
0.81871 0.47951
0.81872 0.54497
0.81872 0.58510
0.81873 0.48408
0.81873 0.47879
0.81874 0.49564
0.81874 0.59605
0.81875 0.54445
0.81875 0.49303
0.81876 0.55719
0.81876 0.56481
0.81877 0.54209
0.81877 0.50240
0.81878 0.54333
0.81878 0.45951
0.81879 0.44436
0.81879 0.54542
0.81880 0.52770
0.81880 0.53037
0.81881 0.54494
0.81881 0.53854
0.81882 0.53080
0.81882 0.48901
0.81883 0.52827
0.81883 0.56990
0.81884 0.50919
0.81884 0.47372
0.81885 0.52980
0.81885 0.57864
0.81886 0.60404
0.81886 0.54578
0.81887 0.46223
0.81887 0.52327
0.81888 0.48997
0.81888 0.49346
0.81889 0.50198
0.81889 0.45617
0.81890 0.46880
0.81890 0.50341
0.81891 0.60476
0.81891 0.49372
0.81892 0.48666
0.81892 0.50428
0.81893 0.47497
0.81893 0.49718
0.81894 0.51250
0.81894 0.59180
0.81895 0.50918
0.81895 0.48160
0.81896 0.51045
0.81896 0.51218
0.81897 0.46760
0.81897 0.52334
0.81898 0.51915
0.81898 0.44464
0.81899 0.53944
0.81899 0.47780
0.81900 0.49586
0.81900 0.49871
0.81901 0.48132
0.81901 0.49391
0.81902 0.51234
0.81902 0.55528
0.81903 0.50490
0.81903 0.50762
0.81904 0.53664
0.81904 0.49729
0.81905 0.45828
0.81905 0.45396
0.81906 0.53703
0.81906 0.58790
0.81907 0.53100
0.81907 0.54210
0.81908 0.48104
0.81908 0.50115
0.81909 0.48268
0.81909 0.49777
0.81910 0.55064
0.81910 0.51134
0.81911 0.58967
0.81911 0.52238
0.81912 0.46248
0.81912 0.49026
0.81913 0.43634
0.81913 0.45108
0.81914 0.52186
0.81914 0.54091
0.81915 0.51618
0.81915 0.45963
0.81916 0.48898
0.81916 0.51023
0.81917 0.44791
0.81917 0.52386
0.81918 0.53657
0.81918 0.50770
0.81919 0.48185
0.81919 0.51148
0.81920 0.54639
0.81920 0.47520
0.81921 0.54593
0.81921 0.50661
0.81922 0.46179
0.81922 0.54609
0.81923 0.49221
0.81923 0.46116
0.81924 0.39427
0.81924 0.40585
0.81925 0.52317
0.81925 0.45428
0.81926 0.50596
0.81926 0.47716
0.81927 0.42091
0.81927 0.52913
0.81928 0.51018
0.81928 0.49103
0.81929 0.47871
0.81929 0.47931
0.81930 0.49022
0.81930 0.54081
0.81931 0.50066
0.81931 0.46953
0.81932 0.54006
0.81932 0.44619
0.81933 0.45003
0.81933 0.53379
0.81934 0.45994
0.81934 0.44972
0.81935 0.50590
0.81935 0.48189
0.81936 0.51821
0.81936 0.50339
0.81937 0.46834
0.81937 0.47333
0.81938 0.48853
0.81938 0.56902
0.81939 0.50607
0.81939 0.49993
0.81940 0.52956
0.81940 0.47338
0.81941 0.54782
0.81941 0.48964
0.81942 0.48479
0.81942 0.54814
0.81943 0.48544
0.81943 0.53429
0.81944 0.53408
0.81944 0.56197
0.81945 0.60060
0.81945 0.51666
0.81946 0.54998
0.81946 0.55280
0.81947 0.50522
0.81947 0.54859
0.81948 0.51284
0.81948 0.54645
0.81949 0.51372
0.81949 0.48665
0.81950 0.54629
0.81950 0.45720
0.81951 0.50043
0.81951 0.53023
0.81952 0.49421
0.81952 0.52744
0.81953 0.48512
0.81953 0.53642
0.81954 0.54319
0.81954 0.45784
0.81955 0.49636
0.81955 0.52275
0.81956 0.54792
0.81956 0.49721
0.81957 0.39119
0.81957 0.46092
0.81958 0.49654
0.81958 0.46331
0.81959 0.54036
0.81959 0.53594
0.81960 0.47725
0.81960 0.49446
0.81961 0.43570
0.81961 0.53203
0.81962 0.63272
0.81962 0.45619
0.81963 0.46938
0.81963 0.52944
0.81964 0.55176
0.81964 0.50726
0.81965 0.42002
0.81965 0.50569
0.81966 0.47213
0.81966 0.47362
0.81967 0.50993
0.81967 0.54158
0.81968 0.55239
0.81968 0.37686
0.81969 0.42811
0.81969 0.50682
0.81970 0.47288
0.81970 0.45863
0.81971 0.45219
0.81971 0.54960
0.81972 0.44536
0.81972 0.46707
0.81973 0.45692
0.81973 0.46374
0.81974 0.52832
0.81974 0.43854
0.81975 0.47894
0.81975 0.44433
0.81976 0.47640
0.81976 0.50074
0.81977 0.45518
0.81977 0.46328
0.81978 0.46904
0.81978 0.45172
0.81979 0.44868
0.81979 0.51269
0.81980 0.54677
0.81980 0.55103
0.81981 0.52293
0.81981 0.48967
0.81982 0.51182
0.81982 0.52398
0.81983 0.45571
0.81983 0.52402
0.81984 0.56649
0.81984 0.56802
0.81985 0.52737
0.81985 0.46658
0.81986 0.53888
0.81986 0.47350
0.81987 0.44375
0.81987 0.48301
0.81988 0.48897
0.81988 0.50331
0.81989 0.51272
0.81989 0.50265
0.81990 0.45559
0.81990 0.45093
0.81991 0.50475
0.81991 0.56002
0.81992 0.46334
0.81992 0.45567
0.81993 0.59818
0.81993 0.52846
0.81994 0.49005
0.81994 0.54816
0.81995 0.53953
0.81995 0.50282
0.81996 0.46157
0.81996 0.49965
0.81997 0.53809
0.81997 0.53638
0.81998 0.52935
0.81998 0.50231
0.81999 0.53354
0.81999 0.52946
0.82000 0.53356
0.82000 0.55001
0.82001 0.47103
0.82001 0.45918
0.82002 0.50348
0.82002 0.51526
0.82003 0.55710
0.82003 0.53167
0.82004 0.52212
0.82004 0.54440
0.82005 0.47967
0.82005 0.49784
0.82006 0.49363
0.82006 0.43785
0.82007 0.47118
0.82007 0.52435
0.82008 0.50456
0.82008 0.56337
0.82009 0.58028
0.82009 0.43957
0.82010 0.47567
0.82010 0.53410
0.82011 0.42844
0.82011 0.51584
0.82012 0.57515
0.82012 0.52822
0.82013 0.58087
0.82013 0.55603
0.82014 0.51225
0.82014 0.47414
0.82015 0.50100
0.82015 0.61538
0.82016 0.58416
0.82016 0.50467
0.82017 0.54102
0.82017 0.49414
0.82018 0.48481
0.82018 0.56302
0.82019 0.53425
0.82019 0.56513
0.82020 0.60321
0.82020 0.47622
0.82021 0.49746
0.82021 0.54678
0.82022 0.50667
0.82022 0.52223
0.82023 0.47737
0.82023 0.56222
0.82024 0.51754
0.82024 0.49615
0.82025 0.55093
0.82025 0.46997
0.82026 0.53120
0.82026 0.47870
0.82027 0.44887
0.82027 0.53723
0.82028 0.56190
0.82028 0.53333
0.82029 0.49124
0.82029 0.50867
0.82030 0.48031
0.82030 0.49658
0.82031 0.50016
0.82031 0.47801
0.82032 0.55786
0.82032 0.47506
0.82033 0.46156
0.82033 0.48344
0.82034 0.53698
0.82034 0.54974
0.82035 0.50312
0.82035 0.52399
0.82036 0.51527
0.82036 0.55669
0.82037 0.48349
0.82037 0.49375
0.82038 0.55323
0.82038 0.54345
0.82039 0.50589
0.82039 0.49947
0.82040 0.49575
0.82040 0.51022
0.82041 0.56684
0.82041 0.53828
0.82042 0.49857
0.82042 0.53107
0.82043 0.49866
0.82043 0.46984
0.82044 0.50001
0.82044 0.53816
0.82045 0.52646
0.82045 0.50270
0.82046 0.56757
0.82046 0.52108
0.82047 0.49051
0.82047 0.52495
0.82048 0.52379
0.82048 0.50426
0.82049 0.53211
0.82049 0.55522
0.82050 0.52090
0.82050 0.49289
0.82051 0.48433
0.82051 0.44145
0.82052 0.48003
0.82052 0.53832
0.82053 0.53283
0.82053 0.52851
0.82054 0.55487
0.82054 0.54170
0.82055 0.43467
0.82055 0.47127
0.82056 0.54593
0.82056 0.47529
0.82057 0.41464
0.82057 0.50319
0.82058 0.50033
0.82058 0.56060
0.82059 0.59155
0.82059 0.52011
0.82060 0.57192
0.82060 0.49466
0.82061 0.52510
0.82061 0.57695
0.82062 0.48346
0.82062 0.61480
0.82063 0.60128
0.82063 0.47419
0.82064 0.47781
0.82064 0.51979
0.82065 0.51880
0.82065 0.45637
0.82066 0.48258
0.82066 0.47094
0.82067 0.49356
0.82067 0.55537
0.82068 0.53555
0.82068 0.43706
0.82069 0.42877
0.82069 0.53576
0.82070 0.54988
0.82070 0.50031
0.82071 0.49110
0.82071 0.55669
0.82072 0.53183
0.82072 0.43583
0.82073 0.51556
0.82073 0.56461
0.82074 0.50039
0.82074 0.50185
0.82075 0.48015
0.82075 0.46295
0.82076 0.43342
0.82076 0.50147
0.82077 0.53003
0.82077 0.52021
0.82078 0.56131
0.82078 0.51574
0.82079 0.54936
0.82079 0.55745
0.82080 0.47813
0.82080 0.50243
0.82081 0.55222
0.82081 0.55348
0.82082 0.52217
0.82082 0.47978
0.82083 0.53719
0.82083 0.52509
0.82084 0.54063
0.82084 0.55537
0.82085 0.52061
0.82085 0.46515
0.82086 0.45181
0.82086 0.57260
0.82087 0.59392
0.82087 0.51277
0.82088 0.53759
0.82088 0.54265
0.82089 0.46747
0.82089 0.42605
0.82090 0.43239
0.82090 0.48792
0.82091 0.53130
0.82091 0.50472
0.82092 0.50239
0.82092 0.56771
0.82093 0.53363
0.82093 0.52326
0.82094 0.50971
0.82094 0.47362
0.82095 0.48714
0.82095 0.47839
0.82096 0.49570
0.82096 0.50774
0.82097 0.52084
0.82097 0.48407
0.82098 0.53461
0.82098 0.60041
0.82099 0.52492
0.82099 0.43962
0.82100 0.46597
0.82100 0.56589
0.82101 0.51335
0.82101 0.46839
0.82102 0.53391
0.82102 0.56057
0.82103 0.52963
0.82103 0.41231
0.82104 0.42783
0.82104 0.48285
0.82105 0.46945
0.82105 0.56367
0.82106 0.51350
0.82106 0.44649
0.82107 0.49249
0.82107 0.47839
0.82108 0.47891
0.82108 0.52139
0.82109 0.51648
0.82109 0.49307
0.82110 0.54670
0.82110 0.53518
0.82111 0.48179
0.82111 0.50486
0.82112 0.51754
0.82112 0.46421
0.82113 0.39519
0.82113 0.55717
0.82114 0.56127
0.82114 0.54626
0.82115 0.52848
0.82115 0.45274
0.82116 0.49160
0.82116 0.49072
0.82117 0.49285
0.82117 0.47334
0.82118 0.54615
0.82118 0.49152
0.82119 0.50949
0.82119 0.54731
0.82120 0.50394
0.82120 0.52540
0.82121 0.55850
0.82121 0.59908
0.82122 0.51125
0.82122 0.45823
0.82123 0.48545
0.82123 0.55566
0.82124 0.51628
0.82124 0.46770
0.82125 0.45850
0.82125 0.49106
0.82126 0.46583
0.82126 0.45406
0.82127 0.54831
0.82127 0.49136
0.82128 0.56720
0.82128 0.55636
0.82129 0.53839
0.82129 0.53863
0.82130 0.47710
0.82130 0.49642
0.82131 0.47049
0.82131 0.58379
0.82132 0.51549
0.82132 0.47388
0.82133 0.46376
0.82133 0.45099
0.82134 0.55792
0.82134 0.48749
0.82135 0.55932
0.82135 0.51380
0.82136 0.48098
0.82136 0.52845
0.82137 0.48193
0.82137 0.49204
0.82138 0.54579
0.82138 0.47228
0.82139 0.49982
0.82139 0.59876
0.82140 0.52675
0.82140 0.53037
0.82141 0.53984
0.82141 0.49932
0.82142 0.50295
0.82142 0.50690
0.82143 0.52702
0.82143 0.56767
0.82144 0.57134
0.82144 0.53941
0.82145 0.50396
0.82145 0.57055
0.82146 0.43810
0.82146 0.44685
0.82147 0.54462
0.82147 0.58110
0.82148 0.52838
0.82148 0.45950
0.82149 0.55178
0.82149 0.48419
0.82150 0.48952
0.82150 0.48169
0.82151 0.41380
0.82151 0.44432
0.82152 0.42226
0.82152 0.50239
0.82153 0.52330
0.82153 0.50726
0.82154 0.55904
0.82154 0.53462
0.82155 0.49653
0.82155 0.54133
0.82156 0.60912
0.82156 0.54713
0.82157 0.49422
0.82157 0.46162
0.82158 0.44849
0.82158 0.52930
0.82159 0.53378
0.82159 0.50987
0.82160 0.54026
0.82160 0.46320
0.82161 0.45910
0.82161 0.44765
0.82162 0.48388
0.82162 0.56361
0.82163 0.46292
0.82163 0.48035
0.82164 0.50087
0.82164 0.47727
0.82165 0.52822
0.82165 0.51731
0.82166 0.49403
0.82166 0.51016
0.82167 0.52394
0.82167 0.49411
0.82168 0.53409
0.82168 0.53832
0.82169 0.51401
0.82169 0.57278
0.82170 0.55353
0.82170 0.48604
0.82171 0.45635
0.82171 0.46959
0.82172 0.56629
0.82172 0.49738
0.82173 0.46969
0.82173 0.55381
0.82174 0.50500
0.82174 0.50636
0.82175 0.52812
0.82175 0.51886
0.82176 0.49564
0.82176 0.44857
0.82177 0.47052
0.82177 0.57155
0.82178 0.57755
0.82178 0.46134
0.82179 0.48992
0.82179 0.51957
0.82180 0.46360
0.82180 0.51252
0.82181 0.45431
0.82181 0.47896
0.82182 0.56973
0.82182 0.49187
0.82183 0.51298
0.82183 0.56922
0.82184 0.49207
0.82184 0.45221
0.82185 0.51571
0.82185 0.54693
0.82186 0.49463
0.82186 0.48872
0.82187 0.48851
0.82187 0.56485
0.82188 0.49170
0.82188 0.44394
0.82189 0.56789
0.82189 0.51509
0.82190 0.51297
0.82190 0.48547
0.82191 0.49449
0.82191 0.52283
0.82192 0.51448
0.82192 0.55227
0.82193 0.53049
0.82193 0.46353
0.82194 0.45915
0.82194 0.60438
0.82195 0.57959
0.82195 0.44107
0.82196 0.49396
0.82196 0.50399
0.82197 0.46763
0.82197 0.49722
0.82198 0.52374
0.82198 0.43299
0.82199 0.42499
0.82199 0.49585
0.82200 0.45750
0.82200 0.55273
0.82201 0.53962
0.82201 0.50297
0.82202 0.54574
0.82202 0.50656
0.82203 0.51480
0.82203 0.42167
0.82204 0.43570
0.82204 0.52204
0.82205 0.49535
0.82205 0.55085
0.82206 0.54002
0.82206 0.44185
0.82207 0.44495
0.82207 0.46797
0.82208 0.43598
0.82208 0.50495
0.82209 0.51794
0.82209 0.49731
0.82210 0.47274
0.82210 0.39719
0.82211 0.46249
0.82211 0.51313
0.82212 0.52598
0.82212 0.49568
0.82213 0.45069
0.82213 0.50871
0.82214 0.42039
0.82214 0.37906
0.82215 0.53265
0.82215 0.53064
0.82216 0.47117
0.82216 0.47924
0.82217 0.52316
0.82217 0.59177
0.82218 0.49657
0.82218 0.47203
0.82219 0.52616
0.82219 0.46268
0.82220 0.48680
0.82220 0.47512
0.82221 0.52433
0.82221 0.52712
0.82222 0.43397
0.82222 0.47971
0.82223 0.50938
0.82223 0.46961
0.82224 0.53250
0.82224 0.53523
0.82225 0.44606
0.82225 0.48368
0.82226 0.55724
0.82226 0.51587
0.82227 0.52252
0.82227 0.49671
0.82228 0.42445
0.82228 0.46300
0.82229 0.48840
0.82229 0.55912
0.82230 0.56169
0.82230 0.54591
0.82231 0.58633
0.82231 0.54823
0.82232 0.51149
0.82232 0.50156
0.82233 0.46388
0.82233 0.48261
0.82234 0.56476
0.82234 0.52705
0.82235 0.45626
0.82235 0.49427
0.82236 0.53130
0.82236 0.48635
0.82237 0.53801
0.82237 0.51531
0.82238 0.39540
0.82238 0.50552
0.82239 0.54930
0.82239 0.58756
0.82240 0.51452
0.82240 0.48365
0.82241 0.53911
0.82241 0.51056
0.82242 0.50188
0.82242 0.40689
0.82243 0.51814
0.82243 0.58407
0.82244 0.55190
0.82244 0.49134
0.82245 0.45511
0.82245 0.57213
0.82246 0.48214
0.82246 0.43665
0.82247 0.46378
0.82247 0.44966
0.82248 0.45336
0.82248 0.46162
0.82249 0.59021
0.82249 0.54051
0.82250 0.49775
0.82250 0.50043
0.82251 0.49742
0.82251 0.50955
0.82252 0.53993
0.82252 0.57568
0.82253 0.45887
0.82253 0.50654
0.82254 0.53445
0.82254 0.48492
0.82255 0.53594
0.82255 0.51826
0.82256 0.55527
0.82256 0.59686
0.82257 0.50006
0.82257 0.45934
0.82258 0.49053
0.82258 0.57133
0.82259 0.53078
0.82259 0.46987
0.82260 0.49723
0.82260 0.46667
0.82261 0.55716
0.82261 0.55757
0.82262 0.46493
0.82262 0.50448
0.82263 0.46990
0.82263 0.45354
0.82264 0.60905
0.82264 0.55035
0.82265 0.47771
0.82265 0.57565
0.82266 0.51477
0.82266 0.50163
0.82267 0.58173
0.82267 0.55907
0.82268 0.56196
0.82268 0.51792
0.82269 0.50053
0.82269 0.50603
0.82270 0.48104
0.82270 0.55637
0.82271 0.49802
0.82271 0.50076
0.82272 0.56743
0.82272 0.44957
0.82273 0.52436
0.82273 0.51000
0.82274 0.46854
0.82274 0.49723
0.82275 0.48602
0.82275 0.54141
0.82276 0.47261
0.82276 0.49236
0.82277 0.46878
0.82277 0.48603
0.82278 0.50163
0.82278 0.43381
0.82279 0.54336
0.82279 0.55587
0.82280 0.50707
0.82280 0.53164
0.82281 0.49140
0.82281 0.43204
0.82282 0.43377
0.82282 0.45153
0.82283 0.46818
0.82283 0.51520
0.82284 0.51643
0.82284 0.43178
0.82285 0.39939
0.82285 0.48700
0.82286 0.55413
0.82286 0.53987
0.82287 0.45876
0.82287 0.47370
0.82288 0.50213
0.82288 0.45933
0.82289 0.46220
0.82289 0.51110
0.82290 0.49196
0.82290 0.46603
0.82291 0.53057
0.82291 0.57821
0.82292 0.55123
0.82292 0.48855
0.82293 0.51228
0.82293 0.54679
0.82294 0.48372
0.82294 0.47558
0.82295 0.56808
0.82295 0.56830
0.82296 0.51266
0.82296 0.55947
0.82297 0.51781
0.82297 0.52961
0.82298 0.53519
0.82298 0.46878
0.82299 0.54069
0.82299 0.50370
0.82300 0.53744
0.82300 0.53384
0.82301 0.51422
0.82301 0.42596
0.82302 0.41633
0.82302 0.53644
0.82303 0.52096
0.82303 0.53262
0.82304 0.50271
0.82304 0.50120
0.82305 0.52032
0.82305 0.52065
0.82306 0.53623
0.82306 0.58518
0.82307 0.58189
0.82307 0.51957
0.82308 0.47566
0.82308 0.45159
0.82309 0.55749
0.82309 0.55362
0.82310 0.55234
0.82310 0.59407
0.82311 0.54693
0.82311 0.55404
0.82312 0.52735
0.82312 0.53148
0.82313 0.48869
0.82313 0.50484
0.82314 0.59190
0.82314 0.53084
0.82315 0.48465
0.82315 0.48217
0.82316 0.45390
0.82316 0.48553
0.82317 0.50116
0.82317 0.54147
0.82318 0.57347
0.82318 0.52853
0.82319 0.47603
0.82319 0.42162
0.82320 0.45550
0.82320 0.51777
0.82321 0.53672
0.82321 0.54214
0.82322 0.53682
0.82322 0.58122
0.82323 0.55903
0.82323 0.50839
0.82324 0.53211
0.82324 0.53794
0.82325 0.47033
0.82325 0.45343
0.82326 0.47474
0.82326 0.48530
0.82327 0.56062
0.82327 0.50967
0.82328 0.49622
0.82328 0.46160
0.82329 0.51130
0.82329 0.54305
0.82330 0.49958
0.82330 0.57768
0.82331 0.50843
0.82331 0.47379
0.82332 0.46906
0.82332 0.53195
0.82333 0.54307
0.82333 0.50862
0.82334 0.54531
0.82334 0.50486
0.82335 0.50462
0.82335 0.49206
0.82336 0.46345
0.82336 0.51813
0.82337 0.49888
0.82337 0.52714
0.82338 0.54597
0.82338 0.59801
0.82339 0.58250
0.82339 0.42019
0.82340 0.59568
0.82340 0.57972
0.82341 0.49214
0.82341 0.54453
0.82342 0.52409
0.82342 0.54642
0.82343 0.59424
0.82343 0.51745
0.82344 0.42224
0.82344 0.47935
0.82345 0.44363
0.82345 0.50221
0.82346 0.55314
0.82346 0.46691
0.82347 0.49994
0.82347 0.47880
0.82348 0.53085
0.82348 0.53126
0.82349 0.50438
0.82349 0.49411
0.82350 0.50850
0.82350 0.59372
0.82351 0.45282
0.82351 0.50797
0.82352 0.57569
0.82352 0.43499
0.82353 0.47752
0.82353 0.61117
0.82354 0.52375
0.82354 0.47570
0.82355 0.53024
0.82355 0.50421
0.82356 0.48286
0.82356 0.53784
0.82357 0.55098
0.82357 0.55103
0.82358 0.49559
0.82358 0.52479
0.82359 0.58042
0.82359 0.50294
0.82360 0.47875
0.82360 0.50826
0.82361 0.51796
0.82361 0.51277
0.82362 0.59952
0.82362 0.58252
0.82363 0.52308
0.82363 0.48525
0.82364 0.44245
0.82364 0.51918
0.82365 0.46984
0.82365 0.48373
0.82366 0.55159
0.82366 0.48697
0.82367 0.51783
0.82367 0.58116
0.82368 0.55916
0.82368 0.46256
0.82369 0.41296
0.82369 0.53937
0.82370 0.54801
0.82370 0.47026
0.82371 0.52331
0.82371 0.55385
0.82372 0.56818
0.82372 0.55799
0.82373 0.50786
0.82373 0.49093
0.82374 0.53600
0.82374 0.49983
0.82375 0.56407
0.82375 0.57304
0.82376 0.53317
0.82376 0.53931
0.82377 0.48785
0.82377 0.56368
0.82378 0.47921
0.82378 0.43953
0.82379 0.58306
0.82379 0.53222
0.82380 0.53474
0.82380 0.50598
0.82381 0.50933
0.82381 0.54162
0.82382 0.48431
0.82382 0.55987
0.82383 0.54073
0.82383 0.53015
0.82384 0.54352
0.82384 0.48153
0.82385 0.51137
0.82385 0.47790
0.82386 0.46140
0.82386 0.50590
0.82387 0.56499
0.82387 0.56083
0.82388 0.51679
0.82388 0.58958
0.82389 0.48291
0.82389 0.48460
0.82390 0.59540
0.82390 0.51786
0.82391 0.53571
0.82391 0.53361
0.82392 0.51914
0.82392 0.53002
0.82393 0.47844
0.82393 0.52700
0.82394 0.48655
0.82394 0.49370
0.82395 0.53613
0.82395 0.53456
0.82396 0.59029
0.82396 0.52113
0.82397 0.45680
0.82397 0.49486
0.82398 0.54258
0.82398 0.49868
0.82399 0.54225
0.82399 0.47436
0.82400 0.52472
0.82400 0.55712
0.82401 0.46292
0.82401 0.54701
0.82402 0.46065
0.82402 0.52326
0.82403 0.55339
0.82403 0.50873
0.82404 0.49009
0.82404 0.50795
0.82405 0.55190
0.82405 0.61193
0.82406 0.52218
0.82406 0.47926
0.82407 0.51494
0.82407 0.46805
0.82408 0.59975
0.82408 0.53785
0.82409 0.55465
0.82409 0.56009
0.82410 0.45415
0.82410 0.49018
0.82411 0.47800
0.82411 0.47825
0.82412 0.48776
0.82412 0.59486
0.82413 0.60374
0.82413 0.54578
0.82414 0.52757
0.82414 0.53542
0.82415 0.55846
0.82415 0.46999
0.82416 0.45273
0.82416 0.51730
0.82417 0.63182
0.82417 0.51385
0.82418 0.53507
0.82418 0.58604
0.82419 0.53767
0.82419 0.68142
0.82420 0.57769
0.82420 0.49934
0.82421 0.52322
0.82421 0.52700
0.82422 0.60393
0.82422 0.54533
0.82423 0.50787
0.82423 0.56280
0.82424 0.53144
0.82424 0.46998
0.82425 0.48276
0.82425 0.58260
0.82426 0.51860
0.82426 0.54116
0.82427 0.61324
0.82427 0.54598
0.82428 0.58334
0.82428 0.58320
0.82429 0.56679
0.82429 0.55891
0.82430 0.55382
0.82430 0.52201
0.82431 0.55106
0.82431 0.57513
0.82432 0.48705
0.82432 0.55998
0.82433 0.48094
0.82433 0.45153
0.82434 0.55535
0.82434 0.52391
0.82435 0.58400
0.82435 0.50119
0.82436 0.46874
0.82436 0.53035
0.82437 0.54556
0.82437 0.56975
0.82438 0.58351
0.82438 0.55117
0.82439 0.48780
0.82439 0.54678
0.82440 0.56972
0.82440 0.54373
0.82441 0.54078
0.82441 0.50091
0.82442 0.50247
0.82442 0.57418
0.82443 0.62259
0.82443 0.51031
0.82444 0.44263
0.82444 0.56010
0.82445 0.57769
0.82445 0.58428
0.82446 0.51372
0.82446 0.47779
0.82447 0.59322
0.82447 0.48841
0.82448 0.46951
0.82448 0.60008
0.82449 0.57300
0.82449 0.54143
0.82450 0.54092
0.82450 0.57797
0.82451 0.55995
0.82451 0.55764
0.82452 0.61572
0.82452 0.57737
0.82453 0.52304
0.82453 0.46870
0.82454 0.54950
0.82454 0.52995
0.82455 0.57463
0.82455 0.67942
0.82456 0.52178
0.82456 0.52029
0.82457 0.50319
0.82457 0.50487
0.82458 0.54709
0.82458 0.47705
0.82459 0.53783
0.82459 0.53991
0.82460 0.52906
0.82460 0.48740
0.82461 0.46455
0.82461 0.51765
0.82462 0.49916
0.82462 0.50762
0.82463 0.52275
0.82463 0.61713
0.82464 0.55344
0.82464 0.50568
0.82465 0.55423
0.82465 0.55272
0.82466 0.57364
0.82466 0.56761
0.82467 0.55586
0.82467 0.51613
0.82468 0.43366
0.82468 0.59089
0.82469 0.56999
0.82469 0.48839
0.82470 0.58579
0.82470 0.47768
0.82471 0.52501
0.82471 0.56497
0.82472 0.50392
0.82472 0.55074
0.82473 0.52405
0.82473 0.50509
0.82474 0.56900
0.82474 0.54552
0.82475 0.55588
0.82475 0.59111
0.82476 0.59455
0.82476 0.57251
0.82477 0.55596
0.82477 0.55572
0.82478 0.62330
0.82478 0.56255
0.82479 0.46944
0.82479 0.49123
0.82480 0.46891
0.82480 0.55311
0.82481 0.56851
0.82481 0.45675
0.82482 0.57164
0.82482 0.55920
0.82483 0.51529
0.82483 0.56578
0.82484 0.48635
0.82484 0.55475
0.82485 0.60507
0.82485 0.49309
0.82486 0.52023
0.82486 0.60688
0.82487 0.51852
0.82487 0.47064
0.82488 0.44504
0.82488 0.49408
0.82489 0.51592
0.82489 0.55472
0.82490 0.59907
0.82490 0.55635
0.82491 0.58131
0.82491 0.56527
0.82492 0.57606
0.82492 0.54444
0.82493 0.51827
0.82493 0.56567
0.82494 0.55900
0.82494 0.56391
0.82495 0.49911
0.82495 0.51773
0.82496 0.53987
0.82496 0.52887
0.82497 0.56039
0.82497 0.48669
0.82498 0.53745
0.82498 0.55155
0.82499 0.48316
0.82499 0.47240
0.82500 0.53194
0.82500 0.57098
0.82501 0.50616
0.82501 0.50862
0.82502 0.49746
0.82502 0.45373
0.82503 0.46199
0.82503 0.59041
0.82504 0.57833
0.82504 0.53613
0.82505 0.49813
0.82505 0.47405
0.82506 0.54581
0.82506 0.50165
0.82507 0.55875
0.82507 0.55341
0.82508 0.53282
0.82508 0.54639
0.82509 0.50250
0.82509 0.49906
0.82510 0.53885
0.82510 0.52252
0.82511 0.57296
0.82511 0.57367
0.82512 0.38393
0.82512 0.46604
0.82513 0.53617
0.82513 0.47015
0.82514 0.61114
0.82514 0.51727
0.82515 0.51708
0.82515 0.58976
0.82516 0.49453
0.82516 0.59836
0.82517 0.56970
0.82517 0.51874
0.82518 0.53936
0.82518 0.50112
0.82519 0.47131
0.82519 0.52931
0.82520 0.57741
0.82520 0.46251
0.82521 0.48827
0.82521 0.54016
0.82522 0.48903
0.82522 0.53408
0.82523 0.49974
0.82523 0.54814
0.82524 0.54798
0.82524 0.57428
0.82525 0.64256
0.82525 0.51997
0.82526 0.44559
0.82526 0.53892
0.82527 0.54244
0.82527 0.46666
0.82528 0.55327
0.82528 0.54094
0.82529 0.52967
0.82529 0.54019
0.82530 0.55831
0.82530 0.53326
0.82531 0.47161
0.82531 0.49214
0.82532 0.51201
0.82532 0.49799
0.82533 0.45967
0.82533 0.55674
0.82534 0.47604
0.82534 0.50722
0.82535 0.57588
0.82535 0.54510
0.82536 0.50853
0.82536 0.42862
0.82537 0.48621
0.82537 0.50789
0.82538 0.54852
0.82538 0.52097
0.82539 0.50789
0.82539 0.50626
0.82540 0.46734
0.82540 0.53570
0.82541 0.50010
0.82541 0.51590
0.82542 0.53784
0.82542 0.45223
0.82543 0.55513
0.82543 0.61724
0.82544 0.56619
0.82544 0.44279
0.82545 0.41093
0.82545 0.46976
0.82546 0.49213
0.82546 0.49501
0.82547 0.56539
0.82547 0.60182
0.82548 0.46765
0.82548 0.45547
0.82549 0.59563
0.82549 0.53392
0.82550 0.52857
0.82550 0.57244
0.82551 0.59370
0.82551 0.55048
0.82552 0.47503
0.82552 0.53495
0.82553 0.50358
0.82553 0.50123
0.82554 0.51386
0.82554 0.54464
0.82555 0.49727
0.82555 0.48328
0.82556 0.60602
0.82556 0.58320
0.82557 0.50669
0.82557 0.47465
0.82558 0.54937
0.82558 0.56390
0.82559 0.55355
0.82559 0.48743
0.82560 0.47479
0.82560 0.56736
0.82561 0.52568
0.82561 0.49803
0.82562 0.50060
0.82562 0.58865
0.82563 0.54672
0.82563 0.53725
0.82564 0.52293
0.82564 0.49517
0.82565 0.61067
0.82565 0.56292
0.82566 0.56232
0.82566 0.56315
0.82567 0.50292
0.82567 0.56182
0.82568 0.48360
0.82568 0.51822
0.82569 0.58774
0.82569 0.52731
0.82570 0.55154
0.82570 0.50751
0.82571 0.45885
0.82571 0.48546
0.82572 0.54551
0.82572 0.54104
0.82573 0.49765
0.82573 0.52337
0.82574 0.52998
0.82574 0.57675
0.82575 0.54272
0.82575 0.51470
0.82576 0.50694
0.82576 0.48565
0.82577 0.48178
0.82577 0.46053
0.82578 0.50727
0.82578 0.52871
0.82579 0.52707
0.82579 0.54308
0.82580 0.50009
0.82580 0.46845
0.82581 0.53458
0.82581 0.49121
0.82582 0.45832
0.82582 0.54727
0.82583 0.51672
0.82583 0.44052
0.82584 0.51260
0.82584 0.46169
0.82585 0.46584
0.82585 0.51728
0.82586 0.48302
0.82586 0.58217
0.82587 0.59509
0.82587 0.59705
0.82588 0.50853
0.82588 0.49812
0.82589 0.55228
0.82589 0.51608
0.82590 0.60276
0.82590 0.47438
0.82591 0.49188
0.82591 0.57300
0.82592 0.52140
0.82592 0.53429
0.82593 0.54281
0.82593 0.56398
0.82594 0.53246
0.82594 0.52744
0.82595 0.54418
0.82595 0.52479
0.82596 0.56133
0.82596 0.53215
0.82597 0.53770
0.82597 0.55518
0.82598 0.55232
0.82598 0.56594
0.82599 0.53919
0.82599 0.57412
0.82600 0.48430
0.82600 0.51609
0.82601 0.56679
0.82601 0.54787
0.82602 0.51392
0.82602 0.60255
0.82603 0.54742
0.82603 0.47415
0.82604 0.53349
0.82604 0.48673
0.82605 0.55064
0.82605 0.49792
0.82606 0.48904
0.82606 0.53305
0.82607 0.54303
0.82607 0.47336
0.82608 0.52645
0.82608 0.55674
0.82609 0.56986
0.82609 0.58756
0.82610 0.49101
0.82610 0.50406
0.82611 0.41353
0.82611 0.50401
0.82612 0.60087
0.82612 0.59276
0.82613 0.56511
0.82613 0.45124
0.82614 0.49304
0.82614 0.53616
0.82615 0.51685
0.82615 0.59551
0.82616 0.58675
0.82616 0.50634
0.82617 0.56661
0.82617 0.55271
0.82618 0.54969
0.82618 0.56902
0.82619 0.58617
0.82619 0.49995
0.82620 0.48065
0.82620 0.50460
0.82621 0.53516
0.82621 0.63279
0.82622 0.51777
0.82622 0.54067
0.82623 0.55669
0.82623 0.53497
0.82624 0.51517
0.82624 0.55571
0.82625 0.59687
0.82625 0.52770
0.82626 0.55291
0.82626 0.56588
0.82627 0.54823
0.82627 0.55927
0.82628 0.50219
0.82628 0.52799
0.82629 0.51748
0.82629 0.50641
0.82630 0.54373
0.82630 0.49560
0.82631 0.57918
0.82631 0.60374
0.82632 0.59838
0.82632 0.54892
0.82633 0.48037
0.82633 0.55938
0.82634 0.49162
0.82634 0.46921
0.82635 0.54330
0.82635 0.58038
0.82636 0.52338
0.82636 0.51637
0.82637 0.60215
0.82637 0.53237
0.82638 0.56230
0.82638 0.56269
0.82639 0.54916
0.82639 0.57347
0.82640 0.59587
0.82640 0.57106
0.82641 0.53092
0.82641 0.50015
0.82642 0.54745
0.82642 0.54475
0.82643 0.55660
0.82643 0.60128
0.82644 0.49627
0.82644 0.53396
0.82645 0.57019
0.82645 0.51248
0.82646 0.54506
0.82646 0.51868
0.82647 0.48745
0.82647 0.59815
0.82648 0.61025
0.82648 0.52352
0.82649 0.51006
0.82649 0.54221
0.82650 0.56658
0.82650 0.58805
0.82651 0.57431
0.82651 0.56988
0.82652 0.58314
0.82652 0.58107
0.82653 0.56563
0.82653 0.53547
0.82654 0.54157
0.82654 0.53651
0.82655 0.56453
0.82655 0.61153
0.82656 0.59288
0.82656 0.60583
0.82657 0.52111
0.82657 0.49095
0.82658 0.53998
0.82658 0.53868
0.82659 0.53037
0.82659 0.60325
0.82660 0.62682
0.82660 0.58723
0.82661 0.58289
0.82661 0.51457
0.82662 0.53242
0.82662 0.53209
0.82663 0.53546
0.82663 0.60693
0.82664 0.62034
0.82664 0.59066
0.82665 0.48343
0.82665 0.50038
0.82666 0.56278
0.82666 0.54213
0.82667 0.59762
0.82667 0.61415
0.82668 0.57305
0.82668 0.58485
0.82669 0.53744
0.82669 0.56009
0.82670 0.59012
0.82670 0.52998
0.82671 0.52587
0.82671 0.54199
0.82672 0.54692
0.82672 0.60759
0.82673 0.60858
0.82673 0.55956
0.82674 0.60583
0.82674 0.55051
0.82675 0.57632
0.82675 0.58375
0.82676 0.57921
0.82676 0.61815
0.82677 0.56349
0.82677 0.51310
0.82678 0.64090
0.82678 0.64774
0.82679 0.54621
0.82679 0.55553
0.82680 0.48552
0.82680 0.55438
0.82681 0.53411
0.82681 0.48787
0.82682 0.58170
0.82682 0.60508
0.82683 0.55250
0.82683 0.48454
0.82684 0.52895
0.82684 0.57139
0.82685 0.51449
0.82685 0.50769
0.82686 0.52190
0.82686 0.54338
0.82687 0.60336
0.82687 0.66871
0.82688 0.57688
0.82688 0.53373
0.82689 0.57813
0.82689 0.52100
0.82690 0.57572
0.82690 0.62308
0.82691 0.54560
0.82691 0.54843
0.82692 0.51739
0.82692 0.53564
0.82693 0.56096
0.82693 0.52731
0.82694 0.54834
0.82694 0.58479
0.82695 0.58695
0.82695 0.54006
0.82696 0.60685
0.82696 0.59353
0.82697 0.60390
0.82697 0.57465
0.82698 0.55593
0.82698 0.55695
0.82699 0.57145
0.82699 0.64934
0.82700 0.50332
0.82700 0.51267
0.82701 0.56955
0.82701 0.60360
0.82702 0.67715
0.82702 0.55351
0.82703 0.56465
0.82703 0.62210
0.82704 0.58366
0.82704 0.57390
0.82705 0.61070
0.82705 0.61928
0.82706 0.56857
0.82706 0.54196
0.82707 0.60338
0.82707 0.54436
0.82708 0.53369
0.82708 0.56286
0.82709 0.50892
0.82709 0.53713
0.82710 0.54781
0.82710 0.58287
0.82711 0.53727
0.82711 0.60259
0.82712 0.54966
0.82712 0.52187
0.82713 0.59875
0.82713 0.48014
0.82714 0.54664
0.82714 0.63110
0.82715 0.51718
0.82715 0.52984
0.82716 0.49717
0.82716 0.54411
0.82717 0.65409
0.82717 0.58101
0.82718 0.54596
0.82718 0.55980
0.82719 0.53102
0.82719 0.54689
0.82720 0.62600
0.82720 0.55005
0.82721 0.56805
0.82721 0.54452
0.82722 0.49368
0.82722 0.64485
0.82723 0.62825
0.82723 0.52498
0.82724 0.53119
0.82724 0.54401
0.82725 0.56315
0.82725 0.54286
0.82726 0.53487
0.82726 0.56647
0.82727 0.58439
0.82727 0.55427
0.82728 0.55793
0.82728 0.52505
0.82729 0.50931
0.82729 0.59188
0.82730 0.58252
0.82730 0.54725
0.82731 0.47859
0.82731 0.44758
0.82732 0.52181
0.82732 0.52362
0.82733 0.57466
0.82733 0.55852
0.82734 0.55234
0.82734 0.56932
0.82735 0.48027
0.82735 0.60387
0.82736 0.67408
0.82736 0.60628
0.82737 0.53661
0.82737 0.60925
0.82738 0.59264
0.82738 0.55212
0.82739 0.56037
0.82739 0.53240
0.82740 0.54724
0.82740 0.52018
0.82741 0.60341
0.82741 0.55336
0.82742 0.53240
0.82742 0.60056
0.82743 0.60170
0.82743 0.61242
0.82744 0.55207
0.82744 0.51350
0.82745 0.56040
0.82745 0.53879
0.82746 0.56892
0.82746 0.54129
0.82747 0.59440
0.82747 0.58133
0.82748 0.48519
0.82748 0.60790
0.82749 0.52830
0.82749 0.56883
0.82750 0.57105
0.82750 0.51561
0.82751 0.58219
0.82751 0.54385
0.82752 0.53449
0.82752 0.58858
0.82753 0.57782
0.82753 0.54566
0.82754 0.57354
0.82754 0.51304
0.82755 0.49990
0.82755 0.50576
0.82756 0.54960
0.82756 0.56836
0.82757 0.49213
0.82757 0.61142
0.82758 0.54626
0.82758 0.50141
0.82759 0.62648
0.82759 0.57284
0.82760 0.54027
0.82760 0.50884
0.82761 0.57084
0.82761 0.55987
0.82762 0.56206
0.82762 0.61860
0.82763 0.52122
0.82763 0.55623
0.82764 0.60252
0.82764 0.57375
0.82765 0.53072
0.82765 0.50948
0.82766 0.61565
0.82766 0.51220
0.82767 0.51975
0.82767 0.50283
0.82768 0.46082
0.82768 0.56289
0.82769 0.53114
0.82769 0.50115
0.82770 0.47862
0.82770 0.52759
0.82771 0.51298
0.82771 0.52612
0.82772 0.55580
0.82772 0.54501
0.82773 0.53229
0.82773 0.51705
0.82774 0.49800
0.82774 0.47397
0.82775 0.48870
0.82775 0.50200
0.82776 0.57120
0.82776 0.59316
0.82777 0.52785
0.82777 0.57480
0.82778 0.60708
0.82778 0.54387
0.82779 0.52846
0.82779 0.53177
0.82780 0.54686
0.82780 0.53931
0.82781 0.53624
0.82781 0.64164
0.82782 0.52495
0.82782 0.48058
0.82783 0.50892
0.82783 0.44354
0.82784 0.55483
0.82784 0.53361
0.82785 0.51372
0.82785 0.52057
0.82786 0.56949
0.82786 0.55856
0.82787 0.51773
0.82787 0.57245
0.82788 0.57024
0.82788 0.52239
0.82789 0.51201
0.82789 0.52044
0.82790 0.51733
0.82790 0.54559
0.82791 0.55728
0.82791 0.60632
0.82792 0.53545
0.82792 0.52106
0.82793 0.57448
0.82793 0.50334
0.82794 0.51078
0.82794 0.48014
0.82795 0.52325
0.82795 0.60121
0.82796 0.53780
0.82796 0.57234
0.82797 0.54042
0.82797 0.55578
0.82798 0.65007
0.82798 0.61291
0.82799 0.55223
0.82799 0.54275
0.82800 0.59616
0.82800 0.57648
0.82801 0.56740
0.82801 0.58170
0.82802 0.54719
0.82802 0.52731
0.82803 0.59267
0.82803 0.56973
0.82804 0.50141
0.82804 0.47502
0.82805 0.50400
0.82805 0.58479
0.82806 0.51287
0.82806 0.56383
0.82807 0.59220
0.82807 0.61053
0.82808 0.59922
0.82808 0.56941
0.82809 0.60225
0.82809 0.51924
0.82810 0.53428
0.82810 0.50190
0.82811 0.53830
0.82811 0.64119
0.82812 0.50913
0.82812 0.49904
0.82813 0.53266
0.82813 0.57168
0.82814 0.59870
0.82814 0.54533
0.82815 0.57733
0.82815 0.51350
0.82816 0.51400
0.82816 0.51379
0.82817 0.53096
0.82817 0.55349
0.82818 0.48821
0.82818 0.54589
0.82819 0.60378
0.82819 0.50791
0.82820 0.52538
0.82820 0.54658
0.82821 0.46873
0.82821 0.51778
0.82822 0.52808
0.82822 0.54781
0.82823 0.56610
0.82823 0.52465
0.82824 0.53964
0.82824 0.52105
0.82825 0.59898
0.82825 0.58045
0.82826 0.44905
0.82826 0.53945
0.82827 0.58711
0.82827 0.56220
0.82828 0.59096
0.82828 0.58609
0.82829 0.58997
0.82829 0.57666
0.82830 0.48676
0.82830 0.53567
0.82831 0.58221
0.82831 0.53839
0.82832 0.58100
0.82832 0.52103
0.82833 0.45848
0.82833 0.50155
0.82834 0.55649
0.82834 0.50365
0.82835 0.55509
0.82835 0.63196
0.82836 0.54203
0.82836 0.57476
0.82837 0.55443
0.82837 0.52002
0.82838 0.53895
0.82838 0.51147
0.82839 0.52526
0.82839 0.51263
0.82840 0.49039
0.82840 0.56999
0.82841 0.60345
0.82841 0.53585
0.82842 0.59097
0.82842 0.47508
0.82843 0.46571
0.82843 0.54594
0.82844 0.51135
0.82844 0.60596
0.82845 0.58574
0.82845 0.59921
0.82846 0.53368
0.82846 0.47426
0.82847 0.50791
0.82847 0.53550
0.82848 0.58876
0.82848 0.54266
0.82849 0.55847
0.82849 0.56749
0.82850 0.52488
0.82850 0.57609
0.82851 0.51266
0.82851 0.50418
0.82852 0.58343
0.82852 0.50669
0.82853 0.54749
0.82853 0.60624
0.82854 0.56629
0.82854 0.52568
0.82855 0.53086
0.82855 0.56551
0.82856 0.48638
0.82856 0.57472
0.82857 0.53475
0.82857 0.53089
0.82858 0.58575
0.82858 0.45822
0.82859 0.51857
0.82859 0.55250
0.82860 0.52274
0.82860 0.49816
0.82861 0.51181
0.82861 0.50321
0.82862 0.52101
0.82862 0.54474
0.82863 0.51352
0.82863 0.56397
0.82864 0.55928
0.82864 0.56750
0.82865 0.53125
0.82865 0.48402
0.82866 0.55133
0.82866 0.49749
0.82867 0.50513
0.82867 0.52637
0.82868 0.53093
0.82868 0.55798
0.82869 0.51337
0.82869 0.55738
0.82870 0.56328
0.82870 0.50916
0.82871 0.49279
0.82871 0.47447
0.82872 0.55688
0.82872 0.62209
0.82873 0.58183
0.82873 0.55697
0.82874 0.59919
0.82874 0.57225
0.82875 0.52902
0.82875 0.51787
0.82876 0.50446
0.82876 0.52831
0.82877 0.50405
0.82877 0.50457
0.82878 0.59653
0.82878 0.54490
0.82879 0.55082
0.82879 0.53569
0.82880 0.57251
0.82880 0.61090
0.82881 0.52981
0.82881 0.59056
0.82882 0.55508
0.82882 0.49356
0.82883 0.53500
0.82883 0.61395
0.82884 0.57938
0.82884 0.59383
0.82885 0.48955
0.82885 0.51458
0.82886 0.60842
0.82886 0.49914
0.82887 0.54742
0.82887 0.62066
0.82888 0.59456
0.82888 0.54330
0.82889 0.55552
0.82889 0.58589
0.82890 0.53575
0.82890 0.52635
0.82891 0.51647
0.82891 0.53173
0.82892 0.58039
0.82892 0.50156
0.82893 0.43887
0.82893 0.56685
0.82894 0.58904
0.82894 0.52981
0.82895 0.59112
0.82895 0.59248
0.82896 0.51347
0.82896 0.47342
0.82897 0.56940
0.82897 0.59296
0.82898 0.57016
0.82898 0.50986
0.82899 0.46604
0.82899 0.48699
0.82900 0.51585
0.82900 0.54150
0.82901 0.56357
0.82901 0.54027
0.82902 0.58861
0.82902 0.58781
0.82903 0.48349
0.82903 0.56946
0.82904 0.59575
0.82904 0.54400
0.82905 0.58132
0.82905 0.52775
0.82906 0.50616
0.82906 0.54268
0.82907 0.52551
0.82907 0.54806
0.82908 0.53735
0.82908 0.62259
0.82909 0.60348
0.82909 0.50967
0.82910 0.54558
0.82910 0.54089
0.82911 0.56345
0.82911 0.59180
0.82912 0.59005
0.82912 0.50311
0.82913 0.47391
0.82913 0.54843
0.82914 0.53092
0.82914 0.56907
0.82915 0.54523
0.82915 0.55649
0.82916 0.59357
0.82916 0.50634
0.82917 0.50537
0.82917 0.57162
0.82918 0.55921
0.82918 0.48916
0.82919 0.56420
0.82919 0.53983
0.82920 0.49550
0.82920 0.57941
0.82921 0.54105
0.82921 0.53006
0.82922 0.52453
0.82922 0.45534
0.82923 0.53497
0.82923 0.54513
0.82924 0.48938
0.82924 0.51350
0.82925 0.52368
0.82925 0.53965
0.82926 0.54679
0.82926 0.55421
0.82927 0.56975
0.82927 0.54426
0.82928 0.48647
0.82928 0.48153
0.82929 0.54359
0.82929 0.49671
0.82930 0.54461
0.82930 0.60349
0.82931 0.45620
0.82931 0.51990
0.82932 0.55700
0.82932 0.57209
0.82933 0.59426
0.82933 0.55400
0.82934 0.60150
0.82934 0.56683
0.82935 0.58826
0.82935 0.58974
0.82936 0.57042
0.82936 0.51963
0.82937 0.46951
0.82937 0.53894
0.82938 0.49593
0.82938 0.56470
0.82939 0.52076
0.82939 0.42271
0.82940 0.48747
0.82940 0.55363
0.82941 0.57940
0.82941 0.58080
0.82942 0.53370
0.82942 0.48702
0.82943 0.55349
0.82943 0.53295
0.82944 0.54682
0.82944 0.55159
0.82945 0.53760
0.82945 0.48312
0.82946 0.49112
0.82946 0.61258
0.82947 0.55676
0.82947 0.56289
0.82948 0.62504
0.82948 0.51440
0.82949 0.51286
0.82949 0.54894
0.82950 0.55943
0.82950 0.53388
0.82951 0.53600
0.82951 0.54076
0.82952 0.49291
0.82952 0.56611
0.82953 0.56393
0.82953 0.47424
0.82954 0.51759
0.82954 0.52268
0.82955 0.53319
0.82955 0.57458
0.82956 0.52841
0.82956 0.56242
0.82957 0.51111
0.82957 0.52609
0.82958 0.55754
0.82958 0.52635
0.82959 0.51823
0.82959 0.53903
0.82960 0.53330
0.82960 0.56449
0.82961 0.56683
0.82961 0.49943
0.82962 0.55632
0.82962 0.47454
0.82963 0.49376
0.82963 0.57816
0.82964 0.57741
0.82964 0.54863
0.82965 0.60378
0.82965 0.58128
0.82966 0.49606
0.82966 0.48910
0.82967 0.49350
0.82967 0.60881
0.82968 0.58622
0.82968 0.49908
0.82969 0.48027
0.82969 0.56948
0.82970 0.55412
0.82970 0.49424
0.82971 0.52048
0.82971 0.54594
0.82972 0.53119
0.82972 0.55599
0.82973 0.59555
0.82973 0.52030
0.82974 0.50973
0.82974 0.58262
0.82975 0.57768
0.82975 0.58158
0.82976 0.58214
0.82976 0.56303
0.82977 0.60204
0.82977 0.58476
0.82978 0.60986
0.82978 0.59228
0.82979 0.50113
0.82979 0.56425
0.82980 0.55391
0.82980 0.55755
0.82981 0.62588
0.82981 0.54578
0.82982 0.58563
0.82982 0.61579
0.82983 0.52558
0.82983 0.56196
0.82984 0.59404
0.82984 0.49076
0.82985 0.52744
0.82985 0.59899
0.82986 0.57088
0.82986 0.55611
0.82987 0.51429
0.82987 0.47324
0.82988 0.53466
0.82988 0.52287
0.82989 0.52412
0.82989 0.60534
0.82990 0.53109
0.82990 0.54125
0.82991 0.48925
0.82991 0.56683
0.82992 0.58012
0.82992 0.51173
0.82993 0.57878
0.82993 0.45374
0.82994 0.54350
0.82994 0.60579
0.82995 0.63787
0.82995 0.65303
0.82996 0.55085
0.82996 0.61079
0.82997 0.53832
0.82997 0.50843
0.82998 0.54526
0.82998 0.48658
0.82999 0.62431
0.82999 0.63396
0.83000 0.53766
0.83000 0.53169
0.83001 0.58002
0.83001 0.62090
0.83002 0.51013
0.83002 0.51346
0.83003 0.52165
0.83003 0.61865
0.83004 0.61066
0.83004 0.46389
0.83005 0.54351
0.83005 0.52279
0.83006 0.61457
0.83006 0.57985
0.83007 0.56003
0.83007 0.60722
0.83008 0.52715
0.83008 0.57410
0.83009 0.56504
0.83009 0.63109
0.83010 0.56781
0.83010 0.49887
0.83011 0.58083
0.83011 0.59505
0.83012 0.53274
0.83012 0.60490
0.83013 0.60740
0.83013 0.53518
0.83014 0.55941
0.83014 0.61197
0.83015 0.60388
0.83015 0.58661
0.83016 0.61418
0.83016 0.50736
0.83017 0.54453
0.83017 0.60132
0.83018 0.56807
0.83018 0.48979
0.83019 0.48209
0.83019 0.59812
0.83020 0.58318
0.83020 0.62119
0.83021 0.61941
0.83021 0.56994
0.83022 0.65203
0.83022 0.60544
0.83023 0.52501
0.83023 0.59422
0.83024 0.55120
0.83024 0.61741
0.83025 0.60813
0.83025 0.56464
0.83026 0.67064
0.83026 0.57071
0.83027 0.47006
0.83027 0.50841
0.83028 0.61071
0.83028 0.57934
0.83029 0.57661
0.83029 0.60927
0.83030 0.52962
0.83030 0.54072
0.83031 0.59645
0.83031 0.67101
0.83032 0.58412
0.83032 0.54642
0.83033 0.58021
0.83033 0.61628
0.83034 0.65465
0.83034 0.50777
0.83035 0.51344
0.83035 0.52193
0.83036 0.52408
0.83036 0.59505
0.83037 0.61271
0.83037 0.57289
0.83038 0.54812
0.83038 0.58689
0.83039 0.55982
0.83039 0.52324
0.83040 0.48391
0.83040 0.62261
0.83041 0.66959
0.83041 0.57512
0.83042 0.60102
0.83042 0.58828
0.83043 0.53845
0.83043 0.53563
0.83044 0.58032
0.83044 0.55812
0.83045 0.55954
0.83045 0.66310
0.83046 0.62455
0.83046 0.51010
0.83047 0.58882
0.83047 0.57785
0.83048 0.58060
0.83048 0.54578
0.83049 0.59164
0.83049 0.70812
0.83050 0.61551
0.83050 0.52809
0.83051 0.52977
0.83051 0.60619
0.83052 0.58271
0.83052 0.56222
0.83053 0.60263
0.83053 0.51088
0.83054 0.60654
0.83054 0.61345
0.83055 0.50550
0.83055 0.51590
0.83056 0.59210
0.83056 0.65542
0.83057 0.58068
0.83057 0.56135
0.83058 0.56140
0.83058 0.62488
0.83059 0.52847
0.83059 0.52886
0.83060 0.55880
0.83060 0.53211
0.83061 0.63680
0.83061 0.55704
0.83062 0.47729
0.83062 0.56294
0.83063 0.58857
0.83063 0.57611
0.83064 0.59018
0.83064 0.59215
0.83065 0.54303
0.83065 0.60099
0.83066 0.62212
0.83066 0.54318
0.83067 0.53300
0.83067 0.54959
0.83068 0.55988
0.83068 0.62804
0.83069 0.58376
0.83069 0.57264
0.83070 0.59470
0.83070 0.58558
0.83071 0.55439
0.83071 0.52141
0.83072 0.56135
0.83072 0.46664
0.83073 0.56229
0.83073 0.52674
0.83074 0.49467
0.83074 0.61169
0.83075 0.55784
0.83075 0.57062
0.83076 0.53495
0.83076 0.60353
0.83077 0.61105
0.83077 0.51910
0.83078 0.53449
0.83078 0.49957
0.83079 0.55950
0.83079 0.54310
0.83080 0.53759
0.83080 0.60698
0.83081 0.53324
0.83081 0.51657
0.83082 0.57238
0.83082 0.49752
0.83083 0.51561
0.83083 0.58979
0.83084 0.54527
0.83084 0.52249
0.83085 0.47734
0.83085 0.51380
0.83086 0.54960
0.83086 0.53107
0.83087 0.51558
0.83087 0.51952
0.83088 0.65055
0.83088 0.58867
0.83089 0.49958
0.83089 0.55026
0.83090 0.48230
0.83090 0.51566
0.83091 0.51439
0.83091 0.50959
0.83092 0.57127
0.83092 0.55436
0.83093 0.57667
0.83093 0.57034
0.83094 0.54724
0.83094 0.58910
0.83095 0.61781
0.83095 0.51859
0.83096 0.51846
0.83096 0.58426
0.83097 0.54073
0.83097 0.58937
0.83098 0.52706
0.83098 0.52752
0.83099 0.57611
0.83099 0.51014
0.83100 0.54890
0.83100 0.54408
0.83101 0.53599
0.83101 0.53451
0.83102 0.52254
0.83102 0.66964
0.83103 0.52867
0.83103 0.49347
0.83104 0.60513
0.83104 0.50511
0.83105 0.57433
0.83105 0.58514
0.83106 0.59526
0.83106 0.61236
0.83107 0.62960
0.83107 0.57929
0.83108 0.51630
0.83108 0.57411
0.83109 0.57973
0.83109 0.51104
0.83110 0.51652
0.83110 0.57927
0.83111 0.61541
0.83111 0.56046
0.83112 0.55283
0.83112 0.52043
0.83113 0.55881
0.83113 0.56418
0.83114 0.52921
0.83114 0.57450
0.83115 0.54935
0.83115 0.59098
0.83116 0.51631
0.83116 0.59619
0.83117 0.55635
0.83117 0.45314
0.83118 0.60496
0.83118 0.64636
0.83119 0.60303
0.83119 0.51703
0.83120 0.47011
0.83120 0.57519
0.83121 0.56374
0.83121 0.47113
0.83122 0.56464
0.83122 0.57677
0.83123 0.58174
0.83123 0.56119
0.83124 0.54572
0.83124 0.54560
0.83125 0.56635
0.83125 0.58847
0.83126 0.51031
0.83126 0.58323
0.83127 0.51745
0.83127 0.49797
0.83128 0.59381
0.83128 0.53417
0.83129 0.51634
0.83129 0.49781
0.83130 0.57484
0.83130 0.55865
0.83131 0.51510
0.83131 0.61042
0.83132 0.58029
0.83132 0.55778
0.83133 0.55240
0.83133 0.57893
0.83134 0.53515
0.83134 0.52723
0.83135 0.58142
0.83135 0.56373
0.83136 0.59008
0.83136 0.61600
0.83137 0.58200
0.83137 0.51957
0.83138 0.59087
0.83138 0.55962
0.83139 0.53926
0.83139 0.57385
0.83140 0.57137
0.83140 0.57299
0.83141 0.56794
0.83141 0.66088
0.83142 0.57938
0.83142 0.53565
0.83143 0.56118
0.83143 0.47924
0.83144 0.55731
0.83144 0.51134
0.83145 0.49106
0.83145 0.53625
0.83146 0.54077
0.83146 0.59777
0.83147 0.54171
0.83147 0.59368
0.83148 0.57036
0.83148 0.49527
0.83149 0.53970
0.83149 0.59035
0.83150 0.56123
0.83150 0.53759
0.83151 0.56387
0.83151 0.61147
0.83152 0.57597
0.83152 0.52475
0.83153 0.57294
0.83153 0.56600
0.83154 0.56458
0.83154 0.62296
0.83155 0.61997
0.83155 0.59379
0.83156 0.59828
0.83156 0.56964
0.83157 0.52379
0.83157 0.61915
0.83158 0.62921
0.83158 0.52212
0.83159 0.61925
0.83159 0.59460
0.83160 0.60038
0.83160 0.60986
0.83161 0.53806
0.83161 0.54504
0.83162 0.52308
0.83162 0.63056
0.83163 0.57884
0.83163 0.54637
0.83164 0.65095
0.83164 0.62016
0.83165 0.59408
0.83165 0.56398
0.83166 0.55707
0.83166 0.58062
0.83167 0.59117
0.83167 0.51777
0.83168 0.59478
0.83168 0.59924
0.83169 0.49629
0.83169 0.55521
0.83170 0.54407
0.83170 0.60542
0.83171 0.60526
0.83171 0.52753
0.83172 0.61725
0.83172 0.63925
0.83173 0.58948
0.83173 0.55003
0.83174 0.53732
0.83174 0.56945
0.83175 0.59327
0.83175 0.63384
0.83176 0.66906
0.83176 0.58905
0.83177 0.60137
0.83177 0.58819
0.83178 0.59613
0.83178 0.61840
0.83179 0.55040
0.83179 0.51804
0.83180 0.54174
0.83180 0.60621
0.83181 0.60054
0.83181 0.58920
0.83182 0.50439
0.83182 0.49659
0.83183 0.54875
0.83183 0.61860
0.83184 0.62827
0.83184 0.54685
0.83185 0.59486
0.83185 0.61852
0.83186 0.59171
0.83186 0.58378
0.83187 0.58209
0.83187 0.56763
0.83188 0.51965
0.83188 0.61831
0.83189 0.52532
0.83189 0.55614
0.83190 0.59360
0.83190 0.59204
0.83191 0.63889
0.83191 0.56968
0.83192 0.64190
0.83192 0.58423
0.83193 0.56541
0.83193 0.55958
0.83194 0.57651
0.83194 0.55675
0.83195 0.53955
0.83195 0.64322
0.83196 0.58446
0.83196 0.56305
0.83197 0.61893
0.83197 0.63137
0.83198 0.60005
0.83198 0.54250
0.83199 0.57946
0.83199 0.64324
0.83200 0.61424
0.83200 0.59523
0.83201 0.59433
0.83201 0.52947
0.83202 0.57893
0.83202 0.58333
0.83203 0.57694
0.83203 0.61645
0.83204 0.58089
0.83204 0.61657
0.83205 0.56748
0.83205 0.60138
0.83206 0.57229
0.83206 0.54368
0.83207 0.53724
0.83207 0.50021
0.83208 0.53856
0.83208 0.55936
0.83209 0.60254
0.83209 0.54727
0.83210 0.62932
0.83210 0.58556
0.83211 0.55574
0.83211 0.58049
0.83212 0.53022
0.83212 0.58052
0.83213 0.56785
0.83213 0.56834
0.83214 0.58563
0.83214 0.61139
0.83215 0.58174
0.83215 0.52189
0.83216 0.56887
0.83216 0.57401
0.83217 0.50399
0.83217 0.58068
0.83218 0.65825
0.83218 0.58836
0.83219 0.58711
0.83219 0.53960
0.83220 0.54017
0.83220 0.52451
0.83221 0.54081
0.83221 0.55641
0.83222 0.58818
0.83222 0.63728
0.83223 0.57448
0.83223 0.56551
0.83224 0.56160
0.83224 0.57719
0.83225 0.53852
0.83225 0.52262
0.83226 0.54816
0.83226 0.52245
0.83227 0.57554
0.83227 0.53821
0.83228 0.58383
0.83228 0.62172
0.83229 0.52691
0.83229 0.65323
0.83230 0.61209
0.83230 0.43977
0.83231 0.50910
0.83231 0.63562
0.83232 0.58986
0.83232 0.53771
0.83233 0.58389
0.83233 0.62474
0.83234 0.58883
0.83234 0.60104
0.83235 0.53748
0.83235 0.54459
0.83236 0.56823
0.83236 0.56671
0.83237 0.59623
0.83237 0.51074
0.83238 0.58485
0.83238 0.56376
0.83239 0.57477
0.83239 0.61101
0.83240 0.51712
0.83240 0.54370
0.83241 0.51597
0.83241 0.52188
0.83242 0.55217
0.83242 0.60491
0.83243 0.62436
0.83243 0.61901
0.83244 0.60633
0.83244 0.58203
0.83245 0.60645
0.83245 0.60148
0.83246 0.56068
0.83246 0.55439
0.83247 0.55320
0.83247 0.57592
0.83248 0.61641
0.83248 0.55081
0.83249 0.56849
0.83249 0.58132
0.83250 0.57999
0.83250 0.60466
0.83251 0.56238
0.83251 0.54878
0.83252 0.54228
0.83252 0.59706
0.83253 0.55623
0.83253 0.54872
0.83254 0.64522
0.83254 0.58234
0.83255 0.52501
0.83255 0.54250
0.83256 0.55405
0.83256 0.65101
0.83257 0.55468
0.83257 0.42939
0.83258 0.53389
0.83258 0.59209
0.83259 0.57011
0.83259 0.59606
0.83260 0.62883
0.83260 0.56560
0.83261 0.51780
0.83261 0.56283
0.83262 0.55253
0.83262 0.52316
0.83263 0.58228
0.83263 0.56555
0.83264 0.57852
0.83264 0.52860
0.83265 0.53248
0.83265 0.55445
0.83266 0.57738
0.83266 0.58916
0.83267 0.61762
0.83267 0.59212
0.83268 0.51592
0.83268 0.52945
0.83269 0.56327
0.83269 0.62791
0.83270 0.61337
0.83270 0.60916
0.83271 0.61348
0.83271 0.57412
0.83272 0.56395
0.83272 0.55151
0.83273 0.56019
0.83273 0.57758
0.83274 0.60195
0.83274 0.64731
0.83275 0.65801
0.83275 0.58308
0.83276 0.52230
0.83276 0.60087
0.83277 0.62764
0.83277 0.56008
0.83278 0.55195
0.83278 0.59449
0.83279 0.62752
0.83279 0.55348
0.83280 0.59623
0.83280 0.58675
0.83281 0.50739
0.83281 0.53278
0.83282 0.53977
0.83282 0.53819
0.83283 0.51423
0.83283 0.62781
0.83284 0.60107
0.83284 0.55815
0.83285 0.55396
0.83285 0.51622
0.83286 0.57459
0.83286 0.53209
0.83287 0.53027
0.83287 0.60465
0.83288 0.60582
0.83288 0.58666
0.83289 0.55387
0.83289 0.53364
0.83290 0.56400
0.83290 0.62627
0.83291 0.58200
0.83291 0.62912
0.83292 0.58683
0.83292 0.46961
0.83293 0.59212
0.83293 0.65208
0.83294 0.59180
0.83294 0.52775
0.83295 0.53085
0.83295 0.59583
0.83296 0.56780
0.83296 0.60131
0.83297 0.60043
0.83297 0.55715
0.83298 0.60110
0.83298 0.57718
0.83299 0.57262
0.83299 0.57446
0.83300 0.58243
0.83300 0.60920
0.83301 0.60431
0.83301 0.61727
0.83302 0.51671
0.83302 0.45577
0.83303 0.57329
0.83303 0.60250
0.83304 0.59088
0.83304 0.52640
0.83305 0.53636
0.83305 0.56505
0.83306 0.51083
0.83306 0.57474
0.83307 0.57630
0.83307 0.60348
0.83308 0.61523
0.83308 0.52215
0.83309 0.60040
0.83309 0.61039
0.83310 0.50816
0.83310 0.56610
0.83311 0.59262
0.83311 0.48472
0.83312 0.59243
0.83312 0.55118
0.83313 0.48359
0.83313 0.57361
0.83314 0.53895
0.83314 0.53286
0.83315 0.57004
0.83315 0.60488
0.83316 0.60631
0.83316 0.54881
0.83317 0.58953
0.83317 0.59046
0.83318 0.56503
0.83318 0.61166
0.83319 0.62841
0.83319 0.60365
0.83320 0.52023
0.83320 0.55352
0.83321 0.63955
0.83321 0.61453
0.83322 0.64830
0.83322 0.61069
0.83323 0.54028
0.83323 0.58629
0.83324 0.57379
0.83324 0.56639
0.83325 0.58485
0.83325 0.52566
0.83326 0.55230
0.83326 0.57482
0.83327 0.54643
0.83327 0.55922
0.83328 0.49850
0.83328 0.52629
0.83329 0.54734
0.83329 0.54922
0.83330 0.56556
0.83330 0.61922
0.83331 0.66139
0.83331 0.58256
0.83332 0.59726
0.83332 0.56050
0.83333 0.49748
0.83333 0.56231
0.83334 0.54420
0.83334 0.60775
0.83335 0.67510
0.83335 0.56469
0.83336 0.52948
0.83336 0.60582
0.83337 0.58656
0.83337 0.55334
0.83338 0.53708
0.83338 0.59581
0.83339 0.56560
0.83339 0.51702
0.83340 0.65305
0.83340 0.68645
0.83341 0.61671
0.83341 0.56762
0.83342 0.63078
0.83342 0.62584
0.83343 0.56446
0.83343 0.58486
0.83344 0.59824
0.83344 0.58399
0.83345 0.55709
0.83345 0.54611
0.83346 0.61423
0.83346 0.68670
0.83347 0.58394
0.83347 0.54483
0.83348 0.60390
0.83348 0.58881
0.83349 0.55850
0.83349 0.58257
0.83350 0.55493
0.83350 0.59386
0.83351 0.58599
0.83351 0.56393
0.83352 0.58477
0.83352 0.61725
0.83353 0.65945
0.83353 0.59029
0.83354 0.58440
0.83354 0.52394
0.83355 0.57700
0.83355 0.65455
0.83356 0.59514
0.83356 0.62433
0.83357 0.52818
0.83357 0.51735
0.83358 0.56834
0.83358 0.56616
0.83359 0.63279
0.83359 0.66711
0.83360 0.65041
0.83360 0.54459
0.83361 0.61592
0.83361 0.65160
0.83362 0.52133
0.83362 0.58111
0.83363 0.53958
0.83363 0.58290
0.83364 0.61986
0.83364 0.60687
0.83365 0.63300
0.83365 0.50439
0.83366 0.60871
0.83366 0.64613
0.83367 0.58135
0.83367 0.57105
0.83368 0.60165
0.83368 0.62049
0.83369 0.60465
0.83369 0.55075
0.83370 0.51590
0.83370 0.61602
0.83371 0.60326
0.83371 0.59525
0.83372 0.56546
0.83372 0.57750
0.83373 0.61999
0.83373 0.58239
0.83374 0.61238
0.83374 0.54343
0.83375 0.53899
0.83375 0.55634
0.83376 0.55785
0.83376 0.61877
0.83377 0.58576
0.83377 0.51367
0.83378 0.57882
0.83378 0.60009
0.83379 0.55924
0.83379 0.59093
0.83380 0.53916
0.83380 0.53103
0.83381 0.67855
0.83381 0.60068
0.83382 0.46865
0.83382 0.56906
0.83383 0.56007
0.83383 0.59843
0.83384 0.60305
0.83384 0.58230
0.83385 0.60272
0.83385 0.55769
0.83386 0.58464
0.83386 0.56181
0.83387 0.60617
0.83387 0.60529
0.83388 0.56057
0.83388 0.57091
0.83389 0.61608
0.83389 0.59524
0.83390 0.50904
0.83390 0.58375
0.83391 0.61483
0.83391 0.58887
0.83392 0.57326
0.83392 0.54883
0.83393 0.54972
0.83393 0.55646
0.83394 0.57494
0.83394 0.60336
0.83395 0.58133
0.83395 0.61899
0.83396 0.54491
0.83396 0.60923
0.83397 0.65246
0.83397 0.50149
0.83398 0.56366
0.83398 0.57157
0.83399 0.53518
0.83399 0.62819
0.83400 0.57068
0.83400 0.54809
0.83401 0.55467
0.83401 0.50458
0.83402 0.54734
0.83402 0.53952
0.83403 0.55554
0.83403 0.59843
0.83404 0.57506
0.83404 0.60477
0.83405 0.55895
0.83405 0.54582
0.83406 0.66035
0.83406 0.53544
0.83407 0.51003
0.83407 0.60081
0.83408 0.57692
0.83408 0.56956
0.83409 0.55760
0.83409 0.61660
0.83410 0.55957
0.83410 0.50335
0.83411 0.59780
0.83411 0.52400
0.83412 0.57045
0.83412 0.61541
0.83413 0.56693
0.83413 0.62179
0.83414 0.58401
0.83414 0.51119
0.83415 0.56922
0.83415 0.59836
0.83416 0.56055
0.83416 0.60125
0.83417 0.58935
0.83417 0.55419
0.83418 0.56238
0.83418 0.61360
0.83419 0.54297
0.83419 0.54817
0.83420 0.57506
0.83420 0.54493
0.83421 0.56274
0.83421 0.57889
0.83422 0.57220
0.83422 0.52470
0.83423 0.52026
0.83423 0.58771
0.83424 0.60637
0.83424 0.60295
0.83425 0.54674
0.83425 0.50041
0.83426 0.66163
0.83426 0.61275
0.83427 0.56814
0.83427 0.66282
0.83428 0.53451
0.83428 0.59432
0.83429 0.61869
0.83429 0.56158
0.83430 0.60719
0.83430 0.50003
0.83431 0.56316
0.83431 0.61710
0.83432 0.56906
0.83432 0.54589
0.83433 0.59066
0.83433 0.63797
0.83434 0.52476
0.83434 0.51184
0.83435 0.60468
0.83435 0.55449
0.83436 0.60109
0.83436 0.62161
0.83437 0.66430
0.83437 0.63219
0.83438 0.53089
0.83438 0.62668
0.83439 0.58208
0.83439 0.50746
0.83440 0.60223
0.83440 0.63019
0.83441 0.50256
0.83441 0.62959
0.83442 0.58821
0.83442 0.50271
0.83443 0.62234
0.83443 0.56815
0.83444 0.60786
0.83444 0.63176
0.83445 0.61741
0.83445 0.61183
0.83446 0.59454
0.83446 0.54318
0.83447 0.49067
0.83447 0.51401
0.83448 0.58362
0.83448 0.58442
0.83449 0.54600
0.83449 0.59905
0.83450 0.56213
0.83450 0.52412
0.83451 0.57469
0.83451 0.61017
0.83452 0.57879
0.83452 0.54584
0.83453 0.48596
0.83453 0.49279
0.83454 0.52334
0.83454 0.54678
0.83455 0.55723
0.83455 0.50423
0.83456 0.56942
0.83456 0.53408
0.83457 0.58568
0.83457 0.57002
0.83458 0.54512
0.83458 0.60810
0.83459 0.53788
0.83459 0.62108
0.83460 0.54622
0.83460 0.56683
0.83461 0.55512
0.83461 0.53435
0.83462 0.57273
0.83462 0.47588
0.83463 0.50283
0.83463 0.60756
0.83464 0.60154
0.83464 0.51569
0.83465 0.56718
0.83465 0.59899
0.83466 0.58738
0.83466 0.56268
0.83467 0.55352
0.83467 0.58201
0.83468 0.50272
0.83468 0.54428
0.83469 0.54416
0.83469 0.53040
0.83470 0.53376
0.83470 0.49700
0.83471 0.56101
0.83471 0.57536
0.83472 0.61398
0.83472 0.59044
0.83473 0.54538
0.83473 0.52873
0.83474 0.62761
0.83474 0.58928
0.83475 0.53670
0.83475 0.60069
0.83476 0.55078
0.83476 0.51312
0.83477 0.56674
0.83477 0.49834
0.83478 0.54863
0.83478 0.59316
0.83479 0.55082
0.83479 0.59665
0.83480 0.59296
0.83480 0.47118
0.83481 0.43714
0.83481 0.56715
0.83482 0.57402
0.83482 0.59405
0.83483 0.53576
0.83483 0.58198
0.83484 0.61511
0.83484 0.55369
0.83485 0.55026
0.83485 0.50927
0.83486 0.54195
0.83486 0.51275
0.83487 0.50549
0.83487 0.58740
0.83488 0.63817
0.83488 0.57639
0.83489 0.54946
0.83489 0.57987
0.83490 0.50273
0.83490 0.56686
0.83491 0.57423
0.83491 0.56200
0.83492 0.66970
0.83492 0.50871
0.83493 0.46228
0.83493 0.56217
0.83494 0.57453
0.83494 0.53564
0.83495 0.52626
0.83495 0.58652
0.83496 0.56590
0.83496 0.55243
0.83497 0.45084
0.83497 0.51246
0.83498 0.57202
0.83498 0.55834
0.83499 0.57265
0.83499 0.52156
0.83500 0.58798
0.83500 0.59313
0.83501 0.57320
0.83501 0.56540
0.83502 0.50149
0.83502 0.51584
0.83503 0.58169
0.83503 0.61182
0.83504 0.54098
0.83504 0.49283
0.83505 0.62400
0.83505 0.56838
0.83506 0.52910
0.83506 0.67708
0.83507 0.56904
0.83507 0.54126
0.83508 0.56918
0.83508 0.54008
0.83509 0.59738
0.83509 0.55900
0.83510 0.49913
0.83510 0.50546
0.83511 0.55358
0.83511 0.53793
0.83512 0.56659
0.83512 0.56223
0.83513 0.52960
0.83513 0.51737
0.83514 0.55976
0.83514 0.53644
0.83515 0.50230
0.83515 0.54917
0.83516 0.53139
0.83516 0.57798
0.83517 0.53780
0.83517 0.50424
0.83518 0.51531
0.83518 0.54813
0.83519 0.57032
0.83519 0.55893
0.83520 0.56974
0.83520 0.59959
0.83521 0.61315
0.83521 0.55921
0.83522 0.56825
0.83522 0.52539
0.83523 0.49965
0.83523 0.54287
0.83524 0.53577
0.83524 0.57484
0.83525 0.52358
0.83525 0.56848
0.83526 0.59864
0.83526 0.48571
0.83527 0.54871
0.83527 0.55585
0.83528 0.54643
0.83528 0.57465
0.83529 0.51608
0.83529 0.53979
0.83530 0.51285
0.83530 0.53640
0.83531 0.59821
0.83531 0.55596
0.83532 0.56053
0.83532 0.50452
0.83533 0.45282
0.83533 0.53307
0.83534 0.58897
0.83534 0.54861
0.83535 0.56234
0.83535 0.66980
0.83536 0.54713
0.83536 0.49219
0.83537 0.58895
0.83537 0.52452
0.83538 0.56143
0.83538 0.57295
0.83539 0.52925
0.83539 0.52608
0.83540 0.55253
0.83540 0.61185
0.83541 0.58358
0.83541 0.57962
0.83542 0.59642
0.83542 0.56260
0.83543 0.55617
0.83543 0.51810
0.83544 0.57379
0.83544 0.57414
0.83545 0.57120
0.83545 0.58921
0.83546 0.55346
0.83546 0.59190
0.83547 0.59512
0.83547 0.60765
0.83548 0.59660
0.83548 0.58354
0.83549 0.61874
0.83549 0.58513
0.83550 0.56981
0.83550 0.50494
0.83551 0.54176
0.83551 0.61943
0.83552 0.57088
0.83552 0.62445
0.83553 0.60941
0.83553 0.56885
0.83554 0.49556
0.83554 0.52351
0.83555 0.57856
0.83555 0.50731
0.83556 0.55806
0.83556 0.63115
0.83557 0.54500
0.83557 0.49742
0.83558 0.52138
0.83558 0.52180
0.83559 0.66691
0.83559 0.63626
0.83560 0.54444
0.83560 0.59061
0.83561 0.54883
0.83561 0.57017
0.83562 0.51855
0.83562 0.50343
0.83563 0.60981
0.83563 0.59132
0.83564 0.53178
0.83564 0.54184
0.83565 0.55537
0.83565 0.58690
0.83566 0.60314
0.83566 0.59799
0.83567 0.55406
0.83567 0.44182
0.83568 0.52733
0.83568 0.56198
0.83569 0.56041
0.83569 0.66168
0.83570 0.58985
0.83570 0.58213
0.83571 0.59915
0.83571 0.49865
0.83572 0.54117
0.83572 0.58042
0.83573 0.52087
0.83573 0.61161
0.83574 0.62746
0.83574 0.61148
0.83575 0.56254
0.83575 0.53520
0.83576 0.54065
0.83576 0.58612
0.83577 0.62465
0.83577 0.52435
0.83578 0.50364
0.83578 0.50042
0.83579 0.59129
0.83579 0.50036
0.83580 0.44724
0.83580 0.56877
0.83581 0.51299
0.83581 0.54016
0.83582 0.57341
0.83582 0.51919
0.83583 0.55411
0.83583 0.55548
0.83584 0.50297
0.83584 0.59474
0.83585 0.58094
0.83585 0.56545
0.83586 0.57386
0.83586 0.55355
0.83587 0.57576
0.83587 0.62961
0.83588 0.58750
0.83588 0.48922
0.83589 0.57049
0.83589 0.58627
0.83590 0.58051
0.83590 0.59117
0.83591 0.48722
0.83591 0.51278
0.83592 0.57277
0.83592 0.54753
0.83593 0.60257
0.83593 0.56123
0.83594 0.57250
0.83594 0.62695
0.83595 0.53198
0.83595 0.56535
0.83596 0.54344
0.83596 0.50600
0.83597 0.54188
0.83597 0.53364
0.83598 0.58348
0.83598 0.58841
0.83599 0.65880
0.83599 0.53721
0.83600 0.46731
0.83600 0.59715
0.83601 0.57056
0.83601 0.53486
0.83602 0.61220
0.83602 0.57049
0.83603 0.48968
0.83603 0.56558
0.83604 0.52238
0.83604 0.45112
0.83605 0.49951
0.83605 0.56804
0.83606 0.51938
0.83606 0.57767
0.83607 0.63981
0.83607 0.55964
0.83608 0.54106
0.83608 0.54331
0.83609 0.56697
0.83609 0.49456
0.83610 0.50793
0.83610 0.57391
0.83611 0.59423
0.83611 0.60230
0.83612 0.54803
0.83612 0.54274
0.83613 0.59710
0.83613 0.61478
0.83614 0.58269
0.83614 0.59915
0.83615 0.63027
0.83615 0.62441
0.83616 0.58820
0.83616 0.57389
0.83617 0.54867
0.83617 0.57309
0.83618 0.67995
0.83618 0.67277
0.83619 0.54648
0.83619 0.56010
0.83620 0.63597
0.83620 0.57713
0.83621 0.54354
0.83621 0.58885
0.83622 0.56698
0.83622 0.56059
0.83623 0.59366
0.83623 0.51460
0.83624 0.57739
0.83624 0.65528
0.83625 0.58548
0.83625 0.56895
0.83626 0.55113
0.83626 0.59445
0.83627 0.54601
0.83627 0.56071
0.83628 0.59037
0.83628 0.55247
0.83629 0.59987
0.83629 0.53895
0.83630 0.56889
0.83630 0.59200
0.83631 0.57368
0.83631 0.59300
0.83632 0.50581
0.83632 0.57518
0.83633 0.64661
0.83633 0.62662
0.83634 0.59455
0.83634 0.57562
0.83635 0.65970
0.83635 0.68690
0.83636 0.51795
0.83636 0.51124
0.83637 0.63820
0.83637 0.57164
0.83638 0.61889
0.83638 0.64871
0.83639 0.58420
0.83639 0.57576
0.83640 0.59209
0.83640 0.56650
0.83641 0.57034
0.83641 0.65434
0.83642 0.55644
0.83642 0.52682
0.83643 0.61631
0.83643 0.60034
0.83644 0.56223
0.83644 0.68260
0.83645 0.65355
0.83645 0.56826
0.83646 0.56063
0.83646 0.53396
0.83647 0.61982
0.83647 0.61431
0.83648 0.56710
0.83648 0.53965
0.83649 0.54154
0.83649 0.57693
0.83650 0.69279
0.83650 0.62934
0.83651 0.52569
0.83651 0.58719
0.83652 0.58819
0.83652 0.56769
0.83653 0.54270
0.83653 0.51889
0.83654 0.53242
0.83654 0.58098
0.83655 0.60876
0.83655 0.54600
0.83656 0.55958
0.83656 0.58340
0.83657 0.55129
0.83657 0.60563
0.83658 0.62932
0.83658 0.55867
0.83659 0.53047
0.83659 0.62960
0.83660 0.63228
0.83660 0.54915
0.83661 0.58689
0.83661 0.61941
0.83662 0.63870
0.83662 0.53970
0.83663 0.59016
0.83663 0.72059
0.83664 0.57675
0.83664 0.59217
0.83665 0.63917
0.83665 0.62144
0.83666 0.60024
0.83666 0.53882
0.83667 0.65338
0.83667 0.64571
0.83668 0.62484
0.83668 0.61280
0.83669 0.63391
0.83669 0.63685
0.83670 0.60616
0.83670 0.63289
0.83671 0.55618
0.83671 0.62020
0.83672 0.65190
0.83672 0.55662
0.83673 0.54286
0.83673 0.62260
0.83674 0.58981
0.83674 0.55987
0.83675 0.57215
0.83675 0.66732
0.83676 0.63300
0.83676 0.57641
0.83677 0.61449
0.83677 0.53692
0.83678 0.55260
0.83678 0.62954
0.83679 0.63811
0.83679 0.61288
0.83680 0.60947
0.83680 0.65381
0.83681 0.64515
0.83681 0.56922
0.83682 0.57461
0.83682 0.59796
0.83683 0.63799
0.83683 0.57623
0.83684 0.56351
0.83684 0.60783
0.83685 0.49768
0.83685 0.53036
0.83686 0.54448
0.83686 0.63837
0.83687 0.60666
0.83687 0.55092
0.83688 0.62279
0.83688 0.64351
0.83689 0.67673
0.83689 0.57252
0.83690 0.61177
0.83690 0.60246
0.83691 0.61835
0.83691 0.64169
0.83692 0.57859
0.83692 0.61792
0.83693 0.64861
0.83693 0.61533
0.83694 0.60259
0.83694 0.60153
0.83695 0.54056
0.83695 0.52817
0.83696 0.60697
0.83696 0.59518
0.83697 0.55244
0.83697 0.66029
0.83698 0.66964
0.83698 0.51734
0.83699 0.51311
0.83699 0.53671
0.83700 0.52239
0.83700 0.63721
0.83701 0.58279
0.83701 0.56632
0.83702 0.60594
0.83702 0.53371
0.83703 0.61580
0.83703 0.64237
0.83704 0.68292
0.83704 0.62836
0.83705 0.59651
0.83705 0.60479
0.83706 0.57226
0.83706 0.62369
0.83707 0.62762
0.83707 0.59885
0.83708 0.57471
0.83708 0.62609
0.83709 0.56723
0.83709 0.56371
0.83710 0.63973
0.83710 0.63222
0.83711 0.64662
0.83711 0.48972
0.83712 0.53778
0.83712 0.65388
0.83713 0.55542
0.83713 0.58157
0.83714 0.58263
0.83714 0.52017
0.83715 0.56718
0.83715 0.63001
0.83716 0.63480
0.83716 0.60175
0.83717 0.63847
0.83717 0.65685
0.83718 0.61742
0.83718 0.64876
0.83719 0.56456
0.83719 0.59503
0.83720 0.62106
0.83720 0.55633
0.83721 0.61694
0.83721 0.64182
0.83722 0.57996
0.83722 0.55080
0.83723 0.64585
0.83723 0.62836
0.83724 0.55316
0.83724 0.64456
0.83725 0.60174
0.83725 0.54470
0.83726 0.64331
0.83726 0.59627
0.83727 0.61288
0.83727 0.63772
0.83728 0.61471
0.83728 0.64846
0.83729 0.60134
0.83729 0.64605
0.83730 0.65549
0.83730 0.57880
0.83731 0.61627
0.83731 0.61006
0.83732 0.59749
0.83732 0.57916
0.83733 0.52370
0.83733 0.62203
0.83734 0.60947
0.83734 0.47030
0.83735 0.59035
0.83735 0.60908
0.83736 0.59783
0.83736 0.62474
0.83737 0.58340
0.83737 0.63831
0.83738 0.62786
0.83738 0.63833
0.83739 0.61416
0.83739 0.61165
0.83740 0.53475
0.83740 0.49547
0.83741 0.63244
0.83741 0.65094
0.83742 0.58812
0.83742 0.62006
0.83743 0.59748
0.83743 0.58487
0.83744 0.57063
0.83744 0.56884
0.83745 0.60693
0.83745 0.57234
0.83746 0.63786
0.83746 0.61235
0.83747 0.59661
0.83747 0.63496
0.83748 0.60198
0.83748 0.59947
0.83749 0.69632
0.83749 0.65482
0.83750 0.52827
0.83750 0.57992
0.83751 0.59751
0.83751 0.63683
0.83752 0.64939
0.83752 0.65608
0.83753 0.62785
0.83753 0.55644
0.83754 0.52994
0.83754 0.55661
0.83755 0.59919
0.83755 0.61176
0.83756 0.59838
0.83756 0.60963
0.83757 0.60564
0.83757 0.49901
0.83758 0.60313
0.83758 0.63379
0.83759 0.58394
0.83759 0.59750
0.83760 0.61998
0.83760 0.62852
0.83761 0.49798
0.83761 0.50029
0.83762 0.58117
0.83762 0.56327
0.83763 0.59960
0.83763 0.57649
0.83764 0.56185
0.83764 0.55630
0.83765 0.57322
0.83765 0.68480
0.83766 0.61240
0.83766 0.61548
0.83767 0.63585
0.83767 0.64844
0.83768 0.65771
0.83768 0.56843
0.83769 0.59680
0.83769 0.58963
0.83770 0.56101
0.83770 0.57695
0.83771 0.58162
0.83771 0.59762
0.83772 0.61721
0.83772 0.65987
0.83773 0.63364
0.83773 0.55334
0.83774 0.57059
0.83774 0.58428
0.83775 0.58670
0.83775 0.61929
0.83776 0.62922
0.83776 0.64068
0.83777 0.54714
0.83777 0.54631
0.83778 0.63143
0.83778 0.60488
0.83779 0.55858
0.83779 0.59186
0.83780 0.63362
0.83780 0.57464
0.83781 0.61609
0.83781 0.70302
0.83782 0.66137
0.83782 0.54606
0.83783 0.59335
0.83783 0.60716
0.83784 0.59183
0.83784 0.62224
0.83785 0.56274
0.83785 0.60870
0.83786 0.60861
0.83786 0.53386
0.83787 0.54117
0.83787 0.59700
0.83788 0.59241
0.83788 0.59833
0.83789 0.55757
0.83789 0.57626
0.83790 0.68945
0.83790 0.63814
0.83791 0.60652
0.83791 0.60127
0.83792 0.60526
0.83792 0.61138
0.83793 0.65831
0.83793 0.61611
0.83794 0.63665
0.83794 0.63672
0.83795 0.53402
0.83795 0.64504
0.83796 0.60091
0.83796 0.59270
0.83797 0.63191
0.83797 0.60422
0.83798 0.62653
0.83798 0.63224
0.83799 0.58411
0.83799 0.54841
0.83800 0.62840
0.83800 0.65319
0.83801 0.68299
0.83801 0.61009
0.83802 0.56607
0.83802 0.66152
0.83803 0.57171
0.83803 0.61484
0.83804 0.61354
0.83804 0.50490
0.83805 0.60963
0.83805 0.70025
0.83806 0.63380
0.83806 0.58831
0.83807 0.60279
0.83807 0.56494
0.83808 0.56472
0.83808 0.60020
0.83809 0.70955
0.83809 0.70020
0.83810 0.54337
0.83810 0.53205
0.83811 0.60739
0.83811 0.62317
0.83812 0.63305
0.83812 0.57280
0.83813 0.53264
0.83813 0.63053
0.83814 0.66947
0.83814 0.59852
0.83815 0.58229
0.83815 0.56842
0.83816 0.51399
0.83816 0.55748
0.83817 0.60415
0.83817 0.60137
0.83818 0.62079
0.83818 0.55699
0.83819 0.58201
0.83819 0.55739
0.83820 0.54880
0.83820 0.66367
0.83821 0.63391
0.83821 0.59934
0.83822 0.56522
0.83822 0.52749
0.83823 0.64622
0.83823 0.67284
0.83824 0.61365
0.83824 0.64380
0.83825 0.67260
0.83825 0.63963
0.83826 0.62958
0.83826 0.61167
0.83827 0.58047
0.83827 0.65502
0.83828 0.62981
0.83828 0.60341
0.83829 0.60202
0.83829 0.58265
0.83830 0.58899
0.83830 0.56918
0.83831 0.61331
0.83831 0.67461
0.83832 0.57734
0.83832 0.57273
0.83833 0.66626
0.83833 0.57855
0.83834 0.54804
0.83834 0.57713
0.83835 0.56749
0.83835 0.65689
0.83836 0.57167
0.83836 0.56219
0.83837 0.59815
0.83837 0.57448
0.83838 0.63720
0.83838 0.55318
0.83839 0.56788
0.83839 0.65211
0.83840 0.55844
0.83840 0.63195
0.83841 0.66665
0.83841 0.61578
0.83842 0.62648
0.83842 0.53196
0.83843 0.54325
0.83843 0.66109
0.83844 0.63459
0.83844 0.54731
0.83845 0.61647
0.83845 0.55303
0.83846 0.57109
0.83846 0.63255
0.83847 0.56891
0.83847 0.56180
0.83848 0.61309
0.83848 0.64316
0.83849 0.55831
0.83849 0.58203
0.83850 0.56198
0.83850 0.53247
0.83851 0.58917
0.83851 0.55840
0.83852 0.61164
0.83852 0.53115
0.83853 0.55128
0.83853 0.68692
0.83854 0.55680
0.83854 0.53725
0.83855 0.60717
0.83855 0.54198
0.83856 0.53066
0.83856 0.56726
0.83857 0.56063
0.83857 0.59587
0.83858 0.56109
0.83858 0.63100
0.83859 0.64666
0.83859 0.57992
0.83860 0.66456
0.83860 0.64747
0.83861 0.65421
0.83861 0.68363
0.83862 0.54174
0.83862 0.49695
0.83863 0.62190
0.83863 0.60767
0.83864 0.59832
0.83864 0.64978
0.83865 0.63272
0.83865 0.61099
0.83866 0.52535
0.83866 0.54919
0.83867 0.65020
0.83867 0.59294
0.83868 0.54908
0.83868 0.54810
0.83869 0.60069
0.83869 0.64048
0.83870 0.54537
0.83870 0.51642
0.83871 0.62635
0.83871 0.59632
0.83872 0.56584
0.83872 0.61107
0.83873 0.58053
0.83873 0.58863
0.83874 0.49319
0.83874 0.61133
0.83875 0.63347
0.83875 0.52005
0.83876 0.60801
0.83876 0.55378
0.83877 0.60232
0.83877 0.65319
0.83878 0.60381
0.83878 0.57586
0.83879 0.62330
0.83879 0.60155
0.83880 0.56167
0.83880 0.62461
0.83881 0.53751
0.83881 0.61428
0.83882 0.64537
0.83882 0.57557
0.83883 0.57253
0.83883 0.59329
0.83884 0.61679
0.83884 0.53226
0.83885 0.54223
0.83885 0.59938
0.83886 0.64881
0.83886 0.57427
0.83887 0.59743
0.83887 0.56807
0.83888 0.54921
0.83888 0.68884
0.83889 0.59396
0.83889 0.53569
0.83890 0.51319
0.83890 0.54027
0.83891 0.60838
0.83891 0.58956
0.83892 0.63789
0.83892 0.67450
0.83893 0.62114
0.83893 0.58102
0.83894 0.58066
0.83894 0.63114
0.83895 0.65280
0.83895 0.59569
0.83896 0.64006
0.83896 0.58567
0.83897 0.56849
0.83897 0.63365
0.83898 0.57742
0.83898 0.54727
0.83899 0.60694
0.83899 0.62907
0.83900 0.55126
0.83900 0.56502
0.83901 0.61869
0.83901 0.65334
0.83902 0.61634
0.83902 0.61684
0.83903 0.62382
0.83903 0.58173
0.83904 0.65821
0.83904 0.69184
0.83905 0.59642
0.83905 0.58451
0.83906 0.58071
0.83906 0.64419
0.83907 0.66610
0.83907 0.59328
0.83908 0.57760
0.83908 0.56344
0.83909 0.59675
0.83909 0.64644
0.83910 0.63630
0.83910 0.56007
0.83911 0.66146
0.83911 0.59138
0.83912 0.54581
0.83912 0.62741
0.83913 0.61769
0.83913 0.58689
0.83914 0.57106
0.83914 0.63127
0.83915 0.61205
0.83915 0.58586
0.83916 0.57490
0.83916 0.59773
0.83917 0.64124
0.83917 0.54733
0.83918 0.61597
0.83918 0.63129
0.83919 0.52731
0.83919 0.61799
0.83920 0.56313
0.83920 0.59266
0.83921 0.63752
0.83921 0.58919
0.83922 0.63870
0.83922 0.57079
0.83923 0.57524
0.83923 0.62859
0.83924 0.54144
0.83924 0.56928
0.83925 0.58670
0.83925 0.60484
0.83926 0.61511
0.83926 0.57047
0.83927 0.58483
0.83927 0.53372
0.83928 0.54178
0.83928 0.62991
0.83929 0.57848
0.83929 0.60763
0.83930 0.64412
0.83930 0.61088
0.83931 0.62186
0.83931 0.60051
0.83932 0.52884
0.83932 0.55357
0.83933 0.60552
0.83933 0.64039
0.83934 0.65225
0.83934 0.59524
0.83935 0.61462
0.83935 0.57432
0.83936 0.62262
0.83936 0.62463
0.83937 0.49733
0.83937 0.62497
0.83938 0.60792
0.83938 0.53178
0.83939 0.59897
0.83939 0.65160
0.83940 0.69788
0.83940 0.57187
0.83941 0.46169
0.83941 0.52346
0.83942 0.54657
0.83942 0.65686
0.83943 0.65725
0.83943 0.54730
0.83944 0.62636
0.83944 0.63629
0.83945 0.64795
0.83945 0.58277
0.83946 0.56952
0.83946 0.66112
0.83947 0.63417
0.83947 0.56401
0.83948 0.55681
0.83948 0.47856
0.83949 0.53625
0.83949 0.57735
0.83950 0.55560
0.83950 0.60253
0.83951 0.58191
0.83951 0.55452
0.83952 0.58553
0.83952 0.60826
0.83953 0.51737
0.83953 0.55519
0.83954 0.61794
0.83954 0.54422
0.83955 0.49757
0.83955 0.60669
0.83956 0.63683
0.83956 0.59952
0.83957 0.63849
0.83957 0.64048
0.83958 0.57685
0.83958 0.53941
0.83959 0.56482
0.83959 0.54135
0.83960 0.51650
0.83960 0.51406
0.83961 0.53255
0.83961 0.56100
0.83962 0.63063
0.83962 0.56344
0.83963 0.58075
0.83963 0.68210
0.83964 0.52517
0.83964 0.55235
0.83965 0.65596
0.83965 0.56135
0.83966 0.58125
0.83966 0.55156
0.83967 0.48779
0.83967 0.56572
0.83968 0.62031
0.83968 0.57289
0.83969 0.53404
0.83969 0.60939
0.83970 0.63422
0.83970 0.63863
0.83971 0.56187
0.83971 0.58792
0.83972 0.61452
0.83972 0.50415
0.83973 0.58899
0.83973 0.58962
0.83974 0.55301
0.83974 0.55585
0.83975 0.45795
0.83975 0.53941
0.83976 0.61189
0.83976 0.57073
0.83977 0.53861
0.83977 0.55405
0.83978 0.57675
0.83978 0.60335
0.83979 0.63275
0.83979 0.62079
0.83980 0.62214
0.83980 0.56546
0.83981 0.55702
0.83981 0.60107
0.83982 0.53407
0.83982 0.51176
0.83983 0.58347
0.83983 0.62573
0.83984 0.58023
0.83984 0.54926
0.83985 0.60301
0.83985 0.64223
0.83986 0.57810
0.83986 0.57585
0.83987 0.65169
0.83987 0.65185
0.83988 0.60367
0.83988 0.57256
0.83989 0.59143
0.83989 0.62999
0.83990 0.58296
0.83990 0.55012
0.83991 0.60721
0.83991 0.55795
0.83992 0.55190
0.83992 0.54950
0.83993 0.57921
0.83993 0.57280
0.83994 0.56104
0.83994 0.57020
0.83995 0.57118
0.83995 0.69185
0.83996 0.64619
0.83996 0.61568
0.83997 0.62422
0.83997 0.55008
0.83998 0.62488
0.83998 0.66249
0.83999 0.55511
0.83999 0.57951
0.84000 0.55345
0.84000 0.53753
0.84001 0.55447
0.84001 0.61736
0.84002 0.62452
0.84002 0.53734
0.84003 0.58995
0.84003 0.60722
0.84004 0.60947
0.84004 0.60163
0.84005 0.58167
0.84005 0.56834
0.84006 0.59680
0.84006 0.59846
0.84007 0.57116
0.84007 0.55663
0.84008 0.61735
0.84008 0.59954
0.84009 0.54944
0.84009 0.56876
0.84010 0.55607
0.84010 0.58772
0.84011 0.57752
0.84011 0.57340
0.84012 0.62152
0.84012 0.55023
0.84013 0.56016
0.84013 0.69305
0.84014 0.59842
0.84014 0.53622
0.84015 0.59707
0.84015 0.55114
0.84016 0.58742
0.84016 0.56124
0.84017 0.59770
0.84017 0.62106
0.84018 0.52160
0.84018 0.55734
0.84019 0.56355
0.84019 0.55104
0.84020 0.61104
0.84020 0.63990
0.84021 0.59956
0.84021 0.58551
0.84022 0.51858
0.84022 0.53849
0.84023 0.59726
0.84023 0.58068
0.84024 0.59885
0.84024 0.55031
0.84025 0.52661
0.84025 0.51173
0.84026 0.58253
0.84026 0.66409
0.84027 0.54143
0.84027 0.53254
0.84028 0.51235
0.84028 0.56412
0.84029 0.62805
0.84029 0.62175
0.84030 0.56430
0.84030 0.59434
0.84031 0.61889
0.84031 0.54944
0.84032 0.61904
0.84032 0.57303
0.84033 0.57432
0.84033 0.59517
0.84034 0.53289
0.84034 0.58501
0.84035 0.56254
0.84035 0.56170
0.84036 0.59580
0.84036 0.54963
0.84037 0.56409
0.84037 0.61020
0.84038 0.64120
0.84038 0.59429
0.84039 0.59714
0.84039 0.64389
0.84040 0.54789
0.84040 0.56581
0.84041 0.60834
0.84041 0.55562
0.84042 0.63515
0.84042 0.60616
0.84043 0.60752
0.84043 0.65759
0.84044 0.60651
0.84044 0.57446
0.84045 0.66453
0.84045 0.62774
0.84046 0.55941
0.84046 0.59672
0.84047 0.50057
0.84047 0.57861
0.84048 0.55318
0.84048 0.53815
0.84049 0.61773
0.84049 0.48624
0.84050 0.54707
0.84050 0.55890
0.84051 0.55792
0.84051 0.59375
0.84052 0.52641
0.84052 0.60757
0.84053 0.60384
0.84053 0.59195
0.84054 0.56137
0.84054 0.51673
0.84055 0.60731
0.84055 0.56385
0.84056 0.56101
0.84056 0.61724
0.84057 0.58685
0.84057 0.59380
0.84058 0.68060
0.84058 0.64238
0.84059 0.55479
0.84059 0.60488
0.84060 0.59841
0.84060 0.63363
0.84061 0.59366
0.84061 0.60890
0.84062 0.67426
0.84062 0.56041
0.84063 0.58021
0.84063 0.63175
0.84064 0.60435
0.84064 0.63011
0.84065 0.57303
0.84065 0.54222
0.84066 0.60367
0.84066 0.60707
0.84067 0.64986
0.84067 0.60549
0.84068 0.67054
0.84068 0.68909
0.84069 0.63887
0.84069 0.64551
0.84070 0.58333
0.84070 0.61357
0.84071 0.64670
0.84071 0.56157
0.84072 0.55668
0.84072 0.65518
0.84073 0.58368
0.84073 0.59708
0.84074 0.65196
0.84074 0.59984
0.84075 0.56890
0.84075 0.62400
0.84076 0.67314
0.84076 0.58530
0.84077 0.58863
0.84077 0.51601
0.84078 0.50847
0.84078 0.57343
0.84079 0.55326
0.84079 0.57043
0.84080 0.57002
0.84080 0.64550
0.84081 0.59554
0.84081 0.58883
0.84082 0.57127
0.84082 0.60522
0.84083 0.65179
0.84083 0.58193
0.84084 0.64911
0.84084 0.58842
0.84085 0.52331
0.84085 0.62721
0.84086 0.68611
0.84086 0.58424
0.84087 0.57012
0.84087 0.58523
0.84088 0.51515
0.84088 0.59520
0.84089 0.64306
0.84089 0.60243
0.84090 0.55904
0.84090 0.56903
0.84091 0.59128
0.84091 0.58964
0.84092 0.54005
0.84092 0.55587
0.84093 0.57373
0.84093 0.56944
0.84094 0.60947
0.84094 0.60213
0.84095 0.57580
0.84095 0.63184
0.84096 0.60160
0.84096 0.66043
0.84097 0.65260
0.84097 0.56226
0.84098 0.64815
0.84098 0.56470
0.84099 0.51152
0.84099 0.57677
0.84100 0.59785
0.84100 0.57947
0.84101 0.54985
0.84101 0.55263
0.84102 0.65272
0.84102 0.66378
0.84103 0.57757
0.84103 0.58443
0.84104 0.63923
0.84104 0.54522
0.84105 0.58456
0.84105 0.57525
0.84106 0.51821
0.84106 0.57731
0.84107 0.56675
0.84107 0.63220
0.84108 0.68633
0.84108 0.65490
0.84109 0.59425
0.84109 0.57535
0.84110 0.57266
0.84110 0.61351
0.84111 0.62072
0.84111 0.58241
0.84112 0.57836
0.84112 0.58905
0.84113 0.63877
0.84113 0.64412
0.84114 0.59347
0.84114 0.61726
0.84115 0.62179
0.84115 0.56349
0.84116 0.62955
0.84116 0.56106
0.84117 0.55076
0.84117 0.59784
0.84118 0.58548
0.84118 0.60289
0.84119 0.55439
0.84119 0.60595
0.84120 0.62943
0.84120 0.55290
0.84121 0.57571
0.84121 0.64790
0.84122 0.62455
0.84122 0.58013
0.84123 0.59328
0.84123 0.58280
0.84124 0.53914
0.84124 0.58933
0.84125 0.62858
0.84125 0.61044
0.84126 0.60746
0.84126 0.60012
0.84127 0.52241
0.84127 0.55042
0.84128 0.59950
0.84128 0.59263
0.84129 0.60883
0.84129 0.61110
0.84130 0.60214
0.84130 0.61600
0.84131 0.57367
0.84131 0.58027
0.84132 0.62826
0.84132 0.54208
0.84133 0.59789
0.84133 0.61645
0.84134 0.53803
0.84134 0.63057
0.84135 0.63280
0.84135 0.63019
0.84136 0.73444
0.84136 0.58390
0.84137 0.49741
0.84137 0.62324
0.84138 0.58118
0.84138 0.61676
0.84139 0.64342
0.84139 0.61293
0.84140 0.63174
0.84140 0.61179
0.84141 0.63278
0.84141 0.57435
0.84142 0.64904
0.84142 0.71320
0.84143 0.58906
0.84143 0.61777
0.84144 0.56949
0.84144 0.57384
0.84145 0.59030
0.84145 0.55737
0.84146 0.67605
0.84146 0.66174
0.84147 0.54155
0.84147 0.50059
0.84148 0.53812
0.84148 0.59288
0.84149 0.64851
0.84149 0.67626
0.84150 0.61459
0.84150 0.60036
0.84151 0.56003
0.84151 0.57526
0.84152 0.60044
0.84152 0.58213
0.84153 0.51904
0.84153 0.54555
0.84154 0.65951
0.84154 0.58049
0.84155 0.55163
0.84155 0.64831
0.84156 0.69471
0.84156 0.60289
0.84157 0.63063
0.84157 0.59597
0.84158 0.56819
0.84158 0.60647
0.84159 0.55196
0.84159 0.54209
0.84160 0.59569
0.84160 0.60980
0.84161 0.60768
0.84161 0.62739
0.84162 0.57601
0.84162 0.59550
0.84163 0.60028
0.84163 0.65503
0.84164 0.64079
0.84164 0.58156
0.84165 0.59026
0.84165 0.55856
0.84166 0.65543
0.84166 0.59839
0.84167 0.59924
0.84167 0.65042
0.84168 0.61539
0.84168 0.57917
0.84169 0.51568
0.84169 0.54643
0.84170 0.65389
0.84170 0.66470
0.84171 0.59078
0.84171 0.64083
0.84172 0.67831
0.84172 0.61706
0.84173 0.60912
0.84173 0.55956
0.84174 0.49538
0.84174 0.59034
0.84175 0.56263
0.84175 0.54947
0.84176 0.59679
0.84176 0.55466
0.84177 0.55868
0.84177 0.53316
0.84178 0.60343
0.84178 0.68223
0.84179 0.60553
0.84179 0.62337
0.84180 0.62216
0.84180 0.56245
0.84181 0.59448
0.84181 0.63814
0.84182 0.58057
0.84182 0.58229
0.84183 0.60552
0.84183 0.52282
0.84184 0.55711
0.84184 0.60147
0.84185 0.51683
0.84185 0.60047
0.84186 0.61060
0.84186 0.58241
0.84187 0.58209
0.84187 0.55861
0.84188 0.62013
0.84188 0.58038
0.84189 0.55607
0.84189 0.55484
0.84190 0.57972
0.84190 0.63473
0.84191 0.61711
0.84191 0.61273
0.84192 0.58785
0.84192 0.59685
0.84193 0.59313
0.84193 0.55677
0.84194 0.62774
0.84194 0.61342
0.84195 0.59915
0.84195 0.57010
0.84196 0.51548
0.84196 0.67420
0.84197 0.58643
0.84197 0.56038
0.84198 0.67364
0.84198 0.51700
0.84199 0.60001
0.84199 0.65297
0.84200 0.58205
0.84200 0.66302
0.84201 0.62819
0.84201 0.54282
0.84202 0.55292
0.84202 0.61233
0.84203 0.56070
0.84203 0.54479
0.84204 0.65024
0.84204 0.64597
0.84205 0.67084
0.84205 0.53052
0.84206 0.53023
0.84206 0.65186
0.84207 0.53164
0.84207 0.57249
0.84208 0.62492
0.84208 0.65572
0.84209 0.58003
0.84209 0.57969
0.84210 0.69979
0.84210 0.54578
0.84211 0.62417
0.84211 0.62888
0.84212 0.48051
0.84212 0.63289
0.84213 0.61304
0.84213 0.60868
0.84214 0.66298
0.84214 0.59824
0.84215 0.51757
0.84215 0.57957
0.84216 0.64590
0.84216 0.53677
0.84217 0.67741
0.84217 0.62634
0.84218 0.50806
0.84218 0.58330
0.84219 0.58088
0.84219 0.62757
0.84220 0.67239
0.84220 0.64722
0.84221 0.67168
0.84221 0.66356
0.84222 0.58747
0.84222 0.65201
0.84223 0.58975
0.84223 0.50038
0.84224 0.55884
0.84224 0.54714
0.84225 0.61339
0.84225 0.58598
0.84226 0.53913
0.84226 0.65128
0.84227 0.61952
0.84227 0.53469
0.84228 0.58248
0.84228 0.60678
0.84229 0.49419
0.84229 0.63374
0.84230 0.59328
0.84230 0.57323
0.84231 0.72600
0.84231 0.59948
0.84232 0.54958
0.84232 0.54108
0.84233 0.53476
0.84233 0.61779
0.84234 0.62765
0.84234 0.59949
0.84235 0.59176
0.84235 0.60493
0.84236 0.64112
0.84236 0.68426
0.84237 0.59236
0.84237 0.49085
0.84238 0.62194
0.84238 0.59781
0.84239 0.60267
0.84239 0.67775
0.84240 0.58590
0.84240 0.58523
0.84241 0.59924
0.84241 0.63062
0.84242 0.58489
0.84242 0.61359
0.84243 0.64998
0.84243 0.57570
0.84244 0.53209
0.84244 0.56231
0.84245 0.62498
0.84245 0.58866
0.84246 0.62209
0.84246 0.59004
0.84247 0.60172
0.84247 0.55748
0.84248 0.59361
0.84248 0.61358
0.84249 0.53913
0.84249 0.59337
0.84250 0.50286
0.84250 0.57806
0.84251 0.61020
0.84251 0.50468
0.84252 0.60931
0.84252 0.61147
0.84253 0.55452
0.84253 0.57436
0.84254 0.64278
0.84254 0.62691
0.84255 0.63152
0.84255 0.62765
0.84256 0.52875
0.84256 0.56545
0.84257 0.64496
0.84257 0.55079
0.84258 0.59056
0.84258 0.65515
0.84259 0.52876
0.84259 0.61817
0.84260 0.61163
0.84260 0.56365
0.84261 0.59048
0.84261 0.59370
0.84262 0.55290
0.84262 0.52120
0.84263 0.57357
0.84263 0.63269
0.84264 0.65325
0.84264 0.59471
0.84265 0.52999
0.84265 0.57262
0.84266 0.61726
0.84266 0.56725
0.84267 0.63833
0.84267 0.62793
0.84268 0.60060
0.84268 0.54685
0.84269 0.57586
0.84269 0.58344
0.84270 0.56621
0.84270 0.61577
0.84271 0.52847
0.84271 0.63100
0.84272 0.58183
0.84272 0.57759
0.84273 0.61091
0.84273 0.54016
0.84274 0.66757
0.84274 0.67618
0.84275 0.64083
0.84275 0.69516
0.84276 0.63548
0.84276 0.65737
0.84277 0.64414
0.84277 0.51266
0.84278 0.56980
0.84278 0.61419
0.84279 0.66012
0.84279 0.66154
0.84280 0.57773
0.84280 0.61985
0.84281 0.65445
0.84281 0.58960
0.84282 0.61027
0.84282 0.61323
0.84283 0.61726
0.84283 0.64419
0.84284 0.57968
0.84284 0.55611
0.84285 0.54890
0.84285 0.60198
0.84286 0.56049
0.84286 0.62921
0.84287 0.66342
0.84287 0.59516
0.84288 0.65371
0.84288 0.67885
0.84289 0.63994
0.84289 0.59722
0.84290 0.62517
0.84290 0.56958
0.84291 0.61418
0.84291 0.55292
0.84292 0.60359
0.84292 0.65533
0.84293 0.56938
0.84293 0.58249
0.84294 0.59795
0.84294 0.60348
0.84295 0.53155
0.84295 0.63007
0.84296 0.58405
0.84296 0.60616
0.84297 0.63401
0.84297 0.54135
0.84298 0.55571
0.84298 0.61033
0.84299 0.62686
0.84299 0.54874
0.84300 0.59086
0.84300 0.63979
0.84301 0.59375
0.84301 0.67843
0.84302 0.65578
0.84302 0.57118
0.84303 0.60121
0.84303 0.52970
0.84304 0.56321
0.84304 0.67834
0.84305 0.64933
0.84305 0.65286
0.84306 0.58335
0.84306 0.56939
0.84307 0.62713
0.84307 0.53570
0.84308 0.54142
0.84308 0.55292
0.84309 0.62310
0.84309 0.63201
0.84310 0.62218
0.84310 0.69771
0.84311 0.58242
0.84311 0.53432
0.84312 0.57243
0.84312 0.60430
0.84313 0.72396
0.84313 0.59682
0.84314 0.51715
0.84314 0.60167
0.84315 0.63382
0.84315 0.61585
0.84316 0.55246
0.84316 0.60445
0.84317 0.66888
0.84317 0.64455
0.84318 0.60779
0.84318 0.56262
0.84319 0.55135
0.84319 0.56890
0.84320 0.51501
0.84320 0.56365
0.84321 0.53850
0.84321 0.56236
0.84322 0.66448
0.84322 0.59325
0.84323 0.61726
0.84323 0.60156
0.84324 0.53601
0.84324 0.55287
0.84325 0.57118
0.84325 0.54808
0.84326 0.58938
0.84326 0.61361
0.84327 0.61190
0.84327 0.68119
0.84328 0.61744
0.84328 0.60058
0.84329 0.58914
0.84329 0.59265
0.84330 0.60840
0.84330 0.61526
0.84331 0.64550
0.84331 0.62491
0.84332 0.56801
0.84332 0.54899
0.84333 0.62740
0.84333 0.62449
0.84334 0.64771
0.84334 0.61561
0.84335 0.59181
0.84335 0.58065
0.84336 0.51940
0.84336 0.62262
0.84337 0.57684
0.84337 0.61138
0.84338 0.64914
0.84338 0.53017
0.84339 0.58842
0.84339 0.54310
0.84340 0.54800
0.84340 0.56986
0.84341 0.54983
0.84341 0.64986
0.84342 0.67605
0.84342 0.63086
0.84343 0.57710
0.84343 0.61360
0.84344 0.63035
0.84344 0.56878
0.84345 0.56843
0.84345 0.61304
0.84346 0.65412
0.84346 0.64640
0.84347 0.64279
0.84347 0.61414
0.84348 0.58224
0.84348 0.56878
0.84349 0.59476
0.84349 0.69856
0.84350 0.63502
0.84350 0.58613
0.84351 0.64251
0.84351 0.57017
0.84352 0.61640
0.84352 0.58711
0.84353 0.57885
0.84353 0.68855
0.84354 0.65168
0.84354 0.52843
0.84355 0.59860
0.84355 0.59082
0.84356 0.56600
0.84356 0.60140
0.84357 0.58653
0.84357 0.62697
0.84358 0.59249
0.84358 0.58287
0.84359 0.53691
0.84359 0.62824
0.84360 0.60691
0.84360 0.61061
0.84361 0.62721
0.84361 0.59460
0.84362 0.60115
0.84362 0.59708
0.84363 0.63403
0.84363 0.60287
0.84364 0.58902
0.84364 0.62120
0.84365 0.64038
0.84365 0.59548
0.84366 0.61927
0.84366 0.53323
0.84367 0.53686
0.84367 0.63713
0.84368 0.58985
0.84368 0.64324
0.84369 0.64480
0.84369 0.62835
0.84370 0.60122
0.84370 0.53760
0.84371 0.62850
0.84371 0.66085
0.84372 0.55088
0.84372 0.61576
0.84373 0.61004
0.84373 0.57580
0.84374 0.60546
0.84374 0.57641
0.84375 0.65542
0.84375 0.64224
0.84376 0.57010
0.84376 0.62959
0.84377 0.61769
0.84377 0.58839
0.84378 0.60081
0.84378 0.57442
0.84379 0.65540
0.84379 0.64122
0.84380 0.64481
0.84380 0.60722
0.84381 0.56960
0.84381 0.65856
0.84382 0.62268
0.84382 0.61568
0.84383 0.53955
0.84383 0.55575
0.84384 0.63533
0.84384 0.57852
0.84385 0.50806
0.84385 0.60673
0.84386 0.67653
0.84386 0.61183
0.84387 0.64667
0.84387 0.58698
0.84388 0.59898
0.84388 0.62198
0.84389 0.60351
0.84389 0.55879
0.84390 0.57915
0.84390 0.56048
0.84391 0.54984
0.84391 0.65280
0.84392 0.63387
0.84392 0.69597
0.84393 0.64845
0.84393 0.61773
0.84394 0.63120
0.84394 0.56710
0.84395 0.64041
0.84395 0.61327
0.84396 0.62439
0.84396 0.65457
0.84397 0.56961
0.84397 0.58994
0.84398 0.64846
0.84398 0.66530
0.84399 0.63084
0.84399 0.59068
0.84400 0.59630
0.84400 0.64115
0.84401 0.59909
0.84401 0.63079
0.84402 0.64765
0.84402 0.58460
0.84403 0.62220
0.84403 0.57248
0.84404 0.63669
0.84404 0.62396
0.84405 0.61556
0.84405 0.65711
0.84406 0.62594
0.84406 0.59009
0.84407 0.57413
0.84407 0.65775
0.84408 0.62613
0.84408 0.63432
0.84409 0.65144
0.84409 0.59079
0.84410 0.57291
0.84410 0.62674
0.84411 0.62549
0.84411 0.61799
0.84412 0.62851
0.84412 0.60738
0.84413 0.67619
0.84413 0.60142
0.84414 0.57767
0.84414 0.69245
0.84415 0.63520
0.84415 0.60125
0.84416 0.60881
0.84416 0.66977
0.84417 0.59258
0.84417 0.57556
0.84418 0.61030
0.84418 0.57528
0.84419 0.64482
0.84419 0.64232
0.84420 0.62807
0.84420 0.58765
0.84421 0.56800
0.84421 0.51951
0.84422 0.60472
0.84422 0.69222
0.84423 0.61372
0.84423 0.54073
0.84424 0.55192
0.84424 0.59578
0.84425 0.62399
0.84425 0.64838
0.84426 0.60883
0.84426 0.64528
0.84427 0.61039
0.84427 0.64839
0.84428 0.69396
0.84428 0.57211
0.84429 0.64688
0.84429 0.68310
0.84430 0.64858
0.84430 0.60893
0.84431 0.61620
0.84431 0.60730
0.84432 0.58874
0.84432 0.67851
0.84433 0.64335
0.84433 0.59475
0.84434 0.61106
0.84434 0.63186
0.84435 0.61598
0.84435 0.59341
0.84436 0.64556
0.84436 0.62637
0.84437 0.51957
0.84437 0.62392
0.84438 0.69265
0.84438 0.66500
0.84439 0.61088
0.84439 0.57060
0.84440 0.71253
0.84440 0.66617
0.84441 0.62997
0.84441 0.72391
0.84442 0.63156
0.84442 0.55553
0.84443 0.57670
0.84443 0.63425
0.84444 0.70037
0.84444 0.70619
0.84445 0.65345
0.84445 0.63966
0.84446 0.65692
0.84446 0.63186
0.84447 0.66201
0.84447 0.59880
0.84448 0.53428
0.84448 0.63455
0.84449 0.59690
0.84449 0.61440
0.84450 0.69304
0.84450 0.64672
0.84451 0.56420
0.84451 0.62736
0.84452 0.74065
0.84452 0.65038
0.84453 0.65746
0.84453 0.66998
0.84454 0.55040
0.84454 0.59326
0.84455 0.63801
0.84455 0.63545
0.84456 0.64152
0.84456 0.60556
0.84457 0.62647
0.84457 0.62196
0.84458 0.68823
0.84458 0.65850
0.84459 0.62003
0.84459 0.61910
0.84460 0.63767
0.84460 0.63618
0.84461 0.65700
0.84461 0.68498
0.84462 0.63886
0.84462 0.62172
0.84463 0.65272
0.84463 0.63170
0.84464 0.61418
0.84464 0.75431
0.84465 0.62640
0.84465 0.63710
0.84466 0.69415
0.84466 0.54711
0.84467 0.59553
0.84467 0.65848
0.84468 0.60886
0.84468 0.61018
0.84469 0.66922
0.84469 0.64749
0.84470 0.66224
0.84470 0.64814
0.84471 0.74943
0.84471 0.64759
0.84472 0.59479
0.84472 0.67602
0.84473 0.64388
0.84473 0.70760
0.84474 0.64394
0.84474 0.63290
0.84475 0.55031
0.84475 0.59124
0.84476 0.66653
0.84476 0.63799
0.84477 0.65837
0.84477 0.65036
0.84478 0.67177
0.84478 0.67295
0.84479 0.61991
0.84479 0.61919
0.84480 0.67835
0.84480 0.67585
0.84481 0.67396
0.84481 0.64370
0.84482 0.57549
0.84482 0.62337
0.84483 0.70341
0.84483 0.68785
0.84484 0.72607
0.84484 0.75374
0.84485 0.64711
0.84485 0.60865
0.84486 0.66289
0.84486 0.60220
0.84487 0.62345
0.84487 0.61124
0.84488 0.67084
0.84488 0.66534
0.84489 0.52685
0.84489 0.65631
0.84490 0.59241
0.84490 0.63887
0.84491 0.70034
0.84491 0.59138
0.84492 0.68302
0.84492 0.60117
0.84493 0.65164
0.84493 0.69257
0.84494 0.63159
0.84494 0.71321
0.84495 0.61609
0.84495 0.63308
0.84496 0.61472
0.84496 0.62629
0.84497 0.64959
0.84497 0.58359
0.84498 0.68126
0.84498 0.62101
0.84499 0.67154
0.84499 0.70606
0.84500 0.63323
0.84500 0.67092
0.84501 0.65784
0.84501 0.67066
0.84502 0.71123
0.84502 0.63835
0.84503 0.62278
0.84503 0.65990
0.84504 0.59831
0.84504 0.62435
0.84505 0.63149
0.84505 0.70427
0.84506 0.68065
0.84506 0.60386
0.84507 0.65696
0.84507 0.57693
0.84508 0.57547
0.84508 0.67163
0.84509 0.68285
0.84509 0.69099
0.84510 0.65645
0.84510 0.66041
0.84511 0.69865
0.84511 0.62868
0.84512 0.60192
0.84512 0.63792
0.84513 0.64346
0.84513 0.62232
0.84514 0.71596
0.84514 0.74597
0.84515 0.56200
0.84515 0.59810
0.84516 0.65677
0.84516 0.60807
0.84517 0.61444
0.84517 0.57603
0.84518 0.65854
0.84518 0.65169
0.84519 0.58405
0.84519 0.62738
0.84520 0.70068
0.84520 0.66799
0.84521 0.65716
0.84521 0.69917
0.84522 0.68164
0.84522 0.75853
0.84523 0.64585
0.84523 0.55780
0.84524 0.65766
0.84524 0.67026
0.84525 0.67540
0.84525 0.73982
0.84526 0.70598
0.84526 0.66676
0.84527 0.64668
0.84527 0.66382
0.84528 0.63302
0.84528 0.64418
0.84529 0.61998
0.84529 0.64544
0.84530 0.64268
0.84530 0.57929
0.84531 0.67311
0.84531 0.57341
0.84532 0.58305
0.84532 0.64268
0.84533 0.65911
0.84533 0.68734
0.84534 0.62352
0.84534 0.65777
0.84535 0.73703
0.84535 0.61715
0.84536 0.62095
0.84536 0.78508
0.84537 0.68555
0.84537 0.56665
0.84538 0.60395
0.84538 0.59943
0.84539 0.60405
0.84539 0.58250
0.84540 0.65897
0.84540 0.69704
0.84541 0.62532
0.84541 0.70091
0.84542 0.62275
0.84542 0.60021
0.84543 0.67065
0.84543 0.60659
0.84544 0.62115
0.84544 0.61708
0.84545 0.66286
0.84545 0.67377
0.84546 0.64252
0.84546 0.71679
0.84547 0.69220
0.84547 0.64628
0.84548 0.60990
0.84548 0.60985
0.84549 0.66886
0.84549 0.64445
0.84550 0.61428
0.84550 0.65236
0.84551 0.66484
0.84551 0.66828
0.84552 0.61013
0.84552 0.66355
0.84553 0.65166
0.84553 0.63971
0.84554 0.71276
0.84554 0.61371
0.84555 0.64091
0.84555 0.63172
0.84556 0.62347
0.84556 0.68016
0.84557 0.57222
0.84557 0.58879
0.84558 0.63369
0.84558 0.54067
0.84559 0.57787
0.84559 0.61934
0.84560 0.63618
0.84560 0.71964
0.84561 0.59671
0.84561 0.64101
0.84562 0.65420
0.84562 0.59975
0.84563 0.64118
0.84563 0.62427
0.84564 0.58924
0.84564 0.60915
0.84565 0.62732
0.84565 0.58656
0.84566 0.68557
0.84566 0.60848
0.84567 0.58294
0.84567 0.66205
0.84568 0.69307
0.84568 0.65516
0.84569 0.61711
0.84569 0.63574
0.84570 0.63987
0.84570 0.60199
0.84571 0.64247
0.84571 0.68062
0.84572 0.59944
0.84572 0.55699
0.84573 0.60873
0.84573 0.66488
0.84574 0.65687
0.84574 0.66473
0.84575 0.67561
0.84575 0.55974
0.84576 0.60495
0.84576 0.68536
0.84577 0.59109
0.84577 0.61752
0.84578 0.63700
0.84578 0.63943
0.84579 0.65222
0.84579 0.62742
0.84580 0.62628
0.84580 0.65306
0.84581 0.67787
0.84581 0.61936
0.84582 0.63106
0.84582 0.72690
0.84583 0.63204
0.84583 0.66962
0.84584 0.71961
0.84584 0.63218
0.84585 0.67269
0.84585 0.59562
0.84586 0.59726
0.84586 0.72314
0.84587 0.62691
0.84587 0.63466
0.84588 0.69061
0.84588 0.66569
0.84589 0.64816
0.84589 0.59061
0.84590 0.67478
0.84590 0.66427
0.84591 0.62551
0.84591 0.64965
0.84592 0.63436
0.84592 0.69420
0.84593 0.66446
0.84593 0.71699
0.84594 0.63451
0.84594 0.58034
0.84595 0.65071
0.84595 0.63439
0.84596 0.77019
0.84596 0.73736
0.84597 0.63079
0.84597 0.70202
0.84598 0.67141
0.84598 0.67547
0.84599 0.67822
0.84599 0.64299
0.84600 0.65018
0.84600 0.66928
0.84601 0.66245
0.84601 0.56545
0.84602 0.62043
0.84602 0.63587
0.84603 0.66415
0.84603 0.62237
0.84604 0.61746
0.84604 0.68795
0.84605 0.65151
0.84605 0.62339
0.84606 0.61870
0.84606 0.64617
0.84607 0.58105
0.84607 0.65763
0.84608 0.68608
0.84608 0.65348
0.84609 0.60756
0.84609 0.57922
0.84610 0.66249
0.84610 0.62982
0.84611 0.68590
0.84611 0.73275
0.84612 0.70671
0.84612 0.72469
0.84613 0.68812
0.84613 0.67821
0.84614 0.64678
0.84614 0.64896
0.84615 0.71263
0.84615 0.60639
0.84616 0.60545
0.84616 0.69401
0.84617 0.70630
0.84617 0.67034
0.84618 0.64432
0.84618 0.71030
0.84619 0.63577
0.84619 0.65792
0.84620 0.65263
0.84620 0.62811
0.84621 0.66539
0.84621 0.62598
0.84622 0.61783
0.84622 0.61504
0.84623 0.68126
0.84623 0.64205
0.84624 0.70230
0.84624 0.78073
0.84625 0.64868
0.84625 0.60922
0.84626 0.71940
0.84626 0.61485
0.84627 0.59204
0.84627 0.72110
0.84628 0.63813
0.84628 0.66025
0.84629 0.67938
0.84629 0.65398
0.84630 0.62809
0.84630 0.62489
0.84631 0.63858
0.84631 0.63653
0.84632 0.69124
0.84632 0.69349
0.84633 0.72693
0.84633 0.72345
0.84634 0.69776
0.84634 0.67664
0.84635 0.65552
0.84635 0.70019
0.84636 0.65007
0.84636 0.68597
0.84637 0.72782
0.84637 0.68071
0.84638 0.65263
0.84638 0.64930
0.84639 0.64944
0.84639 0.70358
0.84640 0.72627
0.84640 0.61490
0.84641 0.64105
0.84641 0.64268
0.84642 0.68244
0.84642 0.67214
0.84643 0.61378
0.84643 0.72174
0.84644 0.63180
0.84644 0.59379
0.84645 0.70241
0.84645 0.69180
0.84646 0.67208
0.84646 0.67049
0.84647 0.63709
0.84647 0.67390
0.84648 0.67284
0.84648 0.58534
0.84649 0.62038
0.84649 0.67361
0.84650 0.68777
0.84650 0.63586
0.84651 0.69155
0.84651 0.65803
0.84652 0.58197
0.84652 0.68848
0.84653 0.74430
0.84653 0.65149
0.84654 0.68003
0.84654 0.72396
0.84655 0.63821
0.84655 0.71462
0.84656 0.64592
0.84656 0.54081
0.84657 0.66529
0.84657 0.75399
0.84658 0.63238
0.84658 0.60650
0.84659 0.66578
0.84659 0.69015
0.84660 0.60731
0.84660 0.59675
0.84661 0.57004
0.84661 0.58145
0.84662 0.61288
0.84662 0.56860
0.84663 0.62531
0.84663 0.61747
0.84664 0.68165
0.84664 0.62115
0.84665 0.67997
0.84665 0.76678
0.84666 0.67780
0.84666 0.63992
0.84667 0.66884
0.84667 0.71106
0.84668 0.68463
0.84668 0.67671
0.84669 0.61895
0.84669 0.70732
0.84670 0.63549
0.84670 0.53516
0.84671 0.63314
0.84671 0.70001
0.84672 0.68010
0.84672 0.68688
0.84673 0.67124
0.84673 0.60273
0.84674 0.66013
0.84674 0.63565
0.84675 0.65165
0.84675 0.63051
0.84676 0.61782
0.84676 0.64770
0.84677 0.61455
0.84677 0.65262
0.84678 0.64459
0.84678 0.63039
0.84679 0.60752
0.84679 0.57140
0.84680 0.66595
0.84680 0.64940
0.84681 0.65725
0.84681 0.64505
0.84682 0.61511
0.84682 0.66214
0.84683 0.62566
0.84683 0.68544
0.84684 0.63955
0.84684 0.54983
0.84685 0.63985
0.84685 0.55108
0.84686 0.66173
0.84686 0.63879
0.84687 0.54320
0.84687 0.69561
0.84688 0.55542
0.84688 0.58851
0.84689 0.62680
0.84689 0.60432
0.84690 0.66638
0.84690 0.63621
0.84691 0.63448
0.84691 0.68836
0.84692 0.68118
0.84692 0.65792
0.84693 0.59962
0.84693 0.62149
0.84694 0.67174
0.84694 0.58168
0.84695 0.65896
0.84695 0.63960
0.84696 0.64250
0.84696 0.72696
0.84697 0.58372
0.84697 0.54122
0.84698 0.60705
0.84698 0.65195
0.84699 0.68566
0.84699 0.57427
0.84700 0.58201
0.84700 0.63129
0.84701 0.56758
0.84701 0.59363
0.84702 0.63172
0.84702 0.62950
0.84703 0.58340
0.84703 0.63966
0.84704 0.70241
0.84704 0.60639
0.84705 0.57933
0.84705 0.64319
0.84706 0.61490
0.84706 0.69097
0.84707 0.71556
0.84707 0.66802
0.84708 0.70290
0.84708 0.65643
0.84709 0.67506
0.84709 0.59841
0.84710 0.60104
0.84710 0.58730
0.84711 0.56616
0.84711 0.66712
0.84712 0.60674
0.84712 0.62363
0.84713 0.61906
0.84713 0.64701
0.84714 0.53775
0.84714 0.57941
0.84715 0.75313
0.84715 0.67503
0.84716 0.64431
0.84716 0.65469
0.84717 0.63133
0.84717 0.67229
0.84718 0.72221
0.84718 0.56147
0.84719 0.57311
0.84719 0.62448
0.84720 0.69358
0.84720 0.67434
0.84721 0.60844
0.84721 0.68662
0.84722 0.61748
0.84722 0.66142
0.84723 0.58248
0.84723 0.62004
0.84724 0.67699
0.84724 0.66309
0.84725 0.68034
0.84725 0.61690
0.84726 0.64175
0.84726 0.67079
0.84727 0.69268
0.84727 0.60839
0.84728 0.65795
0.84728 0.74106
0.84729 0.65034
0.84729 0.70083
0.84730 0.69778
0.84730 0.60859
0.84731 0.60916
0.84731 0.65581
0.84732 0.68705
0.84732 0.73165
0.84733 0.71178
0.84733 0.60733
0.84734 0.66972
0.84734 0.71828
0.84735 0.71154
0.84735 0.67704
0.84736 0.63647
0.84736 0.63895
0.84737 0.60782
0.84737 0.62483
0.84738 0.66458
0.84738 0.65521
0.84739 0.65766
0.84739 0.62364
0.84740 0.65967
0.84740 0.65751
0.84741 0.57599
0.84741 0.60556
0.84742 0.63054
0.84742 0.67431
0.84743 0.67918
0.84743 0.70149
0.84744 0.67277
0.84744 0.61417
0.84745 0.64456
0.84745 0.61455
0.84746 0.70461
0.84746 0.68188
0.84747 0.66472
0.84747 0.64792
0.84748 0.62502
0.84748 0.64705
0.84749 0.69673
0.84749 0.68308
0.84750 0.64044
0.84750 0.69175
0.84751 0.68199
0.84751 0.71753
0.84752 0.58795
0.84752 0.63255
0.84753 0.70384
0.84753 0.71062
0.84754 0.64911
0.84754 0.59265
0.84755 0.67359
0.84755 0.64235
0.84756 0.61492
0.84756 0.57939
0.84757 0.62792
0.84757 0.63712
0.84758 0.61456
0.84758 0.69250
0.84759 0.66374
0.84759 0.62703
0.84760 0.76840
0.84760 0.73406
0.84761 0.59905
0.84761 0.65625
0.84762 0.65335
0.84762 0.67586
0.84763 0.69135
0.84763 0.67730
0.84764 0.69745
0.84764 0.72490
0.84765 0.70804
0.84765 0.74907
0.84766 0.74988
0.84766 0.70002
0.84767 0.61549
0.84767 0.60956
0.84768 0.69944
0.84768 0.64546
0.84769 0.64477
0.84769 0.62140
0.84770 0.55737
0.84770 0.67039
0.84771 0.66076
0.84771 0.63356
0.84772 0.70810
0.84772 0.72853
0.84773 0.67920
0.84773 0.64809
0.84774 0.70096
0.84774 0.66757
0.84775 0.63668
0.84775 0.66785
0.84776 0.64661
0.84776 0.60715
0.84777 0.67313
0.84777 0.64711
0.84778 0.63320
0.84778 0.63106
0.84779 0.70539
0.84779 0.73735
0.84780 0.68990
0.84780 0.70685
0.84781 0.60795
0.84781 0.61287
0.84782 0.68494
0.84782 0.66437
0.84783 0.69094
0.84783 0.62277
0.84784 0.64294
0.84784 0.74179
0.84785 0.64104
0.84785 0.58090
0.84786 0.64743
0.84786 0.70330
0.84787 0.68470
0.84787 0.68939
0.84788 0.64737
0.84788 0.66508
0.84789 0.69419
0.84789 0.69870
0.84790 0.65017
0.84790 0.62980
0.84791 0.68353
0.84791 0.60357
0.84792 0.62598
0.84792 0.62698
0.84793 0.60267
0.84793 0.66090
0.84794 0.67241
0.84794 0.70528
0.84795 0.68892
0.84795 0.53778
0.84796 0.63828
0.84796 0.70642
0.84797 0.64124
0.84797 0.64289
0.84798 0.62245
0.84798 0.59607
0.84799 0.57475
0.84799 0.60286
0.84800 0.67444
0.84800 0.64079
0.84801 0.58990
0.84801 0.68494
0.84802 0.63371
0.84802 0.61356
0.84803 0.67105
0.84803 0.67136
0.84804 0.65492
0.84804 0.63937
0.84805 0.65671
0.84805 0.63773
0.84806 0.65768
0.84806 0.66990
0.84807 0.61315
0.84807 0.66678
0.84808 0.69210
0.84808 0.66278
0.84809 0.68439
0.84809 0.62212
0.84810 0.57698
0.84810 0.66045
0.84811 0.63037
0.84811 0.61752
0.84812 0.63789
0.84812 0.67234
0.84813 0.68542
0.84813 0.60138
0.84814 0.70816
0.84814 0.64049
0.84815 0.58739
0.84815 0.68537
0.84816 0.66637
0.84816 0.69606
0.84817 0.63302
0.84817 0.65155
0.84818 0.63988
0.84818 0.65742
0.84819 0.69928
0.84819 0.64856
0.84820 0.64004
0.84820 0.68441
0.84821 0.73354
0.84821 0.58130
0.84822 0.60319
0.84822 0.67063
0.84823 0.62363
0.84823 0.66207
0.84824 0.65003
0.84824 0.64636
0.84825 0.70359
0.84825 0.69088
0.84826 0.68915
0.84826 0.68092
0.84827 0.59570
0.84827 0.69372
0.84828 0.73765
0.84828 0.68305
0.84829 0.73338
0.84829 0.63388
0.84830 0.58145
0.84830 0.57344
0.84831 0.62848
0.84831 0.65591
0.84832 0.65200
0.84832 0.71656
0.84833 0.66353
0.84833 0.68080
0.84834 0.59730
0.84834 0.63544
0.84835 0.69652
0.84835 0.62637
0.84836 0.73444
0.84836 0.71766
0.84837 0.63211
0.84837 0.62048
0.84838 0.62198
0.84838 0.62363
0.84839 0.69132
0.84839 0.70177
0.84840 0.62288
0.84840 0.61259
0.84841 0.67320
0.84841 0.62711
0.84842 0.58912
0.84842 0.70129
0.84843 0.71288
0.84843 0.65681
0.84844 0.64464
0.84844 0.74210
0.84845 0.69280
0.84845 0.61357
0.84846 0.64010
0.84846 0.56255
0.84847 0.66802
0.84847 0.67425
0.84848 0.64345
0.84848 0.73948
0.84849 0.70338
0.84849 0.65371
0.84850 0.65494
0.84850 0.60795
0.84851 0.65691
0.84851 0.69174
0.84852 0.65950
0.84852 0.66270
0.84853 0.63260
0.84853 0.65462
0.84854 0.73632
0.84854 0.69406
0.84855 0.66953
0.84855 0.65390
0.84856 0.58934
0.84856 0.65629
0.84857 0.67381
0.84857 0.68236
0.84858 0.63473
0.84858 0.67400
0.84859 0.72229
0.84859 0.57659
0.84860 0.64709
0.84860 0.75052
0.84861 0.60959
0.84861 0.64895
0.84862 0.76050
0.84862 0.68022
0.84863 0.70504
0.84863 0.67539
0.84864 0.61620
0.84864 0.66304
0.84865 0.61784
0.84865 0.61449
0.84866 0.58242
0.84866 0.67414
0.84867 0.71904
0.84867 0.66169
0.84868 0.62638
0.84868 0.69180
0.84869 0.68327
0.84869 0.66466
0.84870 0.64490
0.84870 0.54969
0.84871 0.66252
0.84871 0.65601
0.84872 0.72072
0.84872 0.63447
0.84873 0.56232
0.84873 0.68099
0.84874 0.60285
0.84874 0.65757
0.84875 0.68751
0.84875 0.60715
0.84876 0.58458
0.84876 0.66311
0.84877 0.69223
0.84877 0.63544
0.84878 0.71740
0.84878 0.68217
0.84879 0.66122
0.84879 0.69999
0.84880 0.54783
0.84880 0.58223
0.84881 0.70119
0.84881 0.60523
0.84882 0.64411
0.84882 0.70034
0.84883 0.67191
0.84883 0.60041
0.84884 0.65941
0.84884 0.72775
0.84885 0.68354
0.84885 0.68812
0.84886 0.62673
0.84886 0.64130
0.84887 0.62477
0.84887 0.55780
0.84888 0.66609
0.84888 0.64716
0.84889 0.65070
0.84889 0.69951
0.84890 0.61555
0.84890 0.63462
0.84891 0.68476
0.84891 0.71456
0.84892 0.69280
0.84892 0.70968
0.84893 0.71708
0.84893 0.65350
0.84894 0.65886
0.84894 0.68178
0.84895 0.63555
0.84895 0.65217
0.84896 0.67524
0.84896 0.62820
0.84897 0.66088
0.84897 0.65691
0.84898 0.61834
0.84898 0.66749
0.84899 0.69837
0.84899 0.68149
0.84900 0.63592
0.84900 0.66916
0.84901 0.63234
0.84901 0.60359
0.84902 0.68811
0.84902 0.68053
0.84903 0.68796
0.84903 0.68278
0.84904 0.66509
0.84904 0.63996
0.84905 0.67638
0.84905 0.69232
0.84906 0.72246
0.84906 0.64542
0.84907 0.62962
0.84907 0.74541
0.84908 0.63071
0.84908 0.63474
0.84909 0.65457
0.84909 0.67264
0.84910 0.60285
0.84910 0.61511
0.84911 0.70676
0.84911 0.67448
0.84912 0.67569
0.84912 0.63264
0.84913 0.71022
0.84913 0.66030
0.84914 0.65378
0.84914 0.65342
0.84915 0.60517
0.84915 0.65717
0.84916 0.64660
0.84916 0.61200
0.84917 0.58217
0.84917 0.71779
0.84918 0.70780
0.84918 0.61986
0.84919 0.63474
0.84919 0.62850
0.84920 0.68384
0.84920 0.68173
0.84921 0.73353
0.84921 0.75472
0.84922 0.60647
0.84922 0.66165
0.84923 0.65396
0.84923 0.62948
0.84924 0.65033
0.84924 0.64660
0.84925 0.70410
0.84925 0.71541
0.84926 0.69994
0.84926 0.61418
0.84927 0.61718
0.84927 0.70954
0.84928 0.66562
0.84928 0.62740
0.84929 0.58228
0.84929 0.65458
0.84930 0.68978
0.84930 0.64461
0.84931 0.66117
0.84931 0.62444
0.84932 0.63647
0.84932 0.63324
0.84933 0.68533
0.84933 0.65140
0.84934 0.66958
0.84934 0.67945
0.84935 0.61514
0.84935 0.67739
0.84936 0.68344
0.84936 0.71499
0.84937 0.67783
0.84937 0.58291
0.84938 0.59496
0.84938 0.64352
0.84939 0.69465
0.84939 0.63785
0.84940 0.60987
0.84940 0.64158
0.84941 0.68911
0.84941 0.62970
0.84942 0.59545
0.84942 0.60306
0.84943 0.64518
0.84943 0.70568
0.84944 0.72508
0.84944 0.72376
0.84945 0.60588
0.84945 0.66257
0.84946 0.69070
0.84946 0.52862
0.84947 0.65751
0.84947 0.78865
0.84948 0.59270
0.84948 0.59684
0.84949 0.63774
0.84949 0.58381
0.84950 0.68001
0.84950 0.62807
0.84951 0.65479
0.84951 0.71348
0.84952 0.61493
0.84952 0.67474
0.84953 0.71358
0.84953 0.61310
0.84954 0.61261
0.84954 0.68570
0.84955 0.67441
0.84955 0.58112
0.84956 0.59212
0.84956 0.64549
0.84957 0.64609
0.84957 0.61018
0.84958 0.61089
0.84958 0.60489
0.84959 0.64256
0.84959 0.66642
0.84960 0.64985
0.84960 0.64615
0.84961 0.63801
0.84961 0.65416
0.84962 0.56711
0.84962 0.64155
0.84963 0.62769
0.84963 0.61570
0.84964 0.69711
0.84964 0.57408
0.84965 0.57908
0.84965 0.59040
0.84966 0.65910
0.84966 0.71016
0.84967 0.62301
0.84967 0.60165
0.84968 0.60336
0.84968 0.65606
0.84969 0.63589
0.84969 0.60280
0.84970 0.57777
0.84970 0.67854
0.84971 0.66630
0.84971 0.56487
0.84972 0.72819
0.84972 0.69377
0.84973 0.58149
0.84973 0.64875
0.84974 0.58120
0.84974 0.61991
0.84975 0.59591
0.84975 0.64616
0.84976 0.60757
0.84976 0.48652
0.84977 0.54361
0.84977 0.57262
0.84978 0.66902
0.84978 0.65323
0.84979 0.64970
0.84979 0.58070
0.84980 0.62497
0.84980 0.63207
0.84981 0.55265
0.84981 0.59132
0.84982 0.60813
0.84982 0.63638
0.84983 0.66914
0.84983 0.64109
0.84984 0.62504
0.84984 0.69057
0.84985 0.72186
0.84985 0.68053
0.84986 0.63398
0.84986 0.66348
0.84987 0.61194
0.84987 0.71583
0.84988 0.64257
0.84988 0.61247
0.84989 0.65903
0.84989 0.57812
0.84990 0.70813
0.84990 0.63753
0.84991 0.66788
0.84991 0.71042
0.84992 0.67662
0.84992 0.62108
0.84993 0.60641
0.84993 0.68070
0.84994 0.65028
0.84994 0.65814
0.84995 0.61395
0.84995 0.59947
0.84996 0.61947
0.84996 0.66693
0.84997 0.64041
0.84997 0.60835
0.84998 0.64890
0.84998 0.59610
0.84999 0.67097
0.84999 0.61127
0.85000 0.58755
0.85000 0.66334
0.85001 0.65656
0.85001 0.66218
0.85002 0.64382
0.85002 0.67677
0.85003 0.71469
0.85003 0.64055
0.85004 0.61715
0.85004 0.63030
0.85005 0.70394
0.85005 0.67932
0.85006 0.62031
0.85006 0.67039
0.85007 0.62517
0.85007 0.66289
0.85008 0.66029
0.85008 0.63154
0.85009 0.59268
0.85009 0.59107
0.85010 0.65590
0.85010 0.66629
0.85011 0.62607
0.85011 0.64441
0.85012 0.69972
0.85012 0.69958
0.85013 0.71763
0.85013 0.68284
0.85014 0.68883
0.85014 0.68922
0.85015 0.61383
0.85015 0.67131
0.85016 0.67897
0.85016 0.66599
0.85017 0.75031
0.85017 0.67287
0.85018 0.60825
0.85018 0.66412
0.85019 0.61364
0.85019 0.67492
0.85020 0.73069
0.85020 0.64260
0.85021 0.64344
0.85021 0.71405
0.85022 0.68240
0.85022 0.64504
0.85023 0.63734
0.85023 0.63433
0.85024 0.68390
0.85024 0.66239
0.85025 0.69627
0.85025 0.65433
0.85026 0.60781
0.85026 0.65879
0.85027 0.74500
0.85027 0.75861
0.85028 0.66103
0.85028 0.67379
0.85029 0.65639
0.85029 0.72004
0.85030 0.70332
0.85030 0.72203
0.85031 0.70729
0.85031 0.63861
0.85032 0.65309
0.85032 0.69057
0.85033 0.72452
0.85033 0.69194
0.85034 0.80924
0.85034 0.73301
0.85035 0.62468
0.85035 0.72200
0.85036 0.64302
0.85036 0.62577
0.85037 0.70090
0.85037 0.64205
0.85038 0.67282
0.85038 0.68427
0.85039 0.66948
0.85039 0.65748
0.85040 0.63361
0.85040 0.70962
0.85041 0.70351
0.85041 0.62505
0.85042 0.63911
0.85042 0.66782
0.85043 0.73283
0.85043 0.71036
0.85044 0.70078
0.85044 0.73764
0.85045 0.64554
0.85045 0.65679
0.85046 0.70555
0.85046 0.68137
0.85047 0.73799
0.85047 0.67460
0.85048 0.66021
0.85048 0.72932
0.85049 0.68448
0.85049 0.72543
0.85050 0.70586
0.85050 0.64151
0.85051 0.67658
0.85051 0.70634
0.85052 0.73313
0.85052 0.70812
0.85053 0.68738
0.85053 0.71639
0.85054 0.67819
0.85054 0.71693
0.85055 0.71691
0.85055 0.73294
0.85056 0.75929
0.85056 0.70114
0.85057 0.71546
0.85057 0.75302
0.85058 0.81076
0.85058 0.71516
0.85059 0.72768
0.85059 0.73322
0.85060 0.68325
0.85060 0.68921
0.85061 0.68448
0.85061 0.71103
0.85062 0.66095
0.85062 0.68258
0.85063 0.77819
0.85063 0.75438
0.85064 0.74706
0.85064 0.75632
0.85065 0.68139
0.85065 0.64032
0.85066 0.77206
0.85066 0.80227
0.85067 0.68841
0.85067 0.82165
0.85068 0.76675
0.85068 0.71329
0.85069 0.79498
0.85069 0.75357
0.85070 0.72871
0.85070 0.75774
0.85071 0.71636
0.85071 0.69338
0.85072 0.76542
0.85072 0.72766
0.85073 0.64536
0.85073 0.77896
0.85074 0.79789
0.85074 0.73736
0.85075 0.75129
0.85075 0.70322
0.85076 0.80844
0.85076 0.73508
0.85077 0.68139
0.85077 0.74318
0.85078 0.75727
0.85078 0.77809
0.85079 0.79530
0.85079 0.77381
0.85080 0.76522
0.85080 0.80810
0.85081 0.76408
0.85081 0.76306
0.85082 0.78117
0.85082 0.74633
0.85083 0.70453
0.85083 0.76630
0.85084 0.89734
0.85084 0.77238
0.85085 0.71687
0.85085 0.83500
0.85086 0.75022
0.85086 0.77249
0.85087 0.79981
0.85087 0.75787
0.85088 0.76384
0.85088 0.71527
0.85089 0.77892
0.85089 0.79484
0.85090 0.82840
0.85090 0.85005
0.85091 0.75368
0.85091 0.76408
0.85092 0.76981
0.85092 0.78155
0.85093 0.77649
0.85093 0.72786
0.85094 0.80495
0.85094 0.75905
0.85095 0.67809
0.85095 0.77691
0.85096 0.71513
0.85096 0.73786
0.85097 0.80098
0.85097 0.75585
0.85098 0.72713
0.85098 0.75808
0.85099 0.83565
0.85099 0.76818
0.85100 0.80030
0.85100 0.81105
0.85101 0.78377
0.85101 0.78754
0.85102 0.71917
0.85102 0.72941
0.85103 0.79969
0.85103 0.73078
0.85104 0.76093
0.85104 0.81269
0.85105 0.76254
0.85105 0.80217
0.85106 0.75878
0.85106 0.82317
0.85107 0.82979
0.85107 0.73181
0.85108 0.75720
0.85108 0.74940
0.85109 0.76003
0.85109 0.76854
0.85110 0.81218
0.85110 0.82347
0.85111 0.82158
0.85111 0.85844
0.85112 0.79353
0.85112 0.75329
0.85113 0.79522
0.85113 0.78854
0.85114 0.78899
0.85114 0.81740
0.85115 0.81868
0.85115 0.78956
0.85116 0.75593
0.85116 0.79243
0.85117 0.83161
0.85117 0.82343
0.85118 0.82262
0.85118 0.77097
0.85119 0.77334
0.85119 0.77478
0.85120 0.77605
0.85120 0.83283
0.85121 0.85988
0.85121 0.79867
0.85122 0.78375
0.85122 0.79157
0.85123 0.80646
0.85123 0.84798
0.85124 0.75501
0.85124 0.74349
0.85125 0.74544
0.85125 0.79122
0.85126 0.83108
0.85126 0.83948
0.85127 0.80991
0.85127 0.79705
0.85128 0.80721
0.85128 0.74840
0.85129 0.76911
0.85129 0.80416
0.85130 0.76606
0.85130 0.74321
0.85131 0.77237
0.85131 0.79835
0.85132 0.86663
0.85132 0.81061
0.85133 0.75229
0.85133 0.85232
0.85134 0.85186
0.85134 0.75691
0.85135 0.79223
0.85135 0.84940
0.85136 0.83675
0.85136 0.78313
0.85137 0.85520
0.85137 0.78088
0.85138 0.70395
0.85138 0.83022
0.85139 0.80634
0.85139 0.80759
0.85140 0.78337
0.85140 0.82357
0.85141 0.79880
0.85141 0.68725
0.85142 0.85322
0.85142 0.83654
0.85143 0.80893
0.85143 0.84152
0.85144 0.72178
0.85144 0.75626
0.85145 0.88831
0.85145 0.84809
0.85146 0.72732
0.85146 0.84108
0.85147 0.81647
0.85147 0.79015
0.85148 0.75970
0.85148 0.77712
0.85149 0.82897
0.85149 0.80570
0.85150 0.89436
0.85150 0.85529
0.85151 0.89690
0.85151 0.77822
0.85152 0.77045
0.85152 0.88792
0.85153 0.83170
0.85153 0.82187
0.85154 0.88367
0.85154 0.88809
0.85155 0.76580
0.85155 0.86201
0.85156 0.90014
0.85156 0.82976
0.85157 0.80601
0.85157 0.82325
0.85158 0.80225
0.85158 0.85910
0.85159 0.86765
0.85159 0.71942
0.85160 0.77689
0.85160 0.86935
0.85161 0.85539
0.85161 0.87268
0.85162 0.81284
0.85162 0.81462
0.85163 0.85306
0.85163 0.83950
0.85164 0.86703
0.85164 0.80909
0.85165 0.79407
0.85165 0.84648
0.85166 0.84019
0.85166 0.84720
0.85167 0.84589
0.85167 0.82092
0.85168 0.87868
0.85168 0.84308
0.85169 0.90559
0.85169 0.92694
0.85170 0.78176
0.85170 0.80805
0.85171 0.83822
0.85171 0.75132
0.85172 0.84331
0.85172 0.88789
0.85173 0.81440
0.85173 0.83480
0.85174 0.79362
0.85174 0.79273
0.85175 0.85662
0.85175 0.89688
0.85176 0.87875
0.85176 0.73582
0.85177 0.78993
0.85177 0.87208
0.85178 0.88809
0.85178 0.90152
0.85179 0.85114
0.85179 0.85462
0.85180 0.77978
0.85180 0.83424
0.85181 0.88179
0.85181 0.80330
0.85182 0.87827
0.85182 0.92112
0.85183 0.89230
0.85183 0.82994
0.85184 0.82842
0.85184 0.89753
0.85185 0.88019
0.85185 0.85433
0.85186 0.82429
0.85186 0.84511
0.85187 0.85848
0.85187 0.86968
0.85188 0.90167
0.85188 0.84314
0.85189 0.85217
0.85189 0.78050
0.85190 0.81423
0.85190 0.87510
0.85191 0.78843
0.85191 0.84634
0.85192 0.91233
0.85192 0.86157
0.85193 0.85271
0.85193 0.95955
0.85194 0.87197
0.85194 0.79040
0.85195 0.84950
0.85195 0.82069
0.85196 0.86506
0.85196 0.86290
0.85197 0.77938
0.85197 0.85433
0.85198 0.88539
0.85198 0.90116
0.85199 0.79923
0.85199 0.91980
0.85200 0.91239
0.85200 0.79246
0.85201 0.92158
0.85201 0.86154
0.85202 0.84401
0.85202 0.86810
0.85203 0.84687
0.85203 0.82509
0.85204 0.87097
0.85204 0.80528
0.85205 0.81523
0.85205 0.87890
0.85206 0.78116
0.85206 0.89739
0.85207 0.93760
0.85207 0.89450
0.85208 0.80924
0.85208 0.78440
0.85209 0.85103
0.85209 0.81186
0.85210 0.83695
0.85210 0.87383
0.85211 0.88240
0.85211 0.77099
0.85212 0.83570
0.85212 0.89375
0.85213 0.86072
0.85213 0.84281
0.85214 0.86070
0.85214 0.88814
0.85215 0.87380
0.85215 0.84811
0.85216 0.83283
0.85216 0.91736
0.85217 0.91003
0.85217 0.84817
0.85218 0.85220
0.85218 0.83121
0.85219 0.85514
0.85219 0.90947
0.85220 0.79450
0.85220 0.80712
0.85221 0.87240
0.85221 0.82798
0.85222 0.86360
0.85222 0.84072
0.85223 0.83471
0.85223 0.88497
0.85224 0.91749
0.85224 0.89305
0.85225 0.82737
0.85225 0.85707
0.85226 0.90092
0.85226 0.86385
0.85227 0.83081
0.85227 0.84039
0.85228 0.91121
0.85228 0.91034
0.85229 0.84438
0.85229 0.89795
0.85230 0.85831
0.85230 0.82532
0.85231 0.84758
0.85231 0.82957
0.85232 0.83153
0.85232 0.88908
0.85233 0.90052
0.85233 0.90547
0.85234 0.82735
0.85234 0.78314
0.85235 0.88868
0.85235 0.83815
0.85236 0.82420
0.85236 0.86359
0.85237 0.86600
0.85237 0.85307
0.85238 0.87773
0.85238 0.87627
0.85239 0.88251
0.85239 0.91441
0.85240 0.82925
0.85240 0.87755
0.85241 0.84031
0.85241 0.83017
0.85242 0.89977
0.85242 0.87773
0.85243 0.90228
0.85243 0.84603
0.85244 0.88435
0.85244 0.88764
0.85245 0.84262
0.85245 0.86658
0.85246 0.87765
0.85246 0.96246
0.85247 0.93791
0.85247 0.84858
0.85248 0.85886
0.85248 0.83058
0.85249 0.77914
0.85249 0.82478
0.85250 0.88410
0.85250 0.86868
0.85251 0.87266
0.85251 0.90946
0.85252 0.91496
0.85252 0.84041
0.85253 0.79404
0.85253 0.82040
0.85254 0.82345
0.85254 0.85659
0.85255 0.90107
0.85255 0.89679
0.85256 0.88474
0.85256 0.89561
0.85257 0.86464
0.85257 0.82226
0.85258 0.86041
0.85258 0.85490
0.85259 0.87669
0.85259 0.90603
0.85260 0.83706
0.85260 0.86878
0.85261 0.88266
0.85261 0.85390
0.85262 0.85725
0.85262 0.88406
0.85263 0.80420
0.85263 0.83851
0.85264 0.91126
0.85264 0.82912
0.85265 0.87639
0.85265 0.80385
0.85266 0.80559
0.85266 0.85929
0.85267 0.87228
0.85267 0.93137
0.85268 0.93090
0.85268 0.91719
0.85269 0.85212
0.85269 0.85484
0.85270 0.87331
0.85270 0.91219
0.85271 0.86777
0.85271 0.84016
0.85272 0.86882
0.85272 0.85133
0.85273 0.87149
0.85273 0.82438
0.85274 0.90622
0.85274 0.95555
0.85275 0.83216
0.85275 0.91254
0.85276 0.83356
0.85276 0.84274
0.85277 0.97639
0.85277 0.83617
0.85278 0.86278
0.85278 0.89294
0.85279 0.91532
0.85279 0.95182
0.85280 0.80909
0.85280 0.89192
0.85281 0.92596
0.85281 0.82639
0.85282 0.90608
0.85282 0.89747
0.85283 0.94490
0.85283 0.91029
0.85284 0.83728
0.85284 0.91955
0.85285 0.91651
0.85285 0.81769
0.85286 0.82900
0.85286 0.89541
0.85287 0.82539
0.85287 0.83258
0.85288 0.91237
0.85288 0.86932
0.85289 0.89017
0.85289 0.87120
0.85290 0.87440
0.85290 0.93247
0.85291 0.90032
0.85291 0.82593
0.85292 0.89025
0.85292 0.88835
0.85293 0.84937
0.85293 0.85334
0.85294 0.84374
0.85294 0.92863
0.85295 0.88716
0.85295 0.88517
0.85296 0.88053
0.85296 0.85565
0.85297 0.87223
0.85297 0.83633
0.85298 0.86221
0.85298 0.93607
0.85299 0.90899
0.85299 0.90501
0.85300 0.88340
0.85300 0.83733
0.85301 0.86181
0.85301 0.86898
0.85302 0.89919
0.85302 0.86486
0.85303 0.86321
0.85303 0.94318
0.85304 0.87764
0.85304 0.88839
0.85305 0.94557
0.85305 0.95654
0.85306 0.87377
0.85306 0.89274
0.85307 0.86917
0.85307 0.83705
0.85308 0.94072
0.85308 0.83964
0.85309 0.79318
0.85309 0.81147
0.85310 0.92692
0.85310 0.89521
0.85311 0.88709
0.85311 0.91159
0.85312 0.80882
0.85312 0.86540
0.85313 0.89451
0.85313 0.88911
0.85314 0.90744
0.85314 0.87608
0.85315 0.83138
0.85315 0.81879
0.85316 0.89562
0.85316 0.89904
0.85317 0.79996
0.85317 0.82239
0.85318 0.84825
0.85318 0.85690
0.85319 0.93273
0.85319 0.87751
0.85320 0.82573
0.85320 0.89625
0.85321 0.81156
0.85321 0.83016
0.85322 0.92645
0.85322 0.94310
0.85323 0.95265
0.85323 0.81443
0.85324 0.88501
0.85324 0.98198
0.85325 0.84266
0.85325 0.87012
0.85326 0.91423
0.85326 0.92227
0.85327 0.88030
0.85327 0.88383
0.85328 0.90280
0.85328 0.92041
0.85329 0.96182
0.85329 0.84885
0.85330 0.80280
0.85330 0.87557
0.85331 0.92767
0.85331 0.91191
0.85332 0.91264
0.85332 0.93041
0.85333 0.90685
0.85333 0.85494
0.85334 0.83321
0.85334 0.86624
0.85335 0.90268
0.85335 0.98048
0.85336 0.94516
0.85336 0.87285
0.85337 0.87676
0.85337 0.90549
0.85338 0.85913
0.85338 0.87343
0.85339 0.93841
0.85339 0.87888
0.85340 0.91302
0.85340 0.86720
0.85341 0.87924
0.85341 0.94503
0.85342 0.89511
0.85342 0.89021
0.85343 0.93350
0.85343 0.88204
0.85344 0.78342
0.85344 0.86623
0.85345 0.89334
0.85345 0.91701
0.85346 0.93895
0.85346 0.91670
0.85347 0.92818
0.85347 0.88401
0.85348 0.92807
0.85348 0.86257
0.85349 0.88632
0.85349 0.96528
0.85350 0.95303
0.85350 0.89272
0.85351 0.89374
0.85351 0.89933
0.85352 0.86018
0.85352 0.87381
0.85353 0.89078
0.85353 0.99056
0.85354 0.90098
0.85354 0.90209
0.85355 0.92995
0.85355 0.86056
0.85356 0.90302
0.85356 0.95973
0.85357 0.96356
0.85357 0.88481
0.85358 0.89483
0.85358 0.93573
0.85359 0.88990
0.85359 0.87294
0.85360 0.84133
0.85360 0.81859
0.85361 0.87103
0.85361 0.89498
0.85362 0.89665
0.85362 0.88972
0.85363 0.89859
0.85363 0.91743
0.85364 0.89019
0.85364 0.90606
0.85365 0.86534
0.85365 0.89174
0.85366 0.94405
0.85366 0.86187
0.85367 0.84946
0.85367 0.89752
0.85368 0.95446
0.85368 0.92692
0.85369 0.84597
0.85369 0.91007
0.85370 0.92677
0.85370 0.92184
0.85371 1.00200
0.85371 0.84993
0.85372 0.82195
0.85372 0.90248
0.85373 0.87307
0.85373 0.92675
0.85374 0.85542
0.85374 0.86472
0.85375 0.98235
0.85375 0.90585
0.85376 0.86965
0.85376 0.92411
0.85377 0.88235
0.85377 0.86515
0.85378 0.86092
0.85378 0.89643
0.85379 0.90034
0.85379 0.85435
0.85380 0.90090
0.85380 0.84857
0.85381 0.89731
0.85381 0.90421
0.85382 0.87900
0.85382 0.90644
0.85383 0.82983
0.85383 0.82314
0.85384 0.82709
0.85384 0.96825
0.85385 0.94365
0.85385 0.88799
0.85386 0.90426
0.85386 0.89933
0.85387 0.90649
0.85387 0.92234
0.85388 1.00634
0.85388 0.90388
0.85389 0.90580
0.85389 0.88655
0.85390 0.79849
0.85390 0.85140
0.85391 0.87508
0.85391 0.97349
0.85392 0.87883
0.85392 0.88013
0.85393 0.88658
0.85393 0.82507
0.85394 0.88251
0.85394 0.93447
0.85395 0.95481
0.85395 0.90510
0.85396 0.87885
0.85396 0.83558
0.85397 0.89177
0.85397 0.86943
0.85398 0.82135
0.85398 0.87913
0.85399 0.94315
0.85399 0.87378
0.85400 0.91558
0.85400 0.97378
0.85401 0.90185
0.85401 0.96363
0.85402 0.89515
0.85402 0.84806
0.85403 0.99670
0.85403 0.95035
0.85404 0.91415
0.85404 0.83228
0.85405 0.79484
0.85405 0.83236
0.85406 0.86361
0.85406 0.91764
0.85407 0.87918
0.85407 0.89606
0.85408 0.86543
0.85408 0.86556
0.85409 0.88583
0.85409 0.87942
0.85410 0.93434
0.85410 0.88799
0.85411 0.86922
0.85411 0.89728
0.85412 0.93042
0.85412 0.97172
0.85413 0.89118
0.85413 0.91707
0.85414 0.96320
0.85414 0.91461
0.85415 0.92595
0.85415 0.95061
0.85416 0.81253
0.85416 0.86594
0.85417 0.96864
0.85417 0.83258
0.85418 0.86491
0.85418 0.91107
0.85419 0.88067
0.85419 0.83464
0.85420 0.93368
0.85420 0.92554
0.85421 0.88637
0.85421 0.95614
0.85422 0.83990
0.85422 0.85115
0.85423 0.87475
0.85423 0.93473
0.85424 0.89725
0.85424 0.89140
0.85425 0.92725
0.85425 0.83911
0.85426 0.85968
0.85426 0.84827
0.85427 0.87812
0.85427 0.89638
0.85428 0.91416
0.85428 0.89918
0.85429 0.82553
0.85429 0.84634
0.85430 0.92696
0.85430 0.89671
0.85431 0.90735
0.85431 0.97722
0.85432 0.92347
0.85432 0.92335
0.85433 0.94233
0.85433 0.81820
0.85434 0.79279
0.85434 0.93405
0.85435 0.91512
0.85435 0.82947
0.85436 0.79521
0.85436 0.87614
0.85437 0.85553
0.85437 0.86021
0.85438 0.92080
0.85438 0.88637
0.85439 0.85443
0.85439 0.87000
0.85440 0.87619
0.85440 0.89259
0.85441 0.90764
0.85441 0.89826
0.85442 0.85435
0.85442 0.83044
0.85443 0.88060
0.85443 0.87868
0.85444 0.84716
0.85444 0.90840
0.85445 0.90919
0.85445 0.84347
0.85446 0.89785
0.85446 0.95248
0.85447 0.93576
0.85447 0.83377
0.85448 0.90389
0.85448 0.87362
0.85449 0.80663
0.85449 0.92232
0.85450 0.92208
0.85450 0.89693
0.85451 0.92953
0.85451 0.85912
0.85452 0.93127
0.85452 0.92877
0.85453 0.93571
0.85453 0.97573
0.85454 0.90765
0.85454 0.86606
0.85455 0.90453
0.85455 0.91569
0.85456 0.89120
0.85456 1.00060
0.85457 0.90168
0.85457 0.92051
0.85458 0.90890
0.85458 0.84093
0.85459 0.94237
0.85459 0.86020
0.85460 0.91538
0.85460 0.94236
0.85461 0.88549
0.85461 0.92945
0.85462 0.88922
0.85462 0.88325
0.85463 0.89198
0.85463 0.91817
0.85464 0.94870
0.85464 0.94122
0.85465 0.86496
0.85465 0.86845
0.85466 0.92950
0.85466 0.87464
0.85467 0.93797
0.85467 0.92324
0.85468 0.83475
0.85468 0.90787
0.85469 0.90234
0.85469 0.91745
0.85470 0.92167
0.85470 0.88338
0.85471 0.89261
0.85471 0.90952
0.85472 0.86894
0.85472 0.86501
0.85473 0.92182
0.85473 0.87750
0.85474 0.81052
0.85474 0.89875
0.85475 0.91199
0.85475 0.89820
0.85476 0.99777
0.85476 1.00873
0.85477 0.87824
0.85477 0.82024
0.85478 0.83886
0.85478 0.80811
0.85479 0.91947
0.85479 0.96080
0.85480 0.88498
0.85480 0.87325
0.85481 0.85906
0.85481 0.83441
0.85482 0.85804
0.85482 0.89946
0.85483 0.87009
0.85483 0.91620
0.85484 0.94001
0.85484 0.87268
0.85485 0.82413
0.85485 0.84658
0.85486 0.88228
0.85486 0.84919
0.85487 0.87345
0.85487 0.87591
0.85488 0.90567
0.85488 0.88867
0.85489 0.85312
0.85489 0.91755
0.85490 0.92152
0.85490 0.93856
0.85491 0.85602
0.85491 0.88457
0.85492 0.90924
0.85492 0.90298
0.85493 0.95745
0.85493 0.88465
0.85494 0.86795
0.85494 0.87599
0.85495 0.95446
0.85495 0.92064
0.85496 0.86400
0.85496 0.85592
0.85497 0.79568
0.85497 0.90289
0.85498 0.91627
0.85498 0.91461
0.85499 0.87562
0.85499 0.83119
0.85500 0.88279
0.85500 0.77325
0.85501 0.86261
0.85501 0.90296
0.85502 0.92363
0.85502 0.86765
0.85503 0.80377
0.85503 0.89053
0.85504 0.88451
0.85504 0.93173
0.85505 0.83462
0.85505 0.84373
0.85506 0.91729
0.85506 0.93289
0.85507 0.88548
0.85507 0.88345
0.85508 0.91883
0.85508 0.91022
0.85509 0.91497
0.85509 0.87298
0.85510 0.87467
0.85510 0.82477
0.85511 0.84470
0.85511 0.86083
0.85512 0.82615
0.85512 0.86175
0.85513 0.90599
0.85513 0.89694
0.85514 0.88225
0.85514 0.86072
0.85515 0.86589
0.85515 0.83250
0.85516 0.86104
0.85516 0.83837
0.85517 0.81259
0.85517 0.86758
0.85518 0.85546
0.85518 0.90819
0.85519 0.88436
0.85519 0.84371
0.85520 0.86179
0.85520 0.83809
0.85521 0.84707
0.85521 0.82108
0.85522 0.85415
0.85522 0.88134
0.85523 0.84142
0.85523 0.88897
0.85524 0.91125
0.85524 0.87507
0.85525 0.81672
0.85525 0.77648
0.85526 0.88615
0.85526 0.90552
0.85527 0.83413
0.85527 0.91008
0.85528 0.88714
0.85528 0.87958
0.85529 0.86329
0.85529 0.89373
0.85530 0.92277
0.85530 0.85969
0.85531 0.90690
0.85531 0.91029
0.85532 0.86053
0.85532 0.81981
0.85533 0.81237
0.85533 0.86028
0.85534 0.86367
0.85534 0.86430
0.85535 0.87775
0.85535 0.85095
0.85536 0.75282
0.85536 0.82892
0.85537 0.87743
0.85537 0.89202
0.85538 0.92846
0.85538 0.81710
0.85539 0.87832
0.85539 0.85073
0.85540 0.82566
0.85540 0.84687
0.85541 0.80214
0.85541 0.83292
0.85542 0.86772
0.85542 0.86871
0.85543 0.86740
0.85543 0.89407
0.85544 0.83248
0.85544 0.84838
0.85545 0.90384
0.85545 0.92338
0.85546 0.91934
0.85546 0.89791
0.85547 0.90333
0.85547 0.85546
0.85548 0.82314
0.85548 0.85474
0.85549 0.84786
0.85549 0.84421
0.85550 0.87285
0.85550 0.78975
0.85551 0.89151
0.85551 0.88967
0.85552 0.80955
0.85552 0.83663
0.85553 0.82068
0.85553 0.90581
0.85554 0.87056
0.85554 0.84114
0.85555 0.78507
0.85555 0.80557
0.85556 0.87579
0.85556 0.82544
0.85557 0.85659
0.85557 0.86362
0.85558 0.88738
0.85558 0.83245
0.85559 0.81277
0.85559 0.86032
0.85560 0.82985
0.85560 0.87738
0.85561 0.82425
0.85561 0.82282
0.85562 0.88135
0.85562 0.84454
0.85563 0.78485
0.85563 0.77472
0.85564 0.83312
0.85564 0.84970
0.85565 0.81940
0.85565 0.80083
0.85566 0.82963
0.85566 0.84967
0.85567 0.81927
0.85567 0.86139
0.85568 0.86613
0.85568 0.81596
0.85569 0.85530
0.85569 0.79271
0.85570 0.78184
0.85570 0.82277
0.85571 0.80326
0.85571 0.80579
0.85572 0.77387
0.85572 0.80864
0.85573 0.85116
0.85573 0.77564
0.85574 0.81290
0.85574 0.84226
0.85575 0.83024
0.85575 0.86535
0.85576 0.86816
0.85576 0.85342
0.85577 0.81282
0.85577 0.82449
0.85578 0.81382
0.85578 0.77851
0.85579 0.81909
0.85579 0.81655
0.85580 0.82065
0.85580 0.83337
0.85581 0.91566
0.85581 0.82066
0.85582 0.71853
0.85582 0.85879
0.85583 0.87605
0.85583 0.80068
0.85584 0.81399
0.85584 0.82348
0.85585 0.75549
0.85585 0.85334
0.85586 0.88711
0.85586 0.84309
0.85587 0.80292
0.85587 0.79420
0.85588 0.79698
0.85588 0.82676
0.85589 0.84312
0.85589 0.81658
0.85590 0.88567
0.85590 0.82226
0.85591 0.79828
0.85591 0.82896
0.85592 0.81856
0.85592 0.91338
0.85593 0.84193
0.85593 0.82899
0.85594 0.79988
0.85594 0.74643
0.85595 0.81312
0.85595 0.83124
0.85596 0.86463
0.85596 0.84252
0.85597 0.77908
0.85597 0.83857
0.85598 0.85519
0.85598 0.76846
0.85599 0.72581
0.85599 0.79350
0.85600 0.82623
0.85600 0.78670
0.85601 0.76942
0.85601 0.69880
0.85602 0.80447
0.85602 0.86892
0.85603 0.87416
0.85603 0.85474
0.85604 0.76866
0.85604 0.81493
0.85605 0.79970
0.85605 0.80427
0.85606 0.80290
0.85606 0.83733
0.85607 0.85932
0.85607 0.79992
0.85608 0.84527
0.85608 0.78503
0.85609 0.77656
0.85609 0.85488
0.85610 0.85980
0.85610 0.85955
0.85611 0.83189
0.85611 0.85387
0.85612 0.85989
0.85612 0.85005
0.85613 0.86445
0.85613 0.82996
0.85614 0.83003
0.85614 0.78503
0.85615 0.80700
0.85615 0.82235
0.85616 0.76925
0.85616 0.79294
0.85617 0.76897
0.85617 0.79857
0.85618 0.82306
0.85618 0.76845
0.85619 0.80343
0.85619 0.73978
0.85620 0.73843
0.85620 0.84462
0.85621 0.79361
0.85621 0.77545
0.85622 0.79610
0.85622 0.81735
0.85623 0.85819
0.85623 0.77841
0.85624 0.83885
0.85624 0.80435
0.85625 0.78186
0.85625 0.83188
0.85626 0.86409
0.85626 0.84739
0.85627 0.71715
0.85627 0.85035
0.85628 0.82867
0.85628 0.75391
0.85629 0.79631
0.85629 0.81608
0.85630 0.81803
0.85630 0.81508
0.85631 0.86681
0.85631 0.83136
0.85632 0.75985
0.85632 0.79052
0.85633 0.85235
0.85633 0.87021
0.85634 0.83154
0.85634 0.76965
0.85635 0.79235
0.85635 0.86146
0.85636 0.84333
0.85636 0.78009
0.85637 0.76337
0.85637 0.78455
0.85638 0.73735
0.85638 0.76864
0.85639 0.84685
0.85639 0.80904
0.85640 0.83047
0.85640 0.78924
0.85641 0.77895
0.85641 0.84835
0.85642 0.76321
0.85642 0.71715
0.85643 0.83821
0.85643 0.88774
0.85644 0.75838
0.85644 0.75904
0.85645 0.73776
0.85645 0.76358
0.85646 0.84832
0.85646 0.80512
0.85647 0.82310
0.85647 0.77106
0.85648 0.71276
0.85648 0.76731
0.85649 0.80377
0.85649 0.85184
0.85650 0.82881
0.85650 0.77508
0.85651 0.77689
0.85651 0.81982
0.85652 0.76247
0.85652 0.78943
0.85653 0.83232
0.85653 0.77223
0.85654 0.76321
0.85654 0.71006
0.85655 0.76641
0.85655 0.85948
0.85656 0.81623
0.85656 0.79864
0.85657 0.80258
0.85657 0.80036
0.85658 0.83369
0.85658 0.80035
0.85659 0.82951
0.85659 0.83105
0.85660 0.83556
0.85660 0.85197
0.85661 0.75142
0.85661 0.74264
0.85662 0.79291
0.85662 0.74219
0.85663 0.76563
0.85663 0.81297
0.85664 0.82099
0.85664 0.82248
0.85665 0.83689
0.85665 0.77892
0.85666 0.78292
0.85666 0.85087
0.85667 0.82970
0.85667 0.83056
0.85668 0.84607
0.85668 0.82551
0.85669 0.79210
0.85669 0.79620
0.85670 0.83181
0.85670 0.80074
0.85671 0.82388
0.85671 0.78135
0.85672 0.80205
0.85672 0.85648
0.85673 0.78303
0.85673 0.80734
0.85674 0.86597
0.85674 0.83149
0.85675 0.72794
0.85675 0.78619
0.85676 0.82518
0.85676 0.74956
0.85677 0.77305
0.85677 0.81554
0.85678 0.81570
0.85678 0.76050
0.85679 0.80931
0.85679 0.79060
0.85680 0.71635
0.85680 0.81018
0.85681 0.79473
0.85681 0.84299
0.85682 0.78798
0.85682 0.77867
0.85683 0.83118
0.85683 0.76308
0.85684 0.83458
0.85684 0.86028
0.85685 0.76458
0.85685 0.77891
0.85686 0.83707
0.85686 0.84859
0.85687 0.72139
0.85687 0.81620
0.85688 0.81646
0.85688 0.69215
0.85689 0.73910
0.85689 0.72683
0.85690 0.78901
0.85690 0.77693
0.85691 0.80969
0.85691 0.79220
0.85692 0.77721
0.85692 0.82866
0.85693 0.82541
0.85693 0.82023
0.85694 0.74666
0.85694 0.82091
0.85695 0.88772
0.85695 0.80807
0.85696 0.81482
0.85696 0.79732
0.85697 0.81178
0.85697 0.82110
0.85698 0.79586
0.85698 0.79144
0.85699 0.77883
0.85699 0.82942
0.85700 0.81962
0.85700 0.78036
0.85701 0.82595
0.85701 0.78803
0.85702 0.73687
0.85702 0.76878
0.85703 0.73651
0.85703 0.77034
0.85704 0.83452
0.85704 0.69806
0.85705 0.79439
0.85705 0.81622
0.85706 0.73733
0.85706 0.86808
0.85707 0.78139
0.85707 0.75572
0.85708 0.77267
0.85708 0.78510
0.85709 0.77734
0.85709 0.76224
0.85710 0.84751
0.85710 0.75765
0.85711 0.72476
0.85711 0.75458
0.85712 0.74833
0.85712 0.78979
0.85713 0.77344
0.85713 0.73550
0.85714 0.78025
0.85714 0.76174
0.85715 0.83061
0.85715 0.84365
0.85716 0.75557
0.85716 0.69126
0.85717 0.65969
0.85717 0.75047
0.85718 0.73115
0.85718 0.79120
0.85719 0.87518
0.85719 0.76492
0.85720 0.72686
0.85720 0.72983
0.85721 0.75188
0.85721 0.79004
0.85722 0.72112
0.85722 0.85893
0.85723 0.80887
0.85723 0.72221
0.85724 0.78819
0.85724 0.77013
0.85725 0.76045
0.85725 0.80092
0.85726 0.76807
0.85726 0.71519
0.85727 0.77559
0.85727 0.80545
0.85728 0.75021
0.85728 0.73757
0.85729 0.75601
0.85729 0.71914
0.85730 0.77637
0.85730 0.74603
0.85731 0.71213
0.85731 0.83850
0.85732 0.77279
0.85732 0.80745
0.85733 0.79107
0.85733 0.71997
0.85734 0.72196
0.85734 0.70439
0.85735 0.82578
0.85735 0.71074
0.85736 0.68008
0.85736 0.78671
0.85737 0.82411
0.85737 0.77756
0.85738 0.73491
0.85738 0.74504
0.85739 0.79795
0.85739 0.76357
0.85740 0.76504
0.85740 0.74557
0.85741 0.70810
0.85741 0.78302
0.85742 0.75940
0.85742 0.77770
0.85743 0.79677
0.85743 0.73881
0.85744 0.69612
0.85744 0.71576
0.85745 0.74641
0.85745 0.78427
0.85746 0.78879
0.85746 0.78682
0.85747 0.82913
0.85747 0.77436
0.85748 0.75546
0.85748 0.78020
0.85749 0.76437
0.85749 0.83810
0.85750 0.77272
0.85750 0.70838
0.85751 0.77766
0.85751 0.76603
0.85752 0.80136
0.85752 0.79209
0.85753 0.81000
0.85753 0.78971
0.85754 0.73592
0.85754 0.77817
0.85755 0.70961
0.85755 0.79680
0.85756 0.83637
0.85756 0.73169
0.85757 0.79656
0.85757 0.74432
0.85758 0.71816
0.85758 0.77664
0.85759 0.73842
0.85759 0.72177
0.85760 0.70141
0.85760 0.81681
0.85761 0.83632
0.85761 0.73886
0.85762 0.77284
0.85762 0.79649
0.85763 0.71647
0.85763 0.70011
0.85764 0.72305
0.85764 0.76400
0.85765 0.73155
0.85765 0.78984
0.85766 0.76018
0.85766 0.74390
0.85767 0.79781
0.85767 0.72568
0.85768 0.76498
0.85768 0.74570
0.85769 0.67318
0.85769 0.66273
0.85770 0.78681
0.85770 0.67206
0.85771 0.68708
0.85771 0.81904
0.85772 0.72164
0.85772 0.72829
0.85773 0.73983
0.85773 0.72723
0.85774 0.75436
0.85774 0.80170
0.85775 0.75386
0.85775 0.76135
0.85776 0.75264
0.85776 0.75538
0.85777 0.79666
0.85777 0.74973
0.85778 0.72241
0.85778 0.78920
0.85779 0.78771
0.85779 0.66719
0.85780 0.71940
0.85780 0.71371
0.85781 0.71137
0.85781 0.75553
0.85782 0.70200
0.85782 0.69375
0.85783 0.71312
0.85783 0.73634
0.85784 0.74932
0.85784 0.70885
0.85785 0.71327
0.85785 0.74303
0.85786 0.75616
0.85786 0.75239
0.85787 0.72187
0.85787 0.72424
0.85788 0.72827
0.85788 0.75076
0.85789 0.75405
0.85789 0.75056
0.85790 0.78250
0.85790 0.75017
0.85791 0.74910
0.85791 0.77147
0.85792 0.71594
0.85792 0.74218
0.85793 0.78181
0.85793 0.78690
0.85794 0.72646
0.85794 0.69480
0.85795 0.74624
0.85795 0.78306
0.85796 0.77963
0.85796 0.70692
0.85797 0.67208
0.85797 0.67691
0.85798 0.66897
0.85798 0.71501
0.85799 0.74906
0.85799 0.70659
0.85800 0.75908
0.85800 0.72014
0.85801 0.67871
0.85801 0.74800
0.85802 0.71098
0.85802 0.74482
0.85803 0.79719
0.85803 0.75064
0.85804 0.70698
0.85804 0.76164
0.85805 0.77216
0.85805 0.68396
0.85806 0.67854
0.85806 0.72954
0.85807 0.67976
0.85807 0.63461
0.85808 0.67866
0.85808 0.74044
0.85809 0.71779
0.85809 0.69743
0.85810 0.80381
0.85810 0.76227
0.85811 0.69443
0.85811 0.77216
0.85812 0.82678
0.85812 0.74572
0.85813 0.69410
0.85813 0.74691
0.85814 0.72162
0.85814 0.74374
0.85815 0.74404
0.85815 0.75000
0.85816 0.75890
0.85816 0.71831
0.85817 0.68349
0.85817 0.68078
0.85818 0.79193
0.85818 0.80098
0.85819 0.74931
0.85819 0.76247
0.85820 0.84069
0.85820 0.72649
0.85821 0.70368
0.85821 0.81944
0.85822 0.78801
0.85822 0.75265
0.85823 0.73284
0.85823 0.70099
0.85824 0.69609
0.85824 0.73990
0.85825 0.68845
0.85825 0.74714
0.85826 0.72519
0.85826 0.63196
0.85827 0.71021
0.85827 0.78677
0.85828 0.73248
0.85828 0.64716
0.85829 0.69715
0.85829 0.76382
0.85830 0.75118
0.85830 0.72872
0.85831 0.64662
0.85831 0.67302
0.85832 0.78068
0.85832 0.70838
0.85833 0.70884
0.85833 0.78177
0.85834 0.71800
0.85834 0.72011
0.85835 0.76588
0.85835 0.77686
0.85836 0.77341
0.85836 0.71435
0.85837 0.65038
0.85837 0.62746
0.85838 0.69314
0.85838 0.75213
0.85839 0.73900
0.85839 0.76509
0.85840 0.71345
0.85840 0.68187
0.85841 0.80746
0.85841 0.72960
0.85842 0.71399
0.85842 0.66599
0.85843 0.63353
0.85843 0.78194
0.85844 0.70840
0.85844 0.69738
0.85845 0.71716
0.85845 0.73061
0.85846 0.81913
0.85846 0.68362
0.85847 0.66067
0.85847 0.78446
0.85848 0.80165
0.85848 0.76532
0.85849 0.69538
0.85849 0.73026
0.85850 0.70674
0.85850 0.69301
0.85851 0.71720
0.85851 0.75669
0.85852 0.77921
0.85852 0.68015
0.85853 0.73581
0.85853 0.76236
0.85854 0.69724
0.85854 0.69363
0.85855 0.76593
0.85855 0.77191
0.85856 0.73754
0.85856 0.72759
0.85857 0.77201
0.85857 0.71948
0.85858 0.65001
0.85858 0.77480
0.85859 0.79019
0.85859 0.69632
0.85860 0.74860
0.85860 0.78307
0.85861 0.69029
0.85861 0.66379
0.85862 0.69940
0.85862 0.74003
0.85863 0.73167
0.85863 0.72071
0.85864 0.70750
0.85864 0.68310
0.85865 0.66141
0.85865 0.69728
0.85866 0.70363
0.85866 0.73452
0.85867 0.76596
0.85867 0.77149
0.85868 0.65495
0.85868 0.71423
0.85869 0.74581
0.85869 0.65472
0.85870 0.74817
0.85870 0.69129
0.85871 0.69398
0.85871 0.76912
0.85872 0.67805
0.85872 0.66777
0.85873 0.73620
0.85873 0.68488
0.85874 0.72555
0.85874 0.70521
0.85875 0.68577
0.85875 0.72259
0.85876 0.72456
0.85876 0.78731
0.85877 0.76134
0.85877 0.67210
0.85878 0.73123
0.85878 0.73552
0.85879 0.81112
0.85879 0.74032
0.85880 0.68429
0.85880 0.77485
0.85881 0.68421
0.85881 0.69444
0.85882 0.72467
0.85882 0.70788
0.85883 0.74065
0.85883 0.71231
0.85884 0.69030
0.85884 0.68659
0.85885 0.68714
0.85885 0.72677
0.85886 0.71524
0.85886 0.69352
0.85887 0.71078
0.85887 0.69328
0.85888 0.69908
0.85888 0.65247
0.85889 0.58786
0.85889 0.71951
0.85890 0.72187
0.85890 0.71430
0.85891 0.72018
0.85891 0.70311
0.85892 0.70364
0.85892 0.65015
0.85893 0.66090
0.85893 0.65073
0.85894 0.76010
0.85894 0.80459
0.85895 0.66838
0.85895 0.73660
0.85896 0.73115
0.85896 0.69044
0.85897 0.71058
0.85897 0.68114
0.85898 0.68301
0.85898 0.67779
0.85899 0.74911
0.85899 0.71446
0.85900 0.72557
0.85900 0.71497
0.85901 0.61294
0.85901 0.69895
0.85902 0.66397
0.85902 0.63343
0.85903 0.73132
0.85903 0.73564
0.85904 0.77043
0.85904 0.69279
0.85905 0.67841
0.85905 0.73020
0.85906 0.66908
0.85906 0.72510
0.85907 0.68325
0.85907 0.71077
0.85908 0.76008
0.85908 0.68423
0.85909 0.71290
0.85909 0.69393
0.85910 0.73089
0.85910 0.74535
0.85911 0.77974
0.85911 0.74465
0.85912 0.68467
0.85912 0.65721
0.85913 0.65020
0.85913 0.74807
0.85914 0.74821
0.85914 0.72210
0.85915 0.70535
0.85915 0.70787
0.85916 0.67245
0.85916 0.62456
0.85917 0.67101
0.85917 0.74294
0.85918 0.78733
0.85918 0.75224
0.85919 0.69841
0.85919 0.75283
0.85920 0.70662
0.85920 0.65439
0.85921 0.70737
0.85921 0.67232
0.85922 0.64507
0.85922 0.75027
0.85923 0.68119
0.85923 0.68143
0.85924 0.70955
0.85924 0.69717
0.85925 0.70881
0.85925 0.59662
0.85926 0.69955
0.85926 0.65910
0.85927 0.59634
0.85927 0.68350
0.85928 0.67224
0.85928 0.73318
0.85929 0.77347
0.85929 0.70057
0.85930 0.73562
0.85930 0.68337
0.85931 0.67596
0.85931 0.69050
0.85932 0.68575
0.85932 0.75244
0.85933 0.73073
0.85933 0.72683
0.85934 0.74515
0.85934 0.73694
0.85935 0.69580
0.85935 0.65073
0.85936 0.65782
0.85936 0.64876
0.85937 0.65631
0.85937 0.72872
0.85938 0.63307
0.85938 0.62691
0.85939 0.67569
0.85939 0.65926
0.85940 0.68853
0.85940 0.73385
0.85941 0.73439
0.85941 0.67111
0.85942 0.70053
0.85942 0.68703
0.85943 0.60013
0.85943 0.65656
0.85944 0.69638
0.85944 0.60211
0.85945 0.71125
0.85945 0.75429
0.85946 0.68913
0.85946 0.67128
0.85947 0.66612
0.85947 0.70993
0.85948 0.66607
0.85948 0.75753
0.85949 0.70629
0.85949 0.63648
0.85950 0.60768
0.85950 0.61066
0.85951 0.68499
0.85951 0.70759
0.85952 0.72447
0.85952 0.67312
0.85953 0.66846
0.85953 0.72937
0.85954 0.65899
0.85954 0.64195
0.85955 0.73159
0.85955 0.67043
0.85956 0.70729
0.85956 0.63783
0.85957 0.66607
0.85957 0.71290
0.85958 0.66600
0.85958 0.68273
0.85959 0.65685
0.85959 0.69359
0.85960 0.70296
0.85960 0.76129
0.85961 0.72800
0.85961 0.68860
0.85962 0.69041
0.85962 0.66710
0.85963 0.71834
0.85963 0.66230
0.85964 0.65084
0.85964 0.70260
0.85965 0.72606
0.85965 0.73844
0.85966 0.63475
0.85966 0.70771
0.85967 0.67907
0.85967 0.65763
0.85968 0.68201
0.85968 0.59687
0.85969 0.65480
0.85969 0.61673
0.85970 0.66938
0.85970 0.69056
0.85971 0.67329
0.85971 0.71012
0.85972 0.57462
0.85972 0.58997
0.85973 0.65745
0.85973 0.63904
0.85974 0.71129
0.85974 0.66316
0.85975 0.61997
0.85975 0.65461
0.85976 0.65172
0.85976 0.68136
0.85977 0.68467
0.85977 0.60833
0.85978 0.66366
0.85978 0.63314
0.85979 0.61416
0.85979 0.65871
0.85980 0.59156
0.85980 0.62807
0.85981 0.65749
0.85981 0.62308
0.85982 0.62750
0.85982 0.66927
0.85983 0.66574
0.85983 0.64199
0.85984 0.67613
0.85984 0.64155
0.85985 0.57988
0.85985 0.61771
0.85986 0.62459
0.85986 0.64939
0.85987 0.62690
0.85987 0.63894
0.85988 0.67834
0.85988 0.64821
0.85989 0.60450
0.85989 0.64381
0.85990 0.60967
0.85990 0.60861
0.85991 0.66591
0.85991 0.63406
0.85992 0.61477
0.85992 0.63094
0.85993 0.65310
0.85993 0.70340
0.85994 0.66715
0.85994 0.61613
0.85995 0.66726
0.85995 0.62224
0.85996 0.64240
0.85996 0.64208
0.85997 0.66016
0.85997 0.69628
0.85998 0.65733
0.85998 0.74072
0.85999 0.62950
0.85999 0.58063
0.86000 0.63691
0.86000 0.59698
0.86001 0.59110
0.86001 0.66905
0.86002 0.84385
0.86002 0.70078
0.86003 0.57223
0.86003 0.61325
0.86004 0.62243
0.86004 0.63768
0.86005 0.67883
0.86005 0.69870
0.86006 0.70151
0.86006 0.63523
0.86007 0.62750
0.86007 0.66635
0.86008 0.64167
0.86008 0.68395
0.86009 0.68928
0.86009 0.68309
0.86010 0.64779
0.86010 0.67277
0.86011 0.71768
0.86011 0.61437
0.86012 0.57267
0.86012 0.62189
0.86013 0.61685
0.86013 0.65678
0.86014 0.64941
0.86014 0.57334
0.86015 0.65040
0.86015 0.58593
0.86016 0.55056
0.86016 0.59385
0.86017 0.59244
0.86017 0.65348
0.86018 0.60056
0.86018 0.63066
0.86019 0.63236
0.86019 0.64191
0.86020 0.62715
0.86020 0.65834
0.86021 0.70107
0.86021 0.64571
0.86022 0.66422
0.86022 0.65158
0.86023 0.61073
0.86023 0.64357
0.86024 0.60104
0.86024 0.63712
0.86025 0.67447
0.86025 0.64160
0.86026 0.71204
0.86026 0.61319
0.86027 0.57326
0.86027 0.65031
0.86028 0.64888
0.86028 0.62337
0.86029 0.66235
0.86029 0.69335
0.86030 0.64007
0.86030 0.63695
0.86031 0.66559
0.86031 0.66508
0.86032 0.67475
0.86032 0.62853
0.86033 0.61874
0.86033 0.65643
0.86034 0.62479
0.86034 0.68422
0.86035 0.66176
0.86035 0.64384
0.86036 0.66896
0.86036 0.60141
0.86037 0.61465
0.86037 0.65809
0.86038 0.69202
0.86038 0.67427
0.86039 0.64154
0.86039 0.65331
0.86040 0.66596
0.86040 0.68471
0.86041 0.62775
0.86041 0.64796
0.86042 0.68483
0.86042 0.54557
0.86043 0.60329
0.86043 0.69096
0.86044 0.61497
0.86044 0.71334
0.86045 0.72067
0.86045 0.59525
0.86046 0.64014
0.86046 0.62254
0.86047 0.61709
0.86047 0.67058
0.86048 0.69189
0.86048 0.62964
0.86049 0.63965
0.86049 0.69445
0.86050 0.69522
0.86050 0.66053
0.86051 0.70309
0.86051 0.64996
0.86052 0.55276
0.86052 0.61122
0.86053 0.63476
0.86053 0.59339
0.86054 0.61676
0.86054 0.69842
0.86055 0.61689
0.86055 0.67524
0.86056 0.60817
0.86056 0.58338
0.86057 0.70160
0.86057 0.64469
0.86058 0.60555
0.86058 0.59179
0.86059 0.60562
0.86059 0.55865
0.86060 0.66706
0.86060 0.67247
0.86061 0.57197
0.86061 0.70555
0.86062 0.69830
0.86062 0.66954
0.86063 0.62467
0.86063 0.59618
0.86064 0.56126
0.86064 0.61443
0.86065 0.68525
0.86065 0.66409
0.86066 0.65482
0.86066 0.66016
0.86067 0.64487
0.86067 0.58727
0.86068 0.63872
0.86068 0.63849
0.86069 0.65327
0.86069 0.67354
0.86070 0.57486
0.86070 0.59516
0.86071 0.62918
0.86071 0.55476
0.86072 0.64146
0.86072 0.72003
0.86073 0.74018
0.86073 0.72568
0.86074 0.57744
0.86074 0.61827
0.86075 0.64596
0.86075 0.66678
0.86076 0.69144
0.86076 0.65702
0.86077 0.64404
0.86077 0.59501
0.86078 0.65488
0.86078 0.66697
0.86079 0.60088
0.86079 0.58185
0.86080 0.63246
0.86080 0.70144
0.86081 0.67395
0.86081 0.65323
0.86082 0.63615
0.86082 0.55817
0.86083 0.65158
0.86083 0.68960
0.86084 0.66639
0.86084 0.59758
0.86085 0.57290
0.86085 0.66261
0.86086 0.63774
0.86086 0.62754
0.86087 0.62501
0.86087 0.59808
0.86088 0.57980
0.86088 0.60438
0.86089 0.66850
0.86089 0.63596
0.86090 0.66020
0.86090 0.64685
0.86091 0.62957
0.86091 0.63906
0.86092 0.57596
0.86092 0.67062
0.86093 0.68674
0.86093 0.61953
0.86094 0.62382
0.86094 0.63555
0.86095 0.72412
0.86095 0.69967
0.86096 0.65239
0.86096 0.58237
0.86097 0.62293
0.86097 0.67018
0.86098 0.64030
0.86098 0.60339
0.86099 0.53387
0.86099 0.59226
0.86100 0.64988
0.86100 0.64605
0.86101 0.59054
0.86101 0.64307
0.86102 0.63707
0.86102 0.57530
0.86103 0.64459
0.86103 0.62959
0.86104 0.64272
0.86104 0.65336
0.86105 0.52545
0.86105 0.61531
0.86106 0.63536
0.86106 0.64489
0.86107 0.62695
0.86107 0.55050
0.86108 0.63836
0.86108 0.62965
0.86109 0.61325
0.86109 0.62241
0.86110 0.56866
0.86110 0.63642
0.86111 0.66207
0.86111 0.64884
0.86112 0.66807
0.86112 0.65757
0.86113 0.69263
0.86113 0.71259
0.86114 0.67558
0.86114 0.60752
0.86115 0.64531
0.86115 0.63723
0.86116 0.63390
0.86116 0.65512
0.86117 0.63284
0.86117 0.65781
0.86118 0.59449
0.86118 0.61216
0.86119 0.66752
0.86119 0.64542
0.86120 0.67091
0.86120 0.63368
0.86121 0.66127
0.86121 0.67361
0.86122 0.62650
0.86122 0.60311
0.86123 0.54966
0.86123 0.57987
0.86124 0.63965
0.86124 0.63537
0.86125 0.63475
0.86125 0.60865
0.86126 0.65615
0.86126 0.66045
0.86127 0.61443
0.86127 0.65933
0.86128 0.57428
0.86128 0.55851
0.86129 0.57471
0.86129 0.56378
0.86130 0.68015
0.86130 0.65966
0.86131 0.61677
0.86131 0.58118
0.86132 0.56043
0.86132 0.62030
0.86133 0.61019
0.86133 0.58226
0.86134 0.65857
0.86134 0.62593
0.86135 0.64274
0.86135 0.63905
0.86136 0.56966
0.86136 0.68033
0.86137 0.57730
0.86137 0.55240
0.86138 0.61849
0.86138 0.63039
0.86139 0.60269
0.86139 0.57257
0.86140 0.68156
0.86140 0.66797
0.86141 0.57811
0.86141 0.59966
0.86142 0.64774
0.86142 0.60339
0.86143 0.60784
0.86143 0.64074
0.86144 0.61509
0.86144 0.56235
0.86145 0.59007
0.86145 0.66328
0.86146 0.64744
0.86146 0.65235
0.86147 0.65002
0.86147 0.63233
0.86148 0.59491
0.86148 0.62405
0.86149 0.64396
0.86149 0.56524
0.86150 0.66693
0.86150 0.63456
0.86151 0.60202
0.86151 0.60421
0.86152 0.57318
0.86152 0.61963
0.86153 0.61136
0.86153 0.63537
0.86154 0.57330
0.86154 0.62558
0.86155 0.62718
0.86155 0.64690
0.86156 0.64635
0.86156 0.58348
0.86157 0.70157
0.86157 0.61976
0.86158 0.63236
0.86158 0.68767
0.86159 0.57729
0.86159 0.60198
0.86160 0.61975
0.86160 0.57642
0.86161 0.58285
0.86161 0.57076
0.86162 0.58658
0.86162 0.60015
0.86163 0.60011
0.86163 0.66943
0.86164 0.64608
0.86164 0.58766
0.86165 0.56528
0.86165 0.58622
0.86166 0.59987
0.86166 0.59411
0.86167 0.66043
0.86167 0.62731
0.86168 0.63314
0.86168 0.58069
0.86169 0.59300
0.86169 0.66413
0.86170 0.63589
0.86170 0.63667
0.86171 0.62997
0.86171 0.65361
0.86172 0.56202
0.86172 0.52219
0.86173 0.56934
0.86173 0.60300
0.86174 0.59282
0.86174 0.61935
0.86175 0.60602
0.86175 0.64247
0.86176 0.60211
0.86176 0.53979
0.86177 0.59762
0.86177 0.58410
0.86178 0.64119
0.86178 0.57246
0.86179 0.53105
0.86179 0.59158
0.86180 0.61266
0.86180 0.56507
0.86181 0.57264
0.86181 0.67717
0.86182 0.62901
0.86182 0.54808
0.86183 0.64190
0.86183 0.63101
0.86184 0.60732
0.86184 0.65665
0.86185 0.60160
0.86185 0.57673
0.86186 0.50642
0.86186 0.58309
0.86187 0.63472
0.86187 0.53206
0.86188 0.64979
0.86188 0.61182
0.86189 0.53224
0.86189 0.68356
0.86190 0.62221
0.86190 0.59086
0.86191 0.68948
0.86191 0.61863
0.86192 0.57024
0.86192 0.62644
0.86193 0.63475
0.86193 0.61970
0.86194 0.54066
0.86194 0.60021
0.86195 0.61653
0.86195 0.61191
0.86196 0.66057
0.86196 0.53388
0.86197 0.56333
0.86197 0.65795
0.86198 0.67319
0.86198 0.58307
0.86199 0.55259
0.86199 0.64482
0.86200 0.58956
0.86200 0.58719
0.86201 0.60929
0.86201 0.62311
0.86202 0.61218
0.86202 0.58363
0.86203 0.60569
0.86203 0.61405
0.86204 0.61617
0.86204 0.57369
0.86205 0.58018
0.86205 0.57739
0.86206 0.62592
0.86206 0.65295
0.86207 0.63618
0.86207 0.60355
0.86208 0.53573
0.86208 0.56116
0.86209 0.58609
0.86209 0.65433
0.86210 0.61821
0.86210 0.52139
0.86211 0.58883
0.86211 0.55765
0.86212 0.63073
0.86212 0.56158
0.86213 0.50520
0.86213 0.60845
0.86214 0.55544
0.86214 0.61666
0.86215 0.58719
0.86215 0.58048
0.86216 0.56731
0.86216 0.49580
0.86217 0.56021
0.86217 0.62005
0.86218 0.59042
0.86218 0.61324
0.86219 0.69503
0.86219 0.61034
0.86220 0.61085
0.86220 0.59794
0.86221 0.52219
0.86221 0.55423
0.86222 0.52401
0.86222 0.64221
0.86223 0.65937
0.86223 0.47332
0.86224 0.57945
0.86224 0.59103
0.86225 0.54186
0.86225 0.58491
0.86226 0.57269
0.86226 0.65109
0.86227 0.57771
0.86227 0.59980
0.86228 0.57308
0.86228 0.50324
0.86229 0.60358
0.86229 0.61616
0.86230 0.63684
0.86230 0.57353
0.86231 0.54934
0.86231 0.59334
0.86232 0.50342
0.86232 0.61813
0.86233 0.62691
0.86233 0.54808
0.86234 0.69943
0.86234 0.69403
0.86235 0.59329
0.86235 0.63070
0.86236 0.61211
0.86236 0.59197
0.86237 0.64742
0.86237 0.61904
0.86238 0.60514
0.86238 0.55320
0.86239 0.48195
0.86239 0.54797
0.86240 0.60508
0.86240 0.58875
0.86241 0.63582
0.86241 0.64658
0.86242 0.58698
0.86242 0.62298
0.86243 0.61188
0.86243 0.57470
0.86244 0.58146
0.86244 0.62905
0.86245 0.59479
0.86245 0.59070
0.86246 0.62373
0.86246 0.53776
0.86247 0.61488
0.86247 0.59305
0.86248 0.56175
0.86248 0.62762
0.86249 0.56395
0.86249 0.62170
0.86250 0.64973
0.86250 0.57944
0.86251 0.65312
0.86251 0.59576
0.86252 0.54143
0.86252 0.62175
0.86253 0.59652
0.86253 0.60620
0.86254 0.59034
0.86254 0.51661
0.86255 0.57911
0.86255 0.58286
0.86256 0.54359
0.86256 0.58660
0.86257 0.62226
0.86257 0.63626
0.86258 0.57828
0.86258 0.60747
0.86259 0.64802
0.86259 0.55767
0.86260 0.52876
0.86260 0.48696
0.86261 0.60262
0.86261 0.60503
0.86262 0.48289
0.86262 0.58991
0.86263 0.55394
0.86263 0.56823
0.86264 0.63596
0.86264 0.60379
0.86265 0.57867
0.86265 0.57203
0.86266 0.63169
0.86266 0.59485
0.86267 0.61801
0.86267 0.67523
0.86268 0.60554
0.86268 0.57131
0.86269 0.56605
0.86269 0.54250
0.86270 0.57128
0.86270 0.62756
0.86271 0.57024
0.86271 0.57912
0.86272 0.52899
0.86272 0.57320
0.86273 0.58608
0.86273 0.48235
0.86274 0.62981
0.86274 0.59307
0.86275 0.50929
0.86275 0.60175
0.86276 0.60771
0.86276 0.55378
0.86277 0.59479
0.86277 0.67164
0.86278 0.62840
0.86278 0.48178
0.86279 0.53779
0.86279 0.56659
0.86280 0.57014
0.86280 0.60867
0.86281 0.58840
0.86281 0.64726
0.86282 0.55899
0.86282 0.49818
0.86283 0.58443
0.86283 0.68556
0.86284 0.69361
0.86284 0.69054
0.86285 0.60689
0.86285 0.51620
0.86286 0.56762
0.86286 0.59333
0.86287 0.54394
0.86287 0.59487
0.86288 0.59257
0.86288 0.54750
0.86289 0.53739
0.86289 0.52703
0.86290 0.63846
0.86290 0.57537
0.86291 0.58636
0.86291 0.58012
0.86292 0.55964
0.86292 0.54098
0.86293 0.47156
0.86293 0.62258
0.86294 0.55145
0.86294 0.56272
0.86295 0.61742
0.86295 0.51324
0.86296 0.59516
0.86296 0.58195
0.86297 0.55726
0.86297 0.57500
0.86298 0.52529
0.86298 0.58975
0.86299 0.55953
0.86299 0.56528
0.86300 0.57554
0.86300 0.50009
0.86301 0.53905
0.86301 0.61327
0.86302 0.60763
0.86302 0.54471
0.86303 0.62087
0.86303 0.55843
0.86304 0.59880
0.86304 0.63633
0.86305 0.52598
0.86305 0.57842
0.86306 0.48634
0.86306 0.51878
0.86307 0.54666
0.86307 0.56517
0.86308 0.59763
0.86308 0.53500
0.86309 0.59755
0.86309 0.55756
0.86310 0.53607
0.86310 0.51594
0.86311 0.57330
0.86311 0.59535
0.86312 0.55055
0.86312 0.58099
0.86313 0.60040
0.86313 0.55277
0.86314 0.56190
0.86314 0.59831
0.86315 0.60550
0.86315 0.61304
0.86316 0.58648
0.86316 0.55286
0.86317 0.53768
0.86317 0.58734
0.86318 0.50440
0.86318 0.59940
0.86319 0.61635
0.86319 0.52316
0.86320 0.61609
0.86320 0.54538
0.86321 0.54573
0.86321 0.55959
0.86322 0.53322
0.86322 0.58118
0.86323 0.52225
0.86323 0.48511
0.86324 0.53356
0.86324 0.56003
0.86325 0.56187
0.86325 0.54590
0.86326 0.56160
0.86326 0.59125
0.86327 0.57504
0.86327 0.58386
0.86328 0.55799
0.86328 0.52837
0.86329 0.56246
0.86329 0.54973
0.86330 0.58138
0.86330 0.59021
0.86331 0.51497
0.86331 0.51071
0.86332 0.55712
0.86332 0.59522
0.86333 0.55073
0.86333 0.60271
0.86334 0.67152
0.86334 0.61756
0.86335 0.59018
0.86335 0.57481
0.86336 0.57665
0.86336 0.56606
0.86337 0.60685
0.86337 0.60924
0.86338 0.55999
0.86338 0.60306
0.86339 0.57950
0.86339 0.51942
0.86340 0.56942
0.86340 0.58433
0.86341 0.55241
0.86341 0.62483
0.86342 0.56843
0.86342 0.57383
0.86343 0.66551
0.86343 0.57553
0.86344 0.58028
0.86344 0.61664
0.86345 0.56980
0.86345 0.63464
0.86346 0.62192
0.86346 0.48956
0.86347 0.54775
0.86347 0.60161
0.86348 0.51098
0.86348 0.52482
0.86349 0.56551
0.86349 0.56397
0.86350 0.61334
0.86350 0.57624
0.86351 0.52990
0.86351 0.56153
0.86352 0.51688
0.86352 0.53523
0.86353 0.61406
0.86353 0.59270
0.86354 0.53353
0.86354 0.59915
0.86355 0.58756
0.86355 0.52876
0.86356 0.52990
0.86356 0.61830
0.86357 0.64585
0.86357 0.61764
0.86358 0.62365
0.86358 0.55540
0.86359 0.54233
0.86359 0.49997
0.86360 0.52634
0.86360 0.56420
0.86361 0.57462
0.86361 0.55228
0.86362 0.53763
0.86362 0.55956
0.86363 0.54004
0.86363 0.53183
0.86364 0.55765
0.86364 0.58286
0.86365 0.59682
0.86365 0.59398
0.86366 0.51742
0.86366 0.50162
0.86367 0.54726
0.86367 0.54076
0.86368 0.52342
0.86368 0.54234
0.86369 0.55040
0.86369 0.52816
0.86370 0.60374
0.86370 0.51763
0.86371 0.53132
0.86371 0.54097
0.86372 0.47182
0.86372 0.57667
0.86373 0.57398
0.86373 0.60198
0.86374 0.59793
0.86374 0.49437
0.86375 0.56344
0.86375 0.53830
0.86376 0.49760
0.86376 0.57136
0.86377 0.58500
0.86377 0.56426
0.86378 0.54317
0.86378 0.56127
0.86379 0.55095
0.86379 0.55126
0.86380 0.56218
0.86380 0.53183
0.86381 0.43066
0.86381 0.57259
0.86382 0.62084
0.86382 0.48124
0.86383 0.56718
0.86383 0.62129
0.86384 0.49944
0.86384 0.50252
0.86385 0.53591
0.86385 0.60479
0.86386 0.57828
0.86386 0.48913
0.86387 0.56096
0.86387 0.53931
0.86388 0.51056
0.86388 0.55300
0.86389 0.58557
0.86389 0.52905
0.86390 0.55219
0.86390 0.57098
0.86391 0.51862
0.86391 0.54038
0.86392 0.56164
0.86392 0.54443
0.86393 0.51616
0.86393 0.48318
0.86394 0.51757
0.86394 0.61709
0.86395 0.53397
0.86395 0.55707
0.86396 0.54001
0.86396 0.53444
0.86397 0.60928
0.86397 0.54697
0.86398 0.60602
0.86398 0.56742
0.86399 0.52360
0.86399 0.52454
0.86400 0.51081
0.86400 0.50570
0.86401 0.55301
0.86401 0.59755
0.86402 0.52775
0.86402 0.52653
0.86403 0.46639
0.86403 0.55972
0.86404 0.59460
0.86404 0.54288
0.86405 0.55828
0.86405 0.52593
0.86406 0.58474
0.86406 0.52660
0.86407 0.54585
0.86407 0.57089
0.86408 0.54779
0.86408 0.48100
0.86409 0.47348
0.86409 0.55904
0.86410 0.52305
0.86410 0.50977
0.86411 0.55888
0.86411 0.58658
0.86412 0.53495
0.86412 0.54726
0.86413 0.55026
0.86413 0.47063
0.86414 0.52213
0.86414 0.55054
0.86415 0.54053
0.86415 0.52237
0.86416 0.51409
0.86416 0.48407
0.86417 0.48805
0.86417 0.62066
0.86418 0.61674
0.86418 0.56925
0.86419 0.56077
0.86419 0.48453
0.86420 0.45600
0.86420 0.55259
0.86421 0.55641
0.86421 0.52713
0.86422 0.48702
0.86422 0.48847
0.86423 0.57404
0.86423 0.56473
0.86424 0.50626
0.86424 0.52186
0.86425 0.54625
0.86425 0.52511
0.86426 0.54829
0.86426 0.57762
0.86427 0.54489
0.86427 0.52768
0.86428 0.60759
0.86428 0.59468
0.86429 0.55024
0.86429 0.56632
0.86430 0.53471
0.86430 0.53595
0.86431 0.59622
0.86431 0.55348
0.86432 0.51580
0.86432 0.57666
0.86433 0.54130
0.86433 0.50953
0.86434 0.57505
0.86434 0.55112
0.86435 0.56386
0.86435 0.55345
0.86436 0.55177
0.86436 0.53239
0.86437 0.46520
0.86437 0.57993
0.86438 0.47258
0.86438 0.46928
0.86439 0.60689
0.86439 0.49062
0.86440 0.53724
0.86440 0.58490
0.86441 0.53790
0.86441 0.58205
0.86442 0.61668
0.86442 0.54862
0.86443 0.52184
0.86443 0.51609
0.86444 0.48270
0.86444 0.53416
0.86445 0.52274
0.86445 0.43982
0.86446 0.41482
0.86446 0.53426
0.86447 0.56204
0.86447 0.49918
0.86448 0.47815
0.86448 0.47834
0.86449 0.56947
0.86449 0.58639
0.86450 0.54947
0.86450 0.52489
0.86451 0.56209
0.86451 0.57739
0.86452 0.50557
0.86452 0.57115
0.86453 0.54296
0.86453 0.53932
0.86454 0.57380
0.86454 0.52805
0.86455 0.59223
0.86455 0.56220
0.86456 0.51241
0.86456 0.62552
0.86457 0.60692
0.86457 0.53451
0.86458 0.60783
0.86458 0.62150
0.86459 0.53888
0.86459 0.55169
0.86460 0.60487
0.86460 0.51808
0.86461 0.48557
0.86461 0.54167
0.86462 0.48503
0.86462 0.52434
0.86463 0.47969
0.86463 0.51535
0.86464 0.53983
0.86464 0.48549
0.86465 0.59600
0.86465 0.57857
0.86466 0.54876
0.86466 0.47891
0.86467 0.56113
0.86467 0.62661
0.86468 0.53675
0.86468 0.55242
0.86469 0.50502
0.86469 0.47692
0.86470 0.50854
0.86470 0.49617
0.86471 0.46147
0.86471 0.53015
0.86472 0.54049
0.86472 0.47962
0.86473 0.58322
0.86473 0.51801
0.86474 0.46628
0.86474 0.51817
0.86475 0.51904
0.86475 0.53461
0.86476 0.50883
0.86476 0.56436
0.86477 0.63794
0.86477 0.50942
0.86478 0.51366
0.86478 0.51863
0.86479 0.44149
0.86479 0.51256
0.86480 0.58144
0.86480 0.54558
0.86481 0.52698
0.86481 0.57955
0.86482 0.51930
0.86482 0.54056
0.86483 0.53631
0.86483 0.48655
0.86484 0.54645
0.86484 0.52908
0.86485 0.54321
0.86485 0.55617
0.86486 0.54203
0.86486 0.50714
0.86487 0.46159
0.86487 0.46779
0.86488 0.53884
0.86488 0.55159
0.86489 0.49948
0.86489 0.49980
0.86490 0.52124
0.86490 0.60089
0.86491 0.54050
0.86491 0.50003
0.86492 0.49765
0.86492 0.49998
0.86493 0.56740
0.86493 0.54511
0.86494 0.48853
0.86494 0.47105
0.86495 0.50025
0.86495 0.56395
0.86496 0.53315
0.86496 0.48703
0.86497 0.43514
0.86497 0.51457
0.86498 0.57018
0.86498 0.48899
0.86499 0.44778
0.86499 0.46339
0.86500 0.51603
0.86500 0.55114
0.86501 0.55174
0.86501 0.50902
0.86502 0.49776
0.86502 0.46236
0.86503 0.47088
0.86503 0.48149
0.86504 0.56159
0.86504 0.55440
0.86505 0.51115
0.86505 0.52058
0.86506 0.46542
0.86506 0.47081
0.86507 0.48544
0.86507 0.54240
0.86508 0.53654
0.86508 0.52492
0.86509 0.52022
0.86509 0.53133
0.86510 0.51132
0.86510 0.54456
0.86511 0.56823
0.86511 0.48896
0.86512 0.51711
0.86512 0.49411
0.86513 0.51342
0.86513 0.48703
0.86514 0.49317
0.86514 0.50886
0.86515 0.49097
0.86515 0.59322
0.86516 0.49171
0.86516 0.45349
0.86517 0.49736
0.86517 0.45997
0.86518 0.57267
0.86518 0.60643
0.86519 0.57156
0.86519 0.57100
0.86520 0.53603
0.86520 0.47801
0.86521 0.48325
0.86521 0.62865
0.86522 0.54907
0.86522 0.50882
0.86523 0.62339
0.86523 0.50277
0.86524 0.53074
0.86524 0.54578
0.86525 0.48923
0.86525 0.54065
0.86526 0.52520
0.86526 0.53370
0.86527 0.53537
0.86527 0.49530
0.86528 0.52712
0.86528 0.50117
0.86529 0.46977
0.86529 0.58261
0.86530 0.57006
0.86530 0.46275
0.86531 0.48917
0.86531 0.51959
0.86532 0.57018
0.86532 0.55859
0.86533 0.57760
0.86533 0.53177
0.86534 0.42556
0.86534 0.50499
0.86535 0.51253
0.86535 0.50731
0.86536 0.56553
0.86536 0.50885
0.86537 0.53775
0.86537 0.48034
0.86538 0.48839
0.86538 0.57371
0.86539 0.41672
0.86539 0.51439
0.86540 0.55377
0.86540 0.50801
0.86541 0.58198
0.86541 0.53911
0.86542 0.49703
0.86542 0.48135
0.86543 0.51203
0.86543 0.54930
0.86544 0.53758
0.86544 0.49330
0.86545 0.50842
0.86545 0.53804
0.86546 0.43996
0.86546 0.51066
0.86547 0.53947
0.86547 0.48469
0.86548 0.51255
0.86548 0.45505
0.86549 0.44310
0.86549 0.45702
0.86550 0.49392
0.86550 0.53151
0.86551 0.57101
0.86551 0.54402
0.86552 0.58017
0.86552 0.56099
0.86553 0.42024
0.86553 0.46101
0.86554 0.46557
0.86554 0.52404
0.86555 0.52197
0.86555 0.48666
0.86556 0.56131
0.86556 0.53846
0.86557 0.51201
0.86557 0.50702
0.86558 0.52764
0.86558 0.48263
0.86559 0.43527
0.86559 0.56479
0.86560 0.56560
0.86560 0.43338
0.86561 0.46045
0.86561 0.50746
0.86562 0.55478
0.86562 0.55722
0.86563 0.49460
0.86563 0.47968
0.86564 0.49057
0.86564 0.55889
0.86565 0.55763
0.86565 0.45866
0.86566 0.48099
0.86566 0.44889
0.86567 0.44678
0.86567 0.55810
0.86568 0.55136
0.86568 0.54449
0.86569 0.50309
0.86569 0.44085
0.86570 0.46317
0.86570 0.52647
0.86571 0.52899
0.86571 0.46804
0.86572 0.48512
0.86572 0.48180
0.86573 0.52226
0.86573 0.53733
0.86574 0.51081
0.86574 0.52860
0.86575 0.54220
0.86575 0.51445
0.86576 0.52076
0.86576 0.55340
0.86577 0.50721
0.86577 0.49254
0.86578 0.56158
0.86578 0.52306
0.86579 0.47423
0.86579 0.54583
0.86580 0.50892
0.86580 0.49210
0.86581 0.53029
0.86581 0.52817
0.86582 0.49275
0.86582 0.46269
0.86583 0.48204
0.86583 0.45450
0.86584 0.51482
0.86584 0.51294
0.86585 0.44026
0.86585 0.53628
0.86586 0.51858
0.86586 0.48700
0.86587 0.53611
0.86587 0.49740
0.86588 0.52500
0.86588 0.53676
0.86589 0.48661
0.86589 0.47121
0.86590 0.49873
0.86590 0.55955
0.86591 0.53909
0.86591 0.51131
0.86592 0.43065
0.86592 0.50850
0.86593 0.50442
0.86593 0.43425
0.86594 0.56669
0.86594 0.51863
0.86595 0.46551
0.86595 0.50202
0.86596 0.45284
0.86596 0.42777
0.86597 0.50818
0.86597 0.51779
0.86598 0.49968
0.86598 0.48592
0.86599 0.50090
0.86599 0.53684
0.86600 0.49898
0.86600 0.49613
0.86601 0.54607
0.86601 0.53561
0.86602 0.48190
0.86602 0.48920
0.86603 0.50934
0.86603 0.49157
0.86604 0.53301
0.86604 0.51567
0.86605 0.50481
0.86605 0.52456
0.86606 0.51412
0.86606 0.51223
0.86607 0.49058
0.86607 0.49630
0.86608 0.48605
0.86608 0.51602
0.86609 0.50905
0.86609 0.45621
0.86610 0.46377
0.86610 0.51584
0.86611 0.51651
0.86611 0.57265
0.86612 0.59735
0.86612 0.53964
0.86613 0.47551
0.86613 0.40406
0.86614 0.42779
0.86614 0.47461
0.86615 0.54806
0.86615 0.52693
0.86616 0.40836
0.86616 0.52268
0.86617 0.52073
0.86617 0.49951
0.86618 0.58142
0.86618 0.47453
0.86619 0.48846
0.86619 0.56694
0.86620 0.53081
0.86620 0.46825
0.86621 0.55957
0.86621 0.51850
0.86622 0.46940
0.86622 0.48843
0.86623 0.45117
0.86623 0.51057
0.86624 0.50797
0.86624 0.49417
0.86625 0.45165
0.86625 0.51404
0.86626 0.54652
0.86626 0.46227
0.86627 0.49492
0.86627 0.53519
0.86628 0.50378
0.86628 0.44071
0.86629 0.45071
0.86629 0.49018
0.86630 0.46903
0.86630 0.48537
0.86631 0.51878
0.86631 0.47443
0.86632 0.41702
0.86632 0.51959
0.86633 0.54656
0.86633 0.48680
0.86634 0.52921
0.86634 0.50386
0.86635 0.51047
0.86635 0.45472
0.86636 0.46888
0.86636 0.55011
0.86637 0.50915
0.86637 0.48695
0.86638 0.41971
0.86638 0.46775
0.86639 0.45087
0.86639 0.42470
0.86640 0.52743
0.86640 0.50343
0.86641 0.44821
0.86641 0.49387
0.86642 0.50741
0.86642 0.41385
0.86643 0.49788
0.86643 0.51752
0.86644 0.48545
0.86644 0.52487
0.86645 0.49376
0.86645 0.49429
0.86646 0.48377
0.86646 0.49924
0.86647 0.46133
0.86647 0.44800
0.86648 0.48929
0.86648 0.46671
0.86649 0.48502
0.86649 0.53375
0.86650 0.47277
0.86650 0.49606
0.86651 0.58226
0.86651 0.48339
0.86652 0.43641
0.86652 0.57478
0.86653 0.45593
0.86653 0.48892
0.86654 0.56651
0.86654 0.53494
0.86655 0.56847
0.86655 0.39636
0.86656 0.47685
0.86656 0.48891
0.86657 0.44081
0.86657 0.49941
0.86658 0.51062
0.86658 0.50550
0.86659 0.44595
0.86659 0.44277
0.86660 0.47409
0.86660 0.48483
0.86661 0.39697
0.86661 0.45680
0.86662 0.50356
0.86662 0.42356
0.86663 0.50685
0.86663 0.49898
0.86664 0.44638
0.86664 0.46774
0.86665 0.45787
0.86665 0.45908
0.86666 0.47383
0.86666 0.52532
0.86667 0.47987
0.86667 0.43696
0.86668 0.52322
0.86668 0.51338
0.86669 0.42956
0.86669 0.46030
0.86670 0.44019
0.86670 0.45964
0.86671 0.49019
0.86671 0.50995
0.86672 0.53098
0.86672 0.46702
0.86673 0.47376
0.86673 0.46712
0.86674 0.47038
0.86674 0.45381
0.86675 0.49724
0.86675 0.50759
0.86676 0.49667
0.86676 0.51489
0.86677 0.44152
0.86677 0.45500
0.86678 0.47929
0.86678 0.46133
0.86679 0.51933
0.86679 0.55429
0.86680 0.43758
0.86680 0.44264
0.86681 0.48883
0.86681 0.48092
0.86682 0.47879
0.86682 0.41563
0.86683 0.40093
0.86683 0.43989
0.86684 0.48685
0.86684 0.43341
0.86685 0.44335
0.86685 0.48749
0.86686 0.43886
0.86686 0.49395
0.86687 0.47759
0.86687 0.40948
0.86688 0.49177
0.86688 0.52292
0.86689 0.44645
0.86689 0.46939
0.86690 0.48213
0.86690 0.44867
0.86691 0.41438
0.86691 0.44122
0.86692 0.57808
0.86692 0.44413
0.86693 0.39390
0.86693 0.48097
0.86694 0.46339
0.86694 0.52767
0.86695 0.47126
0.86695 0.48240
0.86696 0.44445
0.86696 0.43832
0.86697 0.54965
0.86697 0.51329
0.86698 0.52047
0.86698 0.49865
0.86699 0.45576
0.86699 0.52153
0.86700 0.56743
0.86700 0.47268
0.86701 0.45865
0.86701 0.49565
0.86702 0.50914
0.86702 0.50946
0.86703 0.48005
0.86703 0.49231
0.86704 0.50341
0.86704 0.50702
0.86705 0.51474
0.86705 0.50456
0.86706 0.48823
0.86706 0.53182
0.86707 0.52838
0.86707 0.38297
0.86708 0.40080
0.86708 0.49440
0.86709 0.46714
0.86709 0.46077
0.86710 0.46748
0.86710 0.44641
0.86711 0.44666
0.86711 0.44766
0.86712 0.42532
0.86712 0.46100
0.86713 0.50730
0.86713 0.48029
0.86714 0.46607
0.86714 0.45442
0.86715 0.43591
0.86715 0.47168
0.86716 0.50304
0.86716 0.49602
0.86717 0.47435
0.86717 0.48978
0.86718 0.44862
0.86718 0.39091
0.86719 0.47023
0.86719 0.51752
0.86720 0.46919
0.86720 0.47268
0.86721 0.50504
0.86721 0.49367
0.86722 0.46148
0.86722 0.43722
0.86723 0.41493
0.86723 0.43715
0.86724 0.49338
0.86724 0.54370
0.86725 0.43025
0.86725 0.48401
0.86726 0.45271
0.86726 0.39005
0.86727 0.51596
0.86727 0.52422
0.86728 0.51877
0.86728 0.50069
0.86729 0.41760
0.86729 0.40718
0.86730 0.48304
0.86730 0.54389
0.86731 0.54220
0.86731 0.42683
0.86732 0.40532
0.86732 0.37692
0.86733 0.46626
0.86733 0.48777
0.86734 0.51672
0.86734 0.52528
0.86735 0.44315
0.86735 0.42755
0.86736 0.43076
0.86736 0.51042
0.86737 0.45093
0.86737 0.43729
0.86738 0.50404
0.86738 0.48698
0.86739 0.42396
0.86739 0.52184
0.86740 0.43268
0.86740 0.38047
0.86741 0.51470
0.86741 0.40509
0.86742 0.44757
0.86742 0.46753
0.86743 0.44371
0.86743 0.46255
0.86744 0.40199
0.86744 0.42032
0.86745 0.48495
0.86745 0.48530
0.86746 0.45544
0.86746 0.49048
0.86747 0.53975
0.86747 0.54292
0.86748 0.48335
0.86748 0.44080
0.86749 0.48787
0.86749 0.46192
0.86750 0.43531
0.86750 0.45922
0.86751 0.47214
0.86751 0.48896
0.86752 0.47920
0.86752 0.40842
0.86753 0.38309
0.86753 0.41900
0.86754 0.46562
0.86754 0.48127
0.86755 0.46457
0.86755 0.44448
0.86756 0.41085
0.86756 0.43517
0.86757 0.44809
0.86757 0.48666
0.86758 0.49286
0.86758 0.45870
0.86759 0.43282
0.86759 0.41458
0.86760 0.42742
0.86760 0.42768
0.86761 0.49812
0.86761 0.49690
0.86762 0.43015
0.86762 0.46816
0.86763 0.40882
0.86763 0.44345
0.86764 0.43470
0.86764 0.41861
0.86765 0.47896
0.86765 0.43547
0.86766 0.45333
0.86766 0.48500
0.86767 0.48570
0.86767 0.47476
0.86768 0.43547
0.86768 0.41635
0.86769 0.43486
0.86769 0.45418
0.86770 0.49789
0.86770 0.48452
0.86771 0.45193
0.86771 0.41404
0.86772 0.44082
0.86772 0.49903
0.86773 0.41678
0.86773 0.44401
0.86774 0.43448
0.86774 0.43742
0.86775 0.50580
0.86775 0.42792
0.86776 0.45877
0.86776 0.48767
0.86777 0.51543
0.86777 0.48126
0.86778 0.49388
0.86778 0.52519
0.86779 0.40181
0.86779 0.48242
0.86780 0.51040
0.86780 0.46229
0.86781 0.50451
0.86781 0.43756
0.86782 0.42495
0.86782 0.48748
0.86783 0.42457
0.86783 0.47408
0.86784 0.47478
0.86784 0.38067
0.86785 0.41622
0.86785 0.50680
0.86786 0.43356
0.86786 0.36838
0.86787 0.41743
0.86787 0.39164
0.86788 0.44500
0.86788 0.42399
0.86789 0.44801
0.86789 0.50952
0.86790 0.41659
0.86790 0.41134
0.86791 0.48445
0.86791 0.43878
0.86792 0.44272
0.86792 0.43184
0.86793 0.40913
0.86793 0.44872
0.86794 0.42983
0.86794 0.38215
0.86795 0.44598
0.86795 0.49703
0.86796 0.45607
0.86796 0.48865
0.86797 0.48056
0.86797 0.42619
0.86798 0.37650
0.86798 0.49287
0.86799 0.52754
0.86799 0.47393
0.86800 0.50199
0.86800 0.46650
0.86801 0.54779
0.86801 0.51723
0.86802 0.42994
0.86802 0.37916
0.86803 0.44533
0.86803 0.47101
0.86804 0.36897
0.86804 0.43128
0.86805 0.48844
0.86805 0.45599
0.86806 0.42694
0.86806 0.47856
0.86807 0.45400
0.86807 0.46408
0.86808 0.49721
0.86808 0.47570
0.86809 0.44642
0.86809 0.47316
0.86810 0.49516
0.86810 0.44858
0.86811 0.41398
0.86811 0.38128
0.86812 0.46094
0.86812 0.44370
0.86813 0.45717
0.86813 0.51178
0.86814 0.39129
0.86814 0.37748
0.86815 0.44016
0.86815 0.45615
0.86816 0.44957
0.86816 0.52665
0.86817 0.47894
0.86817 0.47457
0.86818 0.48135
0.86818 0.43546
0.86819 0.45102
0.86819 0.37112
0.86820 0.40569
0.86820 0.50160
0.86821 0.47821
0.86821 0.40934
0.86822 0.45828
0.86822 0.48937
0.86823 0.43495
0.86823 0.48853
0.86824 0.45326
0.86824 0.35487
0.86825 0.44412
0.86825 0.40911
0.86826 0.35524
0.86826 0.50418
0.86827 0.48501
0.86827 0.44526
0.86828 0.40260
0.86828 0.30114
0.86829 0.38674
0.86829 0.48014
0.86830 0.50607
0.86830 0.49621
0.86831 0.44300
0.86831 0.39900
0.86832 0.42871
0.86832 0.44274
0.86833 0.45327
0.86833 0.45492
0.86834 0.47455
0.86834 0.49838
0.86835 0.42659
0.86835 0.37551
0.86836 0.38797
0.86836 0.47474
0.86837 0.44249
0.86837 0.40839
0.86838 0.49592
0.86838 0.44982
0.86839 0.39409
0.86839 0.43723
0.86840 0.41305
0.86840 0.46123
0.86841 0.46526
0.86841 0.42632
0.86842 0.49389
0.86842 0.46102
0.86843 0.52684
0.86843 0.47576
0.86844 0.35675
0.86844 0.42351
0.86845 0.43374
0.86845 0.46511
0.86846 0.45295
0.86846 0.39963
0.86847 0.47481
0.86847 0.44631
0.86848 0.42738
0.86848 0.43425
0.86849 0.40480
0.86849 0.45828
0.86850 0.44698
0.86850 0.44913
0.86851 0.38131
0.86851 0.34626
0.86852 0.41404
0.86852 0.44660
0.86853 0.46486
0.86853 0.47192
0.86854 0.40569
0.86854 0.41484
0.86855 0.42560
0.86855 0.43496
0.86856 0.46765
0.86856 0.37208
0.86857 0.41325
0.86857 0.43100
0.86858 0.38777
0.86858 0.44919
0.86859 0.47933
0.86859 0.51017
0.86860 0.51603
0.86860 0.46221
0.86861 0.45768
0.86861 0.43279
0.86862 0.43012
0.86862 0.51155
0.86863 0.39764
0.86863 0.38814
0.86864 0.51151
0.86864 0.40056
0.86865 0.37666
0.86865 0.45580
0.86866 0.39224
0.86866 0.42734
0.86867 0.47620
0.86867 0.48149
0.86868 0.46522
0.86868 0.40696
0.86869 0.41974
0.86869 0.46835
0.86870 0.48288
0.86870 0.46054
0.86871 0.44956
0.86871 0.37898
0.86872 0.37898
0.86872 0.44850
0.86873 0.43850
0.86873 0.39981
0.86874 0.40850
0.86874 0.43451
0.86875 0.41804
0.86875 0.41481
0.86876 0.43380
0.86876 0.42314
0.86877 0.51779
0.86877 0.43190
0.86878 0.31057
0.86878 0.38990
0.86879 0.39645
0.86879 0.40611
0.86880 0.41871
0.86880 0.36601
0.86881 0.42818
0.86881 0.43225
0.86882 0.43522
0.86882 0.47564
0.86883 0.47879
0.86883 0.51392
0.86884 0.46084
0.86884 0.45516
0.86885 0.44276
0.86885 0.40257
0.86886 0.42987
0.86886 0.44462
0.86887 0.38175
0.86887 0.45478
0.86888 0.42266
0.86888 0.38431
0.86889 0.43990
0.86889 0.39993
0.86890 0.39254
0.86890 0.41534
0.86891 0.43335
0.86891 0.42507
0.86892 0.45167
0.86892 0.41958
0.86893 0.36566
0.86893 0.35899
0.86894 0.44737
0.86894 0.41888
0.86895 0.40323
0.86895 0.44076
0.86896 0.39975
0.86896 0.41307
0.86897 0.42191
0.86897 0.51633
0.86898 0.42257
0.86898 0.40339
0.86899 0.55984
0.86899 0.44187
0.86900 0.42768
0.86900 0.48062
0.86901 0.40806
0.86901 0.41556
0.86902 0.45931
0.86902 0.46552
0.86903 0.37267
0.86903 0.37508
0.86904 0.40326
0.86904 0.39769
0.86905 0.47468
0.86905 0.39554
0.86906 0.41985
0.86906 0.48305
0.86907 0.37913
0.86907 0.44240
0.86908 0.50690
0.86908 0.43251
0.86909 0.40025
0.86909 0.37139
0.86910 0.37009
0.86910 0.40643
0.86911 0.44432
0.86911 0.44797
0.86912 0.40332
0.86912 0.38464
0.86913 0.42431
0.86913 0.48470
0.86914 0.41747
0.86914 0.39990
0.86915 0.41864
0.86915 0.39223
0.86916 0.39979
0.86916 0.45791
0.86917 0.50334
0.86917 0.42930
0.86918 0.41190
0.86918 0.43519
0.86919 0.42304
0.86919 0.38790
0.86920 0.39555
0.86920 0.40412
0.86921 0.34640
0.86921 0.36062
0.86922 0.39933
0.86922 0.46577
0.86923 0.48801
0.86923 0.36609
0.86924 0.44693
0.86924 0.47886
0.86925 0.39619
0.86925 0.43777
0.86926 0.41997
0.86926 0.36225
0.86927 0.44270
0.86927 0.44484
0.86928 0.39102
0.86928 0.51519
0.86929 0.42006
0.86929 0.44684
0.86930 0.41288
0.86930 0.31324
0.86931 0.47492
0.86931 0.41097
0.86932 0.40852
0.86932 0.44707
0.86933 0.40373
0.86933 0.41367
0.86934 0.38885
0.86934 0.45034
0.86935 0.48389
0.86935 0.39399
0.86936 0.47019
0.86936 0.50680
0.86937 0.46874
0.86937 0.45872
0.86938 0.34263
0.86938 0.43742
0.86939 0.41220
0.86939 0.41067
0.86940 0.46510
0.86940 0.46786
0.86941 0.46128
0.86941 0.34965
0.86942 0.41160
0.86942 0.49574
0.86943 0.44317
0.86943 0.39204
0.86944 0.43365
0.86944 0.40895
0.86945 0.41677
0.86945 0.39351
0.86946 0.40908
0.86946 0.41547
0.86947 0.39613
0.86947 0.44565
0.86948 0.42334
0.86948 0.42182
0.86949 0.42764
0.86949 0.35716
0.86950 0.35618
0.86950 0.44354
0.86951 0.38917
0.86951 0.41054
0.86952 0.42158
0.86952 0.42119
0.86953 0.42781
0.86953 0.37266
0.86954 0.44068
0.86954 0.38073
0.86955 0.32108
0.86955 0.42362
0.86956 0.40967
0.86956 0.37315
0.86957 0.48493
0.86957 0.48691
0.86958 0.43160
0.86958 0.41722
0.86959 0.34444
0.86959 0.38521
0.86960 0.36808
0.86960 0.41791
0.86961 0.50656
0.86961 0.41301
0.86962 0.47603
0.86962 0.51331
0.86963 0.39938
0.86963 0.39804
0.86964 0.44591
0.86964 0.38745
0.86965 0.40478
0.86965 0.44520
0.86966 0.43124
0.86966 0.44427
0.86967 0.38118
0.86967 0.40388
0.86968 0.41446
0.86968 0.39509
0.86969 0.47509
0.86969 0.39541
0.86970 0.35941
0.86970 0.42425
0.86971 0.40030
0.86971 0.42026
0.86972 0.34511
0.86972 0.35763
0.86973 0.41367
0.86973 0.40121
0.86974 0.40169
0.86974 0.39508
0.86975 0.35463
0.86975 0.32626
0.86976 0.45106
0.86976 0.43328
0.86977 0.43493
0.86977 0.40623
0.86978 0.39294
0.86978 0.45011
0.86979 0.38895
0.86979 0.41421
0.86980 0.47536
0.86980 0.37219
0.86981 0.34528
0.86981 0.38079
0.86982 0.37373
0.86982 0.43668
0.86983 0.45203
0.86983 0.49342
0.86984 0.41271
0.86984 0.38842
0.86985 0.40352
0.86985 0.36496
0.86986 0.42055
0.86986 0.44111
0.86987 0.42094
0.86987 0.39081
0.86988 0.40111
0.86988 0.39535
0.86989 0.41251
0.86989 0.49991
0.86990 0.46258
0.86990 0.42601
0.86991 0.41390
0.86991 0.37303
0.86992 0.40456
0.86992 0.36888
0.86993 0.38338
0.86993 0.40843
0.86994 0.44989
0.86994 0.42314
0.86995 0.33094
0.86995 0.42520
0.86996 0.47066
0.86996 0.45597
0.86997 0.37194
0.86997 0.34635
0.86998 0.43386
0.86998 0.45231
0.86999 0.44023
0.86999 0.43934
0.87000 0.39260
0.87000 0.41450
0.87001 0.46015
0.87001 0.40787
0.87002 0.39966
0.87002 0.40813
0.87003 0.43731
0.87003 0.41132
0.87004 0.39530
0.87004 0.41640
0.87005 0.37944
0.87005 0.38477
0.87006 0.44060
0.87006 0.44210
0.87007 0.37838
0.87007 0.34904
0.87008 0.39683
0.87008 0.44424
0.87009 0.40478
0.87009 0.42417
0.87010 0.44831
0.87010 0.42087
0.87011 0.40117
0.87011 0.38006
0.87012 0.44911
0.87012 0.36296
0.87013 0.38331
0.87013 0.46613
0.87014 0.33641
0.87014 0.38554
0.87015 0.39458
0.87015 0.36849
0.87016 0.38900
0.87016 0.43470
0.87017 0.46980
0.87017 0.36811
0.87018 0.41955
0.87018 0.41439
0.87019 0.32261
0.87019 0.39140
0.87020 0.40953
0.87020 0.40100
0.87021 0.43730
0.87021 0.37713
0.87022 0.39874
0.87022 0.43724
0.87023 0.38079
0.87023 0.43922
0.87024 0.40823
0.87024 0.39380
0.87025 0.44559
0.87025 0.39485
0.87026 0.42137
0.87026 0.42981
0.87027 0.34908
0.87027 0.33044
0.87028 0.40224
0.87028 0.41602
0.87029 0.37456
0.87029 0.36358
0.87030 0.33356
0.87030 0.39412
0.87031 0.43338
0.87031 0.39994
0.87032 0.41921
0.87032 0.44444
0.87033 0.37589
0.87033 0.38080
0.87034 0.35925
0.87034 0.33094
0.87035 0.43477
0.87035 0.36014
0.87036 0.36597
0.87036 0.48607
0.87037 0.43222
0.87037 0.38946
0.87038 0.30783
0.87038 0.30093
0.87039 0.36496
0.87039 0.37899
0.87040 0.43368
0.87040 0.40133
0.87041 0.44293
0.87041 0.40953
0.87042 0.33060
0.87042 0.41106
0.87043 0.39459
0.87043 0.40356
0.87044 0.44353
0.87044 0.39284
0.87045 0.46852
0.87045 0.49651
0.87046 0.40516
0.87046 0.44139
0.87047 0.42989
0.87047 0.36580
0.87048 0.41273
0.87048 0.36749
0.87049 0.41079
0.87049 0.41542
0.87050 0.34382
0.87050 0.38728
0.87051 0.44880
0.87051 0.46576
0.87052 0.47147
0.87052 0.35221
0.87053 0.32948
0.87053 0.39302
0.87054 0.41252
0.87054 0.44144
0.87055 0.35184
0.87055 0.38713
0.87056 0.29681
0.87056 0.38115
0.87057 0.42573
0.87057 0.36170
0.87058 0.43947
0.87058 0.40922
0.87059 0.42248
0.87059 0.38552
0.87060 0.37889
0.87060 0.40740
0.87061 0.41921
0.87061 0.40283
0.87062 0.33273
0.87062 0.36094
0.87063 0.48031
0.87063 0.43791
0.87064 0.34479
0.87064 0.47643
0.87065 0.45058
0.87065 0.32341
0.87066 0.41867
0.87066 0.42558
0.87067 0.32873
0.87067 0.37875
0.87068 0.41418
0.87068 0.42248
0.87069 0.47067
0.87069 0.36616
0.87070 0.33151
0.87070 0.42016
0.87071 0.36289
0.87071 0.40290
0.87072 0.44324
0.87072 0.38704
0.87073 0.44491
0.87073 0.43011
0.87074 0.39606
0.87074 0.44759
0.87075 0.36682
0.87075 0.36417
0.87076 0.49595
0.87076 0.47343
0.87077 0.39868
0.87077 0.41376
0.87078 0.36979
0.87078 0.35073
0.87079 0.41152
0.87079 0.36925
0.87080 0.37484
0.87080 0.40610
0.87081 0.41733
0.87081 0.41436
0.87082 0.41762
0.87082 0.39703
0.87083 0.32027
0.87083 0.35663
0.87084 0.43103
0.87084 0.40649
0.87085 0.34482
0.87085 0.35429
0.87086 0.44112
0.87086 0.33602
0.87087 0.32678
0.87087 0.37950
0.87088 0.30478
0.87088 0.38883
0.87089 0.42053
0.87089 0.40862
0.87090 0.35458
0.87090 0.39387
0.87091 0.41543
0.87091 0.32733
0.87092 0.32397
0.87092 0.36872
0.87093 0.43995
0.87093 0.35866
0.87094 0.33479
0.87094 0.40881
0.87095 0.40814
0.87095 0.43879
0.87096 0.43559
0.87096 0.39435
0.87097 0.37373
0.87097 0.35319
0.87098 0.39317
0.87098 0.36597
0.87099 0.41438
0.87099 0.45579
0.87100 0.40532
0.87100 0.37627
0.87101 0.39447
0.87101 0.37126
0.87102 0.38370
0.87102 0.43866
0.87103 0.43678
0.87103 0.41152
0.87104 0.39224
0.87104 0.36892
0.87105 0.35020
0.87105 0.40305
0.87106 0.36474
0.87106 0.44154
0.87107 0.43477
0.87107 0.31571
0.87108 0.35658
0.87108 0.44343
0.87109 0.39522
0.87109 0.39891
0.87110 0.37912
0.87110 0.35555
0.87111 0.35791
0.87111 0.37983
0.87112 0.41747
0.87112 0.37537
0.87113 0.36715
0.87113 0.31421
0.87114 0.40608
0.87114 0.51197
0.87115 0.46052
0.87115 0.46520
0.87116 0.36463
0.87116 0.37766
0.87117 0.45246
0.87117 0.40523
0.87118 0.40808
0.87118 0.38576
0.87119 0.34954
0.87119 0.29315
0.87120 0.35491
0.87120 0.36792
0.87121 0.42442
0.87121 0.49525
0.87122 0.44752
0.87122 0.38474
0.87123 0.35880
0.87123 0.42810
0.87124 0.38892
0.87124 0.39428
0.87125 0.42233
0.87125 0.40789
0.87126 0.44735
0.87126 0.34734
0.87127 0.29907
0.87127 0.40658
0.87128 0.43549
0.87128 0.37407
0.87129 0.40945
0.87129 0.40025
0.87130 0.36601
0.87130 0.45172
0.87131 0.43459
0.87131 0.40485
0.87132 0.41676
0.87132 0.41812
0.87133 0.35479
0.87133 0.34996
0.87134 0.41143
0.87134 0.41555
0.87135 0.42053
0.87135 0.38426
0.87136 0.37709
0.87136 0.36692
0.87137 0.40853
0.87137 0.35475
0.87138 0.36843
0.87138 0.42963
0.87139 0.31059
0.87139 0.43740
0.87140 0.43521
0.87140 0.36821
0.87141 0.39685
0.87141 0.35428
0.87142 0.40544
0.87142 0.36160
0.87143 0.36903
0.87143 0.33435
0.87144 0.31955
0.87144 0.37780
0.87145 0.37632
0.87145 0.36167
0.87146 0.32459
0.87146 0.42417
0.87147 0.40342
0.87147 0.36108
0.87148 0.38494
0.87148 0.39598
0.87149 0.39983
0.87149 0.33719
0.87150 0.36072
0.87150 0.34060
0.87151 0.32624
0.87151 0.41194
0.87152 0.37864
0.87152 0.36166
0.87153 0.38817
0.87153 0.34794
0.87154 0.35833
0.87154 0.40603
0.87155 0.34792
0.87155 0.43335
0.87156 0.44073
0.87156 0.38246
0.87157 0.40710
0.87157 0.32673
0.87158 0.33718
0.87158 0.33796
0.87159 0.34686
0.87159 0.41344
0.87160 0.41601
0.87160 0.40576
0.87161 0.41515
0.87161 0.38362
0.87162 0.39328
0.87162 0.44495
0.87163 0.44816
0.87163 0.37419
0.87164 0.39368
0.87164 0.32579
0.87165 0.35673
0.87165 0.37481
0.87166 0.36582
0.87166 0.43636
0.87167 0.41873
0.87167 0.35257
0.87168 0.38013
0.87168 0.46492
0.87169 0.35869
0.87169 0.40102
0.87170 0.45549
0.87170 0.34812
0.87171 0.40468
0.87171 0.45125
0.87172 0.41164
0.87172 0.44276
0.87173 0.40865
0.87173 0.41950
0.87174 0.35041
0.87174 0.38448
0.87175 0.43942
0.87175 0.36829
0.87176 0.37317
0.87176 0.35002
0.87177 0.37047
0.87177 0.43582
0.87178 0.44238
0.87178 0.41790
0.87179 0.41334
0.87179 0.35956
0.87180 0.39829
0.87180 0.41024
0.87181 0.30375
0.87181 0.37694
0.87182 0.39810
0.87182 0.38915
0.87183 0.40009
0.87183 0.40318
0.87184 0.39945
0.87184 0.38810
0.87185 0.43650
0.87185 0.42123
0.87186 0.38287
0.87186 0.39515
0.87187 0.39140
0.87187 0.40453
0.87188 0.42338
0.87188 0.36463
0.87189 0.38058
0.87189 0.36834
0.87190 0.35767
0.87190 0.42623
0.87191 0.38218
0.87191 0.36768
0.87192 0.39648
0.87192 0.32690
0.87193 0.36970
0.87193 0.40464
0.87194 0.35019
0.87194 0.29020
0.87195 0.36553
0.87195 0.41137
0.87196 0.40415
0.87196 0.37243
0.87197 0.41209
0.87197 0.39238
0.87198 0.35934
0.87198 0.41491
0.87199 0.34986
0.87199 0.38240
0.87200 0.39495
0.87200 0.41529
0.87201 0.42889
0.87201 0.35847
0.87202 0.35721
0.87202 0.28745
0.87203 0.37675
0.87203 0.37414
0.87204 0.34831
0.87204 0.45871
0.87205 0.34663
0.87205 0.39326
0.87206 0.39685
0.87206 0.39753
0.87207 0.45161
0.87207 0.32726
0.87208 0.28301
0.87208 0.34477
0.87209 0.42250
0.87209 0.39802
0.87210 0.39006
0.87210 0.37572
0.87211 0.31740
0.87211 0.37191
0.87212 0.31768
0.87212 0.42616
0.87213 0.41704
0.87213 0.36466
0.87214 0.38567
0.87214 0.32692
0.87215 0.44895
0.87215 0.42257
0.87216 0.32421
0.87216 0.37417
0.87217 0.37768
0.87217 0.38739
0.87218 0.38910
0.87218 0.39149
0.87219 0.38831
0.87219 0.35940
0.87220 0.37135
0.87220 0.39306
0.87221 0.46559
0.87221 0.39654
0.87222 0.36598
0.87222 0.40040
0.87223 0.38331
0.87223 0.37790
0.87224 0.34978
0.87224 0.36877
0.87225 0.37600
0.87225 0.39554
0.87226 0.36209
0.87226 0.37229
0.87227 0.40149
0.87227 0.29801
0.87228 0.39013
0.87228 0.41919
0.87229 0.38244
0.87229 0.37262
0.87230 0.34753
0.87230 0.35028
0.87231 0.40490
0.87231 0.39007
0.87232 0.35847
0.87232 0.41134
0.87233 0.34339
0.87233 0.35759
0.87234 0.34598
0.87234 0.34706
0.87235 0.37767
0.87235 0.34783
0.87236 0.35158
0.87236 0.31704
0.87237 0.38623
0.87237 0.41739
0.87238 0.39558
0.87238 0.37825
0.87239 0.31921
0.87239 0.32281
0.87240 0.40676
0.87240 0.45369
0.87241 0.35384
0.87241 0.40443
0.87242 0.38371
0.87242 0.31030
0.87243 0.36671
0.87243 0.37188
0.87244 0.44863
0.87244 0.42011
0.87245 0.37573
0.87245 0.37710
0.87246 0.35465
0.87246 0.40511
0.87247 0.35368
0.87247 0.39489
0.87248 0.38660
0.87248 0.30648
0.87249 0.34796
0.87249 0.37389
0.87250 0.38036
0.87250 0.40848
0.87251 0.40142
0.87251 0.42588
0.87252 0.40573
0.87252 0.31316
0.87253 0.37233
0.87253 0.33463
0.87254 0.33247
0.87254 0.41671
0.87255 0.36537
0.87255 0.33788
0.87256 0.42882
0.87256 0.38222
0.87257 0.32471
0.87257 0.33848
0.87258 0.34160
0.87258 0.39897
0.87259 0.27897
0.87259 0.36825
0.87260 0.39204
0.87260 0.30296
0.87261 0.35201
0.87261 0.33053
0.87262 0.40586
0.87262 0.44568
0.87263 0.35188
0.87263 0.33139
0.87264 0.36459
0.87264 0.34596
0.87265 0.40827
0.87265 0.34432
0.87266 0.32202
0.87266 0.48599
0.87267 0.44444
0.87267 0.34265
0.87268 0.33904
0.87268 0.36767
0.87269 0.37778
0.87269 0.36991
0.87270 0.40400
0.87270 0.34887
0.87271 0.36667
0.87271 0.37254
0.87272 0.38904
0.87272 0.36266
0.87273 0.29988
0.87273 0.38619
0.87274 0.34867
0.87274 0.37689
0.87275 0.43503
0.87275 0.35989
0.87276 0.37415
0.87276 0.34949
0.87277 0.34353
0.87277 0.33387
0.87278 0.33602
0.87278 0.36821
0.87279 0.36876
0.87279 0.38432
0.87280 0.32529
0.87280 0.32560
0.87281 0.36938
0.87281 0.38476
0.87282 0.32145
0.87282 0.32291
0.87283 0.36451
0.87283 0.37124
0.87284 0.47270
0.87284 0.37666
0.87285 0.37227
0.87285 0.38793
0.87286 0.28865
0.87286 0.32296
0.87287 0.32865
0.87287 0.38296
0.87288 0.36502
0.87288 0.32942
0.87289 0.38401
0.87289 0.36794
0.87290 0.40838
0.87290 0.40428
0.87291 0.28670
0.87291 0.28801
0.87292 0.37437
0.87292 0.44383
0.87293 0.33123
0.87293 0.35640
0.87294 0.39253
0.87294 0.32088
0.87295 0.37523
0.87295 0.40615
0.87296 0.35379
0.87296 0.38090
0.87297 0.35524
0.87297 0.28128
0.87298 0.31867
0.87298 0.33684
0.87299 0.36406
0.87299 0.35244
0.87300 0.38374
0.87300 0.38088
0.87301 0.37341
0.87301 0.44281
0.87302 0.40081
0.87302 0.33134
0.87303 0.36684
0.87303 0.37989
0.87304 0.32564
0.87304 0.36216
0.87305 0.36624
0.87305 0.27258
0.87306 0.30260
0.87306 0.38276
0.87307 0.36754
0.87307 0.32550
0.87308 0.34038
0.87308 0.35669
0.87309 0.43132
0.87309 0.34830
0.87310 0.30781
0.87310 0.41202
0.87311 0.33882
0.87311 0.37571
0.87312 0.35050
0.87312 0.35614
0.87313 0.36113
0.87313 0.34124
0.87314 0.40787
0.87314 0.33614
0.87315 0.37319
0.87315 0.41130
0.87316 0.34198
0.87316 0.30504
0.87317 0.26678
0.87317 0.31917
0.87318 0.38569
0.87318 0.34364
0.87319 0.39125
0.87319 0.38466
0.87320 0.33074
0.87320 0.33156
0.87321 0.37490
0.87321 0.35932
0.87322 0.41530
0.87322 0.43866
0.87323 0.35588
0.87323 0.37096
0.87324 0.33490
0.87324 0.31525
0.87325 0.40594
0.87325 0.39932
0.87326 0.31078
0.87326 0.29811
0.87327 0.40371
0.87327 0.40718
0.87328 0.22859
0.87328 0.30430
0.87329 0.35035
0.87329 0.34684
0.87330 0.39691
0.87330 0.38937
0.87331 0.40990
0.87331 0.34980
0.87332 0.36441
0.87332 0.35675
0.87333 0.33222
0.87333 0.34429
0.87334 0.29152
0.87334 0.34755
0.87335 0.42360
0.87335 0.38809
0.87336 0.29251
0.87336 0.36456
0.87337 0.38679
0.87337 0.32597
0.87338 0.40712
0.87338 0.35877
0.87339 0.36560
0.87339 0.40095
0.87340 0.37121
0.87340 0.35714
0.87341 0.24370
0.87341 0.25408
0.87342 0.33366
0.87342 0.40066
0.87343 0.42759
0.87343 0.32211
0.87344 0.36088
0.87344 0.40531
0.87345 0.35006
0.87345 0.39234
0.87346 0.38373
0.87346 0.33726
0.87347 0.31510
0.87347 0.29914
0.87348 0.29921
0.87348 0.35242
0.87349 0.40512
0.87349 0.31346
0.87350 0.33565
0.87350 0.40166
0.87351 0.32415
0.87351 0.33016
0.87352 0.33862
0.87352 0.40219
0.87353 0.39911
0.87353 0.37197
0.87354 0.41347
0.87354 0.36613
0.87355 0.39866
0.87355 0.38559
0.87356 0.33511
0.87356 0.31111
0.87357 0.35156
0.87357 0.39960
0.87358 0.35722
0.87358 0.40532
0.87359 0.34043
0.87359 0.36819
0.87360 0.34969
0.87360 0.28698
0.87361 0.33585
0.87361 0.27633
0.87362 0.25711
0.87362 0.28821
0.87363 0.35221
0.87363 0.36012
0.87364 0.42040
0.87364 0.36089
0.87365 0.32294
0.87365 0.32626
0.87366 0.32010
0.87366 0.38257
0.87367 0.31384
0.87367 0.35761
0.87368 0.37538
0.87368 0.29437
0.87369 0.32417
0.87369 0.31355
0.87370 0.36624
0.87370 0.38165
0.87371 0.33248
0.87371 0.35708
0.87372 0.32644
0.87372 0.32338
0.87373 0.28740
0.87373 0.30792
0.87374 0.28325
0.87374 0.32233
0.87375 0.40976
0.87375 0.36854
0.87376 0.40553
0.87376 0.31245
0.87377 0.26699
0.87377 0.36228
0.87378 0.33912
0.87378 0.31072
0.87379 0.28558
0.87379 0.33991
0.87380 0.33713
0.87380 0.36788
0.87381 0.39639
0.87381 0.35169
0.87382 0.32645
0.87382 0.30846
0.87383 0.36496
0.87383 0.32330
0.87384 0.37319
0.87384 0.35907
0.87385 0.27415
0.87385 0.32169
0.87386 0.39023
0.87386 0.39290
0.87387 0.34735
0.87387 0.36192
0.87388 0.30109
0.87388 0.33594
0.87389 0.36917
0.87389 0.38363
0.87390 0.39386
0.87390 0.32027
0.87391 0.32732
0.87391 0.31740
0.87392 0.35122
0.87392 0.32524
0.87393 0.33881
0.87393 0.32425
0.87394 0.25563
0.87394 0.32637
0.87395 0.37352
0.87395 0.31104
0.87396 0.26211
0.87396 0.24195
0.87397 0.30089
0.87397 0.39859
0.87398 0.29813
0.87398 0.30723
0.87399 0.35244
0.87399 0.24242
0.87400 0.32162
0.87400 0.32225
0.87401 0.29791
0.87401 0.35735
0.87402 0.32501
0.87402 0.29849
0.87403 0.35180
0.87403 0.38854
0.87404 0.37877
0.87404 0.40791
0.87405 0.33290
0.87405 0.41419
0.87406 0.41645
0.87406 0.31081
0.87407 0.33084
0.87407 0.33152
0.87408 0.40204
0.87408 0.37936
0.87409 0.34619
0.87409 0.29522
0.87410 0.28779
0.87410 0.36007
0.87411 0.34047
0.87411 0.35536
0.87412 0.37530
0.87412 0.37687
0.87413 0.31200
0.87413 0.31259
0.87414 0.32937
0.87414 0.30634
0.87415 0.34945
0.87415 0.27760
0.87416 0.33292
0.87416 0.32984
0.87417 0.29123
0.87417 0.38682
0.87418 0.36451
0.87418 0.45602
0.87419 0.43005
0.87419 0.31030
0.87420 0.30530
0.87420 0.34790
0.87421 0.36088
0.87421 0.33349
0.87422 0.34904
0.87422 0.35559
0.87423 0.35797
0.87423 0.31879
0.87424 0.32052
0.87424 0.37080
0.87425 0.33695
0.87425 0.33397
0.87426 0.35507
0.87426 0.25784
0.87427 0.26783
0.87427 0.32753
0.87428 0.34581
0.87428 0.31685
0.87429 0.25583
0.87429 0.31457
0.87430 0.30729
0.87430 0.36184
0.87431 0.41916
0.87431 0.35388
0.87432 0.34845
0.87432 0.32819
0.87433 0.33921
0.87433 0.34200
0.87434 0.32304
0.87434 0.31850
0.87435 0.33380
0.87435 0.33216
0.87436 0.34774
0.87436 0.34484
0.87437 0.29959
0.87437 0.29865
0.87438 0.35849
0.87438 0.35456
0.87439 0.34794
0.87439 0.32886
0.87440 0.27242
0.87440 0.32560
0.87441 0.29273
0.87441 0.32551
0.87442 0.31960
0.87442 0.30550
0.87443 0.33781
0.87443 0.32799
0.87444 0.33946
0.87444 0.32514
0.87445 0.31000
0.87445 0.36386
0.87446 0.33501
0.87446 0.30914
0.87447 0.33043
0.87447 0.34233
0.87448 0.32296
0.87448 0.28923
0.87449 0.34616
0.87449 0.30294
0.87450 0.34399
0.87450 0.34371
0.87451 0.34704
0.87451 0.34560
0.87452 0.31589
0.87452 0.39279
0.87453 0.37519
0.87453 0.35777
0.87454 0.38734
0.87454 0.40848
0.87455 0.37078
0.87455 0.31731
0.87456 0.36839
0.87456 0.36670
0.87457 0.34862
0.87457 0.36114
0.87458 0.37646
0.87458 0.33700
0.87459 0.31888
0.87459 0.35802
0.87460 0.35525
0.87460 0.33755
0.87461 0.34601
0.87461 0.41485
0.87462 0.35595
0.87462 0.34117
0.87463 0.34427
0.87463 0.34517
0.87464 0.34893
0.87464 0.31578
0.87465 0.33281
0.87465 0.37587
0.87466 0.34202
0.87466 0.27831
0.87467 0.30791
0.87467 0.32365
0.87468 0.33501
0.87468 0.34539
0.87469 0.34180
0.87469 0.38164
0.87470 0.35825
0.87470 0.35995
0.87471 0.41314
0.87471 0.27835
0.87472 0.25447
0.87472 0.37848
0.87473 0.34426
0.87473 0.30260
0.87474 0.27460
0.87474 0.32926
0.87475 0.32623
0.87475 0.30700
0.87476 0.31452
0.87476 0.31453
0.87477 0.30504
0.87477 0.32091
0.87478 0.36317
0.87478 0.35598
0.87479 0.37679
0.87479 0.35666
0.87480 0.37286
0.87480 0.42261
0.87481 0.37131
0.87481 0.30673
0.87482 0.32288
0.87482 0.36338
0.87483 0.32350
0.87483 0.29901
0.87484 0.31458
0.87484 0.33172
0.87485 0.35943
0.87485 0.30069
0.87486 0.27819
0.87486 0.30124
0.87487 0.26565
0.87487 0.38779
0.87488 0.32254
0.87488 0.28058
0.87489 0.41516
0.87489 0.36875
0.87490 0.38159
0.87490 0.34090
0.87491 0.32137
0.87491 0.30206
0.87492 0.29849
0.87492 0.31881
0.87493 0.31317
0.87493 0.36876
0.87494 0.37171
0.87494 0.34239
0.87495 0.31975
0.87495 0.40264
0.87496 0.34933
0.87496 0.34438
0.87497 0.38090
0.87497 0.32106
0.87498 0.35894
0.87498 0.29964
0.87499 0.37186
0.87499 0.31332
0.87500 0.27589
0.87500 0.35510
0.87501 0.31871
0.87501 0.35164
0.87502 0.35780
0.87502 0.29477
0.87503 0.29610
0.87503 0.32836
0.87504 0.27537
0.87504 0.35638
0.87505 0.38591
0.87505 0.30069
0.87506 0.28477
0.87506 0.33839
0.87507 0.38172
0.87507 0.32041
0.87508 0.32514
0.87508 0.35250
0.87509 0.31824
0.87509 0.32566
0.87510 0.33317
0.87510 0.25220
0.87511 0.34015
0.87511 0.37386
0.87512 0.32509
0.87512 0.39776
0.87513 0.24321
0.87513 0.29694
0.87514 0.42480
0.87514 0.27289
0.87515 0.33142
0.87515 0.30152
0.87516 0.31081
0.87516 0.38934
0.87517 0.31770
0.87517 0.32619
0.87518 0.29003
0.87518 0.33487
0.87519 0.34643
0.87519 0.36945
0.87520 0.39928
0.87520 0.37172
0.87521 0.35286
0.87521 0.25558
0.87522 0.27608
0.87522 0.32403
0.87523 0.36407
0.87523 0.41403
0.87524 0.35287
0.87524 0.33041
0.87525 0.33034
0.87525 0.31902
0.87526 0.28140
0.87526 0.31771
0.87527 0.39286
0.87527 0.40386
0.87528 0.32243
0.87528 0.32732
0.87529 0.27256
0.87529 0.22823
0.87530 0.27629
0.87530 0.26858
0.87531 0.35253
0.87531 0.35999
0.87532 0.32437
0.87532 0.35179
0.87533 0.33138
0.87533 0.36522
0.87534 0.39150
0.87534 0.34227
0.87535 0.33411
0.87535 0.30460
0.87536 0.36242
0.87536 0.36807
0.87537 0.37660
0.87537 0.32514
0.87538 0.24692
0.87538 0.36211
0.87539 0.33028
0.87539 0.26490
0.87540 0.36099
0.87540 0.34452
0.87541 0.32957
0.87541 0.35333
0.87542 0.35042
0.87542 0.30154
0.87543 0.24283
0.87543 0.31962
0.87544 0.30816
0.87544 0.31809
0.87545 0.34050
0.87545 0.33248
0.87546 0.38612
0.87546 0.28724
0.87547 0.32291
0.87547 0.35380
0.87548 0.28454
0.87548 0.27780
0.87549 0.29569
0.87549 0.33493
0.87550 0.32686
0.87550 0.38394
0.87551 0.31856
0.87551 0.26565
0.87552 0.34327
0.87552 0.37964
0.87553 0.32254
0.87553 0.29752
0.87554 0.35056
0.87554 0.33274
0.87555 0.29447
0.87555 0.28139
0.87556 0.30296
0.87556 0.31923
0.87557 0.29322
0.87557 0.33185
0.87558 0.28441
0.87558 0.26222
0.87559 0.32228
0.87559 0.31140
0.87560 0.35322
0.87560 0.39786
0.87561 0.38295
0.87561 0.24119
0.87562 0.33632
0.87562 0.38962
0.87563 0.30371
0.87563 0.31822
0.87564 0.31772
0.87564 0.36920
0.87565 0.29913
0.87565 0.30529
0.87566 0.32779
0.87566 0.25522
0.87567 0.20935
0.87567 0.24467
0.87568 0.27786
0.87568 0.31880
0.87569 0.36094
0.87569 0.34800
0.87570 0.44631
0.87570 0.34210
0.87571 0.18406
0.87571 0.29557
0.87572 0.34124
0.87572 0.33496
0.87573 0.30886
0.87573 0.29482
0.87574 0.32058
0.87574 0.26174
0.87575 0.30300
0.87575 0.31119
0.87576 0.35799
0.87576 0.32575
0.87577 0.29856
0.87577 0.39199
0.87578 0.35546
0.87578 0.36080
0.87579 0.26857
0.87579 0.27080
0.87580 0.35275
0.87580 0.30928
0.87581 0.32903
0.87581 0.30824
0.87582 0.26736
0.87582 0.39660
0.87583 0.35215
0.87583 0.23675
0.87584 0.31471
0.87584 0.28933
0.87585 0.30066
0.87585 0.29982
0.87586 0.31258
0.87586 0.31876
0.87587 0.27398
0.87587 0.29500
0.87588 0.26064
0.87588 0.33518
0.87589 0.32234
0.87589 0.32743
0.87590 0.32364
0.87590 0.24619
0.87591 0.27966
0.87591 0.25606
0.87592 0.30226
0.87592 0.27726
0.87593 0.20052
0.87593 0.29830
0.87594 0.33132
0.87594 0.32204
0.87595 0.30880
0.87595 0.31297
0.87596 0.34052
0.87596 0.29685
0.87597 0.28360
0.87597 0.32681
0.87598 0.27388
0.87598 0.24403
0.87599 0.33931
0.87599 0.29931
0.87600 0.34642
0.87600 0.40077
0.87601 0.31669
0.87601 0.24559
0.87602 0.23348
0.87602 0.31835
0.87603 0.37222
0.87603 0.32281
0.87604 0.36026
0.87604 0.34620
0.87605 0.25037
0.87605 0.32532
0.87606 0.37378
0.87606 0.36536
0.87607 0.31950
0.87607 0.30172
0.87608 0.25681
0.87608 0.27515
0.87609 0.29554
0.87609 0.30645
0.87610 0.36331
0.87610 0.29593
0.87611 0.35856
0.87611 0.32319
0.87612 0.23648
0.87612 0.33833
0.87613 0.33943
0.87613 0.30744
0.87614 0.27320
0.87614 0.28270
0.87615 0.30969
0.87615 0.29916
0.87616 0.31891
0.87616 0.34936
0.87617 0.36638
0.87617 0.34147
0.87618 0.32024
0.87618 0.30680
0.87619 0.26649
0.87619 0.27944
0.87620 0.25341
0.87620 0.28800
0.87621 0.31911
0.87621 0.28832
0.87622 0.35149
0.87622 0.30809
0.87623 0.26032
0.87623 0.28362
0.87624 0.27891
0.87624 0.31769
0.87625 0.35875
0.87625 0.30220
0.87626 0.35655
0.87626 0.34405
0.87627 0.27651
0.87627 0.28448
0.87628 0.30314
0.87628 0.34273
0.87629 0.35710
0.87629 0.33326
0.87630 0.29202
0.87630 0.26317
0.87631 0.22688
0.87631 0.26280
0.87632 0.28659
0.87632 0.34263
0.87633 0.36532
0.87633 0.26062
0.87634 0.27778
0.87634 0.29030
0.87635 0.33035
0.87635 0.35911
0.87636 0.30565
0.87636 0.33020
0.87637 0.34291
0.87637 0.30936
0.87638 0.31874
0.87638 0.38205
0.87639 0.33025
0.87639 0.32347
0.87640 0.35359
0.87640 0.32890
0.87641 0.31388
0.87641 0.30905
0.87642 0.25766
0.87642 0.25573
0.87643 0.34832
0.87643 0.34049
0.87644 0.33590
0.87644 0.33569
0.87645 0.26461
0.87645 0.31463
0.87646 0.35144
0.87646 0.29611
0.87647 0.33173
0.87647 0.30964
0.87648 0.26951
0.87648 0.31431
0.87649 0.31924
0.87649 0.27436
0.87650 0.26537
0.87650 0.33489
0.87651 0.25286
0.87651 0.28086
0.87652 0.29405
0.87652 0.20728
0.87653 0.36074
0.87653 0.37666
0.87654 0.29731
0.87654 0.27032
0.87655 0.27073
0.87655 0.32758
0.87656 0.34003
0.87656 0.36014
0.87657 0.34844
0.87657 0.34388
0.87658 0.31956
0.87658 0.26103
0.87659 0.29586
0.87659 0.33381
0.87660 0.32888
0.87660 0.37483
0.87661 0.34273
0.87661 0.25198
0.87662 0.36382
0.87662 0.33330
0.87663 0.26867
0.87663 0.41773
0.87664 0.37213
0.87664 0.34572
0.87665 0.33508
0.87665 0.25178
0.87666 0.30311
0.87666 0.34260
0.87667 0.36390
0.87667 0.35051
0.87668 0.28000
0.87668 0.26962
0.87669 0.31019
0.87669 0.36315
0.87670 0.36035
0.87670 0.35513
0.87671 0.34050
0.87671 0.26624
0.87672 0.25455
0.87672 0.28634
0.87673 0.39444
0.87673 0.33553
0.87674 0.29518
0.87674 0.40906
0.87675 0.29593
0.87675 0.21094
0.87676 0.28503
0.87676 0.36214
0.87677 0.41344
0.87677 0.35025
0.87678 0.31392
0.87678 0.35930
0.87679 0.39142
0.87679 0.31804
0.87680 0.34892
0.87680 0.36218
0.87681 0.30310
0.87681 0.24029
0.87682 0.23674
0.87682 0.34302
0.87683 0.29624
0.87683 0.30446
0.87684 0.33065
0.87684 0.34408
0.87685 0.34539
0.87685 0.26877
0.87686 0.28073
0.87686 0.38613
0.87687 0.32788
0.87687 0.30687
0.87688 0.32303
0.87688 0.28845
0.87689 0.30944
0.87689 0.26401
0.87690 0.36419
0.87690 0.28394
0.87691 0.21550
0.87691 0.29106
0.87692 0.30073
0.87692 0.34362
0.87693 0.32586
0.87693 0.30329
0.87694 0.38028
0.87694 0.36679
0.87695 0.29466
0.87695 0.30032
0.87696 0.29049
0.87696 0.31747
0.87697 0.33073
0.87697 0.28811
0.87698 0.22513
0.87698 0.26521
0.87699 0.29573
0.87699 0.27397
0.87700 0.26688
0.87700 0.35886
0.87701 0.33878
0.87701 0.27473
0.87702 0.25733
0.87702 0.26669
0.87703 0.30745
0.87703 0.28520
0.87704 0.27243
0.87704 0.30340
0.87705 0.26878
0.87705 0.31072
0.87706 0.35472
0.87706 0.26282
0.87707 0.27385
0.87707 0.32468
0.87708 0.31182
0.87708 0.26927
0.87709 0.27891
0.87709 0.30824
0.87710 0.36028
0.87710 0.35161
0.87711 0.26598
0.87711 0.24094
0.87712 0.26652
0.87712 0.34678
0.87713 0.30941
0.87713 0.28869
0.87714 0.28239
0.87714 0.29403
0.87715 0.34849
0.87715 0.26466
0.87716 0.25990
0.87716 0.21546
0.87717 0.25991
0.87717 0.34428
0.87718 0.25450
0.87718 0.25481
0.87719 0.30343
0.87719 0.28098
0.87720 0.31265
0.87720 0.32475
0.87721 0.29416
0.87721 0.33019
0.87722 0.34565
0.87722 0.23924
0.87723 0.24361
0.87723 0.32529
0.87724 0.29726
0.87724 0.34681
0.87725 0.29169
0.87725 0.23449
0.87726 0.32985
0.87726 0.27583
0.87727 0.29701
0.87727 0.36102
0.87728 0.29102
0.87728 0.30021
0.87729 0.29964
0.87729 0.24171
0.87730 0.27895
0.87730 0.28539
0.87731 0.31404
0.87731 0.30040
0.87732 0.23984
0.87732 0.26361
0.87733 0.28252
0.87733 0.25709
0.87734 0.29830
0.87734 0.28839
0.87735 0.24906
0.87735 0.33778
0.87736 0.32450
0.87736 0.29583
0.87737 0.26755
0.87737 0.24316
0.87738 0.34865
0.87738 0.32881
0.87739 0.29371
0.87739 0.28468
0.87740 0.24599
0.87740 0.29061
0.87741 0.28203
0.87741 0.32417
0.87742 0.33747
0.87742 0.30191
0.87743 0.22679
0.87743 0.31517
0.87744 0.32386
0.87744 0.28576
0.87745 0.37554
0.87745 0.22967
0.87746 0.24174
0.87746 0.25860
0.87747 0.24935
0.87747 0.35101
0.87748 0.30499
0.87748 0.27774
0.87749 0.30708
0.87749 0.30575
0.87750 0.26254
0.87750 0.28762
0.87751 0.28606
0.87751 0.23382
0.87752 0.23139
0.87752 0.27703
0.87753 0.31406
0.87753 0.32565
0.87754 0.27206
0.87754 0.26674
0.87755 0.32027
0.87755 0.25014
0.87756 0.28041
0.87756 0.32476
0.87757 0.25806
0.87757 0.30758
0.87758 0.26933
0.87758 0.31271
0.87759 0.28342
0.87759 0.29160
0.87760 0.35502
0.87760 0.33770
0.87761 0.39507
0.87761 0.23533
0.87762 0.19381
0.87762 0.29147
0.87763 0.36122
0.87763 0.36037
0.87764 0.26272
0.87764 0.30414
0.87765 0.33503
0.87765 0.27109
0.87766 0.28737
0.87766 0.28167
0.87767 0.31408
0.87767 0.35897
0.87768 0.31064
0.87768 0.27263
0.87769 0.27432
0.87769 0.24660
0.87770 0.30734
0.87770 0.32211
0.87771 0.24671
0.87771 0.25890
0.87772 0.22906
0.87772 0.24810
0.87773 0.29303
0.87773 0.24195
0.87774 0.33548
0.87774 0.29202
0.87775 0.24306
0.87775 0.30157
0.87776 0.27436
0.87776 0.31434
0.87777 0.28219
0.87777 0.23710
0.87778 0.24734
0.87778 0.23484
0.87779 0.29333
0.87779 0.32568
0.87780 0.32075
0.87780 0.32367
0.87781 0.28646
0.87781 0.26383
0.87782 0.25433
0.87782 0.26037
0.87783 0.26190
0.87783 0.29924
0.87784 0.29663
0.87784 0.20831
0.87785 0.25428
0.87785 0.32208
0.87786 0.27757
0.87786 0.29660
0.87787 0.32304
0.87787 0.32024
0.87788 0.30821
0.87788 0.27186
0.87789 0.26113
0.87789 0.28140
0.87790 0.28876
0.87790 0.27133
0.87791 0.22816
0.87791 0.31215
0.87792 0.25129
0.87792 0.25249
0.87793 0.33335
0.87793 0.23716
0.87794 0.31117
0.87794 0.31728
0.87795 0.27346
0.87795 0.31543
0.87796 0.29751
0.87796 0.30236
0.87797 0.26738
0.87797 0.23514
0.87798 0.24499
0.87798 0.29908
0.87799 0.28308
0.87799 0.28400
0.87800 0.30517
0.87800 0.27643
0.87801 0.31145
0.87801 0.26327
0.87802 0.34016
0.87802 0.27193
0.87803 0.18879
0.87803 0.30308
0.87804 0.22031
0.87804 0.25029
0.87805 0.31722
0.87805 0.26945
0.87806 0.25792
0.87806 0.27099
0.87807 0.34584
0.87807 0.30690
0.87808 0.27743
0.87808 0.32507
0.87809 0.31947
0.87809 0.27215
0.87810 0.27581
0.87810 0.27104
0.87811 0.32263
0.87811 0.31011
0.87812 0.26338
0.87812 0.30689
0.87813 0.27707
0.87813 0.27192
0.87814 0.28886
0.87814 0.29373
0.87815 0.28477
0.87815 0.27853
0.87816 0.34476
0.87816 0.35548
0.87817 0.25344
0.87817 0.27880
0.87818 0.25863
0.87818 0.25324
0.87819 0.31987
0.87819 0.29850
0.87820 0.27192
0.87820 0.25838
0.87821 0.33952
0.87821 0.33250
0.87822 0.31812
0.87822 0.26591
0.87823 0.19949
0.87823 0.27232
0.87824 0.36092
0.87824 0.26654
0.87825 0.22269
0.87825 0.27225
0.87826 0.21246
0.87826 0.26085
0.87827 0.30908
0.87827 0.30237
0.87828 0.29799
0.87828 0.24555
0.87829 0.20812
0.87829 0.22519
0.87830 0.27081
0.87830 0.31082
0.87831 0.30300
0.87831 0.30951
0.87832 0.28937
0.87832 0.27117
0.87833 0.22144
0.87833 0.30876
0.87834 0.34863
0.87834 0.29580
0.87835 0.31542
0.87835 0.22521
0.87836 0.23552
0.87836 0.21474
0.87837 0.25114
0.87837 0.33178
0.87838 0.27204
0.87838 0.32370
0.87839 0.36485
0.87839 0.33067
0.87840 0.23453
0.87840 0.29426
0.87841 0.33844
0.87841 0.30045
0.87842 0.35705
0.87842 0.32165
0.87843 0.28584
0.87843 0.29091
0.87844 0.25971
0.87844 0.33939
0.87845 0.31716
0.87845 0.21355
0.87846 0.27611
0.87846 0.24817
0.87847 0.31497
0.87847 0.24526
0.87848 0.15739
0.87848 0.25538
0.87849 0.30332
0.87849 0.38264
0.87850 0.38181
0.87850 0.28483
0.87851 0.25745
0.87851 0.22459
0.87852 0.32012
0.87852 0.35500
0.87853 0.27317
0.87853 0.30694
0.87854 0.33146
0.87854 0.25948
0.87855 0.26337
0.87855 0.23200
0.87856 0.18684
0.87856 0.28492
0.87857 0.24965
0.87857 0.22693
0.87858 0.28503
0.87858 0.23718
0.87859 0.24822
0.87859 0.31332
0.87860 0.23096
0.87860 0.24231
0.87861 0.25697
0.87861 0.27381
0.87862 0.43878
0.87862 0.37144
0.87863 0.28657
0.87863 0.30204
0.87864 0.24417
0.87864 0.28924
0.87865 0.29963
0.87865 0.34086
0.87866 0.33318
0.87866 0.27673
0.87867 0.28997
0.87867 0.28037
0.87868 0.27385
0.87868 0.31417
0.87869 0.32948
0.87869 0.22738
0.87870 0.29967
0.87870 0.28608
0.87871 0.27415
0.87871 0.34068
0.87872 0.28443
0.87872 0.31604
0.87873 0.30550
0.87873 0.30217
0.87874 0.29435
0.87874 0.31258
0.87875 0.26947
0.87875 0.26139
0.87876 0.30512
0.87876 0.29347
0.87877 0.31236
0.87877 0.30015
0.87878 0.26009
0.87878 0.27341
0.87879 0.27861
0.87879 0.20747
0.87880 0.19917
0.87880 0.31849
0.87881 0.33219
0.87881 0.27023
0.87882 0.27332
0.87882 0.18788
0.87883 0.20228
0.87883 0.25616
0.87884 0.26298
0.87884 0.26956
0.87885 0.26167
0.87885 0.30871
0.87886 0.32271
0.87886 0.26488
0.87887 0.25346
0.87887 0.28879
0.87888 0.23709
0.87888 0.24065
0.87889 0.35085
0.87889 0.25164
0.87890 0.25279
0.87890 0.28982
0.87891 0.28615
0.87891 0.34127
0.87892 0.20003
0.87892 0.21295
0.87893 0.31049
0.87893 0.27707
0.87894 0.28952
0.87894 0.23737
0.87895 0.23989
0.87895 0.30035
0.87896 0.28481
0.87896 0.34317
0.87897 0.28341
0.87897 0.30547
0.87898 0.35138
0.87898 0.32427
0.87899 0.31734
0.87899 0.22385
0.87900 0.27758
0.87900 0.29756
0.87901 0.31257
0.87901 0.27449
0.87902 0.26571
0.87902 0.29425
0.87903 0.27699
0.87903 0.33592
0.87904 0.29702
0.87904 0.29394
0.87905 0.34703
0.87905 0.25036
0.87906 0.29613
0.87906 0.34661
0.87907 0.31631
0.87907 0.32540
0.87908 0.21582
0.87908 0.28125
0.87909 0.26742
0.87909 0.28354
0.87910 0.35159
0.87910 0.32971
0.87911 0.31531
0.87911 0.31439
0.87912 0.30948
0.87912 0.28053
0.87913 0.27786
0.87913 0.22693
0.87914 0.25704
0.87914 0.27429
0.87915 0.22308
0.87915 0.23539
0.87916 0.31953
0.87916 0.28224
0.87917 0.24282
0.87917 0.25956
0.87918 0.27936
0.87918 0.27306
0.87919 0.25523
0.87919 0.29280
0.87920 0.30023
0.87920 0.25243
0.87921 0.21840
0.87921 0.23105
0.87922 0.29235
0.87922 0.29198
0.87923 0.26653
0.87923 0.30337
0.87924 0.27390
0.87924 0.29382
0.87925 0.31912
0.87925 0.32768
0.87926 0.30133
0.87926 0.24564
0.87927 0.21786
0.87927 0.25332
0.87928 0.21804
0.87928 0.25306
0.87929 0.31648
0.87929 0.30003
0.87930 0.32627
0.87930 0.26367
0.87931 0.25062
0.87931 0.21293
0.87932 0.27197
0.87932 0.33875
0.87933 0.29617
0.87933 0.34040
0.87934 0.19944
0.87934 0.20732
0.87935 0.26183
0.87935 0.28065
0.87936 0.34090
0.87936 0.31252
0.87937 0.27545
0.87937 0.20587
0.87938 0.26465
0.87938 0.21290
0.87939 0.20770
0.87939 0.26292
0.87940 0.30195
0.87940 0.32114
0.87941 0.26876
0.87941 0.27833
0.87942 0.25988
0.87942 0.26406
0.87943 0.30791
0.87943 0.22372
0.87944 0.25062
0.87944 0.31604
0.87945 0.27123
0.87945 0.26717
0.87946 0.23436
0.87946 0.22662
0.87947 0.29056
0.87947 0.31613
0.87948 0.29748
0.87948 0.24858
0.87949 0.32948
0.87949 0.32061
0.87950 0.20505
0.87950 0.25038
0.87951 0.25952
0.87951 0.33253
0.87952 0.33867
0.87952 0.26411
0.87953 0.24745
0.87953 0.24272
0.87954 0.21431
0.87954 0.29948
0.87955 0.33226
0.87955 0.25308
0.87956 0.28166
0.87956 0.19908
0.87957 0.17487
0.87957 0.31724
0.87958 0.28570
0.87958 0.25740
0.87959 0.23391
0.87959 0.22504
0.87960 0.32033
0.87960 0.26544
0.87961 0.26778
0.87961 0.26547
0.87962 0.26269
0.87962 0.25343
0.87963 0.23125
0.87963 0.25301
0.87964 0.21418
0.87964 0.20763
0.87965 0.30960
0.87965 0.34952
0.87966 0.27978
0.87966 0.28766
0.87967 0.23649
0.87967 0.27375
0.87968 0.28739
0.87968 0.30006
0.87969 0.32917
0.87969 0.23870
0.87970 0.29916
0.87970 0.33367
0.87971 0.25512
0.87971 0.23846
0.87972 0.30826
0.87972 0.31053
0.87973 0.18082
0.87973 0.29999
0.87974 0.32282
0.87974 0.22927
0.87975 0.23973
0.87975 0.16326
0.87976 0.28957
0.87976 0.27270
0.87977 0.25873
0.87977 0.36237
0.87978 0.25629
0.87978 0.23556
0.87979 0.25829
0.87979 0.23474
0.87980 0.24223
0.87980 0.33045
0.87981 0.34641
0.87981 0.23196
0.87982 0.26662
0.87982 0.28786
0.87983 0.24567
0.87983 0.23081
0.87984 0.30478
0.87984 0.29751
0.87985 0.28350
0.87985 0.31144
0.87986 0.23196
0.87986 0.26311
0.87987 0.27601
0.87987 0.24188
0.87988 0.27319
0.87988 0.30349
0.87989 0.37983
0.87989 0.23920
0.87990 0.23755
0.87990 0.30636
0.87991 0.22434
0.87991 0.26314
0.87992 0.20246
0.87992 0.23520
0.87993 0.23188
0.87993 0.21126
0.87994 0.21065
0.87994 0.23538
0.87995 0.33222
0.87995 0.26333
0.87996 0.24095
0.87996 0.28570
0.87997 0.24606
0.87997 0.33785
0.87998 0.32182
0.87998 0.26588
0.87999 0.30597
0.87999 0.29402
0.88000 0.28918
