time [s] 	 stored energy [J]
0.78500 -0.01751
0.78501 -0.02338
0.78502 -0.02921
0.78503 -0.03501
0.78504 -0.04077
0.78504 -0.04651
0.78505 -0.05220
0.78506 -0.05786
0.78507 -0.06347
0.78508 -0.06904
0.78508 -0.07457
0.78509 -0.08007
0.78510 -0.08553
0.78511 -0.09094
0.78512 -0.09632
0.78512 -0.10165
0.78513 -0.10695
0.78514 -0.11219
0.78515 -0.11740
0.78516 -0.12255
0.78516 -0.12766
0.78517 -0.13271
0.78518 -0.13771
0.78519 -0.14267
0.78520 -0.14757
0.78520 -0.15243
0.78521 -0.15725
0.78522 -0.16202
0.78523 -0.16674
0.78524 -0.17142
0.78524 -0.17607
0.78525 -0.18069
0.78526 -0.18526
0.78527 -0.18981
0.78528 -0.19431
0.78528 -0.19878
0.78529 -0.20322
0.78530 -0.20763
0.78531 -0.21200
0.78532 -0.21635
0.78532 -0.22067
0.78533 -0.22497
0.78534 -0.22924
0.78535 -0.23348
0.78536 -0.23770
0.78536 -0.24189
0.78537 -0.24605
0.78538 -0.25017
0.78539 -0.25426
0.78540 -0.25831
0.78540 -0.26232
0.78541 -0.26630
0.78542 -0.27023
0.78543 -0.27412
0.78544 -0.27797
0.78544 -0.28177
0.78545 -0.28553
0.78546 -0.28926
0.78547 -0.29295
0.78548 -0.29659
0.78548 -0.30018
0.78549 -0.30372
0.78550 -0.30721
0.78551 -0.31065
0.78552 -0.31404
0.78552 -0.31737
0.78553 -0.32065
0.78554 -0.32387
0.78555 -0.32703
0.78556 -0.33013
0.78556 -0.33318
0.78557 -0.33617
0.78558 -0.33910
0.78559 -0.34198
0.78560 -0.34479
0.78560 -0.34755
0.78561 -0.35025
0.78562 -0.35290
0.78563 -0.35548
0.78564 -0.35802
0.78564 -0.36049
0.78565 -0.36292
0.78566 -0.36528
0.78567 -0.36759
0.78568 -0.36985
0.78568 -0.37204
0.78569 -0.37417
0.78570 -0.37624
0.78571 -0.37825
0.78572 -0.38019
0.78572 -0.38207
0.78573 -0.38388
0.78574 -0.38561
0.78575 -0.38727
0.78576 -0.38885
0.78576 -0.39036
0.78577 -0.39179
0.78578 -0.39315
0.78579 -0.39443
0.78580 -0.39564
0.78580 -0.39677
0.78581 -0.39783
0.78582 -0.39881
0.78583 -0.39970
0.78584 -0.40051
0.78584 -0.40124
0.78585 -0.40189
0.78586 -0.40245
0.78587 -0.40293
0.78588 -0.40333
0.78588 -0.40365
0.78589 -0.40388
0.78590 -0.40404
0.78591 -0.40410
0.78592 -0.40409
0.78592 -0.40399
0.78593 -0.40382
0.78594 -0.40356
0.78595 -0.40322
0.78596 -0.40279
0.78596 -0.40226
0.78597 -0.40166
0.78598 -0.40096
0.78599 -0.40019
0.78600 -0.39933
0.78600 -0.39840
0.78601 -0.39738
0.78602 -0.39628
0.78603 -0.39509
0.78604 -0.39382
0.78604 -0.39248
0.78605 -0.39105
0.78606 -0.38954
0.78607 -0.38795
0.78608 -0.38628
0.78608 -0.38452
0.78609 -0.38268
0.78610 -0.38076
0.78611 -0.37876
0.78612 -0.37667
0.78612 -0.37450
0.78613 -0.37225
0.78614 -0.36991
0.78615 -0.36748
0.78616 -0.36496
0.78616 -0.36235
0.78617 -0.35966
0.78618 -0.35689
0.78619 -0.35403
0.78620 -0.35109
0.78620 -0.34807
0.78621 -0.34497
0.78622 -0.34178
0.78623 -0.33853
0.78624 -0.33519
0.78624 -0.33179
0.78625 -0.32830
0.78626 -0.32475
0.78627 -0.32113
0.78628 -0.31744
0.78628 -0.31368
0.78629 -0.30986
0.78630 -0.30596
0.78631 -0.30198
0.78632 -0.29794
0.78632 -0.29383
0.78633 -0.28965
0.78634 -0.28540
0.78635 -0.28108
0.78636 -0.27670
0.78636 -0.27225
0.78637 -0.26773
0.78638 -0.26315
0.78639 -0.25850
0.78640 -0.25380
0.78640 -0.24905
0.78641 -0.24423
0.78642 -0.23936
0.78643 -0.23442
0.78644 -0.22943
0.78644 -0.22439
0.78645 -0.21929
0.78646 -0.21415
0.78647 -0.20896
0.78648 -0.20373
0.78648 -0.19844
0.78649 -0.19311
0.78650 -0.18773
0.78651 -0.18230
0.78652 -0.17683
0.78652 -0.17133
0.78653 -0.16578
0.78654 -0.16021
0.78655 -0.15460
0.78656 -0.14895
0.78656 -0.14328
0.78657 -0.13757
0.78658 -0.13184
0.78659 -0.12609
0.78660 -0.12032
0.78660 -0.11453
0.78661 -0.10872
0.78662 -0.10289
0.78663 -0.09704
0.78664 -0.09118
0.78664 -0.08531
0.78665 -0.07943
0.78666 -0.07354
0.78667 -0.06764
0.78668 -0.06174
0.78668 -0.05583
0.78669 -0.04991
0.78670 -0.04399
0.78671 -0.03806
0.78672 -0.03214
0.78672 -0.02621
0.78673 -0.02027
0.78674 -0.01433
0.78675 -0.00838
0.78676 -0.00243
0.78676 0.00354
0.78677 0.00951
0.78678 0.01550
0.78679 0.02150
0.78680 0.02750
0.78680 0.03350
0.78681 0.03951
0.78682 0.04552
0.78683 0.05152
0.78684 0.05752
0.78684 0.06351
0.78685 0.06949
0.78686 0.07546
0.78687 0.08142
0.78688 0.08737
0.78688 0.09330
0.78689 0.09922
0.78690 0.10513
0.78691 0.11102
0.78692 0.11691
0.78692 0.12277
0.78693 0.12862
0.78694 0.13446
0.78695 0.14027
0.78696 0.14607
0.78696 0.15186
0.78697 0.15764
0.78698 0.16339
0.78699 0.16913
0.78700 0.17485
0.78700 0.18056
0.78701 0.18625
0.78702 0.19193
0.78703 0.19760
0.78704 0.20326
0.78704 0.20891
0.78705 0.21455
0.78706 0.22019
0.78707 0.22582
0.78708 0.23144
0.78708 0.23706
0.78709 0.24268
0.78710 0.24829
0.78711 0.25390
0.78712 0.25951
0.78712 0.26512
0.78713 0.27072
0.78714 0.27632
0.78715 0.28192
0.78716 0.28752
0.78716 0.29312
0.78717 0.29871
0.78718 0.30431
0.78719 0.30990
0.78720 0.31549
0.78720 0.32109
0.78721 0.32668
0.78722 0.33227
0.78723 0.33787
0.78724 0.34346
0.78724 0.34904
0.78725 0.35461
0.78726 0.36017
0.78727 0.36571
0.78728 0.37124
0.78728 0.37676
0.78729 0.38226
0.78730 0.38775
0.78731 0.39323
0.78732 0.39870
0.78732 0.40416
0.78733 0.40962
0.78734 0.41506
0.78735 0.42050
0.78736 0.42594
0.78736 0.43138
0.78737 0.43682
0.78738 0.44226
0.78739 0.44770
0.78740 0.45314
0.78740 0.45858
0.78741 0.46402
0.78742 0.46947
0.78743 0.47491
0.78744 0.48036
0.78744 0.48580
0.78745 0.49125
0.78746 0.49669
0.78747 0.50213
0.78748 0.50757
0.78748 0.51300
0.78749 0.51843
0.78750 0.52386
0.78751 0.52928
0.78752 0.53470
0.78752 0.54010
0.78753 0.54549
0.78754 0.55085
0.78755 0.55621
0.78756 0.56154
0.78756 0.56686
0.78757 0.57217
0.78758 0.57745
0.78759 0.58272
0.78760 0.58797
0.78760 0.59320
0.78761 0.59841
0.78762 0.60361
0.78763 0.60879
0.78764 0.61395
0.78764 0.61910
0.78765 0.62422
0.78766 0.62933
0.78767 0.63441
0.78768 0.63947
0.78768 0.64451
0.78769 0.64953
0.78770 0.65453
0.78771 0.65949
0.78772 0.66442
0.78772 0.66932
0.78773 0.67419
0.78774 0.67902
0.78775 0.68382
0.78776 0.68859
0.78776 0.69332
0.78777 0.69803
0.78778 0.70270
0.78779 0.70733
0.78780 0.71193
0.78780 0.71649
0.78781 0.72101
0.78782 0.72549
0.78783 0.72993
0.78784 0.73433
0.78784 0.73869
0.78785 0.74300
0.78786 0.74725
0.78787 0.75146
0.78788 0.75561
0.78788 0.75971
0.78789 0.76375
0.78790 0.76774
0.78791 0.77167
0.78792 0.77554
0.78792 0.77935
0.78793 0.78309
0.78794 0.78678
0.78795 0.79039
0.78796 0.79395
0.78796 0.79744
0.78797 0.80087
0.78798 0.80423
0.78799 0.80753
0.78800 0.81075
0.78800 0.81392
0.78801 0.81701
0.78802 0.82005
0.78803 0.82302
0.78804 0.82592
0.78804 0.82877
0.78805 0.83155
0.78806 0.83426
0.78807 0.83690
0.78808 0.83947
0.78808 0.84196
0.78809 0.84438
0.78810 0.84672
0.78811 0.84898
0.78812 0.85116
0.78812 0.85326
0.78813 0.85527
0.78814 0.85719
0.78815 0.85903
0.78816 0.86079
0.78816 0.86246
0.78817 0.86404
0.78818 0.86554
0.78819 0.86696
0.78820 0.86828
0.78820 0.86953
0.78821 0.87069
0.78822 0.87177
0.78823 0.87278
0.78824 0.87371
0.78824 0.87457
0.78825 0.87535
0.78826 0.87606
0.78827 0.87669
0.78828 0.87725
0.78828 0.87774
0.78829 0.87815
0.78830 0.87849
0.78831 0.87876
0.78832 0.87896
0.78832 0.87909
0.78833 0.87915
0.78834 0.87914
0.78835 0.87907
0.78836 0.87892
0.78836 0.87872
0.78837 0.87845
0.78838 0.87811
0.78839 0.87771
0.78840 0.87724
0.78840 0.87671
0.78841 0.87611
0.78842 0.87544
0.78843 0.87471
0.78844 0.87392
0.78844 0.87307
0.78845 0.87216
0.78846 0.87119
0.78847 0.87015
0.78848 0.86906
0.78848 0.86790
0.78849 0.86668
0.78850 0.86540
0.78851 0.86405
0.78852 0.86263
0.78852 0.86115
0.78853 0.85960
0.78854 0.85798
0.78855 0.85629
0.78856 0.85454
0.78856 0.85273
0.78857 0.85086
0.78858 0.84893
0.78859 0.84694
0.78860 0.84489
0.78860 0.84278
0.78861 0.84062
0.78862 0.83841
0.78863 0.83616
0.78864 0.83385
0.78864 0.83149
0.78865 0.82907
0.78866 0.82660
0.78867 0.82407
0.78868 0.82149
0.78868 0.81886
0.78869 0.81618
0.78870 0.81344
0.78871 0.81064
0.78872 0.80779
0.78872 0.80488
0.78873 0.80190
0.78874 0.79886
0.78875 0.79576
0.78876 0.79260
0.78876 0.78937
0.78877 0.78607
0.78878 0.78271
0.78879 0.77928
0.78880 0.77579
0.78880 0.77223
0.78881 0.76860
0.78882 0.76491
0.78883 0.76115
0.78884 0.75731
0.78884 0.75341
0.78885 0.74944
0.78886 0.74540
0.78887 0.74128
0.78888 0.73710
0.78888 0.73285
0.78889 0.72853
0.78890 0.72414
0.78891 0.71969
0.78892 0.71518
0.78892 0.71060
0.78893 0.70596
0.78894 0.70126
0.78895 0.69648
0.78896 0.69164
0.78896 0.68673
0.78897 0.68176
0.78898 0.67673
0.78899 0.67164
0.78900 0.66648
0.78900 0.66127
0.78901 0.65600
0.78902 0.65068
0.78903 0.64530
0.78904 0.63987
0.78904 0.63439
0.78905 0.62886
0.78906 0.62327
0.78907 0.61762
0.78908 0.61192
0.78908 0.60617
0.78909 0.60036
0.78910 0.59449
0.78911 0.58857
0.78912 0.58260
0.78912 0.57656
0.78913 0.57046
0.78914 0.56431
0.78915 0.55810
0.78916 0.55183
0.78916 0.54550
0.78917 0.53911
0.78918 0.53266
0.78919 0.52615
0.78920 0.51958
0.78920 0.51295
0.78921 0.50626
0.78922 0.49952
0.78923 0.49273
0.78924 0.48588
0.78924 0.47898
0.78925 0.47202
0.78926 0.46502
0.78927 0.45796
0.78928 0.45086
0.78928 0.44370
0.78929 0.43650
0.78930 0.42925
0.78931 0.42194
0.78932 0.41459
0.78932 0.40718
0.78933 0.39973
0.78934 0.39223
0.78935 0.38468
0.78936 0.37708
0.78936 0.36944
0.78937 0.36176
0.78938 0.35403
0.78939 0.34625
0.78940 0.33843
0.78940 0.33056
0.78941 0.32266
0.78942 0.31470
0.78943 0.30671
0.78944 0.29867
0.78944 0.29060
0.78945 0.28248
0.78946 0.27431
0.78947 0.26610
0.78948 0.25785
0.78948 0.24955
0.78949 0.24121
0.78950 0.23283
0.78951 0.22441
0.78952 0.21595
0.78952 0.20745
0.78953 0.19890
0.78954 0.19031
0.78955 0.18167
0.78956 0.17300
0.78956 0.16429
0.78957 0.15555
0.78958 0.14677
0.78959 0.13795
0.78960 0.12910
0.78960 0.12022
0.78961 0.11130
0.78962 0.10236
0.78963 0.09338
0.78964 0.08438
0.78964 0.07536
0.78965 0.06632
0.78966 0.05726
0.78967 0.04819
0.78968 0.03911
0.78968 0.03003
0.78969 0.02093
0.78970 0.01183
0.78971 0.00273
0.78972 -0.00639
0.78972 -0.01550
0.78973 -0.02462
0.78974 -0.03374
0.78975 -0.04285
0.78976 -0.05197
0.78976 -0.06108
0.78977 -0.07019
0.78978 -0.07930
0.78979 -0.08841
0.78980 -0.09752
0.78980 -0.10662
0.78981 -0.11572
0.78982 -0.12480
0.78983 -0.13387
0.78984 -0.14293
0.78984 -0.15199
0.78985 -0.16102
0.78986 -0.17004
0.78987 -0.17904
0.78988 -0.18803
0.78988 -0.19700
0.78989 -0.20595
0.78990 -0.21488
0.78991 -0.22380
0.78992 -0.23269
0.78992 -0.24158
0.78993 -0.25044
0.78994 -0.25928
0.78995 -0.26811
0.78996 -0.27690
0.78996 -0.28567
0.78997 -0.29440
0.78998 -0.30311
0.78999 -0.31179
0.79000 -0.32044
0.79000 -0.32906
0.79001 -0.33766
0.79002 -0.34623
0.79003 -0.35477
0.79004 -0.36327
0.79004 -0.37173
0.79005 -0.38016
0.79006 -0.38855
0.79007 -0.39690
0.79008 -0.40520
0.79008 -0.41347
0.79009 -0.42171
0.79010 -0.42989
0.79011 -0.43804
0.79012 -0.44615
0.79012 -0.45421
0.79013 -0.46224
0.79014 -0.47023
0.79015 -0.47819
0.79016 -0.48611
0.79016 -0.49401
0.79017 -0.50187
0.79018 -0.50970
0.79019 -0.51750
0.79020 -0.52527
0.79020 -0.53301
0.79021 -0.54073
0.79022 -0.54841
0.79023 -0.55606
0.79024 -0.56367
0.79024 -0.57126
0.79025 -0.57881
0.79026 -0.58632
0.79027 -0.59380
0.79028 -0.60125
0.79028 -0.60865
0.79029 -0.61600
0.79030 -0.62331
0.79031 -0.63059
0.79032 -0.63782
0.79032 -0.64501
0.79033 -0.65215
0.79034 -0.65924
0.79035 -0.66629
0.79036 -0.67329
0.79036 -0.68025
0.79037 -0.68717
0.79038 -0.69405
0.79039 -0.70088
0.79040 -0.70768
0.79040 -0.71443
0.79041 -0.72114
0.79042 -0.72780
0.79043 -0.73442
0.79044 -0.74099
0.79044 -0.74752
0.79045 -0.75402
0.79046 -0.76047
0.79047 -0.76689
0.79048 -0.77326
0.79048 -0.77959
0.79049 -0.78588
0.79050 -0.79211
0.79051 -0.79830
0.79052 -0.80444
0.79052 -0.81054
0.79053 -0.81658
0.79054 -0.82259
0.79055 -0.82855
0.79056 -0.83447
0.79056 -0.84035
0.79057 -0.84619
0.79058 -0.85199
0.79059 -0.85775
0.79060 -0.86346
0.79060 -0.86914
0.79061 -0.87478
0.79062 -0.88038
0.79063 -0.88593
0.79064 -0.89144
0.79064 -0.89690
0.79065 -0.90231
0.79066 -0.90766
0.79067 -0.91296
0.79068 -0.91821
0.79068 -0.92340
0.79069 -0.92853
0.79070 -0.93360
0.79071 -0.93861
0.79072 -0.94357
0.79072 -0.94846
0.79073 -0.95328
0.79074 -0.95804
0.79075 -0.96274
0.79076 -0.96737
0.79076 -0.97193
0.79077 -0.97643
0.79078 -0.98086
0.79079 -0.98522
0.79080 -0.98952
0.79080 -0.99376
0.79081 -0.99794
0.79082 -1.00205
0.79083 -1.00610
0.79084 -1.01010
0.79084 -1.01403
0.79085 -1.01790
0.79086 -1.02171
0.79087 -1.02546
0.79088 -1.02914
0.79088 -1.03274
0.79089 -1.03628
0.79090 -1.03974
0.79091 -1.04313
0.79092 -1.04644
0.79092 -1.04967
0.79093 -1.05282
0.79094 -1.05589
0.79095 -1.05888
0.79096 -1.06178
0.79096 -1.06460
0.79097 -1.06733
0.79098 -1.06998
0.79099 -1.07254
0.79100 -1.07502
0.79100 -1.07741
0.79101 -1.07972
0.79102 -1.08195
0.79103 -1.08410
0.79104 -1.08616
0.79104 -1.08813
0.79105 -1.09002
0.79106 -1.09182
0.79107 -1.09353
0.79108 -1.09515
0.79108 -1.09667
0.79109 -1.09810
0.79110 -1.09943
0.79111 -1.10066
0.79112 -1.10179
0.79112 -1.10282
0.79113 -1.10375
0.79114 -1.10458
0.79115 -1.10531
0.79116 -1.10594
0.79116 -1.10647
0.79117 -1.10691
0.79118 -1.10724
0.79119 -1.10748
0.79120 -1.10762
0.79120 -1.10766
0.79121 -1.10761
0.79122 -1.10745
0.79123 -1.10721
0.79124 -1.10688
0.79124 -1.10646
0.79125 -1.10595
0.79126 -1.10536
0.79127 -1.10468
0.79128 -1.10391
0.79128 -1.10306
0.79129 -1.10213
0.79130 -1.10111
0.79131 -1.10000
0.79132 -1.09879
0.79132 -1.09750
0.79133 -1.09612
0.79134 -1.09465
0.79135 -1.09308
0.79136 -1.09142
0.79136 -1.08966
0.79137 -1.08781
0.79138 -1.08587
0.79139 -1.08385
0.79140 -1.08173
0.79140 -1.07953
0.79141 -1.07724
0.79142 -1.07487
0.79143 -1.07241
0.79144 -1.06986
0.79144 -1.06723
0.79145 -1.06452
0.79146 -1.06172
0.79147 -1.05884
0.79148 -1.05588
0.79148 -1.05283
0.79149 -1.04970
0.79150 -1.04648
0.79151 -1.04317
0.79152 -1.03978
0.79152 -1.03630
0.79153 -1.03273
0.79154 -1.02907
0.79155 -1.02533
0.79156 -1.02149
0.79156 -1.01757
0.79157 -1.01357
0.79158 -1.00948
0.79159 -1.00531
0.79160 -1.00106
0.79160 -0.99673
0.79161 -0.99232
0.79162 -0.98783
0.79163 -0.98326
0.79164 -0.97862
0.79164 -0.97391
0.79165 -0.96912
0.79166 -0.96426
0.79167 -0.95932
0.79168 -0.95430
0.79168 -0.94921
0.79169 -0.94405
0.79170 -0.93880
0.79171 -0.93348
0.79172 -0.92808
0.79172 -0.92261
0.79173 -0.91706
0.79174 -0.91143
0.79175 -0.90571
0.79176 -0.89992
0.79176 -0.89405
0.79177 -0.88810
0.79178 -0.88207
0.79179 -0.87596
0.79180 -0.86977
0.79180 -0.86351
0.79181 -0.85718
0.79182 -0.85077
0.79183 -0.84429
0.79184 -0.83775
0.79184 -0.83114
0.79185 -0.82446
0.79186 -0.81771
0.79187 -0.81091
0.79188 -0.80403
0.79188 -0.79710
0.79189 -0.79010
0.79190 -0.78304
0.79191 -0.77592
0.79192 -0.76874
0.79192 -0.76150
0.79193 -0.75420
0.79194 -0.74684
0.79195 -0.73942
0.79196 -0.73195
0.79196 -0.72443
0.79197 -0.71685
0.79198 -0.70922
0.79199 -0.70153
0.79200 -0.69380
0.79200 -0.68601
0.79201 -0.67818
0.79202 -0.67030
0.79203 -0.66238
0.79204 -0.65441
0.79204 -0.64640
0.79205 -0.63835
0.79206 -0.63025
0.79207 -0.62212
0.79208 -0.61394
0.79208 -0.60573
0.79209 -0.59748
0.79210 -0.58918
0.79211 -0.58085
0.79212 -0.57248
0.79212 -0.56408
0.79213 -0.55563
0.79214 -0.54715
0.79215 -0.53864
0.79216 -0.53009
0.79216 -0.52151
0.79217 -0.51291
0.79218 -0.50427
0.79219 -0.49561
0.79220 -0.48693
0.79220 -0.47823
0.79221 -0.46951
0.79222 -0.46077
0.79223 -0.45202
0.79224 -0.44325
0.79224 -0.43447
0.79225 -0.42568
0.79226 -0.41689
0.79227 -0.40809
0.79228 -0.39928
0.79228 -0.39047
0.79229 -0.38165
0.79230 -0.37282
0.79231 -0.36399
0.79232 -0.35515
0.79232 -0.34630
0.79233 -0.33745
0.79234 -0.32859
0.79235 -0.31972
0.79236 -0.31084
0.79236 -0.30195
0.79237 -0.29306
0.79238 -0.28416
0.79239 -0.27526
0.79240 -0.26635
0.79240 -0.25744
0.79241 -0.24854
0.79242 -0.23963
0.79243 -0.23073
0.79244 -0.22183
0.79244 -0.21295
0.79245 -0.20407
0.79246 -0.19521
0.79247 -0.18635
0.79248 -0.17752
0.79248 -0.16869
0.79249 -0.15988
0.79250 -0.15110
0.79251 -0.14234
0.79252 -0.13360
0.79252 -0.12489
0.79253 -0.11620
0.79254 -0.10754
0.79255 -0.09890
0.79256 -0.09029
0.79256 -0.08171
0.79257 -0.07316
0.79258 -0.06463
0.79259 -0.05614
0.79260 -0.04768
0.79260 -0.03926
0.79261 -0.03087
0.79262 -0.02252
0.79263 -0.01421
0.79264 -0.00594
0.79264 0.00230
0.79265 0.01051
0.79266 0.01867
0.79267 0.02680
0.79268 0.03489
0.79268 0.04294
0.79269 0.05096
0.79270 0.05895
0.79271 0.06690
0.79272 0.07481
0.79272 0.08269
0.79273 0.09054
0.79274 0.09835
0.79275 0.10614
0.79276 0.11391
0.79276 0.12165
0.79277 0.12936
0.79278 0.13705
0.79279 0.14470
0.79280 0.15233
0.79280 0.15991
0.79281 0.16747
0.79282 0.17499
0.79283 0.18247
0.79284 0.18990
0.79284 0.19729
0.79285 0.20464
0.79286 0.21195
0.79287 0.21919
0.79288 0.22639
0.79288 0.23354
0.79289 0.24063
0.79290 0.24766
0.79291 0.25465
0.79292 0.26159
0.79292 0.26848
0.79293 0.27531
0.79294 0.28211
0.79295 0.28886
0.79296 0.29557
0.79296 0.30224
0.79297 0.30888
0.79298 0.31548
0.79299 0.32203
0.79300 0.32855
0.79300 0.33504
0.79301 0.34149
0.79302 0.34792
0.79303 0.35431
0.79304 0.36068
0.79304 0.36701
0.79305 0.37330
0.79306 0.37956
0.79307 0.38578
0.79308 0.39197
0.79308 0.39812
0.79309 0.40425
0.79310 0.41034
0.79311 0.41640
0.79312 0.42243
0.79312 0.42842
0.79313 0.43438
0.79314 0.44031
0.79315 0.44620
0.79316 0.45206
0.79316 0.45787
0.79317 0.46365
0.79318 0.46938
0.79319 0.47507
0.79320 0.48072
0.79320 0.48632
0.79321 0.49187
0.79322 0.49738
0.79323 0.50284
0.79324 0.50825
0.79324 0.51360
0.79325 0.51890
0.79326 0.52413
0.79327 0.52931
0.79328 0.53442
0.79328 0.53947
0.79329 0.54447
0.79330 0.54941
0.79331 0.55429
0.79332 0.55911
0.79332 0.56388
0.79333 0.56859
0.79334 0.57325
0.79335 0.57786
0.79336 0.58242
0.79336 0.58693
0.79337 0.59140
0.79338 0.59583
0.79339 0.60021
0.79340 0.60455
0.79340 0.60884
0.79341 0.61309
0.79342 0.61729
0.79343 0.62144
0.79344 0.62555
0.79344 0.62960
0.79345 0.63359
0.79346 0.63752
0.79347 0.64139
0.79348 0.64519
0.79348 0.64893
0.79349 0.65260
0.79350 0.65621
0.79351 0.65975
0.79352 0.66322
0.79352 0.66661
0.79353 0.66993
0.79354 0.67317
0.79355 0.67633
0.79356 0.67943
0.79356 0.68244
0.79357 0.68539
0.79358 0.68825
0.79359 0.69104
0.79360 0.69375
0.79360 0.69636
0.79361 0.69890
0.79362 0.70135
0.79363 0.70371
0.79364 0.70599
0.79364 0.70817
0.79365 0.71027
0.79366 0.71229
0.79367 0.71422
0.79368 0.71606
0.79368 0.71783
0.79369 0.71950
0.79370 0.72110
0.79371 0.72262
0.79372 0.72405
0.79372 0.72540
0.79373 0.72666
0.79374 0.72784
0.79375 0.72894
0.79376 0.72996
0.79376 0.73089
0.79377 0.73174
0.79378 0.73252
0.79379 0.73320
0.79380 0.73380
0.79380 0.73432
0.79381 0.73475
0.79382 0.73509
0.79383 0.73533
0.79384 0.73549
0.79384 0.73556
0.79385 0.73553
0.79386 0.73541
0.79387 0.73519
0.79388 0.73488
0.79388 0.73446
0.79389 0.73394
0.79390 0.73331
0.79391 0.73258
0.79392 0.73175
0.79392 0.73081
0.79393 0.72976
0.79394 0.72860
0.79395 0.72735
0.79396 0.72601
0.79396 0.72457
0.79397 0.72304
0.79398 0.72142
0.79399 0.71970
0.79400 0.71789
0.79400 0.71598
0.79401 0.71398
0.79402 0.71189
0.79403 0.70970
0.79404 0.70742
0.79404 0.70504
0.79405 0.70258
0.79406 0.70002
0.79407 0.69737
0.79408 0.69463
0.79408 0.69180
0.79409 0.68887
0.79410 0.68586
0.79411 0.68276
0.79412 0.67958
0.79412 0.67631
0.79413 0.67296
0.79414 0.66952
0.79415 0.66600
0.79416 0.66239
0.79416 0.65870
0.79417 0.65491
0.79418 0.65104
0.79419 0.64708
0.79420 0.64302
0.79420 0.63888
0.79421 0.63464
0.79422 0.63032
0.79423 0.62591
0.79424 0.62141
0.79424 0.61683
0.79425 0.61217
0.79426 0.60742
0.79427 0.60258
0.79428 0.59765
0.79428 0.59264
0.79429 0.58755
0.79430 0.58237
0.79431 0.57712
0.79432 0.57178
0.79432 0.56637
0.79433 0.56089
0.79434 0.55534
0.79435 0.54971
0.79436 0.54400
0.79436 0.53822
0.79437 0.53238
0.79438 0.52646
0.79439 0.52048
0.79440 0.51443
0.79440 0.50833
0.79441 0.50217
0.79442 0.49595
0.79443 0.48968
0.79444 0.48336
0.79444 0.47700
0.79445 0.47058
0.79446 0.46411
0.79447 0.45757
0.79448 0.45098
0.79448 0.44434
0.79449 0.43764
0.79450 0.43090
0.79451 0.42411
0.79452 0.41728
0.79452 0.41041
0.79453 0.40350
0.79454 0.39655
0.79455 0.38956
0.79456 0.38253
0.79456 0.37548
0.79457 0.36839
0.79458 0.36127
0.79459 0.35412
0.79460 0.34694
0.79460 0.33973
0.79461 0.33249
0.79462 0.32522
0.79463 0.31792
0.79464 0.31059
0.79464 0.30324
0.79465 0.29587
0.79466 0.28848
0.79467 0.28107
0.79468 0.27364
0.79468 0.26618
0.79469 0.25871
0.79470 0.25123
0.79471 0.24372
0.79472 0.23621
0.79472 0.22867
0.79473 0.22113
0.79474 0.21357
0.79475 0.20600
0.79476 0.19841
0.79476 0.19083
0.79477 0.18323
0.79478 0.17564
0.79479 0.16804
0.79480 0.16043
0.79480 0.15282
0.79481 0.14520
0.79482 0.13756
0.79483 0.12992
0.79484 0.12226
0.79484 0.11459
0.79485 0.10691
0.79486 0.09922
0.79487 0.09152
0.79488 0.08382
0.79488 0.07610
0.79489 0.06838
0.79490 0.06065
0.79491 0.05291
0.79492 0.04516
0.79492 0.03739
0.79493 0.02960
0.79494 0.02179
0.79495 0.01395
0.79496 0.00609
0.79496 -0.00178
0.79497 -0.00968
0.79498 -0.01759
0.79499 -0.02552
0.79500 -0.03347
0.79500 -0.04145
0.79501 -0.04945
0.79502 -0.05748
0.79503 -0.06553
0.79504 -0.07362
0.79504 -0.08174
0.79505 -0.08988
0.79506 -0.09806
0.79507 -0.10626
0.79508 -0.11450
0.79508 -0.12276
0.79509 -0.13105
0.79510 -0.13937
0.79511 -0.14772
0.79512 -0.15609
0.79512 -0.16449
0.79513 -0.17291
0.79514 -0.18135
0.79515 -0.18982
0.79516 -0.19831
0.79516 -0.20683
0.79517 -0.21537
0.79518 -0.22392
0.79519 -0.23249
0.79520 -0.24107
0.79520 -0.24966
0.79521 -0.25827
0.79522 -0.26688
0.79523 -0.27551
0.79524 -0.28415
0.79524 -0.29281
0.79525 -0.30149
0.79526 -0.31018
0.79527 -0.31889
0.79528 -0.32761
0.79528 -0.33635
0.79529 -0.34511
0.79530 -0.35387
0.79531 -0.36265
0.79532 -0.37143
0.79532 -0.38022
0.79533 -0.38900
0.79534 -0.39779
0.79535 -0.40656
0.79536 -0.41534
0.79536 -0.42411
0.79537 -0.43287
0.79538 -0.44163
0.79539 -0.45038
0.79540 -0.45912
0.79540 -0.46785
0.79541 -0.47657
0.79542 -0.48527
0.79543 -0.49395
0.79544 -0.50260
0.79544 -0.51123
0.79545 -0.51983
0.79546 -0.52840
0.79547 -0.53695
0.79548 -0.54547
0.79548 -0.55396
0.79549 -0.56242
0.79550 -0.57083
0.79551 -0.57921
0.79552 -0.58754
0.79552 -0.59584
0.79553 -0.60409
0.79554 -0.61230
0.79555 -0.62046
0.79556 -0.62857
0.79556 -0.63663
0.79557 -0.64463
0.79558 -0.65258
0.79559 -0.66048
0.79560 -0.66831
0.79560 -0.67610
0.79561 -0.68382
0.79562 -0.69149
0.79563 -0.69909
0.79564 -0.70664
0.79564 -0.71412
0.79565 -0.72153
0.79566 -0.72888
0.79567 -0.73616
0.79568 -0.74337
0.79568 -0.75052
0.79569 -0.75760
0.79570 -0.76462
0.79571 -0.77157
0.79572 -0.77846
0.79572 -0.78528
0.79573 -0.79203
0.79574 -0.79871
0.79575 -0.80532
0.79576 -0.81184
0.79576 -0.81829
0.79577 -0.82466
0.79578 -0.83096
0.79579 -0.83717
0.79580 -0.84331
0.79580 -0.84936
0.79581 -0.85533
0.79582 -0.86122
0.79583 -0.86702
0.79584 -0.87274
0.79584 -0.87839
0.79585 -0.88395
0.79586 -0.88944
0.79587 -0.89485
0.79588 -0.90017
0.79588 -0.90543
0.79589 -0.91060
0.79590 -0.91570
0.79591 -0.92072
0.79592 -0.92566
0.79592 -0.93053
0.79593 -0.93532
0.79594 -0.94004
0.79595 -0.94469
0.79596 -0.94925
0.79596 -0.95373
0.79597 -0.95813
0.79598 -0.96244
0.79599 -0.96667
0.79600 -0.97081
0.79600 -0.97488
0.79601 -0.97885
0.79602 -0.98275
0.79603 -0.98656
0.79604 -0.99028
0.79604 -0.99391
0.79605 -0.99746
0.79606 -1.00092
0.79607 -1.00429
0.79608 -1.00758
0.79608 -1.01079
0.79609 -1.01392
0.79610 -1.01698
0.79611 -1.01995
0.79612 -1.02285
0.79612 -1.02566
0.79613 -1.02840
0.79614 -1.03106
0.79615 -1.03364
0.79616 -1.03615
0.79616 -1.03858
0.79617 -1.04095
0.79618 -1.04324
0.79619 -1.04546
0.79620 -1.04761
0.79620 -1.04968
0.79621 -1.05168
0.79622 -1.05360
0.79623 -1.05545
0.79624 -1.05721
0.79624 -1.05891
0.79625 -1.06053
0.79626 -1.06207
0.79627 -1.06355
0.79628 -1.06495
0.79628 -1.06627
0.79629 -1.06753
0.79630 -1.06870
0.79631 -1.06981
0.79632 -1.07084
0.79632 -1.07179
0.79633 -1.07268
0.79634 -1.07349
0.79635 -1.07422
0.79636 -1.07488
0.79636 -1.07546
0.79637 -1.07597
0.79638 -1.07639
0.79639 -1.07673
0.79640 -1.07699
0.79640 -1.07717
0.79641 -1.07725
0.79642 -1.07726
0.79643 -1.07717
0.79644 -1.07698
0.79644 -1.07672
0.79645 -1.07636
0.79646 -1.07591
0.79647 -1.07538
0.79648 -1.07477
0.79648 -1.07407
0.79649 -1.07328
0.79650 -1.07240
0.79651 -1.07144
0.79652 -1.07038
0.79652 -1.06924
0.79653 -1.06801
0.79654 -1.06669
0.79655 -1.06528
0.79656 -1.06379
0.79656 -1.06221
0.79657 -1.06054
0.79658 -1.05878
0.79659 -1.05692
0.79660 -1.05496
0.79660 -1.05291
0.79661 -1.05075
0.79662 -1.04849
0.79663 -1.04612
0.79664 -1.04366
0.79664 -1.04110
0.79665 -1.03844
0.79666 -1.03567
0.79667 -1.03280
0.79668 -1.02982
0.79668 -1.02674
0.79669 -1.02355
0.79670 -1.02024
0.79671 -1.01683
0.79672 -1.01332
0.79672 -1.00969
0.79673 -1.00596
0.79674 -1.00211
0.79675 -0.99816
0.79676 -0.99409
0.79676 -0.98991
0.79677 -0.98561
0.79678 -0.98121
0.79679 -0.97669
0.79680 -0.97207
0.79680 -0.96733
0.79681 -0.96248
0.79682 -0.95753
0.79683 -0.95247
0.79684 -0.94730
0.79684 -0.94201
0.79685 -0.93662
0.79686 -0.93111
0.79687 -0.92550
0.79688 -0.91977
0.79688 -0.91394
0.79689 -0.90800
0.79690 -0.90195
0.79691 -0.89580
0.79692 -0.88955
0.79692 -0.88320
0.79693 -0.87676
0.79694 -0.87022
0.79695 -0.86359
0.79696 -0.85687
0.79696 -0.85005
0.79697 -0.84313
0.79698 -0.83612
0.79699 -0.82901
0.79700 -0.82182
0.79700 -0.81455
0.79701 -0.80719
0.79702 -0.79974
0.79703 -0.79221
0.79704 -0.78460
0.79704 -0.77691
0.79705 -0.76914
0.79706 -0.76129
0.79707 -0.75336
0.79708 -0.74536
0.79708 -0.73728
0.79709 -0.72913
0.79710 -0.72091
0.79711 -0.71263
0.79712 -0.70428
0.79712 -0.69587
0.79713 -0.68740
0.79714 -0.67886
0.79715 -0.67027
0.79716 -0.66161
0.79716 -0.65290
0.79717 -0.64412
0.79718 -0.63529
0.79719 -0.62640
0.79720 -0.61746
0.79720 -0.60846
0.79721 -0.59941
0.79722 -0.59031
0.79723 -0.58116
0.79724 -0.57198
0.79724 -0.56275
0.79725 -0.55348
0.79726 -0.54417
0.79727 -0.53483
0.79728 -0.52545
0.79728 -0.51603
0.79729 -0.50658
0.79730 -0.49709
0.79731 -0.48757
0.79732 -0.47801
0.79732 -0.46842
0.79733 -0.45880
0.79734 -0.44915
0.79735 -0.43948
0.79736 -0.42978
0.79736 -0.42007
0.79737 -0.41033
0.79738 -0.40057
0.79739 -0.39079
0.79740 -0.38099
0.79740 -0.37118
0.79741 -0.36135
0.79742 -0.35151
0.79743 -0.34165
0.79744 -0.33177
0.79744 -0.32188
0.79745 -0.31198
0.79746 -0.30206
0.79747 -0.29214
0.79748 -0.28222
0.79748 -0.27229
0.79749 -0.26235
0.79750 -0.25240
0.79751 -0.24245
0.79752 -0.23250
0.79752 -0.22254
0.79753 -0.21257
0.79754 -0.20261
0.79755 -0.19263
0.79756 -0.18266
0.79756 -0.17269
0.79757 -0.16272
0.79758 -0.15275
0.79759 -0.14279
0.79760 -0.13284
0.79760 -0.12290
0.79761 -0.11296
0.79762 -0.10304
0.79763 -0.09313
0.79764 -0.08323
0.79764 -0.07335
0.79765 -0.06349
0.79766 -0.05365
0.79767 -0.04383
0.79768 -0.03403
0.79768 -0.02426
0.79769 -0.01452
0.79770 -0.00480
0.79771 0.00488
0.79772 0.01453
0.79772 0.02415
0.79773 0.03374
0.79774 0.04330
0.79775 0.05283
0.79776 0.06232
0.79776 0.07179
0.79777 0.08123
0.79778 0.09063
0.79779 0.10001
0.79780 0.10934
0.79780 0.11864
0.79781 0.12790
0.79782 0.13712
0.79783 0.14630
0.79784 0.15544
0.79784 0.16454
0.79785 0.17359
0.79786 0.18261
0.79787 0.19158
0.79788 0.20051
0.79788 0.20939
0.79789 0.21823
0.79790 0.22703
0.79791 0.23578
0.79792 0.24449
0.79792 0.25315
0.79793 0.26176
0.79794 0.27033
0.79795 0.27885
0.79796 0.28733
0.79796 0.29576
0.79797 0.30416
0.79798 0.31251
0.79799 0.32081
0.79800 0.32907
0.79800 0.33728
0.79801 0.34544
0.79802 0.35355
0.79803 0.36161
0.79804 0.36962
0.79804 0.37758
0.79805 0.38548
0.79806 0.39333
0.79807 0.40113
0.79808 0.40889
0.79808 0.41660
0.79809 0.42426
0.79810 0.43188
0.79811 0.43946
0.79812 0.44699
0.79812 0.45448
0.79813 0.46193
0.79814 0.46934
0.79815 0.47670
0.79816 0.48404
0.79816 0.49133
0.79817 0.49859
0.79818 0.50582
0.79819 0.51301
0.79820 0.52016
0.79820 0.52728
0.79821 0.53437
0.79822 0.54141
0.79823 0.54842
0.79824 0.55539
0.79824 0.56231
0.79825 0.56919
0.79826 0.57602
0.79827 0.58281
0.79828 0.58955
0.79828 0.59624
0.79829 0.60288
0.79830 0.60947
0.79831 0.61601
0.79832 0.62251
0.79832 0.62897
0.79833 0.63537
0.79834 0.64173
0.79835 0.64805
0.79836 0.65431
0.79836 0.66053
0.79837 0.66669
0.79838 0.67281
0.79839 0.67886
0.79840 0.68487
0.79840 0.69081
0.79841 0.69671
0.79842 0.70255
0.79843 0.70833
0.79844 0.71406
0.79844 0.71973
0.79845 0.72534
0.79846 0.73089
0.79847 0.73637
0.79848 0.74179
0.79848 0.74715
0.79849 0.75245
0.79850 0.75768
0.79851 0.76284
0.79852 0.76794
0.79852 0.77298
0.79853 0.77796
0.79854 0.78287
0.79855 0.78773
0.79856 0.79252
0.79856 0.79724
0.79857 0.80189
0.79858 0.80647
0.79859 0.81097
0.79860 0.81541
0.79860 0.81977
0.79861 0.82406
0.79862 0.82827
0.79863 0.83240
0.79864 0.83645
0.79864 0.84043
0.79865 0.84432
0.79866 0.84813
0.79867 0.85187
0.79868 0.85552
0.79868 0.85908
0.79869 0.86257
0.79870 0.86597
0.79871 0.86930
0.79872 0.87255
0.79872 0.87573
0.79873 0.87883
0.79874 0.88187
0.79875 0.88483
0.79876 0.88773
0.79876 0.89055
0.79877 0.89331
0.79878 0.89600
0.79879 0.89862
0.79880 0.90117
0.79880 0.90366
0.79881 0.90607
0.79882 0.90842
0.79883 0.91070
0.79884 0.91290
0.79884 0.91503
0.79885 0.91709
0.79886 0.91909
0.79887 0.92101
0.79888 0.92287
0.79888 0.92466
0.79889 0.92639
0.79890 0.92805
0.79891 0.92965
0.79892 0.93119
0.79892 0.93266
0.79893 0.93408
0.79894 0.93543
0.79895 0.93672
0.79896 0.93796
0.79896 0.93913
0.79897 0.94025
0.79898 0.94131
0.79899 0.94231
0.79900 0.94326
0.79900 0.94416
0.79901 0.94501
0.79902 0.94581
0.79903 0.94655
0.79904 0.94725
0.79904 0.94789
0.79905 0.94849
0.79906 0.94904
0.79907 0.94954
0.79908 0.95000
0.79908 0.95041
0.79909 0.95079
0.79910 0.95113
0.79911 0.95143
0.79912 0.95169
0.79912 0.95191
0.79913 0.95210
0.79914 0.95226
0.79915 0.95240
0.79916 0.95249
0.79916 0.95256
0.79917 0.95258
0.79918 0.95258
0.79919 0.95254
0.79920 0.95246
0.79920 0.95235
0.79921 0.95221
0.79922 0.95202
0.79923 0.95179
0.79924 0.95151
0.79924 0.95120
0.79925 0.95084
0.79926 0.95045
0.79927 0.95001
0.79928 0.94953
0.79928 0.94901
0.79929 0.94844
0.79930 0.94784
0.79931 0.94718
0.79932 0.94649
0.79932 0.94575
0.79933 0.94497
0.79934 0.94415
0.79935 0.94329
0.79936 0.94239
0.79936 0.94145
0.79937 0.94047
0.79938 0.93945
0.79939 0.93839
0.79940 0.93730
0.79940 0.93617
0.79941 0.93500
0.79942 0.93378
0.79943 0.93252
0.79944 0.93121
0.79944 0.92986
0.79945 0.92845
0.79946 0.92700
0.79947 0.92551
0.79948 0.92397
0.79948 0.92238
0.79949 0.92074
0.79950 0.91906
0.79951 0.91731
0.79952 0.91552
0.79952 0.91366
0.79953 0.91175
0.79954 0.90979
0.79955 0.90777
0.79956 0.90569
0.79956 0.90356
0.79957 0.90137
0.79958 0.89910
0.79959 0.89678
0.79960 0.89438
0.79960 0.89192
0.79961 0.88939
0.79962 0.88680
0.79963 0.88413
0.79964 0.88138
0.79964 0.87855
0.79965 0.87565
0.79966 0.87266
0.79967 0.86961
0.79968 0.86648
0.79968 0.86327
0.79969 0.85999
0.79970 0.85663
0.79971 0.85319
0.79972 0.84967
0.79972 0.84608
0.79973 0.84242
0.79974 0.83868
0.79975 0.83487
0.79976 0.83099
0.79976 0.82703
0.79977 0.82300
0.79978 0.81890
0.79979 0.81473
0.79980 0.81048
0.79980 0.80616
0.79981 0.80177
0.79982 0.79732
0.79983 0.79279
0.79984 0.78818
0.79984 0.78351
0.79985 0.77877
0.79986 0.77395
0.79987 0.76906
0.79988 0.76410
0.79988 0.75907
0.79989 0.75396
0.79990 0.74878
0.79991 0.74352
0.79992 0.73819
0.79992 0.73280
0.79993 0.72734
0.79994 0.72181
0.79995 0.71622
0.79996 0.71057
0.79996 0.70486
0.79997 0.69908
0.79998 0.69324
0.79999 0.68733
0.80000 0.68137
0.80000 0.67535
0.80001 0.66928
0.80002 0.66315
0.80003 0.65696
0.80004 0.65073
0.80004 0.64444
0.80005 0.63809
0.80006 0.63170
0.80007 0.62526
0.80008 0.61877
0.80008 0.61224
0.80009 0.60565
0.80010 0.59903
0.80011 0.59236
0.80012 0.58565
0.80012 0.57890
0.80013 0.57211
0.80014 0.56529
0.80015 0.55844
0.80016 0.55155
0.80016 0.54464
0.80017 0.53770
0.80018 0.53073
0.80019 0.52373
0.80020 0.51671
0.80020 0.50966
0.80021 0.50259
0.80022 0.49550
0.80023 0.48837
0.80024 0.48122
0.80024 0.47405
0.80025 0.46685
0.80026 0.45962
0.80027 0.45237
0.80028 0.44509
0.80028 0.43779
0.80029 0.43046
0.80030 0.42312
0.80031 0.41575
0.80032 0.40836
0.80032 0.40094
0.80033 0.39351
0.80034 0.38606
0.80035 0.37858
0.80036 0.37109
0.80036 0.36358
0.80037 0.35606
0.80038 0.34852
0.80039 0.34097
0.80040 0.33341
0.80040 0.32584
0.80041 0.31825
0.80042 0.31066
0.80043 0.30306
0.80044 0.29545
0.80044 0.28782
0.80045 0.28019
0.80046 0.27255
0.80047 0.26489
0.80048 0.25723
0.80048 0.24956
0.80049 0.24188
0.80050 0.23420
0.80051 0.22650
0.80052 0.21880
0.80052 0.21110
0.80053 0.20338
0.80054 0.19567
0.80055 0.18794
0.80056 0.18021
0.80056 0.17249
0.80057 0.16476
0.80058 0.15703
0.80059 0.14931
0.80060 0.14159
0.80060 0.13387
0.80061 0.12616
0.80062 0.11846
0.80063 0.11077
0.80064 0.10308
0.80064 0.09540
0.80065 0.08773
0.80066 0.08007
0.80067 0.07243
0.80068 0.06480
0.80068 0.05717
0.80069 0.04957
0.80070 0.04197
0.80071 0.03439
0.80072 0.02683
0.80072 0.01929
0.80073 0.01176
0.80074 0.00426
0.80075 -0.00322
0.80076 -0.01068
0.80076 -0.01810
0.80077 -0.02550
0.80078 -0.03286
0.80079 -0.04020
0.80080 -0.04750
0.80080 -0.05476
0.80081 -0.06198
0.80082 -0.06917
0.80083 -0.07631
0.80084 -0.08341
0.80084 -0.09047
0.80085 -0.09748
0.80086 -0.10444
0.80087 -0.11135
0.80088 -0.11822
0.80088 -0.12504
0.80089 -0.13181
0.80090 -0.13854
0.80091 -0.14522
0.80092 -0.15185
0.80092 -0.15843
0.80093 -0.16496
0.80094 -0.17144
0.80095 -0.17786
0.80096 -0.18423
0.80096 -0.19054
0.80097 -0.19680
0.80098 -0.20300
0.80099 -0.20913
0.80100 -0.21521
0.80100 -0.22123
0.80101 -0.22718
0.80102 -0.23308
0.80103 -0.23890
0.80104 -0.24467
0.80104 -0.25037
0.80105 -0.25601
0.80106 -0.26158
0.80107 -0.26710
0.80108 -0.27256
0.80108 -0.27796
0.80109 -0.28331
0.80110 -0.28859
0.80111 -0.29382
0.80112 -0.29899
0.80112 -0.30410
0.80113 -0.30915
0.80114 -0.31415
0.80115 -0.31908
0.80116 -0.32397
0.80116 -0.32880
0.80117 -0.33358
0.80118 -0.33831
0.80119 -0.34298
0.80120 -0.34760
0.80120 -0.35216
0.80121 -0.35667
0.80122 -0.36112
0.80123 -0.36551
0.80124 -0.36984
0.80124 -0.37411
0.80125 -0.37833
0.80126 -0.38248
0.80127 -0.38659
0.80128 -0.39064
0.80128 -0.39464
0.80129 -0.39859
0.80130 -0.40248
0.80131 -0.40633
0.80132 -0.41014
0.80132 -0.41389
0.80133 -0.41760
0.80134 -0.42125
0.80135 -0.42487
0.80136 -0.42844
0.80136 -0.43197
0.80137 -0.43546
0.80138 -0.43891
0.80139 -0.44231
0.80140 -0.44567
0.80140 -0.44898
0.80141 -0.45224
0.80142 -0.45546
0.80143 -0.45863
0.80144 -0.46174
0.80144 -0.46481
0.80145 -0.46782
0.80146 -0.47079
0.80147 -0.47371
0.80148 -0.47658
0.80148 -0.47940
0.80149 -0.48217
0.80150 -0.48490
0.80151 -0.48759
0.80152 -0.49023
0.80152 -0.49283
0.80153 -0.49538
0.80154 -0.49789
0.80155 -0.50035
0.80156 -0.50276
0.80156 -0.50513
0.80157 -0.50744
0.80158 -0.50970
0.80159 -0.51190
0.80160 -0.51404
0.80160 -0.51613
0.80161 -0.51815
0.80162 -0.52011
0.80163 -0.52201
0.80164 -0.52386
0.80164 -0.52565
0.80165 -0.52738
0.80166 -0.52904
0.80167 -0.53064
0.80168 -0.53218
0.80168 -0.53365
0.80169 -0.53505
0.80170 -0.53639
0.80171 -0.53766
0.80172 -0.53887
0.80172 -0.54001
0.80173 -0.54109
0.80174 -0.54211
0.80175 -0.54307
0.80176 -0.54396
0.80176 -0.54479
0.80177 -0.54555
0.80178 -0.54624
0.80179 -0.54686
0.80180 -0.54742
0.80180 -0.54790
0.80181 -0.54831
0.80182 -0.54864
0.80183 -0.54890
0.80184 -0.54908
0.80184 -0.54919
0.80185 -0.54921
0.80186 -0.54915
0.80187 -0.54901
0.80188 -0.54877
0.80188 -0.54845
0.80189 -0.54805
0.80190 -0.54755
0.80191 -0.54698
0.80192 -0.54632
0.80192 -0.54557
0.80193 -0.54475
0.80194 -0.54384
0.80195 -0.54286
0.80196 -0.54180
0.80196 -0.54066
0.80197 -0.53944
0.80198 -0.53815
0.80199 -0.53677
0.80200 -0.53530
0.80200 -0.53375
0.80201 -0.53211
0.80202 -0.53039
0.80203 -0.52857
0.80204 -0.52666
0.80204 -0.52466
0.80205 -0.52257
0.80206 -0.52038
0.80207 -0.51810
0.80208 -0.51572
0.80208 -0.51325
0.80209 -0.51069
0.80210 -0.50804
0.80211 -0.50531
0.80212 -0.50249
0.80212 -0.49959
0.80213 -0.49659
0.80214 -0.49351
0.80215 -0.49034
0.80216 -0.48707
0.80216 -0.48373
0.80217 -0.48029
0.80218 -0.47678
0.80219 -0.47318
0.80220 -0.46950
0.80220 -0.46573
0.80221 -0.46187
0.80222 -0.45793
0.80223 -0.45390
0.80224 -0.44978
0.80224 -0.44558
0.80225 -0.44129
0.80226 -0.43691
0.80227 -0.43245
0.80228 -0.42791
0.80228 -0.42328
0.80229 -0.41857
0.80230 -0.41378
0.80231 -0.40891
0.80232 -0.40397
0.80232 -0.39895
0.80233 -0.39386
0.80234 -0.38870
0.80235 -0.38347
0.80236 -0.37817
0.80236 -0.37281
0.80237 -0.36739
0.80238 -0.36191
0.80239 -0.35637
0.80240 -0.35077
0.80240 -0.34511
0.80241 -0.33940
0.80242 -0.33362
0.80243 -0.32779
0.80244 -0.32191
0.80244 -0.31596
0.80245 -0.30995
0.80246 -0.30388
0.80247 -0.29774
0.80248 -0.29155
0.80248 -0.28529
0.80249 -0.27897
0.80250 -0.27260
0.80251 -0.26618
0.80252 -0.25971
0.80252 -0.25318
0.80253 -0.24661
0.80254 -0.24000
0.80255 -0.23335
0.80256 -0.22667
0.80256 -0.21995
0.80257 -0.21321
0.80258 -0.20644
0.80259 -0.19964
0.80260 -0.19282
0.80260 -0.18597
0.80261 -0.17909
0.80262 -0.17219
0.80263 -0.16527
0.80264 -0.15832
0.80264 -0.15134
0.80265 -0.14435
0.80266 -0.13733
0.80267 -0.13028
0.80268 -0.12321
0.80268 -0.11612
0.80269 -0.10900
0.80270 -0.10186
0.80271 -0.09471
0.80272 -0.08754
0.80272 -0.08035
0.80273 -0.07314
0.80274 -0.06592
0.80275 -0.05869
0.80276 -0.05145
0.80276 -0.04419
0.80277 -0.03692
0.80278 -0.02964
0.80279 -0.02235
0.80280 -0.01505
0.80280 -0.00773
0.80281 -0.00039
0.80282 0.00696
0.80283 0.01433
0.80284 0.02171
0.80284 0.02911
0.80285 0.03654
0.80286 0.04397
0.80287 0.05143
0.80288 0.05891
0.80288 0.06640
0.80289 0.07390
0.80290 0.08143
0.80291 0.08896
0.80292 0.09652
0.80292 0.10409
0.80293 0.11167
0.80294 0.11927
0.80295 0.12687
0.80296 0.13449
0.80296 0.14211
0.80297 0.14973
0.80298 0.15736
0.80299 0.16498
0.80300 0.17262
0.80300 0.18025
0.80301 0.18788
0.80302 0.19553
0.80303 0.20317
0.80304 0.21082
0.80304 0.21849
0.80305 0.22616
0.80306 0.23385
0.80307 0.24155
0.80308 0.24926
0.80308 0.25700
0.80309 0.26474
0.80310 0.27251
0.80311 0.28028
0.80312 0.28806
0.80312 0.29585
0.80313 0.30365
0.80314 0.31146
0.80315 0.31928
0.80316 0.32710
0.80316 0.33493
0.80317 0.34276
0.80318 0.35059
0.80319 0.35842
0.80320 0.36625
0.80320 0.37408
0.80321 0.38193
0.80322 0.38977
0.80323 0.39761
0.80324 0.40544
0.80324 0.41328
0.80325 0.42111
0.80326 0.42893
0.80327 0.43676
0.80328 0.44458
0.80328 0.45239
0.80329 0.46021
0.80330 0.46801
0.80331 0.47581
0.80332 0.48359
0.80332 0.49135
0.80333 0.49911
0.80334 0.50685
0.80335 0.51456
0.80336 0.52225
0.80336 0.52992
0.80337 0.53757
0.80338 0.54519
0.80339 0.55279
0.80340 0.56037
0.80340 0.56792
0.80341 0.57545
0.80342 0.58295
0.80343 0.59043
0.80344 0.59788
0.80344 0.60530
0.80345 0.61270
0.80346 0.62007
0.80347 0.62742
0.80348 0.63474
0.80348 0.64202
0.80349 0.64928
0.80350 0.65650
0.80351 0.66368
0.80352 0.67084
0.80352 0.67795
0.80353 0.68503
0.80354 0.69207
0.80355 0.69906
0.80356 0.70601
0.80356 0.71291
0.80357 0.71976
0.80358 0.72657
0.80359 0.73333
0.80360 0.74004
0.80360 0.74670
0.80361 0.75331
0.80362 0.75988
0.80363 0.76640
0.80364 0.77287
0.80364 0.77930
0.80365 0.78567
0.80366 0.79200
0.80367 0.79827
0.80368 0.80448
0.80368 0.81065
0.80369 0.81676
0.80370 0.82282
0.80371 0.82883
0.80372 0.83477
0.80372 0.84065
0.80373 0.84648
0.80374 0.85225
0.80375 0.85797
0.80376 0.86363
0.80376 0.86923
0.80377 0.87476
0.80378 0.88023
0.80379 0.88563
0.80380 0.89096
0.80380 0.89622
0.80381 0.90142
0.80382 0.90655
0.80383 0.91160
0.80384 0.91659
0.80384 0.92150
0.80385 0.92635
0.80386 0.93113
0.80387 0.93584
0.80388 0.94049
0.80388 0.94507
0.80389 0.94957
0.80390 0.95400
0.80391 0.95836
0.80392 0.96265
0.80392 0.96685
0.80393 0.97098
0.80394 0.97503
0.80395 0.97899
0.80396 0.98288
0.80396 0.98668
0.80397 0.99040
0.80398 0.99405
0.80399 0.99761
0.80400 1.00110
0.80400 1.00450
0.80401 1.00783
0.80402 1.01108
0.80403 1.01425
0.80404 1.01734
0.80404 1.02035
0.80405 1.02329
0.80406 1.02615
0.80407 1.02893
0.80408 1.03164
0.80408 1.03428
0.80409 1.03683
0.80410 1.03932
0.80411 1.04173
0.80412 1.04407
0.80412 1.04633
0.80413 1.04852
0.80414 1.05064
0.80415 1.05269
0.80416 1.05466
0.80416 1.05657
0.80417 1.05839
0.80418 1.06015
0.80419 1.06184
0.80420 1.06345
0.80420 1.06498
0.80421 1.06644
0.80422 1.06783
0.80423 1.06915
0.80424 1.07039
0.80424 1.07157
0.80425 1.07267
0.80426 1.07371
0.80427 1.07467
0.80428 1.07558
0.80428 1.07643
0.80429 1.07722
0.80430 1.07795
0.80431 1.07863
0.80432 1.07925
0.80432 1.07982
0.80433 1.08034
0.80434 1.08080
0.80435 1.08121
0.80436 1.08157
0.80436 1.08187
0.80437 1.08212
0.80438 1.08231
0.80439 1.08245
0.80440 1.08255
0.80440 1.08259
0.80441 1.08258
0.80442 1.08252
0.80443 1.08241
0.80444 1.08225
0.80444 1.08205
0.80445 1.08180
0.80446 1.08151
0.80447 1.08117
0.80448 1.08078
0.80448 1.08036
0.80449 1.07988
0.80450 1.07937
0.80451 1.07881
0.80452 1.07820
0.80452 1.07756
0.80453 1.07687
0.80454 1.07614
0.80455 1.07537
0.80456 1.07455
0.80456 1.07369
0.80457 1.07279
0.80458 1.07184
0.80459 1.07084
0.80460 1.06979
0.80460 1.06870
0.80461 1.06756
0.80462 1.06636
0.80463 1.06511
0.80464 1.06381
0.80464 1.06245
0.80465 1.06105
0.80466 1.05960
0.80467 1.05811
0.80468 1.05656
0.80468 1.05498
0.80469 1.05334
0.80470 1.05167
0.80471 1.04995
0.80472 1.04820
0.80472 1.04639
0.80473 1.04454
0.80474 1.04265
0.80475 1.04070
0.80476 1.03871
0.80476 1.03668
0.80477 1.03459
0.80478 1.03245
0.80479 1.03025
0.80480 1.02801
0.80480 1.02570
0.80481 1.02335
0.80482 1.02094
0.80483 1.01847
0.80484 1.01595
0.80484 1.01338
0.80485 1.01075
0.80486 1.00807
0.80487 1.00534
0.80488 1.00256
0.80488 0.99973
0.80489 0.99685
0.80490 0.99391
0.80491 0.99092
0.80492 0.98787
0.80492 0.98477
0.80493 0.98162
0.80494 0.97842
0.80495 0.97516
0.80496 0.97185
0.80496 0.96848
0.80497 0.96507
0.80498 0.96161
0.80499 0.95809
0.80500 0.95453
0.80500 0.95091
0.80501 0.94725
0.80502 0.94355
0.80503 0.93979
0.80504 0.93598
0.80504 0.93213
0.80505 0.92822
0.80506 0.92427
0.80507 0.92026
0.80508 0.91621
0.80508 0.91211
0.80509 0.90797
0.80510 0.90377
0.80511 0.89953
0.80512 0.89524
0.80512 0.89090
0.80513 0.88652
0.80514 0.88208
0.80515 0.87760
0.80516 0.87306
0.80516 0.86847
0.80517 0.86383
0.80518 0.85913
0.80519 0.85438
0.80520 0.84957
0.80520 0.84471
0.80521 0.83979
0.80522 0.83482
0.80523 0.82980
0.80524 0.82473
0.80524 0.81961
0.80525 0.81444
0.80526 0.80921
0.80527 0.80394
0.80528 0.79862
0.80528 0.79324
0.80529 0.78782
0.80530 0.78234
0.80531 0.77681
0.80532 0.77123
0.80532 0.76559
0.80533 0.75991
0.80534 0.75417
0.80535 0.74837
0.80536 0.74253
0.80536 0.73663
0.80537 0.73069
0.80538 0.72469
0.80539 0.71864
0.80540 0.71255
0.80540 0.70641
0.80541 0.70023
0.80542 0.69401
0.80543 0.68774
0.80544 0.68144
0.80544 0.67509
0.80545 0.66871
0.80546 0.66229
0.80547 0.65583
0.80548 0.64933
0.80548 0.64280
0.80549 0.63622
0.80550 0.62960
0.80551 0.62294
0.80552 0.61624
0.80552 0.60949
0.80553 0.60270
0.80554 0.59587
0.80555 0.58900
0.80556 0.58209
0.80556 0.57515
0.80557 0.56817
0.80558 0.56115
0.80559 0.55410
0.80560 0.54701
0.80560 0.53989
0.80561 0.53273
0.80562 0.52554
0.80563 0.51831
0.80564 0.51106
0.80564 0.50379
0.80565 0.49649
0.80566 0.48916
0.80567 0.48181
0.80568 0.47444
0.80568 0.46704
0.80569 0.45963
0.80570 0.45220
0.80571 0.44475
0.80572 0.43728
0.80572 0.42979
0.80573 0.42229
0.80574 0.41477
0.80575 0.40725
0.80576 0.39971
0.80576 0.39216
0.80577 0.38459
0.80578 0.37701
0.80579 0.36943
0.80580 0.36183
0.80580 0.35423
0.80581 0.34663
0.80582 0.33902
0.80583 0.33142
0.80584 0.32381
0.80584 0.31619
0.80585 0.30858
0.80586 0.30096
0.80587 0.29335
0.80588 0.28573
0.80588 0.27811
0.80589 0.27049
0.80590 0.26287
0.80591 0.25524
0.80592 0.24761
0.80592 0.23998
0.80593 0.23235
0.80594 0.22472
0.80595 0.21709
0.80596 0.20947
0.80596 0.20184
0.80597 0.19422
0.80598 0.18660
0.80599 0.17898
0.80600 0.17136
0.80600 0.16374
0.80601 0.15614
0.80602 0.14854
0.80603 0.14096
0.80604 0.13340
0.80604 0.12584
0.80605 0.11830
0.80606 0.11077
0.80607 0.10326
0.80608 0.09576
0.80608 0.08827
0.80609 0.08081
0.80610 0.07337
0.80611 0.06595
0.80612 0.05856
0.80612 0.05119
0.80613 0.04384
0.80614 0.03651
0.80615 0.02921
0.80616 0.02193
0.80616 0.01467
0.80617 0.00744
0.80618 0.00024
0.80619 -0.00693
0.80620 -0.01408
0.80620 -0.02120
0.80621 -0.02830
0.80622 -0.03537
0.80623 -0.04242
0.80624 -0.04944
0.80624 -0.05644
0.80625 -0.06342
0.80626 -0.07038
0.80627 -0.07732
0.80628 -0.08422
0.80628 -0.09110
0.80629 -0.09795
0.80630 -0.10477
0.80631 -0.11156
0.80632 -0.11833
0.80632 -0.12508
0.80633 -0.13180
0.80634 -0.13850
0.80635 -0.14517
0.80636 -0.15182
0.80636 -0.15844
0.80637 -0.16504
0.80638 -0.17161
0.80639 -0.17815
0.80640 -0.18465
0.80640 -0.19113
0.80641 -0.19757
0.80642 -0.20398
0.80643 -0.21036
0.80644 -0.21670
0.80644 -0.22302
0.80645 -0.22931
0.80646 -0.23557
0.80647 -0.24181
0.80648 -0.24801
0.80648 -0.25418
0.80649 -0.26032
0.80650 -0.26642
0.80651 -0.27249
0.80652 -0.27852
0.80652 -0.28451
0.80653 -0.29047
0.80654 -0.29639
0.80655 -0.30227
0.80656 -0.30812
0.80656 -0.31393
0.80657 -0.31971
0.80658 -0.32546
0.80659 -0.33117
0.80660 -0.33685
0.80660 -0.34250
0.80661 -0.34812
0.80662 -0.35371
0.80663 -0.35926
0.80664 -0.36477
0.80664 -0.37025
0.80665 -0.37569
0.80666 -0.38110
0.80667 -0.38647
0.80668 -0.39181
0.80668 -0.39711
0.80669 -0.40237
0.80670 -0.40759
0.80671 -0.41278
0.80672 -0.41793
0.80672 -0.42303
0.80673 -0.42809
0.80674 -0.43311
0.80675 -0.43807
0.80676 -0.44299
0.80676 -0.44786
0.80677 -0.45268
0.80678 -0.45745
0.80679 -0.46218
0.80680 -0.46686
0.80680 -0.47150
0.80681 -0.47609
0.80682 -0.48064
0.80683 -0.48513
0.80684 -0.48957
0.80684 -0.49396
0.80685 -0.49830
0.80686 -0.50258
0.80687 -0.50681
0.80688 -0.51099
0.80688 -0.51512
0.80689 -0.51919
0.80690 -0.52320
0.80691 -0.52716
0.80692 -0.53106
0.80692 -0.53491
0.80693 -0.53870
0.80694 -0.54244
0.80695 -0.54612
0.80696 -0.54975
0.80696 -0.55331
0.80697 -0.55682
0.80698 -0.56026
0.80699 -0.56365
0.80700 -0.56698
0.80700 -0.57025
0.80701 -0.57347
0.80702 -0.57663
0.80703 -0.57973
0.80704 -0.58278
0.80704 -0.58578
0.80705 -0.58872
0.80706 -0.59161
0.80707 -0.59444
0.80708 -0.59721
0.80708 -0.59991
0.80709 -0.60256
0.80710 -0.60514
0.80711 -0.60765
0.80712 -0.61010
0.80712 -0.61247
0.80713 -0.61479
0.80714 -0.61703
0.80715 -0.61921
0.80716 -0.62131
0.80716 -0.62335
0.80717 -0.62531
0.80718 -0.62721
0.80719 -0.62904
0.80720 -0.63080
0.80720 -0.63249
0.80721 -0.63411
0.80722 -0.63567
0.80723 -0.63715
0.80724 -0.63856
0.80724 -0.63991
0.80725 -0.64118
0.80726 -0.64238
0.80727 -0.64350
0.80728 -0.64454
0.80728 -0.64550
0.80729 -0.64638
0.80730 -0.64717
0.80731 -0.64788
0.80732 -0.64850
0.80732 -0.64902
0.80733 -0.64945
0.80734 -0.64978
0.80735 -0.65002
0.80736 -0.65016
0.80736 -0.65020
0.80737 -0.65014
0.80738 -0.64999
0.80739 -0.64973
0.80740 -0.64937
0.80740 -0.64891
0.80741 -0.64836
0.80742 -0.64771
0.80743 -0.64696
0.80744 -0.64611
0.80744 -0.64514
0.80745 -0.64408
0.80746 -0.64290
0.80747 -0.64162
0.80748 -0.64023
0.80748 -0.63873
0.80749 -0.63712
0.80750 -0.63539
0.80751 -0.63355
0.80752 -0.63159
0.80752 -0.62953
0.80753 -0.62735
0.80754 -0.62506
0.80755 -0.62266
0.80756 -0.62013
0.80756 -0.61748
0.80757 -0.61471
0.80758 -0.61182
0.80759 -0.60882
0.80760 -0.60570
0.80760 -0.60246
0.80761 -0.59911
0.80762 -0.59565
0.80763 -0.59208
0.80764 -0.58839
0.80764 -0.58458
0.80765 -0.58067
0.80766 -0.57665
0.80767 -0.57251
0.80768 -0.56826
0.80768 -0.56390
0.80769 -0.55941
0.80770 -0.55481
0.80771 -0.55008
0.80772 -0.54523
0.80772 -0.54026
0.80773 -0.53517
0.80774 -0.52996
0.80775 -0.52463
0.80776 -0.51917
0.80776 -0.51359
0.80777 -0.50789
0.80778 -0.50208
0.80779 -0.49615
0.80780 -0.49010
0.80780 -0.48393
0.80781 -0.47764
0.80782 -0.47124
0.80783 -0.46472
0.80784 -0.45808
0.80784 -0.45133
0.80785 -0.44446
0.80786 -0.43747
0.80787 -0.43035
0.80788 -0.42312
0.80788 -0.41577
0.80789 -0.40830
0.80790 -0.40070
0.80791 -0.39298
0.80792 -0.38511
0.80792 -0.37712
0.80793 -0.36898
0.80794 -0.36070
0.80795 -0.35229
0.80796 -0.34373
0.80796 -0.33503
0.80797 -0.32619
0.80798 -0.31720
0.80799 -0.30806
0.80800 -0.29878
0.80800 -0.28934
0.80801 -0.27975
0.80802 -0.27000
0.80803 -0.26007
0.80804 -0.24998
0.80804 -0.23971
0.80805 -0.22926
0.80806 -0.21863
0.80807 -0.20781
0.80808 -0.19680
0.80808 -0.18560
0.80809 -0.17420
0.80810 -0.16258
0.80811 -0.15075
0.80812 -0.13870
0.80812 -0.12642
0.80813 -0.11391
0.80814 -0.10115
0.80815 -0.08814
0.80816 -0.07488
0.80816 -0.06135
0.80817 -0.04754
0.80818 -0.03346
0.80819 -0.01908
0.80820 -0.00441
0.80820 0.01057
0.80821 0.02587
0.80822 0.04148
0.80823 0.05742
0.80824 0.07371
0.80824 0.09035
0.80825 0.10734
0.80826 0.12472
0.80827 0.14249
0.80828 0.16065
0.80828 0.17921
0.80829 0.19820
0.80830 0.21761
0.80831 0.23746
0.80832 0.25775
0.80832 0.27851
0.80833 0.29974
0.80834 0.32145
0.80835 0.34365
0.80836 0.36637
0.80836 0.38961
0.80837 0.41337
0.80838 0.43768
0.80839 0.46254
0.80840 0.48795
0.80840 0.51393
0.80841 0.54048
0.80842 0.56762
0.80843 0.59534
0.80844 0.62366
0.80844 0.65258
0.80845 0.68211
0.80846 0.71227
0.80847 0.74306
0.80848 0.77448
0.80848 0.80657
0.80849 0.83932
0.80850 0.87273
0.80851 0.90683
0.80852 0.94163
0.80852 0.97713
0.80853 1.01333
0.80854 1.05026
0.80855 1.08792
0.80856 1.12631
0.80856 1.16544
0.80857 1.20533
0.80858 1.24597
0.80859 1.28738
0.80860 1.32956
0.80860 1.37252
0.80861 1.41624
0.80862 1.46074
0.80863 1.50603
0.80864 1.55209
0.80864 1.59893
0.80865 1.64654
0.80866 1.69494
0.80867 1.74412
0.80868 1.79406
0.80868 1.84479
0.80869 1.89629
0.80870 1.94856
0.80871 2.00159
0.80872 2.05538
0.80872 2.10995
0.80873 2.16527
0.80874 2.22132
0.80875 2.27813
0.80876 2.33569
0.80876 2.39395
0.80877 2.45292
0.80878 2.51261
0.80879 2.57302
0.80880 2.63410
0.80880 2.69587
0.80881 2.75833
0.80882 2.82146
0.80883 2.88521
0.80884 2.94962
0.80884 3.01467
0.80885 3.08030
0.80886 3.14652
0.80887 3.21332
0.80888 3.28070
0.80888 3.34862
0.80889 3.41708
0.80890 3.48608
0.80891 3.55562
0.80892 3.62565
0.80892 3.69618
0.80893 3.76721
0.80894 3.83871
0.80895 3.91069
0.80896 3.98312
0.80896 4.05600
0.80897 4.12931
0.80898 4.20303
0.80899 4.27715
0.80900 4.35165
0.80900 4.42652
0.80901 4.50174
0.80902 4.57727
0.80903 4.65311
0.80904 4.72926
0.80904 4.80565
0.80905 4.88228
0.80906 4.95916
0.80907 5.03626
0.80908 5.11352
0.80908 5.19097
0.80909 5.26859
0.80910 5.34633
0.80911 5.42419
0.80912 5.50217
0.80912 5.58026
0.80913 5.65841
0.80914 5.73664
0.80915 5.81495
0.80916 5.89330
0.80916 5.97167
0.80917 6.05007
0.80918 6.12848
0.80919 6.20687
0.80920 6.28522
0.80920 6.36353
0.80921 6.44180
0.80922 6.51999
0.80923 6.59807
0.80924 6.67607
0.80924 6.75396
0.80925 6.83170
0.80926 6.90927
0.80927 6.98670
0.80928 7.06395
0.80928 7.14098
0.80929 7.21778
0.80930 7.29437
0.80931 7.37071
0.80932 7.44675
0.80932 7.52251
0.80933 7.59800
0.80934 7.67317
0.80935 7.74799
0.80936 7.82249
0.80936 7.89665
0.80937 7.97043
0.80938 8.04381
0.80939 8.11680
0.80940 8.18938
0.80940 8.26152
0.80941 8.33320
0.80942 8.40443
0.80943 8.47518
0.80944 8.54543
0.80944 8.61515
0.80945 8.68434
0.80946 8.75298
0.80947 8.82104
0.80948 8.88851
0.80948 8.95538
0.80949 9.02164
0.80950 9.08725
0.80951 9.15220
0.80952 9.21650
0.80952 9.28012
0.80953 9.34302
0.80954 9.40522
0.80955 9.46671
0.80956 9.52748
0.80956 9.58748
0.80957 9.64674
0.80958 9.70524
0.80959 9.76295
0.80960 9.81985
0.80960 9.87595
0.80961 9.93124
0.80962 9.98568
0.80963 10.03927
0.80964 10.09199
0.80964 10.14383
0.80965 10.19475
0.80966 10.24475
0.80967 10.29383
0.80968 10.34196
0.80968 10.38912
0.80969 10.43533
0.80970 10.48056
0.80971 10.52480
0.80972 10.56804
0.80972 10.61026
0.80973 10.65146
0.80974 10.69163
0.80975 10.73075
0.80976 10.76883
0.80976 10.80586
0.80977 10.84181
0.80978 10.87670
0.80979 10.91053
0.80980 10.94328
0.80980 10.97494
0.80981 11.00553
0.80982 11.03505
0.80983 11.06349
0.80984 11.09085
0.80984 11.11712
0.80985 11.14233
0.80986 11.16648
0.80987 11.18955
0.80988 11.21156
0.80988 11.23251
0.80989 11.25241
0.80990 11.27123
0.80991 11.28901
0.80992 11.30574
0.80992 11.32141
0.80993 11.33604
0.80994 11.34963
0.80995 11.36219
0.80996 11.37373
0.80996 11.38425
0.80997 11.39376
0.80998 11.40227
0.80999 11.40979
0.81000 11.41631
0.81000 11.42186
0.81001 11.42645
0.81002 11.43007
0.81003 11.43276
0.81004 11.43452
0.81004 11.43536
0.81005 11.43527
0.81006 11.43427
0.81007 11.43236
0.81008 11.42955
0.81008 11.42583
0.81009 11.42123
0.81010 11.41575
0.81011 11.40941
0.81012 11.40220
0.81012 11.39415
0.81013 11.38527
0.81014 11.37557
0.81015 11.36507
0.81016 11.35378
0.81016 11.34173
0.81017 11.32891
0.81018 11.31536
0.81019 11.30107
0.81020 11.28607
0.81020 11.27036
0.81021 11.25395
0.81022 11.23686
0.81023 11.21911
0.81024 11.20071
0.81024 11.18167
0.81025 11.16201
0.81026 11.14174
0.81027 11.12087
0.81028 11.09941
0.81028 11.07740
0.81029 11.05483
0.81030 11.03173
0.81031 11.00810
0.81032 10.98396
0.81032 10.95932
0.81033 10.93418
0.81034 10.90857
0.81035 10.88248
0.81036 10.85592
0.81036 10.82890
0.81037 10.80143
0.81038 10.77352
0.81039 10.74518
0.81040 10.71642
0.81040 10.68725
0.81041 10.65769
0.81042 10.62775
0.81043 10.59743
0.81044 10.56675
0.81044 10.53572
0.81045 10.50434
0.81046 10.47262
0.81047 10.44057
0.81048 10.40820
0.81048 10.37552
0.81049 10.34253
0.81050 10.30926
0.81051 10.27569
0.81052 10.24185
0.81052 10.20773
0.81053 10.17334
0.81054 10.13868
0.81055 10.10376
0.81056 10.06859
0.81056 10.03318
0.81057 9.99756
0.81058 9.96172
0.81059 9.92569
0.81060 9.88947
0.81060 9.85307
0.81061 9.81649
0.81062 9.77974
0.81063 9.74282
0.81064 9.70575
0.81064 9.66852
0.81065 9.63114
0.81066 9.59362
0.81067 9.55596
0.81068 9.51818
0.81068 9.48027
0.81069 9.44225
0.81070 9.40412
0.81071 9.36588
0.81072 9.32754
0.81072 9.28909
0.81073 9.25056
0.81074 9.21194
0.81075 9.17323
0.81076 9.13445
0.81076 9.09561
0.81077 9.05670
0.81078 9.01774
0.81079 8.97871
0.81080 8.93964
0.81080 8.90052
0.81081 8.86136
0.81082 8.82216
0.81083 8.78292
0.81084 8.74364
0.81084 8.70435
0.81085 8.66504
0.81086 8.62574
0.81087 8.58644
0.81088 8.54715
0.81088 8.50789
0.81089 8.46866
0.81090 8.42946
0.81091 8.39032
0.81092 8.35123
0.81092 8.31220
0.81093 8.27324
0.81094 8.23435
0.81095 8.19555
0.81096 8.15684
0.81096 8.11825
0.81097 8.07976
0.81098 8.04141
0.81099 8.00318
0.81100 7.96509
0.81100 7.92716
0.81101 7.88937
0.81102 7.85176
0.81103 7.81432
0.81104 7.77708
0.81104 7.74004
0.81105 7.70322
0.81106 7.66661
0.81107 7.63024
0.81108 7.59410
0.81108 7.55820
0.81109 7.52255
0.81110 7.48716
0.81111 7.45203
0.81112 7.41718
0.81112 7.38262
0.81113 7.34836
0.81114 7.31441
0.81115 7.28077
0.81116 7.24745
0.81116 7.21445
0.81117 7.18178
0.81118 7.14945
0.81119 7.11745
0.81120 7.08579
0.81120 7.05449
0.81121 7.02357
0.81122 6.99302
0.81123 6.96288
0.81124 6.93314
0.81124 6.90380
0.81125 6.87488
0.81126 6.84638
0.81127 6.81830
0.81128 6.79065
0.81128 6.76343
0.81129 6.73664
0.81130 6.71030
0.81131 6.68440
0.81132 6.65894
0.81132 6.63395
0.81133 6.60941
0.81134 6.58534
0.81135 6.56172
0.81136 6.53855
0.81136 6.51584
0.81137 6.49357
0.81138 6.47175
0.81139 6.45038
0.81140 6.42945
0.81140 6.40895
0.81141 6.38889
0.81142 6.36925
0.81143 6.35003
0.81144 6.33122
0.81144 6.31283
0.81145 6.29485
0.81146 6.27727
0.81147 6.26009
0.81148 6.24329
0.81148 6.22686
0.81149 6.21082
0.81150 6.19515
0.81151 6.17984
0.81152 6.16490
0.81152 6.15031
0.81153 6.13605
0.81154 6.12214
0.81155 6.10855
0.81156 6.09529
0.81156 6.08235
0.81157 6.06971
0.81158 6.05739
0.81159 6.04536
0.81160 6.03363
0.81160 6.02218
0.81161 6.01101
0.81162 6.00012
0.81163 5.98950
0.81164 5.97913
0.81164 5.96900
0.81165 5.95912
0.81166 5.94947
0.81167 5.94006
0.81168 5.93087
0.81168 5.92190
0.81169 5.91314
0.81170 5.90457
0.81171 5.89620
0.81172 5.88800
0.81172 5.87995
0.81173 5.87206
0.81174 5.86430
0.81175 5.85668
0.81176 5.84919
0.81176 5.84181
0.81177 5.83455
0.81178 5.82739
0.81179 5.82034
0.81180 5.81338
0.81180 5.80651
0.81181 5.79973
0.81182 5.79302
0.81183 5.78638
0.81184 5.77980
0.81184 5.77328
0.81185 5.76682
0.81186 5.76041
0.81187 5.75405
0.81188 5.74774
0.81188 5.74148
0.81189 5.73526
0.81190 5.72908
0.81191 5.72294
0.81192 5.71682
0.81192 5.71073
0.81193 5.70467
0.81194 5.69864
0.81195 5.69262
0.81196 5.68661
0.81196 5.68061
0.81197 5.67462
0.81198 5.66865
0.81199 5.66268
0.81200 5.65672
0.81200 5.65075
0.81201 5.64479
0.81202 5.63884
0.81203 5.63290
0.81204 5.62698
0.81204 5.62107
0.81205 5.61518
0.81206 5.60930
0.81207 5.60345
0.81208 5.59761
0.81208 5.59180
0.81209 5.58601
0.81210 5.58024
0.81211 5.57450
0.81212 5.56877
0.81212 5.56307
0.81213 5.55738
0.81214 5.55172
0.81215 5.54607
0.81216 5.54045
0.81216 5.53484
0.81217 5.52925
0.81218 5.52367
0.81219 5.51811
0.81220 5.51257
0.81220 5.50705
0.81221 5.50155
0.81222 5.49607
0.81223 5.49061
0.81224 5.48518
0.81224 5.47977
0.81225 5.47437
0.81226 5.46900
0.81227 5.46364
0.81228 5.45830
0.81228 5.45297
0.81229 5.44766
0.81230 5.44236
0.81231 5.43707
0.81232 5.43178
0.81232 5.42651
0.81233 5.42125
0.81234 5.41600
0.81235 5.41076
0.81236 5.40553
0.81236 5.40031
0.81237 5.39509
0.81238 5.38988
0.81239 5.38465
0.81240 5.37943
0.81240 5.37420
0.81241 5.36897
0.81242 5.36374
0.81243 5.35852
0.81244 5.35330
0.81244 5.34810
0.81245 5.34290
0.81246 5.33771
0.81247 5.33253
0.81248 5.32735
0.81248 5.32218
0.81249 5.31702
0.81250 5.31185
0.81251 5.30669
0.81252 5.30153
0.81252 5.29635
0.81253 5.29115
0.81254 5.28591
0.81255 5.28063
0.81256 5.27530
0.81256 5.26991
0.81257 5.26444
0.81258 5.25889
0.81259 5.25325
0.81260 5.24752
0.81260 5.24169
0.81261 5.23575
0.81262 5.22971
0.81263 5.22355
0.81264 5.21729
0.81264 5.21091
0.81265 5.20442
0.81266 5.19782
0.81267 5.19110
0.81268 5.18427
0.81268 5.17732
0.81269 5.17026
0.81270 5.16310
0.81271 5.15582
0.81272 5.14843
0.81272 5.14092
0.81273 5.13330
0.81274 5.12556
0.81275 5.11772
0.81276 5.10977
0.81276 5.10172
0.81277 5.09356
0.81278 5.08530
0.81279 5.07695
0.81280 5.06850
0.81280 5.05995
0.81281 5.05130
0.81282 5.04256
0.81283 5.03373
0.81284 5.02481
0.81284 5.01579
0.81285 5.00669
0.81286 4.99750
0.81287 4.98822
0.81288 4.97887
0.81288 4.96943
0.81289 4.95993
0.81290 4.95036
0.81291 4.94073
0.81292 4.93103
0.81292 4.92126
0.81293 4.91143
0.81294 4.90153
0.81295 4.89158
0.81296 4.88156
0.81296 4.87149
0.81297 4.86138
0.81298 4.85124
0.81299 4.84106
0.81300 4.83087
0.81300 4.82067
0.81301 4.81047
0.81302 4.80027
0.81303 4.79010
0.81304 4.77997
0.81304 4.76989
0.81305 4.75988
0.81306 4.74995
0.81307 4.74011
0.81308 4.73038
0.81308 4.72078
0.81309 4.71132
0.81310 4.70202
0.81311 4.69287
0.81312 4.68390
0.81312 4.67511
0.81313 4.66651
0.81314 4.65810
0.81315 4.64990
0.81316 4.64192
0.81316 4.63416
0.81317 4.62664
0.81318 4.61936
0.81319 4.61232
0.81320 4.60555
0.81320 4.59904
0.81321 4.59280
0.81322 4.58685
0.81323 4.58119
0.81324 4.57584
0.81324 4.57080
0.81325 4.56608
0.81326 4.56169
0.81327 4.55763
0.81328 4.55392
0.81328 4.55055
0.81329 4.54753
0.81330 4.54489
0.81331 4.54262
0.81332 4.54074
0.81332 4.53925
0.81333 4.53816
0.81334 4.53747
0.81335 4.53720
0.81336 4.53734
0.81336 4.53791
0.81337 4.53891
0.81338 4.54035
0.81339 4.54223
0.81340 4.54456
0.81340 4.54734
0.81341 4.55057
0.81342 4.55426
0.81343 4.55842
0.81344 4.56306
0.81344 4.56819
0.81345 4.57380
0.81346 4.57989
0.81347 4.58646
0.81348 4.59352
0.81348 4.60104
0.81349 4.60903
0.81350 4.61747
0.81351 4.62635
0.81352 4.63567
0.81352 4.64542
0.81353 4.65559
0.81354 4.66617
0.81355 4.67714
0.81356 4.68851
0.81356 4.70025
0.81357 4.71235
0.81358 4.72482
0.81359 4.73762
0.81360 4.75075
0.81360 4.76420
0.81361 4.77796
0.81362 4.79203
0.81363 4.80638
0.81364 4.82102
0.81364 4.83593
0.81365 4.85111
0.81366 4.86653
0.81367 4.88220
0.81368 4.89809
0.81368 4.91419
0.81369 4.93050
0.81370 4.94700
0.81371 4.96368
0.81372 4.98053
0.81372 4.99753
0.81373 5.01467
0.81374 5.03194
0.81375 5.04931
0.81376 5.06677
0.81376 5.08432
0.81377 5.10193
0.81378 5.11961
0.81379 5.13733
0.81380 5.15509
0.81380 5.17285
0.81381 5.19061
0.81382 5.20835
0.81383 5.22606
0.81384 5.24373
0.81384 5.26135
0.81385 5.27890
0.81386 5.29637
0.81387 5.31374
0.81388 5.33101
0.81388 5.34816
0.81389 5.36517
0.81390 5.38204
0.81391 5.39876
0.81392 5.41531
0.81392 5.43170
0.81393 5.44789
0.81394 5.46388
0.81395 5.47965
0.81396 5.49519
0.81396 5.51050
0.81397 5.52556
0.81398 5.54037
0.81399 5.55493
0.81400 5.56924
0.81400 5.58328
0.81401 5.59706
0.81402 5.61057
0.81403 5.62380
0.81404 5.63676
0.81404 5.64943
0.81405 5.66183
0.81406 5.67394
0.81407 5.68577
0.81408 5.69732
0.81408 5.70857
0.81409 5.71954
0.81410 5.73022
0.81411 5.74062
0.81412 5.75072
0.81412 5.76052
0.81413 5.77003
0.81414 5.77925
0.81415 5.78816
0.81416 5.79678
0.81416 5.80510
0.81417 5.81312
0.81418 5.82083
0.81419 5.82825
0.81420 5.83536
0.81420 5.84216
0.81421 5.84865
0.81422 5.85484
0.81423 5.86072
0.81424 5.86630
0.81424 5.87157
0.81425 5.87654
0.81426 5.88122
0.81427 5.88561
0.81428 5.88970
0.81428 5.89351
0.81429 5.89702
0.81430 5.90025
0.81431 5.90321
0.81432 5.90591
0.81432 5.90834
0.81433 5.91052
0.81434 5.91246
0.81435 5.91416
0.81436 5.91564
0.81436 5.91690
0.81437 5.91795
0.81438 5.91882
0.81439 5.91950
0.81440 5.92001
0.81440 5.92035
0.81441 5.92052
0.81442 5.92054
0.81443 5.92040
0.81444 5.92013
0.81444 5.91972
0.81445 5.91920
0.81446 5.91857
0.81447 5.91783
0.81448 5.91700
0.81448 5.91608
0.81449 5.91508
0.81450 5.91401
0.81451 5.91288
0.81452 5.91169
0.81452 5.91047
0.81453 5.90922
0.81454 5.90795
0.81455 5.90666
0.81456 5.90538
0.81456 5.90409
0.81457 5.90283
0.81458 5.90159
0.81459 5.90039
0.81460 5.89924
0.81460 5.89815
0.81461 5.89714
0.81462 5.89621
0.81463 5.89537
0.81464 5.89463
0.81464 5.89400
0.81465 5.89347
0.81466 5.89306
0.81467 5.89278
0.81468 5.89263
0.81468 5.89262
0.81469 5.89277
0.81470 5.89309
0.81471 5.89357
0.81472 5.89424
0.81472 5.89509
0.81473 5.89614
0.81474 5.89739
0.81475 5.89885
0.81476 5.90052
0.81476 5.90240
0.81477 5.90449
0.81478 5.90680
0.81479 5.90934
0.81480 5.91210
0.81480 5.91508
0.81481 5.91828
0.81482 5.92170
0.81483 5.92535
0.81484 5.92920
0.81484 5.93325
0.81485 5.93749
0.81486 5.94190
0.81487 5.94648
0.81488 5.95120
0.81488 5.95607
0.81489 5.96106
0.81490 5.96619
0.81491 5.97142
0.81492 5.97677
0.81492 5.98222
0.81493 5.98776
0.81494 5.99338
0.81495 5.99908
0.81496 6.00484
0.81496 6.01065
0.81497 6.01651
0.81498 6.02239
0.81499 6.02830
0.81500 6.03423
0.81500 6.04017
0.81501 6.04610
0.81502 6.05202
0.81503 6.05790
0.81504 6.06375
0.81504 6.06954
0.81505 6.07526
0.81506 6.08091
0.81507 6.08645
0.81508 6.09189
0.81508 6.09720
0.81509 6.10236
0.81510 6.10737
0.81511 6.11221
0.81512 6.11686
0.81512 6.12130
0.81513 6.12553
0.81514 6.12954
0.81515 6.13332
0.81516 6.13686
0.81516 6.14016
0.81517 6.14320
0.81518 6.14597
0.81519 6.14846
0.81520 6.15067
0.81520 6.15259
0.81521 6.15420
0.81522 6.15549
0.81523 6.15646
0.81524 6.15711
0.81524 6.15742
0.81525 6.15740
0.81526 6.15702
0.81527 6.15630
0.81528 6.15522
0.81528 6.15378
0.81529 6.15197
0.81530 6.14979
0.81531 6.14724
0.81532 6.14432
0.81532 6.14102
0.81533 6.13736
0.81534 6.13333
0.81535 6.12895
0.81536 6.12424
0.81536 6.11919
0.81537 6.11383
0.81538 6.10816
0.81539 6.10220
0.81540 6.09595
0.81540 6.08943
0.81541 6.08265
0.81542 6.07561
0.81543 6.06835
0.81544 6.06085
0.81544 6.05315
0.81545 6.04525
0.81546 6.03717
0.81547 6.02891
0.81548 6.02051
0.81548 6.01196
0.81549 6.00327
0.81550 5.99447
0.81551 5.98556
0.81552 5.97655
0.81552 5.96746
0.81553 5.95830
0.81554 5.94908
0.81555 5.93984
0.81556 5.93057
0.81556 5.92130
0.81557 5.91205
0.81558 5.90284
0.81559 5.89367
0.81560 5.88457
0.81560 5.87556
0.81561 5.86665
0.81562 5.85785
0.81563 5.84919
0.81564 5.84069
0.81564 5.83235
0.81565 5.82419
0.81566 5.81623
0.81567 5.80848
0.81568 5.80097
0.81568 5.79370
0.81569 5.78670
0.81570 5.77998
0.81571 5.77355
0.81572 5.76742
0.81572 5.76162
0.81573 5.75614
0.81574 5.75101
0.81575 5.74622
0.81576 5.74178
0.81576 5.73772
0.81577 5.73404
0.81578 5.73076
0.81579 5.72789
0.81580 5.72543
0.81580 5.72339
0.81581 5.72179
0.81582 5.72063
0.81583 5.71990
0.81584 5.71962
0.81584 5.71977
0.81585 5.72036
0.81586 5.72137
0.81587 5.72281
0.81588 5.72466
0.81588 5.72693
0.81589 5.72960
0.81590 5.73266
0.81591 5.73611
0.81592 5.73993
0.81592 5.74411
0.81593 5.74863
0.81594 5.75349
0.81595 5.75867
0.81596 5.76415
0.81596 5.76993
0.81597 5.77600
0.81598 5.78234
0.81599 5.78894
0.81600 5.79579
0.81600 5.80287
0.81601 5.81019
0.81602 5.81772
0.81603 5.82545
0.81604 5.83337
0.81604 5.84145
0.81605 5.84968
0.81606 5.85804
0.81607 5.86653
0.81608 5.87511
0.81608 5.88378
0.81609 5.89252
0.81610 5.90132
0.81611 5.91015
0.81612 5.91899
0.81612 5.92783
0.81613 5.93666
0.81614 5.94544
0.81615 5.95416
0.81616 5.96280
0.81616 5.97134
0.81617 5.97976
0.81618 5.98804
0.81619 5.99615
0.81620 6.00408
0.81620 6.01181
0.81621 6.01932
0.81622 6.02660
0.81623 6.03362
0.81624 6.04038
0.81624 6.04687
0.81625 6.05307
0.81626 6.05897
0.81627 6.06456
0.81628 6.06983
0.81628 6.07476
0.81629 6.07934
0.81630 6.08355
0.81631 6.08739
0.81632 6.09085
0.81632 6.09390
0.81633 6.09656
0.81634 6.09880
0.81635 6.10062
0.81636 6.10203
0.81636 6.10301
0.81637 6.10356
0.81638 6.10369
0.81639 6.10337
0.81640 6.10262
0.81640 6.10143
0.81641 6.09980
0.81642 6.09774
0.81643 6.09524
0.81644 6.09231
0.81644 6.08895
0.81645 6.08515
0.81646 6.08093
0.81647 6.07627
0.81648 6.07119
0.81648 6.06568
0.81649 6.05974
0.81650 6.05338
0.81651 6.04660
0.81652 6.03940
0.81652 6.03178
0.81653 6.02376
0.81654 6.01533
0.81655 6.00651
0.81656 5.99730
0.81656 5.98770
0.81657 5.97772
0.81658 5.96736
0.81659 5.95661
0.81660 5.94550
0.81660 5.93403
0.81661 5.92220
0.81662 5.91003
0.81663 5.89753
0.81664 5.88469
0.81664 5.87154
0.81665 5.85807
0.81666 5.84430
0.81667 5.83023
0.81668 5.81588
0.81668 5.80125
0.81669 5.78635
0.81670 5.77119
0.81671 5.75579
0.81672 5.74015
0.81672 5.72428
0.81673 5.70820
0.81674 5.69192
0.81675 5.67546
0.81676 5.65882
0.81676 5.64203
0.81677 5.62509
0.81678 5.60801
0.81679 5.59081
0.81680 5.57350
0.81680 5.55610
0.81681 5.53861
0.81682 5.52106
0.81683 5.50346
0.81684 5.48582
0.81684 5.46815
0.81685 5.45048
0.81686 5.43281
0.81687 5.41516
0.81688 5.39755
0.81688 5.37998
0.81689 5.36248
0.81690 5.34505
0.81691 5.32770
0.81692 5.31046
0.81692 5.29334
0.81693 5.27635
0.81694 5.25951
0.81695 5.24282
0.81696 5.22630
0.81696 5.20997
0.81697 5.19383
0.81698 5.17791
0.81699 5.16221
0.81700 5.14674
0.81700 5.13153
0.81701 5.11658
0.81702 5.10191
0.81703 5.08754
0.81704 5.07347
0.81704 5.05971
0.81705 5.04627
0.81706 5.03318
0.81707 5.02043
0.81708 5.00806
0.81708 4.99606
0.81709 4.98446
0.81710 4.97326
0.81711 4.96248
0.81712 4.95212
0.81712 4.94220
0.81713 4.93273
0.81714 4.92372
0.81715 4.91519
0.81716 4.90715
0.81716 4.89963
0.81717 4.89263
0.81718 4.88617
0.81719 4.88027
0.81720 4.87494
0.81720 4.87019
0.81721 4.86602
0.81722 4.86245
0.81723 4.85948
0.81724 4.85711
0.81724 4.85534
0.81725 4.85417
0.81726 4.85358
0.81727 4.85358
0.81728 4.85417
0.81728 4.85533
0.81729 4.85708
0.81730 4.85941
0.81731 4.86233
0.81732 4.86582
0.81732 4.86988
0.81733 4.87451
0.81734 4.87971
0.81735 4.88547
0.81736 4.89177
0.81736 4.89862
0.81737 4.90600
0.81738 4.91391
0.81739 4.92235
0.81740 4.93130
0.81740 4.94076
0.81741 4.95073
0.81742 4.96119
0.81743 4.97214
0.81744 4.98356
0.81744 4.99545
0.81745 5.00780
0.81746 5.02059
0.81747 5.03381
0.81748 5.04746
0.81748 5.06153
0.81749 5.07601
0.81750 5.09088
0.81751 5.10613
0.81752 5.12176
0.81752 5.13774
0.81753 5.15407
0.81754 5.17074
0.81755 5.18774
0.81756 5.20506
0.81756 5.22268
0.81757 5.24060
0.81758 5.25880
0.81759 5.27728
0.81760 5.29601
0.81760 5.31500
0.81761 5.33422
0.81762 5.35365
0.81763 5.37330
0.81764 5.39313
0.81764 5.41314
0.81765 5.43329
0.81766 5.45358
0.81767 5.47397
0.81768 5.49446
0.81768 5.51501
0.81769 5.53560
0.81770 5.55620
0.81771 5.57681
0.81772 5.59741
0.81772 5.61797
0.81773 5.63850
0.81774 5.65897
0.81775 5.67938
0.81776 5.69970
0.81776 5.71994
0.81777 5.74009
0.81778 5.76014
0.81779 5.78008
0.81780 5.79989
0.81780 5.81954
0.81781 5.83903
0.81782 5.85834
0.81783 5.87746
0.81784 5.89638
0.81784 5.91509
0.81785 5.93357
0.81786 5.95183
0.81787 5.96985
0.81788 5.98763
0.81788 6.00514
0.81789 6.02240
0.81790 6.03938
0.81791 6.05608
0.81792 6.07248
0.81792 6.08858
0.81793 6.10437
0.81794 6.11984
0.81795 6.13500
0.81796 6.14985
0.81796 6.16438
0.81797 6.17858
0.81798 6.19246
0.81799 6.20600
0.81800 6.21921
0.81800 6.23207
0.81801 6.24458
0.81802 6.25675
0.81803 6.26855
0.81804 6.28000
0.81804 6.29108
0.81805 6.30180
0.81806 6.31213
0.81807 6.32209
0.81808 6.33167
0.81808 6.34087
0.81809 6.34968
0.81810 6.35811
0.81811 6.36615
0.81812 6.37381
0.81812 6.38107
0.81813 6.38795
0.81814 6.39445
0.81815 6.40056
0.81816 6.40630
0.81816 6.41167
0.81817 6.41666
0.81818 6.42130
0.81819 6.42557
0.81820 6.42950
0.81820 6.43307
0.81821 6.43629
0.81822 6.43918
0.81823 6.44172
0.81824 6.44392
0.81824 6.44578
0.81825 6.44732
0.81826 6.44852
0.81827 6.44941
0.81828 6.44998
0.81828 6.45023
0.81829 6.45017
0.81830 6.44982
0.81831 6.44918
0.81832 6.44826
0.81832 6.44707
0.81833 6.44561
0.81834 6.44389
0.81835 6.44192
0.81836 6.43969
0.81836 6.43722
0.81837 6.43451
0.81838 6.43156
0.81839 6.42838
0.81840 6.42497
0.81840 6.42134
0.81841 6.41749
0.81842 6.41343
0.81843 6.40918
0.81844 6.40473
0.81844 6.40008
0.81845 6.39524
0.81846 6.39020
0.81847 6.38498
0.81848 6.37957
0.81848 6.37398
0.81849 6.36820
0.81850 6.36226
0.81851 6.35615
0.81852 6.34988
0.81852 6.34346
0.81853 6.33689
0.81854 6.33018
0.81855 6.32333
0.81856 6.31635
0.81856 6.30924
0.81857 6.30201
0.81858 6.29467
0.81859 6.28721
0.81860 6.27964
0.81860 6.27196
0.81861 6.26417
0.81862 6.25629
0.81863 6.24831
0.81864 6.24023
0.81864 6.23206
0.81865 6.22381
0.81866 6.21546
0.81867 6.20702
0.81868 6.19851
0.81868 6.18991
0.81869 6.18123
0.81870 6.17249
0.81871 6.16368
0.81872 6.15481
0.81872 6.14589
0.81873 6.13691
0.81874 6.12789
0.81875 6.11882
0.81876 6.10972
0.81876 6.10058
0.81877 6.09140
0.81878 6.08218
0.81879 6.07293
0.81880 6.06364
0.81880 6.05432
0.81881 6.04496
0.81882 6.03557
0.81883 6.02616
0.81884 6.01671
0.81884 6.00724
0.81885 5.99774
0.81886 5.98822
0.81887 5.97868
0.81888 5.96913
0.81888 5.95956
0.81889 5.94998
0.81890 5.94039
0.81891 5.93080
0.81892 5.92121
0.81892 5.91163
0.81893 5.90206
0.81894 5.89253
0.81895 5.88304
0.81896 5.87359
0.81896 5.86420
0.81897 5.85487
0.81898 5.84562
0.81899 5.83645
0.81900 5.82737
0.81900 5.81839
0.81901 5.80952
0.81902 5.80076
0.81903 5.79212
0.81904 5.78359
0.81904 5.77520
0.81905 5.76695
0.81906 5.75884
0.81907 5.75089
0.81908 5.74310
0.81908 5.73547
0.81909 5.72803
0.81910 5.72077
0.81911 5.71371
0.81912 5.70686
0.81912 5.70021
0.81913 5.69379
0.81914 5.68759
0.81915 5.68162
0.81916 5.67590
0.81916 5.67044
0.81917 5.66524
0.81918 5.66030
0.81919 5.65564
0.81920 5.65126
0.81920 5.64716
0.81921 5.64335
0.81922 5.63983
0.81923 5.63660
0.81924 5.63368
0.81924 5.63106
0.81925 5.62876
0.81926 5.62677
0.81927 5.62509
0.81928 5.62374
0.81928 5.62273
0.81929 5.62205
0.81930 5.62172
0.81931 5.62174
0.81932 5.62211
0.81932 5.62284
0.81933 5.62393
0.81934 5.62539
0.81935 5.62723
0.81936 5.62946
0.81936 5.63207
0.81937 5.63507
0.81938 5.63846
0.81939 5.64224
0.81940 5.64642
0.81940 5.65100
0.81941 5.65598
0.81942 5.66134
0.81943 5.66709
0.81944 5.67320
0.81944 5.67968
0.81945 5.68649
0.81946 5.69364
0.81947 5.70111
0.81948 5.70889
0.81948 5.71696
0.81949 5.72530
0.81950 5.73392
0.81951 5.74280
0.81952 5.75192
0.81952 5.76128
0.81953 5.77086
0.81954 5.78066
0.81955 5.79065
0.81956 5.80083
0.81956 5.81118
0.81957 5.82168
0.81958 5.83232
0.81959 5.84309
0.81960 5.85397
0.81960 5.86493
0.81961 5.87598
0.81962 5.88708
0.81963 5.89823
0.81964 5.90942
0.81964 5.92063
0.81965 5.93185
0.81966 5.94306
0.81967 5.95425
0.81968 5.96540
0.81968 5.97651
0.81969 5.98755
0.81970 5.99854
0.81971 6.00944
0.81972 6.02025
0.81972 6.03097
0.81973 6.04157
0.81974 6.05206
0.81975 6.06241
0.81976 6.07261
0.81976 6.08267
0.81977 6.09256
0.81978 6.10228
0.81979 6.11181
0.81980 6.12115
0.81980 6.13028
0.81981 6.13919
0.81982 6.14788
0.81983 6.15634
0.81984 6.16454
0.81984 6.17248
0.81985 6.18015
0.81986 6.18753
0.81987 6.19461
0.81988 6.20140
0.81988 6.20788
0.81989 6.21404
0.81990 6.21989
0.81991 6.22541
0.81992 6.23059
0.81992 6.23544
0.81993 6.23995
0.81994 6.24411
0.81995 6.24792
0.81996 6.25140
0.81996 6.25454
0.81997 6.25734
0.81998 6.25980
0.81999 6.26192
0.82000 6.26370
0.82000 6.26514
0.82001 6.26623
0.82002 6.26699
0.82003 6.26741
0.82004 6.26749
0.82004 6.26724
0.82005 6.26666
0.82006 6.26576
0.82007 6.26454
0.82008 6.26301
0.82008 6.26118
0.82009 6.25903
0.82010 6.25659
0.82011 6.25385
0.82012 6.25082
0.82012 6.24750
0.82013 6.24390
0.82014 6.24003
0.82015 6.23589
0.82016 6.23149
0.82016 6.22681
0.82017 6.22188
0.82018 6.21669
0.82019 6.21124
0.82020 6.20555
0.82020 6.19960
0.82021 6.19341
0.82022 6.18698
0.82023 6.18031
0.82024 6.17340
0.82024 6.16627
0.82025 6.15891
0.82026 6.15133
0.82027 6.14353
0.82028 6.13552
0.82028 6.12730
0.82029 6.11888
0.82030 6.11027
0.82031 6.10147
0.82032 6.09248
0.82032 6.08332
0.82033 6.07399
0.82034 6.06450
0.82035 6.05488
0.82036 6.04512
0.82036 6.03523
0.82037 6.02523
0.82038 6.01513
0.82039 6.00492
0.82040 5.99462
0.82040 5.98424
0.82041 5.97379
0.82042 5.96327
0.82043 5.95272
0.82044 5.94213
0.82044 5.93153
0.82045 5.92092
0.82046 5.91032
0.82047 5.89973
0.82048 5.88916
0.82048 5.87863
0.82049 5.86815
0.82050 5.85774
0.82051 5.84741
0.82052 5.83719
0.82052 5.82707
0.82053 5.81708
0.82054 5.80723
0.82055 5.79751
0.82056 5.78796
0.82056 5.77857
0.82057 5.76936
0.82058 5.76034
0.82059 5.75152
0.82060 5.74292
0.82060 5.73455
0.82061 5.72642
0.82062 5.71854
0.82063 5.71094
0.82064 5.70361
0.82064 5.69658
0.82065 5.68984
0.82066 5.68342
0.82067 5.67732
0.82068 5.67157
0.82068 5.66617
0.82069 5.66114
0.82070 5.65648
0.82071 5.65222
0.82072 5.64836
0.82072 5.64492
0.82073 5.64191
0.82074 5.63933
0.82075 5.63721
0.82076 5.63554
0.82076 5.63434
0.82077 5.63362
0.82078 5.63338
0.82079 5.63364
0.82080 5.63441
0.82080 5.63568
0.82081 5.63747
0.82082 5.63978
0.82083 5.64260
0.82084 5.64596
0.82084 5.64984
0.82085 5.65426
0.82086 5.65920
0.82087 5.66468
0.82088 5.67069
0.82088 5.67724
0.82089 5.68433
0.82090 5.69195
0.82091 5.70011
0.82092 5.70880
0.82092 5.71802
0.82093 5.72777
0.82094 5.73803
0.82095 5.74880
0.82096 5.76008
0.82096 5.77187
0.82097 5.78418
0.82098 5.79699
0.82099 5.81030
0.82100 5.82411
0.82100 5.83840
0.82101 5.85317
0.82102 5.86842
0.82103 5.88412
0.82104 5.90028
0.82104 5.91689
0.82105 5.93393
0.82106 5.95140
0.82107 5.96930
0.82108 5.98762
0.82108 6.00636
0.82109 6.02551
0.82110 6.04505
0.82111 6.06499
0.82112 6.08531
0.82112 6.10600
0.82113 6.12705
0.82114 6.14846
0.82115 6.17022
0.82116 6.19233
0.82116 6.21477
0.82117 6.23754
0.82118 6.26062
0.82119 6.28402
0.82120 6.30771
0.82120 6.33170
0.82121 6.35597
0.82122 6.38050
0.82123 6.40529
0.82124 6.43033
0.82124 6.45561
0.82125 6.48113
0.82126 6.50685
0.82127 6.53280
0.82128 6.55895
0.82128 6.58531
0.82129 6.61185
0.82130 6.63858
0.82131 6.66548
0.82132 6.69256
0.82132 6.71979
0.82133 6.74718
0.82134 6.77471
0.82135 6.80237
0.82136 6.83016
0.82136 6.85806
0.82137 6.88607
0.82138 6.91418
0.82139 6.94239
0.82140 6.97069
0.82140 6.99908
0.82141 7.02753
0.82142 7.05605
0.82143 7.08463
0.82144 7.11326
0.82144 7.14194
0.82145 7.17065
0.82146 7.19941
0.82147 7.22819
0.82148 7.25698
0.82148 7.28577
0.82149 7.31456
0.82150 7.34334
0.82151 7.37210
0.82152 7.40083
0.82152 7.42953
0.82153 7.45819
0.82154 7.48680
0.82155 7.51536
0.82156 7.54386
0.82156 7.57229
0.82157 7.60064
0.82158 7.62890
0.82159 7.65706
0.82160 7.68511
0.82160 7.71304
0.82161 7.74084
0.82162 7.76850
0.82163 7.79600
0.82164 7.82335
0.82164 7.85054
0.82165 7.87754
0.82166 7.90436
0.82167 7.93097
0.82168 7.95737
0.82168 7.98355
0.82169 8.00948
0.82170 8.03518
0.82171 8.06063
0.82172 8.08582
0.82172 8.11074
0.82173 8.13539
0.82174 8.15976
0.82175 8.18383
0.82176 8.20760
0.82176 8.23106
0.82177 8.25419
0.82178 8.27699
0.82179 8.29945
0.82180 8.32155
0.82180 8.34329
0.82181 8.36466
0.82182 8.38566
0.82183 8.40627
0.82184 8.42650
0.82184 8.44633
0.82185 8.46576
0.82186 8.48479
0.82187 8.50341
0.82188 8.52161
0.82188 8.53939
0.82189 8.55674
0.82190 8.57364
0.82191 8.59011
0.82192 8.60612
0.82192 8.62169
0.82193 8.63680
0.82194 8.65144
0.82195 8.66562
0.82196 8.67931
0.82196 8.69252
0.82197 8.70524
0.82198 8.71747
0.82199 8.72921
0.82200 8.74046
0.82200 8.75121
0.82201 8.76146
0.82202 8.77120
0.82203 8.78043
0.82204 8.78914
0.82204 8.79735
0.82205 8.80504
0.82206 8.81223
0.82207 8.81889
0.82208 8.82504
0.82208 8.83065
0.82209 8.83575
0.82210 8.84032
0.82211 8.84437
0.82212 8.84790
0.82212 8.85092
0.82213 8.85342
0.82214 8.85540
0.82215 8.85686
0.82216 8.85780
0.82216 8.85824
0.82217 8.85817
0.82218 8.85761
0.82219 8.85656
0.82220 8.85502
0.82220 8.85299
0.82221 8.85048
0.82222 8.84747
0.82223 8.84399
0.82224 8.84004
0.82224 8.83562
0.82225 8.83075
0.82226 8.82542
0.82227 8.81963
0.82228 8.81340
0.82228 8.80673
0.82229 8.79961
0.82230 8.79206
0.82231 8.78410
0.82232 8.77572
0.82232 8.76693
0.82233 8.75772
0.82234 8.74810
0.82235 8.73809
0.82236 8.72767
0.82236 8.71687
0.82237 8.70568
0.82238 8.69411
0.82239 8.68216
0.82240 8.66984
0.82240 8.65717
0.82241 8.64413
0.82242 8.63074
0.82243 8.61699
0.82244 8.60291
0.82244 8.58849
0.82245 8.57376
0.82246 8.55871
0.82247 8.54335
0.82248 8.52768
0.82248 8.51171
0.82249 8.49545
0.82250 8.47890
0.82251 8.46206
0.82252 8.44496
0.82252 8.42759
0.82253 8.40998
0.82254 8.39211
0.82255 8.37401
0.82256 8.35566
0.82256 8.33709
0.82257 8.31830
0.82258 8.29931
0.82259 8.28012
0.82260 8.26076
0.82260 8.24122
0.82261 8.22151
0.82262 8.20164
0.82263 8.18162
0.82264 8.16145
0.82264 8.14115
0.82265 8.12072
0.82266 8.10018
0.82267 8.07952
0.82268 8.05874
0.82268 8.03785
0.82269 8.01685
0.82270 7.99574
0.82271 7.97454
0.82272 7.95326
0.82272 7.93191
0.82273 7.91048
0.82274 7.88897
0.82275 7.86739
0.82276 7.84574
0.82276 7.82403
0.82277 7.80226
0.82278 7.78045
0.82279 7.75858
0.82280 7.73668
0.82280 7.71474
0.82281 7.69277
0.82282 7.67075
0.82283 7.64872
0.82284 7.62666
0.82284 7.60459
0.82285 7.58251
0.82286 7.56042
0.82287 7.53832
0.82288 7.51623
0.82288 7.49415
0.82289 7.47208
0.82290 7.45001
0.82291 7.42796
0.82292 7.40593
0.82292 7.38393
0.82293 7.36196
0.82294 7.34001
0.82295 7.31810
0.82296 7.29621
0.82296 7.27436
0.82297 7.25255
0.82298 7.23079
0.82299 7.20908
0.82300 7.18741
0.82300 7.16579
0.82301 7.14423
0.82302 7.12271
0.82303 7.10124
0.82304 7.07982
0.82304 7.05846
0.82305 7.03714
0.82306 7.01587
0.82307 6.99466
0.82308 6.97350
0.82308 6.95238
0.82309 6.93131
0.82310 6.91028
0.82311 6.88929
0.82312 6.86834
0.82312 6.84742
0.82313 6.82653
0.82314 6.80567
0.82315 6.78483
0.82316 6.76401
0.82316 6.74321
0.82317 6.72244
0.82318 6.70168
0.82319 6.68095
0.82320 6.66024
0.82320 6.63956
0.82321 6.61889
0.82322 6.59823
0.82323 6.57758
0.82324 6.55694
0.82324 6.53630
0.82325 6.51568
0.82326 6.49507
0.82327 6.47447
0.82328 6.45387
0.82328 6.43328
0.82329 6.41269
0.82330 6.39209
0.82331 6.37150
0.82332 6.35089
0.82332 6.33029
0.82333 6.30967
0.82334 6.28904
0.82335 6.26840
0.82336 6.24775
0.82336 6.22708
0.82337 6.20639
0.82338 6.18567
0.82339 6.16493
0.82340 6.14416
0.82340 6.12337
0.82341 6.10255
0.82342 6.08170
0.82343 6.06082
0.82344 6.03990
0.82344 6.01895
0.82345 5.99796
0.82346 5.97694
0.82347 5.95587
0.82348 5.93476
0.82348 5.91360
0.82349 5.89240
0.82350 5.87115
0.82351 5.84986
0.82352 5.82853
0.82352 5.80714
0.82353 5.78572
0.82354 5.76424
0.82355 5.74272
0.82356 5.72116
0.82356 5.69955
0.82357 5.67790
0.82358 5.65620
0.82359 5.63445
0.82360 5.61266
0.82360 5.59082
0.82361 5.56895
0.82362 5.54704
0.82363 5.52510
0.82364 5.50314
0.82364 5.48116
0.82365 5.45918
0.82366 5.43719
0.82367 5.41520
0.82368 5.39322
0.82368 5.37125
0.82369 5.34928
0.82370 5.32734
0.82371 5.30541
0.82372 5.28351
0.82372 5.26166
0.82373 5.23984
0.82374 5.21809
0.82375 5.19640
0.82376 5.17478
0.82376 5.15323
0.82377 5.13177
0.82378 5.11041
0.82379 5.08915
0.82380 5.06800
0.82380 5.04697
0.82381 5.02607
0.82382 5.00532
0.82383 4.98472
0.82384 4.96429
0.82384 4.94403
0.82385 4.92396
0.82386 4.90409
0.82387 4.88444
0.82388 4.86502
0.82388 4.84585
0.82389 4.82693
0.82390 4.80829
0.82391 4.78993
0.82392 4.77186
0.82392 4.75410
0.82393 4.73665
0.82394 4.71955
0.82395 4.70279
0.82396 4.68641
0.82396 4.67041
0.82397 4.65480
0.82398 4.63960
0.82399 4.62482
0.82400 4.61046
0.82400 4.59655
0.82401 4.58309
0.82402 4.57009
0.82403 4.55758
0.82404 4.54556
0.82404 4.53405
0.82405 4.52306
0.82406 4.51261
0.82407 4.50269
0.82408 4.49333
0.82408 4.48455
0.82409 4.47636
0.82410 4.46877
0.82411 4.46180
0.82412 4.45545
0.82412 4.44974
0.82413 4.44467
0.82414 4.44026
0.82415 4.43650
0.82416 4.43341
0.82416 4.43099
0.82417 4.42924
0.82418 4.42818
0.82419 4.42782
0.82420 4.42815
0.82420 4.42919
0.82421 4.43094
0.82422 4.43341
0.82423 4.43659
0.82424 4.44048
0.82424 4.44509
0.82425 4.45041
0.82426 4.45644
0.82427 4.46318
0.82428 4.47063
0.82428 4.47880
0.82429 4.48768
0.82430 4.49727
0.82431 4.50757
0.82432 4.51858
0.82432 4.53028
0.82433 4.54267
0.82434 4.55576
0.82435 4.56953
0.82436 4.58397
0.82436 4.59908
0.82437 4.61484
0.82438 4.63124
0.82439 4.64829
0.82440 4.66595
0.82440 4.68423
0.82441 4.70312
0.82442 4.72261
0.82443 4.74270
0.82444 4.76336
0.82444 4.78459
0.82445 4.80636
0.82446 4.82867
0.82447 4.85150
0.82448 4.87485
0.82448 4.89870
0.82449 4.92305
0.82450 4.94787
0.82451 4.97315
0.82452 4.99889
0.82452 5.02504
0.82453 5.05161
0.82454 5.07857
0.82455 5.10591
0.82456 5.13361
0.82456 5.16165
0.82457 5.19003
0.82458 5.21872
0.82459 5.24770
0.82460 5.27694
0.82460 5.30642
0.82461 5.33613
0.82462 5.36603
0.82463 5.39612
0.82464 5.42638
0.82464 5.45678
0.82465 5.48732
0.82466 5.51796
0.82467 5.54869
0.82468 5.57950
0.82468 5.61036
0.82469 5.64125
0.82470 5.67215
0.82471 5.70305
0.82472 5.73393
0.82472 5.76478
0.82473 5.79557
0.82474 5.82629
0.82475 5.85692
0.82476 5.88747
0.82476 5.91790
0.82477 5.94820
0.82478 5.97836
0.82479 6.00836
0.82480 6.03819
0.82480 6.06782
0.82481 6.09725
0.82482 6.12646
0.82483 6.15544
0.82484 6.18417
0.82484 6.21264
0.82485 6.24083
0.82486 6.26874
0.82487 6.29634
0.82488 6.32364
0.82488 6.35061
0.82489 6.37723
0.82490 6.40350
0.82491 6.42939
0.82492 6.45491
0.82492 6.48003
0.82493 6.50474
0.82494 6.52903
0.82495 6.55290
0.82496 6.57633
0.82496 6.59932
0.82497 6.62186
0.82498 6.64394
0.82499 6.66553
0.82500 6.68665
0.82500 6.70727
0.82501 6.72741
0.82502 6.74706
0.82503 6.76622
0.82504 6.78488
0.82504 6.80305
0.82505 6.82073
0.82506 6.83790
0.82507 6.85457
0.82508 6.87072
0.82508 6.88637
0.82509 6.90151
0.82510 6.91613
0.82511 6.93025
0.82512 6.94386
0.82512 6.95696
0.82513 6.96956
0.82514 6.98166
0.82515 6.99325
0.82516 7.00435
0.82516 7.01496
0.82517 7.02508
0.82518 7.03472
0.82519 7.04387
0.82520 7.05254
0.82520 7.06074
0.82521 7.06847
0.82522 7.07573
0.82523 7.08251
0.82524 7.08884
0.82524 7.09471
0.82525 7.10012
0.82526 7.10508
0.82527 7.10958
0.82528 7.11364
0.82528 7.11726
0.82529 7.12043
0.82530 7.12317
0.82531 7.12547
0.82532 7.12734
0.82532 7.12880
0.82533 7.12983
0.82534 7.13046
0.82535 7.13068
0.82536 7.13049
0.82536 7.12991
0.82537 7.12893
0.82538 7.12756
0.82539 7.12582
0.82540 7.12371
0.82540 7.12124
0.82541 7.11841
0.82542 7.11523
0.82543 7.11170
0.82544 7.10783
0.82544 7.10362
0.82545 7.09908
0.82546 7.09421
0.82547 7.08902
0.82548 7.08350
0.82548 7.07768
0.82549 7.07155
0.82550 7.06513
0.82551 7.05841
0.82552 7.05139
0.82552 7.04408
0.82553 7.03649
0.82554 7.02860
0.82555 7.02043
0.82556 7.01197
0.82556 7.00324
0.82557 6.99423
0.82558 6.98497
0.82559 6.97544
0.82560 6.96566
0.82560 6.95565
0.82561 6.94539
0.82562 6.93490
0.82563 6.92419
0.82564 6.91324
0.82564 6.90205
0.82565 6.89065
0.82566 6.87901
0.82567 6.86714
0.82568 6.85504
0.82568 6.84272
0.82569 6.83018
0.82570 6.81742
0.82571 6.80444
0.82572 6.79126
0.82572 6.77788
0.82573 6.76429
0.82574 6.75051
0.82575 6.73653
0.82576 6.72237
0.82576 6.70802
0.82577 6.69349
0.82578 6.67879
0.82579 6.66392
0.82580 6.64890
0.82580 6.63373
0.82581 6.61842
0.82582 6.60296
0.82583 6.58737
0.82584 6.57165
0.82584 6.55580
0.82585 6.53984
0.82586 6.52376
0.82587 6.50758
0.82588 6.49130
0.82588 6.47495
0.82589 6.45851
0.82590 6.44199
0.82591 6.42541
0.82592 6.40876
0.82592 6.39207
0.82593 6.37534
0.82594 6.35857
0.82595 6.34177
0.82596 6.32494
0.82596 6.30811
0.82597 6.29126
0.82598 6.27442
0.82599 6.25759
0.82600 6.24076
0.82600 6.22395
0.82601 6.20717
0.82602 6.19041
0.82603 6.17368
0.82604 6.15699
0.82604 6.14034
0.82605 6.12373
0.82606 6.10718
0.82607 6.09068
0.82608 6.07424
0.82608 6.05785
0.82609 6.04153
0.82610 6.02527
0.82611 6.00908
0.82612 5.99294
0.82612 5.97688
0.82613 5.96088
0.82614 5.94496
0.82615 5.92911
0.82616 5.91335
0.82616 5.89769
0.82617 5.88212
0.82618 5.86666
0.82619 5.85129
0.82620 5.83603
0.82620 5.82088
0.82621 5.80583
0.82622 5.79088
0.82623 5.77603
0.82624 5.76129
0.82624 5.74665
0.82625 5.73212
0.82626 5.71770
0.82627 5.70338
0.82628 5.68917
0.82628 5.67506
0.82629 5.66104
0.82630 5.64712
0.82631 5.63328
0.82632 5.61952
0.82632 5.60585
0.82633 5.59225
0.82634 5.57873
0.82635 5.56528
0.82636 5.55190
0.82636 5.53859
0.82637 5.52533
0.82638 5.51211
0.82639 5.49894
0.82640 5.48579
0.82640 5.47267
0.82641 5.45958
0.82642 5.44650
0.82643 5.43342
0.82644 5.42036
0.82644 5.40732
0.82645 5.39428
0.82646 5.38125
0.82647 5.36824
0.82648 5.35523
0.82648 5.34222
0.82649 5.32922
0.82650 5.31621
0.82651 5.30322
0.82652 5.29024
0.82652 5.27727
0.82653 5.26432
0.82654 5.25141
0.82655 5.23853
0.82656 5.22571
0.82656 5.21293
0.82657 5.20021
0.82658 5.18755
0.82659 5.17494
0.82660 5.16241
0.82660 5.14994
0.82661 5.13754
0.82662 5.12521
0.82663 5.11297
0.82664 5.10081
0.82664 5.08875
0.82665 5.07679
0.82666 5.06493
0.82667 5.05317
0.82668 5.04153
0.82668 5.03001
0.82669 5.01862
0.82670 5.00738
0.82671 4.99628
0.82672 4.98535
0.82672 4.97458
0.82673 4.96400
0.82674 4.95360
0.82675 4.94339
0.82676 4.93338
0.82676 4.92357
0.82677 4.91397
0.82678 4.90458
0.82679 4.89542
0.82680 4.88649
0.82680 4.87780
0.82681 4.86936
0.82682 4.86117
0.82683 4.85324
0.82684 4.84557
0.82684 4.83818
0.82685 4.83106
0.82686 4.82422
0.82687 4.81768
0.82688 4.81144
0.82688 4.80550
0.82689 4.79988
0.82690 4.79457
0.82691 4.78959
0.82692 4.78494
0.82692 4.78062
0.82693 4.77664
0.82694 4.77299
0.82695 4.76967
0.82696 4.76667
0.82696 4.76399
0.82697 4.76162
0.82698 4.75956
0.82699 4.75782
0.82700 4.75638
0.82700 4.75523
0.82701 4.75437
0.82702 4.75379
0.82703 4.75348
0.82704 4.75340
0.82704 4.75356
0.82705 4.75393
0.82706 4.75450
0.82707 4.75526
0.82708 4.75618
0.82708 4.75727
0.82709 4.75850
0.82710 4.75989
0.82711 4.76140
0.82712 4.76304
0.82712 4.76480
0.82713 4.76667
0.82714 4.76862
0.82715 4.77065
0.82716 4.77275
0.82716 4.77491
0.82717 4.77710
0.82718 4.77932
0.82719 4.78155
0.82720 4.78377
0.82720 4.78596
0.82721 4.78811
0.82722 4.79021
0.82723 4.79223
0.82724 4.79416
0.82724 4.79599
0.82725 4.79770
0.82726 4.79929
0.82727 4.80074
0.82728 4.80204
0.82728 4.80319
0.82729 4.80417
0.82730 4.80496
0.82731 4.80557
0.82732 4.80597
0.82732 4.80617
0.82733 4.80615
0.82734 4.80591
0.82735 4.80543
0.82736 4.80471
0.82736 4.80374
0.82737 4.80250
0.82738 4.80098
0.82739 4.79917
0.82740 4.79708
0.82740 4.79469
0.82741 4.79200
0.82742 4.78900
0.82743 4.78569
0.82744 4.78205
0.82744 4.77809
0.82745 4.77381
0.82746 4.76919
0.82747 4.76424
0.82748 4.75896
0.82748 4.75334
0.82749 4.74739
0.82750 4.74109
0.82751 4.73447
0.82752 4.72750
0.82752 4.72021
0.82753 4.71260
0.82754 4.70468
0.82755 4.69645
0.82756 4.68792
0.82756 4.67910
0.82757 4.67001
0.82758 4.66065
0.82759 4.65103
0.82760 4.64116
0.82760 4.63104
0.82761 4.62069
0.82762 4.61010
0.82763 4.59930
0.82764 4.58828
0.82764 4.57706
0.82765 4.56566
0.82766 4.55408
0.82767 4.54234
0.82768 4.53044
0.82768 4.51839
0.82769 4.50621
0.82770 4.49390
0.82771 4.48148
0.82772 4.46895
0.82772 4.45633
0.82773 4.44364
0.82774 4.43087
0.82775 4.41805
0.82776 4.40517
0.82776 4.39225
0.82777 4.37930
0.82778 4.36633
0.82779 4.35334
0.82780 4.34036
0.82780 4.32738
0.82781 4.31442
0.82782 4.30148
0.82783 4.28858
0.82784 4.27571
0.82784 4.26290
0.82785 4.25014
0.82786 4.23745
0.82787 4.22485
0.82788 4.21234
0.82788 4.19993
0.82789 4.18764
0.82790 4.17547
0.82791 4.16342
0.82792 4.15151
0.82792 4.13974
0.82793 4.12813
0.82794 4.11668
0.82795 4.10540
0.82796 4.09430
0.82796 4.08339
0.82797 4.07268
0.82798 4.06217
0.82799 4.05186
0.82800 4.04178
0.82800 4.03191
0.82801 4.02228
0.82802 4.01287
0.82803 4.00369
0.82804 3.99475
0.82804 3.98604
0.82805 3.97756
0.82806 3.96931
0.82807 3.96129
0.82808 3.95349
0.82808 3.94591
0.82809 3.93854
0.82810 3.93137
0.82811 3.92440
0.82812 3.91763
0.82812 3.91105
0.82813 3.90465
0.82814 3.89842
0.82815 3.89236
0.82816 3.88646
0.82816 3.88069
0.82817 3.87507
0.82818 3.86957
0.82819 3.86421
0.82820 3.85896
0.82820 3.85383
0.82821 3.84881
0.82822 3.84388
0.82823 3.83904
0.82824 3.83427
0.82824 3.82958
0.82825 3.82495
0.82826 3.82038
0.82827 3.81587
0.82828 3.81141
0.82828 3.80700
0.82829 3.80262
0.82830 3.79827
0.82831 3.79394
0.82832 3.78963
0.82832 3.78534
0.82833 3.78106
0.82834 3.77678
0.82835 3.77250
0.82836 3.76821
0.82836 3.76390
0.82837 3.75957
0.82838 3.75520
0.82839 3.75078
0.82840 3.74632
0.82840 3.74180
0.82841 3.73723
0.82842 3.73259
0.82843 3.72787
0.82844 3.72308
0.82844 3.71821
0.82845 3.71324
0.82846 3.70818
0.82847 3.70302
0.82848 3.69776
0.82848 3.69239
0.82849 3.68691
0.82850 3.68133
0.82851 3.67564
0.82852 3.66985
0.82852 3.66397
0.82853 3.65799
0.82854 3.65191
0.82855 3.64575
0.82856 3.63952
0.82856 3.63321
0.82857 3.62683
0.82858 3.62041
0.82859 3.61394
0.82860 3.60743
0.82860 3.60089
0.82861 3.59435
0.82862 3.58781
0.82863 3.58127
0.82864 3.57476
0.82864 3.56828
0.82865 3.56184
0.82866 3.55545
0.82867 3.54915
0.82868 3.54294
0.82868 3.53683
0.82869 3.53083
0.82870 3.52496
0.82871 3.51924
0.82872 3.51369
0.82872 3.50832
0.82873 3.50317
0.82874 3.49824
0.82875 3.49355
0.82876 3.48913
0.82876 3.48498
0.82877 3.48112
0.82878 3.47757
0.82879 3.47435
0.82880 3.47146
0.82880 3.46894
0.82881 3.46679
0.82882 3.46503
0.82883 3.46368
0.82884 3.46274
0.82884 3.46225
0.82885 3.46222
0.82886 3.46265
0.82887 3.46357
0.82888 3.46499
0.82888 3.46693
0.82889 3.46942
0.82890 3.47247
0.82891 3.47611
0.82892 3.48033
0.82892 3.48517
0.82893 3.49063
0.82894 3.49673
0.82895 3.50348
0.82896 3.51091
0.82896 3.51902
0.82897 3.52782
0.82898 3.53733
0.82899 3.54756
0.82900 3.55851
0.82900 3.57019
0.82901 3.58261
0.82902 3.59577
0.82903 3.60966
0.82904 3.62430
0.82904 3.63969
0.82905 3.65582
0.82906 3.67270
0.82907 3.69034
0.82908 3.70873
0.82908 3.72787
0.82909 3.74776
0.82910 3.76839
0.82911 3.78976
0.82912 3.81185
0.82912 3.83466
0.82913 3.85820
0.82914 3.88245
0.82915 3.90741
0.82916 3.93308
0.82916 3.95945
0.82917 3.98650
0.82918 4.01423
0.82919 4.04263
0.82920 4.07169
0.82920 4.10140
0.82921 4.13173
0.82922 4.16269
0.82923 4.19424
0.82924 4.22636
0.82924 4.25905
0.82925 4.29228
0.82926 4.32603
0.82927 4.36029
0.82928 4.39503
0.82928 4.43024
0.82929 4.46591
0.82930 4.50201
0.82931 4.53853
0.82932 4.57543
0.82932 4.61269
0.82933 4.65031
0.82934 4.68825
0.82935 4.72650
0.82936 4.76505
0.82936 4.80386
0.82937 4.84292
0.82938 4.88221
0.82939 4.92171
0.82940 4.96139
0.82940 5.00124
0.82941 5.04122
0.82942 5.08131
0.82943 5.12150
0.82944 5.16177
0.82944 5.20209
0.82945 5.24244
0.82946 5.28280
0.82947 5.32315
0.82948 5.36347
0.82948 5.40374
0.82949 5.44393
0.82950 5.48405
0.82951 5.52405
0.82952 5.56394
0.82952 5.60370
0.82953 5.64332
0.82954 5.68277
0.82955 5.72205
0.82956 5.76111
0.82956 5.79997
0.82957 5.83860
0.82958 5.87697
0.82959 5.91509
0.82960 5.95293
0.82960 5.99048
0.82961 6.02774
0.82962 6.06469
0.82963 6.10132
0.82964 6.13760
0.82964 6.17354
0.82965 6.20911
0.82966 6.24431
0.82967 6.27911
0.82968 6.31351
0.82968 6.34751
0.82969 6.38108
0.82970 6.41422
0.82971 6.44693
0.82972 6.47920
0.82972 6.51102
0.82973 6.54239
0.82974 6.57329
0.82975 6.60372
0.82976 6.63369
0.82976 6.66319
0.82977 6.69223
0.82978 6.72078
0.82979 6.74883
0.82980 6.77639
0.82980 6.80345
0.82981 6.82999
0.82982 6.85604
0.82983 6.88157
0.82984 6.90661
0.82984 6.93114
0.82985 6.95515
0.82986 6.97864
0.82987 7.00163
0.82988 7.02410
0.82988 7.04607
0.82989 7.06752
0.82990 7.08847
0.82991 7.10891
0.82992 7.12884
0.82992 7.14825
0.82993 7.16715
0.82994 7.18555
0.82995 7.20344
0.82996 7.22082
0.82996 7.23770
0.82997 7.25409
0.82998 7.26999
0.82999 7.28540
0.83000 7.30032
0.83000 7.31476
0.83001 7.32872
0.83002 7.34218
0.83003 7.35515
0.83004 7.36764
0.83004 7.37965
0.83005 7.39118
0.83006 7.40225
0.83007 7.41284
0.83008 7.42298
0.83008 7.43265
0.83009 7.44186
0.83010 7.45062
0.83011 7.45893
0.83012 7.46680
0.83012 7.47422
0.83013 7.48122
0.83014 7.48779
0.83015 7.49393
0.83016 7.49966
0.83016 7.50497
0.83017 7.50987
0.83018 7.51439
0.83019 7.51851
0.83020 7.52223
0.83020 7.52558
0.83021 7.52853
0.83022 7.53111
0.83023 7.53331
0.83024 7.53514
0.83024 7.53661
0.83025 7.53772
0.83026 7.53846
0.83027 7.53884
0.83028 7.53886
0.83028 7.53853
0.83029 7.53786
0.83030 7.53686
0.83031 7.53554
0.83032 7.53390
0.83032 7.53195
0.83033 7.52968
0.83034 7.52710
0.83035 7.52420
0.83036 7.52100
0.83036 7.51749
0.83037 7.51369
0.83038 7.50958
0.83039 7.50518
0.83040 7.50048
0.83040 7.49548
0.83041 7.49019
0.83042 7.48461
0.83043 7.47875
0.83044 7.47262
0.83044 7.46621
0.83045 7.45953
0.83046 7.45259
0.83047 7.44537
0.83048 7.43787
0.83048 7.43010
0.83049 7.42207
0.83050 7.41376
0.83051 7.40520
0.83052 7.39638
0.83052 7.38731
0.83053 7.37800
0.83054 7.36844
0.83055 7.35863
0.83056 7.34857
0.83056 7.33828
0.83057 7.32775
0.83058 7.31699
0.83059 7.30599
0.83060 7.29477
0.83060 7.28332
0.83061 7.27165
0.83062 7.25976
0.83063 7.24765
0.83064 7.23533
0.83064 7.22280
0.83065 7.21007
0.83066 7.19713
0.83067 7.18399
0.83068 7.17064
0.83068 7.15709
0.83069 7.14333
0.83070 7.12937
0.83071 7.11521
0.83072 7.10086
0.83072 7.08632
0.83073 7.07159
0.83074 7.05669
0.83075 7.04160
0.83076 7.02633
0.83076 7.01090
0.83077 6.99529
0.83078 6.97952
0.83079 6.96360
0.83080 6.94751
0.83080 6.93127
0.83081 6.91489
0.83082 6.89835
0.83083 6.88168
0.83084 6.86488
0.83084 6.84796
0.83085 6.83093
0.83086 6.81380
0.83087 6.79656
0.83088 6.77925
0.83088 6.76185
0.83089 6.74440
0.83090 6.72689
0.83091 6.70934
0.83092 6.69175
0.83092 6.67413
0.83093 6.65649
0.83094 6.63884
0.83095 6.62120
0.83096 6.60357
0.83096 6.58597
0.83097 6.56841
0.83098 6.55090
0.83099 6.53345
0.83100 6.51606
0.83100 6.49875
0.83101 6.48154
0.83102 6.46442
0.83103 6.44741
0.83104 6.43053
0.83104 6.41377
0.83105 6.39715
0.83106 6.38068
0.83107 6.36437
0.83108 6.34823
0.83108 6.33227
0.83109 6.31651
0.83110 6.30094
0.83111 6.28560
0.83112 6.27047
0.83112 6.25558
0.83113 6.24092
0.83114 6.22651
0.83115 6.21235
0.83116 6.19846
0.83116 6.18485
0.83117 6.17152
0.83118 6.15849
0.83119 6.14576
0.83120 6.13335
0.83120 6.12127
0.83121 6.10952
0.83122 6.09812
0.83123 6.08708
0.83124 6.07639
0.83124 6.06608
0.83125 6.05614
0.83126 6.04660
0.83127 6.03746
0.83128 6.02874
0.83128 6.02043
0.83129 6.01256
0.83130 6.00513
0.83131 5.99815
0.83132 5.99162
0.83132 5.98555
0.83133 5.97996
0.83134 5.97485
0.83135 5.97021
0.83136 5.96605
0.83136 5.96237
0.83137 5.95915
0.83138 5.95640
0.83139 5.95412
0.83140 5.95228
0.83140 5.95090
0.83141 5.94998
0.83142 5.94950
0.83143 5.94947
0.83144 5.94987
0.83144 5.95070
0.83145 5.95194
0.83146 5.95358
0.83147 5.95562
0.83148 5.95805
0.83148 5.96088
0.83149 5.96408
0.83150 5.96766
0.83151 5.97159
0.83152 5.97586
0.83152 5.98047
0.83153 5.98539
0.83154 5.99062
0.83155 5.99616
0.83156 6.00198
0.83156 6.00808
0.83157 6.01445
0.83158 6.02106
0.83159 6.02791
0.83160 6.03497
0.83160 6.04223
0.83161 6.04969
0.83162 6.05732
0.83163 6.06512
0.83164 6.07308
0.83164 6.08118
0.83165 6.08941
0.83166 6.09775
0.83167 6.10620
0.83168 6.11474
0.83168 6.12336
0.83169 6.13204
0.83170 6.14079
0.83171 6.14957
0.83172 6.15837
0.83172 6.16718
0.83173 6.17597
0.83174 6.18474
0.83175 6.19347
0.83176 6.20213
0.83176 6.21072
0.83177 6.21922
0.83178 6.22760
0.83179 6.23586
0.83180 6.24396
0.83180 6.25190
0.83181 6.25965
0.83182 6.26720
0.83183 6.27451
0.83184 6.28157
0.83184 6.28837
0.83185 6.29488
0.83186 6.30110
0.83187 6.30702
0.83188 6.31263
0.83188 6.31792
0.83189 6.32287
0.83190 6.32748
0.83191 6.33172
0.83192 6.33560
0.83192 6.33909
0.83193 6.34220
0.83194 6.34491
0.83195 6.34723
0.83196 6.34915
0.83196 6.35066
0.83197 6.35175
0.83198 6.35241
0.83199 6.35264
0.83200 6.35242
0.83200 6.35176
0.83201 6.35067
0.83202 6.34912
0.83203 6.34714
0.83204 6.34472
0.83204 6.34186
0.83205 6.33855
0.83206 6.33479
0.83207 6.33059
0.83208 6.32594
0.83208 6.32086
0.83209 6.31533
0.83210 6.30938
0.83211 6.30299
0.83212 6.29617
0.83212 6.28892
0.83213 6.28125
0.83214 6.27315
0.83215 6.26463
0.83216 6.25569
0.83216 6.24634
0.83217 6.23657
0.83218 6.22638
0.83219 6.21579
0.83220 6.20480
0.83220 6.19340
0.83221 6.18161
0.83222 6.16944
0.83223 6.15688
0.83224 6.14395
0.83224 6.13066
0.83225 6.11702
0.83226 6.10303
0.83227 6.08870
0.83228 6.07404
0.83228 6.05904
0.83229 6.04372
0.83230 6.02810
0.83231 6.01217
0.83232 5.99596
0.83232 5.97947
0.83233 5.96272
0.83234 5.94572
0.83235 5.92847
0.83236 5.91100
0.83236 5.89331
0.83237 5.87541
0.83238 5.85731
0.83239 5.83903
0.83240 5.82057
0.83240 5.80197
0.83241 5.78322
0.83242 5.76434
0.83243 5.74535
0.83244 5.72626
0.83244 5.70707
0.83245 5.68781
0.83246 5.66847
0.83247 5.64907
0.83248 5.62964
0.83248 5.61017
0.83249 5.59068
0.83250 5.57119
0.83251 5.55171
0.83252 5.53224
0.83252 5.51279
0.83253 5.49337
0.83254 5.47400
0.83255 5.45469
0.83256 5.43545
0.83256 5.41631
0.83257 5.39726
0.83258 5.37832
0.83259 5.35950
0.83260 5.34082
0.83260 5.32227
0.83261 5.30388
0.83262 5.28566
0.83263 5.26762
0.83264 5.24977
0.83264 5.23212
0.83265 5.21469
0.83266 5.19749
0.83267 5.18053
0.83268 5.16383
0.83268 5.14739
0.83269 5.13123
0.83270 5.11536
0.83271 5.09978
0.83272 5.08451
0.83272 5.06956
0.83273 5.05493
0.83274 5.04065
0.83275 5.02671
0.83276 5.01312
0.83276 4.99989
0.83277 4.98703
0.83278 4.97456
0.83279 4.96249
0.83280 4.95082
0.83280 4.93956
0.83281 4.92873
0.83282 4.91833
0.83283 4.90837
0.83284 4.89886
0.83284 4.88981
0.83285 4.88122
0.83286 4.87310
0.83287 4.86546
0.83288 4.85829
0.83288 4.85160
0.83289 4.84539
0.83290 4.83967
0.83291 4.83443
0.83292 4.82969
0.83292 4.82544
0.83293 4.82168
0.83294 4.81841
0.83295 4.81564
0.83296 4.81336
0.83296 4.81158
0.83297 4.81031
0.83298 4.80954
0.83299 4.80929
0.83300 4.80955
0.83300 4.81033
0.83301 4.81162
0.83302 4.81344
0.83303 4.81579
0.83304 4.81867
0.83304 4.82207
0.83305 4.82600
0.83306 4.83045
0.83307 4.83543
0.83308 4.84093
0.83308 4.84696
0.83309 4.85351
0.83310 4.86059
0.83311 4.86820
0.83312 4.87634
0.83312 4.88499
0.83313 4.89416
0.83314 4.90384
0.83315 4.91402
0.83316 4.92470
0.83316 4.93586
0.83317 4.94751
0.83318 4.95963
0.83319 4.97222
0.83320 4.98526
0.83320 4.99876
0.83321 5.01269
0.83322 5.02707
0.83323 5.04187
0.83324 5.05708
0.83324 5.07271
0.83325 5.08875
0.83326 5.10519
0.83327 5.12202
0.83328 5.13923
0.83328 5.15682
0.83329 5.17476
0.83330 5.19305
0.83331 5.21168
0.83332 5.23063
0.83332 5.24988
0.83333 5.26943
0.83334 5.28927
0.83335 5.30937
0.83336 5.32973
0.83336 5.35035
0.83337 5.37121
0.83338 5.39230
0.83339 5.41362
0.83340 5.43517
0.83340 5.45692
0.83341 5.47888
0.83342 5.50104
0.83343 5.52338
0.83344 5.54589
0.83344 5.56856
0.83345 5.59139
0.83346 5.61436
0.83347 5.63746
0.83348 5.66067
0.83348 5.68398
0.83349 5.70736
0.83350 5.73080
0.83351 5.75428
0.83352 5.77778
0.83352 5.80128
0.83353 5.82476
0.83354 5.84822
0.83355 5.87162
0.83356 5.89495
0.83356 5.91820
0.83357 5.94133
0.83358 5.96435
0.83359 5.98721
0.83360 6.00991
0.83360 6.03243
0.83361 6.05473
0.83362 6.07681
0.83363 6.09866
0.83364 6.12026
0.83364 6.14160
0.83365 6.16266
0.83366 6.18342
0.83367 6.20387
0.83368 6.22401
0.83368 6.24382
0.83369 6.26329
0.83370 6.28242
0.83371 6.30119
0.83372 6.31959
0.83372 6.33761
0.83373 6.35525
0.83374 6.37249
0.83375 6.38932
0.83376 6.40574
0.83376 6.42173
0.83377 6.43727
0.83378 6.45238
0.83379 6.46704
0.83380 6.48124
0.83380 6.49500
0.83381 6.50829
0.83382 6.52112
0.83383 6.53348
0.83384 6.54538
0.83384 6.55680
0.83385 6.56776
0.83386 6.57823
0.83387 6.58823
0.83388 6.59775
0.83388 6.60676
0.83389 6.61527
0.83390 6.62327
0.83391 6.63075
0.83392 6.63771
0.83392 6.64414
0.83393 6.65005
0.83394 6.65543
0.83395 6.66028
0.83396 6.66461
0.83396 6.66841
0.83397 6.67169
0.83398 6.67444
0.83399 6.67667
0.83400 6.67840
0.83400 6.67963
0.83401 6.68036
0.83402 6.68061
0.83403 6.68037
0.83404 6.67965
0.83404 6.67847
0.83405 6.67682
0.83406 6.67472
0.83407 6.67218
0.83408 6.66920
0.83408 6.66579
0.83409 6.66196
0.83410 6.65772
0.83411 6.65307
0.83412 6.64802
0.83412 6.64258
0.83413 6.63675
0.83414 6.63055
0.83415 6.62398
0.83416 6.61704
0.83416 6.60976
0.83417 6.60214
0.83418 6.59418
0.83419 6.58590
0.83420 6.57729
0.83420 6.56837
0.83421 6.55914
0.83422 6.54962
0.83423 6.53980
0.83424 6.52970
0.83424 6.51932
0.83425 6.50867
0.83426 6.49775
0.83427 6.48657
0.83428 6.47513
0.83428 6.46345
0.83429 6.45153
0.83430 6.43937
0.83431 6.42697
0.83432 6.41434
0.83432 6.40148
0.83433 6.38839
0.83434 6.37510
0.83435 6.36158
0.83436 6.34786
0.83436 6.33392
0.83437 6.31979
0.83438 6.30547
0.83439 6.29096
0.83440 6.27629
0.83440 6.26146
0.83441 6.24646
0.83442 6.23131
0.83443 6.21602
0.83444 6.20058
0.83444 6.18501
0.83445 6.16930
0.83446 6.15345
0.83447 6.13748
0.83448 6.12138
0.83448 6.10515
0.83449 6.08881
0.83450 6.07236
0.83451 6.05579
0.83452 6.03910
0.83452 6.02230
0.83453 6.00539
0.83454 5.98838
0.83455 5.97126
0.83456 5.95404
0.83456 5.93672
0.83457 5.91930
0.83458 5.90178
0.83459 5.88417
0.83460 5.86647
0.83460 5.84869
0.83461 5.83083
0.83462 5.81290
0.83463 5.79490
0.83464 5.77683
0.83464 5.75869
0.83465 5.74050
0.83466 5.72225
0.83467 5.70395
0.83468 5.68560
0.83468 5.66720
0.83469 5.64875
0.83470 5.63026
0.83471 5.61172
0.83472 5.59314
0.83472 5.57452
0.83473 5.55585
0.83474 5.53716
0.83475 5.51844
0.83476 5.49971
0.83476 5.48097
0.83477 5.46222
0.83478 5.44347
0.83479 5.42473
0.83480 5.40599
0.83480 5.38728
0.83481 5.36859
0.83482 5.34996
0.83483 5.33137
0.83484 5.31284
0.83484 5.29438
0.83485 5.27599
0.83486 5.25769
0.83487 5.23947
0.83488 5.22135
0.83488 5.20334
0.83489 5.18544
0.83490 5.16765
0.83491 5.14998
0.83492 5.13244
0.83492 5.11504
0.83493 5.09779
0.83494 5.08068
0.83495 5.06374
0.83496 5.04698
0.83496 5.03040
0.83497 5.01403
0.83498 4.99787
0.83499 4.98193
0.83500 4.96622
0.83500 4.95075
0.83501 4.93554
0.83502 4.92059
0.83503 4.90592
0.83504 4.89154
0.83504 4.87745
0.83505 4.86368
0.83506 4.85024
0.83507 4.83713
0.83508 4.82437
0.83508 4.81198
0.83509 4.79996
0.83510 4.78833
0.83511 4.77710
0.83512 4.76627
0.83512 4.75586
0.83513 4.74588
0.83514 4.73634
0.83515 4.72726
0.83516 4.71862
0.83516 4.71046
0.83517 4.70277
0.83518 4.69557
0.83519 4.68886
0.83520 4.68267
0.83520 4.67699
0.83521 4.67183
0.83522 4.66721
0.83523 4.66315
0.83524 4.65963
0.83524 4.65666
0.83525 4.65426
0.83526 4.65242
0.83527 4.65114
0.83528 4.65042
0.83528 4.65027
0.83529 4.65070
0.83530 4.65169
0.83531 4.65326
0.83532 4.65540
0.83532 4.65810
0.83533 4.66136
0.83534 4.66519
0.83535 4.66958
0.83536 4.67453
0.83536 4.68004
0.83537 4.68611
0.83538 4.69274
0.83539 4.69992
0.83540 4.70765
0.83540 4.71594
0.83541 4.72478
0.83542 4.73417
0.83543 4.74411
0.83544 4.75459
0.83544 4.76561
0.83545 4.77715
0.83546 4.78921
0.83547 4.80177
0.83548 4.81483
0.83548 4.82838
0.83549 4.84241
0.83550 4.85690
0.83551 4.87183
0.83552 4.88720
0.83552 4.90299
0.83553 4.91921
0.83554 4.93583
0.83555 4.95285
0.83556 4.97026
0.83556 4.98804
0.83557 5.00617
0.83558 5.02465
0.83559 5.04345
0.83560 5.06256
0.83560 5.08197
0.83561 5.10168
0.83562 5.12165
0.83563 5.14188
0.83564 5.16235
0.83564 5.18305
0.83565 5.20396
0.83566 5.22507
0.83567 5.24637
0.83568 5.26784
0.83568 5.28946
0.83569 5.31121
0.83570 5.33309
0.83571 5.35508
0.83572 5.37716
0.83572 5.39933
0.83573 5.42155
0.83574 5.44383
0.83575 5.46615
0.83576 5.48850
0.83576 5.51088
0.83577 5.53328
0.83578 5.55569
0.83579 5.57809
0.83580 5.60046
0.83580 5.62280
0.83581 5.64509
0.83582 5.66732
0.83583 5.68948
0.83584 5.71156
0.83584 5.73354
0.83585 5.75542
0.83586 5.77719
0.83587 5.79882
0.83588 5.82032
0.83588 5.84167
0.83589 5.86286
0.83590 5.88387
0.83591 5.90470
0.83592 5.92532
0.83592 5.94574
0.83593 5.96592
0.83594 5.98588
0.83595 6.00560
0.83596 6.02506
0.83596 6.04427
0.83597 6.06320
0.83598 6.08185
0.83599 6.10022
0.83600 6.11829
0.83600 6.13607
0.83601 6.15355
0.83602 6.17073
0.83603 6.18761
0.83604 6.20417
0.83604 6.22040
0.83605 6.23628
0.83606 6.25182
0.83607 6.26700
0.83608 6.28182
0.83608 6.29628
0.83609 6.31038
0.83610 6.32409
0.83611 6.33743
0.83612 6.35037
0.83612 6.36293
0.83613 6.37508
0.83614 6.38684
0.83615 6.39819
0.83616 6.40913
0.83616 6.41965
0.83617 6.42977
0.83618 6.43947
0.83619 6.44875
0.83620 6.45762
0.83620 6.46606
0.83621 6.47407
0.83622 6.48167
0.83623 6.48883
0.83624 6.49557
0.83624 6.50186
0.83625 6.50772
0.83626 6.51312
0.83627 6.51808
0.83628 6.52259
0.83628 6.52664
0.83629 6.53025
0.83630 6.53342
0.83631 6.53615
0.83632 6.53843
0.83632 6.54026
0.83633 6.54166
0.83634 6.54261
0.83635 6.54314
0.83636 6.54322
0.83636 6.54287
0.83637 6.54208
0.83638 6.54086
0.83639 6.53921
0.83640 6.53715
0.83640 6.53466
0.83641 6.53176
0.83642 6.52843
0.83643 6.52469
0.83644 6.52055
0.83644 6.51600
0.83645 6.51105
0.83646 6.50571
0.83647 6.49998
0.83648 6.49388
0.83648 6.48741
0.83649 6.48056
0.83650 6.47336
0.83651 6.46580
0.83652 6.45788
0.83652 6.44961
0.83653 6.44099
0.83654 6.43203
0.83655 6.42274
0.83656 6.41312
0.83656 6.40319
0.83657 6.39294
0.83658 6.38238
0.83659 6.37152
0.83660 6.36036
0.83660 6.34892
0.83661 6.33721
0.83662 6.32523
0.83663 6.31301
0.83664 6.30054
0.83664 6.28786
0.83665 6.27498
0.83666 6.26190
0.83667 6.24863
0.83668 6.23518
0.83668 6.22156
0.83669 6.20779
0.83670 6.19387
0.83671 6.17984
0.83672 6.16570
0.83672 6.15146
0.83673 6.13715
0.83674 6.12277
0.83675 6.10835
0.83676 6.09390
0.83676 6.07944
0.83677 6.06498
0.83678 6.05054
0.83679 6.03611
0.83680 6.02171
0.83680 6.00734
0.83681 5.99304
0.83682 5.97880
0.83683 5.96464
0.83684 5.95059
0.83684 5.93666
0.83685 5.92286
0.83686 5.90920
0.83687 5.89571
0.83688 5.88241
0.83688 5.86930
0.83689 5.85640
0.83690 5.84373
0.83691 5.83129
0.83692 5.81912
0.83692 5.80722
0.83693 5.79561
0.83694 5.78430
0.83695 5.77331
0.83696 5.76266
0.83696 5.75236
0.83697 5.74242
0.83698 5.73285
0.83699 5.72366
0.83700 5.71487
0.83700 5.70649
0.83701 5.69852
0.83702 5.69098
0.83703 5.68388
0.83704 5.67723
0.83704 5.67104
0.83705 5.66533
0.83706 5.66010
0.83707 5.65538
0.83708 5.65115
0.83708 5.64744
0.83709 5.64425
0.83710 5.64159
0.83711 5.63947
0.83712 5.63788
0.83712 5.63681
0.83713 5.63627
0.83714 5.63625
0.83715 5.63674
0.83716 5.63773
0.83716 5.63922
0.83717 5.64122
0.83718 5.64372
0.83719 5.64673
0.83720 5.65023
0.83720 5.65424
0.83721 5.65873
0.83722 5.66370
0.83723 5.66915
0.83724 5.67507
0.83724 5.68144
0.83725 5.68827
0.83726 5.69552
0.83727 5.70319
0.83728 5.71126
0.83728 5.71974
0.83729 5.72861
0.83730 5.73787
0.83731 5.74751
0.83732 5.75752
0.83732 5.76789
0.83733 5.77860
0.83734 5.78963
0.83735 5.80096
0.83736 5.81258
0.83736 5.82446
0.83737 5.83658
0.83738 5.84892
0.83739 5.86146
0.83740 5.87418
0.83740 5.88707
0.83741 5.90010
0.83742 5.91325
0.83743 5.92652
0.83744 5.93987
0.83744 5.95328
0.83745 5.96675
0.83746 5.98024
0.83747 5.99373
0.83748 6.00723
0.83748 6.02069
0.83749 6.03412
0.83750 6.04748
0.83751 6.06077
0.83752 6.07396
0.83752 6.08704
0.83753 6.10001
0.83754 6.11283
0.83755 6.12549
0.83756 6.13798
0.83756 6.15028
0.83757 6.16237
0.83758 6.17425
0.83759 6.18591
0.83760 6.19731
0.83760 6.20847
0.83761 6.21935
0.83762 6.22997
0.83763 6.24030
0.83764 6.25035
0.83764 6.26012
0.83765 6.26958
0.83766 6.27875
0.83767 6.28761
0.83768 6.29615
0.83768 6.30437
0.83769 6.31225
0.83770 6.31978
0.83771 6.32694
0.83772 6.33372
0.83772 6.34012
0.83773 6.34612
0.83774 6.35170
0.83775 6.35686
0.83776 6.36161
0.83776 6.36593
0.83777 6.36983
0.83778 6.37332
0.83779 6.37637
0.83780 6.37900
0.83780 6.38119
0.83781 6.38294
0.83782 6.38425
0.83783 6.38511
0.83784 6.38552
0.83784 6.38549
0.83785 6.38503
0.83786 6.38413
0.83787 6.38281
0.83788 6.38106
0.83788 6.37890
0.83789 6.37633
0.83790 6.37335
0.83791 6.36996
0.83792 6.36618
0.83792 6.36201
0.83793 6.35744
0.83794 6.35249
0.83795 6.34715
0.83796 6.34144
0.83796 6.33535
0.83797 6.32889
0.83798 6.32207
0.83799 6.31489
0.83800 6.30735
0.83800 6.29946
0.83801 6.29122
0.83802 6.28264
0.83803 6.27373
0.83804 6.26448
0.83804 6.25490
0.83805 6.24500
0.83806 6.23477
0.83807 6.22423
0.83808 6.21338
0.83808 6.20222
0.83809 6.19076
0.83810 6.17900
0.83811 6.16695
0.83812 6.15461
0.83812 6.14199
0.83813 6.12908
0.83814 6.11590
0.83815 6.10245
0.83816 6.08872
0.83816 6.07473
0.83817 6.06048
0.83818 6.04598
0.83819 6.03122
0.83820 6.01621
0.83820 6.00096
0.83821 5.98548
0.83822 5.96979
0.83823 5.95388
0.83824 5.93777
0.83824 5.92147
0.83825 5.90499
0.83826 5.88833
0.83827 5.87150
0.83828 5.85449
0.83828 5.83731
0.83829 5.81997
0.83830 5.80247
0.83831 5.78481
0.83832 5.76701
0.83832 5.74906
0.83833 5.73097
0.83834 5.71276
0.83835 5.69442
0.83836 5.67595
0.83836 5.65736
0.83837 5.63865
0.83838 5.61983
0.83839 5.60089
0.83840 5.58185
0.83840 5.56270
0.83841 5.54344
0.83842 5.52408
0.83843 5.50462
0.83844 5.48507
0.83844 5.46543
0.83845 5.44570
0.83846 5.42589
0.83847 5.40600
0.83848 5.38604
0.83848 5.36601
0.83849 5.34591
0.83850 5.32577
0.83851 5.30556
0.83852 5.28531
0.83852 5.26503
0.83853 5.24471
0.83854 5.22438
0.83855 5.20403
0.83856 5.18369
0.83856 5.16337
0.83857 5.14306
0.83858 5.12279
0.83859 5.10255
0.83860 5.08236
0.83860 5.06221
0.83861 5.04213
0.83862 5.02212
0.83863 5.00219
0.83864 4.98235
0.83864 4.96262
0.83865 4.94299
0.83866 4.92348
0.83867 4.90410
0.83868 4.88486
0.83868 4.86578
0.83869 4.84686
0.83870 4.82812
0.83871 4.80958
0.83872 4.79124
0.83872 4.77312
0.83873 4.75523
0.83874 4.73757
0.83875 4.72016
0.83876 4.70301
0.83876 4.68613
0.83877 4.66953
0.83878 4.65322
0.83879 4.63721
0.83880 4.62151
0.83880 4.60613
0.83881 4.59107
0.83882 4.57635
0.83883 4.56196
0.83884 4.54793
0.83884 4.53425
0.83885 4.52094
0.83886 4.50800
0.83887 4.49544
0.83888 4.48327
0.83888 4.47150
0.83889 4.46013
0.83890 4.44918
0.83891 4.43865
0.83892 4.42854
0.83892 4.41887
0.83893 4.40964
0.83894 4.40086
0.83895 4.39252
0.83896 4.38464
0.83896 4.37722
0.83897 4.37027
0.83898 4.36378
0.83899 4.35775
0.83900 4.35220
0.83900 4.34710
0.83901 4.34248
0.83902 4.33832
0.83903 4.33461
0.83904 4.33135
0.83904 4.32851
0.83905 4.32611
0.83906 4.32412
0.83907 4.32253
0.83908 4.32133
0.83908 4.32052
0.83909 4.32007
0.83910 4.31998
0.83911 4.32025
0.83912 4.32086
0.83912 4.32180
0.83913 4.32306
0.83914 4.32462
0.83915 4.32647
0.83916 4.32859
0.83916 4.33097
0.83917 4.33359
0.83918 4.33645
0.83919 4.33953
0.83920 4.34280
0.83920 4.34624
0.83921 4.34983
0.83922 4.35357
0.83923 4.35741
0.83924 4.36136
0.83924 4.36538
0.83925 4.36946
0.83926 4.37359
0.83927 4.37775
0.83928 4.38192
0.83928 4.38610
0.83929 4.39026
0.83930 4.39440
0.83931 4.39850
0.83932 4.40255
0.83932 4.40654
0.83933 4.41046
0.83934 4.41430
0.83935 4.41804
0.83936 4.42168
0.83936 4.42520
0.83937 4.42858
0.83938 4.43183
0.83939 4.43493
0.83940 4.43786
0.83940 4.44063
0.83941 4.44320
0.83942 4.44559
0.83943 4.44776
0.83944 4.44973
0.83944 4.45148
0.83945 4.45301
0.83946 4.45429
0.83947 4.45533
0.83948 4.45612
0.83948 4.45665
0.83949 4.45693
0.83950 4.45693
0.83951 4.45666
0.83952 4.45610
0.83952 4.45527
0.83953 4.45416
0.83954 4.45277
0.83955 4.45111
0.83956 4.44919
0.83956 4.44699
0.83957 4.44453
0.83958 4.44181
0.83959 4.43884
0.83960 4.43561
0.83960 4.43213
0.83961 4.42840
0.83962 4.42443
0.83963 4.42021
0.83964 4.41576
0.83964 4.41108
0.83965 4.40618
0.83966 4.40107
0.83967 4.39574
0.83968 4.39020
0.83968 4.38445
0.83969 4.37850
0.83970 4.37236
0.83971 4.36604
0.83972 4.35954
0.83972 4.35287
0.83973 4.34604
0.83974 4.33906
0.83975 4.33194
0.83976 4.32468
0.83976 4.31728
0.83977 4.30976
0.83978 4.30211
0.83979 4.29435
0.83980 4.28647
0.83980 4.27849
0.83981 4.27039
0.83982 4.26220
0.83983 4.25390
0.83984 4.24550
0.83984 4.23701
0.83985 4.22844
0.83986 4.21978
0.83987 4.21105
0.83988 4.20226
0.83988 4.19340
0.83989 4.18450
0.83990 4.17554
0.83991 4.16654
0.83992 4.15751
0.83992 4.14846
0.83993 4.13939
0.83994 4.13030
0.83995 4.12122
0.83996 4.11214
0.83996 4.10307
0.83997 4.09403
0.83998 4.08502
0.83999 4.07605
0.84000 4.06712
0.84000 4.05826
0.84001 4.04947
0.84002 4.04076
0.84003 4.03215
0.84004 4.02365
0.84004 4.01526
0.84005 4.00699
0.84006 3.99886
0.84007 3.99089
0.84008 3.98307
0.84008 3.97541
0.84009 3.96794
0.84010 3.96065
0.84011 3.95357
0.84012 3.94670
0.84012 3.94004
0.84013 3.93362
0.84014 3.92744
0.84015 3.92150
0.84016 3.91582
0.84016 3.91040
0.84017 3.90526
0.84018 3.90041
0.84019 3.89587
0.84020 3.89164
0.84020 3.88774
0.84021 3.88417
0.84022 3.88095
0.84023 3.87808
0.84024 3.87557
0.84024 3.87343
0.84025 3.87166
0.84026 3.87027
0.84027 3.86925
0.84028 3.86863
0.84028 3.86840
0.84029 3.86856
0.84030 3.86913
0.84031 3.87011
0.84032 3.87149
0.84032 3.87330
0.84033 3.87553
0.84034 3.87819
0.84035 3.88128
0.84036 3.88479
0.84036 3.88873
0.84037 3.89310
0.84038 3.89788
0.84039 3.90307
0.84040 3.90868
0.84040 3.91469
0.84041 3.92111
0.84042 3.92794
0.84043 3.93515
0.84044 3.94276
0.84044 3.95074
0.84045 3.95910
0.84046 3.96782
0.84047 3.97690
0.84048 3.98633
0.84048 3.99609
0.84049 4.00618
0.84050 4.01659
0.84051 4.02730
0.84052 4.03830
0.84052 4.04957
0.84053 4.06110
0.84054 4.07287
0.84055 4.08486
0.84056 4.09706
0.84056 4.10944
0.84057 4.12199
0.84058 4.13469
0.84059 4.14752
0.84060 4.16047
0.84060 4.17350
0.84061 4.18662
0.84062 4.19980
0.84063 4.21301
0.84064 4.22625
0.84064 4.23949
0.84065 4.25272
0.84066 4.26592
0.84067 4.27907
0.84068 4.29216
0.84068 4.30516
0.84069 4.31805
0.84070 4.33081
0.84071 4.34344
0.84072 4.35590
0.84072 4.36820
0.84073 4.38031
0.84074 4.39221
0.84075 4.40391
0.84076 4.41538
0.84076 4.42662
0.84077 4.43763
0.84078 4.44840
0.84079 4.45893
0.84080 4.46919
0.84080 4.47920
0.84081 4.48892
0.84082 4.49836
0.84083 4.50752
0.84084 4.51637
0.84084 4.52491
0.84085 4.53315
0.84086 4.54107
0.84087 4.54867
0.84088 4.55594
0.84088 4.56289
0.84089 4.56951
0.84090 4.57580
0.84091 4.58177
0.84092 4.58740
0.84092 4.59270
0.84093 4.59767
0.84094 4.60231
0.84095 4.60662
0.84096 4.61059
0.84096 4.61423
0.84097 4.61754
0.84098 4.62052
0.84099 4.62318
0.84100 4.62552
0.84100 4.62753
0.84101 4.62923
0.84102 4.63061
0.84103 4.63169
0.84104 4.63246
0.84104 4.63293
0.84105 4.63310
0.84106 4.63299
0.84107 4.63260
0.84108 4.63194
0.84108 4.63102
0.84109 4.62985
0.84110 4.62843
0.84111 4.62677
0.84112 4.62487
0.84112 4.62274
0.84113 4.62040
0.84114 4.61785
0.84115 4.61510
0.84116 4.61215
0.84116 4.60901
0.84117 4.60569
0.84118 4.60221
0.84119 4.59857
0.84120 4.59478
0.84120 4.59087
0.84121 4.58682
0.84122 4.58267
0.84123 4.57842
0.84124 4.57408
0.84124 4.56966
0.84125 4.56517
0.84126 4.56063
0.84127 4.55604
0.84128 4.55141
0.84128 4.54674
0.84129 4.54203
0.84130 4.53731
0.84131 4.53258
0.84132 4.52787
0.84132 4.52317
0.84133 4.51850
0.84134 4.51387
0.84135 4.50930
0.84136 4.50479
0.84136 4.50036
0.84137 4.49602
0.84138 4.49179
0.84139 4.48766
0.84140 4.48367
0.84140 4.47982
0.84141 4.47613
0.84142 4.47259
0.84143 4.46923
0.84144 4.46605
0.84144 4.46307
0.84145 4.46029
0.84146 4.45773
0.84147 4.45541
0.84148 4.45333
0.84148 4.45150
0.84149 4.44994
0.84150 4.44866
0.84151 4.44767
0.84152 4.44700
0.84152 4.44664
0.84153 4.44661
0.84154 4.44693
0.84155 4.44759
0.84156 4.44861
0.84156 4.45001
0.84157 4.45178
0.84158 4.45395
0.84159 4.45651
0.84160 4.45949
0.84160 4.46289
0.84161 4.46672
0.84162 4.47099
0.84163 4.47571
0.84164 4.48090
0.84164 4.48656
0.84165 4.49270
0.84166 4.49933
0.84167 4.50645
0.84168 4.51408
0.84168 4.52221
0.84169 4.53084
0.84170 4.53999
0.84171 4.54964
0.84172 4.55981
0.84172 4.57048
0.84173 4.58165
0.84174 4.59333
0.84175 4.60549
0.84176 4.61815
0.84176 4.63130
0.84177 4.64493
0.84178 4.65905
0.84179 4.67365
0.84180 4.68873
0.84180 4.70428
0.84181 4.72030
0.84182 4.73677
0.84183 4.75369
0.84184 4.77105
0.84184 4.78884
0.84185 4.80705
0.84186 4.82568
0.84187 4.84469
0.84188 4.86409
0.84188 4.88386
0.84189 4.90399
0.84190 4.92445
0.84191 4.94522
0.84192 4.96630
0.84192 4.98767
0.84193 5.00931
0.84194 5.03121
0.84195 5.05336
0.84196 5.07574
0.84196 5.09833
0.84197 5.12113
0.84198 5.14411
0.84199 5.16725
0.84200 5.19053
0.84200 5.21395
0.84201 5.23746
0.84202 5.26106
0.84203 5.28474
0.84204 5.30846
0.84204 5.33222
0.84205 5.35600
0.84206 5.37978
0.84207 5.40355
0.84208 5.42728
0.84208 5.45096
0.84209 5.47456
0.84210 5.49808
0.84211 5.52148
0.84212 5.54476
0.84212 5.56790
0.84213 5.59087
0.84214 5.61366
0.84215 5.63625
0.84216 5.65863
0.84216 5.68077
0.84217 5.70267
0.84218 5.72431
0.84219 5.74567
0.84220 5.76675
0.84220 5.78754
0.84221 5.80800
0.84222 5.82814
0.84223 5.84795
0.84224 5.86742
0.84224 5.88654
0.84225 5.90529
0.84226 5.92367
0.84227 5.94167
0.84228 5.95928
0.84228 5.97648
0.84229 5.99326
0.84230 6.00961
0.84231 6.02552
0.84232 6.04098
0.84232 6.05598
0.84233 6.07050
0.84234 6.08455
0.84235 6.09812
0.84236 6.11118
0.84236 6.12376
0.84237 6.13584
0.84238 6.14742
0.84239 6.15850
0.84240 6.16907
0.84240 6.17915
0.84241 6.18873
0.84242 6.19781
0.84243 6.20638
0.84244 6.21446
0.84244 6.22204
0.84245 6.22911
0.84246 6.23568
0.84247 6.24174
0.84248 6.24730
0.84248 6.25236
0.84249 6.25691
0.84250 6.26095
0.84251 6.26450
0.84252 6.26756
0.84252 6.27012
0.84253 6.27219
0.84254 6.27377
0.84255 6.27486
0.84256 6.27547
0.84256 6.27559
0.84257 6.27523
0.84258 6.27440
0.84259 6.27308
0.84260 6.27130
0.84260 6.26905
0.84261 6.26634
0.84262 6.26316
0.84263 6.25953
0.84264 6.25543
0.84264 6.25089
0.84265 6.24590
0.84266 6.24046
0.84267 6.23458
0.84268 6.22826
0.84268 6.22151
0.84269 6.21433
0.84270 6.20673
0.84271 6.19870
0.84272 6.19026
0.84272 6.18143
0.84273 6.17219
0.84274 6.16254
0.84275 6.15250
0.84276 6.14207
0.84276 6.13124
0.84277 6.12003
0.84278 6.10842
0.84279 6.09644
0.84280 6.08410
0.84280 6.07139
0.84281 6.05833
0.84282 6.04493
0.84283 6.03120
0.84284 6.01713
0.84284 6.00274
0.84285 5.98803
0.84286 5.97301
0.84287 5.95767
0.84288 5.94201
0.84288 5.92605
0.84289 5.90979
0.84290 5.89323
0.84291 5.87637
0.84292 5.85922
0.84292 5.84178
0.84293 5.82406
0.84294 5.80605
0.84295 5.78777
0.84296 5.76923
0.84296 5.75041
0.84297 5.73133
0.84298 5.71199
0.84299 5.69241
0.84300 5.67258
0.84300 5.65252
0.84301 5.63222
0.84302 5.61168
0.84303 5.59093
0.84304 5.56996
0.84304 5.54879
0.84305 5.52743
0.84306 5.50588
0.84307 5.48417
0.84308 5.46230
0.84308 5.44028
0.84309 5.41813
0.84310 5.39585
0.84311 5.37346
0.84312 5.35096
0.84312 5.32837
0.84313 5.30570
0.84314 5.28297
0.84315 5.26018
0.84316 5.23735
0.84316 5.21449
0.84317 5.19161
0.84318 5.16873
0.84319 5.14584
0.84320 5.12297
0.84320 5.10012
0.84321 5.07731
0.84322 5.05453
0.84323 5.03181
0.84324 5.00915
0.84324 4.98657
0.84325 4.96408
0.84326 4.94170
0.84327 4.91944
0.84328 4.89732
0.84328 4.87534
0.84329 4.85351
0.84330 4.83184
0.84331 4.81034
0.84332 4.78903
0.84332 4.76791
0.84333 4.74699
0.84334 4.72629
0.84335 4.70580
0.84336 4.68554
0.84336 4.66553
0.84337 4.64577
0.84338 4.62627
0.84339 4.60705
0.84340 4.58812
0.84340 4.56949
0.84341 4.55118
0.84342 4.53320
0.84343 4.51556
0.84344 4.49829
0.84344 4.48139
0.84345 4.46487
0.84346 4.44874
0.84347 4.43301
0.84348 4.41770
0.84348 4.40281
0.84349 4.38834
0.84350 4.37431
0.84351 4.36072
0.84352 4.34758
0.84352 4.33490
0.84353 4.32267
0.84354 4.31090
0.84355 4.29958
0.84356 4.28871
0.84356 4.27830
0.84357 4.26832
0.84358 4.25879
0.84359 4.24969
0.84360 4.24102
0.84360 4.23278
0.84361 4.22496
0.84362 4.21757
0.84363 4.21058
0.84364 4.20400
0.84364 4.19782
0.84365 4.19202
0.84366 4.18661
0.84367 4.18157
0.84368 4.17690
0.84368 4.17259
0.84369 4.16862
0.84370 4.16498
0.84371 4.16167
0.84372 4.15868
0.84372 4.15600
0.84373 4.15362
0.84374 4.15152
0.84375 4.14970
0.84376 4.14814
0.84376 4.14684
0.84377 4.14579
0.84378 4.14498
0.84379 4.14438
0.84380 4.14401
0.84380 4.14384
0.84381 4.14386
0.84382 4.14407
0.84383 4.14445
0.84384 4.14499
0.84384 4.14568
0.84385 4.14653
0.84386 4.14752
0.84387 4.14863
0.84388 4.14987
0.84388 4.15121
0.84389 4.15264
0.84390 4.15415
0.84391 4.15572
0.84392 4.15732
0.84392 4.15894
0.84393 4.16057
0.84394 4.16217
0.84395 4.16373
0.84396 4.16523
0.84396 4.16667
0.84397 4.16803
0.84398 4.16930
0.84399 4.17046
0.84400 4.17151
0.84400 4.17242
0.84401 4.17320
0.84402 4.17383
0.84403 4.17430
0.84404 4.17460
0.84404 4.17474
0.84405 4.17469
0.84406 4.17446
0.84407 4.17404
0.84408 4.17343
0.84408 4.17262
0.84409 4.17160
0.84410 4.17038
0.84411 4.16893
0.84412 4.16726
0.84412 4.16538
0.84413 4.16327
0.84414 4.16093
0.84415 4.15836
0.84416 4.15556
0.84416 4.15253
0.84417 4.14927
0.84418 4.14577
0.84419 4.14204
0.84420 4.13807
0.84420 4.13387
0.84421 4.12945
0.84422 4.12479
0.84423 4.11988
0.84424 4.11475
0.84424 4.10937
0.84425 4.10377
0.84426 4.09792
0.84427 4.09184
0.84428 4.08553
0.84428 4.07898
0.84429 4.07221
0.84430 4.06520
0.84431 4.05798
0.84432 4.05052
0.84432 4.04284
0.84433 4.03494
0.84434 4.02682
0.84435 4.01847
0.84436 4.00990
0.84436 4.00109
0.84437 3.99206
0.84438 3.98280
0.84439 3.97332
0.84440 3.96362
0.84440 3.95372
0.84441 3.94361
0.84442 3.93331
0.84443 3.92282
0.84444 3.91215
0.84444 3.90132
0.84445 3.89034
0.84446 3.87922
0.84447 3.86795
0.84448 3.85655
0.84448 3.84503
0.84449 3.83340
0.84450 3.82168
0.84451 3.80988
0.84452 3.79800
0.84452 3.78607
0.84453 3.77408
0.84454 3.76206
0.84455 3.75000
0.84456 3.73792
0.84456 3.72585
0.84457 3.71379
0.84458 3.70175
0.84459 3.68975
0.84460 3.67781
0.84460 3.66592
0.84461 3.65412
0.84462 3.64241
0.84463 3.63081
0.84464 3.61931
0.84464 3.60794
0.84465 3.59670
0.84466 3.58562
0.84467 3.57470
0.84468 3.56394
0.84468 3.55337
0.84469 3.54300
0.84470 3.53284
0.84471 3.52290
0.84472 3.51318
0.84472 3.50372
0.84473 3.49451
0.84474 3.48557
0.84475 3.47692
0.84476 3.46856
0.84476 3.46051
0.84477 3.45279
0.84478 3.44539
0.84479 3.43834
0.84480 3.43163
0.84480 3.42529
0.84481 3.41933
0.84482 3.41375
0.84483 3.40858
0.84484 3.40382
0.84484 3.39950
0.84485 3.39562
0.84486 3.39220
0.84487 3.38926
0.84488 3.38680
0.84488 3.38485
0.84489 3.38341
0.84490 3.38248
0.84491 3.38207
0.84492 3.38221
0.84492 3.38288
0.84493 3.38410
0.84494 3.38587
0.84495 3.38820
0.84496 3.39108
0.84496 3.39452
0.84497 3.39852
0.84498 3.40310
0.84499 3.40824
0.84500 3.41394
0.84500 3.42019
0.84501 3.42699
0.84502 3.43432
0.84503 3.44219
0.84504 3.45059
0.84504 3.45950
0.84505 3.46894
0.84506 3.47887
0.84507 3.48931
0.84508 3.50023
0.84508 3.51162
0.84509 3.52347
0.84510 3.53578
0.84511 3.54854
0.84512 3.56172
0.84512 3.57534
0.84513 3.58937
0.84514 3.60380
0.84515 3.61863
0.84516 3.63384
0.84516 3.64942
0.84517 3.66536
0.84518 3.68164
0.84519 3.69825
0.84520 3.71517
0.84520 3.73240
0.84521 3.74991
0.84522 3.76771
0.84523 3.78577
0.84524 3.80409
0.84524 3.82265
0.84525 3.84143
0.84526 3.86041
0.84527 3.87959
0.84528 3.89895
0.84528 3.91848
0.84529 3.93816
0.84530 3.95797
0.84531 3.97790
0.84532 3.99794
0.84532 4.01805
0.84533 4.03822
0.84534 4.05844
0.84535 4.07867
0.84536 4.09891
0.84536 4.11914
0.84537 4.13933
0.84538 4.15947
0.84539 4.17955
0.84540 4.19955
0.84540 4.21945
0.84541 4.23923
0.84542 4.25889
0.84543 4.27842
0.84544 4.29779
0.84544 4.31699
0.84545 4.33602
0.84546 4.35485
0.84547 4.37347
0.84548 4.39188
0.84548 4.41005
0.84549 4.42797
0.84550 4.44566
0.84551 4.46308
0.84552 4.48025
0.84552 4.49715
0.84553 4.51378
0.84554 4.53013
0.84555 4.54620
0.84556 4.56196
0.84556 4.57743
0.84557 4.59258
0.84558 4.60742
0.84559 4.62193
0.84560 4.63612
0.84560 4.64997
0.84561 4.66348
0.84562 4.67663
0.84563 4.68943
0.84564 4.70188
0.84564 4.71395
0.84565 4.72566
0.84566 4.73699
0.84567 4.74794
0.84568 4.75853
0.84568 4.76873
0.84569 4.77855
0.84570 4.78799
0.84571 4.79705
0.84572 4.80571
0.84572 4.81399
0.84573 4.82187
0.84574 4.82937
0.84575 4.83647
0.84576 4.84319
0.84576 4.84951
0.84577 4.85544
0.84578 4.86098
0.84579 4.86612
0.84580 4.87086
0.84580 4.87521
0.84581 4.87916
0.84582 4.88272
0.84583 4.88589
0.84584 4.88869
0.84584 4.89112
0.84585 4.89317
0.84586 4.89486
0.84587 4.89619
0.84588 4.89716
0.84588 4.89778
0.84589 4.89805
0.84590 4.89796
0.84591 4.89753
0.84592 4.89676
0.84592 4.89564
0.84593 4.89418
0.84594 4.89239
0.84595 4.89027
0.84596 4.88783
0.84596 4.88507
0.84597 4.88201
0.84598 4.87865
0.84599 4.87499
0.84600 4.87104
0.84600 4.86680
0.84601 4.86227
0.84602 4.85746
0.84603 4.85236
0.84604 4.84699
0.84604 4.84135
0.84605 4.83544
0.84606 4.82928
0.84607 4.82288
0.84608 4.81625
0.84608 4.80939
0.84609 4.80231
0.84610 4.79503
0.84611 4.78755
0.84612 4.77988
0.84612 4.77204
0.84613 4.76402
0.84614 4.75585
0.84615 4.74751
0.84616 4.73902
0.84616 4.73039
0.84617 4.72162
0.84618 4.71273
0.84619 4.70372
0.84620 4.69461
0.84620 4.68541
0.84621 4.67613
0.84622 4.66678
0.84623 4.65737
0.84624 4.64790
0.84624 4.63839
0.84625 4.62882
0.84626 4.61922
0.84627 4.60960
0.84628 4.59996
0.84628 4.59032
0.84629 4.58069
0.84630 4.57109
0.84631 4.56153
0.84632 4.55202
0.84632 4.54256
0.84633 4.53317
0.84634 4.52386
0.84635 4.51464
0.84636 4.50551
0.84636 4.49649
0.84637 4.48758
0.84638 4.47880
0.84639 4.47016
0.84640 4.46166
0.84640 4.45333
0.84641 4.44519
0.84642 4.43724
0.84643 4.42950
0.84644 4.42197
0.84644 4.41468
0.84645 4.40763
0.84646 4.40082
0.84647 4.39429
0.84648 4.38802
0.84648 4.38205
0.84649 4.37637
0.84650 4.37100
0.84651 4.36596
0.84652 4.36126
0.84652 4.35693
0.84653 4.35296
0.84654 4.34939
0.84655 4.34622
0.84656 4.34347
0.84656 4.34114
0.84657 4.33924
0.84658 4.33777
0.84659 4.33673
0.84660 4.33612
0.84660 4.33595
0.84661 4.33623
0.84662 4.33696
0.84663 4.33814
0.84664 4.33977
0.84664 4.34186
0.84665 4.34441
0.84666 4.34744
0.84667 4.35094
0.84668 4.35492
0.84668 4.35937
0.84669 4.36429
0.84670 4.36967
0.84671 4.37551
0.84672 4.38180
0.84672 4.38853
0.84673 4.39571
0.84674 4.40334
0.84675 4.41141
0.84676 4.41992
0.84676 4.42888
0.84677 4.43826
0.84678 4.44808
0.84679 4.45831
0.84680 4.46895
0.84680 4.48000
0.84681 4.49143
0.84682 4.50324
0.84683 4.51543
0.84684 4.52797
0.84684 4.54087
0.84685 4.55410
0.84686 4.56765
0.84687 4.58153
0.84688 4.59571
0.84688 4.61018
0.84689 4.62494
0.84690 4.63995
0.84691 4.65521
0.84692 4.67068
0.84692 4.68637
0.84693 4.70226
0.84694 4.71832
0.84695 4.73454
0.84696 4.75090
0.84696 4.76739
0.84697 4.78398
0.84698 4.80065
0.84699 4.81738
0.84700 4.83416
0.84700 4.85095
0.84701 4.86773
0.84702 4.88448
0.84703 4.90118
0.84704 4.91779
0.84704 4.93428
0.84705 4.95063
0.84706 4.96681
0.84707 4.98280
0.84708 4.99859
0.84708 5.01416
0.84709 5.02951
0.84710 5.04461
0.84711 5.05945
0.84712 5.07403
0.84712 5.08831
0.84713 5.10230
0.84714 5.11598
0.84715 5.12935
0.84716 5.14237
0.84716 5.15505
0.84717 5.16736
0.84718 5.17930
0.84719 5.19087
0.84720 5.20206
0.84720 5.21285
0.84721 5.22324
0.84722 5.23323
0.84723 5.24282
0.84724 5.25199
0.84724 5.26074
0.84725 5.26906
0.84726 5.27695
0.84727 5.28439
0.84728 5.29140
0.84728 5.29797
0.84729 5.30408
0.84730 5.30975
0.84731 5.31496
0.84732 5.31972
0.84732 5.32402
0.84733 5.32786
0.84734 5.33125
0.84735 5.33418
0.84736 5.33664
0.84736 5.33866
0.84737 5.34021
0.84738 5.34131
0.84739 5.34196
0.84740 5.34216
0.84740 5.34192
0.84741 5.34125
0.84742 5.34015
0.84743 5.33863
0.84744 5.33670
0.84744 5.33435
0.84745 5.33159
0.84746 5.32844
0.84747 5.32490
0.84748 5.32099
0.84748 5.31672
0.84749 5.31210
0.84750 5.30714
0.84751 5.30185
0.84752 5.29625
0.84752 5.29035
0.84753 5.28418
0.84754 5.27775
0.84755 5.27108
0.84756 5.26419
0.84756 5.25710
0.84757 5.24982
0.84758 5.24237
0.84759 5.23476
0.84760 5.22701
0.84760 5.21913
0.84761 5.21113
0.84762 5.20303
0.84763 5.19486
0.84764 5.18662
0.84764 5.17834
0.84765 5.17003
0.84766 5.16171
0.84767 5.15339
0.84768 5.14509
0.84768 5.13682
0.84769 5.12860
0.84770 5.12045
0.84771 5.11238
0.84772 5.10440
0.84772 5.09653
0.84773 5.08879
0.84774 5.08119
0.84775 5.07375
0.84776 5.06648
0.84776 5.05941
0.84777 5.05253
0.84778 5.04586
0.84779 5.03942
0.84780 5.03323
0.84780 5.02728
0.84781 5.02159
0.84782 5.01619
0.84783 5.01109
0.84784 5.00630
0.84784 5.00182
0.84785 4.99769
0.84786 4.99390
0.84787 4.99048
0.84788 4.98744
0.84788 4.98479
0.84789 4.98253
0.84790 4.98069
0.84791 4.97927
0.84792 4.97828
0.84792 4.97773
0.84793 4.97762
0.84794 4.97797
0.84795 4.97878
0.84796 4.98007
0.84796 4.98184
0.84797 4.98409
0.84798 4.98683
0.84799 4.99006
0.84800 4.99379
0.84800 4.99802
0.84801 5.00276
0.84802 5.00800
0.84803 5.01375
0.84804 5.02001
0.84804 5.02676
0.84805 5.03402
0.84806 5.04178
0.84807 5.05003
0.84808 5.05877
0.84808 5.06800
0.84809 5.07771
0.84810 5.08790
0.84811 5.09854
0.84812 5.10964
0.84812 5.12118
0.84813 5.13315
0.84814 5.14554
0.84815 5.15833
0.84816 5.17152
0.84816 5.18508
0.84817 5.19901
0.84818 5.21329
0.84819 5.22790
0.84820 5.24284
0.84820 5.25808
0.84821 5.27362
0.84822 5.28943
0.84823 5.30551
0.84824 5.32183
0.84824 5.33838
0.84825 5.35513
0.84826 5.37208
0.84827 5.38921
0.84828 5.40651
0.84828 5.42396
0.84829 5.44155
0.84830 5.45926
0.84831 5.47708
0.84832 5.49500
0.84832 5.51302
0.84833 5.53111
0.84834 5.54927
0.84835 5.56747
0.84836 5.58570
0.84836 5.60394
0.84837 5.62217
0.84838 5.64038
0.84839 5.65854
0.84840 5.67665
0.84840 5.69467
0.84841 5.71259
0.84842 5.73039
0.84843 5.74806
0.84844 5.76559
0.84844 5.78295
0.84845 5.80013
0.84846 5.81711
0.84847 5.83387
0.84848 5.85040
0.84848 5.86668
0.84849 5.88271
0.84850 5.89846
0.84851 5.91392
0.84852 5.92906
0.84852 5.94387
0.84853 5.95835
0.84854 5.97249
0.84855 5.98627
0.84856 5.99968
0.84856 6.01270
0.84857 6.02533
0.84858 6.03755
0.84859 6.04936
0.84860 6.06075
0.84860 6.07170
0.84861 6.08223
0.84862 6.09231
0.84863 6.10195
0.84864 6.11114
0.84864 6.11987
0.84865 6.12815
0.84866 6.13595
0.84867 6.14328
0.84868 6.15015
0.84868 6.15654
0.84869 6.16247
0.84870 6.16793
0.84871 6.17292
0.84872 6.17742
0.84872 6.18146
0.84873 6.18501
0.84874 6.18808
0.84875 6.19068
0.84876 6.19280
0.84876 6.19445
0.84877 6.19562
0.84878 6.19631
0.84879 6.19653
0.84880 6.19627
0.84880 6.19554
0.84881 6.19431
0.84882 6.19260
0.84883 6.19038
0.84884 6.18767
0.84884 6.18445
0.84885 6.18072
0.84886 6.17649
0.84887 6.17176
0.84888 6.16653
0.84888 6.16080
0.84889 6.15458
0.84890 6.14787
0.84891 6.14067
0.84892 6.13300
0.84892 6.12485
0.84893 6.11624
0.84894 6.10715
0.84895 6.09761
0.84896 6.08762
0.84896 6.07717
0.84897 6.06629
0.84898 6.05497
0.84899 6.04322
0.84900 6.03104
0.84900 6.01845
0.84901 6.00546
0.84902 5.99207
0.84903 5.97828
0.84904 5.96410
0.84904 5.94953
0.84905 5.93458
0.84906 5.91925
0.84907 5.90356
0.84908 5.88752
0.84908 5.87113
0.84909 5.85440
0.84910 5.83735
0.84911 5.81999
0.84912 5.80231
0.84912 5.78432
0.84913 5.76602
0.84914 5.74743
0.84915 5.72856
0.84916 5.70940
0.84916 5.68997
0.84917 5.67027
0.84918 5.65031
0.84919 5.63008
0.84920 5.60958
0.84920 5.58883
0.84921 5.56783
0.84922 5.54659
0.84923 5.52512
0.84924 5.50344
0.84924 5.48154
0.84925 5.45945
0.84926 5.43715
0.84927 5.41465
0.84928 5.39197
0.84928 5.36910
0.84929 5.34606
0.84930 5.32285
0.84931 5.29949
0.84932 5.27599
0.84932 5.25235
0.84933 5.22859
0.84934 5.20472
0.84935 5.18075
0.84936 5.15668
0.84936 5.13252
0.84937 5.10829
0.84938 5.08398
0.84939 5.05962
0.84940 5.03521
0.84940 5.01076
0.84941 4.98628
0.84942 4.96177
0.84943 4.93724
0.84944 4.91270
0.84944 4.88816
0.84945 4.86363
0.84946 4.83913
0.84947 4.81466
0.84948 4.79024
0.84948 4.76587
0.84949 4.74158
0.84950 4.71736
0.84951 4.69322
0.84952 4.66917
0.84952 4.64522
0.84953 4.62140
0.84954 4.59770
0.84955 4.57415
0.84956 4.55075
0.84956 4.52750
0.84957 4.50439
0.84958 4.48144
0.84959 4.45863
0.84960 4.43596
0.84960 4.41344
0.84961 4.39106
0.84962 4.36883
0.84963 4.34675
0.84964 4.32482
0.84964 4.30305
0.84965 4.28145
0.84966 4.26001
0.84967 4.23874
0.84968 4.21764
0.84968 4.19671
0.84969 4.17596
0.84970 4.15539
0.84971 4.13500
0.84972 4.11479
0.84972 4.09475
0.84973 4.07488
0.84974 4.05517
0.84975 4.03562
0.84976 4.01623
0.84976 3.99700
0.84977 3.97793
0.84978 3.95902
0.84979 3.94027
0.84980 3.92166
0.84980 3.90321
0.84981 3.88488
0.84982 3.86669
0.84983 3.84863
0.84984 3.83069
0.84984 3.81287
0.84985 3.79517
0.84986 3.77757
0.84987 3.76009
0.84988 3.74270
0.84988 3.72541
0.84989 3.70821
0.84990 3.69110
0.84991 3.67406
0.84992 3.65711
0.84992 3.64022
0.84993 3.62339
0.84994 3.60662
0.84995 3.58989
0.84996 3.57319
0.84996 3.55652
0.84997 3.53984
0.84998 3.52315
0.84999 3.50645
0.85000 3.48970
0.85000 3.47291
0.85001 3.45606
0.85002 3.43914
0.85003 3.42214
0.85004 3.40505
0.85004 3.38783
0.85005 3.37050
0.85006 3.35305
0.85007 3.33548
0.85008 3.31779
0.85008 3.29999
0.85009 3.28207
0.85010 3.26404
0.85011 3.24590
0.85012 3.22765
0.85012 3.20930
0.85013 3.19083
0.85014 3.17226
0.85015 3.15358
0.85016 3.13479
0.85016 3.11588
0.85017 3.09687
0.85018 3.07775
0.85019 3.05852
0.85020 3.03919
0.85020 3.01976
0.85021 3.00022
0.85022 2.98059
0.85023 2.96086
0.85024 2.94105
0.85024 2.92116
0.85025 2.90118
0.85026 2.88114
0.85027 2.86102
0.85028 2.84084
0.85028 2.82059
0.85029 2.80028
0.85030 2.77992
0.85031 2.75952
0.85032 2.73908
0.85032 2.71860
0.85033 2.69809
0.85034 2.67757
0.85035 2.65702
0.85036 2.63645
0.85036 2.61588
0.85037 2.59530
0.85038 2.57472
0.85039 2.55415
0.85040 2.53358
0.85040 2.51302
0.85041 2.49248
0.85042 2.47195
0.85043 2.45146
0.85044 2.43099
0.85044 2.41056
0.85045 2.39017
0.85046 2.36984
0.85047 2.34956
0.85048 2.32936
0.85048 2.30924
0.85049 2.28921
0.85050 2.26927
0.85051 2.24944
0.85052 2.22973
0.85052 2.21013
0.85053 2.19067
0.85054 2.17135
0.85055 2.15218
0.85056 2.13317
0.85056 2.11431
0.85057 2.09561
0.85058 2.07707
0.85059 2.05869
0.85060 2.04047
0.85060 2.02242
0.85061 2.00453
0.85062 1.98680
0.85063 1.96925
0.85064 1.95187
0.85064 1.93466
0.85065 1.91762
0.85066 1.90077
0.85067 1.88409
0.85068 1.86759
0.85068 1.85127
0.85069 1.83513
0.85070 1.81918
0.85071 1.80341
0.85072 1.78782
0.85072 1.77242
0.85073 1.75721
0.85074 1.74218
0.85075 1.72734
0.85076 1.71269
0.85076 1.69821
0.85077 1.68392
0.85078 1.66981
0.85079 1.65589
0.85080 1.64216
0.85080 1.62861
0.85081 1.61525
0.85082 1.60207
0.85083 1.58906
0.85084 1.57625
0.85084 1.56361
0.85085 1.55115
0.85086 1.53888
0.85087 1.52680
0.85088 1.51490
0.85088 1.50318
0.85089 1.49165
0.85090 1.48031
0.85091 1.46916
0.85092 1.45819
0.85092 1.44741
0.85093 1.43682
0.85094 1.42642
0.85095 1.41620
0.85096 1.40617
0.85096 1.39633
0.85097 1.38667
0.85098 1.37718
0.85099 1.36787
0.85100 1.35874
0.85100 1.34977
0.85101 1.34097
0.85102 1.33234
0.85103 1.32386
0.85104 1.31555
0.85104 1.30740
0.85105 1.29941
0.85106 1.29158
0.85107 1.28390
0.85108 1.27638
0.85108 1.26900
0.85109 1.26178
0.85110 1.25471
0.85111 1.24779
0.85112 1.24101
0.85112 1.23437
0.85113 1.22787
0.85114 1.22150
0.85115 1.21528
0.85116 1.20919
0.85116 1.20323
0.85117 1.19741
0.85118 1.19171
0.85119 1.18614
0.85120 1.18069
0.85120 1.17536
0.85121 1.17015
0.85122 1.16506
0.85123 1.16008
0.85124 1.15521
0.85124 1.15046
0.85125 1.14581
0.85126 1.14128
0.85127 1.13686
0.85128 1.13255
0.85128 1.12835
0.85129 1.12424
0.85130 1.12022
0.85131 1.11630
0.85132 1.11247
0.85132 1.10873
0.85133 1.10508
0.85134 1.10152
0.85135 1.09804
0.85136 1.09464
0.85136 1.09132
0.85137 1.08808
0.85138 1.08490
0.85139 1.08179
0.85140 1.07874
0.85140 1.07575
0.85141 1.07282
0.85142 1.06994
0.85143 1.06712
0.85144 1.06434
0.85144 1.06161
0.85145 1.05893
0.85146 1.05629
0.85147 1.05370
0.85148 1.05116
0.85148 1.04868
0.85149 1.04625
0.85150 1.04387
0.85151 1.04155
0.85152 1.03930
0.85152 1.03710
0.85153 1.03495
0.85154 1.03287
0.85155 1.03083
0.85156 1.02883
0.85156 1.02688
0.85157 1.02498
0.85158 1.02312
0.85159 1.02132
0.85160 1.01955
0.85160 1.01784
0.85161 1.01617
0.85162 1.01455
0.85163 1.01298
0.85164 1.01146
0.85164 1.00999
0.85165 1.00857
0.85166 1.00719
0.85167 1.00585
0.85168 1.00457
0.85168 1.00333
0.85169 1.00215
0.85170 1.00101
0.85171 0.99993
0.85172 0.99891
0.85172 0.99793
0.85173 0.99700
0.85174 0.99612
0.85175 0.99529
0.85176 0.99450
0.85176 0.99375
0.85177 0.99305
0.85178 0.99239
0.85179 0.99177
0.85180 0.99119
0.85180 0.99066
0.85181 0.99018
0.85182 0.98974
0.85183 0.98936
0.85184 0.98902
0.85184 0.98873
0.85185 0.98849
0.85186 0.98831
0.85187 0.98818
0.85188 0.98810
0.85188 0.98809
0.85189 0.98814
0.85190 0.98825
0.85191 0.98843
0.85192 0.98866
0.85192 0.98896
0.85193 0.98932
0.85194 0.98975
0.85195 0.99024
0.85196 0.99078
0.85196 0.99139
0.85197 0.99205
0.85198 0.99277
0.85199 0.99353
0.85200 0.99434
0.85200 0.99521
0.85201 0.99611
0.85202 0.99706
0.85203 0.99805
0.85204 0.99908
0.85204 1.00015
0.85205 1.00127
0.85206 1.00244
0.85207 1.00366
0.85208 1.00492
0.85208 1.00623
0.85209 1.00758
0.85210 1.00897
0.85211 1.01041
0.85212 1.01189
0.85212 1.01342
0.85213 1.01498
0.85214 1.01659
0.85215 1.01824
0.85216 1.01993
0.85216 1.02166
0.85217 1.02343
0.85218 1.02524
0.85219 1.02708
0.85220 1.02894
0.85220 1.03084
0.85221 1.03276
0.85222 1.03470
0.85223 1.03667
0.85224 1.03867
0.85224 1.04069
0.85225 1.04274
0.85226 1.04481
0.85227 1.04691
0.85228 1.04904
0.85228 1.05119
0.85229 1.05338
0.85230 1.05559
0.85231 1.05782
0.85232 1.06009
0.85232 1.06237
0.85233 1.06468
0.85234 1.06700
0.85235 1.06934
0.85236 1.07169
0.85236 1.07405
0.85237 1.07641
0.85238 1.07878
0.85239 1.08116
0.85240 1.08352
0.85240 1.08589
0.85241 1.08826
0.85242 1.09063
0.85243 1.09298
0.85244 1.09533
0.85244 1.09768
0.85245 1.10002
0.85246 1.10236
0.85247 1.10469
0.85248 1.10701
0.85248 1.10934
0.85249 1.11166
0.85250 1.11398
0.85251 1.11629
0.85252 1.11860
0.85252 1.12091
0.85253 1.12321
0.85254 1.12551
0.85255 1.12781
0.85256 1.13010
0.85256 1.13237
0.85257 1.13464
0.85258 1.13691
0.85259 1.13916
0.85260 1.14140
0.85260 1.14362
0.85261 1.14584
0.85262 1.14803
0.85263 1.15021
0.85264 1.15236
0.85264 1.15449
0.85265 1.15659
0.85266 1.15867
0.85267 1.16071
0.85268 1.16272
0.85268 1.16470
0.85269 1.16666
0.85270 1.16859
0.85271 1.17049
0.85272 1.17236
0.85272 1.17420
0.85273 1.17601
0.85274 1.17779
0.85275 1.17953
0.85276 1.18124
0.85276 1.18290
0.85277 1.18452
0.85278 1.18609
0.85279 1.18762
0.85280 1.18910
0.85280 1.19053
0.85281 1.19190
0.85282 1.19323
0.85283 1.19450
0.85284 1.19572
0.85284 1.19688
0.85285 1.19799
0.85286 1.19905
0.85287 1.20005
0.85288 1.20100
0.85288 1.20189
0.85289 1.20273
0.85290 1.20351
0.85291 1.20424
0.85292 1.20491
0.85292 1.20552
0.85293 1.20608
0.85294 1.20659
0.85295 1.20705
0.85296 1.20745
0.85296 1.20779
0.85297 1.20807
0.85298 1.20829
0.85299 1.20844
0.85300 1.20853
0.85300 1.20854
0.85301 1.20849
0.85302 1.20836
0.85303 1.20816
0.85304 1.20788
0.85304 1.20752
0.85305 1.20708
0.85306 1.20657
0.85307 1.20598
0.85308 1.20531
0.85308 1.20457
0.85309 1.20374
0.85310 1.20284
0.85311 1.20186
0.85312 1.20080
0.85312 1.19967
0.85313 1.19846
0.85314 1.19719
0.85315 1.19583
0.85316 1.19441
0.85316 1.19291
0.85317 1.19133
0.85318 1.18969
0.85319 1.18798
0.85320 1.18620
0.85320 1.18434
0.85321 1.18241
0.85322 1.18041
0.85323 1.17833
0.85324 1.17618
0.85324 1.17397
0.85325 1.17170
0.85326 1.16937
0.85327 1.16698
0.85328 1.16453
0.85328 1.16202
0.85329 1.15947
0.85330 1.15686
0.85331 1.15421
0.85332 1.15150
0.85332 1.14874
0.85333 1.14593
0.85334 1.14308
0.85335 1.14017
0.85336 1.13721
0.85336 1.13421
0.85337 1.13117
0.85338 1.12808
0.85339 1.12494
0.85340 1.12176
0.85340 1.11854
0.85341 1.11527
0.85342 1.11196
0.85343 1.10861
0.85344 1.10521
0.85344 1.10176
0.85345 1.09826
0.85346 1.09471
0.85347 1.09110
0.85348 1.08745
0.85348 1.08376
0.85349 1.08003
0.85350 1.07626
0.85351 1.07246
0.85352 1.06861
0.85352 1.06474
0.85353 1.06082
0.85354 1.05688
0.85355 1.05290
0.85356 1.04889
0.85356 1.04485
0.85357 1.04077
0.85358 1.03666
0.85359 1.03252
0.85360 1.02835
0.85360 1.02414
0.85361 1.01990
0.85362 1.01562
0.85363 1.01131
0.85364 1.00695
0.85364 1.00256
0.85365 0.99813
0.85366 0.99367
0.85367 0.98918
0.85368 0.98465
0.85368 0.98008
0.85369 0.97547
0.85370 0.97082
0.85371 0.96614
0.85372 0.96142
0.85372 0.95666
0.85373 0.95186
0.85374 0.94702
0.85375 0.94214
0.85376 0.93721
0.85376 0.93223
0.85377 0.92719
0.85378 0.92211
0.85379 0.91697
0.85380 0.91177
0.85380 0.90651
0.85381 0.90119
0.85382 0.89581
0.85383 0.89038
0.85384 0.88490
0.85384 0.87935
0.85385 0.87374
0.85386 0.86807
0.85387 0.86233
0.85388 0.85654
0.85388 0.85069
0.85389 0.84478
0.85390 0.83881
0.85391 0.83278
0.85392 0.82669
0.85392 0.82055
0.85393 0.81435
0.85394 0.80809
0.85395 0.80178
0.85396 0.79542
0.85396 0.78901
0.85397 0.78255
0.85398 0.77603
0.85399 0.76945
0.85400 0.76282
0.85400 0.75613
0.85401 0.74939
0.85402 0.74259
0.85403 0.73573
0.85404 0.72881
0.85404 0.72184
0.85405 0.71481
0.85406 0.70772
0.85407 0.70058
0.85408 0.69338
0.85408 0.68612
0.85409 0.67880
0.85410 0.67143
0.85411 0.66400
0.85412 0.65651
0.85412 0.64896
0.85413 0.64135
0.85414 0.63369
0.85415 0.62597
0.85416 0.61820
0.85416 0.61037
0.85417 0.60248
0.85418 0.59453
0.85419 0.58653
0.85420 0.57847
0.85420 0.57036
0.85421 0.56219
0.85422 0.55396
0.85423 0.54568
0.85424 0.53734
0.85424 0.52893
0.85425 0.52048
0.85426 0.51197
0.85427 0.50341
0.85428 0.49481
0.85428 0.48617
0.85429 0.47748
0.85430 0.46874
0.85431 0.45996
0.85432 0.45113
0.85432 0.44226
0.85433 0.43334
0.85434 0.42438
0.85435 0.41538
0.85436 0.40634
0.85436 0.39726
0.85437 0.38815
0.85438 0.37899
0.85439 0.36978
0.85440 0.36054
0.85440 0.35126
0.85441 0.34193
0.85442 0.33257
0.85443 0.32316
0.85444 0.31370
0.85444 0.30420
0.85445 0.29466
0.85446 0.28507
0.85447 0.27543
0.85448 0.26576
0.85448 0.25604
0.85449 0.24628
0.85450 0.23649
0.85451 0.22666
0.85452 0.21679
0.85452 0.20689
0.85453 0.19694
0.85454 0.18697
0.85455 0.17696
0.85456 0.16691
0.85456 0.15684
0.85457 0.14673
0.85458 0.13659
0.85459 0.12642
0.85460 0.11622
0.85460 0.10600
0.85461 0.09576
0.85462 0.08550
0.85463 0.07522
0.85464 0.06492
0.85464 0.05461
0.85465 0.04428
0.85466 0.03394
0.85467 0.02359
0.85468 0.01322
0.85468 0.00285
0.85469 -0.00753
0.85470 -0.01791
0.85471 -0.02828
0.85472 -0.03866
0.85472 -0.04903
0.85473 -0.05939
0.85474 -0.06974
0.85475 -0.08007
0.85476 -0.09039
0.85476 -0.10069
0.85477 -0.11097
0.85478 -0.12123
0.85479 -0.13147
0.85480 -0.14169
0.85480 -0.15188
0.85481 -0.16205
0.85482 -0.17219
0.85483 -0.18231
0.85484 -0.19238
0.85484 -0.20242
0.85485 -0.21243
0.85486 -0.22240
0.85487 -0.23233
0.85488 -0.24222
0.85488 -0.25207
0.85489 -0.26188
0.85490 -0.27163
0.85491 -0.28133
0.85492 -0.29098
0.85492 -0.30058
0.85493 -0.31012
0.85494 -0.31961
0.85495 -0.32903
0.85496 -0.33840
0.85496 -0.34770
0.85497 -0.35694
0.85498 -0.36611
0.85499 -0.37522
0.85500 -0.38426
0.85500 -0.39324
0.85501 -0.40215
0.85502 -0.41100
0.85503 -0.41979
0.85504 -0.42851
0.85504 -0.43716
0.85505 -0.44573
0.85506 -0.45424
0.85507 -0.46267
0.85508 -0.47103
0.85508 -0.47930
0.85509 -0.48751
0.85510 -0.49564
0.85511 -0.50371
0.85512 -0.51170
0.85512 -0.51962
0.85513 -0.52747
0.85514 -0.53525
0.85515 -0.54296
0.85516 -0.55060
0.85516 -0.55818
0.85517 -0.56568
0.85518 -0.57312
0.85519 -0.58049
0.85520 -0.58779
0.85520 -0.59502
0.85521 -0.60219
0.85522 -0.60929
0.85523 -0.61633
0.85524 -0.62330
0.85524 -0.63023
0.85525 -0.63710
0.85526 -0.64391
0.85527 -0.65068
0.85528 -0.65740
0.85528 -0.66408
0.85529 -0.67070
0.85530 -0.67729
0.85531 -0.68383
0.85532 -0.69032
0.85532 -0.69677
0.85533 -0.70317
0.85534 -0.70954
0.85535 -0.71586
0.85536 -0.72215
0.85536 -0.72841
0.85537 -0.73462
0.85538 -0.74080
0.85539 -0.74695
0.85540 -0.75307
0.85540 -0.75916
0.85541 -0.76523
0.85542 -0.77127
0.85543 -0.77729
0.85544 -0.78330
0.85544 -0.78927
0.85545 -0.79522
0.85546 -0.80115
0.85547 -0.80706
0.85548 -0.81295
0.85548 -0.81881
0.85549 -0.82466
0.85550 -0.83048
0.85551 -0.83629
0.85552 -0.84207
0.85552 -0.84783
0.85553 -0.85357
0.85554 -0.85929
0.85555 -0.86499
0.85556 -0.87068
0.85556 -0.87635
0.85557 -0.88201
0.85558 -0.88767
0.85559 -0.89331
0.85560 -0.89894
0.85560 -0.90456
0.85561 -0.91016
0.85562 -0.91575
0.85563 -0.92132
0.85564 -0.92688
0.85564 -0.93242
0.85565 -0.93795
0.85566 -0.94346
0.85567 -0.94895
0.85568 -0.95443
0.85568 -0.95989
0.85569 -0.96533
0.85570 -0.97076
0.85571 -0.97617
0.85572 -0.98157
0.85572 -0.98695
0.85573 -0.99231
0.85574 -0.99766
0.85575 -1.00298
0.85576 -1.00827
0.85576 -1.01355
0.85577 -1.01879
0.85578 -1.02401
0.85579 -1.02919
0.85580 -1.03435
0.85580 -1.03946
0.85581 -1.04455
0.85582 -1.04960
0.85583 -1.05463
0.85584 -1.05962
0.85584 -1.06459
0.85585 -1.06954
0.85586 -1.07444
0.85587 -1.07932
0.85588 -1.08416
0.85588 -1.08896
0.85589 -1.09373
0.85590 -1.09847
0.85591 -1.10316
0.85592 -1.10782
0.85592 -1.11243
0.85593 -1.11700
0.85594 -1.12152
0.85595 -1.12600
0.85596 -1.13043
0.85596 -1.13483
0.85597 -1.13917
0.85598 -1.14348
0.85599 -1.14773
0.85600 -1.15194
0.85600 -1.15609
0.85601 -1.16018
0.85602 -1.16423
0.85603 -1.16822
0.85604 -1.17216
0.85604 -1.17604
0.85605 -1.17987
0.85606 -1.18363
0.85607 -1.18734
0.85608 -1.19098
0.85608 -1.19456
0.85609 -1.19807
0.85610 -1.20152
0.85611 -1.20491
0.85612 -1.20823
0.85612 -1.21149
0.85613 -1.21468
0.85614 -1.21781
0.85615 -1.22087
0.85616 -1.22386
0.85616 -1.22678
0.85617 -1.22963
0.85618 -1.23241
0.85619 -1.23511
0.85620 -1.23774
0.85620 -1.24031
0.85621 -1.24279
0.85622 -1.24520
0.85623 -1.24753
0.85624 -1.24978
0.85624 -1.25196
0.85625 -1.25406
0.85626 -1.25609
0.85627 -1.25805
0.85628 -1.25992
0.85628 -1.26172
0.85629 -1.26345
0.85630 -1.26510
0.85631 -1.26667
0.85632 -1.26816
0.85632 -1.26957
0.85633 -1.27089
0.85634 -1.27212
0.85635 -1.27326
0.85636 -1.27432
0.85636 -1.27528
0.85637 -1.27616
0.85638 -1.27695
0.85639 -1.27765
0.85640 -1.27825
0.85640 -1.27876
0.85641 -1.27918
0.85642 -1.27950
0.85643 -1.27974
0.85644 -1.27988
0.85644 -1.27992
0.85645 -1.27988
0.85646 -1.27975
0.85647 -1.27953
0.85648 -1.27922
0.85648 -1.27881
0.85649 -1.27832
0.85650 -1.27775
0.85651 -1.27709
0.85652 -1.27634
0.85652 -1.27550
0.85653 -1.27458
0.85654 -1.27356
0.85655 -1.27246
0.85656 -1.27127
0.85656 -1.26999
0.85657 -1.26862
0.85658 -1.26717
0.85659 -1.26564
0.85660 -1.26402
0.85660 -1.26232
0.85661 -1.26053
0.85662 -1.25866
0.85663 -1.25671
0.85664 -1.25468
0.85664 -1.25257
0.85665 -1.25037
0.85666 -1.24810
0.85667 -1.24576
0.85668 -1.24334
0.85668 -1.24084
0.85669 -1.23826
0.85670 -1.23561
0.85671 -1.23288
0.85672 -1.23009
0.85672 -1.22722
0.85673 -1.22428
0.85674 -1.22127
0.85675 -1.21818
0.85676 -1.21502
0.85676 -1.21178
0.85677 -1.20847
0.85678 -1.20508
0.85679 -1.20161
0.85680 -1.19809
0.85680 -1.19449
0.85681 -1.19082
0.85682 -1.18708
0.85683 -1.18328
0.85684 -1.17941
0.85684 -1.17548
0.85685 -1.17148
0.85686 -1.16742
0.85687 -1.16330
0.85688 -1.15912
0.85688 -1.15487
0.85689 -1.15057
0.85690 -1.14621
0.85691 -1.14179
0.85692 -1.13733
0.85692 -1.13280
0.85693 -1.12823
0.85694 -1.12360
0.85695 -1.11890
0.85696 -1.11415
0.85696 -1.10934
0.85697 -1.10446
0.85698 -1.09953
0.85699 -1.09453
0.85700 -1.08947
0.85700 -1.08436
0.85701 -1.07919
0.85702 -1.07396
0.85703 -1.06868
0.85704 -1.06335
0.85704 -1.05797
0.85705 -1.05253
0.85706 -1.04705
0.85707 -1.04152
0.85708 -1.03595
0.85708 -1.03033
0.85709 -1.02466
0.85710 -1.01894
0.85711 -1.01318
0.85712 -1.00737
0.85712 -1.00151
0.85713 -0.99560
0.85714 -0.98964
0.85715 -0.98363
0.85716 -0.97758
0.85716 -0.97147
0.85717 -0.96531
0.85718 -0.95910
0.85719 -0.95283
0.85720 -0.94652
0.85720 -0.94016
0.85721 -0.93376
0.85722 -0.92730
0.85723 -0.92081
0.85724 -0.91427
0.85724 -0.90769
0.85725 -0.90108
0.85726 -0.89443
0.85727 -0.88774
0.85728 -0.88102
0.85728 -0.87428
0.85729 -0.86750
0.85730 -0.86069
0.85731 -0.85384
0.85732 -0.84697
0.85732 -0.84008
0.85733 -0.83316
0.85734 -0.82622
0.85735 -0.81925
0.85736 -0.81226
0.85736 -0.80524
0.85737 -0.79820
0.85738 -0.79113
0.85739 -0.78405
0.85740 -0.77694
0.85740 -0.76982
0.85741 -0.76268
0.85742 -0.75552
0.85743 -0.74835
0.85744 -0.74116
0.85744 -0.73396
0.85745 -0.72676
0.85746 -0.71955
0.85747 -0.71234
0.85748 -0.70513
0.85748 -0.69792
0.85749 -0.69071
0.85750 -0.68350
0.85751 -0.67630
0.85752 -0.66910
0.85752 -0.66190
0.85753 -0.65472
0.85754 -0.64754
0.85755 -0.64037
0.85756 -0.63321
0.85756 -0.62606
0.85757 -0.61891
0.85758 -0.61177
0.85759 -0.60464
0.85760 -0.59752
0.85760 -0.59041
0.85761 -0.58330
0.85762 -0.57622
0.85763 -0.56915
0.85764 -0.56210
0.85764 -0.55507
0.85765 -0.54806
0.85766 -0.54108
0.85767 -0.53413
0.85768 -0.52721
0.85768 -0.52032
0.85769 -0.51347
0.85770 -0.50665
0.85771 -0.49986
0.85772 -0.49311
0.85772 -0.48639
0.85773 -0.47970
0.85774 -0.47304
0.85775 -0.46641
0.85776 -0.45982
0.85776 -0.45326
0.85777 -0.44674
0.85778 -0.44026
0.85779 -0.43381
0.85780 -0.42739
0.85780 -0.42102
0.85781 -0.41468
0.85782 -0.40839
0.85783 -0.40213
0.85784 -0.39591
0.85784 -0.38974
0.85785 -0.38360
0.85786 -0.37752
0.85787 -0.37149
0.85788 -0.36550
0.85788 -0.35958
0.85789 -0.35370
0.85790 -0.34787
0.85791 -0.34209
0.85792 -0.33636
0.85792 -0.33068
0.85793 -0.32505
0.85794 -0.31948
0.85795 -0.31395
0.85796 -0.30848
0.85796 -0.30306
0.85797 -0.29769
0.85798 -0.29238
0.85799 -0.28713
0.85800 -0.28192
0.85800 -0.27677
0.85801 -0.27168
0.85802 -0.26665
0.85803 -0.26167
0.85804 -0.25675
0.85804 -0.25188
0.85805 -0.24706
0.85806 -0.24230
0.85807 -0.23761
0.85808 -0.23297
0.85808 -0.22839
0.85809 -0.22387
0.85810 -0.21941
0.85811 -0.21501
0.85812 -0.21068
0.85812 -0.20641
0.85813 -0.20220
0.85814 -0.19805
0.85815 -0.19397
0.85816 -0.18994
0.85816 -0.18597
0.85817 -0.18206
0.85818 -0.17821
0.85819 -0.17442
0.85820 -0.17068
0.85820 -0.16700
0.85821 -0.16338
0.85822 -0.15983
0.85823 -0.15633
0.85824 -0.15290
0.85824 -0.14953
0.85825 -0.14622
0.85826 -0.14297
0.85827 -0.13978
0.85828 -0.13665
0.85828 -0.13359
0.85829 -0.13058
0.85830 -0.12763
0.85831 -0.12474
0.85832 -0.12190
0.85832 -0.11913
0.85833 -0.11641
0.85834 -0.11375
0.85835 -0.11114
0.85836 -0.10859
0.85836 -0.10609
0.85837 -0.10365
0.85838 -0.10125
0.85839 -0.09890
0.85840 -0.09660
0.85840 -0.09435
0.85841 -0.09216
0.85842 -0.09001
0.85843 -0.08792
0.85844 -0.08587
0.85844 -0.08388
0.85845 -0.08193
0.85846 -0.08004
0.85847 -0.07820
0.85848 -0.07642
0.85848 -0.07468
0.85849 -0.07300
0.85850 -0.07137
0.85851 -0.06979
0.85852 -0.06825
0.85852 -0.06677
0.85853 -0.06533
0.85854 -0.06394
0.85855 -0.06260
0.85856 -0.06131
0.85856 -0.06007
0.85857 -0.05888
0.85858 -0.05773
0.85859 -0.05664
0.85860 -0.05559
0.85860 -0.05458
0.85861 -0.05362
0.85862 -0.05271
0.85863 -0.05184
0.85864 -0.05102
0.85864 -0.05024
0.85865 -0.04951
0.85866 -0.04882
0.85867 -0.04818
0.85868 -0.04758
0.85868 -0.04703
0.85869 -0.04653
0.85870 -0.04607
0.85871 -0.04565
0.85872 -0.04528
0.85872 -0.04495
0.85873 -0.04467
0.85874 -0.04443
0.85875 -0.04423
0.85876 -0.04408
0.85876 -0.04397
0.85877 -0.04391
0.85878 -0.04388
0.85879 -0.04390
0.85880 -0.04397
0.85880 -0.04408
0.85881 -0.04423
0.85882 -0.04442
0.85883 -0.04465
0.85884 -0.04493
0.85884 -0.04526
0.85885 -0.04562
0.85886 -0.04603
0.85887 -0.04649
0.85888 -0.04699
0.85888 -0.04753
0.85889 -0.04813
0.85890 -0.04877
0.85891 -0.04945
0.85892 -0.05018
0.85892 -0.05095
0.85893 -0.05176
0.85894 -0.05261
0.85895 -0.05351
0.85896 -0.05444
0.85896 -0.05542
0.85897 -0.05643
0.85898 -0.05747
0.85899 -0.05855
0.85900 -0.05966
0.85900 -0.06081
0.85901 -0.06198
0.85902 -0.06319
0.85903 -0.06443
0.85904 -0.06571
0.85904 -0.06701
0.85905 -0.06835
0.85906 -0.06973
0.85907 -0.07113
0.85908 -0.07258
0.85908 -0.07406
0.85909 -0.07558
0.85910 -0.07713
0.85911 -0.07873
0.85912 -0.08037
0.85912 -0.08205
0.85913 -0.08376
0.85914 -0.08552
0.85915 -0.08731
0.85916 -0.08913
0.85916 -0.09100
0.85917 -0.09291
0.85918 -0.09485
0.85919 -0.09684
0.85920 -0.09886
0.85920 -0.10093
0.85921 -0.10303
0.85922 -0.10518
0.85923 -0.10737
0.85924 -0.10959
0.85924 -0.11186
0.85925 -0.11417
0.85926 -0.11652
0.85927 -0.11891
0.85928 -0.12135
0.85928 -0.12385
0.85929 -0.12638
0.85930 -0.12896
0.85931 -0.13159
0.85932 -0.13426
0.85932 -0.13698
0.85933 -0.13975
0.85934 -0.14256
0.85935 -0.14542
0.85936 -0.14833
0.85936 -0.15128
0.85937 -0.15427
0.85938 -0.15732
0.85939 -0.16041
0.85940 -0.16356
0.85940 -0.16675
0.85941 -0.17000
0.85942 -0.17332
0.85943 -0.17669
0.85944 -0.18012
0.85944 -0.18361
0.85945 -0.18715
0.85946 -0.19075
0.85947 -0.19442
0.85948 -0.19815
0.85948 -0.20195
0.85949 -0.20581
0.85950 -0.20975
0.85951 -0.21375
0.85952 -0.21782
0.85952 -0.22197
0.85953 -0.22621
0.85954 -0.23052
0.85955 -0.23492
0.85956 -0.23939
0.85956 -0.24394
0.85957 -0.24856
0.85958 -0.25326
0.85959 -0.25802
0.85960 -0.26286
0.85960 -0.26776
0.85961 -0.27272
0.85962 -0.27775
0.85963 -0.28284
0.85964 -0.28800
0.85964 -0.29323
0.85965 -0.29853
0.85966 -0.30391
0.85967 -0.30934
0.85968 -0.31485
0.85968 -0.32041
0.85969 -0.32604
0.85970 -0.33173
0.85971 -0.33749
0.85972 -0.34330
0.85972 -0.34918
0.85973 -0.35512
0.85974 -0.36112
0.85975 -0.36718
0.85976 -0.37329
0.85976 -0.37945
0.85977 -0.38566
0.85978 -0.39192
0.85979 -0.39822
0.85980 -0.40458
0.85980 -0.41098
0.85981 -0.41743
0.85982 -0.42393
0.85983 -0.43047
0.85984 -0.43707
0.85984 -0.44371
0.85985 -0.45041
0.85986 -0.45715
0.85987 -0.46393
0.85988 -0.47077
0.85988 -0.47765
0.85989 -0.48456
0.85990 -0.49152
0.85991 -0.49851
0.85992 -0.50553
0.85992 -0.51258
0.85993 -0.51966
0.85994 -0.52677
0.85995 -0.53392
0.85996 -0.54109
0.85996 -0.54829
0.85997 -0.55552
0.85998 -0.56278
0.85999 -0.57006
0.86000 -0.57737
0.86000 -0.58470
0.86001 -0.59205
0.86002 -0.59941
0.86003 -0.60678
0.86004 -0.61415
0.86004 -0.62152
0.86005 -0.62890
0.86006 -0.63626
0.86007 -0.64363
0.86008 -0.65100
0.86008 -0.65837
0.86009 -0.66574
0.86010 -0.67311
0.86011 -0.68048
0.86012 -0.68785
0.86012 -0.69522
0.86013 -0.70260
0.86014 -0.70998
0.86015 -0.71735
0.86016 -0.72472
0.86016 -0.73208
0.86017 -0.73944
0.86018 -0.74680
0.86019 -0.75415
0.86020 -0.76151
0.86020 -0.76885
0.86021 -0.77619
0.86022 -0.78353
0.86023 -0.79086
0.86024 -0.79817
0.86024 -0.80548
0.86025 -0.81276
0.86026 -0.82004
0.86027 -0.82731
0.86028 -0.83457
0.86028 -0.84182
0.86029 -0.84906
0.86030 -0.85628
0.86031 -0.86348
0.86032 -0.87067
0.86032 -0.87783
0.86033 -0.88497
0.86034 -0.89209
0.86035 -0.89918
0.86036 -0.90624
0.86036 -0.91327
0.86037 -0.92026
0.86038 -0.92722
0.86039 -0.93414
0.86040 -0.94103
0.86040 -0.94788
0.86041 -0.95468
0.86042 -0.96145
0.86043 -0.96816
0.86044 -0.97483
0.86044 -0.98145
0.86045 -0.98802
0.86046 -0.99453
0.86047 -1.00099
0.86048 -1.00739
0.86048 -1.01373
0.86049 -1.02001
0.86050 -1.02623
0.86051 -1.03239
0.86052 -1.03848
0.86052 -1.04452
0.86053 -1.05049
0.86054 -1.05641
0.86055 -1.06228
0.86056 -1.06809
0.86056 -1.07385
0.86057 -1.07955
0.86058 -1.08519
0.86059 -1.09078
0.86060 -1.09632
0.86060 -1.10179
0.86061 -1.10721
0.86062 -1.11256
0.86063 -1.11784
0.86064 -1.12304
0.86064 -1.12818
0.86065 -1.13323
0.86066 -1.13822
0.86067 -1.14314
0.86068 -1.14797
0.86068 -1.15273
0.86069 -1.15740
0.86070 -1.16200
0.86071 -1.16651
0.86072 -1.17093
0.86072 -1.17528
0.86073 -1.17954
0.86074 -1.18373
0.86075 -1.18785
0.86076 -1.19190
0.86076 -1.19588
0.86077 -1.19978
0.86078 -1.20360
0.86079 -1.20735
0.86080 -1.21103
0.86080 -1.21463
0.86081 -1.21817
0.86082 -1.22162
0.86083 -1.22500
0.86084 -1.22830
0.86084 -1.23152
0.86085 -1.23466
0.86086 -1.23773
0.86087 -1.24074
0.86088 -1.24367
0.86088 -1.24654
0.86089 -1.24934
0.86090 -1.25208
0.86091 -1.25476
0.86092 -1.25738
0.86092 -1.25994
0.86093 -1.26244
0.86094 -1.26489
0.86095 -1.26728
0.86096 -1.26963
0.86096 -1.27192
0.86097 -1.27416
0.86098 -1.27635
0.86099 -1.27848
0.86100 -1.28057
0.86100 -1.28260
0.86101 -1.28458
0.86102 -1.28650
0.86103 -1.28837
0.86104 -1.29019
0.86104 -1.29195
0.86105 -1.29366
0.86106 -1.29532
0.86107 -1.29692
0.86108 -1.29847
0.86108 -1.29996
0.86109 -1.30139
0.86110 -1.30278
0.86111 -1.30411
0.86112 -1.30539
0.86112 -1.30662
0.86113 -1.30781
0.86114 -1.30896
0.86115 -1.31007
0.86116 -1.31114
0.86116 -1.31216
0.86117 -1.31315
0.86118 -1.31410
0.86119 -1.31501
0.86120 -1.31588
0.86120 -1.31672
0.86121 -1.31752
0.86122 -1.31830
0.86123 -1.31904
0.86124 -1.31974
0.86124 -1.32041
0.86125 -1.32102
0.86126 -1.32159
0.86127 -1.32212
0.86128 -1.32261
0.86128 -1.32306
0.86129 -1.32347
0.86130 -1.32384
0.86131 -1.32417
0.86132 -1.32445
0.86132 -1.32471
0.86133 -1.32494
0.86134 -1.32513
0.86135 -1.32530
0.86136 -1.32544
0.86136 -1.32555
0.86137 -1.32563
0.86138 -1.32567
0.86139 -1.32568
0.86140 -1.32565
0.86140 -1.32559
0.86141 -1.32550
0.86142 -1.32536
0.86143 -1.32520
0.86144 -1.32500
0.86144 -1.32475
0.86145 -1.32447
0.86146 -1.32416
0.86147 -1.32381
0.86148 -1.32342
0.86148 -1.32300
0.86149 -1.32255
0.86150 -1.32206
0.86151 -1.32154
0.86152 -1.32099
0.86152 -1.32042
0.86153 -1.31982
0.86154 -1.31920
0.86155 -1.31855
0.86156 -1.31788
0.86156 -1.31717
0.86157 -1.31644
0.86158 -1.31567
0.86159 -1.31488
0.86160 -1.31406
0.86160 -1.31321
0.86161 -1.31233
0.86162 -1.31143
0.86163 -1.31050
0.86164 -1.30953
0.86164 -1.30854
0.86165 -1.30750
0.86166 -1.30643
0.86167 -1.30532
0.86168 -1.30418
0.86168 -1.30301
0.86169 -1.30180
0.86170 -1.30056
0.86171 -1.29928
0.86172 -1.29797
0.86172 -1.29661
0.86173 -1.29521
0.86174 -1.29378
0.86175 -1.29231
0.86176 -1.29081
0.86176 -1.28926
0.86177 -1.28767
0.86178 -1.28605
0.86179 -1.28437
0.86180 -1.28265
0.86180 -1.28088
0.86181 -1.27906
0.86182 -1.27720
0.86183 -1.27529
0.86184 -1.27332
0.86184 -1.27131
0.86185 -1.26924
0.86186 -1.26711
0.86187 -1.26493
0.86188 -1.26270
0.86188 -1.26041
0.86189 -1.25807
0.86190 -1.25568
0.86191 -1.25323
0.86192 -1.25073
0.86192 -1.24818
0.86193 -1.24556
0.86194 -1.24289
0.86195 -1.24016
0.86196 -1.23737
0.86196 -1.23451
0.86197 -1.23160
0.86198 -1.22862
0.86199 -1.22559
0.86200 -1.22248
0.86200 -1.21932
0.86201 -1.21609
0.86202 -1.21279
0.86203 -1.20942
0.86204 -1.20598
0.86204 -1.20246
0.86205 -1.19886
0.86206 -1.19518
0.86207 -1.19144
0.86208 -1.18761
0.86208 -1.18372
0.86209 -1.17975
0.86210 -1.17570
0.86211 -1.17157
0.86212 -1.16737
0.86212 -1.16309
0.86213 -1.15874
0.86214 -1.15431
0.86215 -1.14982
0.86216 -1.14527
0.86216 -1.14065
0.86217 -1.13596
0.86218 -1.13121
0.86219 -1.12640
0.86220 -1.12152
0.86220 -1.11658
0.86221 -1.11158
0.86222 -1.10652
0.86223 -1.10141
0.86224 -1.09624
0.86224 -1.09101
0.86225 -1.08573
0.86226 -1.08040
0.86227 -1.07502
0.86228 -1.06960
0.86228 -1.06413
0.86229 -1.05862
0.86230 -1.05308
0.86231 -1.04750
0.86232 -1.04188
0.86232 -1.03623
0.86233 -1.03055
0.86234 -1.02483
0.86235 -1.01907
0.86236 -1.01328
0.86236 -1.00747
0.86237 -1.00162
0.86238 -0.99575
0.86239 -0.98984
0.86240 -0.98391
0.86240 -0.97794
0.86241 -0.97195
0.86242 -0.96594
0.86243 -0.95989
0.86244 -0.95383
0.86244 -0.94775
0.86245 -0.94165
0.86246 -0.93553
0.86247 -0.92939
0.86248 -0.92323
0.86248 -0.91705
0.86249 -0.91086
0.86250 -0.90465
0.86251 -0.89843
0.86252 -0.89219
0.86252 -0.88594
0.86253 -0.87969
0.86254 -0.87343
0.86255 -0.86716
0.86256 -0.86089
0.86256 -0.85463
0.86257 -0.84836
0.86258 -0.84209
0.86259 -0.83582
0.86260 -0.82956
0.86260 -0.82330
0.86261 -0.81704
0.86262 -0.81080
0.86263 -0.80455
0.86264 -0.79830
0.86264 -0.79206
0.86265 -0.78581
0.86266 -0.77956
0.86267 -0.77332
0.86268 -0.76707
0.86268 -0.76082
0.86269 -0.75456
0.86270 -0.74831
0.86271 -0.74205
0.86272 -0.73580
0.86272 -0.72954
0.86273 -0.72328
0.86274 -0.71702
0.86275 -0.71076
0.86276 -0.70450
0.86276 -0.69823
0.86277 -0.69196
0.86278 -0.68569
0.86279 -0.67941
0.86280 -0.67313
0.86280 -0.66685
0.86281 -0.66055
0.86282 -0.65425
0.86283 -0.64794
0.86284 -0.64163
0.86284 -0.63531
0.86285 -0.62898
0.86286 -0.62265
0.86287 -0.61630
0.86288 -0.60995
0.86288 -0.60358
0.86289 -0.59721
0.86290 -0.59082
0.86291 -0.58443
0.86292 -0.57803
0.86292 -0.57161
0.86293 -0.56519
0.86294 -0.55875
0.86295 -0.55231
0.86296 -0.54585
0.86296 -0.53939
0.86297 -0.53292
0.86298 -0.52645
0.86299 -0.51997
0.86300 -0.51348
0.86300 -0.50699
0.86301 -0.50049
0.86302 -0.49397
0.86303 -0.48745
0.86304 -0.48091
0.86304 -0.47435
0.86305 -0.46778
0.86306 -0.46120
0.86307 -0.45460
0.86308 -0.44798
0.86308 -0.44135
0.86309 -0.43470
0.86310 -0.42802
0.86311 -0.42132
0.86312 -0.41460
0.86312 -0.40785
0.86313 -0.40109
0.86314 -0.39430
0.86315 -0.38750
0.86316 -0.38067
0.86316 -0.37382
0.86317 -0.36695
0.86318 -0.36006
0.86319 -0.35315
0.86320 -0.34622
0.86320 -0.33926
0.86321 -0.33229
0.86322 -0.32530
0.86323 -0.31829
0.86324 -0.31125
0.86324 -0.30419
0.86325 -0.29712
0.86326 -0.29002
0.86327 -0.28291
0.86328 -0.27577
0.86328 -0.26861
0.86329 -0.26143
0.86330 -0.25422
0.86331 -0.24699
0.86332 -0.23975
0.86332 -0.23249
0.86333 -0.22520
0.86334 -0.21790
0.86335 -0.21058
0.86336 -0.20325
0.86336 -0.19590
0.86337 -0.18854
0.86338 -0.18117
0.86339 -0.17380
0.86340 -0.16641
0.86340 -0.15903
0.86341 -0.15163
0.86342 -0.14424
0.86343 -0.13684
0.86344 -0.12945
0.86344 -0.12206
0.86345 -0.11467
0.86346 -0.10728
0.86347 -0.09990
0.86348 -0.09252
0.86348 -0.08515
0.86349 -0.07779
0.86350 -0.07044
0.86351 -0.06311
0.86352 -0.05579
0.86352 -0.04849
0.86353 -0.04122
0.86354 -0.03398
0.86355 -0.02677
0.86356 -0.01959
0.86356 -0.01246
0.86357 -0.00536
0.86358 0.00170
0.86359 0.00871
0.86360 0.01568
0.86360 0.02259
0.86361 0.02945
0.86362 0.03625
0.86363 0.04299
0.86364 0.04967
0.86364 0.05629
0.86365 0.06285
0.86366 0.06933
0.86367 0.07575
0.86368 0.08210
0.86368 0.08839
0.86369 0.09460
0.86370 0.10074
0.86371 0.10680
0.86372 0.11279
0.86372 0.11871
0.86373 0.12456
0.86374 0.13033
0.86375 0.13601
0.86376 0.14162
0.86376 0.14715
0.86377 0.15260
0.86378 0.15796
0.86379 0.16324
0.86380 0.16842
0.86380 0.17352
0.86381 0.17853
0.86382 0.18344
0.86383 0.18826
0.86384 0.19299
0.86384 0.19763
0.86385 0.20217
0.86386 0.20662
0.86387 0.21098
0.86388 0.21525
0.86388 0.21941
0.86389 0.22349
0.86390 0.22747
0.86391 0.23136
0.86392 0.23515
0.86392 0.23886
0.86393 0.24247
0.86394 0.24599
0.86395 0.24941
0.86396 0.25275
0.86396 0.25600
0.86397 0.25916
0.86398 0.26223
0.86399 0.26521
0.86400 0.26811
0.86400 0.27092
0.86401 0.27365
0.86402 0.27629
0.86403 0.27885
0.86404 0.28133
0.86404 0.28372
0.86405 0.28603
0.86406 0.28827
0.86407 0.29044
0.86408 0.29253
0.86408 0.29455
0.86409 0.29650
0.86410 0.29838
0.86411 0.30019
0.86412 0.30192
0.86412 0.30359
0.86413 0.30519
0.86414 0.30673
0.86415 0.30820
0.86416 0.30961
0.86416 0.31094
0.86417 0.31222
0.86418 0.31343
0.86419 0.31457
0.86420 0.31565
0.86420 0.31668
0.86421 0.31764
0.86422 0.31854
0.86423 0.31938
0.86424 0.32016
0.86424 0.32088
0.86425 0.32154
0.86426 0.32215
0.86427 0.32270
0.86428 0.32320
0.86428 0.32365
0.86429 0.32405
0.86430 0.32440
0.86431 0.32471
0.86432 0.32496
0.86432 0.32518
0.86433 0.32534
0.86434 0.32546
0.86435 0.32553
0.86436 0.32556
0.86436 0.32555
0.86437 0.32548
0.86438 0.32538
0.86439 0.32524
0.86440 0.32505
0.86440 0.32483
0.86441 0.32457
0.86442 0.32427
0.86443 0.32393
0.86444 0.32356
0.86444 0.32315
0.86445 0.32270
0.86446 0.32222
0.86447 0.32169
0.86448 0.32112
0.86448 0.32052
0.86449 0.31988
0.86450 0.31921
0.86451 0.31850
0.86452 0.31775
0.86452 0.31698
0.86453 0.31619
0.86454 0.31536
0.86455 0.31451
0.86456 0.31363
0.86456 0.31272
0.86457 0.31178
0.86458 0.31082
0.86459 0.30983
0.86460 0.30881
0.86460 0.30777
0.86461 0.30670
0.86462 0.30562
0.86463 0.30451
0.86464 0.30338
0.86464 0.30223
0.86465 0.30106
0.86466 0.29988
0.86467 0.29868
0.86468 0.29747
0.86468 0.29624
0.86469 0.29500
0.86470 0.29374
0.86471 0.29247
0.86472 0.29118
0.86472 0.28987
0.86473 0.28855
0.86474 0.28722
0.86475 0.28587
0.86476 0.28450
0.86476 0.28312
0.86477 0.28171
0.86478 0.28028
0.86479 0.27883
0.86480 0.27735
0.86480 0.27586
0.86481 0.27434
0.86482 0.27279
0.86483 0.27123
0.86484 0.26964
0.86484 0.26803
0.86485 0.26640
0.86486 0.26475
0.86487 0.26308
0.86488 0.26138
0.86488 0.25966
0.86489 0.25790
0.86490 0.25612
0.86491 0.25430
0.86492 0.25245
0.86492 0.25057
0.86493 0.24867
0.86494 0.24673
0.86495 0.24476
0.86496 0.24277
0.86496 0.24074
0.86497 0.23868
0.86498 0.23659
0.86499 0.23447
0.86500 0.23231
0.86500 0.23012
0.86501 0.22789
0.86502 0.22562
0.86503 0.22330
0.86504 0.22094
0.86504 0.21853
0.86505 0.21607
0.86506 0.21357
0.86507 0.21101
0.86508 0.20841
0.86508 0.20575
0.86509 0.20304
0.86510 0.20028
0.86511 0.19746
0.86512 0.19459
0.86512 0.19166
0.86513 0.18867
0.86514 0.18563
0.86515 0.18252
0.86516 0.17935
0.86516 0.17612
0.86517 0.17283
0.86518 0.16948
0.86519 0.16606
0.86520 0.16258
0.86520 0.15903
0.86521 0.15541
0.86522 0.15172
0.86523 0.14795
0.86524 0.14410
0.86524 0.14018
0.86525 0.13619
0.86526 0.13212
0.86527 0.12798
0.86528 0.12376
0.86528 0.11947
0.86529 0.11510
0.86530 0.11065
0.86531 0.10612
0.86532 0.10152
0.86532 0.09683
0.86533 0.09207
0.86534 0.08723
0.86535 0.08231
0.86536 0.07730
0.86536 0.07222
0.86537 0.06705
0.86538 0.06180
0.86539 0.05648
0.86540 0.05109
0.86540 0.04562
0.86541 0.04008
0.86542 0.03447
0.86543 0.02878
0.86544 0.02302
0.86544 0.01717
0.86545 0.01125
0.86546 0.00526
0.86547 -0.00080
0.86548 -0.00692
0.86548 -0.01311
0.86549 -0.01937
0.86550 -0.02569
0.86551 -0.03206
0.86552 -0.03849
0.86552 -0.04499
0.86553 -0.05153
0.86554 -0.05813
0.86555 -0.06479
0.86556 -0.07149
0.86556 -0.07824
0.86557 -0.08504
0.86558 -0.09189
0.86559 -0.09878
0.86560 -0.10570
0.86560 -0.11266
0.86561 -0.11966
0.86562 -0.12669
0.86563 -0.13375
0.86564 -0.14084
0.86564 -0.14796
0.86565 -0.15510
0.86566 -0.16226
0.86567 -0.16945
0.86568 -0.17667
0.86568 -0.18390
0.86569 -0.19116
0.86570 -0.19842
0.86571 -0.20570
0.86572 -0.21297
0.86572 -0.22025
0.86573 -0.22752
0.86574 -0.23478
0.86575 -0.24202
0.86576 -0.24926
0.86576 -0.25648
0.86577 -0.26368
0.86578 -0.27086
0.86579 -0.27800
0.86580 -0.28511
0.86580 -0.29218
0.86581 -0.29920
0.86582 -0.30618
0.86583 -0.31312
0.86584 -0.32001
0.86584 -0.32685
0.86585 -0.33362
0.86586 -0.34034
0.86587 -0.34699
0.86588 -0.35357
0.86588 -0.36008
0.86589 -0.36651
0.86590 -0.37287
0.86591 -0.37915
0.86592 -0.38536
0.86592 -0.39149
0.86593 -0.39753
0.86594 -0.40348
0.86595 -0.40934
0.86596 -0.41510
0.86596 -0.42078
0.86597 -0.42637
0.86598 -0.43186
0.86599 -0.43726
0.86600 -0.44257
0.86600 -0.44778
0.86601 -0.45290
0.86602 -0.45793
0.86603 -0.46285
0.86604 -0.46768
0.86604 -0.47240
0.86605 -0.47702
0.86606 -0.48152
0.86607 -0.48592
0.86608 -0.49021
0.86608 -0.49438
0.86609 -0.49844
0.86610 -0.50240
0.86611 -0.50624
0.86612 -0.50997
0.86612 -0.51359
0.86613 -0.51710
0.86614 -0.52050
0.86615 -0.52378
0.86616 -0.52696
0.86616 -0.53002
0.86617 -0.53296
0.86618 -0.53578
0.86619 -0.53849
0.86620 -0.54109
0.86620 -0.54358
0.86621 -0.54595
0.86622 -0.54822
0.86623 -0.55038
0.86624 -0.55243
0.86624 -0.55437
0.86625 -0.55621
0.86626 -0.55795
0.86627 -0.55959
0.86628 -0.56113
0.86628 -0.56258
0.86629 -0.56395
0.86630 -0.56523
0.86631 -0.56642
0.86632 -0.56753
0.86632 -0.56855
0.86633 -0.56948
0.86634 -0.57034
0.86635 -0.57111
0.86636 -0.57181
0.86636 -0.57244
0.86637 -0.57299
0.86638 -0.57348
0.86639 -0.57390
0.86640 -0.57426
0.86640 -0.57455
0.86641 -0.57479
0.86642 -0.57496
0.86643 -0.57508
0.86644 -0.57514
0.86644 -0.57515
0.86645 -0.57511
0.86646 -0.57502
0.86647 -0.57489
0.86648 -0.57471
0.86648 -0.57449
0.86649 -0.57422
0.86650 -0.57392
0.86651 -0.57357
0.86652 -0.57318
0.86652 -0.57275
0.86653 -0.57229
0.86654 -0.57178
0.86655 -0.57125
0.86656 -0.57069
0.86656 -0.57011
0.86657 -0.56950
0.86658 -0.56887
0.86659 -0.56822
0.86660 -0.56755
0.86660 -0.56686
0.86661 -0.56615
0.86662 -0.56543
0.86663 -0.56470
0.86664 -0.56396
0.86664 -0.56321
0.86665 -0.56246
0.86666 -0.56169
0.86667 -0.56093
0.86668 -0.56016
0.86668 -0.55940
0.86669 -0.55863
0.86670 -0.55787
0.86671 -0.55711
0.86672 -0.55636
0.86672 -0.55560
0.86673 -0.55486
0.86674 -0.55412
0.86675 -0.55338
0.86676 -0.55266
0.86676 -0.55194
0.86677 -0.55122
0.86678 -0.55051
0.86679 -0.54980
0.86680 -0.54910
0.86680 -0.54841
0.86681 -0.54772
0.86682 -0.54705
0.86683 -0.54639
0.86684 -0.54574
0.86684 -0.54512
0.86685 -0.54450
0.86686 -0.54391
0.86687 -0.54333
0.86688 -0.54278
0.86688 -0.54225
0.86689 -0.54173
0.86690 -0.54124
0.86691 -0.54077
0.86692 -0.54033
0.86692 -0.53990
0.86693 -0.53950
0.86694 -0.53912
0.86695 -0.53876
0.86696 -0.53842
0.86696 -0.53809
0.86697 -0.53779
0.86698 -0.53751
0.86699 -0.53724
0.86700 -0.53699
0.86700 -0.53675
0.86701 -0.53653
0.86702 -0.53633
0.86703 -0.53615
0.86704 -0.53599
0.86704 -0.53584
0.86705 -0.53571
0.86706 -0.53560
0.86707 -0.53551
0.86708 -0.53543
0.86708 -0.53537
0.86709 -0.53532
0.86710 -0.53529
0.86711 -0.53528
0.86712 -0.53528
0.86712 -0.53529
0.86713 -0.53531
0.86714 -0.53535
0.86715 -0.53539
0.86716 -0.53544
0.86716 -0.53550
0.86717 -0.53556
0.86718 -0.53562
0.86719 -0.53569
0.86720 -0.53575
0.86720 -0.53582
0.86721 -0.53588
0.86722 -0.53594
0.86723 -0.53600
0.86724 -0.53606
0.86724 -0.53610
0.86725 -0.53613
0.86726 -0.53616
0.86727 -0.53617
0.86728 -0.53617
0.86728 -0.53616
0.86729 -0.53613
0.86730 -0.53610
0.86731 -0.53604
0.86732 -0.53597
0.86732 -0.53587
0.86733 -0.53574
0.86734 -0.53558
0.86735 -0.53539
0.86736 -0.53518
0.86736 -0.53492
0.86737 -0.53462
0.86738 -0.53429
0.86739 -0.53391
0.86740 -0.53349
0.86740 -0.53301
0.86741 -0.53249
0.86742 -0.53192
0.86743 -0.53129
0.86744 -0.53060
0.86744 -0.52986
0.86745 -0.52906
0.86746 -0.52820
0.86747 -0.52729
0.86748 -0.52631
0.86748 -0.52527
0.86749 -0.52417
0.86750 -0.52300
0.86751 -0.52177
0.86752 -0.52047
0.86752 -0.51911
0.86753 -0.51767
0.86754 -0.51617
0.86755 -0.51458
0.86756 -0.51292
0.86756 -0.51119
0.86757 -0.50937
0.86758 -0.50748
0.86759 -0.50550
0.86760 -0.50344
0.86760 -0.50130
0.86761 -0.49907
0.86762 -0.49676
0.86763 -0.49436
0.86764 -0.49187
0.86764 -0.48930
0.86765 -0.48664
0.86766 -0.48389
0.86767 -0.48105
0.86768 -0.47812
0.86768 -0.47509
0.86769 -0.47198
0.86770 -0.46876
0.86771 -0.46545
0.86772 -0.46204
0.86772 -0.45854
0.86773 -0.45494
0.86774 -0.45125
0.86775 -0.44746
0.86776 -0.44358
0.86776 -0.43960
0.86777 -0.43552
0.86778 -0.43134
0.86779 -0.42707
0.86780 -0.42269
0.86780 -0.41821
0.86781 -0.41362
0.86782 -0.40895
0.86783 -0.40417
0.86784 -0.39931
0.86784 -0.39437
0.86785 -0.38933
0.86786 -0.38420
0.86787 -0.37899
0.86788 -0.37369
0.86788 -0.36830
0.86789 -0.36284
0.86790 -0.35729
0.86791 -0.35167
0.86792 -0.34597
0.86792 -0.34020
0.86793 -0.33436
0.86794 -0.32845
0.86795 -0.32248
0.86796 -0.31644
0.86796 -0.31034
0.86797 -0.30417
0.86798 -0.29793
0.86799 -0.29163
0.86800 -0.28528
0.86800 -0.27888
0.86801 -0.27242
0.86802 -0.26590
0.86803 -0.25935
0.86804 -0.25274
0.86804 -0.24610
0.86805 -0.23941
0.86806 -0.23270
0.86807 -0.22595
0.86808 -0.21917
0.86808 -0.21236
0.86809 -0.20553
0.86810 -0.19867
0.86811 -0.19179
0.86812 -0.18489
0.86812 -0.17797
0.86813 -0.17103
0.86814 -0.16407
0.86815 -0.15709
0.86816 -0.15011
0.86816 -0.14311
0.86817 -0.13611
0.86818 -0.12910
0.86819 -0.12210
0.86820 -0.11511
0.86820 -0.10812
0.86821 -0.10116
0.86822 -0.09421
0.86823 -0.08728
0.86824 -0.08038
0.86824 -0.07349
0.86825 -0.06663
0.86826 -0.05980
0.86827 -0.05299
0.86828 -0.04623
0.86828 -0.03950
0.86829 -0.03282
0.86830 -0.02618
0.86831 -0.01959
0.86832 -0.01305
0.86832 -0.00655
0.86833 -0.00010
0.86834 0.00631
0.86835 0.01267
0.86836 0.01900
0.86836 0.02528
0.86837 0.03151
0.86838 0.03771
0.86839 0.04386
0.86840 0.04997
0.86840 0.05605
0.86841 0.06207
0.86842 0.06806
0.86843 0.07400
0.86844 0.07990
0.86844 0.08577
0.86845 0.09160
0.86846 0.09738
0.86847 0.10313
0.86848 0.10883
0.86848 0.11449
0.86849 0.12012
0.86850 0.12571
0.86851 0.13126
0.86852 0.13678
0.86852 0.14227
0.86853 0.14772
0.86854 0.15314
0.86855 0.15854
0.86856 0.16391
0.86856 0.16925
0.86857 0.17458
0.86858 0.17989
0.86859 0.18518
0.86860 0.19046
0.86860 0.19573
0.86861 0.20097
0.86862 0.20620
0.86863 0.21141
0.86864 0.21660
0.86864 0.22178
0.86865 0.22695
0.86866 0.23210
0.86867 0.23724
0.86868 0.24238
0.86868 0.24751
0.86869 0.25265
0.86870 0.25778
0.86871 0.26292
0.86872 0.26807
0.86872 0.27324
0.86873 0.27841
0.86874 0.28360
0.86875 0.28880
0.86876 0.29401
0.86876 0.29924
0.86877 0.30449
0.86878 0.30975
0.86879 0.31504
0.86880 0.32035
0.86880 0.32569
0.86881 0.33106
0.86882 0.33645
0.86883 0.34188
0.86884 0.34732
0.86884 0.35280
0.86885 0.35830
0.86886 0.36382
0.86887 0.36936
0.86888 0.37492
0.86888 0.38049
0.86889 0.38608
0.86890 0.39168
0.86891 0.39731
0.86892 0.40296
0.86892 0.40863
0.86893 0.41432
0.86894 0.42004
0.86895 0.42577
0.86896 0.43152
0.86896 0.43728
0.86897 0.44305
0.86898 0.44885
0.86899 0.45465
0.86900 0.46047
0.86900 0.46629
0.86901 0.47212
0.86902 0.47796
0.86903 0.48380
0.86904 0.48966
0.86904 0.49553
0.86905 0.50140
0.86906 0.50728
0.86907 0.51315
0.86908 0.51903
0.86908 0.52490
0.86909 0.53077
0.86910 0.53663
0.86911 0.54249
0.86912 0.54834
0.86912 0.55418
0.86913 0.56001
0.86914 0.56583
0.86915 0.57165
0.86916 0.57745
0.86916 0.58324
0.86917 0.58901
0.86918 0.59476
0.86919 0.60049
0.86920 0.60619
0.86920 0.61186
0.86921 0.61749
0.86922 0.62309
0.86923 0.62863
0.86924 0.63414
0.86924 0.63959
0.86925 0.64499
0.86926 0.65034
0.86927 0.65565
0.86928 0.66090
0.86928 0.66610
0.86929 0.67123
0.86930 0.67631
0.86931 0.68133
0.86932 0.68628
0.86932 0.69117
0.86933 0.69599
0.86934 0.70074
0.86935 0.70542
0.86936 0.71002
0.86936 0.71456
0.86937 0.71902
0.86938 0.72341
0.86939 0.72772
0.86940 0.73197
0.86940 0.73613
0.86941 0.74022
0.86942 0.74421
0.86943 0.74812
0.86944 0.75193
0.86944 0.75566
0.86945 0.75930
0.86946 0.76285
0.86947 0.76630
0.86948 0.76966
0.86948 0.77292
0.86949 0.77609
0.86950 0.77915
0.86951 0.78212
0.86952 0.78499
0.86952 0.78776
0.86953 0.79042
0.86954 0.79298
0.86955 0.79542
0.86956 0.79775
0.86956 0.79998
0.86957 0.80209
0.86958 0.80408
0.86959 0.80596
0.86960 0.80773
0.86960 0.80938
0.86961 0.81092
0.86962 0.81233
0.86963 0.81362
0.86964 0.81479
0.86964 0.81583
0.86965 0.81674
0.86966 0.81753
0.86967 0.81818
0.86968 0.81871
0.86968 0.81912
0.86969 0.81939
0.86970 0.81955
0.86971 0.81959
0.86972 0.81951
0.86972 0.81932
0.86973 0.81903
0.86974 0.81863
0.86975 0.81813
0.86976 0.81752
0.86976 0.81681
0.86977 0.81600
0.86978 0.81509
0.86979 0.81407
0.86980 0.81296
0.86980 0.81175
0.86981 0.81044
0.86982 0.80903
0.86983 0.80752
0.86984 0.80592
0.86984 0.80422
0.86985 0.80244
0.86986 0.80056
0.86987 0.79860
0.86988 0.79656
0.86988 0.79442
0.86989 0.79221
0.86990 0.78990
0.86991 0.78752
0.86992 0.78506
0.86992 0.78252
0.86993 0.77991
0.86994 0.77722
0.86995 0.77447
0.86996 0.77164
0.86996 0.76874
0.86997 0.76578
0.86998 0.76275
0.86999 0.75967
0.87000 0.75654
0.87000 0.75336
0.87001 0.75012
0.87002 0.74684
0.87003 0.74351
0.87004 0.74013
0.87004 0.73672
0.87005 0.73326
0.87006 0.72977
0.87007 0.72625
0.87008 0.72270
0.87008 0.71912
0.87009 0.71551
0.87010 0.71188
0.87011 0.70822
0.87012 0.70456
0.87012 0.70089
0.87013 0.69722
0.87014 0.69354
0.87015 0.68987
0.87016 0.68621
0.87016 0.68255
0.87017 0.67890
0.87018 0.67526
0.87019 0.67164
0.87020 0.66804
0.87020 0.66446
0.87021 0.66089
0.87022 0.65735
0.87023 0.65382
0.87024 0.65031
0.87024 0.64682
0.87025 0.64335
0.87026 0.63990
0.87027 0.63647
0.87028 0.63307
0.87028 0.62968
0.87029 0.62632
0.87030 0.62298
0.87031 0.61966
0.87032 0.61637
0.87032 0.61311
0.87033 0.60988
0.87034 0.60667
0.87035 0.60350
0.87036 0.60035
0.87036 0.59723
0.87037 0.59414
0.87038 0.59108
0.87039 0.58805
0.87040 0.58507
0.87040 0.58211
0.87041 0.57918
0.87042 0.57629
0.87043 0.57344
0.87044 0.57062
0.87044 0.56783
0.87045 0.56508
0.87046 0.56235
0.87047 0.55966
0.87048 0.55699
0.87048 0.55435
0.87049 0.55173
0.87050 0.54913
0.87051 0.54655
0.87052 0.54399
0.87052 0.54144
0.87053 0.53892
0.87054 0.53641
0.87055 0.53392
0.87056 0.53144
0.87056 0.52898
0.87057 0.52654
0.87058 0.52410
0.87059 0.52168
0.87060 0.51928
0.87060 0.51688
0.87061 0.51450
0.87062 0.51211
0.87063 0.50972
0.87064 0.50733
0.87064 0.50493
0.87065 0.50252
0.87066 0.50010
0.87067 0.49767
0.87068 0.49522
0.87068 0.49276
0.87069 0.49027
0.87070 0.48775
0.87071 0.48521
0.87072 0.48263
0.87072 0.48003
0.87073 0.47738
0.87074 0.47471
0.87075 0.47199
0.87076 0.46923
0.87076 0.46643
0.87077 0.46358
0.87078 0.46069
0.87079 0.45775
0.87080 0.45477
0.87080 0.45173
0.87081 0.44864
0.87082 0.44550
0.87083 0.44230
0.87084 0.43904
0.87084 0.43573
0.87085 0.43235
0.87086 0.42891
0.87087 0.42540
0.87088 0.42182
0.87088 0.41817
0.87089 0.41444
0.87090 0.41062
0.87091 0.40673
0.87092 0.40276
0.87092 0.39871
0.87093 0.39457
0.87094 0.39035
0.87095 0.38604
0.87096 0.38165
0.87096 0.37719
0.87097 0.37265
0.87098 0.36803
0.87099 0.36333
0.87100 0.35855
0.87100 0.35370
0.87101 0.34876
0.87102 0.34375
0.87103 0.33866
0.87104 0.33348
0.87104 0.32821
0.87105 0.32286
0.87106 0.31742
0.87107 0.31188
0.87108 0.30626
0.87108 0.30055
0.87109 0.29474
0.87110 0.28884
0.87111 0.28284
0.87112 0.27674
0.87112 0.27056
0.87113 0.26429
0.87114 0.25792
0.87115 0.25146
0.87116 0.24492
0.87116 0.23828
0.87117 0.23157
0.87118 0.22477
0.87119 0.21790
0.87120 0.21095
0.87120 0.20392
0.87121 0.19682
0.87122 0.18965
0.87123 0.18241
0.87124 0.17511
0.87124 0.16774
0.87125 0.16030
0.87126 0.15281
0.87127 0.14526
0.87128 0.13766
0.87128 0.13000
0.87129 0.12229
0.87130 0.11453
0.87131 0.10672
0.87132 0.09886
0.87132 0.09095
0.87133 0.08301
0.87134 0.07503
0.87135 0.06701
0.87136 0.05896
0.87136 0.05088
0.87137 0.04278
0.87138 0.03465
0.87139 0.02651
0.87140 0.01836
0.87140 0.01020
0.87141 0.00203
0.87142 -0.00614
0.87143 -0.01431
0.87144 -0.02248
0.87144 -0.03065
0.87145 -0.03881
0.87146 -0.04697
0.87147 -0.05513
0.87148 -0.06327
0.87148 -0.07141
0.87149 -0.07954
0.87150 -0.08765
0.87151 -0.09575
0.87152 -0.10383
0.87152 -0.11188
0.87153 -0.11990
0.87154 -0.12789
0.87155 -0.13583
0.87156 -0.14373
0.87156 -0.15159
0.87157 -0.15939
0.87158 -0.16714
0.87159 -0.17483
0.87160 -0.18246
0.87160 -0.19003
0.87161 -0.19753
0.87162 -0.20497
0.87163 -0.21234
0.87164 -0.21963
0.87164 -0.22685
0.87165 -0.23398
0.87166 -0.24103
0.87167 -0.24799
0.87168 -0.25487
0.87168 -0.26167
0.87169 -0.26838
0.87170 -0.27500
0.87171 -0.28153
0.87172 -0.28797
0.87172 -0.29433
0.87173 -0.30059
0.87174 -0.30677
0.87175 -0.31285
0.87176 -0.31884
0.87176 -0.32474
0.87177 -0.33054
0.87178 -0.33624
0.87179 -0.34185
0.87180 -0.34736
0.87180 -0.35277
0.87181 -0.35807
0.87182 -0.36327
0.87183 -0.36835
0.87184 -0.37333
0.87184 -0.37820
0.87185 -0.38296
0.87186 -0.38762
0.87187 -0.39217
0.87188 -0.39661
0.87188 -0.40095
0.87189 -0.40518
0.87190 -0.40930
0.87191 -0.41333
0.87192 -0.41726
0.87192 -0.42109
0.87193 -0.42482
0.87194 -0.42845
0.87195 -0.43198
0.87196 -0.43541
0.87196 -0.43875
0.87197 -0.44198
0.87198 -0.44511
0.87199 -0.44815
0.87200 -0.45108
0.87200 -0.45391
0.87201 -0.45664
0.87202 -0.45928
0.87203 -0.46182
0.87204 -0.46427
0.87204 -0.46663
0.87205 -0.46891
0.87206 -0.47110
0.87207 -0.47320
0.87208 -0.47523
0.87208 -0.47717
0.87209 -0.47904
0.87210 -0.48082
0.87211 -0.48252
0.87212 -0.48414
0.87212 -0.48569
0.87213 -0.48715
0.87214 -0.48854
0.87215 -0.48986
0.87216 -0.49111
0.87216 -0.49228
0.87217 -0.49339
0.87218 -0.49443
0.87219 -0.49541
0.87220 -0.49632
0.87220 -0.49717
0.87221 -0.49795
0.87222 -0.49868
0.87223 -0.49934
0.87224 -0.49993
0.87224 -0.50046
0.87225 -0.50093
0.87226 -0.50134
0.87227 -0.50168
0.87228 -0.50197
0.87228 -0.50220
0.87229 -0.50237
0.87230 -0.50249
0.87231 -0.50257
0.87232 -0.50259
0.87232 -0.50258
0.87233 -0.50254
0.87234 -0.50245
0.87235 -0.50233
0.87236 -0.50217
0.87236 -0.50198
0.87237 -0.50175
0.87238 -0.50149
0.87239 -0.50120
0.87240 -0.50088
0.87240 -0.50053
0.87241 -0.50015
0.87242 -0.49973
0.87243 -0.49929
0.87244 -0.49882
0.87244 -0.49832
0.87245 -0.49779
0.87246 -0.49725
0.87247 -0.49668
0.87248 -0.49610
0.87248 -0.49550
0.87249 -0.49488
0.87250 -0.49425
0.87251 -0.49360
0.87252 -0.49294
0.87252 -0.49226
0.87253 -0.49156
0.87254 -0.49084
0.87255 -0.49011
0.87256 -0.48935
0.87256 -0.48857
0.87257 -0.48778
0.87258 -0.48697
0.87259 -0.48614
0.87260 -0.48530
0.87260 -0.48444
0.87261 -0.48357
0.87262 -0.48269
0.87263 -0.48180
0.87264 -0.48090
0.87264 -0.48000
0.87265 -0.47908
0.87266 -0.47816
0.87267 -0.47723
0.87268 -0.47630
0.87268 -0.47535
0.87269 -0.47441
0.87270 -0.47345
0.87271 -0.47249
0.87272 -0.47153
0.87272 -0.47057
0.87273 -0.46960
0.87274 -0.46864
0.87275 -0.46768
0.87276 -0.46673
0.87276 -0.46578
0.87277 -0.46483
0.87278 -0.46388
0.87279 -0.46293
0.87280 -0.46199
0.87280 -0.46104
0.87281 -0.46009
0.87282 -0.45914
0.87283 -0.45818
0.87284 -0.45721
0.87284 -0.45623
0.87285 -0.45524
0.87286 -0.45424
0.87287 -0.45324
0.87288 -0.45221
0.87288 -0.45118
0.87289 -0.45014
0.87290 -0.44908
0.87291 -0.44802
0.87292 -0.44693
0.87292 -0.44582
0.87293 -0.44470
0.87294 -0.44356
0.87295 -0.44239
0.87296 -0.44121
0.87296 -0.44000
0.87297 -0.43876
0.87298 -0.43749
0.87299 -0.43620
0.87300 -0.43488
0.87300 -0.43353
0.87301 -0.43215
0.87302 -0.43075
0.87303 -0.42932
0.87304 -0.42786
0.87304 -0.42637
0.87305 -0.42486
0.87306 -0.42333
0.87307 -0.42178
0.87308 -0.42020
0.87308 -0.41860
0.87309 -0.41696
0.87310 -0.41530
0.87311 -0.41361
0.87312 -0.41188
0.87312 -0.41013
0.87313 -0.40834
0.87314 -0.40652
0.87315 -0.40466
0.87316 -0.40277
0.87316 -0.40084
0.87317 -0.39888
0.87318 -0.39688
0.87319 -0.39484
0.87320 -0.39276
0.87320 -0.39065
0.87321 -0.38849
0.87322 -0.38629
0.87323 -0.38405
0.87324 -0.38175
0.87324 -0.37941
0.87325 -0.37702
0.87326 -0.37458
0.87327 -0.37209
0.87328 -0.36956
0.87328 -0.36697
0.87329 -0.36434
0.87330 -0.36166
0.87331 -0.35893
0.87332 -0.35616
0.87332 -0.35333
0.87333 -0.35045
0.87334 -0.34753
0.87335 -0.34457
0.87336 -0.34156
0.87336 -0.33851
0.87337 -0.33542
0.87338 -0.33228
0.87339 -0.32910
0.87340 -0.32588
0.87340 -0.32261
0.87341 -0.31931
0.87342 -0.31596
0.87343 -0.31259
0.87344 -0.30917
0.87344 -0.30572
0.87345 -0.30223
0.87346 -0.29871
0.87347 -0.29515
0.87348 -0.29156
0.87348 -0.28793
0.87349 -0.28427
0.87350 -0.28059
0.87351 -0.27687
0.87352 -0.27313
0.87352 -0.26936
0.87353 -0.26556
0.87354 -0.26175
0.87355 -0.25791
0.87356 -0.25404
0.87356 -0.25014
0.87357 -0.24622
0.87358 -0.24227
0.87359 -0.23829
0.87360 -0.23428
0.87360 -0.23024
0.87361 -0.22618
0.87362 -0.22210
0.87363 -0.21799
0.87364 -0.21387
0.87364 -0.20973
0.87365 -0.20556
0.87366 -0.20138
0.87367 -0.19719
0.87368 -0.19298
0.87368 -0.18877
0.87369 -0.18454
0.87370 -0.18029
0.87371 -0.17604
0.87372 -0.17178
0.87372 -0.16750
0.87373 -0.16322
0.87374 -0.15893
0.87375 -0.15463
0.87376 -0.15033
0.87376 -0.14603
0.87377 -0.14172
0.87378 -0.13740
0.87379 -0.13308
0.87380 -0.12875
0.87380 -0.12442
0.87381 -0.12009
0.87382 -0.11576
0.87383 -0.11142
0.87384 -0.10708
0.87384 -0.10274
0.87385 -0.09839
0.87386 -0.09404
0.87387 -0.08968
0.87388 -0.08531
0.87388 -0.08094
0.87389 -0.07656
0.87390 -0.07217
0.87391 -0.06778
0.87392 -0.06338
0.87392 -0.05897
0.87393 -0.05456
0.87394 -0.05013
0.87395 -0.04569
0.87396 -0.04124
0.87396 -0.03679
0.87397 -0.03232
0.87398 -0.02783
0.87399 -0.02334
0.87400 -0.01882
0.87400 -0.01429
0.87401 -0.00975
0.87402 -0.00518
0.87403 -0.00059
0.87404 0.00403
0.87404 0.00867
0.87405 0.01335
0.87406 0.01805
0.87407 0.02277
0.87408 0.02752
0.87408 0.03229
0.87409 0.03708
0.87410 0.04190
0.87411 0.04674
0.87412 0.05160
0.87412 0.05649
0.87413 0.06140
0.87414 0.06634
0.87415 0.07131
0.87416 0.07631
0.87416 0.08135
0.87417 0.08641
0.87418 0.09152
0.87419 0.09667
0.87420 0.10185
0.87420 0.10707
0.87421 0.11232
0.87422 0.11761
0.87423 0.12293
0.87424 0.12829
0.87424 0.13369
0.87425 0.13913
0.87426 0.14460
0.87427 0.15012
0.87428 0.15567
0.87428 0.16126
0.87429 0.16688
0.87430 0.17254
0.87431 0.17825
0.87432 0.18398
0.87432 0.18976
0.87433 0.19557
0.87434 0.20141
0.87435 0.20728
0.87436 0.21319
0.87436 0.21912
0.87437 0.22507
0.87438 0.23106
0.87439 0.23708
0.87440 0.24312
0.87440 0.24919
0.87441 0.25527
0.87442 0.26139
0.87443 0.26752
0.87444 0.27367
0.87444 0.27985
0.87445 0.28604
0.87446 0.29225
0.87447 0.29848
0.87448 0.30473
0.87448 0.31098
0.87449 0.31724
0.87450 0.32351
0.87451 0.32979
0.87452 0.33606
0.87452 0.34232
0.87453 0.34857
0.87454 0.35479
0.87455 0.36099
0.87456 0.36715
0.87456 0.37326
0.87457 0.37934
0.87458 0.38537
0.87459 0.39135
0.87460 0.39727
0.87460 0.40313
0.87461 0.40893
0.87462 0.41465
0.87463 0.42030
0.87464 0.42586
0.87464 0.43134
0.87465 0.43672
0.87466 0.44200
0.87467 0.44719
0.87468 0.45227
0.87468 0.45723
0.87469 0.46208
0.87470 0.46681
0.87471 0.47142
0.87472 0.47589
0.87472 0.48022
0.87473 0.48441
0.87474 0.48846
0.87475 0.49235
0.87476 0.49609
0.87476 0.49967
0.87477 0.50308
0.87478 0.50632
0.87479 0.50939
0.87480 0.51228
0.87480 0.51499
0.87481 0.51750
0.87482 0.51983
0.87483 0.52196
0.87484 0.52388
0.87484 0.52561
0.87485 0.52713
0.87486 0.52845
0.87487 0.52955
0.87488 0.53043
0.87488 0.53110
0.87489 0.53154
0.87490 0.53175
0.87491 0.53172
0.87492 0.53147
0.87492 0.53097
0.87493 0.53022
0.87494 0.52922
0.87495 0.52797
0.87496 0.52647
0.87496 0.52470
0.87497 0.52265
0.87498 0.52035
0.87499 0.51776
0.87500 0.51490
