Model: ,Oscilloscope DSO-X 4022A
Serial Number:,MY57310245
Address: ,USBInstrument1
Date: ,2026-07-10 19:09:41

Sample Number,Time (s),1 (VOLT),2 (VOLT),
1,-0.00025,-0.0260666608810425,-3.41175685822964,
2,-0.000249744,-0.093012273311615,-2.40757276117802,
3,-0.000249488,-0.0260666608810425,-3.57912087440491,
4,-0.000249232,-0.0260666608810425,-3.41175685822964,
5,-0.000248976,-0.0260666608810425,-3.24439284205437,
6,-0.00024872,-0.0260666608810425,-3.57912087440491,
7,-0.000248464,-0.0260666608810425,-3.74648489058018,
8,-0.000248208,-0.0260666608810425,-3.57912087440491,
9,-0.000247952,-0.093012273311615,-3.41175685822964,
10,-0.000247696,-0.0260666608810425,-3.57912087440491,
11,-0.00024744,-0.093012273311615,-3.57912087440491,
12,-0.000247184,-0.0260666608810425,-3.57912087440491,
13,-0.000246928,-0.0260666608810425,-3.41175685822964,
14,-0.000246672,-0.0260666608810425,-3.41175685822964,
15,-0.000246416,0.04087895154953,-3.57912087440491,
16,-0.00024616,-0.093012273311615,-3.57912087440491,
17,-0.000245904,-0.0260666608810425,-3.41175685822964,
18,-0.000245648,-0.0260666608810425,-3.57912087440491,
19,-0.000245392,-0.0260666608810425,-3.57912087440491,
20,-0.000245136,-0.093012273311615,-3.57912087440491,
21,-0.00024488,-0.0260666608810425,-3.41175685822964,
22,-0.000244624,-0.0260666608810425,-3.41175685822964,
23,-0.000244368,-0.0260666608810425,-3.41175685822964,
24,-0.000244112,-0.0260666608810425,-3.24439284205437,
25,-0.000243856,-0.0260666608810425,-3.91384890675545,
26,-0.0002436,-0.0260666608810425,-3.41175685822964,
27,-0.000243344,-0.0260666608810425,-3.57912087440491,
28,-0.000243088,-0.0260666608810425,-3.74648489058018,
29,-0.000242832,-0.0260666608810425,-3.41175685822964,
30,-0.000242576,-0.0260666608810425,-3.41175685822964,
31,-0.00024232,-0.0260666608810425,-3.41175685822964,
32,-0.000242064,-0.0260666608810425,-3.57912087440491,
33,-0.000241808,-0.093012273311615,-3.91384890675545,
34,-0.000241552,-0.0260666608810425,-3.41175685822964,
35,-0.000241296,-0.0260666608810425,-3.57912087440491,
36,-0.00024104,-0.0260666608810425,-3.57912087440491,
37,-0.000240784,-0.0260666608810425,-3.41175685822964,
38,-0.000240528,-0.0260666608810425,-3.74648489058018,
39,-0.000240272,-0.0260666608810425,-3.57912087440491,
40,-0.000240016,-0.0260666608810425,-3.57912087440491,
41,-0.00023976,-0.0260666608810425,-3.41175685822964,
42,-0.000239504,-0.0260666608810425,-3.57912087440491,
43,-0.000239248,-0.0260666608810425,-3.57912087440491,
44,-0.000238992,-0.0260666608810425,-3.57912087440491,
45,-0.000238736,-0.0260666608810425,-3.57912087440491,
46,-0.00023848,-0.0260666608810425,-3.41175685822964,
47,-0.000238224,-0.0260666608810425,-3.57912087440491,
48,-0.000237968,-0.0260666608810425,-3.41175685822964,
49,-0.000237712,-0.0260666608810425,-3.41175685822964,
50,-0.000237456,-0.093012273311615,-3.91384890675545,
51,-0.0002372,-0.0260666608810425,-3.57912087440491,
52,-0.000236944,-0.0260666608810425,-3.41175685822964,
53,-0.000236688,-0.0260666608810425,-3.41175685822964,
54,-0.000236432,-0.093012273311615,-3.24439284205437,
55,-0.000236176,-0.0260666608810425,-3.57912087440491,
56,-0.00023592,-0.093012273311615,-3.41175685822964,
57,-0.000235664,-0.0260666608810425,-3.57912087440491,
58,-0.000235408,-0.0260666608810425,-3.41175685822964,
59,-0.000235152,-0.0260666608810425,-3.41175685822964,
60,-0.000234896,-0.0260666608810425,-3.57912087440491,
61,-0.00023464,-0.0260666608810425,-3.41175685822964,
62,-0.000234384,-0.0260666608810425,-3.41175685822964,
63,-0.000234128,-0.0260666608810425,-3.57912087440491,
64,-0.000233872,-0.0260666608810425,-3.41175685822964,
65,-0.000233616,-0.0260666608810425,-3.41175685822964,
66,-0.00023336,-0.0260666608810425,-3.41175685822964,
67,-0.000233104,-0.0260666608810425,-3.41175685822964,
68,-0.000232848,-0.0260666608810425,-3.41175685822964,
69,-0.000232592,-0.0260666608810425,-3.41175685822964,
70,-0.000232336,-0.0260666608810425,-3.41175685822964,
71,-0.00023208,-0.0260666608810425,-3.41175685822964,
72,-0.000231824,-0.0260666608810425,-3.57912087440491,
73,-0.000231568,-0.0260666608810425,-3.57912087440491,
74,-0.000231312,-0.0260666608810425,-3.57912087440491,
75,-0.000231056,-0.0260666608810425,-3.57912087440491,
76,-0.0002308,-0.0260666608810425,-3.91384890675545,
77,-0.000230544,-0.0260666608810425,-3.57912087440491,
78,-0.000230288,-0.0260666608810425,-3.57912087440491,
79,-0.000230032,-0.0260666608810425,-3.74648489058018,
80,-0.000229776,-0.093012273311615,-3.57912087440491,
81,-0.00022952,-0.0260666608810425,-3.41175685822964,
82,-0.000229264,-0.0260666608810425,-3.41175685822964,
83,-0.000229008,-0.0260666608810425,-3.57912087440491,
84,-0.000228752,-0.093012273311615,-3.24439284205437,
85,-0.000228496,-0.0260666608810425,-3.57912087440491,
86,-0.00022824,-0.0260666608810425,-3.41175685822964,
87,-0.000227984,-0.0260666608810425,-3.57912087440491,
88,-0.000227728,-0.0260666608810425,-3.57912087440491,
89,-0.000227472,-0.0260666608810425,-3.41175685822964,
90,-0.000227216,-0.0260666608810425,-3.41175685822964,
91,-0.00022696,-0.0260666608810425,-3.57912087440491,
92,-0.000226704,-0.093012273311615,-3.41175685822964,
93,-0.000226448,-0.0260666608810425,-4.08121292293072,
94,-0.000226192,-0.0260666608810425,-3.57912087440491,
95,-0.000225936,-0.0260666608810425,-3.57912087440491,
96,-0.00022568,-0.0260666608810425,-3.57912087440491,
97,-0.000225424,-0.0260666608810425,-3.24439284205437,
98,-0.000225168,-0.0260666608810425,-3.57912087440491,
99,-0.000224912,-0.093012273311615,-3.74648489058018,
100,-0.000224656,-0.0260666608810425,1.4417996108532,
101,-0.0002244,-0.0260666608810425,3.45016780495644,
102,-0.000224144,-0.0260666608810425,3.1154397726059,
103,-0.000223888,-0.0260666608810425,3.61753182113171,
104,-0.000223632,-0.0260666608810425,3.45016780495644,
105,-0.000223376,-0.0260666608810425,3.61753182113171,
106,-0.00022312,-0.093012273311615,3.61753182113171,
107,-0.000222864,-0.0260666608810425,3.28280378878117,
108,-0.000222608,-0.0260666608810425,3.45016780495644,
109,-0.000222352,-0.0260666608810425,3.28280378878117,
110,-0.000222096,-0.093012273311615,3.61753182113171,
111,-0.00022184,-0.093012273311615,3.45016780495644,
112,-0.000221584,-0.0260666608810425,3.28280378878117,
113,-0.000221328,-0.0260666608810425,3.45016780495644,
114,-0.000221072,-0.0260666608810425,3.28280378878117,
115,-0.000220816,-0.0260666608810425,3.45016780495644,
116,-0.00022056,-0.0260666608810425,3.28280378878117,
117,-0.000220304,-0.0260666608810425,3.45016780495644,
118,-0.000220048,-0.0260666608810425,3.45016780495644,
119,-0.000219792,-0.0260666608810425,3.45016780495644,
120,-0.000219536,-0.0260666608810425,3.45016780495644,
121,-0.00021928,-0.0260666608810425,3.45016780495644,
122,-0.000219024,-0.093012273311615,3.45016780495644,
123,-0.000218768,-0.0260666608810425,3.45016780495644,
124,-0.000218512,-0.0260666608810425,3.28280378878117,
125,-0.000218256,-0.0260666608810425,3.28280378878117,
126,-0.000218,-0.0260666608810425,3.28280378878117,
127,-0.000217744,-0.0260666608810425,3.1154397726059,
128,-0.000217488,-0.093012273311615,3.61753182113171,
129,-0.000217232,-0.093012273311615,3.28280378878117,
130,-0.000216976,-0.0260666608810425,3.28280378878117,
131,-0.00021672,-0.0260666608810425,3.45016780495644,
132,-0.000216464,-0.0260666608810425,3.1154397726059,
133,-0.000216208,-0.0260666608810425,3.1154397726059,
134,-0.000215952,-0.0260666608810425,3.1154397726059,
135,-0.000215696,-0.0260666608810425,3.28280378878117,
136,-0.00021544,-0.0260666608810425,3.78489583730698,
137,-0.000215184,-0.0260666608810425,3.28280378878117,
138,-0.000214928,-0.0260666608810425,3.28280378878117,
139,-0.000214672,-0.0260666608810425,3.45016780495644,
140,-0.000214416,-0.0260666608810425,3.28280378878117,
141,-0.00021416,-0.093012273311615,3.45016780495644,
142,-0.000213904,-0.0260666608810425,3.28280378878117,
143,-0.000213648,-0.0260666608810425,3.45016780495644,
144,-0.000213392,-0.0260666608810425,3.1154397726059,
145,-0.000213136,-0.0260666608810425,3.1154397726059,
146,-0.00021288,-0.0260666608810425,3.45016780495644,
147,-0.000212624,-0.0260666608810425,3.45016780495644,
148,-0.000212368,-0.0260666608810425,3.61753182113171,
149,-0.000212112,-0.0260666608810425,3.28280378878117,
150,-0.000211856,-0.0260666608810425,3.28280378878117,
151,-0.0002116,-0.0260666608810425,3.45016780495644,
152,-0.000211344,-0.0260666608810425,3.45016780495644,
153,-0.000211088,-0.093012273311615,3.78489583730698,
154,-0.000210832,-0.093012273311615,3.45016780495644,
155,-0.000210576,-0.093012273311615,3.45016780495644,
156,-0.00021032,-0.0260666608810425,3.45016780495644,
157,-0.000210064,-0.0260666608810425,3.1154397726059,
158,-0.000209808,-0.0260666608810425,3.45016780495644,
159,-0.000209552,-0.093012273311615,3.45016780495644,
160,-0.000209296,-0.0260666608810425,3.45016780495644,
161,-0.00020904,-0.093012273311615,3.45016780495644,
162,-0.000208784,-0.0260666608810425,3.28280378878117,
163,-0.000208528,-0.0260666608810425,3.45016780495644,
164,-0.000208272,-0.0260666608810425,3.45016780495644,
165,-0.000208016,-0.0260666608810425,3.45016780495644,
166,-0.00020776,-0.0260666608810425,3.45016780495644,
167,-0.000207504,-0.093012273311615,3.45016780495644,
168,-0.000207248,-0.0260666608810425,3.45016780495644,
169,-0.000206992,-0.0260666608810425,3.45016780495644,
170,-0.000206736,-0.093012273311615,3.28280378878117,
171,-0.00020648,-0.0260666608810425,3.45016780495644,
172,-0.000206224,-0.0260666608810425,3.28280378878117,
173,-0.000205968,-0.0260666608810425,3.45016780495644,
174,-0.000205712,-0.093012273311615,3.45016780495644,
175,-0.000205456,-0.093012273311615,3.45016780495644,
176,-0.0002052,-0.093012273311615,3.45016780495644,
177,-0.000204944,-0.0260666608810425,3.45016780495644,
178,-0.000204688,-0.0260666608810425,3.45016780495644,
179,-0.000204432,-0.0260666608810425,3.78489583730698,
180,-0.000204176,-0.0260666608810425,3.45016780495644,
181,-0.00020392,-0.0260666608810425,3.45016780495644,
182,-0.000203664,-0.0260666608810425,3.28280378878117,
183,-0.000203408,-0.0260666608810425,3.61753182113171,
184,-0.000203152,-0.0260666608810425,3.61753182113171,
185,-0.000202896,-0.0260666608810425,3.45016780495644,
186,-0.00020264,-0.093012273311615,3.45016780495644,
187,-0.000202384,-0.093012273311615,3.1154397726059,
188,-0.000202128,-0.0260666608810425,3.61753182113171,
189,-0.000201872,-0.0260666608810425,3.45016780495644,
190,-0.000201616,-0.0260666608810425,3.28280378878117,
191,-0.00020136,-0.0260666608810425,3.45016780495644,
192,-0.000201104,-0.0260666608810425,3.28280378878117,
193,-0.000200848,-0.0260666608810425,3.28280378878117,
194,-0.000200592,-0.093012273311615,3.28280378878117,
195,-0.000200336,-0.0260666608810425,3.28280378878117,
196,-0.00020008,-0.0260666608810425,3.95225985348225,
197,-0.000199824,3.25426834821701,2.94807575643063,
198,-0.000199568,3.18732273578644,-2.57493677735329,
199,-0.000199312,3.18732273578644,-3.57912087440491,
200,-0.000199056,3.18732273578644,-4.08121292293072,
201,-0.0001988,3.18732273578644,-3.57912087440491,
202,-0.000198544,3.12037712335587,-3.57912087440491,
203,-0.000198288,3.12037712335587,-3.57912087440491,
204,-0.000198032,3.18732273578644,-3.57912087440491,
205,-0.000197776,3.18732273578644,-3.74648489058018,
206,-0.00019752,3.18732273578644,-3.57912087440491,
207,-0.000197264,3.18732273578644,-3.41175685822964,
208,-0.000197008,3.25426834821701,-3.41175685822964,
209,-0.000196752,3.25426834821701,-3.57912087440491,
210,-0.000196496,3.25426834821701,-3.57912087440491,
211,-0.00019624,3.25426834821701,-3.41175685822964,
212,-0.000195984,3.18732273578644,-3.41175685822964,
213,-0.000195728,3.25426834821701,-3.57912087440491,
214,-0.000195472,3.18732273578644,-3.24439284205437,
215,-0.000195216,3.25426834821701,-3.41175685822964,
216,-0.00019496,3.25426834821701,-3.41175685822964,
217,-0.000194704,3.25426834821701,-3.74648489058018,
218,-0.000194448,3.18732273578644,-3.41175685822964,
219,-0.000194192,3.18732273578644,-3.41175685822964,
220,-0.000193936,3.25426834821701,-3.57912087440491,
221,-0.00019368,3.18732273578644,-3.57912087440491,
222,-0.000193424,3.25426834821701,-3.57912087440491,
223,-0.000193168,3.25426834821701,-3.24439284205437,
224,-0.000192912,3.25426834821701,-3.41175685822964,
225,-0.000192656,3.25426834821701,-3.57912087440491,
226,-0.0001924,3.18732273578644,-3.24439284205437,
227,-0.000192144,3.32121396064758,-3.41175685822964,
228,-0.000191888,3.25426834821701,-3.41175685822964,
229,-0.000191632,3.25426834821701,-3.41175685822964,
230,-0.000191376,3.18732273578644,-3.74648489058018,
231,-0.00019112,3.25426834821701,-2.74230079352856,
232,-0.000190864,3.18732273578644,-3.24439284205437,
233,-0.000190608,3.25426834821701,-3.41175685822964,
234,-0.000190352,3.25426834821701,-3.24439284205437,
235,-0.000190096,3.18732273578644,-3.57912087440491,
236,-0.00018984,3.25426834821701,-3.41175685822964,
237,-0.000189584,3.25426834821701,-3.41175685822964,
238,-0.000189328,3.25426834821701,-3.41175685822964,
239,-0.000189072,3.25426834821701,-2.74230079352856,
240,-0.000188816,3.18732273578644,-3.57912087440491,
241,-0.00018856,3.25426834821701,-3.57912087440491,
242,-0.000188304,3.25426834821701,-3.41175685822964,
243,-0.000188048,3.25426834821701,-3.74648489058018,
244,-0.000187792,3.25426834821701,-3.57912087440491,
245,-0.000187536,3.18732273578644,-3.57912087440491,
246,-0.00018728,3.25426834821701,-3.57912087440491,
247,-0.000187024,3.25426834821701,-3.57912087440491,
248,-0.000186768,3.25426834821701,-3.57912087440491,
249,-0.000186512,3.25426834821701,-3.41175685822964,
250,-0.000186256,3.25426834821701,-3.57912087440491,
251,-0.000186,3.25426834821701,-3.24439284205437,
252,-0.000185744,3.25426834821701,-3.41175685822964,
253,-0.000185488,3.25426834821701,-3.41175685822964,
254,-0.000185232,3.18732273578644,-3.57912087440491,
255,-0.000184976,3.25426834821701,-3.57912087440491,
256,-0.00018472,3.25426834821701,-3.41175685822964,
257,-0.000184464,3.25426834821701,-3.57912087440491,
258,-0.000184208,3.25426834821701,-3.57912087440491,
259,-0.000183952,3.25426834821701,-3.57912087440491,
260,-0.000183696,3.25426834821701,-3.91384890675545,
261,-0.00018344,3.25426834821701,-3.57912087440491,
262,-0.000183184,3.25426834821701,-3.41175685822964,
263,-0.000182928,3.25426834821701,-3.57912087440491,
264,-0.000182672,3.25426834821701,-3.74648489058018,
265,-0.000182416,3.25426834821701,-3.91384890675545,
266,-0.00018216,3.32121396064758,-3.57912087440491,
267,-0.000181904,3.25426834821701,-3.41175685822964,
268,-0.000181648,3.25426834821701,-3.57912087440491,
269,-0.000181392,3.25426834821701,-3.24439284205437,
270,-0.000181136,3.25426834821701,-3.57912087440491,
271,-0.00018088,3.25426834821701,-3.57912087440491,
272,-0.000180624,3.18732273578644,-3.57912087440491,
273,-0.000180368,3.25426834821701,-3.91384890675545,
274,-0.000180112,3.18732273578644,-2.90966480970383,
275,-0.000179856,3.25426834821701,-3.57912087440491,
276,-0.0001796,3.25426834821701,-3.57912087440491,
277,-0.000179344,3.25426834821701,-3.57912087440491,
278,-0.000179088,3.25426834821701,-3.57912087440491,
279,-0.000178832,3.25426834821701,-3.57912087440491,
280,-0.000178576,3.18732273578644,-3.57912087440491,
281,-0.00017832,3.18732273578644,-3.57912087440491,
282,-0.000178064,3.25426834821701,-3.0770288258791,
283,-0.000177808,3.18732273578644,-3.41175685822964,
284,-0.000177552,3.25426834821701,-3.57912087440491,
285,-0.000177296,3.25426834821701,-3.57912087440491,
286,-0.00017704,3.18732273578644,-3.41175685822964,
287,-0.000176784,3.25426834821701,-3.57912087440491,
288,-0.000176528,3.25426834821701,-3.57912087440491,
289,-0.000176272,3.25426834821701,-3.57912087440491,
290,-0.000176016,3.25426834821701,-3.91384890675545,
291,-0.00017576,3.18732273578644,-3.0770288258791,
292,-0.000175504,3.32121396064758,-3.41175685822964,
293,-0.000175248,3.25426834821701,-3.41175685822964,
294,-0.000174992,3.25426834821701,-3.24439284205437,
295,-0.000174736,-0.093012273311615,-0.399204567074776,
296,-0.00017448,-0.0260666608810425,2.94807575643063,
297,-0.000174224,-0.093012273311615,3.1154397726059,
298,-0.000173968,-0.0260666608810425,3.1154397726059,
299,-0.000173712,-0.0260666608810425,2.61334772408009,
300,-0.000173456,-0.093012273311615,3.28280378878117,
301,-0.0001732,-0.0260666608810425,3.28280378878117,
302,-0.000172944,-0.0260666608810425,3.45016780495644,
303,-0.000172688,-0.0260666608810425,3.45016780495644,
304,-0.000172432,-0.0260666608810425,3.28280378878117,
305,-0.000172176,-0.0260666608810425,3.1154397726059,
306,-0.00017192,-0.0260666608810425,3.45016780495644,
307,-0.000171664,-0.0260666608810425,3.28280378878117,
308,-0.000171408,-0.0260666608810425,3.61753182113171,
309,-0.000171152,-0.0260666608810425,3.28280378878117,
310,-0.000170896,-0.0260666608810425,3.28280378878117,
311,-0.00017064,-0.0260666608810425,3.28280378878117,
312,-0.000170384,-0.0260666608810425,3.1154397726059,
313,-0.000170128,-0.0260666608810425,3.45016780495644,
314,-0.000169872,-0.0260666608810425,3.45016780495644,
315,-0.000169616,-0.093012273311615,3.28280378878117,
316,-0.00016936,-0.0260666608810425,3.45016780495644,
317,-0.000169104,-0.0260666608810425,3.28280378878117,
318,-0.000168848,-0.0260666608810425,3.45016780495644,
319,-0.000168592,-0.0260666608810425,3.28280378878117,
320,-0.000168336,-0.093012273311615,3.45016780495644,
321,-0.00016808,0.04087895154953,3.45016780495644,
322,-0.000167824,-0.0260666608810425,3.45016780495644,
323,-0.000167568,-0.0260666608810425,3.28280378878117,
324,-0.000167312,-0.0260666608810425,3.28280378878117,
325,-0.000167056,-0.093012273311615,3.28280378878117,
326,-0.0001668,-0.093012273311615,3.45016780495644,
327,-0.000166544,-0.0260666608810425,3.45016780495644,
328,-0.000166288,-0.0260666608810425,3.45016780495644,
329,-0.000166032,-0.093012273311615,3.28280378878117,
330,-0.000165776,-0.0260666608810425,3.45016780495644,
331,-0.00016552,-0.0260666608810425,3.45016780495644,
332,-0.000165264,-0.093012273311615,3.45016780495644,
333,-0.000165008,-0.0260666608810425,3.78489583730698,
334,-0.000164752,-0.0260666608810425,2.78071174025536,
335,-0.000164496,-0.0260666608810425,3.45016780495644,
336,-0.00016424,-0.0260666608810425,3.45016780495644,
337,-0.000163984,-0.0260666608810425,3.28280378878117,
338,-0.000163728,-0.0260666608810425,3.61753182113171,
339,-0.000163472,-0.0260666608810425,3.45016780495644,
340,-0.000163216,-0.0260666608810425,3.45016780495644,
341,-0.00016296,-0.0260666608810425,3.45016780495644,
342,-0.000162704,-0.0260666608810425,2.61334772408009,
343,-0.000162448,-0.0260666608810425,3.45016780495644,
344,-0.000162192,-0.093012273311615,3.45016780495644,
345,-0.000161936,-0.0260666608810425,3.28280378878117,
346,-0.00016168,-0.0260666608810425,3.45016780495644,
347,-0.000161424,-0.093012273311615,3.45016780495644,
348,-0.000161168,-0.0260666608810425,3.45016780495644,
349,-0.000160912,-0.0260666608810425,3.45016780495644,
350,-0.000160656,-0.0260666608810425,3.45016780495644,
351,-0.0001604,-0.093012273311615,3.28280378878117,
352,-0.000160144,-0.0260666608810425,3.28280378878117,
353,-0.000159888,-0.0260666608810425,3.45016780495644,
354,-0.000159632,-0.0260666608810425,3.28280378878117,
355,-0.000159376,-0.093012273311615,3.45016780495644,
356,-0.00015912,-0.093012273311615,3.45016780495644,
357,-0.000158864,-0.093012273311615,3.28280378878117,
358,-0.000158608,-0.0260666608810425,3.28280378878117,
359,-0.000158352,-0.0260666608810425,3.1154397726059,
360,-0.000158096,-0.0260666608810425,3.1154397726059,
361,-0.00015784,-0.0260666608810425,3.1154397726059,
362,-0.000157584,-0.093012273311615,3.1154397726059,
363,-0.000157328,-0.0260666608810425,3.45016780495644,
364,-0.000157072,-0.0260666608810425,3.1154397726059,
365,-0.000156816,-0.093012273311615,3.28280378878117,
366,-0.00015656,-0.0260666608810425,3.28280378878117,
367,-0.000156304,-0.0260666608810425,3.28280378878117,
368,-0.000156048,-0.093012273311615,3.45016780495644,
369,-0.000155792,-0.0260666608810425,3.28280378878117,
370,-0.000155536,-0.0260666608810425,3.45016780495644,
371,-0.00015528,-0.0260666608810425,3.28280378878117,
372,-0.000155024,-0.0260666608810425,3.1154397726059,
373,-0.000154768,-0.0260666608810425,3.45016780495644,
374,-0.000154512,-0.0260666608810425,3.28280378878117,
375,-0.000154256,-0.0260666608810425,3.28280378878117,
376,-0.000154,-0.093012273311615,3.78489583730698,
377,-0.000153744,-0.0260666608810425,2.94807575643063,
378,-0.000153488,-0.093012273311615,3.28280378878117,
379,-0.000153232,-0.093012273311615,3.45016780495644,
380,-0.000152976,-0.0260666608810425,3.45016780495644,
381,-0.00015272,-0.093012273311615,3.45016780495644,
382,-0.000152464,-0.0260666608810425,3.28280378878117,
383,-0.000152208,-0.0260666608810425,3.45016780495644,
384,-0.000151952,-0.0260666608810425,3.45016780495644,
385,-0.000151696,-0.093012273311615,2.94807575643063,
386,-0.00015144,-0.0260666608810425,3.1154397726059,
387,-0.000151184,-0.0260666608810425,3.45016780495644,
388,-0.000150928,-0.0260666608810425,3.61753182113171,
389,-0.000150672,-0.0260666608810425,3.45016780495644,
390,-0.000150416,-0.0260666608810425,3.45016780495644,
391,-0.00015016,-0.0260666608810425,3.61753182113171,
392,-0.000149904,-0.0260666608810425,3.45016780495644,
393,-0.000149648,-0.0260666608810425,3.28280378878117,
394,-0.000149392,-0.0260666608810425,3.28280378878117,
395,-0.000149136,-0.093012273311615,3.45016780495644,
396,-0.00014888,-0.093012273311615,3.45016780495644,
397,-0.000148624,-0.093012273311615,3.28280378878117,
398,-0.000148368,-0.0260666608810425,3.61753182113171,
399,-0.000148112,-0.093012273311615,3.28280378878117,
400,-0.000147856,-0.0260666608810425,3.45016780495644,
401,-0.0001476,-0.0260666608810425,3.45016780495644,
402,-0.000147344,-0.0260666608810425,2.94807575643063,
403,-0.000147088,-0.0260666608810425,3.45016780495644,
404,-0.000146832,-0.0260666608810425,3.45016780495644,
405,-0.000146576,-0.0260666608810425,3.45016780495644,
406,-0.00014632,-0.0260666608810425,3.61753182113171,
407,-0.000146064,-0.0260666608810425,3.28280378878117,
408,-0.000145808,-0.093012273311615,3.28280378878117,
409,-0.000145552,-0.0260666608810425,3.28280378878117,
410,-0.000145296,-0.0260666608810425,3.45016780495644,
411,-0.00014504,-0.093012273311615,3.45016780495644,
412,-0.000144784,-0.0260666608810425,3.45016780495644,
413,-0.000144528,-0.0260666608810425,3.28280378878117,
414,-0.000144272,-0.0260666608810425,3.28280378878117,
415,-0.000144016,-0.0260666608810425,3.1154397726059,
416,-0.00014376,-0.0260666608810425,3.28280378878117,
417,-0.000143504,-0.0260666608810425,3.45016780495644,
418,-0.000143248,-0.0260666608810425,3.45016780495644,
419,-0.000142992,-0.0260666608810425,3.45016780495644,
420,-0.000142736,-0.0260666608810425,3.1154397726059,
421,-0.00014248,-0.0260666608810425,3.45016780495644,
422,-0.000142224,-0.0260666608810425,3.45016780495644,
423,-0.000141968,-0.0260666608810425,3.45016780495644,
424,-0.000141712,-0.0260666608810425,3.28280378878117,
425,-0.000141456,-0.0260666608810425,3.28280378878117,
426,-0.0001412,-0.093012273311615,3.1154397726059,
427,-0.000140944,-0.0260666608810425,3.28280378878117,
428,-0.000140688,-0.0260666608810425,3.1154397726059,
429,-0.000140432,-0.0260666608810425,3.28280378878117,
430,-0.000140176,-0.0260666608810425,3.28280378878117,
431,-0.00013992,-0.0260666608810425,3.28280378878117,
432,-0.000139664,-0.0260666608810425,3.1154397726059,
433,-0.000139408,-0.0260666608810425,3.28280378878117,
434,-0.000139152,-0.0260666608810425,3.45016780495644,
435,-0.000138896,-0.0260666608810425,3.28280378878117,
436,-0.00013864,-0.093012273311615,3.78489583730698,
437,-0.000138384,-0.0260666608810425,2.94807575643063,
438,-0.000138128,-0.0260666608810425,3.45016780495644,
439,-0.000137872,-0.0260666608810425,3.45016780495644,
440,-0.000137616,-0.093012273311615,3.28280378878117,
441,-0.00013736,-0.0260666608810425,3.45016780495644,
442,-0.000137104,-0.0260666608810425,3.28280378878117,
443,-0.000136848,-0.0260666608810425,3.45016780495644,
444,-0.000136592,-0.0260666608810425,3.45016780495644,
445,-0.000136336,-0.0260666608810425,2.94807575643063,
446,-0.00013608,-0.0260666608810425,3.45016780495644,
447,-0.000135824,-0.093012273311615,3.45016780495644,
448,-0.000135568,-0.0260666608810425,3.28280378878117,
449,-0.000135312,-0.0260666608810425,3.45016780495644,
450,-0.000135056,-0.093012273311615,3.28280378878117,
451,-0.0001348,-0.0260666608810425,3.45016780495644,
452,-0.000134544,-0.0260666608810425,3.28280378878117,
453,-0.000134288,-0.093012273311615,3.45016780495644,
454,-0.000134032,-0.0260666608810425,3.45016780495644,
455,-0.000133776,-0.0260666608810425,3.45016780495644,
456,-0.00013352,-0.0260666608810425,3.45016780495644,
457,-0.000133264,-0.0260666608810425,3.28280378878117,
458,-0.000133008,-0.0260666608810425,3.45016780495644,
459,-0.000132752,-0.0260666608810425,3.61753182113171,
460,-0.000132496,-0.0260666608810425,3.61753182113171,
461,-0.00013224,-0.0260666608810425,3.45016780495644,
462,-0.000131984,-0.0260666608810425,3.1154397726059,
463,-0.000131728,-0.093012273311615,3.45016780495644,
464,-0.000131472,-0.0260666608810425,3.45016780495644,
465,-0.000131216,-0.093012273311615,3.45016780495644,
466,-0.00013096,-0.0260666608810425,3.78489583730698,
467,-0.000130704,-0.0260666608810425,3.45016780495644,
468,-0.000130448,-0.093012273311615,3.61753182113171,
469,-0.000130192,-0.093012273311615,3.45016780495644,
470,-0.000129936,-0.0260666608810425,3.45016780495644,
471,-0.00012968,-0.0260666608810425,3.45016780495644,
472,-0.000129424,-0.0260666608810425,3.28280378878117,
473,-0.000129168,-0.0260666608810425,3.45016780495644,
474,-0.000128912,-0.093012273311615,3.28280378878117,
475,-0.000128656,-0.0260666608810425,3.1154397726059,
476,-0.0001284,-0.0260666608810425,3.45016780495644,
477,-0.000128144,-0.0260666608810425,3.45016780495644,
478,-0.000127888,-0.0260666608810425,3.45016780495644,
479,-0.000127632,-0.0260666608810425,3.78489583730698,
480,-0.000127376,-0.0260666608810425,2.94807575643063,
481,-0.00012712,-0.093012273311615,3.45016780495644,
482,-0.000126864,-0.093012273311615,3.45016780495644,
483,-0.000126608,-0.093012273311615,3.28280378878117,
484,-0.000126352,-0.0260666608810425,3.45016780495644,
485,-0.000126096,-0.0260666608810425,3.28280378878117,
486,-0.00012584,-0.0260666608810425,3.28280378878117,
487,-0.000125584,-0.0260666608810425,3.28280378878117,
488,-0.000125328,-0.0260666608810425,3.1154397726059,
489,-0.000125072,-0.0260666608810425,3.28280378878117,
490,-0.000124816,-0.093012273311615,1.94389165937901,
491,-0.00012456,-0.0260666608810425,-2.90966480970383,
492,-0.000124304,-0.0260666608810425,-3.41175685822964,
493,-0.000124048,-0.0260666608810425,-3.24439284205437,
494,-0.000123792,-0.0260666608810425,-3.24439284205437,
495,-0.000123536,-0.0260666608810425,-3.24439284205437,
496,-0.00012328,-0.0260666608810425,-3.57912087440491,
497,-0.000123024,-0.0260666608810425,-3.24439284205437,
498,-0.000122768,-0.0260666608810425,-3.41175685822964,
499,-0.000122512,-0.0260666608810425,-3.57912087440491,
500,-0.000122256,-0.093012273311615,-3.41175685822964,
501,-0.000122,-0.0260666608810425,-3.74648489058018,
502,-0.000121744,-0.0260666608810425,-3.57912087440491,
503,-0.000121488,-0.093012273311615,-3.41175685822964,
504,-0.000121232,-0.093012273311615,-3.57912087440491,
505,-0.000120976,-0.0260666608810425,-3.24439284205437,
506,-0.00012072,-0.093012273311615,-3.57912087440491,
507,-0.000120464,-0.0260666608810425,-3.57912087440491,
508,-0.000120208,-0.0260666608810425,-3.57912087440491,
509,-0.000119952,-0.093012273311615,-3.91384890675545,
510,-0.000119696,-0.0260666608810425,-3.57912087440491,
511,-0.00011944,-0.093012273311615,-3.57912087440491,
512,-0.000119184,-0.093012273311615,-3.57912087440491,
513,-0.000118928,-0.093012273311615,-3.57912087440491,
514,-0.000118672,-0.0260666608810425,-3.57912087440491,
515,-0.000118416,-0.0260666608810425,-3.41175685822964,
516,-0.00011816,-0.0260666608810425,-3.41175685822964,
517,-0.000117904,-0.0260666608810425,-3.41175685822964,
518,-0.000117648,-0.0260666608810425,-3.24439284205437,
519,-0.000117392,-0.0260666608810425,-3.41175685822964,
520,-0.000117136,-0.0260666608810425,-3.41175685822964,
521,-0.00011688,-0.093012273311615,-3.41175685822964,
522,-0.000116624,-0.093012273311615,-3.57912087440491,
523,-0.000116368,-0.093012273311615,-3.41175685822964,
524,-0.000116112,-0.0260666608810425,-3.57912087440491,
525,-0.000115856,-0.093012273311615,-3.57912087440491,
526,-0.0001156,-0.0260666608810425,-3.57912087440491,
527,-0.000115344,-0.0260666608810425,-3.57912087440491,
528,-0.000115088,-0.0260666608810425,-3.57912087440491,
529,-0.000114832,-0.093012273311615,-3.74648489058018,
530,-0.000114576,-0.0260666608810425,-3.57912087440491,
531,-0.00011432,-0.0260666608810425,-3.41175685822964,
532,-0.000114064,-0.0260666608810425,-3.41175685822964,
533,-0.000113808,-0.0260666608810425,-3.41175685822964,
534,-0.000113552,-0.0260666608810425,-3.57912087440491,
535,-0.000113296,-0.0260666608810425,-3.24439284205437,
536,-0.00011304,-0.0260666608810425,-3.41175685822964,
537,-0.000112784,-0.0260666608810425,-3.57912087440491,
538,-0.000112528,-0.0260666608810425,-3.41175685822964,
539,-0.000112272,-0.0260666608810425,-3.74648489058018,
540,-0.000112016,-0.0260666608810425,-3.24439284205437,
541,-0.00011176,-0.0260666608810425,-3.41175685822964,
542,-0.000111504,-0.0260666608810425,-3.57912087440491,
543,-0.000111248,-0.0260666608810425,-3.24439284205437,
544,-0.000110992,-0.0260666608810425,-3.57912087440491,
545,-0.000110736,-0.0260666608810425,-3.57912087440491,
546,-0.00011048,-0.0260666608810425,-3.41175685822964,
547,-0.000110224,-0.0260666608810425,-3.57912087440491,
548,-0.000109968,-0.0260666608810425,-2.90966480970383,
549,-0.000109712,-0.0260666608810425,-3.57912087440491,
550,-0.000109456,-0.0260666608810425,-3.57912087440491,
551,-0.0001092,-0.0260666608810425,-3.41175685822964,
552,-0.000108944,-0.0260666608810425,-3.74648489058018,
553,-0.000108688,-0.0260666608810425,-3.41175685822964,
554,-0.000108432,-0.0260666608810425,-3.41175685822964,
555,-0.000108176,-0.0260666608810425,-3.41175685822964,
556,-0.00010792,-0.0260666608810425,-3.41175685822964,
557,-0.000107664,-0.0260666608810425,-3.41175685822964,
558,-0.000107408,-0.0260666608810425,-3.41175685822964,
559,-0.000107152,-0.0260666608810425,-3.41175685822964,
560,-0.000106896,-0.0260666608810425,-3.24439284205437,
561,-0.00010664,-0.0260666608810425,-3.41175685822964,
562,-0.000106384,-0.0260666608810425,-3.41175685822964,
563,-0.000106128,-0.0260666608810425,-3.41175685822964,
564,-0.000105872,-0.0260666608810425,-3.57912087440491,
565,-0.000105616,-0.0260666608810425,-3.24439284205437,
566,-0.00010536,-0.0260666608810425,-3.41175685822964,
567,-0.000105104,-0.0260666608810425,-3.57912087440491,
568,-0.000104848,-0.093012273311615,-3.41175685822964,
569,-0.000104592,-0.093012273311615,-3.74648489058018,
570,-0.000104336,-0.0260666608810425,-3.57912087440491,
571,-0.00010408,-0.093012273311615,-3.57912087440491,
572,-0.000103824,-0.0260666608810425,-3.57912087440491,
573,-0.000103568,-0.093012273311615,-3.57912087440491,
574,-0.000103312,-0.0260666608810425,-3.57912087440491,
575,-0.000103056,-0.0260666608810425,-3.24439284205437,
576,-0.0001028,-0.0260666608810425,-3.41175685822964,
577,-0.000102544,-0.0260666608810425,-3.57912087440491,
578,-0.000102288,-0.093012273311615,-3.41175685822964,
579,-0.000102032,-0.0260666608810425,-3.57912087440491,
580,-0.000101776,-0.0260666608810425,-3.57912087440491,
581,-0.00010152,-0.0260666608810425,-3.41175685822964,
582,-0.000101264,-0.0260666608810425,-3.74648489058018,
583,-0.000101008,-0.0260666608810425,-3.0770288258791,
584,-0.000100752,-0.0260666608810425,-3.41175685822964,
585,-0.000100496,-0.0260666608810425,-3.57912087440491,
586,-0.00010024,-0.0260666608810425,-3.57912087440491,
587,-9.9984E-05,-0.0260666608810425,-3.74648489058018,
588,-9.9728E-05,-0.0260666608810425,-2.07284472882748,
589,-9.9472E-05,-0.0260666608810425,2.94807575643063,
590,-9.9216E-05,-0.0260666608810425,3.1154397726059,
591,-9.896E-05,-0.0260666608810425,3.45016780495644,
592,-9.8704E-05,-0.0260666608810425,3.1154397726059,
593,-9.8448E-05,-0.0260666608810425,3.28280378878117,
594,-9.8192E-05,-0.0260666608810425,3.28280378878117,
595,-9.7936E-05,-0.0260666608810425,3.45016780495644,
596,-9.768E-05,-0.0260666608810425,3.45016780495644,
597,-9.7424E-05,-0.093012273311615,3.45016780495644,
598,-9.7168E-05,-0.0260666608810425,3.45016780495644,
599,-9.6912E-05,-0.0260666608810425,3.28280378878117,
600,-9.6656E-05,-0.0260666608810425,3.45016780495644,
601,-9.64E-05,-0.093012273311615,3.45016780495644,
602,-9.6144E-05,-0.0260666608810425,3.28280378878117,
603,-9.5888E-05,-0.0260666608810425,3.61753182113171,
604,-9.5632E-05,-0.0260666608810425,3.28280378878117,
605,-9.5376E-05,-0.0260666608810425,3.28280378878117,
606,-9.512E-05,-0.093012273311615,3.45016780495644,
607,-9.4864E-05,-0.093012273311615,3.45016780495644,
608,-9.4608E-05,-0.0260666608810425,3.78489583730698,
609,-9.4352E-05,-0.093012273311615,3.45016780495644,
610,-9.4096E-05,-0.0260666608810425,3.28280378878117,
611,-9.384E-05,-0.093012273311615,3.28280378878117,
612,-9.3584E-05,-0.0260666608810425,3.1154397726059,
613,-9.3328E-05,-0.0260666608810425,3.45016780495644,
614,-9.3072E-05,-0.0260666608810425,3.45016780495644,
615,-9.2816E-05,-0.0260666608810425,3.45016780495644,
616,-9.256E-05,-0.0260666608810425,3.45016780495644,
617,-9.2304E-05,-0.093012273311615,3.1154397726059,
618,-9.2048E-05,-0.0260666608810425,3.45016780495644,
619,-9.1792E-05,-0.0260666608810425,3.45016780495644,
620,-9.1536E-05,-0.0260666608810425,3.45016780495644,
621,-9.128E-05,-0.0260666608810425,3.61753182113171,
622,-9.1024E-05,-0.0260666608810425,3.45016780495644,
623,-9.0768E-05,-0.0260666608810425,3.45016780495644,
624,-9.0512E-05,-0.0260666608810425,3.45016780495644,
625,-9.0256E-05,-0.0260666608810425,3.45016780495644,
626,-9E-05,-0.093012273311615,3.61753182113171,
627,-8.9744E-05,-0.0260666608810425,3.45016780495644,
628,-8.9488E-05,-0.0260666608810425,3.45016780495644,
629,-8.9232E-05,-0.0260666608810425,3.61753182113171,
630,-8.8976E-05,-0.0260666608810425,3.45016780495644,
631,-8.872E-05,-0.0260666608810425,3.61753182113171,
632,-8.8464E-05,-0.0260666608810425,3.45016780495644,
633,-8.8208E-05,-0.0260666608810425,3.45016780495644,
634,-8.7952E-05,-0.0260666608810425,3.45016780495644,
635,-8.7696E-05,-0.0260666608810425,3.45016780495644,
636,-8.744E-05,-0.0260666608810425,3.45016780495644,
637,-8.7184E-05,-0.0260666608810425,3.45016780495644,
638,-8.6928E-05,-0.093012273311615,3.45016780495644,
639,-8.6672E-05,0.04087895154953,3.45016780495644,
640,-8.6416E-05,0.04087895154953,3.28280378878117,
641,-8.616E-05,-0.093012273311615,3.28280378878117,
642,-8.5904E-05,-0.0260666608810425,3.1154397726059,
643,-8.5648E-05,-0.0260666608810425,3.45016780495644,
644,-8.5392E-05,-0.0260666608810425,3.45016780495644,
645,-8.5136E-05,-0.0260666608810425,3.1154397726059,
646,-8.488E-05,-0.093012273311615,3.45016780495644,
647,-8.4624E-05,-0.0260666608810425,3.28280378878117,
648,-8.4368E-05,-0.0260666608810425,3.45016780495644,
649,-8.4112E-05,-0.0260666608810425,3.28280378878117,
650,-8.3856E-05,-0.0260666608810425,3.45016780495644,
651,-8.36E-05,-0.093012273311615,3.78489583730698,
652,-8.3344E-05,-0.093012273311615,3.28280378878117,
653,-8.3088E-05,-0.0260666608810425,3.28280378878117,
654,-8.2832E-05,-0.0260666608810425,3.28280378878117,
655,-8.2576E-05,-0.0260666608810425,2.94807575643063,
656,-8.232E-05,-0.0260666608810425,3.28280378878117,
657,-8.2064E-05,-0.093012273311615,3.28280378878117,
658,-8.1808E-05,-0.093012273311615,3.45016780495644,
659,-8.1552E-05,0.04087895154953,3.28280378878117,
660,-8.1296E-05,-0.0260666608810425,3.1154397726059,
661,-8.104E-05,-0.0260666608810425,3.45016780495644,
662,-8.0784E-05,-0.0260666608810425,3.1154397726059,
663,-8.0528E-05,-0.0260666608810425,3.45016780495644,
664,-8.0272E-05,-0.093012273311615,3.45016780495644,
665,-8.0016E-05,-0.0260666608810425,3.28280378878117,
666,-7.976E-05,-0.0260666608810425,3.45016780495644,
667,-7.9504E-05,-0.0260666608810425,3.45016780495644,
668,-7.9248E-05,-0.0260666608810425,3.61753182113171,
669,-7.8992E-05,-0.093012273311615,3.45016780495644,
670,-7.8736E-05,-0.093012273311615,3.45016780495644,
671,-7.848E-05,-0.0260666608810425,3.45016780495644,
672,-7.8224E-05,-0.0260666608810425,3.1154397726059,
673,-7.7968E-05,-0.0260666608810425,3.45016780495644,
674,-7.7712E-05,-0.0260666608810425,3.45016780495644,
675,-7.7456E-05,-0.093012273311615,3.45016780495644,
676,-7.72E-05,-0.093012273311615,3.45016780495644,
677,-7.6944E-05,-0.0260666608810425,3.45016780495644,
678,-7.6688E-05,-0.093012273311615,3.45016780495644,
679,-7.6432E-05,-0.0260666608810425,3.45016780495644,
680,-7.6176E-05,-0.093012273311615,3.45016780495644,
681,-7.592E-05,-0.0260666608810425,3.45016780495644,
682,-7.5664E-05,-0.0260666608810425,3.28280378878117,
683,-7.5408E-05,-0.093012273311615,3.45016780495644,
684,-7.5152E-05,-0.093012273311615,3.45016780495644,
685,-7.4896E-05,-0.093012273311615,3.28280378878117,
686,-7.464E-05,-0.0260666608810425,-2.07284472882748,
687,-7.4384E-05,-0.093012273311615,-3.57912087440491,
688,-7.4128E-05,-0.0260666608810425,-3.57912087440491,
689,-7.3872E-05,-0.0260666608810425,-3.74648489058018,
690,-7.3616E-05,-0.0260666608810425,-3.41175685822964,
691,-7.336E-05,-0.0260666608810425,-3.41175685822964,
692,-7.3104E-05,-0.0260666608810425,-3.57912087440491,
693,-7.2848E-05,-0.093012273311615,-3.57912087440491,
694,-7.2592E-05,-0.0260666608810425,-3.91384890675545,
695,-7.2336E-05,-0.0260666608810425,-3.57912087440491,
696,-7.208E-05,-0.0260666608810425,-3.41175685822964,
697,-7.1824E-05,-0.0260666608810425,-3.57912087440491,
698,-7.1568E-05,-0.0260666608810425,-3.41175685822964,
699,-7.1312E-05,-0.0260666608810425,-3.57912087440491,
700,-7.1056E-05,-0.093012273311615,-3.57912087440491,
701,-7.08E-05,-0.0260666608810425,-3.57912087440491,
702,-7.0544E-05,-0.093012273311615,-3.24439284205437,
703,-7.0288E-05,-0.093012273311615,-3.57912087440491,
704,-7.0032E-05,-0.0260666608810425,-3.57912087440491,
705,-6.9776E-05,-0.0260666608810425,-3.57912087440491,
706,-6.952E-05,-0.0260666608810425,-3.74648489058018,
707,-6.9264E-05,-0.093012273311615,-3.41175685822964,
708,-6.9008E-05,-0.0260666608810425,-3.57912087440491,
709,-6.8752E-05,-0.0260666608810425,-3.41175685822964,
710,-6.8496E-05,0.04087895154953,-3.57912087440491,
711,-6.824E-05,-0.0260666608810425,-3.74648489058018,
712,-6.7984E-05,-0.093012273311615,-3.57912087440491,
713,-6.7728E-05,-0.0260666608810425,-3.41175685822964,
714,-6.7472E-05,-0.0260666608810425,-3.57912087440491,
715,-6.7216E-05,-0.093012273311615,-3.24439284205437,
716,-6.696E-05,-0.0260666608810425,-3.57912087440491,
717,-6.6704E-05,-0.0260666608810425,-3.57912087440491,
718,-6.6448E-05,-0.0260666608810425,-3.41175685822964,
719,-6.6192E-05,-0.093012273311615,-3.57912087440491,
720,-6.5936E-05,-0.0260666608810425,-3.24439284205437,
721,-6.568E-05,-0.0260666608810425,-3.41175685822964,
722,-6.5424E-05,-0.093012273311615,-3.41175685822964,
723,-6.5168E-05,-0.0260666608810425,-3.41175685822964,
724,-6.4912E-05,-0.0260666608810425,-3.41175685822964,
725,-6.4656E-05,-0.0260666608810425,-3.57912087440491,
726,-6.44E-05,-0.0260666608810425,-3.41175685822964,
727,-6.4144E-05,-0.0260666608810425,-3.41175685822964,
728,-6.3888E-05,-0.0260666608810425,-3.41175685822964,
729,-6.3632E-05,-0.093012273311615,-3.74648489058018,
730,-6.3376E-05,-0.0260666608810425,-3.41175685822964,
731,-6.312E-05,-0.0260666608810425,-3.57912087440491,
732,-6.2864E-05,-0.0260666608810425,-3.41175685822964,
733,-6.2608E-05,-0.0260666608810425,-3.41175685822964,
734,-6.2352E-05,-0.0260666608810425,-3.57912087440491,
735,-6.2096E-05,-0.0260666608810425,-3.57912087440491,
736,-6.184E-05,-0.093012273311615,-3.41175685822964,
737,-6.1584E-05,-0.0260666608810425,-3.74648489058018,
738,-6.1328E-05,-0.0260666608810425,-3.41175685822964,
739,-6.1072E-05,-0.0260666608810425,-3.74648489058018,
740,-6.0816E-05,-0.093012273311615,-3.74648489058018,
741,-6.056E-05,-0.0260666608810425,-3.57912087440491,
742,-6.0304E-05,-0.0260666608810425,-3.57912087440491,
743,-6.0048E-05,-0.0260666608810425,-3.57912087440491,
744,-5.9792E-05,-0.0260666608810425,-3.57912087440491,
745,-5.9536E-05,-0.0260666608810425,-3.24439284205437,
746,-5.928E-05,-0.0260666608810425,-3.91384890675545,
747,-5.9024E-05,-0.0260666608810425,-3.57912087440491,
748,-5.8768E-05,-0.093012273311615,-3.57912087440491,
749,-5.8512E-05,-0.0260666608810425,-3.57912087440491,
750,-5.8256E-05,-0.0260666608810425,-3.41175685822964,
751,-5.8E-05,-0.0260666608810425,-3.57912087440491,
752,-5.7744E-05,-0.0260666608810425,-3.57912087440491,
753,-5.7488E-05,-0.0260666608810425,-3.74648489058018,
754,-5.7232E-05,-0.0260666608810425,-4.08121292293072,
755,-5.6976E-05,-0.0260666608810425,-3.57912087440491,
756,-5.672E-05,-0.0260666608810425,-3.41175685822964,
757,-5.6464E-05,-0.0260666608810425,-3.57912087440491,
758,-5.6208E-05,-0.0260666608810425,-3.24439284205437,
759,-5.5952E-05,-0.0260666608810425,-3.57912087440491,
760,-5.5696E-05,-0.0260666608810425,-3.57912087440491,
761,-5.544E-05,-0.0260666608810425,-3.57912087440491,
762,-5.5184E-05,-0.0260666608810425,-3.41175685822964,
763,-5.4928E-05,-0.0260666608810425,-3.24439284205437,
764,-5.4672E-05,-0.0260666608810425,-3.57912087440491,
765,-5.4416E-05,-0.0260666608810425,-3.57912087440491,
766,-5.416E-05,-0.0260666608810425,-3.57912087440491,
767,-5.3904E-05,-0.0260666608810425,-3.57912087440491,
768,-5.3648E-05,-0.0260666608810425,-3.41175685822964,
769,-5.3392E-05,-0.0260666608810425,-3.57912087440491,
770,-5.3136E-05,-0.093012273311615,-3.57912087440491,
771,-5.288E-05,-0.0260666608810425,-3.74648489058018,
772,-5.2624E-05,-0.093012273311615,-3.57912087440491,
773,-5.2368E-05,-0.0260666608810425,-3.57912087440491,
774,-5.2112E-05,-0.0260666608810425,-3.41175685822964,
775,-5.1856E-05,-0.0260666608810425,-3.41175685822964,
776,-5.16E-05,-0.0260666608810425,-3.41175685822964,
777,-5.1344E-05,-0.093012273311615,-3.57912087440491,
778,-5.1088E-05,-0.0260666608810425,-3.41175685822964,
779,-5.0832E-05,-0.0260666608810425,-3.41175685822964,
780,-5.0576E-05,-0.0260666608810425,-3.57912087440491,
781,-5.032E-05,-0.0260666608810425,-3.57912087440491,
782,-5.0064E-05,-0.093012273311615,-3.57912087440491,
783,-4.9808E-05,-0.0260666608810425,-2.40757276117802,
784,-4.9552E-05,-0.0260666608810425,-3.24439284205437,
785,-4.9296E-05,-0.093012273311615,-3.57912087440491,
786,-4.904E-05,-0.0260666608810425,-3.41175685822964,
787,-4.8784E-05,-0.0260666608810425,-3.41175685822964,
788,-4.8528E-05,-0.093012273311615,-3.24439284205437,
789,-4.8272E-05,-0.093012273311615,-3.57912087440491,
790,-4.8016E-05,-0.0260666608810425,-3.41175685822964,
791,-4.776E-05,-0.0260666608810425,-3.41175685822964,
792,-4.7504E-05,-0.093012273311615,-3.74648489058018,
793,-4.7248E-05,-0.0260666608810425,-3.24439284205437,
794,-4.6992E-05,-0.0260666608810425,-3.57912087440491,
795,-4.6736E-05,-0.0260666608810425,-3.41175685822964,
796,-4.648E-05,-0.0260666608810425,-3.57912087440491,
797,-4.6224E-05,-0.0260666608810425,-3.91384890675545,
798,-4.5968E-05,-0.093012273311615,-3.57912087440491,
799,-4.5712E-05,-0.0260666608810425,-3.57912087440491,
800,-4.5456E-05,-0.0260666608810425,-3.57912087440491,
801,-4.52E-05,-0.0260666608810425,-3.24439284205437,
802,-4.4944E-05,-0.0260666608810425,-3.57912087440491,
803,-4.4688E-05,-0.0260666608810425,-3.41175685822964,
804,-4.4432E-05,-0.093012273311615,-3.57912087440491,
805,-4.4176E-05,-0.0260666608810425,-3.41175685822964,
806,-4.392E-05,-0.0260666608810425,-3.57912087440491,
807,-4.3664E-05,-0.0260666608810425,-3.57912087440491,
808,-4.3408E-05,-0.0260666608810425,-3.57912087440491,
809,-4.3152E-05,-0.0260666608810425,-3.91384890675545,
810,-4.2896E-05,-0.093012273311615,-3.41175685822964,
811,-4.264E-05,-0.0260666608810425,-3.41175685822964,
812,-4.2384E-05,-0.0260666608810425,-3.41175685822964,
813,-4.2128E-05,-0.0260666608810425,-3.57912087440491,
814,-4.1872E-05,-0.0260666608810425,-3.91384890675545,
815,-4.1616E-05,-0.0260666608810425,-3.57912087440491,
816,-4.136E-05,-0.0260666608810425,-3.57912087440491,
817,-4.1104E-05,-0.0260666608810425,-3.74648489058018,
818,-4.0848E-05,-0.0260666608810425,-3.41175685822964,
819,-4.0592E-05,-0.093012273311615,-3.57912087440491,
820,-4.0336E-05,-0.159957885742188,-3.57912087440491,
821,-4.008E-05,-0.0260666608810425,-3.41175685822964,
822,-3.9824E-05,-0.0260666608810425,-3.41175685822964,
823,-3.9568E-05,-0.093012273311615,-3.41175685822964,
824,-3.9312E-05,-0.0260666608810425,-3.57912087440491,
825,-3.9056E-05,-0.0260666608810425,-3.57912087440491,
826,-3.88E-05,-0.0260666608810425,-3.74648489058018,
827,-3.8544E-05,-0.0260666608810425,-3.41175685822964,
828,-3.8288E-05,-0.0260666608810425,-3.57912087440491,
829,-3.8032E-05,-0.0260666608810425,-3.57912087440491,
830,-3.7776E-05,-0.0260666608810425,-3.57912087440491,
831,-3.752E-05,-0.0260666608810425,-3.57912087440491,
832,-3.7264E-05,-0.093012273311615,-3.57912087440491,
833,-3.7008E-05,-0.0260666608810425,-3.41175685822964,
834,-3.6752E-05,-0.0260666608810425,-3.41175685822964,
835,-3.6496E-05,-0.0260666608810425,-3.41175685822964,
836,-3.624E-05,-0.0260666608810425,-3.24439284205437,
837,-3.5984E-05,-0.093012273311615,-3.57912087440491,
838,-3.5728E-05,0.04087895154953,-3.41175685822964,
839,-3.5472E-05,-0.0260666608810425,-3.57912087440491,
840,-3.5216E-05,-0.0260666608810425,-3.91384890675545,
841,-3.496E-05,-0.093012273311615,-3.41175685822964,
842,-3.4704E-05,-0.0260666608810425,-3.57912087440491,
843,-3.4448E-05,-0.0260666608810425,-3.57912087440491,
844,-3.4192E-05,-0.0260666608810425,-3.57912087440491,
845,-3.3936E-05,-0.093012273311615,-3.57912087440491,
846,-3.368E-05,-0.093012273311615,-3.57912087440491,
847,-3.3424E-05,-0.093012273311615,-3.41175685822964,
848,-3.3168E-05,-0.0260666608810425,-3.0770288258791,
849,-3.2912E-05,-0.0260666608810425,-3.41175685822964,
850,-3.2656E-05,-0.0260666608810425,-3.41175685822964,
851,-3.24E-05,-0.0260666608810425,-3.41175685822964,
852,-3.2144E-05,-0.0260666608810425,-3.91384890675545,
853,-3.1888E-05,-0.093012273311615,-3.57912087440491,
854,-3.1632E-05,-0.0260666608810425,-3.41175685822964,
855,-3.1376E-05,-0.0260666608810425,-3.57912087440491,
856,-3.112E-05,-0.0260666608810425,-3.41175685822964,
857,-3.0864E-05,-0.0260666608810425,-3.91384890675545,
858,-3.0608E-05,-0.0260666608810425,-3.41175685822964,
859,-3.0352E-05,-0.0260666608810425,-3.41175685822964,
860,-3.0096E-05,-0.0260666608810425,-3.57912087440491,
861,-2.984E-05,-0.093012273311615,-3.24439284205437,
862,-2.9584E-05,-0.0260666608810425,-3.57912087440491,
863,-2.9328E-05,-0.093012273311615,-3.57912087440491,
864,-2.9072E-05,-0.0260666608810425,-3.24439284205437,
865,-2.8816E-05,-0.0260666608810425,-3.41175685822964,
866,-2.856E-05,-0.0260666608810425,-3.41175685822964,
867,-2.8304E-05,-0.0260666608810425,-3.41175685822964,
868,-2.8048E-05,-0.0260666608810425,-3.74648489058018,
869,-2.7792E-05,-0.0260666608810425,-3.74648489058018,
870,-2.7536E-05,-0.0260666608810425,-3.57912087440491,
871,-2.728E-05,-0.0260666608810425,-3.41175685822964,
872,-2.7024E-05,-0.0260666608810425,-3.41175685822964,
873,-2.6768E-05,-0.0260666608810425,-3.57912087440491,
874,-2.6512E-05,-0.093012273311615,-3.74648489058018,
875,-2.6256E-05,-0.093012273311615,-3.57912087440491,
876,-2.6E-05,-0.0260666608810425,-3.57912087440491,
877,-2.5744E-05,-0.0260666608810425,-3.57912087440491,
878,-2.5488E-05,-0.0260666608810425,-3.41175685822964,
879,-2.5232E-05,-0.0260666608810425,-3.41175685822964,
880,-2.4976E-05,-0.093012273311615,-3.57912087440491,
881,-2.472E-05,-0.093012273311615,-0.0644765347242355,
882,-2.4464E-05,-0.0260666608810425,3.45016780495644,
883,-2.4208E-05,-0.0260666608810425,3.45016780495644,
884,-2.3952E-05,-0.0260666608810425,3.45016780495644,
885,-2.3696E-05,-0.0260666608810425,3.61753182113171,
886,-2.344E-05,-0.0260666608810425,3.28280378878117,
887,-2.3184E-05,-0.0260666608810425,3.45016780495644,
888,-2.2928E-05,-0.093012273311615,3.28280378878117,
889,-2.2672E-05,-0.0260666608810425,3.45016780495644,
890,-2.2416E-05,-0.0260666608810425,3.45016780495644,
891,-2.216E-05,-0.0260666608810425,3.1154397726059,
892,-2.1904E-05,-0.0260666608810425,3.78489583730698,
893,-2.1648E-05,-0.0260666608810425,3.45016780495644,
894,-2.1392E-05,-0.0260666608810425,3.45016780495644,
895,-2.1136E-05,-0.0260666608810425,3.45016780495644,
896,-2.088E-05,-0.093012273311615,3.28280378878117,
897,-2.0624E-05,0.04087895154953,3.28280378878117,
898,-2.0368E-05,-0.0260666608810425,3.45016780495644,
899,-2.0112E-05,-0.0260666608810425,3.45016780495644,
900,-1.9856E-05,-0.0260666608810425,3.78489583730698,
901,-1.96E-05,0.04087895154953,3.45016780495644,
902,-1.9344E-05,-0.0260666608810425,3.28280378878117,
903,-1.9088E-05,-0.0260666608810425,3.28280378878117,
904,-1.8832E-05,-0.093012273311615,3.28280378878117,
905,-1.8576E-05,-0.0260666608810425,3.45016780495644,
906,-1.832E-05,-0.0260666608810425,3.28280378878117,
907,-1.8064E-05,-0.093012273311615,3.45016780495644,
908,-1.7808E-05,-0.0260666608810425,3.1154397726059,
909,-1.7552E-05,-0.0260666608810425,3.1154397726059,
910,-1.7296E-05,-0.0260666608810425,3.28280378878117,
911,-1.704E-05,-0.0260666608810425,3.45016780495644,
912,-1.6784E-05,-0.0260666608810425,3.28280378878117,
913,-1.6528E-05,-0.093012273311615,3.1154397726059,
914,-1.6272E-05,-0.0260666608810425,3.1154397726059,
915,-1.6016E-05,-0.0260666608810425,3.28280378878117,
916,-1.576E-05,-0.0260666608810425,3.28280378878117,
917,-1.5504E-05,-0.0260666608810425,3.61753182113171,
918,-1.5248E-05,-0.093012273311615,3.28280378878117,
919,-1.4992E-05,-0.0260666608810425,3.1154397726059,
920,-1.4736E-05,-0.0260666608810425,3.45016780495644,
921,-1.448E-05,-0.0260666608810425,3.1154397726059,
922,-1.4224E-05,-0.0260666608810425,3.45016780495644,
923,-1.3968E-05,-0.093012273311615,3.28280378878117,
924,-1.3712E-05,-0.0260666608810425,3.1154397726059,
925,-1.3456E-05,-0.0260666608810425,3.28280378878117,
926,-1.32E-05,-0.093012273311615,3.1154397726059,
927,-1.2944E-05,-0.0260666608810425,3.45016780495644,
928,-1.2688E-05,-0.093012273311615,3.28280378878117,
929,-1.2432E-05,-0.093012273311615,3.45016780495644,
930,-1.2176E-05,-0.0260666608810425,3.45016780495644,
931,-1.192E-05,-0.0260666608810425,3.45016780495644,
932,-1.1664E-05,0.04087895154953,3.45016780495644,
933,-1.1408E-05,-0.0260666608810425,3.28280378878117,
934,-1.1152E-05,-0.0260666608810425,3.28280378878117,
935,-1.0896E-05,-0.0260666608810425,3.61753182113171,
936,-1.064E-05,-0.093012273311615,3.28280378878117,
937,-1.0384E-05,-0.0260666608810425,3.28280378878117,
938,-1.0128E-05,-0.0260666608810425,3.28280378878117,
939,-9.87199999999999E-06,-0.093012273311615,3.28280378878117,
940,-9.616E-06,-0.0260666608810425,3.45016780495644,
941,-9.35999999999998E-06,-0.093012273311615,3.45016780495644,
942,-9.10399999999999E-06,-0.093012273311615,3.45016780495644,
943,-8.84799999999999E-06,-0.0260666608810425,3.78489583730698,
944,-8.592E-06,-0.0260666608810425,3.1154397726059,
945,-8.33599999999998E-06,-0.0260666608810425,3.45016780495644,
946,-8.07999999999999E-06,-0.093012273311615,3.61753182113171,
947,-7.824E-06,-0.0260666608810425,3.45016780495644,
948,-7.56799999999998E-06,-0.0260666608810425,3.61753182113171,
949,-7.31199999999999E-06,-0.0260666608810425,3.45016780495644,
950,-7.05599999999999E-06,-0.0260666608810425,3.45016780495644,
951,-6.8E-06,-0.093012273311615,3.1154397726059,
952,-6.54399999999998E-06,-0.0260666608810425,3.45016780495644,
953,-6.28799999999999E-06,-0.093012273311615,3.61753182113171,
954,-6.032E-06,-0.0260666608810425,3.45016780495644,
955,-5.77599999999998E-06,-0.0260666608810425,3.61753182113171,
956,-5.52000000000001E-06,-0.0260666608810425,3.45016780495644,
957,-5.264E-06,-0.093012273311615,3.28280378878117,
958,-5.00799999999998E-06,-0.093012273311615,3.45016780495644,
959,-4.75200000000001E-06,-0.0260666608810425,3.45016780495644,
960,-4.49599999999999E-06,-0.093012273311615,3.78489583730698,
961,-4.23999999999997E-06,-0.093012273311615,3.28280378878117,
962,-3.98400000000001E-06,-0.0260666608810425,3.28280378878117,
963,-3.72799999999999E-06,-0.0260666608810425,3.61753182113171,
964,-3.47199999999997E-06,-0.0260666608810425,3.28280378878117,
965,-3.216E-06,-0.093012273311615,3.45016780495644,
966,-2.95999999999999E-06,-0.0260666608810425,3.45016780495644,
967,-2.70399999999997E-06,-0.0260666608810425,3.45016780495644,
968,-2.448E-06,-0.0260666608810425,3.45016780495644,
969,-2.19199999999998E-06,-0.0260666608810425,3.28280378878117,
970,-1.93600000000002E-06,-0.0260666608810425,3.45016780495644,
971,-1.68E-06,-0.0260666608810425,3.45016780495644,
972,-1.42399999999998E-06,-0.0260666608810425,3.45016780495644,
973,-1.16800000000001E-06,-0.0260666608810425,3.45016780495644,
974,-9.11999999999994E-07,-0.0260666608810425,3.1154397726059,
975,-6.55999999999975E-07,-0.093012273311615,3.45016780495644,
976,-4.0000000000001E-07,-0.093012273311615,3.45016780495644,
977,-1.4399999999999E-07,-0.0260666608810425,3.45016780495644,
978,1.12000000000029E-07,3.18732273578644,3.28280378878117,
979,3.67999999999994E-07,3.18732273578644,-0.901296615600586,
980,6.24000000000013E-07,3.18732273578644,-3.57912087440491,
981,8.80000000000032E-07,3.18732273578644,-3.91384890675545,
982,1.136E-06,3.18732273578644,-3.57912087440491,
983,1.39200000000002E-06,3.18732273578644,-3.57912087440491,
984,1.64800000000004E-06,3.25426834821701,-3.41175685822964,
985,1.904E-06,3.18732273578644,-3.57912087440491,
986,2.16000000000002E-06,3.18732273578644,-3.57912087440491,
987,2.41599999999999E-06,3.18732273578644,-3.41175685822964,
988,2.672E-06,3.18732273578644,-3.57912087440491,
989,2.92800000000002E-06,3.25426834821701,-3.57912087440491,
990,3.18399999999999E-06,3.18732273578644,-3.24439284205437,
991,3.44000000000001E-06,3.18732273578644,-3.57912087440491,
992,3.69600000000003E-06,3.25426834821701,-3.57912087440491,
993,3.95199999999999E-06,3.25426834821701,-3.41175685822964,
994,4.20800000000001E-06,3.18732273578644,-3.74648489058018,
995,4.46400000000003E-06,3.25426834821701,-2.90966480970383,
996,4.72E-06,3.18732273578644,-3.41175685822964,
997,4.97600000000001E-06,3.25426834821701,-3.57912087440491,
998,5.23200000000003E-06,3.25426834821701,-3.41175685822964,
999,5.488E-06,3.25426834821701,-3.57912087440491,
1000,5.74400000000002E-06,3.25426834821701,-3.57912087440491,
1001,6.00000000000004E-06,3.25426834821701,-3.41175685822964,
1002,6.256E-06,3.25426834821701,-3.57912087440491,
1003,6.51200000000002E-06,3.18732273578644,-2.90966480970383,
1004,6.76799999999999E-06,3.25426834821701,-3.57912087440491,
1005,7.02400000000001E-06,3.25426834821701,-3.57912087440491,
1006,7.28000000000003E-06,3.18732273578644,-3.41175685822964,
1007,7.53599999999999E-06,3.18732273578644,-3.57912087440491,
1008,7.79200000000001E-06,3.18732273578644,-3.41175685822964,
1009,8.04800000000003E-06,3.18732273578644,-3.41175685822964,
1010,8.30399999999999E-06,3.18732273578644,-3.57912087440491,
1011,8.56000000000001E-06,3.18732273578644,-3.57912087440491,
1012,8.81600000000003E-06,3.25426834821701,-3.41175685822964,
1013,9.072E-06,3.25426834821701,-3.24439284205437,
1014,9.32800000000002E-06,3.18732273578644,-3.24439284205437,
1015,9.58400000000004E-06,3.18732273578644,-3.24439284205437,
1016,9.84E-06,3.18732273578644,-3.41175685822964,
1017,1.0096E-05,3.25426834821701,-3.41175685822964,
1018,1.0352E-05,3.25426834821701,-3.41175685822964,
1019,1.0608E-05,3.25426834821701,-3.41175685822964,
1020,1.0864E-05,3.25426834821701,-3.24439284205437,
1021,1.112E-05,3.18732273578644,-3.57912087440491,
1022,1.1376E-05,3.25426834821701,-3.41175685822964,
1023,1.1632E-05,3.25426834821701,-3.57912087440491,
1024,1.1888E-05,3.25426834821701,-3.74648489058018,
1025,1.2144E-05,3.25426834821701,-3.57912087440491,
1026,1.24E-05,3.18732273578644,-3.57912087440491,
1027,1.2656E-05,3.25426834821701,-3.57912087440491,
1028,1.2912E-05,3.25426834821701,-3.41175685822964,
1029,1.3168E-05,3.18732273578644,-3.74648489058018,
1030,1.3424E-05,3.18732273578644,-3.24439284205437,
1031,1.368E-05,3.18732273578644,-3.57912087440491,
1032,1.3936E-05,3.12037712335587,-3.57912087440491,
1033,1.4192E-05,3.25426834821701,-3.24439284205437,
1034,1.4448E-05,3.18732273578644,-3.57912087440491,
1035,1.4704E-05,3.25426834821701,-3.57912087440491,
1036,1.496E-05,3.25426834821701,-3.41175685822964,
1037,1.5216E-05,3.25426834821701,-3.74648489058018,
1038,1.5472E-05,3.18732273578644,-2.74230079352856,
1039,1.5728E-05,3.18732273578644,-3.41175685822964,
1040,1.5984E-05,3.25426834821701,-3.57912087440491,
1041,1.624E-05,3.25426834821701,-3.57912087440491,
1042,1.6496E-05,3.18732273578644,-3.57912087440491,
1043,1.6752E-05,3.25426834821701,-3.41175685822964,
1044,1.7008E-05,3.25426834821701,-3.57912087440491,
1045,1.7264E-05,3.18732273578644,-3.57912087440491,
1046,1.752E-05,3.18732273578644,-3.24439284205437,
1047,1.7776E-05,3.25426834821701,-3.57912087440491,
1048,1.8032E-05,3.18732273578644,-3.57912087440491,
1049,1.8288E-05,3.18732273578644,-3.57912087440491,
1050,1.8544E-05,3.25426834821701,-3.57912087440491,
1051,1.88E-05,3.25426834821701,-3.41175685822964,
1052,1.9056E-05,3.25426834821701,-3.57912087440491,
1053,1.9312E-05,3.18732273578644,-3.57912087440491,
1054,1.9568E-05,3.25426834821701,-3.74648489058018,
1055,1.9824E-05,3.18732273578644,-3.41175685822964,
1056,2.008E-05,3.12037712335587,-3.74648489058018,
1057,2.0336E-05,3.18732273578644,-3.74648489058018,
1058,2.0592E-05,3.18732273578644,-3.41175685822964,
1059,2.0848E-05,3.18732273578644,-3.57912087440491,
1060,2.1104E-05,3.18732273578644,-3.41175685822964,
1061,2.136E-05,3.18732273578644,-3.57912087440491,
1062,2.1616E-05,3.25426834821701,-3.57912087440491,
1063,2.1872E-05,3.25426834821701,-2.90966480970383,
1064,2.2128E-05,3.18732273578644,-3.57912087440491,
1065,2.2384E-05,3.18732273578644,-3.57912087440491,
1066,2.264E-05,3.18732273578644,-3.41175685822964,
1067,2.2896E-05,3.18732273578644,-3.74648489058018,
1068,2.3152E-05,3.18732273578644,-3.57912087440491,
1069,2.3408E-05,3.18732273578644,-3.41175685822964,
1070,2.3664E-05,3.18732273578644,-3.57912087440491,
1071,2.392E-05,3.18732273578644,-3.57912087440491,
1072,2.4176E-05,3.18732273578644,-3.74648489058018,
1073,2.4432E-05,3.18732273578644,-3.41175685822964,
1074,2.4688E-05,3.18732273578644,-3.24439284205437,
1075,2.4944E-05,3.18732273578644,-3.24439284205437,
1076,2.52E-05,-0.093012273311615,-1.90548071265221,
1077,2.5456E-05,-0.0260666608810425,2.78071174025536,
1078,2.5712E-05,-0.0260666608810425,3.1154397726059,
1079,2.5968E-05,-0.0260666608810425,3.28280378878117,
1080,2.6224E-05,-0.0260666608810425,3.28280378878117,
1081,2.648E-05,-0.093012273311615,3.1154397726059,
1082,2.6736E-05,-0.0260666608810425,3.28280378878117,
1083,2.6992E-05,-0.0260666608810425,3.1154397726059,
1084,2.7248E-05,-0.093012273311615,3.45016780495644,
1085,2.7504E-05,-0.0260666608810425,3.28280378878117,
1086,2.776E-05,-0.0260666608810425,3.28280378878117,
1087,2.8016E-05,-0.0260666608810425,3.45016780495644,
1088,2.8272E-05,-0.0260666608810425,3.28280378878117,
1089,2.8528E-05,-0.093012273311615,3.1154397726059,
1090,2.8784E-05,-0.0260666608810425,3.1154397726059,
1091,2.904E-05,-0.093012273311615,3.28280378878117,
1092,2.9296E-05,-0.0260666608810425,3.45016780495644,
1093,2.9552E-05,-0.0260666608810425,3.1154397726059,
1094,2.9808E-05,-0.0260666608810425,3.28280378878117,
1095,3.0064E-05,-0.0260666608810425,3.28280378878117,
1096,3.032E-05,-0.0260666608810425,3.45016780495644,
1097,3.0576E-05,-0.0260666608810425,3.78489583730698,
1098,3.0832E-05,-0.093012273311615,2.78071174025536,
1099,3.1088E-05,-0.0260666608810425,3.45016780495644,
1100,3.1344E-05,-0.0260666608810425,3.45016780495644,
1101,3.16E-05,-0.093012273311615,3.28280378878117,
1102,3.1856E-05,-0.0260666608810425,3.28280378878117,
1103,3.2112E-05,-0.0260666608810425,3.45016780495644,
1104,3.2368E-05,-0.0260666608810425,3.45016780495644,
1105,3.2624E-05,-0.0260666608810425,3.45016780495644,
1106,3.288E-05,-0.0260666608810425,2.94807575643063,
1107,3.3136E-05,-0.0260666608810425,3.28280378878117,
1108,3.3392E-05,-0.0260666608810425,3.45016780495644,
1109,3.3648E-05,0.04087895154953,3.45016780495644,
1110,3.3904E-05,-0.0260666608810425,3.61753182113171,
1111,3.416E-05,-0.0260666608810425,3.45016780495644,
1112,3.4416E-05,-0.0260666608810425,3.61753182113171,
1113,3.4672E-05,-0.0260666608810425,3.61753182113171,
1114,3.4928E-05,-0.0260666608810425,3.61753182113171,
1115,3.5184E-05,-0.0260666608810425,3.45016780495644,
1116,3.544E-05,0.04087895154953,3.28280378878117,
1117,3.5696E-05,-0.093012273311615,3.45016780495644,
1118,3.5952E-05,-0.093012273311615,3.28280378878117,
1119,3.6208E-05,-0.0260666608810425,3.45016780495644,
1120,3.6464E-05,-0.0260666608810425,3.45016780495644,
1121,3.672E-05,-0.0260666608810425,3.28280378878117,
1122,3.6976E-05,-0.0260666608810425,3.28280378878117,
1123,3.7232E-05,-0.0260666608810425,3.1154397726059,
1124,3.7488E-05,-0.093012273311615,3.45016780495644,
1125,3.7744E-05,-0.0260666608810425,3.45016780495644,
1126,3.8E-05,-0.0260666608810425,3.45016780495644,
1127,3.8256E-05,-0.093012273311615,3.61753182113171,
1128,3.8512E-05,-0.0260666608810425,3.45016780495644,
1129,3.8768E-05,-0.093012273311615,3.28280378878117,
1130,3.9024E-05,-0.0260666608810425,3.45016780495644,
1131,3.928E-05,-0.0260666608810425,3.28280378878117,
1132,3.9536E-05,-0.093012273311615,3.45016780495644,
1133,3.9792E-05,-0.0260666608810425,3.45016780495644,
1134,4.0048E-05,-0.0260666608810425,3.45016780495644,
1135,4.0304E-05,-0.093012273311615,3.45016780495644,
1136,4.056E-05,-0.0260666608810425,3.1154397726059,
1137,4.0816E-05,-0.093012273311615,3.45016780495644,
1138,4.1072E-05,-0.0260666608810425,3.28280378878117,
1139,4.1328E-05,-0.0260666608810425,3.28280378878117,
1140,4.1584E-05,-0.0260666608810425,3.61753182113171,
1141,4.184E-05,-0.0260666608810425,2.78071174025536,
1142,4.2096E-05,-0.0260666608810425,3.1154397726059,
1143,4.2352E-05,-0.093012273311615,3.28280378878117,
1144,4.2608E-05,-0.0260666608810425,3.28280378878117,
1145,4.2864E-05,-0.0260666608810425,3.28280378878117,
1146,4.312E-05,-0.0260666608810425,3.45016780495644,
1147,4.3376E-05,-0.093012273311615,3.45016780495644,
1148,4.3632E-05,0.04087895154953,3.45016780495644,
1149,4.3888E-05,-0.0260666608810425,2.94807575643063,
1150,4.4144E-05,-0.093012273311615,3.28280378878117,
1151,4.44E-05,-0.0260666608810425,3.45016780495644,
1152,4.4656E-05,-0.0260666608810425,3.45016780495644,
1153,4.4912E-05,0.04087895154953,3.1154397726059,
1154,4.5168E-05,-0.093012273311615,3.28280378878117,
1155,4.5424E-05,-0.0260666608810425,3.28280378878117,
1156,4.568E-05,-0.0260666608810425,3.28280378878117,
1157,4.5936E-05,-0.093012273311615,3.45016780495644,
1158,4.6192E-05,-0.093012273311615,3.1154397726059,
1159,4.6448E-05,-0.0260666608810425,3.45016780495644,
1160,4.6704E-05,-0.093012273311615,3.45016780495644,
1161,4.696E-05,-0.0260666608810425,3.1154397726059,
1162,4.7216E-05,-0.0260666608810425,3.45016780495644,
1163,4.7472E-05,-0.0260666608810425,3.45016780495644,
1164,4.7728E-05,-0.0260666608810425,3.28280378878117,
1165,4.7984E-05,-0.0260666608810425,3.45016780495644,
1166,4.824E-05,-0.093012273311615,2.94807575643063,
1167,4.8496E-05,-0.0260666608810425,3.61753182113171,
1168,4.8752E-05,-0.0260666608810425,3.45016780495644,
1169,4.9008E-05,-0.0260666608810425,3.45016780495644,
1170,4.9264E-05,-0.0260666608810425,3.78489583730698,
1171,4.952E-05,-0.0260666608810425,3.28280378878117,
1172,4.9776E-05,-0.0260666608810425,3.28280378878117,
1173,5.0032E-05,-0.093012273311615,3.45016780495644,
1174,5.0288E-05,-0.093012273311615,2.94807575643063,
1175,5.0544E-05,-0.093012273311615,3.78489583730698,
1176,5.08E-05,-0.0260666608810425,3.45016780495644,
1177,5.1056E-05,-0.0260666608810425,3.45016780495644,
1178,5.1312E-05,-0.0260666608810425,3.61753182113171,
1179,5.1568E-05,-0.0260666608810425,3.28280378878117,
1180,5.1824E-05,-0.093012273311615,3.45016780495644,
1181,5.208E-05,-0.0260666608810425,3.61753182113171,
1182,5.2336E-05,-0.0260666608810425,3.45016780495644,
1183,5.2592E-05,-0.093012273311615,3.28280378878117,
1184,5.2848E-05,-0.0260666608810425,3.28280378878117,
1185,5.3104E-05,-0.0260666608810425,3.28280378878117,
1186,5.336E-05,-0.0260666608810425,3.28280378878117,
1187,5.3616E-05,-0.0260666608810425,3.28280378878117,
1188,5.3872E-05,-0.0260666608810425,3.28280378878117,
1189,5.4128E-05,-0.093012273311615,3.28280378878117,
1190,5.4384E-05,-0.0260666608810425,3.28280378878117,
1191,5.464E-05,-0.0260666608810425,3.28280378878117,
1192,5.4896E-05,-0.0260666608810425,3.28280378878117,
1193,5.5152E-05,-0.0260666608810425,3.1154397726059,
1194,5.5408E-05,-0.0260666608810425,3.28280378878117,
1195,5.5664E-05,-0.093012273311615,3.45016780495644,
1196,5.592E-05,-0.0260666608810425,3.1154397726059,
1197,5.6176E-05,-0.0260666608810425,3.45016780495644,
1198,5.6432E-05,-0.0260666608810425,3.28280378878117,
1199,5.6688E-05,-0.0260666608810425,3.28280378878117,
1200,5.6944E-05,-0.0260666608810425,3.61753182113171,
1201,5.72E-05,-0.0260666608810425,2.61334772408009,
1202,5.7456E-05,-0.0260666608810425,3.28280378878117,
1203,5.7712E-05,-0.0260666608810425,3.45016780495644,
1204,5.7968E-05,-0.0260666608810425,3.1154397726059,
1205,5.8224E-05,-0.0260666608810425,3.28280378878117,
1206,5.848E-05,-0.0260666608810425,3.28280378878117,
1207,5.8736E-05,-0.093012273311615,3.1154397726059,
1208,5.8992E-05,-0.0260666608810425,3.28280378878117,
1209,5.9248E-05,-0.0260666608810425,2.61334772408009,
1210,5.9504E-05,-0.0260666608810425,3.1154397726059,
1211,5.976E-05,-0.0260666608810425,3.28280378878117,
1212,6.0016E-05,-0.0260666608810425,3.28280378878117,
1213,6.0272E-05,-0.093012273311615,3.45016780495644,
1214,6.0528E-05,-0.0260666608810425,3.28280378878117,
1215,6.0784E-05,-0.0260666608810425,3.45016780495644,
1216,6.104E-05,-0.093012273311615,3.28280378878117,
1217,6.1296E-05,-0.0260666608810425,3.45016780495644,
1218,6.1552E-05,-0.093012273311615,3.28280378878117,
1219,6.1808E-05,-0.0260666608810425,3.28280378878117,
1220,6.2064E-05,-0.0260666608810425,3.45016780495644,
1221,6.232E-05,-0.0260666608810425,3.28280378878117,
1222,6.2576E-05,-0.0260666608810425,3.45016780495644,
1223,6.2832E-05,-0.0260666608810425,3.45016780495644,
1224,6.3088E-05,-0.0260666608810425,3.28280378878117,
1225,6.3344E-05,-0.093012273311615,3.45016780495644,
1226,6.36E-05,-0.0260666608810425,3.1154397726059,
1227,6.3856E-05,-0.0260666608810425,3.1154397726059,
1228,6.4112E-05,-0.0260666608810425,3.45016780495644,
1229,6.4368E-05,-0.0260666608810425,3.28280378878117,
1230,6.4624E-05,-0.093012273311615,3.78489583730698,
1231,6.488E-05,-0.0260666608810425,3.28280378878117,
1232,6.5136E-05,-0.0260666608810425,3.28280378878117,
1233,6.5392E-05,-0.093012273311615,3.45016780495644,
1234,6.5648E-05,-0.093012273311615,3.45016780495644,
1235,6.5904E-05,-0.0260666608810425,3.28280378878117,
1236,6.616E-05,-0.0260666608810425,3.1154397726059,
1237,6.6416E-05,-0.093012273311615,3.28280378878117,
1238,6.6672E-05,-0.0260666608810425,3.45016780495644,
1239,6.6928E-05,-0.0260666608810425,3.28280378878117,
1240,6.7184E-05,-0.0260666608810425,3.61753182113171,
1241,6.744E-05,-0.0260666608810425,3.61753182113171,
1242,6.7696E-05,-0.0260666608810425,3.45016780495644,
1243,6.7952E-05,-0.0260666608810425,3.78489583730698,
1244,6.8208E-05,-0.0260666608810425,3.1154397726059,
1245,6.8464E-05,-0.0260666608810425,3.28280378878117,
1246,6.872E-05,-0.0260666608810425,3.78489583730698,
1247,6.8976E-05,-0.0260666608810425,3.28280378878117,
1248,6.9232E-05,-0.0260666608810425,3.45016780495644,
1249,6.9488E-05,-0.0260666608810425,3.28280378878117,
1250,6.9744E-05,-0.093012273311615,3.28280378878117,
1251,7E-05,-0.0260666608810425,3.45016780495644,
1252,7.0256E-05,-0.0260666608810425,2.94807575643063,
1253,7.0512E-05,-0.0260666608810425,3.28280378878117,
1254,7.0768E-05,-0.0260666608810425,3.28280378878117,
1255,7.1024E-05,-0.0260666608810425,3.45016780495644,
1256,7.128E-05,-0.0260666608810425,3.28280378878117,
1257,7.1536E-05,-0.0260666608810425,3.45016780495644,
1258,7.1792E-05,-0.0260666608810425,3.28280378878117,
1259,7.2048E-05,-0.093012273311615,3.45016780495644,
1260,7.2304E-05,-0.093012273311615,3.61753182113171,
1261,7.256E-05,-0.0260666608810425,3.1154397726059,
1262,7.2816E-05,-0.093012273311615,3.28280378878117,
1263,7.3072E-05,-0.0260666608810425,3.45016780495644,
1264,7.3328E-05,-0.0260666608810425,3.28280378878117,
1265,7.3584E-05,-0.0260666608810425,3.45016780495644,
1266,7.384E-05,-0.0260666608810425,3.45016780495644,
1267,7.4096E-05,-0.0260666608810425,3.28280378878117,
1268,7.4352E-05,-0.0260666608810425,3.45016780495644,
1269,7.4608E-05,-0.093012273311615,2.94807575643063,
1270,7.4864E-05,-0.0260666608810425,3.28280378878117,
1271,7.512E-05,-0.0260666608810425,3.45016780495644,
1272,7.5376E-05,-0.0260666608810425,-2.57493677735329,
1273,7.5632E-05,-0.093012273311615,-3.74648489058018,
1274,7.5888E-05,-0.0260666608810425,-3.0770288258791,
1275,7.6144E-05,-0.093012273311615,-3.24439284205437,
1276,7.64E-05,-0.0260666608810425,-3.41175685822964,
1277,7.6656E-05,-0.093012273311615,-3.74648489058018,
1278,7.6912E-05,-0.0260666608810425,-3.91384890675545,
1279,7.7168E-05,-0.0260666608810425,-3.41175685822964,
1280,7.7424E-05,-0.0260666608810425,-3.57912087440491,
1281,7.768E-05,-0.0260666608810425,-3.57912087440491,
1282,7.7936E-05,-0.093012273311615,-3.24439284205437,
1283,7.8192E-05,-0.0260666608810425,-3.57912087440491,
1284,7.8448E-05,-0.0260666608810425,-3.41175685822964,
1285,7.8704E-05,-0.0260666608810425,-3.41175685822964,
1286,7.896E-05,-0.0260666608810425,-3.57912087440491,
1287,7.9216E-05,-0.0260666608810425,-3.24439284205437,
1288,7.9472E-05,-0.0260666608810425,-3.41175685822964,
1289,7.9728E-05,-0.0260666608810425,-3.41175685822964,
1290,7.9984E-05,-0.0260666608810425,-3.57912087440491,
1291,8.024E-05,-0.093012273311615,-3.41175685822964,
1292,8.0496E-05,-0.0260666608810425,-3.57912087440491,
1293,8.0752E-05,-0.0260666608810425,-3.57912087440491,
1294,8.1008E-05,-0.093012273311615,-3.57912087440491,
1295,8.1264E-05,-0.0260666608810425,-3.41175685822964,
1296,8.152E-05,-0.0260666608810425,-3.41175685822964,
1297,8.1776E-05,-0.0260666608810425,-3.24439284205437,
1298,8.2032E-05,-0.0260666608810425,-3.24439284205437,
1299,8.2288E-05,-0.0260666608810425,-3.24439284205437,
1300,8.2544E-05,-0.0260666608810425,-3.57912087440491,
1301,8.28E-05,-0.0260666608810425,-3.57912087440491,
1302,8.3056E-05,-0.0260666608810425,-3.41175685822964,
1303,8.3312E-05,-0.0260666608810425,-3.74648489058018,
1304,8.3568E-05,-0.0260666608810425,-3.24439284205437,
1305,8.3824E-05,-0.0260666608810425,-3.57912087440491,
1306,8.408E-05,-0.0260666608810425,-3.74648489058018,
1307,8.4336E-05,-0.0260666608810425,-3.57912087440491,
1308,8.4592E-05,0.04087895154953,-3.74648489058018,
1309,8.4848E-05,-0.0260666608810425,-3.74648489058018,
1310,8.5104E-05,-0.093012273311615,-3.41175685822964,
1311,8.536E-05,-0.093012273311615,-3.57912087440491,
1312,8.5616E-05,-0.0260666608810425,-2.90966480970383,
1313,8.5872E-05,-0.0260666608810425,-3.57912087440491,
1314,8.6128E-05,-0.093012273311615,-3.57912087440491,
1315,8.6384E-05,-0.0260666608810425,-3.57912087440491,
1316,8.664E-05,-0.0260666608810425,-3.91384890675545,
1317,8.6896E-05,-0.093012273311615,-3.41175685822964,
1318,8.7152E-05,-0.0260666608810425,-3.57912087440491,
1319,8.7408E-05,-0.0260666608810425,-3.57912087440491,
1320,8.7664E-05,-0.0260666608810425,-3.57912087440491,
1321,8.792E-05,-0.093012273311615,-3.74648489058018,
1322,8.8176E-05,-0.0260666608810425,-3.41175685822964,
1323,8.8432E-05,-0.0260666608810425,-3.41175685822964,
1324,8.8688E-05,-0.0260666608810425,-3.57912087440491,
1325,8.8944E-05,-0.0260666608810425,-3.57912087440491,
1326,8.92E-05,-0.0260666608810425,-3.41175685822964,
1327,8.9456E-05,-0.0260666608810425,-3.57912087440491,
1328,8.9712E-05,-0.0260666608810425,-3.41175685822964,
1329,8.9968E-05,-0.0260666608810425,-3.24439284205437,
1330,9.0224E-05,-0.093012273311615,-3.57912087440491,
1331,9.048E-05,-0.0260666608810425,-3.57912087440491,
1332,9.0736E-05,-0.0260666608810425,-3.41175685822964,
1333,9.0992E-05,-0.0260666608810425,-3.74648489058018,
1334,9.1248E-05,-0.0260666608810425,-3.41175685822964,
1335,9.1504E-05,-0.093012273311615,-3.57912087440491,
1336,9.176E-05,-0.093012273311615,-3.41175685822964,
1337,9.2016E-05,-0.093012273311615,-3.41175685822964,
1338,9.2272E-05,-0.093012273311615,-3.41175685822964,
1339,9.2528E-05,-0.0260666608810425,-3.24439284205437,
1340,9.2784E-05,-0.0260666608810425,-3.24439284205437,
1341,9.304E-05,-0.0260666608810425,-3.24439284205437,
1342,9.3296E-05,-0.093012273311615,-3.24439284205437,
1343,9.3552E-05,-0.0260666608810425,-3.41175685822964,
1344,9.3808E-05,-0.0260666608810425,-3.41175685822964,
1345,9.4064E-05,-0.0260666608810425,-3.41175685822964,
1346,9.432E-05,-0.0260666608810425,-3.74648489058018,
1347,9.4576E-05,-0.0260666608810425,-3.0770288258791,
1348,9.4832E-05,-0.0260666608810425,-3.41175685822964,
1349,9.5088E-05,-0.0260666608810425,-3.57912087440491,
1350,9.5344E-05,-0.0260666608810425,-3.41175685822964,
1351,9.56E-05,-0.0260666608810425,-3.57912087440491,
1352,9.5856E-05,0.04087895154953,-3.57912087440491,
1353,9.6112E-05,-0.093012273311615,-3.41175685822964,
1354,9.6368E-05,-0.093012273311615,-3.57912087440491,
1355,9.6624E-05,-0.0260666608810425,-2.90966480970383,
1356,9.688E-05,-0.0260666608810425,-3.41175685822964,
1357,9.7136E-05,-0.0260666608810425,-3.57912087440491,
1358,9.7392E-05,-0.0260666608810425,-3.57912087440491,
1359,9.7648E-05,-0.0260666608810425,-3.74648489058018,
1360,9.7904E-05,-0.0260666608810425,-3.41175685822964,
1361,9.816E-05,-0.0260666608810425,-3.57912087440491,
1362,9.8416E-05,-0.0260666608810425,-3.41175685822964,
1363,9.8672E-05,-0.0260666608810425,-3.57912087440491,
1364,9.8928E-05,-0.0260666608810425,-3.41175685822964,
1365,9.9184E-05,-0.093012273311615,-3.41175685822964,
1366,9.944E-05,-0.0260666608810425,-3.41175685822964,
1367,9.9696E-05,-0.0260666608810425,-3.41175685822964,
1368,9.9952E-05,-0.0260666608810425,-3.57912087440491,
1369,0.000100208,-0.0260666608810425,-3.24439284205437,
1370,0.000100464,-0.0260666608810425,2.44598370790482,
1371,0.00010072,-0.093012273311615,3.1154397726059,
1372,0.000100976,-0.0260666608810425,3.61753182113171,
1373,0.000101232,-0.0260666608810425,3.28280378878117,
1374,0.000101488,-0.0260666608810425,3.28280378878117,
1375,0.000101744,-0.0260666608810425,3.45016780495644,
1376,0.000102,-0.0260666608810425,3.1154397726059,
1377,0.000102256,-0.0260666608810425,3.45016780495644,
1378,0.000102512,-0.093012273311615,3.45016780495644,
1379,0.000102768,-0.0260666608810425,3.28280378878117,
1380,0.000103024,-0.093012273311615,3.45016780495644,
1381,0.00010328,-0.0260666608810425,3.1154397726059,
1382,0.000103536,-0.0260666608810425,3.28280378878117,
1383,0.000103792,-0.0260666608810425,3.45016780495644,
1384,0.000104048,-0.0260666608810425,3.61753182113171,
1385,0.000104304,-0.0260666608810425,3.45016780495644,
1386,0.00010456,-0.0260666608810425,3.45016780495644,
1387,0.000104816,-0.0260666608810425,3.45016780495644,
1388,0.000105072,-0.0260666608810425,3.45016780495644,
1389,0.000105328,-0.0260666608810425,3.28280378878117,
1390,0.000105584,-0.0260666608810425,3.45016780495644,
1391,0.00010584,-0.0260666608810425,3.28280378878117,
1392,0.000106096,-0.0260666608810425,3.45016780495644,
1393,0.000106352,-0.0260666608810425,3.28280378878117,
1394,0.000106608,-0.0260666608810425,3.45016780495644,
1395,0.000106864,-0.0260666608810425,3.45016780495644,
1396,0.00010712,-0.0260666608810425,3.45016780495644,
1397,0.000107376,-0.0260666608810425,3.28280378878117,
1398,0.000107632,-0.0260666608810425,3.61753182113171,
1399,0.000107888,-0.0260666608810425,3.45016780495644,
1400,0.000108144,-0.0260666608810425,3.61753182113171,
1401,0.0001084,-0.0260666608810425,3.45016780495644,
1402,0.000108656,0.04087895154953,3.61753182113171,
1403,0.000108912,-0.0260666608810425,3.45016780495644,
1404,0.000109168,-0.0260666608810425,3.45016780495644,
1405,0.000109424,-0.0260666608810425,3.61753182113171,
1406,0.00010968,-0.0260666608810425,3.45016780495644,
1407,0.000109936,-0.093012273311615,3.78489583730698,
1408,0.000110192,-0.0260666608810425,3.78489583730698,
1409,0.000110448,-0.0260666608810425,3.45016780495644,
1410,0.000110704,-0.0260666608810425,3.78489583730698,
1411,0.00011096,-0.0260666608810425,3.45016780495644,
1412,0.000111216,-0.0260666608810425,3.45016780495644,
1413,0.000111472,0.04087895154953,3.45016780495644,
1414,0.000111728,-0.093012273311615,3.45016780495644,
1415,0.000111984,-0.0260666608810425,3.95225985348225,
1416,0.00011224,-0.093012273311615,3.45016780495644,
1417,0.000112496,-0.0260666608810425,3.45016780495644,
1418,0.000112752,-0.0260666608810425,3.45016780495644,
1419,0.000113008,-0.0260666608810425,3.1154397726059,
1420,0.000113264,-0.0260666608810425,3.45016780495644,
1421,0.00011352,-0.0260666608810425,3.45016780495644,
1422,0.000113776,-0.0260666608810425,3.45016780495644,
1423,0.000114032,-0.0260666608810425,3.45016780495644,
1424,0.000114288,-0.0260666608810425,3.1154397726059,
1425,0.000114544,-0.093012273311615,3.28280378878117,
1426,0.0001148,-0.093012273311615,3.45016780495644,
1427,0.000115056,-0.093012273311615,3.61753182113171,
1428,0.000115312,-0.0260666608810425,3.45016780495644,
1429,0.000115568,-0.093012273311615,3.45016780495644,
1430,0.000115824,-0.0260666608810425,3.45016780495644,
1431,0.00011608,-0.0260666608810425,3.45016780495644,
1432,0.000116336,-0.0260666608810425,3.61753182113171,
1433,0.000116592,-0.0260666608810425,3.45016780495644,
1434,0.000116848,-0.0260666608810425,3.28280378878117,
1435,0.000117104,-0.093012273311615,3.28280378878117,
1436,0.00011736,-0.0260666608810425,3.1154397726059,
1437,0.000117616,-0.0260666608810425,3.1154397726059,
1438,0.000117872,-0.0260666608810425,3.28280378878117,
1439,0.000118128,-0.093012273311615,3.45016780495644,
1440,0.000118384,-0.0260666608810425,3.28280378878117,
1441,0.00011864,-0.0260666608810425,3.28280378878117,
1442,0.000118896,-0.093012273311615,3.45016780495644,
1443,0.000119152,-0.0260666608810425,3.28280378878117,
1444,0.000119408,-0.0260666608810425,3.45016780495644,
1445,0.000119664,-0.0260666608810425,3.45016780495644,
1446,0.00011992,-0.0260666608810425,3.45016780495644,
1447,0.000120176,-0.0260666608810425,3.45016780495644,
1448,0.000120432,-0.093012273311615,3.45016780495644,
1449,0.000120688,-0.0260666608810425,3.1154397726059,
1450,0.000120944,-0.0260666608810425,3.78489583730698,
1451,0.0001212,-0.093012273311615,3.45016780495644,
1452,0.000121456,-0.0260666608810425,3.28280378878117,
1453,0.000121712,-0.0260666608810425,3.45016780495644,
1454,0.000121968,-0.0260666608810425,3.45016780495644,
1455,0.000122224,-0.0260666608810425,3.45016780495644,
1456,0.00012248,-0.093012273311615,3.45016780495644,
1457,0.000122736,-0.0260666608810425,3.45016780495644,
1458,0.000122992,-0.0260666608810425,3.95225985348225,
1459,0.000123248,-0.093012273311615,3.45016780495644,
1460,0.000123504,-0.0260666608810425,3.45016780495644,
1461,0.00012376,-0.0260666608810425,3.45016780495644,
1462,0.000124016,-0.0260666608810425,3.28280378878117,
1463,0.000124272,-0.0260666608810425,3.28280378878117,
1464,0.000124528,-0.0260666608810425,3.28280378878117,
1465,0.000124784,-0.0260666608810425,3.45016780495644,
1466,0.00012504,-0.0260666608810425,3.28280378878117,
1467,0.000125296,-0.0260666608810425,-0.566568583250046,
1468,0.000125552,-0.093012273311615,-3.57912087440491,
1469,0.000125808,-0.0260666608810425,-3.57912087440491,
1470,0.000126064,-0.0260666608810425,-3.74648489058018,
1471,0.00012632,-0.0260666608810425,-3.57912087440491,
1472,0.000126576,-0.0260666608810425,-3.57912087440491,
1473,0.000126832,-0.0260666608810425,-3.57912087440491,
1474,0.000127088,-0.0260666608810425,-3.57912087440491,
1475,0.000127344,-0.093012273311615,-3.91384890675545,
1476,0.0001276,-0.0260666608810425,-3.57912087440491,
1477,0.000127856,-0.0260666608810425,-3.41175685822964,
1478,0.000128112,-0.0260666608810425,-3.57912087440491,
1479,0.000128368,-0.0260666608810425,-3.24439284205437,
1480,0.000128624,-0.0260666608810425,-3.57912087440491,
1481,0.00012888,-0.0260666608810425,-3.41175685822964,
1482,0.000129136,-0.0260666608810425,-3.41175685822964,
1483,0.000129392,-0.0260666608810425,-3.57912087440491,
1484,0.000129648,-0.0260666608810425,-3.41175685822964,
1485,0.000129904,-0.0260666608810425,-3.57912087440491,
1486,0.00013016,-0.093012273311615,-3.41175685822964,
1487,0.000130416,-0.0260666608810425,-3.57912087440491,
1488,0.000130672,-0.0260666608810425,-3.57912087440491,
1489,0.000130928,-0.0260666608810425,-3.41175685822964,
1490,0.000131184,-0.0260666608810425,-3.41175685822964,
1491,0.00013144,0.04087895154953,-3.57912087440491,
1492,0.000131696,-0.0260666608810425,-3.57912087440491,
1493,0.000131952,-0.093012273311615,-3.74648489058018,
1494,0.000132208,-0.0260666608810425,-3.57912087440491,
1495,0.000132464,-0.093012273311615,-3.57912087440491,
1496,0.00013272,-0.0260666608810425,-3.57912087440491,
1497,0.000132976,-0.0260666608810425,-3.57912087440491,
1498,0.000133232,-0.0260666608810425,-3.41175685822964,
1499,0.000133488,-0.0260666608810425,-3.41175685822964,
1500,0.000133744,-0.0260666608810425,-3.24439284205437,
1501,0.000134,-0.0260666608810425,-3.57912087440491,
1502,0.000134256,-0.0260666608810425,-3.41175685822964,
1503,0.000134512,-0.0260666608810425,-3.41175685822964,
1504,0.000134768,-0.093012273311615,-3.41175685822964,
1505,0.000135024,-0.093012273311615,-3.41175685822964,
1506,0.00013528,-0.0260666608810425,-3.41175685822964,
1507,0.000135536,-0.0260666608810425,-3.57912087440491,
1508,0.000135792,-0.0260666608810425,-3.57912087440491,
1509,0.000136048,-0.0260666608810425,-3.24439284205437,
1510,0.000136304,-0.093012273311615,-3.74648489058018,
1511,0.00013656,-0.0260666608810425,-3.57912087440491,
1512,0.000136816,-0.0260666608810425,-3.41175685822964,
1513,0.000137072,-0.0260666608810425,-3.57912087440491,
1514,0.000137328,-0.0260666608810425,-3.57912087440491,
1515,0.000137584,-0.0260666608810425,-3.41175685822964,
1516,0.00013784,-0.0260666608810425,-3.41175685822964,
1517,0.000138096,-0.0260666608810425,-3.57912087440491,
1518,0.000138352,-0.0260666608810425,-3.91384890675545,
1519,0.000138608,-0.0260666608810425,-3.57912087440491,
1520,0.000138864,-0.0260666608810425,-3.57912087440491,
1521,0.00013912,-0.0260666608810425,-3.74648489058018,
1522,0.000139376,-0.0260666608810425,-3.24439284205437,
1523,0.000139632,-0.0260666608810425,-3.57912087440491,
1524,0.000139888,-0.0260666608810425,-3.57912087440491,
1525,0.000140144,-0.0260666608810425,-3.41175685822964,
1526,0.0001404,-0.0260666608810425,-3.41175685822964,
1527,0.000140656,-0.0260666608810425,-3.41175685822964,
1528,0.000140912,-0.093012273311615,-3.57912087440491,
1529,0.000141168,-0.0260666608810425,-3.57912087440491,
1530,0.000141424,-0.0260666608810425,-3.57912087440491,
1531,0.00014168,-0.0260666608810425,-3.74648489058018,
1532,0.000141936,-0.0260666608810425,-3.57912087440491,
1533,0.000142192,-0.0260666608810425,-3.57912087440491,
1534,0.000142448,-0.0260666608810425,-3.74648489058018,
1535,0.000142704,-0.0260666608810425,-3.91384890675545,
1536,0.00014296,-0.0260666608810425,-3.74648489058018,
1537,0.000143216,-0.093012273311615,-3.57912087440491,
1538,0.000143472,-0.0260666608810425,-3.57912087440491,
1539,0.000143728,-0.0260666608810425,-3.41175685822964,
1540,0.000143984,-0.093012273311615,-3.57912087440491,
1541,0.00014424,-0.0260666608810425,-3.57912087440491,
1542,0.000144496,-0.093012273311615,-3.57912087440491,
1543,0.000144752,-0.0260666608810425,-3.41175685822964,
1544,0.000145008,-0.0260666608810425,-3.57912087440491,
1545,0.000145264,-0.0260666608810425,-3.41175685822964,
1546,0.00014552,-0.0260666608810425,-3.57912087440491,
1547,0.000145776,-0.0260666608810425,-3.57912087440491,
1548,0.000146032,-0.0260666608810425,-3.57912087440491,
1549,0.000146288,-0.0260666608810425,-3.41175685822964,
1550,0.000146544,-0.0260666608810425,-3.57912087440491,
1551,0.0001468,-0.0260666608810425,-3.41175685822964,
1552,0.000147056,-0.0260666608810425,-3.24439284205437,
1553,0.000147312,-0.0260666608810425,-3.74648489058018,
1554,0.000147568,-0.0260666608810425,-3.24439284205437,
1555,0.000147824,-0.0260666608810425,-3.57912087440491,
1556,0.00014808,-0.093012273311615,-3.57912087440491,
1557,0.000148336,-0.0260666608810425,-3.41175685822964,
1558,0.000148592,-0.0260666608810425,-3.57912087440491,
1559,0.000148848,-0.0260666608810425,-3.57912087440491,
1560,0.000149104,-0.0260666608810425,-3.41175685822964,
1561,0.00014936,-0.0260666608810425,-3.91384890675545,
1562,0.000149616,-0.093012273311615,-3.41175685822964,
1563,0.000149872,-0.0260666608810425,-3.41175685822964,
1564,0.000150128,-0.0260666608810425,-3.41175685822964,
1565,0.000150384,-0.093012273311615,-2.90966480970383,
1566,0.00015064,-0.0260666608810425,-3.41175685822964,
1567,0.000150896,-0.0260666608810425,-3.41175685822964,
1568,0.000151152,-0.0260666608810425,-3.41175685822964,
1569,0.000151408,-0.0260666608810425,-3.41175685822964,
1570,0.000151664,-0.0260666608810425,-3.24439284205437,
1571,0.00015192,-0.0260666608810425,-3.41175685822964,
1572,0.000152176,-0.0260666608810425,-3.41175685822964,
1573,0.000152432,-0.093012273311615,-3.74648489058018,
1574,0.000152688,-0.093012273311615,-3.57912087440491,
1575,0.000152944,-0.0260666608810425,-3.57912087440491,
1576,0.0001532,-0.093012273311615,-3.41175685822964,
1577,0.000153456,-0.093012273311615,-3.57912087440491,
1578,0.000153712,-0.0260666608810425,-3.91384890675545,
1579,0.000153968,-0.0260666608810425,-3.41175685822964,
1580,0.000154224,-0.0260666608810425,-3.57912087440491,
1581,0.00015448,-0.093012273311615,-3.41175685822964,
1582,0.000154736,-0.093012273311615,-3.24439284205437,
1583,0.000154992,-0.0260666608810425,-3.41175685822964,
1584,0.000155248,-0.093012273311615,-3.57912087440491,
1585,0.000155504,-0.0260666608810425,-3.57912087440491,
1586,0.00015576,-0.093012273311615,-3.41175685822964,
1587,0.000156016,-0.0260666608810425,-3.57912087440491,
1588,0.000156272,-0.0260666608810425,-3.57912087440491,
1589,0.000156528,-0.0260666608810425,-3.41175685822964,
1590,0.000156784,-0.0260666608810425,-3.57912087440491,
1591,0.00015704,-0.0260666608810425,-3.57912087440491,
1592,0.000157296,-0.0260666608810425,-3.41175685822964,
1593,0.000157552,-0.0260666608810425,-3.57912087440491,
1594,0.000157808,-0.0260666608810425,-3.57912087440491,
1595,0.000158064,-0.0260666608810425,-3.57912087440491,
1596,0.00015832,-0.0260666608810425,-3.91384890675545,
1597,0.000158576,-0.0260666608810425,-3.74648489058018,
1598,0.000158832,-0.0260666608810425,-3.57912087440491,
1599,0.000159088,-0.0260666608810425,-3.74648489058018,
1600,0.000159344,-0.0260666608810425,-3.57912087440491,
1601,0.0001596,-0.0260666608810425,-3.57912087440491,
1602,0.000159856,-0.0260666608810425,-3.57912087440491,
1603,0.000160112,-0.0260666608810425,-3.57912087440491,
1604,0.000160368,-0.0260666608810425,-3.74648489058018,
1605,0.000160624,-0.0260666608810425,-3.57912087440491,
1606,0.00016088,-0.0260666608810425,-3.41175685822964,
1607,0.000161136,-0.0260666608810425,-3.57912087440491,
1608,0.000161392,-0.0260666608810425,-3.57912087440491,
1609,0.000161648,-0.0260666608810425,-3.57912087440491,
1610,0.000161904,-0.0260666608810425,-3.57912087440491,
1611,0.00016216,-0.0260666608810425,-3.41175685822964,
1612,0.000162416,-0.0260666608810425,-3.24439284205437,
1613,0.000162672,-0.0260666608810425,-3.57912087440491,
1614,0.000162928,-0.0260666608810425,-3.41175685822964,
1615,0.000163184,-0.0260666608810425,-3.41175685822964,
1616,0.00016344,-0.093012273311615,-3.57912087440491,
1617,0.000163696,-0.093012273311615,-3.41175685822964,
1618,0.000163952,-0.0260666608810425,-3.41175685822964,
1619,0.000164208,-0.0260666608810425,-3.57912087440491,
1620,0.000164464,-0.0260666608810425,-3.41175685822964,
1621,0.00016472,-0.0260666608810425,-3.91384890675545,
1622,0.000164976,-0.0260666608810425,-3.41175685822964,
1623,0.000165232,-0.0260666608810425,-3.41175685822964,
1624,0.000165488,-0.093012273311615,-3.57912087440491,
1625,0.000165744,-0.0260666608810425,-3.24439284205437,
1626,0.000166,-0.093012273311615,-3.57912087440491,
1627,0.000166256,-0.093012273311615,-3.57912087440491,
1628,0.000166512,-0.0260666608810425,-3.41175685822964,
1629,0.000166768,-0.093012273311615,-3.57912087440491,
1630,0.000167024,-0.0260666608810425,-3.41175685822964,
1631,0.00016728,-0.0260666608810425,-3.57912087440491,
1632,0.000167536,-0.093012273311615,-3.41175685822964,
1633,0.000167792,-0.0260666608810425,-3.74648489058018,
1634,0.000168048,-0.0260666608810425,-3.57912087440491,
1635,0.000168304,-0.0260666608810425,-3.41175685822964,
1636,0.00016856,-0.0260666608810425,-3.57912087440491,
1637,0.000168816,-0.093012273311615,-3.41175685822964,
1638,0.000169072,-0.0260666608810425,-3.57912087440491,
1639,0.000169328,-0.0260666608810425,-3.74648489058018,
1640,0.000169584,-0.0260666608810425,-3.41175685822964,
1641,0.00016984,-0.0260666608810425,-3.57912087440491,
1642,0.000170096,-0.0260666608810425,-3.41175685822964,
1643,0.000170352,-0.0260666608810425,-3.41175685822964,
1644,0.000170608,-0.0260666608810425,-3.57912087440491,
1645,0.000170864,-0.093012273311615,-3.41175685822964,
1646,0.00017112,-0.0260666608810425,-3.57912087440491,
1647,0.000171376,-0.0260666608810425,-3.57912087440491,
1648,0.000171632,-0.0260666608810425,-3.57912087440491,
1649,0.000171888,-0.0260666608810425,-3.57912087440491,
1650,0.000172144,-0.093012273311615,-3.57912087440491,
1651,0.0001724,-0.093012273311615,-3.57912087440491,
1652,0.000172656,-0.0260666608810425,-3.57912087440491,
1653,0.000172912,-0.0260666608810425,-3.57912087440491,
1654,0.000173168,-0.093012273311615,-3.41175685822964,
1655,0.000173424,0.04087895154953,-3.24439284205437,
1656,0.00017368,-0.0260666608810425,-3.57912087440491,
1657,0.000173936,-0.093012273311615,-3.57912087440491,
1658,0.000174192,-0.0260666608810425,-3.57912087440491,
1659,0.000174448,-0.0260666608810425,-3.74648489058018,
1660,0.000174704,-0.0260666608810425,-3.41175685822964,
1661,0.00017496,-0.0260666608810425,-3.57912087440491,
1662,0.000175216,-0.093012273311615,-1.73811669647694,
1663,0.000175472,-0.0260666608810425,3.1154397726059,
1664,0.000175728,-0.0260666608810425,3.95225985348225,
1665,0.000175984,0.04087895154953,3.45016780495644,
1666,0.00017624,-0.0260666608810425,3.45016780495644,
1667,0.000176496,-0.0260666608810425,3.45016780495644,
1668,0.000176752,-0.0260666608810425,3.28280378878117,
1669,0.000177008,-0.0260666608810425,3.45016780495644,
1670,0.000177264,-0.0260666608810425,3.28280378878117,
1671,0.00017752,-0.0260666608810425,3.45016780495644,
1672,0.000177776,-0.093012273311615,3.28280378878117,
1673,0.000178032,-0.0260666608810425,3.28280378878117,
1674,0.000178288,-0.093012273311615,3.45016780495644,
1675,0.000178544,-0.093012273311615,3.45016780495644,
1676,0.0001788,-0.0260666608810425,3.45016780495644,
1677,0.000179056,-0.0260666608810425,3.45016780495644,
1678,0.000179312,-0.0260666608810425,3.45016780495644,
1679,0.000179568,-0.0260666608810425,3.28280378878117,
1680,0.000179824,-0.0260666608810425,3.45016780495644,
1681,0.00018008,-0.0260666608810425,3.78489583730698,
1682,0.000180336,-0.0260666608810425,3.45016780495644,
1683,0.000180592,-0.0260666608810425,3.45016780495644,
1684,0.000180848,-0.0260666608810425,3.28280378878117,
1685,0.000181104,-0.0260666608810425,3.1154397726059,
1686,0.00018136,-0.093012273311615,3.45016780495644,
1687,0.000181616,-0.093012273311615,3.28280378878117,
1688,0.000181872,-0.0260666608810425,3.28280378878117,
1689,0.000182128,-0.0260666608810425,3.45016780495644,
1690,0.000182384,-0.0260666608810425,3.1154397726059,
1691,0.00018264,-0.093012273311615,3.45016780495644,
1692,0.000182896,-0.0260666608810425,3.28280378878117,
1693,0.000183152,-0.0260666608810425,3.45016780495644,
1694,0.000183408,-0.0260666608810425,3.45016780495644,
1695,0.000183664,-0.0260666608810425,3.28280378878117,
1696,0.00018392,-0.093012273311615,3.28280378878117,
1697,0.000184176,-0.0260666608810425,3.45016780495644,
1698,0.000184432,-0.0260666608810425,3.1154397726059,
1699,0.000184688,-0.093012273311615,3.45016780495644,
1700,0.000184944,-0.0260666608810425,3.45016780495644,
1701,0.0001852,-0.0260666608810425,3.1154397726059,
1702,0.000185456,-0.0260666608810425,3.1154397726059,
1703,0.000185712,-0.0260666608810425,3.28280378878117,
1704,0.000185968,0.04087895154953,3.28280378878117,
1705,0.000186224,-0.0260666608810425,3.28280378878117,
1706,0.00018648,-0.0260666608810425,3.28280378878117,
1707,0.000186736,-0.0260666608810425,3.78489583730698,
1708,0.000186992,-0.0260666608810425,3.45016780495644,
1709,0.000187248,-0.0260666608810425,3.61753182113171,
1710,0.000187504,-0.093012273311615,3.45016780495644,
1711,0.00018776,-0.0260666608810425,3.28280378878117,
1712,0.000188016,-0.0260666608810425,3.45016780495644,
1713,0.000188272,-0.0260666608810425,3.45016780495644,
1714,0.000188528,-0.0260666608810425,3.45016780495644,
1715,0.000188784,-0.0260666608810425,3.1154397726059,
1716,0.00018904,-0.0260666608810425,3.45016780495644,
1717,0.000189296,-0.0260666608810425,3.45016780495644,
1718,0.000189552,-0.093012273311615,3.28280378878117,
1719,0.000189808,-0.0260666608810425,3.78489583730698,
1720,0.000190064,-0.0260666608810425,3.45016780495644,
1721,0.00019032,-0.0260666608810425,3.45016780495644,
1722,0.000190576,-0.0260666608810425,3.45016780495644,
1723,0.000190832,-0.0260666608810425,3.28280378878117,
1724,0.000191088,-0.0260666608810425,3.78489583730698,
1725,0.000191344,-0.0260666608810425,3.1154397726059,
1726,0.0001916,-0.0260666608810425,3.45016780495644,
1727,0.000191856,-0.0260666608810425,3.45016780495644,
1728,0.000192112,-0.093012273311615,3.45016780495644,
1729,0.000192368,-0.0260666608810425,3.45016780495644,
1730,0.000192624,-0.0260666608810425,3.45016780495644,
1731,0.00019288,-0.0260666608810425,3.61753182113171,
1732,0.000193136,-0.0260666608810425,3.45016780495644,
1733,0.000193392,-0.0260666608810425,3.28280378878117,
1734,0.000193648,-0.0260666608810425,3.45016780495644,
1735,0.000193904,-0.0260666608810425,3.45016780495644,
1736,0.00019416,-0.0260666608810425,3.61753182113171,
1737,0.000194416,-0.0260666608810425,3.45016780495644,
1738,0.000194672,-0.0260666608810425,3.45016780495644,
1739,0.000194928,-0.093012273311615,3.45016780495644,
1740,0.000195184,-0.0260666608810425,3.28280378878117,
1741,0.00019544,-0.093012273311615,3.45016780495644,
1742,0.000195696,-0.093012273311615,3.61753182113171,
1743,0.000195952,-0.093012273311615,3.28280378878117,
1744,0.000196208,-0.0260666608810425,3.45016780495644,
1745,0.000196464,-0.0260666608810425,3.28280378878117,
1746,0.00019672,-0.0260666608810425,3.45016780495644,
1747,0.000196976,-0.093012273311615,3.45016780495644,
1748,0.000197232,-0.0260666608810425,3.28280378878117,
1749,0.000197488,-0.0260666608810425,3.28280378878117,
1750,0.000197744,-0.0260666608810425,3.61753182113171,
1751,0.000198,-0.0260666608810425,3.45016780495644,
1752,0.000198256,-0.0260666608810425,3.61753182113171,
1753,0.000198512,-0.0260666608810425,3.45016780495644,
1754,0.000198768,-0.0260666608810425,3.45016780495644,
1755,0.000199024,-0.0260666608810425,3.45016780495644,
1756,0.00019928,-0.0260666608810425,3.45016780495644,
1757,0.000199536,-0.0260666608810425,3.45016780495644,
1758,0.000199792,-0.093012273311615,3.1154397726059,
1759,0.000200048,1.64757364988327,3.45016780495644,
1760,0.000200304,3.18732273578644,0.939707562327385,
1761,0.00020056,3.18732273578644,-3.41175685822964,
1762,0.000200816,3.25426834821701,-3.57912087440491,
1763,0.000201072,3.25426834821701,-3.74648489058018,
1764,0.000201328,3.18732273578644,-3.74648489058018,
1765,0.000201584,3.18732273578644,-3.57912087440491,
1766,0.00020184,3.25426834821701,-3.57912087440491,
1767,0.000202096,3.25426834821701,-2.90966480970383,
1768,0.000202352,3.18732273578644,-3.57912087440491,
1769,0.000202608,3.25426834821701,-3.57912087440491,
1770,0.000202864,3.25426834821701,-3.57912087440491,
1771,0.00020312,3.18732273578644,-3.74648489058018,
1772,0.000203376,3.18732273578644,-3.57912087440491,
1773,0.000203632,3.18732273578644,-3.57912087440491,
1774,0.000203888,3.25426834821701,-3.57912087440491,
1775,0.000204144,3.25426834821701,-3.74648489058018,
1776,0.0002044,3.18732273578644,-3.57912087440491,
1777,0.000204656,3.25426834821701,-3.41175685822964,
1778,0.000204912,3.18732273578644,-3.41175685822964,
1779,0.000205168,3.18732273578644,-3.24439284205437,
1780,0.000205424,3.25426834821701,-3.41175685822964,
1781,0.00020568,3.25426834821701,-3.57912087440491,
1782,0.000205936,3.18732273578644,-3.41175685822964,
1783,0.000206192,3.25426834821701,-3.41175685822964,
1784,0.000206448,3.25426834821701,-3.24439284205437,
1785,0.000206704,3.18732273578644,-3.41175685822964,
1786,0.00020696,3.18732273578644,-3.57912087440491,
1787,0.000207216,3.18732273578644,-3.41175685822964,
1788,0.000207472,3.18732273578644,-3.91384890675545,
1789,0.000207728,3.18732273578644,-3.41175685822964,
1790,0.000207984,3.12037712335587,-3.41175685822964,
1791,0.00020824,3.18732273578644,-3.41175685822964,
1792,0.000208496,3.25426834821701,-3.41175685822964,
1793,0.000208752,3.18732273578644,-3.57912087440491,
1794,0.000209008,3.25426834821701,-3.24439284205437,
1795,0.000209264,3.18732273578644,-3.24439284205437,
1796,0.00020952,3.18732273578644,-3.24439284205437,
1797,0.000209776,3.18732273578644,-3.0770288258791,
1798,0.000210032,3.18732273578644,-3.41175685822964,
1799,0.000210288,3.25426834821701,-3.41175685822964,
1800,0.000210544,3.18732273578644,-3.41175685822964,
1801,0.0002108,3.18732273578644,-3.91384890675545,
1802,0.000211056,3.18732273578644,-2.90966480970383,
1803,0.000211312,3.18732273578644,-3.41175685822964,
1804,0.000211568,3.25426834821701,-3.57912087440491,
1805,0.000211824,3.25426834821701,-3.57912087440491,
1806,0.00021208,3.18732273578644,-3.41175685822964,
1807,0.000212336,3.18732273578644,-3.57912087440491,
1808,0.000212592,3.18732273578644,-3.41175685822964,
1809,0.000212848,3.25426834821701,-3.41175685822964,
1810,0.000213104,3.25426834821701,-3.24439284205437,
1811,0.00021336,3.18732273578644,-3.41175685822964,
1812,0.000213616,3.18732273578644,-3.41175685822964,
1813,0.000213872,3.18732273578644,-3.41175685822964,
1814,0.000214128,3.18732273578644,-3.57912087440491,
1815,0.000214384,3.25426834821701,-3.57912087440491,
1816,0.00021464,3.25426834821701,-3.57912087440491,
1817,0.000214896,3.25426834821701,-3.57912087440491,
1818,0.000215152,3.18732273578644,-3.57912087440491,
1819,0.000215408,3.18732273578644,-3.0770288258791,
1820,0.000215664,3.18732273578644,-3.41175685822964,
1821,0.00021592,3.18732273578644,-3.41175685822964,
1822,0.000216176,3.18732273578644,-3.24439284205437,
1823,0.000216432,3.18732273578644,-3.57912087440491,
1824,0.000216688,3.25426834821701,-3.41175685822964,
1825,0.000216944,3.25426834821701,-3.57912087440491,
1826,0.0002172,3.25426834821701,-3.57912087440491,
1827,0.000217456,3.25426834821701,-3.24439284205437,
1828,0.000217712,3.18732273578644,-3.74648489058018,
1829,0.000217968,3.25426834821701,-3.74648489058018,
1830,0.000218224,3.25426834821701,-3.57912087440491,
1831,0.00021848,3.18732273578644,-3.91384890675545,
1832,0.000218736,3.18732273578644,-3.41175685822964,
1833,0.000218992,3.18732273578644,-3.57912087440491,
1834,0.000219248,3.25426834821701,-3.74648489058018,
1835,0.000219504,3.25426834821701,-3.74648489058018,
1836,0.00021976,3.18732273578644,-4.08121292293072,
1837,0.000220016,3.25426834821701,-3.57912087440491,
1838,0.000220272,3.18732273578644,-3.57912087440491,
1839,0.000220528,3.18732273578644,-3.41175685822964,
1840,0.000220784,3.25426834821701,-3.41175685822964,
1841,0.00022104,3.25426834821701,-3.57912087440491,
1842,0.000221296,3.25426834821701,-3.57912087440491,
1843,0.000221552,3.18732273578644,-3.41175685822964,
1844,0.000221808,3.25426834821701,-3.57912087440491,
1845,0.000222064,3.25426834821701,-3.24439284205437,
1846,0.00022232,3.18732273578644,-3.57912087440491,
1847,0.000222576,3.25426834821701,-3.57912087440491,
1848,0.000222832,3.18732273578644,-3.57912087440491,
1849,0.000223088,3.25426834821701,-3.57912087440491,
1850,0.000223344,3.25426834821701,-3.41175685822964,
1851,0.0002236,3.18732273578644,-3.41175685822964,
1852,0.000223856,3.25426834821701,-3.57912087440491,
1853,0.000224112,3.25426834821701,-3.0770288258791,
1854,0.000224368,3.25426834821701,-3.0770288258791,
1855,0.000224624,3.25426834821701,-3.24439284205437,
1856,0.00022488,3.18732273578644,-3.41175685822964,
1857,0.000225136,-0.0260666608810425,-3.0770288258791,
1858,0.000225392,-0.0260666608810425,2.44598370790482,
1859,0.000225648,0.04087895154953,3.28280378878117,
1860,0.000225904,-0.0260666608810425,3.1154397726059,
1861,0.00022616,-0.0260666608810425,3.45016780495644,
1862,0.000226416,-0.0260666608810425,2.61334772408009,
1863,0.000226672,-0.0260666608810425,3.28280378878117,
1864,0.000226928,-0.0260666608810425,3.28280378878117,
1865,0.000227184,-0.0260666608810425,2.94807575643063,
1866,0.00022744,-0.0260666608810425,3.28280378878117,
1867,0.000227696,-0.0260666608810425,3.28280378878117,
1868,0.000227952,-0.093012273311615,3.45016780495644,
1869,0.000228208,-0.0260666608810425,3.45016780495644,
1870,0.000228464,-0.0260666608810425,2.61334772408009,
1871,0.00022872,-0.0260666608810425,3.45016780495644,
1872,0.000228976,-0.0260666608810425,3.45016780495644,
1873,0.000229232,-0.0260666608810425,3.28280378878117,
1874,0.000229488,-0.093012273311615,3.45016780495644,
1875,0.000229744,-0.0260666608810425,3.28280378878117,
1876,0.00023,-0.093012273311615,3.28280378878117,
1877,0.000230256,-0.0260666608810425,3.28280378878117,
1878,0.000230512,-0.093012273311615,3.45016780495644,
1879,0.000230768,-0.0260666608810425,3.28280378878117,
1880,0.000231024,-0.0260666608810425,3.28280378878117,
1881,0.00023128,-0.0260666608810425,3.45016780495644,
1882,0.000231536,-0.093012273311615,3.28280378878117,
1883,0.000231792,-0.0260666608810425,3.45016780495644,
1884,0.000232048,-0.0260666608810425,3.45016780495644,
1885,0.000232304,-0.0260666608810425,3.28280378878117,
1886,0.00023256,-0.0260666608810425,3.45016780495644,
1887,0.000232816,-0.0260666608810425,3.1154397726059,
1888,0.000233072,-0.0260666608810425,3.28280378878117,
1889,0.000233328,-0.0260666608810425,3.45016780495644,
1890,0.000233584,-0.0260666608810425,3.28280378878117,
1891,0.00023384,-0.093012273311615,3.78489583730698,
1892,0.000234096,-0.093012273311615,3.45016780495644,
1893,0.000234352,-0.0260666608810425,3.45016780495644,
1894,0.000234608,-0.0260666608810425,3.45016780495644,
1895,0.000234864,-0.093012273311615,3.61753182113171,
1896,0.00023512,-0.0260666608810425,3.61753182113171,
1897,0.000235376,-0.0260666608810425,3.45016780495644,
1898,0.000235632,-0.0260666608810425,3.45016780495644,
1899,0.000235888,-0.0260666608810425,3.45016780495644,
1900,0.000236144,-0.093012273311615,3.1154397726059,
1901,0.0002364,-0.0260666608810425,3.45016780495644,
1902,0.000236656,-0.0260666608810425,3.45016780495644,
1903,0.000236912,-0.0260666608810425,3.45016780495644,
1904,0.000237168,-0.093012273311615,3.61753182113171,
1905,0.000237424,-0.0260666608810425,2.94807575643063,
1906,0.00023768,-0.0260666608810425,3.28280378878117,
1907,0.000237936,-0.093012273311615,3.45016780495644,
1908,0.000238192,-0.093012273311615,3.28280378878117,
1909,0.000238448,-0.093012273311615,3.28280378878117,
1910,0.000238704,-0.0260666608810425,3.28280378878117,
1911,0.00023896,-0.0260666608810425,3.45016780495644,
1912,0.000239216,-0.0260666608810425,3.45016780495644,
1913,0.000239472,-0.0260666608810425,3.1154397726059,
1914,0.000239728,-0.0260666608810425,3.45016780495644,
1915,0.000239984,-0.0260666608810425,3.45016780495644,
1916,0.00024024,-0.0260666608810425,3.45016780495644,
1917,0.000240496,-0.0260666608810425,3.28280378878117,
1918,0.000240752,-0.0260666608810425,3.28280378878117,
1919,0.000241008,-0.0260666608810425,3.45016780495644,
1920,0.000241264,-0.093012273311615,3.28280378878117,
1921,0.00024152,-0.093012273311615,3.45016780495644,
1922,0.000241776,-0.0260666608810425,2.94807575643063,
1923,0.000242032,-0.0260666608810425,3.1154397726059,
1924,0.000242288,-0.0260666608810425,3.28280378878117,
1925,0.000242544,-0.0260666608810425,3.1154397726059,
1926,0.0002428,-0.0260666608810425,3.45016780495644,
1927,0.000243056,-0.0260666608810425,3.28280378878117,
1928,0.000243312,-0.0260666608810425,3.1154397726059,
1929,0.000243568,-0.0260666608810425,3.45016780495644,
1930,0.000243824,-0.0260666608810425,2.78071174025536,
1931,0.00024408,-0.0260666608810425,3.45016780495644,
1932,0.000244336,-0.0260666608810425,3.45016780495644,
1933,0.000244592,-0.0260666608810425,3.28280378878117,
1934,0.000244848,-0.0260666608810425,3.61753182113171,
1935,0.000245104,-0.0260666608810425,3.28280378878117,
1936,0.00024536,-0.093012273311615,3.28280378878117,
1937,0.000245616,-0.0260666608810425,3.45016780495644,
1938,0.000245872,-0.0260666608810425,3.45016780495644,
1939,0.000246128,-0.0260666608810425,3.45016780495644,
1940,0.000246384,-0.0260666608810425,3.45016780495644,
1941,0.00024664,-0.0260666608810425,3.28280378878117,
1942,0.000246896,-0.0260666608810425,3.45016780495644,
1943,0.000247152,-0.0260666608810425,3.28280378878117,
1944,0.000247408,-0.093012273311615,3.45016780495644,
1945,0.000247664,-0.0260666608810425,3.45016780495644,
1946,0.00024792,-0.0260666608810425,3.61753182113171,
1947,0.000248176,-0.0260666608810425,3.45016780495644,
1948,0.000248432,-0.0260666608810425,3.28280378878117,
1949,0.000248688,-0.0260666608810425,3.28280378878117,
1950,0.000248944,-0.0260666608810425,3.45016780495644,
1951,0.0002492,-0.0260666608810425,3.45016780495644,
1952,0.000249456,-0.0260666608810425,3.28280378878117,
1953,0.000249712,-0.0260666608810425,3.45016780495644,
