Model: ,Oscilloscope DSO-X 4022A
Serial Number:,MY57310245
Address: ,USBInstrument1
Date: ,2026-07-10 19:08:27

Sample Number,Time (s),1 (VOLT),2 (VOLT),
1,-0.00025,-0.0260666608810425,-7.14376540482044,
2,-0.000249744,-0.0260666608810425,-4.96803319454193,
3,-0.000249488,-0.093012273311615,-6.97640138864517,
4,-0.000249232,0.04087895154953,-6.97640138864517,
5,-0.000248976,-0.0260666608810425,-7.31112942099571,
6,-0.00024872,-0.0260666608810425,-6.97640138864517,
7,-0.000248464,-0.093012273311615,-6.97640138864517,
8,-0.000248208,-0.0260666608810425,-6.97640138864517,
9,-0.000247952,-0.0260666608810425,-6.97640138864517,
10,-0.000247696,-0.093012273311615,-7.14376540482044,
11,-0.00024744,-0.0260666608810425,-6.97640138864517,
12,-0.000247184,-0.0260666608810425,-6.97640138864517,
13,-0.000246928,-0.093012273311615,-6.8090373724699,
14,-0.000246672,-0.0260666608810425,-7.14376540482044,
15,-0.000246416,0.04087895154953,-7.14376540482044,
16,-0.00024616,-0.0260666608810425,-6.97640138864517,
17,-0.000245904,-0.0260666608810425,-7.14376540482044,
18,-0.000245648,-0.093012273311615,-6.97640138864517,
19,-0.000245392,-0.0260666608810425,-6.97640138864517,
20,-0.000245136,-0.0260666608810425,-7.14376540482044,
21,-0.00024488,-0.0260666608810425,-6.97640138864517,
22,-0.000244624,-0.0260666608810425,-7.47849343717098,
23,-0.000244368,-0.0260666608810425,-6.97640138864517,
24,-0.000244112,-0.0260666608810425,-6.97640138864517,
25,-0.000243856,-0.0260666608810425,-6.97640138864517,
26,-0.0002436,-0.0260666608810425,-6.64167335629463,
27,-0.000243344,-0.0260666608810425,-6.97640138864517,
28,-0.000243088,-0.0260666608810425,-6.97640138864517,
29,-0.000242832,-0.0260666608810425,-6.97640138864517,
30,-0.000242576,-0.0260666608810425,-6.8090373724699,
31,-0.00024232,-0.0260666608810425,-6.8090373724699,
32,-0.000242064,-0.0260666608810425,-6.97640138864517,
33,-0.000241808,-0.0260666608810425,-6.8090373724699,
34,-0.000241552,-0.0260666608810425,-7.14376540482044,
35,-0.000241296,-0.0260666608810425,-6.97640138864517,
36,-0.00024104,-0.0260666608810425,-6.8090373724699,
37,-0.000240784,-0.0260666608810425,-6.97640138864517,
38,-0.000240528,-0.0260666608810425,-6.97640138864517,
39,-0.000240272,-0.0260666608810425,-7.14376540482044,
40,-0.000240016,-0.0260666608810425,-6.97640138864517,
41,-0.00023976,-0.0260666608810425,-6.97640138864517,
42,-0.000239504,-0.0260666608810425,-6.97640138864517,
43,-0.000239248,-0.0260666608810425,-6.97640138864517,
44,-0.000238992,-0.0260666608810425,-6.8090373724699,
45,-0.000238736,-0.0260666608810425,-6.8090373724699,
46,-0.00023848,-0.0260666608810425,-6.97640138864517,
47,-0.000238224,-0.0260666608810425,-6.97640138864517,
48,-0.000237968,-0.0260666608810425,-7.14376540482044,
49,-0.000237712,-0.0260666608810425,-6.97640138864517,
50,-0.000237456,-0.0260666608810425,-6.97640138864517,
51,-0.0002372,-0.0260666608810425,-7.14376540482044,
52,-0.000236944,-0.0260666608810425,-7.14376540482044,
53,-0.000236688,-0.0260666608810425,-6.8090373724699,
54,-0.000236432,-0.0260666608810425,-6.97640138864517,
55,-0.000236176,-0.0260666608810425,-6.97640138864517,
56,-0.00023592,0.04087895154953,-6.8090373724699,
57,-0.000235664,0.04087895154953,-7.31112942099571,
58,-0.000235408,-0.0260666608810425,-6.97640138864517,
59,-0.000235152,-0.0260666608810425,-6.97640138864517,
60,-0.000234896,-0.0260666608810425,-7.14376540482044,
61,-0.00023464,-0.0260666608810425,-6.8090373724699,
62,-0.000234384,0.04087895154953,-6.8090373724699,
63,-0.000234128,-0.0260666608810425,-6.8090373724699,
64,-0.000233872,-0.0260666608810425,-7.14376540482044,
65,-0.000233616,-0.0260666608810425,-7.47849343717098,
66,-0.00023336,-0.0260666608810425,-7.14376540482044,
67,-0.000233104,-0.0260666608810425,-7.14376540482044,
68,-0.000232848,-0.0260666608810425,-6.8090373724699,
69,-0.000232592,-0.093012273311615,-6.8090373724699,
70,-0.000232336,0.04087895154953,-7.14376540482044,
71,-0.00023208,-0.0260666608810425,-6.97640138864517,
72,-0.000231824,-0.0260666608810425,-6.97640138864517,
73,-0.000231568,-0.0260666608810425,-6.8090373724699,
74,-0.000231312,0.04087895154953,-6.8090373724699,
75,-0.000231056,-0.0260666608810425,-6.97640138864517,
76,-0.0002308,-0.0260666608810425,-7.14376540482044,
77,-0.000230544,-0.0260666608810425,-7.14376540482044,
78,-0.000230288,-0.0260666608810425,-6.97640138864517,
79,-0.000230032,0.04087895154953,-6.97640138864517,
80,-0.000229776,-0.0260666608810425,-6.97640138864517,
81,-0.00022952,-0.0260666608810425,-6.97640138864517,
82,-0.000229264,-0.0260666608810425,-7.14376540482044,
83,-0.000229008,-0.0260666608810425,-6.97640138864517,
84,-0.000228752,-0.0260666608810425,-6.97640138864517,
85,-0.000228496,-0.0260666608810425,-6.97640138864517,
86,-0.00022824,-0.093012273311615,-6.97640138864517,
87,-0.000227984,-0.0260666608810425,-6.8090373724699,
88,-0.000227728,-0.0260666608810425,-6.97640138864517,
89,-0.000227472,-0.093012273311615,-6.8090373724699,
90,-0.000227216,0.04087895154953,-6.97640138864517,
91,-0.00022696,0.04087895154953,-7.14376540482044,
92,-0.000226704,-0.0260666608810425,-6.97640138864517,
93,-0.000226448,-0.0260666608810425,-6.97640138864517,
94,-0.000226192,-0.0260666608810425,-6.8090373724699,
95,-0.000225936,-0.0260666608810425,-6.97640138864517,
96,-0.00022568,-0.0260666608810425,-6.97640138864517,
97,-0.000225424,-0.0260666608810425,-6.8090373724699,
98,-0.000225168,-0.0260666608810425,-6.97640138864517,
99,-0.000224912,-0.0260666608810425,-6.64167335629463,
100,-0.000224656,-0.0260666608810425,-1.45338885486126,
101,-0.0002244,-0.0260666608810425,5.40853580832481,
102,-0.000224144,-0.093012273311615,6.74744793772697,
103,-0.000223888,-0.0260666608810425,6.91481195390224,
104,-0.000223632,-0.0260666608810425,6.5800839215517,
105,-0.000223376,-0.0260666608810425,6.91481195390224,
106,-0.00022312,-0.0260666608810425,6.74744793772697,
107,-0.000222864,0.04087895154953,6.74744793772697,
108,-0.000222608,0.04087895154953,7.41690400242805,
109,-0.000222352,-0.0260666608810425,7.08217597007751,
110,-0.000222096,-0.0260666608810425,6.91481195390224,
111,-0.00022184,-0.0260666608810425,6.91481195390224,
112,-0.000221584,-0.0260666608810425,6.74744793772697,
113,-0.000221328,-0.0260666608810425,7.08217597007751,
114,-0.000221072,-0.0260666608810425,6.91481195390224,
115,-0.000220816,-0.0260666608810425,7.08217597007751,
116,-0.00022056,-0.0260666608810425,6.74744793772697,
117,-0.000220304,-0.093012273311615,6.74744793772697,
118,-0.000220048,-0.0260666608810425,7.08217597007751,
119,-0.000219792,-0.0260666608810425,6.74744793772697,
120,-0.000219536,-0.0260666608810425,6.91481195390224,
121,-0.00021928,-0.0260666608810425,6.91481195390224,
122,-0.000219024,-0.0260666608810425,6.91481195390224,
123,-0.000218768,-0.0260666608810425,6.91481195390224,
124,-0.000218512,-0.0260666608810425,6.91481195390224,
125,-0.000218256,-0.0260666608810425,6.91481195390224,
126,-0.000218,-0.0260666608810425,6.91481195390224,
127,-0.000217744,-0.0260666608810425,6.91481195390224,
128,-0.000217488,-0.0260666608810425,6.91481195390224,
129,-0.000217232,-0.0260666608810425,6.91481195390224,
130,-0.000216976,-0.0260666608810425,6.91481195390224,
131,-0.00021672,-0.0260666608810425,6.91481195390224,
132,-0.000216464,-0.0260666608810425,6.91481195390224,
133,-0.000216208,-0.0260666608810425,6.91481195390224,
134,-0.000215952,-0.0260666608810425,7.08217597007751,
135,-0.000215696,-0.0260666608810425,6.91481195390224,
136,-0.00021544,-0.0260666608810425,7.08217597007751,
137,-0.000215184,-0.0260666608810425,6.91481195390224,
138,-0.000214928,-0.0260666608810425,6.91481195390224,
139,-0.000214672,-0.0260666608810425,6.74744793772697,
140,-0.000214416,-0.0260666608810425,6.91481195390224,
141,-0.00021416,-0.093012273311615,6.91481195390224,
142,-0.000213904,-0.0260666608810425,6.5800839215517,
143,-0.000213648,-0.0260666608810425,7.08217597007751,
144,-0.000213392,-0.0260666608810425,6.74744793772697,
145,-0.000213136,-0.0260666608810425,6.91481195390224,
146,-0.00021288,-0.0260666608810425,6.91481195390224,
147,-0.000212624,-0.0260666608810425,6.91481195390224,
148,-0.000212368,-0.093012273311615,6.91481195390224,
149,-0.000212112,-0.093012273311615,6.74744793772697,
150,-0.000211856,-0.0260666608810425,6.91481195390224,
151,-0.0002116,-0.0260666608810425,7.41690400242805,
152,-0.000211344,-0.0260666608810425,6.74744793772697,
153,-0.000211088,-0.0260666608810425,6.74744793772697,
154,-0.000210832,-0.0260666608810425,7.08217597007751,
155,-0.000210576,-0.0260666608810425,6.5800839215517,
156,-0.00021032,-0.0260666608810425,6.74744793772697,
157,-0.000210064,-0.0260666608810425,6.5800839215517,
158,-0.000209808,-0.0260666608810425,6.91481195390224,
159,-0.000209552,0.04087895154953,6.74744793772697,
160,-0.000209296,-0.0260666608810425,6.41271990537643,
161,-0.00020904,-0.0260666608810425,6.91481195390224,
162,-0.000208784,-0.0260666608810425,6.74744793772697,
163,-0.000208528,-0.0260666608810425,6.74744793772697,
164,-0.000208272,-0.0260666608810425,6.74744793772697,
165,-0.000208016,-0.0260666608810425,6.5800839215517,
166,-0.00020776,-0.0260666608810425,6.74744793772697,
167,-0.000207504,-0.0260666608810425,6.91481195390224,
168,-0.000207248,-0.159957885742188,6.74744793772697,
169,-0.000206992,-0.0260666608810425,7.08217597007751,
170,-0.000206736,-0.0260666608810425,6.74744793772697,
171,-0.00020648,0.04087895154953,6.74744793772697,
172,-0.000206224,-0.0260666608810425,6.74744793772697,
173,-0.000205968,-0.0260666608810425,6.91481195390224,
174,-0.000205712,-0.0260666608810425,6.74744793772697,
175,-0.000205456,-0.0260666608810425,6.91481195390224,
176,-0.0002052,-0.0260666608810425,6.74744793772697,
177,-0.000204944,-0.0260666608810425,7.24953998625278,
178,-0.000204688,-0.0260666608810425,6.91481195390224,
179,-0.000204432,0.04087895154953,6.91481195390224,
180,-0.000204176,-0.093012273311615,6.91481195390224,
181,-0.00020392,-0.0260666608810425,6.91481195390224,
182,-0.000203664,-0.0260666608810425,6.74744793772697,
183,-0.000203408,-0.093012273311615,6.91481195390224,
184,-0.000203152,-0.0260666608810425,6.74744793772697,
185,-0.000202896,-0.0260666608810425,6.5800839215517,
186,-0.00020264,-0.159957885742188,6.91481195390224,
187,-0.000202384,-0.0260666608810425,6.91481195390224,
188,-0.000202128,-0.0260666608810425,6.74744793772697,
189,-0.000201872,-0.0260666608810425,6.91481195390224,
190,-0.000201616,-0.0260666608810425,6.91481195390224,
191,-0.00020136,-0.0260666608810425,6.91481195390224,
192,-0.000201104,-0.0260666608810425,6.74744793772697,
193,-0.000200848,-0.093012273311615,6.91481195390224,
194,-0.000200592,-0.0260666608810425,7.41690400242805,
195,-0.000200336,-0.093012273311615,6.91481195390224,
196,-0.00020008,-0.0260666608810425,6.91481195390224,
197,-0.000199824,3.25426834821701,6.5800839215517,
198,-0.000199568,3.18732273578644,0.220251306891441,
199,-0.000199312,3.18732273578644,-6.13958130776882,
200,-0.000199056,3.18732273578644,-7.14376540482044,
201,-0.0001988,3.25426834821701,-7.14376540482044,
202,-0.000198544,3.25426834821701,-7.14376540482044,
203,-0.000198288,3.18732273578644,-7.31112942099571,
204,-0.000198032,3.18732273578644,-6.8090373724699,
205,-0.000197776,3.25426834821701,-6.97640138864517,
206,-0.00019752,3.18732273578644,-6.8090373724699,
207,-0.000197264,3.18732273578644,-6.8090373724699,
208,-0.000197008,3.18732273578644,-6.97640138864517,
209,-0.000196752,3.18732273578644,-6.97640138864517,
210,-0.000196496,3.18732273578644,-6.97640138864517,
211,-0.00019624,3.18732273578644,-7.31112942099571,
212,-0.000195984,3.18732273578644,-6.47430934011936,
213,-0.000195728,3.18732273578644,-6.97640138864517,
214,-0.000195472,3.18732273578644,-6.97640138864517,
215,-0.000195216,3.18732273578644,-6.97640138864517,
216,-0.00019496,3.25426834821701,-7.14376540482044,
217,-0.000194704,3.18732273578644,-6.8090373724699,
218,-0.000194448,3.25426834821701,-6.97640138864517,
219,-0.000194192,3.25426834821701,-6.8090373724699,
220,-0.000193936,3.18732273578644,-6.47430934011936,
221,-0.00019368,3.18732273578644,-6.8090373724699,
222,-0.000193424,3.25426834821701,-6.8090373724699,
223,-0.000193168,3.18732273578644,-6.8090373724699,
224,-0.000192912,3.18732273578644,-6.64167335629463,
225,-0.000192656,3.25426834821701,-6.97640138864517,
226,-0.0001924,3.18732273578644,-6.97640138864517,
227,-0.000192144,3.25426834821701,-6.97640138864517,
228,-0.000191888,3.25426834821701,-7.14376540482044,
229,-0.000191632,3.18732273578644,-6.8090373724699,
230,-0.000191376,3.25426834821701,-7.14376540482044,
231,-0.00019112,3.18732273578644,-7.14376540482044,
232,-0.000190864,3.32121396064758,-6.97640138864517,
233,-0.000190608,3.18732273578644,-7.14376540482044,
234,-0.000190352,3.18732273578644,-6.97640138864517,
235,-0.000190096,3.25426834821701,-6.97640138864517,
236,-0.00018984,3.25426834821701,-6.97640138864517,
237,-0.000189584,3.18732273578644,-6.64167335629463,
238,-0.000189328,3.25426834821701,-6.97640138864517,
239,-0.000189072,3.18732273578644,-6.97640138864517,
240,-0.000188816,3.25426834821701,-6.8090373724699,
241,-0.00018856,3.18732273578644,-7.31112942099571,
242,-0.000188304,3.25426834821701,-6.97640138864517,
243,-0.000188048,3.25426834821701,-6.97640138864517,
244,-0.000187792,3.18732273578644,-6.8090373724699,
245,-0.000187536,3.25426834821701,-6.97640138864517,
246,-0.00018728,3.18732273578644,-7.14376540482044,
247,-0.000187024,3.25426834821701,-6.8090373724699,
248,-0.000186768,3.18732273578644,-6.8090373724699,
249,-0.000186512,3.25426834821701,-6.97640138864517,
250,-0.000186256,3.25426834821701,-6.8090373724699,
251,-0.000186,3.25426834821701,-6.97640138864517,
252,-0.000185744,3.25426834821701,-6.97640138864517,
253,-0.000185488,3.25426834821701,-6.97640138864517,
254,-0.000185232,3.25426834821701,-7.31112942099571,
255,-0.000184976,3.18732273578644,-6.47430934011936,
256,-0.00018472,3.18732273578644,-6.97640138864517,
257,-0.000184464,3.25426834821701,-6.97640138864517,
258,-0.000184208,3.18732273578644,-7.14376540482044,
259,-0.000183952,3.18732273578644,-6.8090373724699,
260,-0.000183696,3.25426834821701,-6.8090373724699,
261,-0.00018344,3.18732273578644,-6.8090373724699,
262,-0.000183184,3.25426834821701,-6.8090373724699,
263,-0.000182928,3.25426834821701,-6.47430934011936,
264,-0.000182672,3.25426834821701,-6.8090373724699,
265,-0.000182416,3.18732273578644,-6.8090373724699,
266,-0.00018216,3.18732273578644,-6.8090373724699,
267,-0.000181904,3.25426834821701,-6.8090373724699,
268,-0.000181648,3.18732273578644,-6.8090373724699,
269,-0.000181392,3.18732273578644,-6.97640138864517,
270,-0.000181136,3.25426834821701,-6.97640138864517,
271,-0.00018088,3.25426834821701,-7.14376540482044,
272,-0.000180624,3.25426834821701,-6.64167335629463,
273,-0.000180368,3.25426834821701,-6.97640138864517,
274,-0.000180112,3.18732273578644,-6.97640138864517,
275,-0.000179856,3.25426834821701,-6.8090373724699,
276,-0.0001796,3.18732273578644,-6.97640138864517,
277,-0.000179344,3.18732273578644,-6.97640138864517,
278,-0.000179088,3.18732273578644,-6.8090373724699,
279,-0.000178832,3.18732273578644,-7.14376540482044,
280,-0.000178576,3.18732273578644,-6.47430934011936,
281,-0.00017832,3.18732273578644,-6.97640138864517,
282,-0.000178064,3.25426834821701,-6.97640138864517,
283,-0.000177808,3.25426834821701,-6.97640138864517,
284,-0.000177552,3.18732273578644,-7.31112942099571,
285,-0.000177296,3.18732273578644,-6.8090373724699,
286,-0.00017704,3.25426834821701,-6.8090373724699,
287,-0.000176784,3.25426834821701,-7.14376540482044,
288,-0.000176528,3.25426834821701,-6.97640138864517,
289,-0.000176272,3.25426834821701,-7.14376540482044,
290,-0.000176016,3.18732273578644,-6.8090373724699,
291,-0.00017576,3.25426834821701,-6.97640138864517,
292,-0.000175504,3.18732273578644,-6.97640138864517,
293,-0.000175248,3.18732273578644,-6.97640138864517,
294,-0.000174992,3.18732273578644,-7.14376540482044,
295,-0.000174736,-0.0260666608810425,-3.96384909749031,
296,-0.00017448,-0.0260666608810425,3.2328035980463,
297,-0.000174224,-0.0260666608810425,6.91481195390224,
298,-0.000173968,-0.0260666608810425,6.5800839215517,
299,-0.000173712,-0.093012273311615,6.91481195390224,
300,-0.000173456,-0.0260666608810425,6.74744793772697,
301,-0.0001732,-0.093012273311615,6.91481195390224,
302,-0.000172944,-0.0260666608810425,6.91481195390224,
303,-0.000172688,-0.0260666608810425,6.91481195390224,
304,-0.000172432,-0.0260666608810425,6.74744793772697,
305,-0.000172176,-0.0260666608810425,6.91481195390224,
306,-0.00017192,-0.0260666608810425,6.74744793772697,
307,-0.000171664,-0.0260666608810425,6.74744793772697,
308,-0.000171408,-0.0260666608810425,6.91481195390224,
309,-0.000171152,-0.093012273311615,6.91481195390224,
310,-0.000170896,-0.0260666608810425,6.5800839215517,
311,-0.00017064,-0.093012273311615,7.24953998625278,
312,-0.000170384,-0.0260666608810425,7.24953998625278,
313,-0.000170128,-0.0260666608810425,6.91481195390224,
314,-0.000169872,-0.093012273311615,7.24953998625278,
315,-0.000169616,-0.093012273311615,6.24535588920116,
316,-0.00016936,-0.0260666608810425,6.91481195390224,
317,-0.000169104,-0.0260666608810425,7.08217597007751,
318,-0.000168848,-0.0260666608810425,6.74744793772697,
319,-0.000168592,0.04087895154953,6.91481195390224,
320,-0.000168336,-0.0260666608810425,6.91481195390224,
321,-0.00016808,-0.0260666608810425,6.91481195390224,
322,-0.000167824,-0.0260666608810425,6.91481195390224,
323,-0.000167568,-0.0260666608810425,6.07799187302589,
324,-0.000167312,-0.0260666608810425,6.91481195390224,
325,-0.000167056,-0.0260666608810425,6.74744793772697,
326,-0.0001668,-0.093012273311615,6.5800839215517,
327,-0.000166544,-0.0260666608810425,6.91481195390224,
328,-0.000166288,-0.159957885742188,6.74744793772697,
329,-0.000166032,-0.093012273311615,6.5800839215517,
330,-0.000165776,-0.0260666608810425,6.74744793772697,
331,-0.00016552,-0.0260666608810425,6.41271990537643,
332,-0.000165264,-0.0260666608810425,6.91481195390224,
333,-0.000165008,0.04087895154953,6.5800839215517,
334,-0.000164752,-0.0260666608810425,6.74744793772697,
335,-0.000164496,-0.0260666608810425,6.74744793772697,
336,-0.00016424,-0.093012273311615,6.5800839215517,
337,-0.000163984,-0.0260666608810425,6.74744793772697,
338,-0.000163728,-0.0260666608810425,6.91481195390224,
339,-0.000163472,-0.093012273311615,6.91481195390224,
340,-0.000163216,-0.159957885742188,6.5800839215517,
341,-0.00016296,-0.0260666608810425,6.5800839215517,
342,-0.000162704,-0.093012273311615,6.91481195390224,
343,-0.000162448,-0.0260666608810425,6.91481195390224,
344,-0.000162192,-0.0260666608810425,6.74744793772697,
345,-0.000161936,-0.093012273311615,6.74744793772697,
346,-0.00016168,-0.0260666608810425,6.74744793772697,
347,-0.000161424,-0.0260666608810425,6.74744793772697,
348,-0.000161168,-0.0260666608810425,6.91481195390224,
349,-0.000160912,-0.0260666608810425,6.41271990537643,
350,-0.000160656,-0.0260666608810425,6.5800839215517,
351,-0.0001604,-0.0260666608810425,6.74744793772697,
352,-0.000160144,-0.0260666608810425,6.91481195390224,
353,-0.000159888,-0.093012273311615,6.5800839215517,
354,-0.000159632,-0.0260666608810425,6.91481195390224,
355,-0.000159376,-0.0260666608810425,6.91481195390224,
356,-0.00015912,-0.0260666608810425,6.91481195390224,
357,-0.000158864,-0.093012273311615,7.08217597007751,
358,-0.000158608,-0.0260666608810425,6.41271990537643,
359,-0.000158352,0.04087895154953,6.91481195390224,
360,-0.000158096,-0.0260666608810425,7.08217597007751,
361,-0.00015784,-0.0260666608810425,6.91481195390224,
362,-0.000157584,-0.0260666608810425,7.08217597007751,
363,-0.000157328,-0.0260666608810425,7.08217597007751,
364,-0.000157072,0.04087895154953,6.91481195390224,
365,-0.000156816,-0.093012273311615,6.74744793772697,
366,-0.00015656,-0.0260666608810425,6.24535588920116,
367,-0.000156304,0.04087895154953,6.91481195390224,
368,-0.000156048,-0.0260666608810425,6.91481195390224,
369,-0.000155792,-0.093012273311615,6.91481195390224,
370,-0.000155536,-0.0260666608810425,7.08217597007751,
371,-0.00015528,-0.0260666608810425,6.74744793772697,
372,-0.000155024,-0.0260666608810425,6.74744793772697,
373,-0.000154768,-0.0260666608810425,6.91481195390224,
374,-0.000154512,-0.0260666608810425,6.91481195390224,
375,-0.000154256,-0.0260666608810425,7.08217597007751,
376,-0.000154,-0.0260666608810425,6.74744793772697,
377,-0.000153744,-0.0260666608810425,6.91481195390224,
378,-0.000153488,-0.0260666608810425,6.74744793772697,
379,-0.000153232,-0.0260666608810425,6.5800839215517,
380,-0.000152976,-0.0260666608810425,6.91481195390224,
381,-0.00015272,-0.0260666608810425,6.91481195390224,
382,-0.000152464,-0.093012273311615,6.91481195390224,
383,-0.000152208,-0.0260666608810425,7.08217597007751,
384,-0.000151952,-0.0260666608810425,6.5800839215517,
385,-0.000151696,-0.0260666608810425,6.91481195390224,
386,-0.00015144,-0.0260666608810425,6.74744793772697,
387,-0.000151184,-0.0260666608810425,6.74744793772697,
388,-0.000150928,-0.093012273311615,6.91481195390224,
389,-0.000150672,-0.0260666608810425,6.74744793772697,
390,-0.000150416,-0.0260666608810425,6.74744793772697,
391,-0.00015016,-0.0260666608810425,6.74744793772697,
392,-0.000149904,-0.093012273311615,6.24535588920116,
393,-0.000149648,-0.093012273311615,6.07799187302589,
394,-0.000149392,-0.0260666608810425,6.74744793772697,
395,-0.000149136,-0.0260666608810425,6.74744793772697,
396,-0.00014888,-0.093012273311615,6.74744793772697,
397,-0.000148624,-0.0260666608810425,6.74744793772697,
398,-0.000148368,-0.0260666608810425,6.74744793772697,
399,-0.000148112,-0.0260666608810425,6.74744793772697,
400,-0.000147856,-0.0260666608810425,7.08217597007751,
401,-0.0001476,-0.093012273311615,6.24535588920116,
402,-0.000147344,-0.0260666608810425,6.74744793772697,
403,-0.000147088,-0.0260666608810425,6.74744793772697,
404,-0.000146832,-0.0260666608810425,6.74744793772697,
405,-0.000146576,-0.093012273311615,6.91481195390224,
406,-0.00014632,-0.0260666608810425,7.08217597007751,
407,-0.000146064,-0.0260666608810425,6.74744793772697,
408,-0.000145808,-0.0260666608810425,6.91481195390224,
409,-0.000145552,0.04087895154953,6.24535588920116,
410,-0.000145296,-0.0260666608810425,6.91481195390224,
411,-0.00014504,-0.093012273311615,6.74744793772697,
412,-0.000144784,-0.0260666608810425,6.74744793772697,
413,-0.000144528,-0.0260666608810425,7.24953998625278,
414,-0.000144272,-0.0260666608810425,6.74744793772697,
415,-0.000144016,-0.0260666608810425,6.74744793772697,
416,-0.00014376,-0.0260666608810425,6.91481195390224,
417,-0.000143504,-0.0260666608810425,6.91481195390224,
418,-0.000143248,-0.0260666608810425,6.91481195390224,
419,-0.000142992,-0.0260666608810425,6.74744793772697,
420,-0.000142736,-0.0260666608810425,6.74744793772697,
421,-0.00014248,-0.0260666608810425,6.74744793772697,
422,-0.000142224,-0.0260666608810425,6.91481195390224,
423,-0.000141968,-0.0260666608810425,7.08217597007751,
424,-0.000141712,-0.0260666608810425,7.24953998625278,
425,-0.000141456,-0.0260666608810425,7.08217597007751,
426,-0.0001412,-0.0260666608810425,7.24953998625278,
427,-0.000140944,-0.0260666608810425,6.5800839215517,
428,-0.000140688,-0.093012273311615,6.91481195390224,
429,-0.000140432,-0.0260666608810425,7.08217597007751,
430,-0.000140176,-0.0260666608810425,6.91481195390224,
431,-0.00013992,-0.0260666608810425,6.91481195390224,
432,-0.000139664,-0.0260666608810425,6.74744793772697,
433,-0.000139408,-0.0260666608810425,6.74744793772697,
434,-0.000139152,-0.093012273311615,6.91481195390224,
435,-0.000138896,-0.0260666608810425,6.5800839215517,
436,-0.00013864,-0.0260666608810425,6.74744793772697,
437,-0.000138384,-0.0260666608810425,6.91481195390224,
438,-0.000138128,-0.093012273311615,6.91481195390224,
439,-0.000137872,-0.0260666608810425,6.5800839215517,
440,-0.000137616,-0.0260666608810425,6.91481195390224,
441,-0.00013736,-0.0260666608810425,6.91481195390224,
442,-0.000137104,-0.0260666608810425,6.74744793772697,
443,-0.000136848,-0.093012273311615,6.91481195390224,
444,-0.000136592,-0.0260666608810425,6.24535588920116,
445,-0.000136336,-0.093012273311615,6.91481195390224,
446,-0.00013608,-0.093012273311615,6.5800839215517,
447,-0.000135824,-0.0260666608810425,6.74744793772697,
448,-0.000135568,-0.093012273311615,6.91481195390224,
449,-0.000135312,-0.0260666608810425,6.74744793772697,
450,-0.000135056,-0.0260666608810425,6.74744793772697,
451,-0.0001348,-0.0260666608810425,6.74744793772697,
452,-0.000134544,-0.0260666608810425,6.24535588920116,
453,-0.000134288,-0.0260666608810425,6.74744793772697,
454,-0.000134032,-0.0260666608810425,6.74744793772697,
455,-0.000133776,-0.0260666608810425,6.5800839215517,
456,-0.00013352,-0.0260666608810425,7.08217597007751,
457,-0.000133264,-0.093012273311615,6.41271990537643,
458,-0.000133008,-0.093012273311615,6.5800839215517,
459,-0.000132752,-0.0260666608810425,6.74744793772697,
460,-0.000132496,-0.0260666608810425,6.74744793772697,
461,-0.00013224,-0.093012273311615,7.08217597007751,
462,-0.000131984,-0.0260666608810425,6.74744793772697,
463,-0.000131728,0.04087895154953,6.74744793772697,
464,-0.000131472,0.04087895154953,6.74744793772697,
465,-0.000131216,-0.0260666608810425,6.41271990537643,
466,-0.00013096,-0.093012273311615,6.74744793772697,
467,-0.000130704,-0.093012273311615,6.74744793772697,
468,-0.000130448,-0.0260666608810425,6.5800839215517,
469,-0.000130192,-0.093012273311615,6.91481195390224,
470,-0.000129936,-0.0260666608810425,6.41271990537643,
471,-0.00012968,-0.0260666608810425,6.74744793772697,
472,-0.000129424,-0.0260666608810425,7.08217597007751,
473,-0.000129168,-0.0260666608810425,6.74744793772697,
474,-0.000128912,-0.0260666608810425,6.74744793772697,
475,-0.000128656,-0.093012273311615,6.74744793772697,
476,-0.0001284,-0.0260666608810425,6.91481195390224,
477,-0.000128144,0.04087895154953,6.91481195390224,
478,-0.000127888,-0.0260666608810425,6.41271990537643,
479,-0.000127632,0.04087895154953,6.74744793772697,
480,-0.000127376,-0.0260666608810425,6.74744793772697,
481,-0.00012712,-0.093012273311615,6.91481195390224,
482,-0.000126864,-0.0260666608810425,6.74744793772697,
483,-0.000126608,-0.0260666608810425,6.74744793772697,
484,-0.000126352,-0.0260666608810425,6.91481195390224,
485,-0.000126096,-0.0260666608810425,6.74744793772697,
486,-0.00012584,-0.093012273311615,7.08217597007751,
487,-0.000125584,-0.0260666608810425,6.41271990537643,
488,-0.000125328,-0.0260666608810425,6.91481195390224,
489,-0.000125072,-0.0260666608810425,7.08217597007751,
490,-0.000124816,0.04087895154953,5.57589982450008,
491,-0.00012456,-0.0260666608810425,-1.28602483868599,
492,-0.000124304,0.04087895154953,-7.31112942099571,
493,-0.000124048,0.04087895154953,-7.14376540482044,
494,-0.000123792,-0.0260666608810425,-7.14376540482044,
495,-0.000123536,-0.0260666608810425,-6.64167335629463,
496,-0.00012328,-0.093012273311615,-7.14376540482044,
497,-0.000123024,-0.0260666608810425,-7.14376540482044,
498,-0.000122768,-0.093012273311615,-6.97640138864517,
499,-0.000122512,-0.0260666608810425,-7.47849343717098,
500,-0.000122256,-0.0260666608810425,-6.8090373724699,
501,-0.000122,-0.0260666608810425,-7.14376540482044,
502,-0.000121744,-0.0260666608810425,-6.97640138864517,
503,-0.000121488,-0.0260666608810425,-6.97640138864517,
504,-0.000121232,-0.0260666608810425,-7.31112942099571,
505,-0.000120976,-0.0260666608810425,-6.97640138864517,
506,-0.00012072,-0.0260666608810425,-6.97640138864517,
507,-0.000120464,-0.0260666608810425,-6.97640138864517,
508,-0.000120208,-0.0260666608810425,-6.64167335629463,
509,-0.000119952,-0.0260666608810425,-6.97640138864517,
510,-0.000119696,-0.0260666608810425,-6.97640138864517,
511,-0.00011944,-0.0260666608810425,-6.97640138864517,
512,-0.000119184,-0.0260666608810425,-7.14376540482044,
513,-0.000118928,0.04087895154953,-6.64167335629463,
514,-0.000118672,-0.093012273311615,-6.97640138864517,
515,-0.000118416,-0.0260666608810425,-7.14376540482044,
516,-0.00011816,-0.0260666608810425,-7.14376540482044,
517,-0.000117904,-0.093012273311615,-7.14376540482044,
518,-0.000117648,-0.0260666608810425,-6.97640138864517,
519,-0.000117392,-0.093012273311615,-6.97640138864517,
520,-0.000117136,-0.093012273311615,-7.14376540482044,
521,-0.00011688,-0.0260666608810425,-6.47430934011936,
522,-0.000116624,-0.0260666608810425,-6.64167335629463,
523,-0.000116368,-0.0260666608810425,-6.8090373724699,
524,-0.000116112,-0.093012273311615,-6.64167335629463,
525,-0.000115856,-0.0260666608810425,-6.8090373724699,
526,-0.0001156,-0.0260666608810425,-6.97640138864517,
527,-0.000115344,-0.0260666608810425,-6.97640138864517,
528,-0.000115088,-0.0260666608810425,-6.97640138864517,
529,-0.000114832,-0.0260666608810425,-7.14376540482044,
530,-0.000114576,-0.0260666608810425,-6.64167335629463,
531,-0.00011432,-0.0260666608810425,-6.97640138864517,
532,-0.000114064,-0.0260666608810425,-7.14376540482044,
533,-0.000113808,-0.0260666608810425,-6.47430934011936,
534,-0.000113552,-0.0260666608810425,-6.97640138864517,
535,-0.000113296,-0.0260666608810425,-7.14376540482044,
536,-0.00011304,-0.0260666608810425,-7.14376540482044,
537,-0.000112784,-0.093012273311615,-6.97640138864517,
538,-0.000112528,-0.093012273311615,-6.64167335629463,
539,-0.000112272,-0.0260666608810425,-7.14376540482044,
540,-0.000112016,-0.0260666608810425,-6.97640138864517,
541,-0.00011176,-0.0260666608810425,-6.8090373724699,
542,-0.000111504,-0.0260666608810425,-7.31112942099571,
543,-0.000111248,-0.0260666608810425,-6.8090373724699,
544,-0.000110992,-0.093012273311615,-6.97640138864517,
545,-0.000110736,-0.0260666608810425,-7.14376540482044,
546,-0.00011048,-0.0260666608810425,-7.14376540482044,
547,-0.000110224,-0.0260666608810425,-7.31112942099571,
548,-0.000109968,-0.0260666608810425,-6.97640138864517,
549,-0.000109712,-0.0260666608810425,-6.97640138864517,
550,-0.000109456,-0.0260666608810425,-6.97640138864517,
551,-0.0001092,-0.0260666608810425,-6.64167335629463,
552,-0.000108944,-0.0260666608810425,-7.14376540482044,
553,-0.000108688,-0.0260666608810425,-6.8090373724699,
554,-0.000108432,-0.0260666608810425,-7.14376540482044,
555,-0.000108176,-0.093012273311615,-7.31112942099571,
556,-0.00010792,-0.093012273311615,-6.64167335629463,
557,-0.000107664,0.04087895154953,-7.14376540482044,
558,-0.000107408,-0.0260666608810425,-6.97640138864517,
559,-0.000107152,-0.0260666608810425,-7.14376540482044,
560,-0.000106896,-0.0260666608810425,-6.97640138864517,
561,-0.00010664,-0.0260666608810425,-7.14376540482044,
562,-0.000106384,-0.0260666608810425,-6.97640138864517,
563,-0.000106128,0.04087895154953,-6.97640138864517,
564,-0.000105872,-0.0260666608810425,-6.64167335629463,
565,-0.000105616,-0.0260666608810425,-6.97640138864517,
566,-0.00010536,-0.0260666608810425,-6.8090373724699,
567,-0.000105104,-0.0260666608810425,-6.97640138864517,
568,-0.000104848,-0.0260666608810425,-6.8090373724699,
569,-0.000104592,-0.0260666608810425,-6.97640138864517,
570,-0.000104336,-0.0260666608810425,-6.97640138864517,
571,-0.00010408,-0.0260666608810425,-7.14376540482044,
572,-0.000103824,-0.0260666608810425,-7.31112942099571,
573,-0.000103568,-0.0260666608810425,-6.8090373724699,
574,-0.000103312,-0.0260666608810425,-6.8090373724699,
575,-0.000103056,0.04087895154953,-6.97640138864517,
576,-0.0001028,-0.0260666608810425,-6.8090373724699,
577,-0.000102544,-0.0260666608810425,-7.14376540482044,
578,-0.000102288,-0.0260666608810425,-6.97640138864517,
579,-0.000102032,-0.0260666608810425,-6.8090373724699,
580,-0.000101776,-0.0260666608810425,-6.97640138864517,
581,-0.00010152,-0.0260666608810425,-6.64167335629463,
582,-0.000101264,-0.0260666608810425,-6.97640138864517,
583,-0.000101008,-0.0260666608810425,-6.97640138864517,
584,-0.000100752,-0.0260666608810425,-6.8090373724699,
585,-0.000100496,-0.093012273311615,-7.31112942099571,
586,-0.00010024,-0.0260666608810425,-6.64167335629463,
587,-9.9984E-05,-0.0260666608810425,-6.8090373724699,
588,-9.9728E-05,-0.0260666608810425,-4.46594114601612,
589,-9.9472E-05,-0.0260666608810425,2.56334753334522,
590,-9.9216E-05,-0.093012273311615,6.91481195390224,
591,-9.896E-05,-0.093012273311615,7.08217597007751,
592,-9.8704E-05,-0.0260666608810425,6.91481195390224,
593,-9.8448E-05,-0.0260666608810425,6.91481195390224,
594,-9.8192E-05,-0.0260666608810425,7.08217597007751,
595,-9.7936E-05,-0.0260666608810425,6.74744793772697,
596,-9.768E-05,-0.0260666608810425,6.74744793772697,
597,-9.7424E-05,-0.0260666608810425,6.74744793772697,
598,-9.7168E-05,-0.093012273311615,6.5800839215517,
599,-9.6912E-05,0.04087895154953,7.24953998625278,
600,-9.6656E-05,-0.0260666608810425,6.74744793772697,
601,-9.64E-05,-0.0260666608810425,6.74744793772697,
602,-9.6144E-05,-0.0260666608810425,7.08217597007751,
603,-9.5888E-05,0.04087895154953,6.74744793772697,
604,-9.5632E-05,-0.093012273311615,6.91481195390224,
605,-9.5376E-05,-0.0260666608810425,6.91481195390224,
606,-9.512E-05,-0.093012273311615,6.74744793772697,
607,-9.4864E-05,-0.0260666608810425,7.24953998625278,
608,-9.4608E-05,0.04087895154953,6.91481195390224,
609,-9.4352E-05,-0.0260666608810425,7.08217597007751,
610,-9.4096E-05,-0.0260666608810425,6.91481195390224,
611,-9.384E-05,-0.093012273311615,6.74744793772697,
612,-9.3584E-05,-0.0260666608810425,6.91481195390224,
613,-9.3328E-05,-0.0260666608810425,6.74744793772697,
614,-9.3072E-05,-0.0260666608810425,6.74744793772697,
615,-9.2816E-05,0.04087895154953,6.74744793772697,
616,-9.256E-05,-0.0260666608810425,6.74744793772697,
617,-9.2304E-05,-0.0260666608810425,6.91481195390224,
618,-9.2048E-05,-0.0260666608810425,6.74744793772697,
619,-9.1792E-05,-0.0260666608810425,6.91481195390224,
620,-9.1536E-05,-0.0260666608810425,6.74744793772697,
621,-9.128E-05,0.04087895154953,6.74744793772697,
622,-9.1024E-05,-0.0260666608810425,6.74744793772697,
623,-9.0768E-05,-0.093012273311615,6.74744793772697,
624,-9.0512E-05,-0.0260666608810425,7.08217597007751,
625,-9.0256E-05,-0.0260666608810425,6.91481195390224,
626,-9E-05,-0.0260666608810425,6.74744793772697,
627,-8.9744E-05,-0.093012273311615,6.91481195390224,
628,-8.9488E-05,-0.0260666608810425,6.5800839215517,
629,-8.9232E-05,-0.0260666608810425,6.91481195390224,
630,-8.8976E-05,-0.0260666608810425,6.91481195390224,
631,-8.872E-05,-0.0260666608810425,6.91481195390224,
632,-8.8464E-05,-0.0260666608810425,6.91481195390224,
633,-8.8208E-05,-0.093012273311615,6.74744793772697,
634,-8.7952E-05,-0.0260666608810425,6.74744793772697,
635,-8.7696E-05,-0.093012273311615,6.91481195390224,
636,-8.744E-05,-0.0260666608810425,6.91481195390224,
637,-8.7184E-05,0.04087895154953,6.91481195390224,
638,-8.6928E-05,-0.0260666608810425,6.74744793772697,
639,-8.6672E-05,-0.0260666608810425,6.74744793772697,
640,-8.6416E-05,-0.0260666608810425,7.08217597007751,
641,-8.616E-05,-0.0260666608810425,6.41271990537643,
642,-8.5904E-05,-0.0260666608810425,7.24953998625278,
643,-8.5648E-05,-0.0260666608810425,6.91481195390224,
644,-8.5392E-05,-0.0260666608810425,6.91481195390224,
645,-8.5136E-05,-0.0260666608810425,6.91481195390224,
646,-8.488E-05,-0.0260666608810425,6.74744793772697,
647,-8.4624E-05,-0.0260666608810425,6.91481195390224,
648,-8.4368E-05,-0.0260666608810425,6.74744793772697,
649,-8.4112E-05,-0.0260666608810425,6.74744793772697,
650,-8.3856E-05,0.04087895154953,7.24953998625278,
651,-8.36E-05,-0.093012273311615,6.91481195390224,
652,-8.3344E-05,-0.0260666608810425,7.08217597007751,
653,-8.3088E-05,-0.0260666608810425,7.08217597007751,
654,-8.2832E-05,-0.0260666608810425,6.91481195390224,
655,-8.2576E-05,-0.0260666608810425,7.08217597007751,
656,-8.232E-05,-0.093012273311615,6.91481195390224,
657,-8.2064E-05,-0.0260666608810425,6.91481195390224,
658,-8.1808E-05,-0.093012273311615,6.74744793772697,
659,-8.1552E-05,-0.0260666608810425,6.91481195390224,
660,-8.1296E-05,-0.0260666608810425,6.91481195390224,
661,-8.104E-05,-0.093012273311615,6.91481195390224,
662,-8.0784E-05,-0.0260666608810425,7.24953998625278,
663,-8.0528E-05,-0.0260666608810425,6.74744793772697,
664,-8.0272E-05,-0.0260666608810425,6.91481195390224,
665,-8.0016E-05,-0.0260666608810425,7.08217597007751,
666,-7.976E-05,-0.0260666608810425,7.08217597007751,
667,-7.9504E-05,0.04087895154953,7.24953998625278,
668,-7.9248E-05,-0.0260666608810425,6.91481195390224,
669,-7.8992E-05,-0.093012273311615,6.74744793772697,
670,-7.8736E-05,-0.093012273311615,7.08217597007751,
671,-7.848E-05,-0.093012273311615,6.5800839215517,
672,-7.8224E-05,-0.093012273311615,7.08217597007751,
673,-7.7968E-05,-0.0260666608810425,6.91481195390224,
674,-7.7712E-05,-0.0260666608810425,6.91481195390224,
675,-7.7456E-05,0.04087895154953,6.91481195390224,
676,-7.72E-05,-0.0260666608810425,6.74744793772697,
677,-7.6944E-05,-0.0260666608810425,6.91481195390224,
678,-7.6688E-05,-0.0260666608810425,6.91481195390224,
679,-7.6432E-05,-0.093012273311615,6.91481195390224,
680,-7.6176E-05,-0.093012273311615,7.08217597007751,
681,-7.592E-05,-0.0260666608810425,6.74744793772697,
682,-7.5664E-05,-0.093012273311615,6.91481195390224,
683,-7.5408E-05,-0.0260666608810425,6.74744793772697,
684,-7.5152E-05,-0.0260666608810425,6.41271990537643,
685,-7.4896E-05,0.04087895154953,7.08217597007751,
686,-7.464E-05,-0.0260666608810425,0.387615323066711,
687,-7.4384E-05,-0.093012273311615,-5.80485327541828,
688,-7.4128E-05,0.04087895154953,-6.97640138864517,
689,-7.3872E-05,0.04087895154953,-6.8090373724699,
690,-7.3616E-05,-0.0260666608810425,-6.8090373724699,
691,-7.336E-05,-0.0260666608810425,-6.97640138864517,
692,-7.3104E-05,-0.0260666608810425,-7.14376540482044,
693,-7.2848E-05,-0.0260666608810425,-7.31112942099571,
694,-7.2592E-05,-0.0260666608810425,-6.97640138864517,
695,-7.2336E-05,-0.093012273311615,-7.14376540482044,
696,-7.208E-05,-0.0260666608810425,-6.97640138864517,
697,-7.1824E-05,-0.0260666608810425,-6.97640138864517,
698,-7.1568E-05,-0.0260666608810425,-7.14376540482044,
699,-7.1312E-05,-0.0260666608810425,-7.14376540482044,
700,-7.1056E-05,-0.0260666608810425,-6.97640138864517,
701,-7.08E-05,-0.093012273311615,-6.8090373724699,
702,-7.0544E-05,0.04087895154953,-6.97640138864517,
703,-7.0288E-05,-0.0260666608810425,-6.97640138864517,
704,-7.0032E-05,-0.093012273311615,-6.97640138864517,
705,-6.9776E-05,-0.0260666608810425,-7.31112942099571,
706,-6.952E-05,-0.0260666608810425,-6.97640138864517,
707,-6.9264E-05,-0.0260666608810425,-6.8090373724699,
708,-6.9008E-05,-0.0260666608810425,-6.8090373724699,
709,-6.8752E-05,-0.0260666608810425,-6.97640138864517,
710,-6.8496E-05,-0.093012273311615,-7.47849343717098,
711,-6.824E-05,0.04087895154953,-6.97640138864517,
712,-6.7984E-05,-0.0260666608810425,-6.8090373724699,
713,-6.7728E-05,-0.0260666608810425,-7.14376540482044,
714,-6.7472E-05,-0.0260666608810425,-6.8090373724699,
715,-6.7216E-05,-0.0260666608810425,-6.97640138864517,
716,-6.696E-05,-0.0260666608810425,-6.97640138864517,
717,-6.6704E-05,-0.0260666608810425,-7.14376540482044,
718,-6.6448E-05,-0.0260666608810425,-7.14376540482044,
719,-6.6192E-05,-0.0260666608810425,-6.97640138864517,
720,-6.5936E-05,-0.0260666608810425,-7.14376540482044,
721,-6.568E-05,-0.0260666608810425,-7.14376540482044,
722,-6.5424E-05,-0.0260666608810425,-7.14376540482044,
723,-6.5168E-05,-0.0260666608810425,-7.31112942099571,
724,-6.4912E-05,-0.0260666608810425,-7.14376540482044,
725,-6.4656E-05,-0.0260666608810425,-6.97640138864517,
726,-6.44E-05,-0.0260666608810425,-6.97640138864517,
727,-6.4144E-05,-0.0260666608810425,-6.8090373724699,
728,-6.3888E-05,-0.0260666608810425,-7.31112942099571,
729,-6.3632E-05,-0.0260666608810425,-7.14376540482044,
730,-6.3376E-05,0.04087895154953,-7.14376540482044,
731,-6.312E-05,-0.0260666608810425,-6.97640138864517,
732,-6.2864E-05,-0.0260666608810425,-6.97640138864517,
733,-6.2608E-05,0.04087895154953,-6.97640138864517,
734,-6.2352E-05,-0.0260666608810425,-7.14376540482044,
735,-6.2096E-05,-0.0260666608810425,-6.97640138864517,
736,-6.184E-05,-0.0260666608810425,-7.31112942099571,
737,-6.1584E-05,-0.0260666608810425,-6.97640138864517,
738,-6.1328E-05,-0.0260666608810425,-6.97640138864517,
739,-6.1072E-05,-0.0260666608810425,-6.97640138864517,
740,-6.0816E-05,-0.0260666608810425,-6.8090373724699,
741,-6.056E-05,-0.0260666608810425,-6.97640138864517,
742,-6.0304E-05,-0.0260666608810425,-6.8090373724699,
743,-6.0048E-05,0.04087895154953,-6.97640138864517,
744,-5.9792E-05,-0.093012273311615,-6.97640138864517,
745,-5.9536E-05,-0.093012273311615,-7.14376540482044,
746,-5.928E-05,-0.0260666608810425,-7.14376540482044,
747,-5.9024E-05,-0.0260666608810425,-6.97640138864517,
748,-5.8768E-05,-0.0260666608810425,-7.14376540482044,
749,-5.8512E-05,-0.0260666608810425,-6.8090373724699,
750,-5.8256E-05,-0.0260666608810425,-6.97640138864517,
751,-5.8E-05,-0.0260666608810425,-6.97640138864517,
752,-5.7744E-05,-0.0260666608810425,-6.97640138864517,
753,-5.7488E-05,-0.093012273311615,-7.14376540482044,
754,-5.7232E-05,-0.093012273311615,-6.8090373724699,
755,-5.6976E-05,-0.0260666608810425,-6.8090373724699,
756,-5.672E-05,0.04087895154953,-6.8090373724699,
757,-5.6464E-05,-0.0260666608810425,-6.8090373724699,
758,-5.6208E-05,-0.093012273311615,-6.97640138864517,
759,-5.5952E-05,-0.0260666608810425,-6.97640138864517,
760,-5.5696E-05,-0.0260666608810425,-6.97640138864517,
761,-5.544E-05,-0.0260666608810425,-6.8090373724699,
762,-5.5184E-05,-0.093012273311615,-6.8090373724699,
763,-5.4928E-05,-0.093012273311615,-7.14376540482044,
764,-5.4672E-05,-0.0260666608810425,-6.97640138864517,
765,-5.4416E-05,-0.0260666608810425,-6.97640138864517,
766,-5.416E-05,0.04087895154953,-7.14376540482044,
767,-5.3904E-05,-0.0260666608810425,-6.97640138864517,
768,-5.3648E-05,-0.0260666608810425,-6.97640138864517,
769,-5.3392E-05,-0.0260666608810425,-6.97640138864517,
770,-5.3136E-05,-0.0260666608810425,-6.97640138864517,
771,-5.288E-05,-0.0260666608810425,-7.31112942099571,
772,-5.2624E-05,-0.0260666608810425,-6.97640138864517,
773,-5.2368E-05,-0.0260666608810425,-6.97640138864517,
774,-5.2112E-05,-0.0260666608810425,-6.97640138864517,
775,-5.1856E-05,-0.0260666608810425,-6.97640138864517,
776,-5.16E-05,-0.0260666608810425,-7.14376540482044,
777,-5.1344E-05,-0.093012273311615,-6.97640138864517,
778,-5.1088E-05,-0.093012273311615,-6.97640138864517,
779,-5.0832E-05,-0.0260666608810425,-7.31112942099571,
780,-5.0576E-05,-0.0260666608810425,-6.97640138864517,
781,-5.032E-05,-0.0260666608810425,-7.14376540482044,
782,-5.0064E-05,-0.093012273311615,-7.14376540482044,
783,-4.9808E-05,-0.0260666608810425,-5.63748925924301,
784,-4.9552E-05,-0.0260666608810425,-6.97640138864517,
785,-4.9296E-05,-0.0260666608810425,-7.14376540482044,
786,-4.904E-05,-0.0260666608810425,-7.14376540482044,
787,-4.8784E-05,-0.0260666608810425,-6.8090373724699,
788,-4.8528E-05,-0.0260666608810425,-6.97640138864517,
789,-4.8272E-05,-0.0260666608810425,-6.97640138864517,
790,-4.8016E-05,-0.0260666608810425,-6.97640138864517,
791,-4.776E-05,0.04087895154953,-6.97640138864517,
792,-4.7504E-05,-0.0260666608810425,-7.14376540482044,
793,-4.7248E-05,-0.0260666608810425,-6.97640138864517,
794,-4.6992E-05,-0.0260666608810425,-7.14376540482044,
795,-4.6736E-05,0.04087895154953,-6.97640138864517,
796,-4.648E-05,-0.0260666608810425,-7.31112942099571,
797,-4.6224E-05,-0.0260666608810425,-6.97640138864517,
798,-4.5968E-05,-0.0260666608810425,-6.97640138864517,
799,-4.5712E-05,-0.093012273311615,-7.14376540482044,
800,-4.5456E-05,-0.0260666608810425,-6.64167335629463,
801,-4.52E-05,-0.0260666608810425,-6.97640138864517,
802,-4.4944E-05,-0.0260666608810425,-7.14376540482044,
803,-4.4688E-05,-0.0260666608810425,-6.97640138864517,
804,-4.4432E-05,-0.0260666608810425,-6.97640138864517,
805,-4.4176E-05,-0.0260666608810425,-6.8090373724699,
806,-4.392E-05,0.04087895154953,-7.14376540482044,
807,-4.3664E-05,-0.0260666608810425,-6.97640138864517,
808,-4.3408E-05,-0.0260666608810425,-6.8090373724699,
809,-4.3152E-05,-0.093012273311615,-7.14376540482044,
810,-4.2896E-05,0.04087895154953,-6.97640138864517,
811,-4.264E-05,-0.0260666608810425,-7.14376540482044,
812,-4.2384E-05,-0.0260666608810425,-6.97640138864517,
813,-4.2128E-05,-0.0260666608810425,-6.97640138864517,
814,-4.1872E-05,-0.0260666608810425,-7.14376540482044,
815,-4.1616E-05,-0.0260666608810425,-6.97640138864517,
816,-4.136E-05,-0.0260666608810425,-6.97640138864517,
817,-4.1104E-05,0.04087895154953,-6.97640138864517,
818,-4.0848E-05,-0.0260666608810425,-6.8090373724699,
819,-4.0592E-05,-0.0260666608810425,-6.97640138864517,
820,-4.0336E-05,-0.0260666608810425,-6.97640138864517,
821,-4.008E-05,-0.0260666608810425,-6.8090373724699,
822,-3.9824E-05,-0.0260666608810425,-7.31112942099571,
823,-3.9568E-05,-0.0260666608810425,-6.8090373724699,
824,-3.9312E-05,-0.0260666608810425,-7.14376540482044,
825,-3.9056E-05,-0.0260666608810425,-6.97640138864517,
826,-3.88E-05,-0.0260666608810425,-6.8090373724699,
827,-3.8544E-05,-0.093012273311615,-6.97640138864517,
828,-3.8288E-05,-0.0260666608810425,-6.97640138864517,
829,-3.8032E-05,-0.093012273311615,-6.97640138864517,
830,-3.7776E-05,-0.0260666608810425,-6.97640138864517,
831,-3.752E-05,-0.0260666608810425,-6.97640138864517,
832,-3.7264E-05,-0.093012273311615,-6.97640138864517,
833,-3.7008E-05,-0.0260666608810425,-6.97640138864517,
834,-3.6752E-05,-0.0260666608810425,-7.31112942099571,
835,-3.6496E-05,-0.0260666608810425,-7.14376540482044,
836,-3.624E-05,-0.0260666608810425,-6.97640138864517,
837,-3.5984E-05,-0.093012273311615,-6.8090373724699,
838,-3.5728E-05,0.04087895154953,-7.14376540482044,
839,-3.5472E-05,-0.0260666608810425,-7.14376540482044,
840,-3.5216E-05,-0.093012273311615,-6.97640138864517,
841,-3.496E-05,-0.0260666608810425,-6.8090373724699,
842,-3.4704E-05,-0.0260666608810425,-6.97640138864517,
843,-3.4448E-05,-0.0260666608810425,-6.8090373724699,
844,-3.4192E-05,-0.093012273311615,-7.14376540482044,
845,-3.3936E-05,-0.0260666608810425,-6.97640138864517,
846,-3.368E-05,-0.0260666608810425,-6.97640138864517,
847,-3.3424E-05,-0.0260666608810425,-7.14376540482044,
848,-3.3168E-05,-0.093012273311615,-7.14376540482044,
849,-3.2912E-05,-0.0260666608810425,-7.14376540482044,
850,-3.2656E-05,-0.0260666608810425,-7.31112942099571,
851,-3.24E-05,-0.0260666608810425,-7.14376540482044,
852,-3.2144E-05,-0.0260666608810425,-7.14376540482044,
853,-3.1888E-05,-0.093012273311615,-7.14376540482044,
854,-3.1632E-05,0.04087895154953,-7.14376540482044,
855,-3.1376E-05,-0.0260666608810425,-6.97640138864517,
856,-3.112E-05,-0.0260666608810425,-6.97640138864517,
857,-3.0864E-05,-0.0260666608810425,-7.31112942099571,
858,-3.0608E-05,-0.0260666608810425,-7.14376540482044,
859,-3.0352E-05,-0.0260666608810425,-7.14376540482044,
860,-3.0096E-05,0.04087895154953,-7.14376540482044,
861,-2.984E-05,-0.0260666608810425,-6.8090373724699,
862,-2.9584E-05,-0.0260666608810425,-6.8090373724699,
863,-2.9328E-05,-0.093012273311615,-7.14376540482044,
864,-2.9072E-05,-0.0260666608810425,-7.14376540482044,
865,-2.8816E-05,-0.0260666608810425,-7.47849343717098,
866,-2.856E-05,-0.0260666608810425,-6.97640138864517,
867,-2.8304E-05,0.04087895154953,-6.97640138864517,
868,-2.8048E-05,-0.0260666608810425,-6.97640138864517,
869,-2.7792E-05,-0.0260666608810425,-6.8090373724699,
870,-2.7536E-05,-0.0260666608810425,-6.97640138864517,
871,-2.728E-05,-0.093012273311615,-6.8090373724699,
872,-2.7024E-05,-0.093012273311615,-6.8090373724699,
873,-2.6768E-05,-0.0260666608810425,-6.8090373724699,
874,-2.6512E-05,-0.093012273311615,-6.8090373724699,
875,-2.6256E-05,-0.0260666608810425,-6.97640138864517,
876,-2.6E-05,-0.093012273311615,-6.97640138864517,
877,-2.5744E-05,-0.0260666608810425,-6.97640138864517,
878,-2.5488E-05,0.04087895154953,-7.14376540482044,
879,-2.5232E-05,-0.0260666608810425,-6.8090373724699,
880,-2.4976E-05,-0.0260666608810425,-6.64167335629463,
881,-2.472E-05,0.04087895154953,-3.29439303278923,
882,-2.4464E-05,-0.0260666608810425,3.90225966274738,
883,-2.4208E-05,-0.0260666608810425,6.5800839215517,
884,-2.3952E-05,-0.0260666608810425,6.5800839215517,
885,-2.3696E-05,-0.0260666608810425,6.91481195390224,
886,-2.344E-05,-0.0260666608810425,6.5800839215517,
887,-2.3184E-05,-0.0260666608810425,6.74744793772697,
888,-2.2928E-05,-0.0260666608810425,6.91481195390224,
889,-2.2672E-05,-0.0260666608810425,7.08217597007751,
890,-2.2416E-05,0.107824563980103,6.91481195390224,
891,-2.216E-05,-0.0260666608810425,6.74744793772697,
892,-2.1904E-05,-0.0260666608810425,6.74744793772697,
893,-2.1648E-05,0.04087895154953,7.08217597007751,
894,-2.1392E-05,-0.0260666608810425,7.08217597007751,
895,-2.1136E-05,-0.0260666608810425,6.74744793772697,
896,-2.088E-05,-0.093012273311615,6.74744793772697,
897,-2.0624E-05,-0.0260666608810425,6.91481195390224,
898,-2.0368E-05,-0.0260666608810425,6.91481195390224,
899,-2.0112E-05,-0.093012273311615,6.5800839215517,
900,-1.9856E-05,-0.0260666608810425,7.24953998625278,
901,-1.96E-05,-0.0260666608810425,6.91481195390224,
902,-1.9344E-05,-0.0260666608810425,6.91481195390224,
903,-1.9088E-05,-0.0260666608810425,6.91481195390224,
904,-1.8832E-05,-0.0260666608810425,6.74744793772697,
905,-1.8576E-05,-0.0260666608810425,6.91481195390224,
906,-1.832E-05,-0.093012273311615,6.91481195390224,
907,-1.8064E-05,-0.0260666608810425,6.91481195390224,
908,-1.7808E-05,-0.0260666608810425,7.08217597007751,
909,-1.7552E-05,-0.0260666608810425,6.91481195390224,
910,-1.7296E-05,-0.093012273311615,6.74744793772697,
911,-1.704E-05,-0.0260666608810425,7.08217597007751,
912,-1.6784E-05,-0.093012273311615,6.74744793772697,
913,-1.6528E-05,0.04087895154953,7.08217597007751,
914,-1.6272E-05,-0.0260666608810425,7.08217597007751,
915,-1.6016E-05,-0.093012273311615,6.91481195390224,
916,-1.576E-05,0.04087895154953,6.74744793772697,
917,-1.5504E-05,-0.0260666608810425,6.74744793772697,
918,-1.5248E-05,-0.0260666608810425,6.91481195390224,
919,-1.4992E-05,-0.0260666608810425,6.74744793772697,
920,-1.4736E-05,-0.0260666608810425,7.24953998625278,
921,-1.448E-05,-0.0260666608810425,6.91481195390224,
922,-1.4224E-05,-0.093012273311615,6.5800839215517,
923,-1.3968E-05,-0.0260666608810425,6.91481195390224,
924,-1.3712E-05,-0.0260666608810425,6.74744793772697,
925,-1.3456E-05,-0.093012273311615,7.41690400242805,
926,-1.32E-05,-0.0260666608810425,6.91481195390224,
927,-1.2944E-05,0.04087895154953,6.74744793772697,
928,-1.2688E-05,-0.0260666608810425,6.91481195390224,
929,-1.2432E-05,-0.0260666608810425,6.5800839215517,
930,-1.2176E-05,-0.0260666608810425,6.91481195390224,
931,-1.192E-05,-0.0260666608810425,6.91481195390224,
932,-1.1664E-05,-0.0260666608810425,6.74744793772697,
933,-1.1408E-05,-0.0260666608810425,6.91481195390224,
934,-1.1152E-05,-0.0260666608810425,6.74744793772697,
935,-1.0896E-05,-0.0260666608810425,6.74744793772697,
936,-1.064E-05,-0.0260666608810425,6.74744793772697,
937,-1.0384E-05,-0.0260666608810425,6.74744793772697,
938,-1.0128E-05,-0.0260666608810425,7.08217597007751,
939,-9.87199999999999E-06,-0.0260666608810425,6.74744793772697,
940,-9.616E-06,-0.0260666608810425,6.74744793772697,
941,-9.35999999999998E-06,-0.0260666608810425,6.74744793772697,
942,-9.10399999999999E-06,-0.093012273311615,6.74744793772697,
943,-8.84799999999999E-06,-0.0260666608810425,7.08217597007751,
944,-8.592E-06,-0.0260666608810425,6.74744793772697,
945,-8.33599999999998E-06,-0.093012273311615,6.74744793772697,
946,-8.07999999999999E-06,-0.0260666608810425,6.74744793772697,
947,-7.824E-06,-0.0260666608810425,6.5800839215517,
948,-7.56799999999998E-06,-0.093012273311615,6.5800839215517,
949,-7.31199999999999E-06,-0.0260666608810425,6.74744793772697,
950,-7.05599999999999E-06,-0.0260666608810425,6.5800839215517,
951,-6.8E-06,-0.0260666608810425,7.24953998625278,
952,-6.54399999999998E-06,-0.0260666608810425,6.5800839215517,
953,-6.28799999999999E-06,-0.0260666608810425,6.74744793772697,
954,-6.032E-06,-0.0260666608810425,6.74744793772697,
955,-5.77599999999998E-06,-0.093012273311615,6.74744793772697,
956,-5.52000000000001E-06,-0.0260666608810425,6.74744793772697,
957,-5.264E-06,-0.0260666608810425,6.91481195390224,
958,-5.00799999999998E-06,-0.0260666608810425,6.74744793772697,
959,-4.75200000000001E-06,-0.0260666608810425,6.74744793772697,
960,-4.49599999999999E-06,-0.0260666608810425,6.74744793772697,
961,-4.23999999999997E-06,-0.0260666608810425,6.91481195390224,
962,-3.98400000000001E-06,-0.093012273311615,6.74744793772697,
963,-3.72799999999999E-06,-0.0260666608810425,7.08217597007751,
964,-3.47199999999997E-06,-0.0260666608810425,6.74744793772697,
965,-3.216E-06,0.04087895154953,6.74744793772697,
966,-2.95999999999999E-06,-0.0260666608810425,6.91481195390224,
967,-2.70399999999997E-06,-0.0260666608810425,6.74744793772697,
968,-2.448E-06,-0.0260666608810425,6.91481195390224,
969,-2.19199999999998E-06,-0.0260666608810425,6.91481195390224,
970,-1.93600000000002E-06,-0.0260666608810425,6.91481195390224,
971,-1.68E-06,-0.0260666608810425,6.74744793772697,
972,-1.42399999999998E-06,-0.093012273311615,6.41271990537643,
973,-1.16800000000001E-06,-0.0260666608810425,6.91481195390224,
974,-9.11999999999994E-07,-0.0260666608810425,6.74744793772697,
975,-6.55999999999975E-07,-0.093012273311615,6.91481195390224,
976,-4.0000000000001E-07,-0.093012273311615,6.91481195390224,
977,-1.4399999999999E-07,-0.0260666608810425,6.91481195390224,
978,1.12000000000029E-07,3.25426834821701,6.91481195390224,
979,3.67999999999994E-07,3.25426834821701,1.89389146864414,
980,6.24000000000013E-07,3.18732273578644,-4.80066917836666,
981,8.80000000000032E-07,3.18732273578644,-6.64167335629463,
982,1.136E-06,3.32121396064758,-6.97640138864517,
983,1.39200000000002E-06,3.25426834821701,-6.97640138864517,
984,1.64800000000004E-06,3.32121396064758,-6.8090373724699,
985,1.904E-06,3.25426834821701,-7.14376540482044,
986,2.16000000000002E-06,3.25426834821701,-6.30694532394409,
987,2.41599999999999E-06,3.25426834821701,-6.97640138864517,
988,2.672E-06,3.25426834821701,-7.14376540482044,
989,2.92800000000002E-06,3.25426834821701,-6.97640138864517,
990,3.18399999999999E-06,3.32121396064758,-6.97640138864517,
991,3.44000000000001E-06,3.25426834821701,-6.97640138864517,
992,3.69600000000003E-06,3.18732273578644,-6.97640138864517,
993,3.95199999999999E-06,3.25426834821701,-6.97640138864517,
994,4.20800000000001E-06,3.32121396064758,-6.30694532394409,
995,4.46400000000003E-06,3.25426834821701,-6.97640138864517,
996,4.72E-06,3.25426834821701,-7.14376540482044,
997,4.97600000000001E-06,3.18732273578644,-6.97640138864517,
998,5.23200000000003E-06,3.25426834821701,-6.64167335629463,
999,5.488E-06,3.18732273578644,-6.8090373724699,
1000,5.74400000000002E-06,3.18732273578644,-6.64167335629463,
1001,6.00000000000004E-06,3.18732273578644,-6.8090373724699,
1002,6.256E-06,3.18732273578644,-6.97640138864517,
1003,6.51200000000002E-06,3.25426834821701,-6.8090373724699,
1004,6.76799999999999E-06,3.18732273578644,-6.64167335629463,
1005,7.02400000000001E-06,3.25426834821701,-6.8090373724699,
1006,7.28000000000003E-06,3.18732273578644,-6.8090373724699,
1007,7.53599999999999E-06,3.25426834821701,-6.97640138864517,
1008,7.79200000000001E-06,3.25426834821701,-6.97640138864517,
1009,8.04800000000003E-06,3.18732273578644,-6.97640138864517,
1010,8.30399999999999E-06,3.25426834821701,-7.31112942099571,
1011,8.56000000000001E-06,3.18732273578644,-7.14376540482044,
1012,8.81600000000003E-06,3.25426834821701,-7.14376540482044,
1013,9.072E-06,3.18732273578644,-7.31112942099571,
1014,9.32800000000002E-06,3.18732273578644,-7.14376540482044,
1015,9.58400000000004E-06,3.18732273578644,-7.31112942099571,
1016,9.84E-06,3.18732273578644,-6.97640138864517,
1017,1.0096E-05,3.25426834821701,-6.97640138864517,
1018,1.0352E-05,3.18732273578644,-7.14376540482044,
1019,1.0608E-05,3.25426834821701,-7.14376540482044,
1020,1.0864E-05,3.25426834821701,-7.14376540482044,
1021,1.112E-05,3.25426834821701,-6.8090373724699,
1022,1.1376E-05,3.25426834821701,-6.97640138864517,
1023,1.1632E-05,3.25426834821701,-7.14376540482044,
1024,1.1888E-05,3.18732273578644,-6.64167335629463,
1025,1.2144E-05,3.25426834821701,-7.14376540482044,
1026,1.24E-05,3.18732273578644,-6.97640138864517,
1027,1.2656E-05,3.25426834821701,-6.97640138864517,
1028,1.2912E-05,3.18732273578644,-7.31112942099571,
1029,1.3168E-05,3.18732273578644,-6.47430934011936,
1030,1.3424E-05,3.25426834821701,-6.8090373724699,
1031,1.368E-05,3.18732273578644,-7.14376540482044,
1032,1.3936E-05,3.25426834821701,-6.8090373724699,
1033,1.4192E-05,3.18732273578644,-7.14376540482044,
1034,1.4448E-05,3.25426834821701,-6.97640138864517,
1035,1.4704E-05,3.25426834821701,-6.97640138864517,
1036,1.496E-05,3.25426834821701,-6.97640138864517,
1037,1.5216E-05,3.32121396064758,-6.30694532394409,
1038,1.5472E-05,3.18732273578644,-6.97640138864517,
1039,1.5728E-05,3.18732273578644,-6.97640138864517,
1040,1.5984E-05,3.18732273578644,-6.97640138864517,
1041,1.624E-05,3.25426834821701,-7.14376540482044,
1042,1.6496E-05,3.18732273578644,-6.64167335629463,
1043,1.6752E-05,3.18732273578644,-6.8090373724699,
1044,1.7008E-05,3.18732273578644,-6.97640138864517,
1045,1.7264E-05,3.25426834821701,-6.97640138864517,
1046,1.752E-05,3.18732273578644,-6.97640138864517,
1047,1.7776E-05,3.18732273578644,-6.8090373724699,
1048,1.8032E-05,3.18732273578644,-6.97640138864517,
1049,1.8288E-05,3.18732273578644,-6.64167335629463,
1050,1.8544E-05,3.25426834821701,-6.97640138864517,
1051,1.88E-05,3.18732273578644,-6.97640138864517,
1052,1.9056E-05,3.25426834821701,-6.97640138864517,
1053,1.9312E-05,3.18732273578644,-6.8090373724699,
1054,1.9568E-05,3.18732273578644,-6.8090373724699,
1055,1.9824E-05,3.18732273578644,-6.8090373724699,
1056,2.008E-05,3.25426834821701,-6.97640138864517,
1057,2.0336E-05,3.18732273578644,-7.14376540482044,
1058,2.0592E-05,3.18732273578644,-7.14376540482044,
1059,2.0848E-05,3.25426834821701,-6.97640138864517,
1060,2.1104E-05,3.25426834821701,-7.14376540482044,
1061,2.136E-05,3.18732273578644,-7.14376540482044,
1062,2.1616E-05,3.25426834821701,-6.97640138864517,
1063,2.1872E-05,3.18732273578644,-7.14376540482044,
1064,2.2128E-05,3.18732273578644,-6.8090373724699,
1065,2.2384E-05,3.25426834821701,-6.97640138864517,
1066,2.264E-05,3.18732273578644,-7.14376540482044,
1067,2.2896E-05,3.25426834821701,-6.47430934011936,
1068,2.3152E-05,3.18732273578644,-6.97640138864517,
1069,2.3408E-05,3.18732273578644,-6.97640138864517,
1070,2.3664E-05,3.18732273578644,-7.14376540482044,
1071,2.392E-05,3.25426834821701,-7.47849343717098,
1072,2.4176E-05,3.18732273578644,-6.30694532394409,
1073,2.4432E-05,3.18732273578644,-6.97640138864517,
1074,2.4688E-05,3.25426834821701,-7.14376540482044,
1075,2.4944E-05,3.18732273578644,-6.8090373724699,
1076,2.52E-05,-0.0260666608810425,-5.1353972107172,
1077,2.5456E-05,-0.0260666608810425,1.5591634362936,
1078,2.5712E-05,-0.093012273311615,6.91481195390224,
1079,2.5968E-05,0.04087895154953,7.08217597007751,
1080,2.6224E-05,-0.0260666608810425,6.07799187302589,
1081,2.648E-05,-0.0260666608810425,6.91481195390224,
1082,2.6736E-05,-0.0260666608810425,6.74744793772697,
1083,2.6992E-05,-0.0260666608810425,6.91481195390224,
1084,2.7248E-05,-0.0260666608810425,6.91481195390224,
1085,2.7504E-05,-0.0260666608810425,6.91481195390224,
1086,2.776E-05,-0.0260666608810425,6.91481195390224,
1087,2.8016E-05,-0.0260666608810425,6.74744793772697,
1088,2.8272E-05,-0.0260666608810425,6.91481195390224,
1089,2.8528E-05,-0.093012273311615,6.91481195390224,
1090,2.8784E-05,-0.0260666608810425,6.91481195390224,
1091,2.904E-05,-0.0260666608810425,7.08217597007751,
1092,2.9296E-05,-0.0260666608810425,6.91481195390224,
1093,2.9552E-05,-0.0260666608810425,6.91481195390224,
1094,2.9808E-05,-0.0260666608810425,7.08217597007751,
1095,3.0064E-05,-0.0260666608810425,6.91481195390224,
1096,3.032E-05,-0.093012273311615,6.91481195390224,
1097,3.0576E-05,-0.0260666608810425,6.74744793772697,
1098,3.0832E-05,-0.0260666608810425,6.74744793772697,
1099,3.1088E-05,-0.0260666608810425,6.91481195390224,
1100,3.1344E-05,0.04087895154953,6.74744793772697,
1101,3.16E-05,-0.0260666608810425,7.08217597007751,
1102,3.1856E-05,-0.0260666608810425,6.74744793772697,
1103,3.2112E-05,-0.0260666608810425,6.74744793772697,
1104,3.2368E-05,-0.0260666608810425,6.91481195390224,
1105,3.2624E-05,-0.0260666608810425,6.91481195390224,
1106,3.288E-05,-0.0260666608810425,6.74744793772697,
1107,3.3136E-05,-0.093012273311615,6.74744793772697,
1108,3.3392E-05,-0.0260666608810425,6.74744793772697,
1109,3.3648E-05,-0.0260666608810425,6.41271990537643,
1110,3.3904E-05,0.04087895154953,6.07799187302589,
1111,3.416E-05,-0.0260666608810425,6.5800839215517,
1112,3.4416E-05,-0.093012273311615,6.5800839215517,
1113,3.4672E-05,-0.093012273311615,6.74744793772697,
1114,3.4928E-05,-0.0260666608810425,6.91481195390224,
1115,3.5184E-05,0.04087895154953,5.91062785685062,
1116,3.544E-05,-0.0260666608810425,6.74744793772697,
1117,3.5696E-05,0.04087895154953,6.74744793772697,
1118,3.5952E-05,0.04087895154953,6.74744793772697,
1119,3.6208E-05,-0.093012273311615,6.91481195390224,
1120,3.6464E-05,-0.093012273311615,6.91481195390224,
1121,3.672E-05,-0.0260666608810425,6.74744793772697,
1122,3.6976E-05,-0.0260666608810425,6.74744793772697,
1123,3.7232E-05,0.04087895154953,6.07799187302589,
1124,3.7488E-05,-0.0260666608810425,6.74744793772697,
1125,3.7744E-05,-0.0260666608810425,6.91481195390224,
1126,3.8E-05,-0.0260666608810425,6.74744793772697,
1127,3.8256E-05,-0.0260666608810425,6.91481195390224,
1128,3.8512E-05,-0.093012273311615,6.74744793772697,
1129,3.8768E-05,-0.093012273311615,6.91481195390224,
1130,3.9024E-05,-0.0260666608810425,6.74744793772697,
1131,3.928E-05,-0.0260666608810425,7.08217597007751,
1132,3.9536E-05,-0.0260666608810425,6.74744793772697,
1133,3.9792E-05,-0.0260666608810425,6.5800839215517,
1134,4.0048E-05,0.04087895154953,6.74744793772697,
1135,4.0304E-05,-0.0260666608810425,6.5800839215517,
1136,4.056E-05,-0.0260666608810425,6.74744793772697,
1137,4.0816E-05,-0.093012273311615,6.74744793772697,
1138,4.1072E-05,-0.0260666608810425,6.74744793772697,
1139,4.1328E-05,-0.0260666608810425,7.08217597007751,
1140,4.1584E-05,-0.0260666608810425,6.74744793772697,
1141,4.184E-05,-0.0260666608810425,6.91481195390224,
1142,4.2096E-05,-0.0260666608810425,7.08217597007751,
1143,4.2352E-05,-0.0260666608810425,7.08217597007751,
1144,4.2608E-05,-0.0260666608810425,7.24953998625278,
1145,4.2864E-05,0.04087895154953,6.74744793772697,
1146,4.312E-05,-0.0260666608810425,6.91481195390224,
1147,4.3376E-05,-0.0260666608810425,6.91481195390224,
1148,4.3632E-05,-0.0260666608810425,6.91481195390224,
1149,4.3888E-05,-0.0260666608810425,6.74744793772697,
1150,4.4144E-05,-0.0260666608810425,6.74744793772697,
1151,4.44E-05,-0.0260666608810425,6.74744793772697,
1152,4.4656E-05,-0.0260666608810425,6.91481195390224,
1153,4.4912E-05,-0.0260666608810425,6.5800839215517,
1154,4.5168E-05,-0.0260666608810425,6.91481195390224,
1155,4.5424E-05,-0.0260666608810425,6.91481195390224,
1156,4.568E-05,-0.0260666608810425,6.5800839215517,
1157,4.5936E-05,-0.093012273311615,7.24953998625278,
1158,4.6192E-05,-0.0260666608810425,6.24535588920116,
1159,4.6448E-05,-0.093012273311615,6.74744793772697,
1160,4.6704E-05,-0.093012273311615,7.08217597007751,
1161,4.696E-05,0.04087895154953,6.74744793772697,
1162,4.7216E-05,-0.093012273311615,7.08217597007751,
1163,4.7472E-05,-0.0260666608810425,6.91481195390224,
1164,4.7728E-05,-0.0260666608810425,6.91481195390224,
1165,4.7984E-05,-0.0260666608810425,6.74744793772697,
1166,4.824E-05,-0.0260666608810425,6.24535588920116,
1167,4.8496E-05,-0.093012273311615,6.5800839215517,
1168,4.8752E-05,-0.0260666608810425,6.91481195390224,
1169,4.9008E-05,-0.093012273311615,6.91481195390224,
1170,4.9264E-05,-0.0260666608810425,7.08217597007751,
1171,4.952E-05,-0.0260666608810425,6.74744793772697,
1172,4.9776E-05,-0.0260666608810425,6.74744793772697,
1173,5.0032E-05,-0.0260666608810425,6.74744793772697,
1174,5.0288E-05,0.04087895154953,5.07380777597427,
1175,5.0544E-05,-0.0260666608810425,6.74744793772697,
1176,5.08E-05,-0.0260666608810425,6.74744793772697,
1177,5.1056E-05,-0.0260666608810425,6.91481195390224,
1178,5.1312E-05,-0.093012273311615,6.41271990537643,
1179,5.1568E-05,-0.093012273311615,6.5800839215517,
1180,5.1824E-05,-0.093012273311615,6.74744793772697,
1181,5.208E-05,-0.093012273311615,6.74744793772697,
1182,5.2336E-05,-0.0260666608810425,6.74744793772697,
1183,5.2592E-05,-0.0260666608810425,6.74744793772697,
1184,5.2848E-05,-0.0260666608810425,6.74744793772697,
1185,5.3104E-05,-0.0260666608810425,6.91481195390224,
1186,5.336E-05,-0.0260666608810425,6.91481195390224,
1187,5.3616E-05,-0.0260666608810425,6.91481195390224,
1188,5.3872E-05,-0.0260666608810425,6.91481195390224,
1189,5.4128E-05,-0.0260666608810425,6.74744793772697,
1190,5.4384E-05,-0.0260666608810425,6.74744793772697,
1191,5.464E-05,-0.0260666608810425,6.74744793772697,
1192,5.4896E-05,-0.093012273311615,6.74744793772697,
1193,5.5152E-05,-0.0260666608810425,6.74744793772697,
1194,5.5408E-05,-0.0260666608810425,6.74744793772697,
1195,5.5664E-05,-0.0260666608810425,7.08217597007751,
1196,5.592E-05,-0.0260666608810425,6.74744793772697,
1197,5.6176E-05,-0.0260666608810425,6.91481195390224,
1198,5.6432E-05,-0.093012273311615,6.74744793772697,
1199,5.6688E-05,-0.0260666608810425,6.74744793772697,
1200,5.6944E-05,-0.093012273311615,7.08217597007751,
1201,5.72E-05,0.04087895154953,6.41271990537643,
1202,5.7456E-05,0.04087895154953,7.08217597007751,
1203,5.7712E-05,-0.0260666608810425,7.24953998625278,
1204,5.7968E-05,-0.0260666608810425,6.74744793772697,
1205,5.8224E-05,-0.0260666608810425,7.24953998625278,
1206,5.848E-05,-0.0260666608810425,6.91481195390224,
1207,5.8736E-05,-0.0260666608810425,7.24953998625278,
1208,5.8992E-05,-0.0260666608810425,7.08217597007751,
1209,5.9248E-05,-0.0260666608810425,6.41271990537643,
1210,5.9504E-05,-0.0260666608810425,6.91481195390224,
1211,5.976E-05,-0.093012273311615,6.91481195390224,
1212,6.0016E-05,-0.0260666608810425,6.91481195390224,
1213,6.0272E-05,-0.093012273311615,7.24953998625278,
1214,6.0528E-05,-0.0260666608810425,6.74744793772697,
1215,6.0784E-05,-0.0260666608810425,6.91481195390224,
1216,6.104E-05,-0.0260666608810425,6.91481195390224,
1217,6.1296E-05,-0.0260666608810425,6.91481195390224,
1218,6.1552E-05,-0.0260666608810425,7.08217597007751,
1219,6.1808E-05,-0.093012273311615,6.91481195390224,
1220,6.2064E-05,-0.0260666608810425,6.91481195390224,
1221,6.232E-05,-0.0260666608810425,6.5800839215517,
1222,6.2576E-05,-0.0260666608810425,6.5800839215517,
1223,6.2832E-05,-0.0260666608810425,6.74744793772697,
1224,6.3088E-05,-0.0260666608810425,6.74744793772697,
1225,6.3344E-05,-0.0260666608810425,6.74744793772697,
1226,6.36E-05,-0.0260666608810425,6.5800839215517,
1227,6.3856E-05,-0.0260666608810425,6.74744793772697,
1228,6.4112E-05,0.04087895154953,6.91481195390224,
1229,6.4368E-05,-0.0260666608810425,6.91481195390224,
1230,6.4624E-05,-0.0260666608810425,7.08217597007751,
1231,6.488E-05,-0.0260666608810425,6.74744793772697,
1232,6.5136E-05,0.04087895154953,6.74744793772697,
1233,6.5392E-05,-0.0260666608810425,6.91481195390224,
1234,6.5648E-05,-0.0260666608810425,6.74744793772697,
1235,6.5904E-05,-0.093012273311615,6.5800839215517,
1236,6.616E-05,-0.0260666608810425,6.74744793772697,
1237,6.6416E-05,-0.0260666608810425,6.74744793772697,
1238,6.6672E-05,-0.0260666608810425,6.74744793772697,
1239,6.6928E-05,-0.0260666608810425,6.24535588920116,
1240,6.7184E-05,-0.093012273311615,6.91481195390224,
1241,6.744E-05,-0.0260666608810425,6.74744793772697,
1242,6.7696E-05,0.04087895154953,6.5800839215517,
1243,6.7952E-05,-0.093012273311615,7.24953998625278,
1244,6.8208E-05,0.04087895154953,6.07799187302589,
1245,6.8464E-05,-0.0260666608810425,6.74744793772697,
1246,6.872E-05,-0.093012273311615,6.74744793772697,
1247,6.8976E-05,-0.0260666608810425,6.5800839215517,
1248,6.9232E-05,-0.0260666608810425,6.91481195390224,
1249,6.9488E-05,-0.093012273311615,6.91481195390224,
1250,6.9744E-05,0.04087895154953,6.74744793772697,
1251,7E-05,-0.0260666608810425,6.74744793772697,
1252,7.0256E-05,-0.0260666608810425,6.07799187302589,
1253,7.0512E-05,-0.093012273311615,6.91481195390224,
1254,7.0768E-05,-0.0260666608810425,6.74744793772697,
1255,7.1024E-05,-0.0260666608810425,6.91481195390224,
1256,7.128E-05,-0.0260666608810425,7.08217597007751,
1257,7.1536E-05,-0.0260666608810425,6.74744793772697,
1258,7.1792E-05,-0.0260666608810425,6.74744793772697,
1259,7.2048E-05,-0.0260666608810425,6.74744793772697,
1260,7.2304E-05,0.04087895154953,6.91481195390224,
1261,7.256E-05,-0.093012273311615,6.91481195390224,
1262,7.2816E-05,-0.0260666608810425,6.74744793772697,
1263,7.3072E-05,-0.0260666608810425,6.74744793772697,
1264,7.3328E-05,-0.0260666608810425,6.5800839215517,
1265,7.3584E-05,-0.0260666608810425,6.74744793772697,
1266,7.384E-05,-0.0260666608810425,6.74744793772697,
1267,7.4096E-05,-0.0260666608810425,6.74744793772697,
1268,7.4352E-05,-0.0260666608810425,6.91481195390224,
1269,7.4608E-05,-0.0260666608810425,6.5800839215517,
1270,7.4864E-05,-0.0260666608810425,6.74744793772697,
1271,7.512E-05,-0.0260666608810425,6.91481195390224,
1272,7.5376E-05,0.04087895154953,0.220251306891441,
1273,7.5632E-05,-0.0260666608810425,-6.13958130776882,
1274,7.5888E-05,-0.0260666608810425,-7.14376540482044,
1275,7.6144E-05,-0.0260666608810425,-6.97640138864517,
1276,7.64E-05,-0.0260666608810425,-7.14376540482044,
1277,7.6656E-05,-0.0260666608810425,-7.14376540482044,
1278,7.6912E-05,-0.0260666608810425,-7.14376540482044,
1279,7.7168E-05,-0.0260666608810425,-6.97640138864517,
1280,7.7424E-05,-0.0260666608810425,-6.97640138864517,
1281,7.768E-05,-0.0260666608810425,-7.14376540482044,
1282,7.7936E-05,-0.0260666608810425,-6.64167335629463,
1283,7.8192E-05,-0.0260666608810425,-7.14376540482044,
1284,7.8448E-05,-0.0260666608810425,-6.97640138864517,
1285,7.8704E-05,-0.0260666608810425,-7.14376540482044,
1286,7.896E-05,-0.093012273311615,-7.47849343717098,
1287,7.9216E-05,-0.0260666608810425,-6.47430934011936,
1288,7.9472E-05,-0.0260666608810425,-6.8090373724699,
1289,7.9728E-05,-0.0260666608810425,-6.8090373724699,
1290,7.9984E-05,-0.0260666608810425,-6.8090373724699,
1291,8.024E-05,0.04087895154953,-7.14376540482044,
1292,8.0496E-05,-0.0260666608810425,-6.97640138864517,
1293,8.0752E-05,-0.0260666608810425,-6.97640138864517,
1294,8.1008E-05,-0.0260666608810425,-6.8090373724699,
1295,8.1264E-05,-0.0260666608810425,-6.30694532394409,
1296,8.152E-05,-0.0260666608810425,-7.14376540482044,
1297,8.1776E-05,0.04087895154953,-7.14376540482044,
1298,8.2032E-05,-0.0260666608810425,-6.97640138864517,
1299,8.2288E-05,0.04087895154953,-7.14376540482044,
1300,8.2544E-05,-0.0260666608810425,-6.8090373724699,
1301,8.28E-05,-0.0260666608810425,-6.97640138864517,
1302,8.3056E-05,0.04087895154953,-6.97640138864517,
1303,8.3312E-05,-0.093012273311615,-6.97640138864517,
1304,8.3568E-05,-0.0260666608810425,-6.97640138864517,
1305,8.3824E-05,-0.0260666608810425,-6.8090373724699,
1306,8.408E-05,-0.093012273311615,-6.64167335629463,
1307,8.4336E-05,-0.0260666608810425,-6.8090373724699,
1308,8.4592E-05,-0.0260666608810425,-6.97640138864517,
1309,8.4848E-05,-0.0260666608810425,-6.8090373724699,
1310,8.5104E-05,-0.093012273311615,-6.97640138864517,
1311,8.536E-05,-0.0260666608810425,-6.97640138864517,
1312,8.5616E-05,-0.093012273311615,-6.8090373724699,
1313,8.5872E-05,-0.0260666608810425,-6.97640138864517,
1314,8.6128E-05,-0.0260666608810425,-7.14376540482044,
1315,8.6384E-05,-0.0260666608810425,-7.14376540482044,
1316,8.664E-05,-0.0260666608810425,-7.31112942099571,
1317,8.6896E-05,-0.0260666608810425,-6.97640138864517,
1318,8.7152E-05,-0.0260666608810425,-6.97640138864517,
1319,8.7408E-05,-0.0260666608810425,-6.8090373724699,
1320,8.7664E-05,-0.0260666608810425,-6.97640138864517,
1321,8.792E-05,-0.0260666608810425,-6.97640138864517,
1322,8.8176E-05,-0.0260666608810425,-6.97640138864517,
1323,8.8432E-05,-0.0260666608810425,-6.97640138864517,
1324,8.8688E-05,-0.093012273311615,-6.97640138864517,
1325,8.8944E-05,-0.093012273311615,-6.64167335629463,
1326,8.92E-05,0.04087895154953,-6.97640138864517,
1327,8.9456E-05,-0.0260666608810425,-6.8090373724699,
1328,8.9712E-05,-0.0260666608810425,-6.97640138864517,
1329,8.9968E-05,-0.093012273311615,-7.47849343717098,
1330,9.0224E-05,-0.0260666608810425,-6.64167335629463,
1331,9.048E-05,-0.0260666608810425,-6.8090373724699,
1332,9.0736E-05,-0.0260666608810425,-6.8090373724699,
1333,9.0992E-05,-0.0260666608810425,-6.47430934011936,
1334,9.1248E-05,-0.0260666608810425,-6.8090373724699,
1335,9.1504E-05,0.04087895154953,-6.97640138864517,
1336,9.176E-05,-0.0260666608810425,-6.97640138864517,
1337,9.2016E-05,-0.093012273311615,-6.97640138864517,
1338,9.2272E-05,0.04087895154953,-6.30694532394409,
1339,9.2528E-05,0.04087895154953,-7.31112942099571,
1340,9.2784E-05,-0.0260666608810425,-7.14376540482044,
1341,9.304E-05,-0.0260666608810425,-6.8090373724699,
1342,9.3296E-05,0.04087895154953,-7.31112942099571,
1343,9.3552E-05,-0.0260666608810425,-6.97640138864517,
1344,9.3808E-05,-0.0260666608810425,-6.97640138864517,
1345,9.4064E-05,0.04087895154953,-6.97640138864517,
1346,9.432E-05,-0.0260666608810425,-6.97640138864517,
1347,9.4576E-05,-0.093012273311615,-7.31112942099571,
1348,9.4832E-05,-0.0260666608810425,-6.97640138864517,
1349,9.5088E-05,-0.093012273311615,-6.97640138864517,
1350,9.5344E-05,-0.0260666608810425,-6.97640138864517,
1351,9.56E-05,-0.0260666608810425,-6.97640138864517,
1352,9.5856E-05,-0.0260666608810425,-6.97640138864517,
1353,9.6112E-05,-0.0260666608810425,-6.97640138864517,
1354,9.6368E-05,-0.0260666608810425,-7.14376540482044,
1355,9.6624E-05,-0.093012273311615,-6.8090373724699,
1356,9.688E-05,-0.0260666608810425,-6.64167335629463,
1357,9.7136E-05,-0.0260666608810425,-6.97640138864517,
1358,9.7392E-05,-0.0260666608810425,-6.8090373724699,
1359,9.7648E-05,-0.0260666608810425,-7.31112942099571,
1360,9.7904E-05,-0.0260666608810425,-6.97640138864517,
1361,9.816E-05,-0.0260666608810425,-6.97640138864517,
1362,9.8416E-05,-0.0260666608810425,-6.97640138864517,
1363,9.8672E-05,-0.0260666608810425,-7.14376540482044,
1364,9.8928E-05,-0.0260666608810425,-6.97640138864517,
1365,9.9184E-05,-0.0260666608810425,-7.14376540482044,
1366,9.944E-05,-0.0260666608810425,-6.97640138864517,
1367,9.9696E-05,-0.0260666608810425,-6.97640138864517,
1368,9.9952E-05,-0.0260666608810425,-6.64167335629463,
1369,0.000100208,0.04087895154953,-6.13958130776882,
1370,0.000100464,-0.0260666608810425,0.554979339241982,
1371,0.00010072,-0.0260666608810425,7.08217597007751,
1372,0.000100976,-0.0260666608810425,6.74744793772697,
1373,0.000101232,-0.0260666608810425,7.24953998625278,
1374,0.000101488,-0.0260666608810425,6.91481195390224,
1375,0.000101744,-0.0260666608810425,6.91481195390224,
1376,0.000102,-0.0260666608810425,7.08217597007751,
1377,0.000102256,-0.093012273311615,6.74744793772697,
1378,0.000102512,0.04087895154953,7.08217597007751,
1379,0.000102768,-0.0260666608810425,6.91481195390224,
1380,0.000103024,-0.093012273311615,7.08217597007751,
1381,0.00010328,-0.0260666608810425,7.41690400242805,
1382,0.000103536,-0.0260666608810425,6.74744793772697,
1383,0.000103792,-0.093012273311615,6.91481195390224,
1384,0.000104048,-0.0260666608810425,6.74744793772697,
1385,0.000104304,-0.093012273311615,6.74744793772697,
1386,0.00010456,-0.093012273311615,6.91481195390224,
1387,0.000104816,-0.0260666608810425,6.91481195390224,
1388,0.000105072,-0.0260666608810425,6.91481195390224,
1389,0.000105328,-0.0260666608810425,6.74744793772697,
1390,0.000105584,-0.093012273311615,6.74744793772697,
1391,0.00010584,-0.0260666608810425,6.74744793772697,
1392,0.000106096,-0.0260666608810425,6.74744793772697,
1393,0.000106352,-0.0260666608810425,7.08217597007751,
1394,0.000106608,-0.0260666608810425,7.08217597007751,
1395,0.000106864,-0.0260666608810425,6.74744793772697,
1396,0.00010712,-0.0260666608810425,6.91481195390224,
1397,0.000107376,-0.093012273311615,6.91481195390224,
1398,0.000107632,-0.0260666608810425,6.91481195390224,
1399,0.000107888,-0.0260666608810425,6.91481195390224,
1400,0.000108144,-0.093012273311615,6.74744793772697,
1401,0.0001084,0.04087895154953,6.91481195390224,
1402,0.000108656,-0.0260666608810425,6.5800839215517,
1403,0.000108912,-0.0260666608810425,6.74744793772697,
1404,0.000109168,-0.093012273311615,6.74744793772697,
1405,0.000109424,-0.093012273311615,6.74744793772697,
1406,0.00010968,0.04087895154953,6.74744793772697,
1407,0.000109936,0.04087895154953,6.74744793772697,
1408,0.000110192,-0.0260666608810425,7.08217597007751,
1409,0.000110448,-0.0260666608810425,6.74744793772697,
1410,0.000110704,-0.093012273311615,7.08217597007751,
1411,0.00011096,0.04087895154953,6.91481195390224,
1412,0.000111216,-0.0260666608810425,6.74744793772697,
1413,0.000111472,-0.0260666608810425,6.74744793772697,
1414,0.000111728,0.04087895154953,6.91481195390224,
1415,0.000111984,-0.0260666608810425,6.41271990537643,
1416,0.00011224,-0.0260666608810425,7.08217597007751,
1417,0.000112496,-0.0260666608810425,7.08217597007751,
1418,0.000112752,-0.0260666608810425,6.74744793772697,
1419,0.000113008,-0.0260666608810425,6.91481195390224,
1420,0.000113264,-0.0260666608810425,6.5800839215517,
1421,0.00011352,-0.0260666608810425,6.91481195390224,
1422,0.000113776,-0.0260666608810425,6.91481195390224,
1423,0.000114032,-0.0260666608810425,6.74744793772697,
1424,0.000114288,-0.0260666608810425,7.24953998625278,
1425,0.000114544,-0.0260666608810425,6.74744793772697,
1426,0.0001148,-0.0260666608810425,6.91481195390224,
1427,0.000115056,0.04087895154953,6.91481195390224,
1428,0.000115312,-0.0260666608810425,6.5800839215517,
1429,0.000115568,-0.093012273311615,6.91481195390224,
1430,0.000115824,-0.0260666608810425,6.91481195390224,
1431,0.00011608,-0.0260666608810425,6.74744793772697,
1432,0.000116336,-0.0260666608810425,6.91481195390224,
1433,0.000116592,-0.093012273311615,6.74744793772697,
1434,0.000116848,-0.093012273311615,7.24953998625278,
1435,0.000117104,0.04087895154953,6.91481195390224,
1436,0.00011736,-0.093012273311615,7.24953998625278,
1437,0.000117616,-0.0260666608810425,7.08217597007751,
1438,0.000117872,-0.0260666608810425,6.91481195390224,
1439,0.000118128,-0.0260666608810425,6.74744793772697,
1440,0.000118384,-0.093012273311615,7.08217597007751,
1441,0.00011864,0.04087895154953,6.91481195390224,
1442,0.000118896,-0.093012273311615,7.08217597007751,
1443,0.000119152,-0.0260666608810425,7.08217597007751,
1444,0.000119408,-0.0260666608810425,7.08217597007751,
1445,0.000119664,-0.0260666608810425,6.74744793772697,
1446,0.00011992,-0.0260666608810425,6.91481195390224,
1447,0.000120176,-0.0260666608810425,6.91481195390224,
1448,0.000120432,-0.093012273311615,6.91481195390224,
1449,0.000120688,-0.0260666608810425,6.74744793772697,
1450,0.000120944,-0.0260666608810425,7.08217597007751,
1451,0.0001212,-0.093012273311615,6.91481195390224,
1452,0.000121456,-0.0260666608810425,6.91481195390224,
1453,0.000121712,-0.0260666608810425,6.74744793772697,
1454,0.000121968,-0.093012273311615,6.91481195390224,
1455,0.000122224,-0.093012273311615,6.91481195390224,
1456,0.00012248,-0.0260666608810425,6.91481195390224,
1457,0.000122736,-0.0260666608810425,6.91481195390224,
1458,0.000122992,0.04087895154953,6.5800839215517,
1459,0.000123248,-0.0260666608810425,7.08217597007751,
1460,0.000123504,-0.0260666608810425,6.74744793772697,
1461,0.00012376,-0.0260666608810425,6.91481195390224,
1462,0.000124016,-0.0260666608810425,6.91481195390224,
1463,0.000124272,-0.0260666608810425,6.74744793772697,
1464,0.000124528,-0.0260666608810425,6.74744793772697,
1465,0.000124784,-0.0260666608810425,6.91481195390224,
1466,0.00012504,-0.093012273311615,6.74744793772697,
1467,0.000125296,-0.0260666608810425,2.06125548481941,
1468,0.000125552,-0.093012273311615,-4.46594114601612,
1469,0.000125808,-0.0260666608810425,-6.64167335629463,
1470,0.000126064,-0.0260666608810425,-6.97640138864517,
1471,0.00012632,-0.0260666608810425,-6.64167335629463,
1472,0.000126576,-0.0260666608810425,-6.97640138864517,
1473,0.000126832,-0.0260666608810425,-6.8090373724699,
1474,0.000127088,-0.0260666608810425,-6.97640138864517,
1475,0.000127344,-0.0260666608810425,-6.8090373724699,
1476,0.0001276,-0.0260666608810425,-6.8090373724699,
1477,0.000127856,-0.093012273311615,-7.14376540482044,
1478,0.000128112,-0.093012273311615,-6.97640138864517,
1479,0.000128368,-0.0260666608810425,-7.14376540482044,
1480,0.000128624,-0.0260666608810425,-7.14376540482044,
1481,0.00012888,-0.0260666608810425,-6.97640138864517,
1482,0.000129136,-0.093012273311615,-6.97640138864517,
1483,0.000129392,-0.0260666608810425,-7.14376540482044,
1484,0.000129648,-0.0260666608810425,-7.14376540482044,
1485,0.000129904,-0.0260666608810425,-7.14376540482044,
1486,0.00013016,-0.0260666608810425,-6.97640138864517,
1487,0.000130416,-0.0260666608810425,-6.97640138864517,
1488,0.000130672,-0.0260666608810425,-6.97640138864517,
1489,0.000130928,-0.0260666608810425,-7.14376540482044,
1490,0.000131184,-0.0260666608810425,-6.97640138864517,
1491,0.00013144,-0.0260666608810425,-6.97640138864517,
1492,0.000131696,-0.093012273311615,-7.14376540482044,
1493,0.000131952,-0.0260666608810425,-7.31112942099571,
1494,0.000132208,-0.0260666608810425,-7.14376540482044,
1495,0.000132464,-0.0260666608810425,-6.97640138864517,
1496,0.00013272,-0.0260666608810425,-7.14376540482044,
1497,0.000132976,-0.093012273311615,-7.14376540482044,
1498,0.000133232,-0.0260666608810425,-7.14376540482044,
1499,0.000133488,-0.093012273311615,-7.14376540482044,
1500,0.000133744,-0.093012273311615,-7.31112942099571,
1501,0.000134,-0.0260666608810425,-6.97640138864517,
1502,0.000134256,-0.0260666608810425,-7.31112942099571,
1503,0.000134512,0.04087895154953,-7.14376540482044,
1504,0.000134768,-0.093012273311615,-6.8090373724699,
1505,0.000135024,-0.0260666608810425,-6.97640138864517,
1506,0.00013528,-0.0260666608810425,-6.8090373724699,
1507,0.000135536,0.04087895154953,-7.14376540482044,
1508,0.000135792,-0.0260666608810425,-6.97640138864517,
1509,0.000136048,-0.0260666608810425,-6.8090373724699,
1510,0.000136304,-0.0260666608810425,-7.47849343717098,
1511,0.00013656,-0.0260666608810425,-6.8090373724699,
1512,0.000136816,-0.0260666608810425,-7.14376540482044,
1513,0.000137072,-0.0260666608810425,-7.14376540482044,
1514,0.000137328,-0.0260666608810425,-6.8090373724699,
1515,0.000137584,-0.093012273311615,-7.14376540482044,
1516,0.00013784,-0.0260666608810425,-6.97640138864517,
1517,0.000138096,-0.093012273311615,-6.8090373724699,
1518,0.000138352,-0.0260666608810425,-6.64167335629463,
1519,0.000138608,0.04087895154953,-6.97640138864517,
1520,0.000138864,-0.0260666608810425,-6.97640138864517,
1521,0.00013912,-0.093012273311615,-7.14376540482044,
1522,0.000139376,-0.093012273311615,-7.14376540482044,
1523,0.000139632,-0.0260666608810425,-6.97640138864517,
1524,0.000139888,-0.0260666608810425,-7.14376540482044,
1525,0.000140144,-0.093012273311615,-6.8090373724699,
1526,0.0001404,-0.0260666608810425,-6.97640138864517,
1527,0.000140656,-0.0260666608810425,-7.14376540482044,
1528,0.000140912,-0.0260666608810425,-7.14376540482044,
1529,0.000141168,-0.0260666608810425,-6.97640138864517,
1530,0.000141424,-0.0260666608810425,-6.8090373724699,
1531,0.00014168,-0.093012273311615,-6.8090373724699,
1532,0.000141936,-0.0260666608810425,-6.97640138864517,
1533,0.000142192,-0.0260666608810425,-6.97640138864517,
1534,0.000142448,-0.0260666608810425,-6.8090373724699,
1535,0.000142704,-0.0260666608810425,-6.8090373724699,
1536,0.00014296,0.04087895154953,-7.14376540482044,
1537,0.000143216,-0.0260666608810425,-6.97640138864517,
1538,0.000143472,0.04087895154953,-6.97640138864517,
1539,0.000143728,-0.0260666608810425,-6.8090373724699,
1540,0.000143984,-0.0260666608810425,-6.97640138864517,
1541,0.00014424,-0.0260666608810425,-6.97640138864517,
1542,0.000144496,-0.0260666608810425,-6.97640138864517,
1543,0.000144752,-0.0260666608810425,-6.97640138864517,
1544,0.000145008,-0.0260666608810425,-6.8090373724699,
1545,0.000145264,-0.0260666608810425,-7.14376540482044,
1546,0.00014552,0.04087895154953,-6.97640138864517,
1547,0.000145776,-0.0260666608810425,-6.97640138864517,
1548,0.000146032,-0.0260666608810425,-7.31112942099571,
1549,0.000146288,-0.0260666608810425,-6.8090373724699,
1550,0.000146544,-0.0260666608810425,-7.14376540482044,
1551,0.0001468,0.04087895154953,-6.97640138864517,
1552,0.000147056,-0.0260666608810425,-6.97640138864517,
1553,0.000147312,0.04087895154953,-7.47849343717098,
1554,0.000147568,-0.0260666608810425,-6.97640138864517,
1555,0.000147824,-0.0260666608810425,-7.14376540482044,
1556,0.00014808,-0.0260666608810425,-7.14376540482044,
1557,0.000148336,-0.0260666608810425,-6.64167335629463,
1558,0.000148592,0.04087895154953,-6.97640138864517,
1559,0.000148848,-0.0260666608810425,-7.14376540482044,
1560,0.000149104,0.04087895154953,-7.14376540482044,
1561,0.00014936,-0.0260666608810425,-6.97640138864517,
1562,0.000149616,-0.0260666608810425,-6.64167335629463,
1563,0.000149872,-0.0260666608810425,-7.14376540482044,
1564,0.000150128,0.04087895154953,-6.97640138864517,
1565,0.000150384,-0.0260666608810425,-6.8090373724699,
1566,0.00015064,-0.0260666608810425,-7.14376540482044,
1567,0.000150896,-0.0260666608810425,-7.14376540482044,
1568,0.000151152,-0.0260666608810425,-6.97640138864517,
1569,0.000151408,-0.0260666608810425,-7.14376540482044,
1570,0.000151664,-0.0260666608810425,-6.97640138864517,
1571,0.00015192,-0.0260666608810425,-7.31112942099571,
1572,0.000152176,-0.093012273311615,-6.97640138864517,
1573,0.000152432,0.04087895154953,-6.97640138864517,
1574,0.000152688,-0.093012273311615,-6.97640138864517,
1575,0.000152944,-0.0260666608810425,-6.8090373724699,
1576,0.0001532,-0.0260666608810425,-6.97640138864517,
1577,0.000153456,-0.0260666608810425,-6.8090373724699,
1578,0.000153712,-0.0260666608810425,-7.14376540482044,
1579,0.000153968,-0.0260666608810425,-7.14376540482044,
1580,0.000154224,-0.093012273311615,-6.97640138864517,
1581,0.00015448,-0.0260666608810425,-7.14376540482044,
1582,0.000154736,-0.0260666608810425,-7.14376540482044,
1583,0.000154992,-0.0260666608810425,-6.97640138864517,
1584,0.000155248,-0.0260666608810425,-6.97640138864517,
1585,0.000155504,-0.0260666608810425,-6.97640138864517,
1586,0.00015576,-0.0260666608810425,-6.97640138864517,
1587,0.000156016,-0.093012273311615,-6.64167335629463,
1588,0.000156272,-0.0260666608810425,-7.14376540482044,
1589,0.000156528,-0.093012273311615,-6.97640138864517,
1590,0.000156784,-0.0260666608810425,-6.97640138864517,
1591,0.00015704,-0.0260666608810425,-6.97640138864517,
1592,0.000157296,-0.0260666608810425,-6.97640138864517,
1593,0.000157552,-0.0260666608810425,-6.97640138864517,
1594,0.000157808,-0.0260666608810425,-6.97640138864517,
1595,0.000158064,0.04087895154953,-6.97640138864517,
1596,0.00015832,-0.0260666608810425,-7.31112942099571,
1597,0.000158576,-0.0260666608810425,-6.8090373724699,
1598,0.000158832,-0.0260666608810425,-6.8090373724699,
1599,0.000159088,-0.0260666608810425,-6.8090373724699,
1600,0.000159344,-0.0260666608810425,-6.8090373724699,
1601,0.0001596,-0.093012273311615,-6.97640138864517,
1602,0.000159856,-0.0260666608810425,-6.8090373724699,
1603,0.000160112,-0.093012273311615,-6.8090373724699,
1604,0.000160368,0.04087895154953,-6.97640138864517,
1605,0.000160624,-0.0260666608810425,-6.8090373724699,
1606,0.00016088,0.04087895154953,-7.14376540482044,
1607,0.000161136,0.04087895154953,-6.97640138864517,
1608,0.000161392,-0.0260666608810425,-7.14376540482044,
1609,0.000161648,-0.0260666608810425,-7.14376540482044,
1610,0.000161904,-0.0260666608810425,-6.97640138864517,
1611,0.00016216,-0.093012273311615,-7.31112942099571,
1612,0.000162416,-0.0260666608810425,-6.97640138864517,
1613,0.000162672,-0.0260666608810425,-6.97640138864517,
1614,0.000162928,-0.0260666608810425,-6.97640138864517,
1615,0.000163184,-0.0260666608810425,-6.97640138864517,
1616,0.00016344,-0.0260666608810425,-6.97640138864517,
1617,0.000163696,-0.0260666608810425,-6.8090373724699,
1618,0.000163952,-0.0260666608810425,-6.97640138864517,
1619,0.000164208,-0.0260666608810425,-6.97640138864517,
1620,0.000164464,-0.0260666608810425,-6.97640138864517,
1621,0.00016472,-0.0260666608810425,-7.14376540482044,
1622,0.000164976,-0.0260666608810425,-7.47849343717098,
1623,0.000165232,-0.0260666608810425,-6.97640138864517,
1624,0.000165488,-0.0260666608810425,-7.14376540482044,
1625,0.000165744,-0.0260666608810425,-6.97640138864517,
1626,0.000166,-0.0260666608810425,-6.97640138864517,
1627,0.000166256,-0.093012273311615,-6.97640138864517,
1628,0.000166512,-0.0260666608810425,-6.8090373724699,
1629,0.000166768,0.04087895154953,-6.97640138864517,
1630,0.000167024,0.107824563980103,-6.97640138864517,
1631,0.00016728,-0.093012273311615,-7.14376540482044,
1632,0.000167536,-0.0260666608810425,-7.31112942099571,
1633,0.000167792,-0.0260666608810425,-6.97640138864517,
1634,0.000168048,-0.093012273311615,-7.31112942099571,
1635,0.000168304,-0.0260666608810425,-7.14376540482044,
1636,0.00016856,-0.0260666608810425,-7.14376540482044,
1637,0.000168816,-0.0260666608810425,-6.97640138864517,
1638,0.000169072,-0.0260666608810425,-6.97640138864517,
1639,0.000169328,-0.093012273311615,-7.47849343717098,
1640,0.000169584,-0.0260666608810425,-6.8090373724699,
1641,0.00016984,-0.0260666608810425,-6.97640138864517,
1642,0.000170096,-0.0260666608810425,-6.97640138864517,
1643,0.000170352,-0.0260666608810425,-6.8090373724699,
1644,0.000170608,-0.0260666608810425,-7.14376540482044,
1645,0.000170864,-0.0260666608810425,-7.14376540482044,
1646,0.00017112,-0.0260666608810425,-6.97640138864517,
1647,0.000171376,0.04087895154953,-6.64167335629463,
1648,0.000171632,0.04087895154953,-6.8090373724699,
1649,0.000171888,-0.0260666608810425,-7.14376540482044,
1650,0.000172144,-0.0260666608810425,-6.97640138864517,
1651,0.0001724,-0.0260666608810425,-7.14376540482044,
1652,0.000172656,-0.0260666608810425,-6.8090373724699,
1653,0.000172912,-0.0260666608810425,-6.97640138864517,
1654,0.000173168,0.04087895154953,-7.14376540482044,
1655,0.000173424,-0.0260666608810425,-6.97640138864517,
1656,0.00017368,-0.093012273311615,-7.14376540482044,
1657,0.000173936,-0.0260666608810425,-7.31112942099571,
1658,0.000174192,0.04087895154953,-6.8090373724699,
1659,0.000174448,-0.0260666608810425,-6.97640138864517,
1660,0.000174704,-0.0260666608810425,-6.97640138864517,
1661,0.00017496,-0.0260666608810425,-6.97640138864517,
1662,0.000175216,-0.0260666608810425,-4.80066917836666,
1663,0.000175472,-0.0260666608810425,2.22861950099468,
1664,0.000175728,0.04087895154953,6.5800839215517,
1665,0.000175984,-0.0260666608810425,6.91481195390224,
1666,0.00017624,-0.093012273311615,7.08217597007751,
1667,0.000176496,-0.0260666608810425,7.08217597007751,
1668,0.000176752,-0.0260666608810425,6.91481195390224,
1669,0.000177008,-0.0260666608810425,6.74744793772697,
1670,0.000177264,-0.0260666608810425,6.74744793772697,
1671,0.00017752,-0.0260666608810425,6.74744793772697,
1672,0.000177776,-0.0260666608810425,7.08217597007751,
1673,0.000178032,-0.093012273311615,6.5800839215517,
1674,0.000178288,-0.093012273311615,6.91481195390224,
1675,0.000178544,-0.0260666608810425,7.08217597007751,
1676,0.0001788,-0.093012273311615,6.74744793772697,
1677,0.000179056,-0.0260666608810425,6.91481195390224,
1678,0.000179312,0.04087895154953,6.91481195390224,
1679,0.000179568,-0.0260666608810425,6.91481195390224,
1680,0.000179824,-0.0260666608810425,6.5800839215517,
1681,0.00018008,-0.0260666608810425,6.91481195390224,
1682,0.000180336,-0.0260666608810425,7.41690400242805,
1683,0.000180592,-0.0260666608810425,6.91481195390224,
1684,0.000180848,-0.0260666608810425,6.74744793772697,
1685,0.000181104,-0.0260666608810425,6.74744793772697,
1686,0.00018136,-0.0260666608810425,6.5800839215517,
1687,0.000181616,-0.0260666608810425,6.91481195390224,
1688,0.000181872,0.04087895154953,6.91481195390224,
1689,0.000182128,-0.0260666608810425,6.74744793772697,
1690,0.000182384,-0.0260666608810425,6.74744793772697,
1691,0.00018264,-0.0260666608810425,6.5800839215517,
1692,0.000182896,-0.0260666608810425,6.91481195390224,
1693,0.000183152,-0.0260666608810425,7.08217597007751,
1694,0.000183408,-0.0260666608810425,6.91481195390224,
1695,0.000183664,-0.0260666608810425,7.24953998625278,
1696,0.00018392,-0.0260666608810425,6.91481195390224,
1697,0.000184176,-0.0260666608810425,6.91481195390224,
1698,0.000184432,-0.0260666608810425,6.91481195390224,
1699,0.000184688,-0.093012273311615,7.24953998625278,
1700,0.000184944,-0.0260666608810425,7.08217597007751,
1701,0.0001852,-0.093012273311615,6.74744793772697,
1702,0.000185456,-0.093012273311615,6.91481195390224,
1703,0.000185712,-0.0260666608810425,6.91481195390224,
1704,0.000185968,-0.0260666608810425,6.74744793772697,
1705,0.000186224,-0.0260666608810425,6.74744793772697,
1706,0.00018648,-0.0260666608810425,6.74744793772697,
1707,0.000186736,-0.159957885742188,6.91481195390224,
1708,0.000186992,0.04087895154953,7.08217597007751,
1709,0.000187248,-0.0260666608810425,6.91481195390224,
1710,0.000187504,-0.0260666608810425,6.74744793772697,
1711,0.00018776,-0.0260666608810425,6.91481195390224,
1712,0.000188016,-0.0260666608810425,6.91481195390224,
1713,0.000188272,-0.0260666608810425,6.91481195390224,
1714,0.000188528,-0.0260666608810425,6.74744793772697,
1715,0.000188784,-0.0260666608810425,6.91481195390224,
1716,0.00018904,-0.093012273311615,6.41271990537643,
1717,0.000189296,-0.0260666608810425,6.91481195390224,
1718,0.000189552,-0.0260666608810425,6.74744793772697,
1719,0.000189808,0.04087895154953,6.91481195390224,
1720,0.000190064,-0.0260666608810425,7.08217597007751,
1721,0.00019032,-0.093012273311615,6.91481195390224,
1722,0.000190576,-0.0260666608810425,6.74744793772697,
1723,0.000190832,-0.0260666608810425,6.91481195390224,
1724,0.000191088,-0.093012273311615,6.91481195390224,
1725,0.000191344,-0.0260666608810425,7.24953998625278,
1726,0.0001916,-0.0260666608810425,6.74744793772697,
1727,0.000191856,-0.0260666608810425,6.5800839215517,
1728,0.000192112,-0.0260666608810425,6.5800839215517,
1729,0.000192368,-0.093012273311615,6.41271990537643,
1730,0.000192624,-0.0260666608810425,6.74744793772697,
1731,0.00019288,-0.093012273311615,6.74744793772697,
1732,0.000193136,-0.0260666608810425,6.5800839215517,
1733,0.000193392,0.04087895154953,6.5800839215517,
1734,0.000193648,-0.0260666608810425,6.41271990537643,
1735,0.000193904,0.04087895154953,6.91481195390224,
1736,0.00019416,-0.0260666608810425,6.74744793772697,
1737,0.000194416,-0.0260666608810425,6.91481195390224,
1738,0.000194672,-0.0260666608810425,6.91481195390224,
1739,0.000194928,-0.0260666608810425,6.5800839215517,
1740,0.000195184,0.04087895154953,6.74744793772697,
1741,0.00019544,-0.0260666608810425,6.91481195390224,
1742,0.000195696,-0.093012273311615,6.91481195390224,
1743,0.000195952,-0.0260666608810425,7.24953998625278,
1744,0.000196208,-0.0260666608810425,6.74744793772697,
1745,0.000196464,-0.0260666608810425,6.74744793772697,
1746,0.00019672,-0.0260666608810425,6.91481195390224,
1747,0.000196976,-0.093012273311615,6.91481195390224,
1748,0.000197232,-0.093012273311615,6.74744793772697,
1749,0.000197488,-0.0260666608810425,6.74744793772697,
1750,0.000197744,-0.0260666608810425,6.91481195390224,
1751,0.000198,-0.0260666608810425,7.08217597007751,
1752,0.000198256,-0.093012273311615,6.5800839215517,
1753,0.000198512,-0.0260666608810425,6.74744793772697,
1754,0.000198768,-0.0260666608810425,6.91481195390224,
1755,0.000199024,-0.0260666608810425,6.91481195390224,
1756,0.00019928,-0.0260666608810425,7.08217597007751,
1757,0.000199536,-0.0260666608810425,7.08217597007751,
1758,0.000199792,-0.0260666608810425,6.74744793772697,
1759,0.000200048,2.18313854932785,6.5800839215517,
1760,0.000200304,3.18732273578644,3.90225966274738,
1761,0.00020056,3.18732273578644,-2.62493696808815,
1762,0.000200816,3.18732273578644,-6.8090373724699,
1763,0.000201072,3.25426834821701,-6.8090373724699,
1764,0.000201328,3.32121396064758,-6.97640138864517,
1765,0.000201584,3.18732273578644,-6.97640138864517,
1766,0.00020184,3.25426834821701,-6.97640138864517,
1767,0.000202096,3.18732273578644,-6.97640138864517,
1768,0.000202352,3.25426834821701,-6.47430934011936,
1769,0.000202608,3.25426834821701,-7.14376540482044,
1770,0.000202864,3.18732273578644,-6.97640138864517,
1771,0.00020312,3.18732273578644,-6.8090373724699,
1772,0.000203376,3.18732273578644,-7.31112942099571,
1773,0.000203632,3.25426834821701,-6.8090373724699,
1774,0.000203888,3.12037712335587,-6.97640138864517,
1775,0.000204144,3.18732273578644,-6.97640138864517,
1776,0.0002044,3.25426834821701,-7.14376540482044,
1777,0.000204656,3.18732273578644,-7.14376540482044,
1778,0.000204912,3.18732273578644,-6.64167335629463,
1779,0.000205168,3.25426834821701,-6.8090373724699,
1780,0.000205424,3.18732273578644,-6.8090373724699,
1781,0.00020568,3.18732273578644,-6.47430934011936,
1782,0.000205936,3.18732273578644,-6.97640138864517,
1783,0.000206192,3.18732273578644,-6.97640138864517,
1784,0.000206448,3.18732273578644,-6.8090373724699,
1785,0.000206704,3.25426834821701,-7.47849343717098,
1786,0.00020696,3.25426834821701,-6.47430934011936,
1787,0.000207216,3.18732273578644,-6.97640138864517,
1788,0.000207472,3.25426834821701,-6.97640138864517,
1789,0.000207728,3.25426834821701,-6.97640138864517,
1790,0.000207984,3.25426834821701,-6.97640138864517,
1791,0.00020824,3.18732273578644,-6.97640138864517,
1792,0.000208496,3.18732273578644,-7.14376540482044,
1793,0.000208752,3.25426834821701,-7.14376540482044,
1794,0.000209008,3.18732273578644,-6.8090373724699,
1795,0.000209264,3.12037712335587,-6.97640138864517,
1796,0.00020952,3.25426834821701,-7.14376540482044,
1797,0.000209776,3.18732273578644,-7.14376540482044,
1798,0.000210032,3.18732273578644,-7.14376540482044,
1799,0.000210288,3.18732273578644,-7.14376540482044,
1800,0.000210544,3.25426834821701,-6.97640138864517,
1801,0.0002108,3.18732273578644,-6.97640138864517,
1802,0.000211056,3.25426834821701,-6.97640138864517,
1803,0.000211312,3.18732273578644,-6.64167335629463,
1804,0.000211568,3.25426834821701,-6.97640138864517,
1805,0.000211824,3.18732273578644,-6.97640138864517,
1806,0.00021208,3.18732273578644,-6.8090373724699,
1807,0.000212336,3.25426834821701,-6.97640138864517,
1808,0.000212592,3.18732273578644,-7.14376540482044,
1809,0.000212848,3.18732273578644,-6.97640138864517,
1810,0.000213104,3.18732273578644,-6.97640138864517,
1811,0.00021336,3.32121396064758,-6.64167335629463,
1812,0.000213616,3.18732273578644,-6.97640138864517,
1813,0.000213872,3.18732273578644,-6.97640138864517,
1814,0.000214128,3.25426834821701,-6.97640138864517,
1815,0.000214384,3.18732273578644,-7.31112942099571,
1816,0.00021464,3.25426834821701,-6.8090373724699,
1817,0.000214896,3.18732273578644,-6.8090373724699,
1818,0.000215152,3.32121396064758,-7.14376540482044,
1819,0.000215408,3.25426834821701,-6.97640138864517,
1820,0.000215664,3.25426834821701,-7.14376540482044,
1821,0.00021592,3.25426834821701,-6.97640138864517,
1822,0.000216176,3.25426834821701,-6.97640138864517,
1823,0.000216432,3.25426834821701,-6.97640138864517,
1824,0.000216688,3.25426834821701,-6.64167335629463,
1825,0.000216944,3.18732273578644,-6.8090373724699,
1826,0.0002172,3.25426834821701,-6.8090373724699,
1827,0.000217456,3.25426834821701,-6.8090373724699,
1828,0.000217712,3.18732273578644,-7.14376540482044,
1829,0.000217968,3.25426834821701,-6.30694532394409,
1830,0.000218224,3.25426834821701,-6.8090373724699,
1831,0.00021848,3.32121396064758,-6.97640138864517,
1832,0.000218736,3.25426834821701,-6.97640138864517,
1833,0.000218992,3.32121396064758,-6.97640138864517,
1834,0.000219248,3.18732273578644,-6.8090373724699,
1835,0.000219504,3.18732273578644,-6.97640138864517,
1836,0.00021976,3.25426834821701,-7.14376540482044,
1837,0.000220016,3.25426834821701,-6.64167335629463,
1838,0.000220272,3.25426834821701,-6.97640138864517,
1839,0.000220528,3.25426834821701,-6.97640138864517,
1840,0.000220784,3.25426834821701,-6.97640138864517,
1841,0.00022104,3.18732273578644,-6.8090373724699,
1842,0.000221296,3.25426834821701,-6.97640138864517,
1843,0.000221552,3.25426834821701,-6.97640138864517,
1844,0.000221808,3.18732273578644,-6.97640138864517,
1845,0.000222064,3.25426834821701,-7.14376540482044,
1846,0.00022232,3.25426834821701,-6.47430934011936,
1847,0.000222576,3.25426834821701,-6.97640138864517,
1848,0.000222832,3.25426834821701,-7.14376540482044,
1849,0.000223088,3.25426834821701,-6.8090373724699,
1850,0.000223344,3.25426834821701,-7.14376540482044,
1851,0.0002236,3.25426834821701,-6.97640138864517,
1852,0.000223856,3.18732273578644,-6.97640138864517,
1853,0.000224112,3.18732273578644,-6.97640138864517,
1854,0.000224368,3.32121396064758,-6.64167335629463,
1855,0.000224624,3.25426834821701,-6.8090373724699,
1856,0.00022488,3.25426834821701,-6.97640138864517,
1857,0.000225136,-0.093012273311615,-6.64167335629463,
1858,0.000225392,-0.0260666608810425,-0.281840741634369,
1859,0.000225648,-0.0260666608810425,6.74744793772697,
1860,0.000225904,-0.0260666608810425,6.91481195390224,
1861,0.00022616,-0.0260666608810425,6.91481195390224,
1862,0.000226416,0.04087895154953,7.08217597007751,
1863,0.000226672,-0.0260666608810425,7.08217597007751,
1864,0.000226928,-0.0260666608810425,6.91481195390224,
1865,0.000227184,-0.0260666608810425,6.91481195390224,
1866,0.00022744,-0.093012273311615,6.91481195390224,
1867,0.000227696,0.04087895154953,6.5800839215517,
1868,0.000227952,-0.0260666608810425,6.91481195390224,
1869,0.000228208,-0.0260666608810425,7.08217597007751,
1870,0.000228464,-0.0260666608810425,6.91481195390224,
1871,0.00022872,-0.0260666608810425,7.08217597007751,
1872,0.000228976,-0.0260666608810425,6.74744793772697,
1873,0.000229232,-0.0260666608810425,6.74744793772697,
1874,0.000229488,0.04087895154953,6.91481195390224,
1875,0.000229744,0.04087895154953,6.91481195390224,
1876,0.00023,-0.0260666608810425,6.91481195390224,
1877,0.000230256,-0.0260666608810425,6.74744793772697,
1878,0.000230512,-0.0260666608810425,6.91481195390224,
1879,0.000230768,-0.0260666608810425,6.91481195390224,
1880,0.000231024,-0.0260666608810425,6.5800839215517,
1881,0.00023128,-0.0260666608810425,6.74744793772697,
1882,0.000231536,-0.093012273311615,6.74744793772697,
1883,0.000231792,-0.093012273311615,6.91481195390224,
1884,0.000232048,0.04087895154953,6.74744793772697,
1885,0.000232304,0.04087895154953,6.91481195390224,
1886,0.00023256,-0.0260666608810425,6.91481195390224,
1887,0.000232816,-0.0260666608810425,6.74744793772697,
1888,0.000233072,-0.0260666608810425,6.91481195390224,
1889,0.000233328,-0.0260666608810425,6.07799187302589,
1890,0.000233584,-0.0260666608810425,6.41271990537643,
1891,0.00023384,-0.0260666608810425,6.5800839215517,
1892,0.000234096,-0.0260666608810425,6.41271990537643,
1893,0.000234352,-0.093012273311615,6.74744793772697,
1894,0.000234608,0.04087895154953,6.74744793772697,
1895,0.000234864,0.04087895154953,6.74744793772697,
1896,0.00023512,-0.0260666608810425,6.74744793772697,
1897,0.000235376,-0.093012273311615,6.07799187302589,
1898,0.000235632,-0.0260666608810425,6.74744793772697,
1899,0.000235888,-0.093012273311615,6.74744793772697,
1900,0.000236144,-0.0260666608810425,6.74744793772697,
1901,0.0002364,0.04087895154953,7.08217597007751,
1902,0.000236656,-0.0260666608810425,6.74744793772697,
1903,0.000236912,-0.0260666608810425,6.74744793772697,
1904,0.000237168,-0.0260666608810425,6.91481195390224,
1905,0.000237424,-0.0260666608810425,6.91481195390224,
1906,0.00023768,-0.0260666608810425,7.08217597007751,
1907,0.000237936,-0.093012273311615,6.5800839215517,
1908,0.000238192,-0.0260666608810425,6.5800839215517,
1909,0.000238448,-0.0260666608810425,6.74744793772697,
1910,0.000238704,-0.093012273311615,6.74744793772697,
1911,0.00023896,-0.0260666608810425,6.91481195390224,
1912,0.000239216,-0.0260666608810425,6.91481195390224,
1913,0.000239472,-0.0260666608810425,6.74744793772697,
1914,0.000239728,-0.0260666608810425,7.08217597007751,
1915,0.000239984,-0.0260666608810425,6.41271990537643,
1916,0.00024024,0.04087895154953,6.74744793772697,
1917,0.000240496,-0.0260666608810425,6.74744793772697,
1918,0.000240752,-0.0260666608810425,6.91481195390224,
1919,0.000241008,-0.0260666608810425,6.91481195390224,
1920,0.000241264,-0.0260666608810425,6.91481195390224,
1921,0.00024152,-0.0260666608810425,6.91481195390224,
1922,0.000241776,-0.0260666608810425,7.08217597007751,
1923,0.000242032,-0.0260666608810425,6.5800839215517,
1924,0.000242288,-0.0260666608810425,6.91481195390224,
1925,0.000242544,-0.0260666608810425,7.08217597007751,
1926,0.0002428,-0.0260666608810425,6.91481195390224,
1927,0.000243056,-0.093012273311615,6.74744793772697,
1928,0.000243312,-0.0260666608810425,6.91481195390224,
1929,0.000243568,-0.0260666608810425,6.91481195390224,
1930,0.000243824,-0.0260666608810425,6.91481195390224,
1931,0.00024408,-0.093012273311615,7.08217597007751,
1932,0.000244336,-0.0260666608810425,6.41271990537643,
1933,0.000244592,-0.0260666608810425,6.91481195390224,
1934,0.000244848,-0.093012273311615,6.91481195390224,
1935,0.000245104,-0.0260666608810425,6.74744793772697,
1936,0.00024536,0.04087895154953,6.74744793772697,
1937,0.000245616,-0.0260666608810425,6.74744793772697,
1938,0.000245872,-0.0260666608810425,6.91481195390224,
1939,0.000246128,-0.0260666608810425,6.74744793772697,
1940,0.000246384,-0.0260666608810425,6.24535588920116,
1941,0.00024664,0.04087895154953,6.74744793772697,
1942,0.000246896,-0.0260666608810425,6.74744793772697,
1943,0.000247152,-0.093012273311615,6.74744793772697,
1944,0.000247408,-0.0260666608810425,7.24953998625278,
1945,0.000247664,0.04087895154953,6.74744793772697,
1946,0.00024792,-0.093012273311615,6.91481195390224,
1947,0.000248176,-0.0260666608810425,6.91481195390224,
1948,0.000248432,-0.0260666608810425,6.91481195390224,
1949,0.000248688,-0.093012273311615,7.08217597007751,
1950,0.000248944,-0.093012273311615,6.74744793772697,
1951,0.0002492,-0.0260666608810425,6.74744793772697,
1952,0.000249456,-0.0260666608810425,6.91481195390224,
1953,0.000249712,-0.0260666608810425,6.5800839215517,
