Model: ,Oscilloscope DSO-X 4022A
Serial Number:,MY57310245
Address: ,USBInstrument1
Date: ,2026-07-10 19:10:17

Sample Number,Time (s),1 (VOLT),2 (VOLT),
1,-0.00025,-0.0260666608810425,-1.7134313583374,
2,-0.000249744,-0.0260666608810425,-1.17786645889282,
3,-0.000249488,-0.0260666608810425,-1.78037697076797,
4,-0.000249232,-0.0260666608810425,-1.98121380805969,
5,-0.000248976,-0.0260666608810425,-1.84732258319855,
6,-0.00024872,-0.0260666608810425,-1.78037697076797,
7,-0.000248464,-0.0260666608810425,-1.84732258319855,
8,-0.000248208,-0.093012273311615,-1.78037697076797,
9,-0.000247952,-0.0260666608810425,-1.78037697076797,
10,-0.000247696,-0.0260666608810425,-1.78037697076797,
11,-0.00024744,0.04087895154953,-1.84732258319855,
12,-0.000247184,-0.0260666608810425,-1.64648574590683,
13,-0.000246928,0.04087895154953,-2.18205064535141,
14,-0.000246672,-0.0260666608810425,-1.91426819562912,
15,-0.000246416,-0.0260666608810425,-1.91426819562912,
16,-0.00024616,-0.0260666608810425,-1.98121380805969,
17,-0.000245904,-0.0260666608810425,-1.78037697076797,
18,-0.000245648,-0.0260666608810425,-1.78037697076797,
19,-0.000245392,-0.0260666608810425,-1.98121380805969,
20,-0.000245136,-0.0260666608810425,-1.84732258319855,
21,-0.00024488,-0.093012273311615,-2.24899625778198,
22,-0.000244624,-0.0260666608810425,-1.78037697076797,
23,-0.000244368,-0.0260666608810425,-1.78037697076797,
24,-0.000244112,-0.0260666608810425,-1.91426819562912,
25,-0.000243856,-0.0260666608810425,-1.7134313583374,
26,-0.0002436,-0.0260666608810425,-1.78037697076797,
27,-0.000243344,-0.0260666608810425,-1.98121380805969,
28,-0.000243088,-0.0260666608810425,-1.84732258319855,
29,-0.000242832,0.04087895154953,-1.64648574590683,
30,-0.000242576,-0.0260666608810425,-1.84732258319855,
31,-0.00024232,-0.0260666608810425,-1.98121380805969,
32,-0.000242064,-0.093012273311615,-1.91426819562912,
33,-0.000241808,-0.0260666608810425,-2.11510503292084,
34,-0.000241552,-0.0260666608810425,-1.91426819562912,
35,-0.000241296,-0.0260666608810425,-1.91426819562912,
36,-0.00024104,-0.0260666608810425,-1.91426819562912,
37,-0.000240784,0.04087895154953,-1.84732258319855,
38,-0.000240528,-0.0260666608810425,-2.18205064535141,
39,-0.000240272,0.04087895154953,-1.91426819562912,
40,-0.000240016,-0.0260666608810425,-1.78037697076797,
41,-0.00023976,-0.0260666608810425,-1.84732258319855,
42,-0.000239504,0.04087895154953,-1.57954013347626,
43,-0.000239248,0.04087895154953,-1.91426819562912,
44,-0.000238992,0.04087895154953,-1.84732258319855,
45,-0.000238736,-0.0260666608810425,-1.78037697076797,
46,-0.00023848,-0.0260666608810425,-1.84732258319855,
47,-0.000238224,-0.0260666608810425,-1.7134313583374,
48,-0.000237968,-0.0260666608810425,-1.91426819562912,
49,-0.000237712,-0.0260666608810425,-1.84732258319855,
50,-0.000237456,-0.0260666608810425,-1.91426819562912,
51,-0.0002372,-0.0260666608810425,-2.04815942049026,
52,-0.000236944,-0.0260666608810425,-1.84732258319855,
53,-0.000236688,-0.0260666608810425,-1.78037697076797,
54,-0.000236432,-0.0260666608810425,-1.78037697076797,
55,-0.000236176,-0.0260666608810425,-1.91426819562912,
56,-0.00023592,-0.0260666608810425,-1.91426819562912,
57,-0.000235664,-0.0260666608810425,-1.91426819562912,
58,-0.000235408,-0.0260666608810425,-1.84732258319855,
59,-0.000235152,-0.0260666608810425,-1.78037697076797,
60,-0.000234896,-0.0260666608810425,-1.78037697076797,
61,-0.00023464,-0.093012273311615,-1.84732258319855,
62,-0.000234384,-0.0260666608810425,-1.84732258319855,
63,-0.000234128,0.04087895154953,-1.7134313583374,
64,-0.000233872,-0.0260666608810425,-1.84732258319855,
65,-0.000233616,-0.0260666608810425,-1.78037697076797,
66,-0.00023336,-0.0260666608810425,-1.64648574590683,
67,-0.000233104,-0.0260666608810425,-1.84732258319855,
68,-0.000232848,-0.0260666608810425,-1.78037697076797,
69,-0.000232592,-0.0260666608810425,-1.7134313583374,
70,-0.000232336,-0.0260666608810425,-1.78037697076797,
71,-0.00023208,-0.0260666608810425,-1.7134313583374,
72,-0.000231824,-0.0260666608810425,-1.44564890861511,
73,-0.000231568,-0.0260666608810425,-1.98121380805969,
74,-0.000231312,-0.0260666608810425,-1.64648574590683,
75,-0.000231056,-0.0260666608810425,-1.78037697076797,
76,-0.0002308,0.04087895154953,-1.91426819562912,
77,-0.000230544,-0.0260666608810425,-1.7134313583374,
78,-0.000230288,-0.0260666608810425,-1.78037697076797,
79,-0.000230032,0.04087895154953,-1.84732258319855,
80,-0.000229776,-0.0260666608810425,-1.91426819562912,
81,-0.00022952,0.04087895154953,-2.24899625778198,
82,-0.000229264,-0.0260666608810425,-1.7134313583374,
83,-0.000229008,-0.0260666608810425,-1.84732258319855,
84,-0.000228752,-0.0260666608810425,-1.91426819562912,
85,-0.000228496,-0.093012273311615,-1.51259452104568,
86,-0.00022824,-0.0260666608810425,-1.84732258319855,
87,-0.000227984,-0.0260666608810425,-1.78037697076797,
88,-0.000227728,-0.0260666608810425,-1.84732258319855,
89,-0.000227472,0.04087895154953,-1.64648574590683,
90,-0.000227216,-0.0260666608810425,-1.51259452104568,
91,-0.00022696,-0.0260666608810425,-1.91426819562912,
92,-0.000226704,-0.0260666608810425,-1.91426819562912,
93,-0.000226448,0.04087895154953,-2.04815942049026,
94,-0.000226192,-0.093012273311615,-1.84732258319855,
95,-0.000225936,-0.0260666608810425,-1.91426819562912,
96,-0.00022568,-0.0260666608810425,-1.84732258319855,
97,-0.000225424,-0.0260666608810425,-1.98121380805969,
98,-0.000225168,-0.0260666608810425,-2.18205064535141,
99,-0.000224912,0.04087895154953,-1.98121380805969,
100,-0.000224656,-0.0260666608810425,1.16522997617722,
101,-0.0002244,-0.0260666608810425,1.7007948756218,
102,-0.000224144,-0.093012273311615,1.43301242589951,
103,-0.000223888,-0.0260666608810425,1.76774048805237,
104,-0.000223632,-0.093012273311615,1.7007948756218,
105,-0.000223376,-0.0260666608810425,1.56690365076065,
106,-0.00022312,-0.0260666608810425,1.49995803833008,
107,-0.000222864,-0.0260666608810425,1.49995803833008,
108,-0.000222608,-0.093012273311615,1.7007948756218,
109,-0.000222352,-0.0260666608810425,1.56690365076065,
110,-0.000222096,-0.0260666608810425,1.7007948756218,
111,-0.00022184,-0.159957885742188,1.83468610048294,
112,-0.000221584,-0.0260666608810425,1.56690365076065,
113,-0.000221328,-0.0260666608810425,1.7007948756218,
114,-0.000221072,-0.0260666608810425,1.56690365076065,
115,-0.000220816,-0.093012273311615,1.56690365076065,
116,-0.00022056,-0.0260666608810425,1.96857732534409,
117,-0.000220304,-0.0260666608810425,1.63384926319122,
118,-0.000220048,-0.0260666608810425,1.7007948756218,
119,-0.000219792,-0.0260666608810425,1.7007948756218,
120,-0.000219536,-0.0260666608810425,1.56690365076065,
121,-0.00021928,-0.0260666608810425,1.7007948756218,
122,-0.000219024,-0.0260666608810425,1.63384926319122,
123,-0.000218768,-0.0260666608810425,1.63384926319122,
124,-0.000218512,-0.0260666608810425,2.10246855020523,
125,-0.000218256,-0.0260666608810425,1.76774048805237,
126,-0.000218,-0.0260666608810425,1.83468610048294,
127,-0.000217744,-0.0260666608810425,1.7007948756218,
128,-0.000217488,-0.0260666608810425,1.63384926319122,
129,-0.000217232,-0.0260666608810425,1.56690365076065,
130,-0.000216976,-0.0260666608810425,1.49995803833008,
131,-0.00021672,-0.0260666608810425,1.56690365076065,
132,-0.000216464,-0.0260666608810425,1.23217558860779,
133,-0.000216208,-0.0260666608810425,1.63384926319122,
134,-0.000215952,-0.0260666608810425,1.7007948756218,
135,-0.000215696,-0.093012273311615,1.56690365076065,
136,-0.00021544,-0.0260666608810425,1.83468610048294,
137,-0.000215184,-0.0260666608810425,1.56690365076065,
138,-0.000214928,-0.0260666608810425,1.7007948756218,
139,-0.000214672,-0.0260666608810425,1.7007948756218,
140,-0.000214416,-0.0260666608810425,1.63384926319122,
141,-0.00021416,-0.0260666608810425,2.10246855020523,
142,-0.000213904,-0.093012273311615,1.49995803833008,
143,-0.000213648,-0.0260666608810425,1.63384926319122,
144,-0.000213392,-0.0260666608810425,1.7007948756218,
145,-0.000213136,-0.0260666608810425,1.36606681346893,
146,-0.00021288,-0.0260666608810425,1.83468610048294,
147,-0.000212624,0.04087895154953,1.7007948756218,
148,-0.000212368,-0.0260666608810425,1.56690365076065,
149,-0.000212112,-0.093012273311615,1.49995803833008,
150,-0.000211856,-0.0260666608810425,1.43301242589951,
151,-0.0002116,0.04087895154953,1.7007948756218,
152,-0.000211344,-0.0260666608810425,1.7007948756218,
153,-0.000211088,-0.0260666608810425,1.83468610048294,
154,-0.000210832,-0.0260666608810425,1.76774048805237,
155,-0.000210576,-0.093012273311615,1.7007948756218,
156,-0.00021032,-0.0260666608810425,1.7007948756218,
157,-0.000210064,-0.0260666608810425,1.7007948756218,
158,-0.000209808,-0.0260666608810425,1.90163171291351,
159,-0.000209552,-0.0260666608810425,1.7007948756218,
160,-0.000209296,-0.0260666608810425,1.76774048805237,
161,-0.00020904,-0.093012273311615,1.7007948756218,
162,-0.000208784,-0.0260666608810425,1.7007948756218,
163,-0.000208528,0.04087895154953,1.83468610048294,
164,-0.000208272,-0.0260666608810425,1.76774048805237,
165,-0.000208016,-0.0260666608810425,1.76774048805237,
166,-0.00020776,-0.0260666608810425,1.7007948756218,
167,-0.000207504,-0.0260666608810425,1.76774048805237,
168,-0.000207248,-0.0260666608810425,1.83468610048294,
169,-0.000206992,-0.0260666608810425,1.7007948756218,
170,-0.000206736,-0.0260666608810425,1.83468610048294,
171,-0.00020648,-0.093012273311615,1.83468610048294,
172,-0.000206224,-0.0260666608810425,1.63384926319122,
173,-0.000205968,-0.0260666608810425,1.63384926319122,
174,-0.000205712,-0.0260666608810425,1.7007948756218,
175,-0.000205456,-0.0260666608810425,1.43301242589951,
176,-0.0002052,-0.0260666608810425,1.96857732534409,
177,-0.000204944,-0.0260666608810425,1.7007948756218,
178,-0.000204688,-0.0260666608810425,1.56690365076065,
179,-0.000204432,-0.0260666608810425,1.76774048805237,
180,-0.000204176,-0.0260666608810425,1.49995803833008,
181,-0.00020392,-0.0260666608810425,1.7007948756218,
182,-0.000203664,-0.093012273311615,1.63384926319122,
183,-0.000203408,-0.0260666608810425,1.63384926319122,
184,-0.000203152,-0.0260666608810425,2.10246855020523,
185,-0.000202896,-0.0260666608810425,1.49995803833008,
186,-0.00020264,-0.0260666608810425,1.7007948756218,
187,-0.000202384,-0.0260666608810425,1.7007948756218,
188,-0.000202128,-0.0260666608810425,1.56690365076065,
189,-0.000201872,-0.0260666608810425,1.63384926319122,
190,-0.000201616,-0.0260666608810425,1.63384926319122,
191,-0.00020136,0.04087895154953,1.56690365076065,
192,-0.000201104,-0.0260666608810425,1.49995803833008,
193,-0.000200848,-0.0260666608810425,1.56690365076065,
194,-0.000200592,0.04087895154953,1.63384926319122,
195,-0.000200336,-0.0260666608810425,1.49995803833008,
196,-0.00020008,-0.0260666608810425,1.7007948756218,
197,-0.000199824,3.25426834821701,1.36606681346893,
198,-0.000199568,3.18732273578644,-1.37870329618454,
199,-0.000199312,3.25426834821701,-1.91426819562912,
200,-0.000199056,3.32121396064758,-1.91426819562912,
201,-0.0001988,3.25426834821701,-1.37870329618454,
202,-0.000198544,3.25426834821701,-1.84732258319855,
203,-0.000198288,3.25426834821701,-1.91426819562912,
204,-0.000198032,3.25426834821701,-1.78037697076797,
205,-0.000197776,3.25426834821701,-2.18205064535141,
206,-0.00019752,3.25426834821701,-1.78037697076797,
207,-0.000197264,3.25426834821701,-1.84732258319855,
208,-0.000197008,3.25426834821701,-1.84732258319855,
209,-0.000196752,3.32121396064758,-1.91426819562912,
210,-0.000196496,3.25426834821701,-2.11510503292084,
211,-0.00019624,3.18732273578644,-1.78037697076797,
212,-0.000195984,3.25426834821701,-1.84732258319855,
213,-0.000195728,3.25426834821701,-1.78037697076797,
214,-0.000195472,3.25426834821701,-1.64648574590683,
215,-0.000195216,3.32121396064758,-1.84732258319855,
216,-0.00019496,3.25426834821701,-1.91426819562912,
217,-0.000194704,3.25426834821701,-1.98121380805969,
218,-0.000194448,3.25426834821701,-2.04815942049026,
219,-0.000194192,3.25426834821701,-1.64648574590683,
220,-0.000193936,3.32121396064758,-1.84732258319855,
221,-0.00019368,3.18732273578644,-1.84732258319855,
222,-0.000193424,3.25426834821701,-2.04815942049026,
223,-0.000193168,3.25426834821701,-1.78037697076797,
224,-0.000192912,3.25426834821701,-1.84732258319855,
225,-0.000192656,3.25426834821701,-1.84732258319855,
226,-0.0001924,3.18732273578644,-1.7134313583374,
227,-0.000192144,3.25426834821701,-1.64648574590683,
228,-0.000191888,3.25426834821701,-1.44564890861511,
229,-0.000191632,3.18732273578644,-1.57954013347626,
230,-0.000191376,3.25426834821701,-1.7134313583374,
231,-0.00019112,3.18732273578644,-1.37870329618454,
232,-0.000190864,3.25426834821701,-1.78037697076797,
233,-0.000190608,3.18732273578644,-1.78037697076797,
234,-0.000190352,3.18732273578644,-1.7134313583374,
235,-0.000190096,3.25426834821701,-2.04815942049026,
236,-0.00018984,3.25426834821701,-0.910084009170532,
237,-0.000189584,3.18732273578644,-1.64648574590683,
238,-0.000189328,3.25426834821701,-1.7134313583374,
239,-0.000189072,3.18732273578644,-1.51259452104568,
240,-0.000188816,3.25426834821701,-1.84732258319855,
241,-0.00018856,3.18732273578644,-1.7134313583374,
242,-0.000188304,3.25426834821701,-1.78037697076797,
243,-0.000188048,3.18732273578644,-1.78037697076797,
244,-0.000187792,3.25426834821701,-1.11092084646225,
245,-0.000187536,3.25426834821701,-1.7134313583374,
246,-0.00018728,3.25426834821701,-1.78037697076797,
247,-0.000187024,3.25426834821701,-1.78037697076797,
248,-0.000186768,3.25426834821701,-1.84732258319855,
249,-0.000186512,3.25426834821701,-1.78037697076797,
250,-0.000186256,3.18732273578644,-1.78037697076797,
251,-0.000186,3.18732273578644,-1.84732258319855,
252,-0.000185744,3.25426834821701,-1.91426819562912,
253,-0.000185488,3.18732273578644,-1.7134313583374,
254,-0.000185232,3.25426834821701,-1.7134313583374,
255,-0.000184976,3.18732273578644,-1.84732258319855,
256,-0.00018472,3.25426834821701,-1.64648574590683,
257,-0.000184464,3.32121396064758,-1.91426819562912,
258,-0.000184208,3.25426834821701,-1.84732258319855,
259,-0.000183952,3.25426834821701,-1.91426819562912,
260,-0.000183696,3.25426834821701,-1.98121380805969,
261,-0.00018344,3.25426834821701,-1.64648574590683,
262,-0.000183184,3.25426834821701,-1.98121380805969,
263,-0.000182928,3.25426834821701,-1.98121380805969,
264,-0.000182672,3.18732273578644,-1.84732258319855,
265,-0.000182416,3.25426834821701,-2.31594187021255,
266,-0.00018216,3.18732273578644,-1.78037697076797,
267,-0.000181904,3.25426834821701,-1.84732258319855,
268,-0.000181648,3.18732273578644,-1.84732258319855,
269,-0.000181392,3.18732273578644,-1.84732258319855,
270,-0.000181136,3.25426834821701,-2.18205064535141,
271,-0.00018088,3.25426834821701,-1.64648574590683,
272,-0.000180624,3.25426834821701,-1.84732258319855,
273,-0.000180368,3.25426834821701,-1.78037697076797,
274,-0.000180112,3.25426834821701,-1.64648574590683,
275,-0.000179856,3.25426834821701,-1.84732258319855,
276,-0.0001796,3.18732273578644,-1.78037697076797,
277,-0.000179344,3.18732273578644,-1.84732258319855,
278,-0.000179088,3.18732273578644,-2.11510503292084,
279,-0.000178832,3.25426834821701,-1.44564890861511,
280,-0.000178576,3.18732273578644,-1.84732258319855,
281,-0.00017832,3.18732273578644,-1.84732258319855,
282,-0.000178064,3.25426834821701,-1.91426819562912,
283,-0.000177808,3.18732273578644,-1.78037697076797,
284,-0.000177552,3.18732273578644,-1.78037697076797,
285,-0.000177296,3.25426834821701,-1.78037697076797,
286,-0.00017704,3.18732273578644,-1.84732258319855,
287,-0.000176784,3.18732273578644,-1.7134313583374,
288,-0.000176528,3.18732273578644,-1.57954013347626,
289,-0.000176272,3.18732273578644,-1.7134313583374,
290,-0.000176016,3.18732273578644,-1.78037697076797,
291,-0.00017576,3.18732273578644,-1.37870329618454,
292,-0.000175504,3.25426834821701,-1.7134313583374,
293,-0.000175248,3.18732273578644,-1.7134313583374,
294,-0.000174992,3.18732273578644,-1.57954013347626,
295,-0.000174736,0.04087895154953,0.294937014579773,
296,-0.00017448,-0.0260666608810425,0.897447526454926,
297,-0.000174224,0.04087895154953,1.49995803833008,
298,-0.000173968,-0.0260666608810425,1.7007948756218,
299,-0.000173712,-0.0260666608810425,1.49995803833008,
300,-0.000173456,-0.0260666608810425,1.83468610048294,
301,-0.0001732,0.04087895154953,1.63384926319122,
302,-0.000172944,-0.0260666608810425,1.49995803833008,
303,-0.000172688,-0.0260666608810425,1.56690365076065,
304,-0.000172432,0.04087895154953,0.897447526454926,
305,-0.000172176,-0.093012273311615,1.63384926319122,
306,-0.00017192,-0.093012273311615,1.63384926319122,
307,-0.000171664,-0.0260666608810425,1.56690365076065,
308,-0.000171408,-0.093012273311615,1.83468610048294,
309,-0.000171152,0.04087895154953,1.63384926319122,
310,-0.000170896,-0.093012273311615,1.7007948756218,
311,-0.00017064,-0.0260666608810425,1.7007948756218,
312,-0.000170384,0.04087895154953,1.7007948756218,
313,-0.000170128,-0.0260666608810425,1.56690365076065,
314,-0.000169872,-0.0260666608810425,1.49995803833008,
315,-0.000169616,-0.093012273311615,1.63384926319122,
316,-0.00016936,-0.093012273311615,1.49995803833008,
317,-0.000169104,0.04087895154953,1.63384926319122,
318,-0.000168848,-0.0260666608810425,1.63384926319122,
319,-0.000168592,-0.093012273311615,1.63384926319122,
320,-0.000168336,-0.0260666608810425,1.7007948756218,
321,-0.00016808,-0.0260666608810425,1.29912120103836,
322,-0.000167824,0.04087895154953,1.7007948756218,
323,-0.000167568,-0.0260666608810425,1.83468610048294,
324,-0.000167312,-0.0260666608810425,1.76774048805237,
325,-0.000167056,-0.0260666608810425,2.1694141626358,
326,-0.0001668,-0.093012273311615,1.7007948756218,
327,-0.000166544,-0.0260666608810425,1.76774048805237,
328,-0.000166288,-0.0260666608810425,1.90163171291351,
329,-0.000166032,-0.0260666608810425,1.90163171291351,
330,-0.000165776,-0.0260666608810425,2.10246855020523,
331,-0.00016552,-0.0260666608810425,1.7007948756218,
332,-0.000165264,-0.0260666608810425,1.7007948756218,
333,-0.000165008,-0.093012273311615,1.76774048805237,
334,-0.000164752,-0.0260666608810425,1.43301242589951,
335,-0.000164496,-0.093012273311615,1.76774048805237,
336,-0.00016424,-0.093012273311615,1.76774048805237,
337,-0.000163984,-0.0260666608810425,1.7007948756218,
338,-0.000163728,-0.0260666608810425,1.96857732534409,
339,-0.000163472,-0.0260666608810425,1.23217558860779,
340,-0.000163216,-0.0260666608810425,1.7007948756218,
341,-0.00016296,-0.0260666608810425,1.7007948756218,
342,-0.000162704,-0.0260666608810425,1.76774048805237,
343,-0.000162448,-0.0260666608810425,1.63384926319122,
344,-0.000162192,-0.0260666608810425,1.63384926319122,
345,-0.000161936,-0.0260666608810425,1.7007948756218,
346,-0.00016168,-0.093012273311615,1.7007948756218,
347,-0.000161424,-0.093012273311615,1.09828436374664,
348,-0.000161168,-0.0260666608810425,1.36606681346893,
349,-0.000160912,-0.0260666608810425,1.49995803833008,
350,-0.000160656,-0.0260666608810425,1.56690365076065,
351,-0.0001604,-0.0260666608810425,1.43301242589951,
352,-0.000160144,-0.0260666608810425,1.63384926319122,
353,-0.000159888,-0.0260666608810425,1.7007948756218,
354,-0.000159632,-0.0260666608810425,1.63384926319122,
355,-0.000159376,-0.0260666608810425,1.76774048805237,
356,-0.00015912,-0.0260666608810425,0.964393138885498,
357,-0.000158864,-0.093012273311615,1.49995803833008,
358,-0.000158608,-0.0260666608810425,1.49995803833008,
359,-0.000158352,-0.093012273311615,1.29912120103836,
360,-0.000158096,-0.0260666608810425,1.7007948756218,
361,-0.00015784,-0.0260666608810425,1.49995803833008,
362,-0.000157584,-0.0260666608810425,1.56690365076065,
363,-0.000157328,-0.0260666608810425,1.56690365076065,
364,-0.000157072,-0.0260666608810425,0.830501914024353,
365,-0.000156816,-0.0260666608810425,1.7007948756218,
366,-0.00015656,-0.0260666608810425,1.56690365076065,
367,-0.000156304,-0.093012273311615,1.56690365076065,
368,-0.000156048,-0.0260666608810425,1.90163171291351,
369,-0.000155792,-0.0260666608810425,1.56690365076065,
370,-0.000155536,-0.0260666608810425,1.56690365076065,
371,-0.00015528,-0.0260666608810425,1.63384926319122,
372,-0.000155024,-0.0260666608810425,1.7007948756218,
373,-0.000154768,-0.0260666608810425,1.76774048805237,
374,-0.000154512,-0.0260666608810425,1.49995803833008,
375,-0.000154256,-0.0260666608810425,1.56690365076065,
376,-0.000154,-0.0260666608810425,1.49995803833008,
377,-0.000153744,-0.0260666608810425,1.63384926319122,
378,-0.000153488,-0.0260666608810425,1.7007948756218,
379,-0.000153232,-0.093012273311615,1.56690365076065,
380,-0.000152976,-0.0260666608810425,1.63384926319122,
381,-0.00015272,-0.0260666608810425,1.43301242589951,
382,-0.000152464,-0.0260666608810425,1.49995803833008,
383,-0.000152208,-0.0260666608810425,1.7007948756218,
384,-0.000151952,-0.093012273311615,1.56690365076065,
385,-0.000151696,-0.0260666608810425,1.96857732534409,
386,-0.00015144,-0.093012273311615,1.56690365076065,
387,-0.000151184,-0.0260666608810425,1.63384926319122,
388,-0.000150928,-0.0260666608810425,1.7007948756218,
389,-0.000150672,-0.0260666608810425,1.7007948756218,
390,-0.000150416,-0.0260666608810425,1.83468610048294,
391,-0.00015016,-0.0260666608810425,1.63384926319122,
392,-0.000149904,-0.0260666608810425,1.76774048805237,
393,-0.000149648,-0.0260666608810425,1.56690365076065,
394,-0.000149392,-0.0260666608810425,1.49995803833008,
395,-0.000149136,-0.0260666608810425,1.83468610048294,
396,-0.00014888,-0.0260666608810425,1.76774048805237,
397,-0.000148624,-0.0260666608810425,1.7007948756218,
398,-0.000148368,-0.0260666608810425,1.90163171291351,
399,-0.000148112,-0.0260666608810425,1.16522997617722,
400,-0.000147856,-0.0260666608810425,1.7007948756218,
401,-0.0001476,-0.0260666608810425,1.7007948756218,
402,-0.000147344,-0.0260666608810425,1.63384926319122,
403,-0.000147088,-0.0260666608810425,1.63384926319122,
404,-0.000146832,-0.0260666608810425,1.7007948756218,
405,-0.000146576,-0.0260666608810425,1.63384926319122,
406,-0.00014632,-0.0260666608810425,1.7007948756218,
407,-0.000146064,-0.0260666608810425,1.16522997617722,
408,-0.000145808,-0.0260666608810425,1.56690365076065,
409,-0.000145552,-0.0260666608810425,1.7007948756218,
410,-0.000145296,-0.093012273311615,1.76774048805237,
411,-0.00014504,-0.093012273311615,1.49995803833008,
412,-0.000144784,-0.0260666608810425,1.7007948756218,
413,-0.000144528,-0.0260666608810425,1.7007948756218,
414,-0.000144272,-0.0260666608810425,1.63384926319122,
415,-0.000144016,0.04087895154953,1.83468610048294,
416,-0.00014376,-0.0260666608810425,1.36606681346893,
417,-0.000143504,-0.0260666608810425,1.56690365076065,
418,-0.000143248,-0.0260666608810425,1.7007948756218,
419,-0.000142992,-0.0260666608810425,1.49995803833008,
420,-0.000142736,-0.0260666608810425,1.7007948756218,
421,-0.00014248,-0.0260666608810425,1.56690365076065,
422,-0.000142224,-0.0260666608810425,1.49995803833008,
423,-0.000141968,-0.0260666608810425,1.49995803833008,
424,-0.000141712,-0.0260666608810425,0.897447526454926,
425,-0.000141456,-0.0260666608810425,1.49995803833008,
426,-0.0001412,-0.093012273311615,1.49995803833008,
427,-0.000140944,-0.0260666608810425,1.43301242589951,
428,-0.000140688,-0.0260666608810425,1.90163171291351,
429,-0.000140432,-0.0260666608810425,1.56690365076065,
430,-0.000140176,-0.0260666608810425,1.56690365076065,
431,-0.00013992,-0.0260666608810425,1.7007948756218,
432,-0.000139664,-0.0260666608810425,1.76774048805237,
433,-0.000139408,-0.0260666608810425,1.90163171291351,
434,-0.000139152,-0.0260666608810425,1.7007948756218,
435,-0.000138896,-0.0260666608810425,1.56690365076065,
436,-0.00013864,-0.093012273311615,1.49995803833008,
437,-0.000138384,-0.093012273311615,1.43301242589951,
438,-0.000138128,-0.0260666608810425,1.56690365076065,
439,-0.000137872,-0.0260666608810425,1.83468610048294,
440,-0.000137616,-0.093012273311615,1.7007948756218,
441,-0.00013736,-0.0260666608810425,1.7007948756218,
442,-0.000137104,-0.0260666608810425,1.56690365076065,
443,-0.000136848,-0.0260666608810425,1.76774048805237,
444,-0.000136592,-0.0260666608810425,1.7007948756218,
445,-0.000136336,-0.0260666608810425,1.83468610048294,
446,-0.00013608,-0.0260666608810425,1.56690365076065,
447,-0.000135824,-0.093012273311615,1.7007948756218,
448,-0.000135568,-0.0260666608810425,1.7007948756218,
449,-0.000135312,-0.093012273311615,1.7007948756218,
450,-0.000135056,-0.0260666608810425,1.56690365076065,
451,-0.0001348,-0.093012273311615,1.49995803833008,
452,-0.000134544,-0.0260666608810425,1.63384926319122,
453,-0.000134288,-0.0260666608810425,1.83468610048294,
454,-0.000134032,-0.0260666608810425,1.43301242589951,
455,-0.000133776,-0.0260666608810425,1.90163171291351,
456,-0.00013352,-0.0260666608810425,1.83468610048294,
457,-0.000133264,-0.0260666608810425,1.83468610048294,
458,-0.000133008,-0.0260666608810425,1.90163171291351,
459,-0.000132752,-0.0260666608810425,0.964393138885498,
460,-0.000132496,-0.0260666608810425,1.56690365076065,
461,-0.00013224,-0.0260666608810425,1.7007948756218,
462,-0.000131984,0.04087895154953,1.49995803833008,
463,-0.000131728,0.04087895154953,1.76774048805237,
464,-0.000131472,-0.093012273311615,1.7007948756218,
465,-0.000131216,-0.0260666608810425,1.56690365076065,
466,-0.00013096,-0.0260666608810425,1.7007948756218,
467,-0.000130704,-0.093012273311615,0.964393138885498,
468,-0.000130448,-0.0260666608810425,1.56690365076065,
469,-0.000130192,-0.0260666608810425,1.7007948756218,
470,-0.000129936,-0.0260666608810425,1.7007948756218,
471,-0.00012968,-0.0260666608810425,1.7007948756218,
472,-0.000129424,-0.0260666608810425,1.7007948756218,
473,-0.000129168,-0.0260666608810425,1.7007948756218,
474,-0.000128912,-0.093012273311615,1.7007948756218,
475,-0.000128656,-0.0260666608810425,1.7007948756218,
476,-0.0001284,-0.0260666608810425,1.49995803833008,
477,-0.000128144,0.04087895154953,1.7007948756218,
478,-0.000127888,-0.0260666608810425,1.63384926319122,
479,-0.000127632,0.04087895154953,1.49995803833008,
480,-0.000127376,-0.0260666608810425,1.7007948756218,
481,-0.00012712,-0.093012273311615,1.7007948756218,
482,-0.000126864,-0.0260666608810425,1.63384926319122,
483,-0.000126608,-0.0260666608810425,1.63384926319122,
484,-0.000126352,-0.0260666608810425,1.16522997617722,
485,-0.000126096,-0.0260666608810425,1.7007948756218,
486,-0.00012584,-0.0260666608810425,1.63384926319122,
487,-0.000125584,-0.0260666608810425,1.49995803833008,
488,-0.000125328,-0.0260666608810425,1.83468610048294,
489,-0.000125072,-0.0260666608810425,1.36606681346893,
490,-0.000124816,-0.0260666608810425,0.629665076732636,
491,-0.00012456,-0.0260666608810425,-1.37870329618454,
492,-0.000124304,-0.0260666608810425,-1.64648574590683,
493,-0.000124048,0.04087895154953,-2.04815942049026,
494,-0.000123792,-0.093012273311615,-1.64648574590683,
495,-0.000123536,-0.0260666608810425,-1.78037697076797,
496,-0.00012328,-0.0260666608810425,-1.64648574590683,
497,-0.000123024,-0.093012273311615,-1.57954013347626,
498,-0.000122768,-0.0260666608810425,-1.78037697076797,
499,-0.000122512,-0.0260666608810425,-1.84732258319855,
500,-0.000122256,-0.0260666608810425,-1.78037697076797,
501,-0.000122,-0.0260666608810425,-1.91426819562912,
502,-0.000121744,-0.0260666608810425,-1.44564890861511,
503,-0.000121488,0.04087895154953,-1.84732258319855,
504,-0.000121232,-0.0260666608810425,-1.78037697076797,
505,-0.000120976,-0.0260666608810425,-1.98121380805969,
506,-0.00012072,-0.0260666608810425,-1.84732258319855,
507,-0.000120464,-0.0260666608810425,-1.64648574590683,
508,-0.000120208,-0.0260666608810425,-1.78037697076797,
509,-0.000119952,-0.0260666608810425,-1.84732258319855,
510,-0.000119696,0.04087895154953,-1.7134313583374,
511,-0.00011944,-0.0260666608810425,-1.64648574590683,
512,-0.000119184,-0.0260666608810425,-1.84732258319855,
513,-0.000118928,-0.0260666608810425,-1.84732258319855,
514,-0.000118672,-0.093012273311615,-1.64648574590683,
515,-0.000118416,-0.0260666608810425,-1.91426819562912,
516,-0.00011816,-0.0260666608810425,-1.84732258319855,
517,-0.000117904,-0.093012273311615,-1.78037697076797,
518,-0.000117648,-0.0260666608810425,-2.11510503292084,
519,-0.000117392,-0.0260666608810425,-1.44564890861511,
520,-0.000117136,-0.0260666608810425,-2.11510503292084,
521,-0.00011688,-0.0260666608810425,-2.11510503292084,
522,-0.000116624,-0.0260666608810425,-1.91426819562912,
523,-0.000116368,0.04087895154953,-2.04815942049026,
524,-0.000116112,-0.0260666608810425,-1.91426819562912,
525,-0.000115856,-0.0260666608810425,-1.91426819562912,
526,-0.0001156,-0.093012273311615,-1.84732258319855,
527,-0.000115344,-0.0260666608810425,-1.17786645889282,
528,-0.000115088,-0.0260666608810425,-1.78037697076797,
529,-0.000114832,-0.093012273311615,-1.78037697076797,
530,-0.000114576,-0.093012273311615,-1.91426819562912,
531,-0.00011432,-0.093012273311615,-2.04815942049026,
532,-0.000114064,-0.0260666608810425,-1.84732258319855,
533,-0.000113808,-0.0260666608810425,-1.84732258319855,
534,-0.000113552,-0.0260666608810425,-1.91426819562912,
535,-0.000113296,-0.0260666608810425,-1.91426819562912,
536,-0.00011304,-0.0260666608810425,-1.98121380805969,
537,-0.000112784,-0.0260666608810425,-1.64648574590683,
538,-0.000112528,-0.0260666608810425,-1.78037697076797,
539,-0.000112272,-0.093012273311615,-1.57954013347626,
540,-0.000112016,-0.0260666608810425,-1.78037697076797,
541,-0.00011176,-0.0260666608810425,-1.84732258319855,
542,-0.000111504,0.04087895154953,-1.78037697076797,
543,-0.000111248,-0.0260666608810425,-1.91426819562912,
544,-0.000110992,-0.093012273311615,-1.57954013347626,
545,-0.000110736,-0.093012273311615,-1.84732258319855,
546,-0.00011048,-0.0260666608810425,-1.91426819562912,
547,-0.000110224,-0.0260666608810425,-1.64648574590683,
548,-0.000109968,-0.0260666608810425,-2.11510503292084,
549,-0.000109712,-0.0260666608810425,-1.7134313583374,
550,-0.000109456,-0.0260666608810425,-1.84732258319855,
551,-0.0001092,-0.0260666608810425,-1.98121380805969,
552,-0.000108944,-0.0260666608810425,-1.84732258319855,
553,-0.000108688,-0.0260666608810425,-1.98121380805969,
554,-0.000108432,-0.0260666608810425,-1.64648574590683,
555,-0.000108176,-0.0260666608810425,-1.57954013347626,
556,-0.00010792,-0.0260666608810425,-1.64648574590683,
557,-0.000107664,-0.0260666608810425,-1.44564890861511,
558,-0.000107408,-0.0260666608810425,-1.78037697076797,
559,-0.000107152,-0.0260666608810425,-1.78037697076797,
560,-0.000106896,-0.0260666608810425,-1.78037697076797,
561,-0.00010664,-0.0260666608810425,-2.04815942049026,
562,-0.000106384,-0.0260666608810425,-1.31175768375397,
563,-0.000106128,0.04087895154953,-1.84732258319855,
564,-0.000105872,-0.0260666608810425,-1.84732258319855,
565,-0.000105616,-0.0260666608810425,-1.78037697076797,
566,-0.00010536,-0.0260666608810425,-1.84732258319855,
567,-0.000105104,-0.0260666608810425,-1.84732258319855,
568,-0.000104848,-0.093012273311615,-1.78037697076797,
569,-0.000104592,-0.093012273311615,-1.64648574590683,
570,-0.000104336,-0.0260666608810425,-1.31175768375397,
571,-0.00010408,-0.0260666608810425,-1.51259452104568,
572,-0.000103824,-0.0260666608810425,-1.64648574590683,
573,-0.000103568,-0.0260666608810425,-1.78037697076797,
574,-0.000103312,-0.0260666608810425,-1.64648574590683,
575,-0.000103056,-0.0260666608810425,-1.84732258319855,
576,-0.0001028,-0.0260666608810425,-1.84732258319855,
577,-0.000102544,-0.0260666608810425,-1.7134313583374,
578,-0.000102288,-0.0260666608810425,-2.11510503292084,
579,-0.000102032,-0.0260666608810425,-1.44564890861511,
580,-0.000101776,-0.0260666608810425,-1.78037697076797,
581,-0.00010152,-0.0260666608810425,-1.84732258319855,
582,-0.000101264,-0.0260666608810425,-1.64648574590683,
583,-0.000101008,-0.0260666608810425,-1.98121380805969,
584,-0.000100752,-0.0260666608810425,-1.91426819562912,
585,-0.000100496,0.04087895154953,-1.91426819562912,
586,-0.00010024,-0.0260666608810425,-1.98121380805969,
587,-9.9984E-05,-0.0260666608810425,-1.44564890861511,
588,-9.9728E-05,-0.093012273311615,-0.709247171878815,
589,-9.9472E-05,-0.0260666608810425,1.36606681346893,
590,-9.9216E-05,-0.0260666608810425,1.56690365076065,
591,-9.896E-05,-0.0260666608810425,1.36606681346893,
592,-9.8704E-05,0.04087895154953,1.7007948756218,
593,-9.8448E-05,-0.0260666608810425,1.7007948756218,
594,-9.8192E-05,-0.0260666608810425,1.56690365076065,
595,-9.7936E-05,-0.0260666608810425,1.56690365076065,
596,-9.768E-05,-0.0260666608810425,1.43301242589951,
597,-9.7424E-05,-0.0260666608810425,1.76774048805237,
598,-9.7168E-05,-0.0260666608810425,1.7007948756218,
599,-9.6912E-05,-0.0260666608810425,1.90163171291351,
600,-9.6656E-05,-0.0260666608810425,1.76774048805237,
601,-9.64E-05,-0.093012273311615,1.63384926319122,
602,-9.6144E-05,-0.0260666608810425,1.7007948756218,
603,-9.5888E-05,-0.0260666608810425,1.7007948756218,
604,-9.5632E-05,-0.0260666608810425,1.90163171291351,
605,-9.5376E-05,-0.0260666608810425,1.76774048805237,
606,-9.512E-05,-0.093012273311615,1.7007948756218,
607,-9.4864E-05,-0.0260666608810425,1.63384926319122,
608,-9.4608E-05,0.04087895154953,1.49995803833008,
609,-9.4352E-05,-0.0260666608810425,1.7007948756218,
610,-9.4096E-05,-0.0260666608810425,1.7007948756218,
611,-9.384E-05,-0.0260666608810425,1.7007948756218,
612,-9.3584E-05,-0.093012273311615,1.63384926319122,
613,-9.3328E-05,-0.0260666608810425,1.63384926319122,
614,-9.3072E-05,-0.0260666608810425,1.76774048805237,
615,-9.2816E-05,-0.0260666608810425,1.7007948756218,
616,-9.256E-05,-0.093012273311615,1.76774048805237,
617,-9.2304E-05,-0.0260666608810425,1.96857732534409,
618,-9.2048E-05,-0.0260666608810425,1.76774048805237,
619,-9.1792E-05,-0.0260666608810425,1.83468610048294,
620,-9.1536E-05,-0.093012273311615,1.83468610048294,
621,-9.128E-05,-0.093012273311615,1.49995803833008,
622,-9.1024E-05,-0.0260666608810425,2.10246855020523,
623,-9.0768E-05,-0.093012273311615,1.76774048805237,
624,-9.0512E-05,-0.093012273311615,1.7007948756218,
625,-9.0256E-05,-0.093012273311615,1.76774048805237,
626,-9E-05,0.04087895154953,1.7007948756218,
627,-8.9744E-05,-0.0260666608810425,1.7007948756218,
628,-8.9488E-05,-0.0260666608810425,1.7007948756218,
629,-8.9232E-05,-0.0260666608810425,1.63384926319122,
630,-8.8976E-05,-0.093012273311615,2.10246855020523,
631,-8.872E-05,-0.0260666608810425,1.56690365076065,
632,-8.8464E-05,-0.0260666608810425,1.7007948756218,
633,-8.8208E-05,-0.093012273311615,1.63384926319122,
634,-8.7952E-05,-0.0260666608810425,1.56690365076065,
635,-8.7696E-05,-0.0260666608810425,1.7007948756218,
636,-8.744E-05,-0.0260666608810425,1.7007948756218,
637,-8.7184E-05,-0.0260666608810425,1.7007948756218,
638,-8.6928E-05,-0.0260666608810425,1.49995803833008,
639,-8.6672E-05,-0.0260666608810425,1.7007948756218,
640,-8.6416E-05,0.04087895154953,1.7007948756218,
641,-8.616E-05,-0.0260666608810425,1.7007948756218,
642,-8.5904E-05,-0.0260666608810425,1.90163171291351,
643,-8.5648E-05,0.04087895154953,1.56690365076065,
644,-8.5392E-05,-0.0260666608810425,1.63384926319122,
645,-8.5136E-05,-0.0260666608810425,1.7007948756218,
646,-8.488E-05,-0.0260666608810425,1.7007948756218,
647,-8.4624E-05,-0.0260666608810425,2.10246855020523,
648,-8.4368E-05,-0.0260666608810425,1.63384926319122,
649,-8.4112E-05,-0.0260666608810425,1.56690365076065,
650,-8.3856E-05,-0.093012273311615,1.63384926319122,
651,-8.36E-05,0.04087895154953,1.23217558860779,
652,-8.3344E-05,-0.0260666608810425,1.63384926319122,
653,-8.3088E-05,-0.0260666608810425,1.56690365076065,
654,-8.2832E-05,-0.0260666608810425,1.49995803833008,
655,-8.2576E-05,-0.0260666608810425,1.49995803833008,
656,-8.232E-05,-0.093012273311615,1.36606681346893,
657,-8.2064E-05,-0.0260666608810425,1.7007948756218,
658,-8.1808E-05,-0.0260666608810425,1.63384926319122,
659,-8.1552E-05,-0.0260666608810425,1.83468610048294,
660,-8.1296E-05,-0.093012273311615,1.83468610048294,
661,-8.104E-05,-0.0260666608810425,1.56690365076065,
662,-8.0784E-05,0.04087895154953,1.56690365076065,
663,-8.0528E-05,-0.093012273311615,1.63384926319122,
664,-8.0272E-05,-0.0260666608810425,1.63384926319122,
665,-8.0016E-05,-0.0260666608810425,1.83468610048294,
666,-7.976E-05,-0.0260666608810425,1.56690365076065,
667,-7.9504E-05,-0.0260666608810425,1.56690365076065,
668,-7.9248E-05,-0.0260666608810425,1.56690365076065,
669,-7.8992E-05,-0.0260666608810425,1.7007948756218,
670,-7.8736E-05,0.04087895154953,1.7007948756218,
671,-7.848E-05,-0.093012273311615,1.7007948756218,
672,-7.8224E-05,-0.0260666608810425,1.7007948756218,
673,-7.7968E-05,-0.0260666608810425,1.7007948756218,
674,-7.7712E-05,-0.0260666608810425,1.83468610048294,
675,-7.7456E-05,-0.0260666608810425,1.7007948756218,
676,-7.72E-05,-0.0260666608810425,1.7007948756218,
677,-7.6944E-05,-0.093012273311615,1.83468610048294,
678,-7.6688E-05,-0.0260666608810425,1.7007948756218,
679,-7.6432E-05,-0.093012273311615,1.7007948756218,
680,-7.6176E-05,-0.0260666608810425,1.7007948756218,
681,-7.592E-05,-0.0260666608810425,1.56690365076065,
682,-7.5664E-05,-0.0260666608810425,2.23635977506638,
683,-7.5408E-05,-0.0260666608810425,1.90163171291351,
684,-7.5152E-05,-0.0260666608810425,1.83468610048294,
685,-7.4896E-05,-0.0260666608810425,2.03552293777466,
686,-7.464E-05,-0.093012273311615,-1.44564890861511,
687,-7.4384E-05,-0.0260666608810425,-1.84732258319855,
688,-7.4128E-05,-0.0260666608810425,-1.91426819562912,
689,-7.3872E-05,-0.0260666608810425,-1.84732258319855,
690,-7.3616E-05,-0.0260666608810425,-2.24899625778198,
691,-7.336E-05,-0.0260666608810425,-1.84732258319855,
692,-7.3104E-05,-0.0260666608810425,-1.84732258319855,
693,-7.2848E-05,-0.0260666608810425,-1.84732258319855,
694,-7.2592E-05,-0.0260666608810425,-1.78037697076797,
695,-7.2336E-05,-0.0260666608810425,-1.84732258319855,
696,-7.208E-05,-0.0260666608810425,-1.78037697076797,
697,-7.1824E-05,-0.0260666608810425,-1.78037697076797,
698,-7.1568E-05,-0.0260666608810425,-1.64648574590683,
699,-7.1312E-05,-0.0260666608810425,-1.91426819562912,
700,-7.1056E-05,-0.093012273311615,-1.91426819562912,
701,-7.08E-05,-0.0260666608810425,-1.84732258319855,
702,-7.0544E-05,-0.0260666608810425,-1.91426819562912,
703,-7.0288E-05,-0.0260666608810425,-1.78037697076797,
704,-7.0032E-05,-0.0260666608810425,-1.78037697076797,
705,-6.9776E-05,-0.093012273311615,-1.84732258319855,
706,-6.952E-05,-0.0260666608810425,-1.84732258319855,
707,-6.9264E-05,-0.0260666608810425,-2.24899625778198,
708,-6.9008E-05,-0.0260666608810425,-1.78037697076797,
709,-6.8752E-05,-0.0260666608810425,-1.78037697076797,
710,-6.8496E-05,-0.0260666608810425,-1.84732258319855,
711,-6.824E-05,-0.0260666608810425,-1.57954013347626,
712,-6.7984E-05,-0.0260666608810425,-1.84732258319855,
713,-6.7728E-05,-0.0260666608810425,-1.7134313583374,
714,-6.7472E-05,-0.0260666608810425,-1.7134313583374,
715,-6.7216E-05,-0.0260666608810425,-1.7134313583374,
716,-6.696E-05,-0.0260666608810425,-1.51259452104568,
717,-6.6704E-05,-0.0260666608810425,-1.78037697076797,
718,-6.6448E-05,-0.0260666608810425,-1.7134313583374,
719,-6.6192E-05,-0.0260666608810425,-1.84732258319855,
720,-6.5936E-05,-0.0260666608810425,-1.84732258319855,
721,-6.568E-05,0.04087895154953,-1.7134313583374,
722,-6.5424E-05,-0.0260666608810425,-1.84732258319855,
723,-6.5168E-05,-0.0260666608810425,-1.84732258319855,
724,-6.4912E-05,-0.093012273311615,-1.91426819562912,
725,-6.4656E-05,-0.0260666608810425,-2.04815942049026,
726,-6.44E-05,0.04087895154953,-1.78037697076797,
727,-6.4144E-05,-0.0260666608810425,-1.84732258319855,
728,-6.3888E-05,-0.0260666608810425,-1.7134313583374,
729,-6.3632E-05,-0.0260666608810425,-1.78037697076797,
730,-6.3376E-05,0.04087895154953,-1.84732258319855,
731,-6.312E-05,-0.0260666608810425,-1.78037697076797,
732,-6.2864E-05,-0.093012273311615,-1.84732258319855,
733,-6.2608E-05,-0.0260666608810425,-2.04815942049026,
734,-6.2352E-05,-0.0260666608810425,-1.84732258319855,
735,-6.2096E-05,-0.0260666608810425,-1.84732258319855,
736,-6.184E-05,-0.0260666608810425,-1.84732258319855,
737,-6.1584E-05,-0.0260666608810425,-1.91426819562912,
738,-6.1328E-05,-0.0260666608810425,-1.84732258319855,
739,-6.1072E-05,-0.093012273311615,-1.78037697076797,
740,-6.0816E-05,-0.0260666608810425,-1.78037697076797,
741,-6.056E-05,-0.0260666608810425,-1.44564890861511,
742,-6.0304E-05,-0.0260666608810425,-2.04815942049026,
743,-6.0048E-05,0.04087895154953,-1.84732258319855,
744,-5.9792E-05,-0.093012273311615,-1.78037697076797,
745,-5.9536E-05,-0.0260666608810425,-1.98121380805969,
746,-5.928E-05,-0.0260666608810425,-1.78037697076797,
747,-5.9024E-05,-0.0260666608810425,-1.91426819562912,
748,-5.8768E-05,-0.0260666608810425,-1.98121380805969,
749,-5.8512E-05,-0.0260666608810425,-1.98121380805969,
750,-5.8256E-05,-0.093012273311615,-2.4498330950737,
751,-5.8E-05,-0.0260666608810425,-1.84732258319855,
752,-5.7744E-05,-0.0260666608810425,-1.91426819562912,
753,-5.7488E-05,-0.0260666608810425,-1.84732258319855,
754,-5.7232E-05,-0.0260666608810425,-1.7134313583374,
755,-5.6976E-05,-0.0260666608810425,-1.91426819562912,
756,-5.672E-05,-0.0260666608810425,-1.78037697076797,
757,-5.6464E-05,-0.0260666608810425,-1.78037697076797,
758,-5.6208E-05,-0.093012273311615,-1.7134313583374,
759,-5.5952E-05,-0.0260666608810425,-1.84732258319855,
760,-5.5696E-05,-0.093012273311615,-1.91426819562912,
761,-5.544E-05,-0.0260666608810425,-1.84732258319855,
762,-5.5184E-05,-0.0260666608810425,-1.98121380805969,
763,-5.4928E-05,0.04087895154953,-1.84732258319855,
764,-5.4672E-05,-0.093012273311615,-1.78037697076797,
765,-5.4416E-05,-0.0260666608810425,-1.78037697076797,
766,-5.416E-05,-0.0260666608810425,-1.78037697076797,
767,-5.3904E-05,0.04087895154953,-2.11510503292084,
768,-5.3648E-05,-0.0260666608810425,-1.78037697076797,
769,-5.3392E-05,-0.0260666608810425,-1.78037697076797,
770,-5.3136E-05,-0.0260666608810425,-1.84732258319855,
771,-5.288E-05,0.04087895154953,-1.57954013347626,
772,-5.2624E-05,-0.093012273311615,-1.84732258319855,
773,-5.2368E-05,-0.093012273311615,-1.7134313583374,
774,-5.2112E-05,-0.0260666608810425,-1.78037697076797,
775,-5.1856E-05,-0.0260666608810425,-1.78037697076797,
776,-5.16E-05,-0.0260666608810425,-1.64648574590683,
777,-5.1344E-05,-0.0260666608810425,-1.84732258319855,
778,-5.1088E-05,-0.0260666608810425,-1.84732258319855,
779,-5.0832E-05,-0.093012273311615,-1.78037697076797,
780,-5.0576E-05,-0.093012273311615,-1.84732258319855,
781,-5.032E-05,-0.0260666608810425,-1.64648574590683,
782,-5.0064E-05,-0.093012273311615,-1.7134313583374,
783,-4.9808E-05,-0.0260666608810425,-0.910084009170532,
784,-4.9552E-05,-0.0260666608810425,-1.64648574590683,
785,-4.9296E-05,-0.0260666608810425,-1.91426819562912,
786,-4.904E-05,-0.0260666608810425,-1.7134313583374,
787,-4.8784E-05,-0.0260666608810425,-1.84732258319855,
788,-4.8528E-05,0.04087895154953,-1.78037697076797,
789,-4.8272E-05,-0.0260666608810425,-1.7134313583374,
790,-4.8016E-05,-0.0260666608810425,-1.84732258319855,
791,-4.776E-05,-0.0260666608810425,-1.91426819562912,
792,-4.7504E-05,-0.093012273311615,-1.98121380805969,
793,-4.7248E-05,-0.0260666608810425,-2.24899625778198,
794,-4.6992E-05,-0.0260666608810425,-2.04815942049026,
795,-4.6736E-05,-0.0260666608810425,-1.98121380805969,
796,-4.648E-05,-0.0260666608810425,-1.91426819562912,
797,-4.6224E-05,-0.159957885742188,-1.84732258319855,
798,-4.5968E-05,-0.0260666608810425,-1.84732258319855,
799,-4.5712E-05,-0.0260666608810425,-1.84732258319855,
800,-4.5456E-05,0.04087895154953,-1.84732258319855,
801,-4.52E-05,-0.0260666608810425,-1.64648574590683,
802,-4.4944E-05,-0.0260666608810425,-1.98121380805969,
803,-4.4688E-05,-0.0260666608810425,-1.84732258319855,
804,-4.4432E-05,-0.0260666608810425,-1.78037697076797,
805,-4.4176E-05,-0.093012273311615,-1.98121380805969,
806,-4.392E-05,-0.0260666608810425,-1.7134313583374,
807,-4.3664E-05,-0.0260666608810425,-1.91426819562912,
808,-4.3408E-05,-0.0260666608810425,-1.78037697076797,
809,-4.3152E-05,-0.093012273311615,-1.84732258319855,
810,-4.2896E-05,-0.0260666608810425,-2.24899625778198,
811,-4.264E-05,-0.0260666608810425,-1.7134313583374,
812,-4.2384E-05,-0.0260666608810425,-1.91426819562912,
813,-4.2128E-05,-0.0260666608810425,-1.91426819562912,
814,-4.1872E-05,-0.0260666608810425,-1.84732258319855,
815,-4.1616E-05,-0.0260666608810425,-2.04815942049026,
816,-4.136E-05,-0.0260666608810425,-1.91426819562912,
817,-4.1104E-05,-0.0260666608810425,-1.91426819562912,
818,-4.0848E-05,-0.0260666608810425,-1.7134313583374,
819,-4.0592E-05,-0.0260666608810425,-1.64648574590683,
820,-4.0336E-05,-0.0260666608810425,-1.91426819562912,
821,-4.008E-05,-0.093012273311615,-1.84732258319855,
822,-3.9824E-05,-0.0260666608810425,-2.04815942049026,
823,-3.9568E-05,-0.0260666608810425,-1.84732258319855,
824,-3.9312E-05,-0.0260666608810425,-1.84732258319855,
825,-3.9056E-05,0.04087895154953,-1.78037697076797,
826,-3.88E-05,-0.0260666608810425,-1.84732258319855,
827,-3.8544E-05,-0.093012273311615,-2.11510503292084,
828,-3.8288E-05,-0.093012273311615,-1.84732258319855,
829,-3.8032E-05,-0.0260666608810425,-1.7134313583374,
830,-3.7776E-05,-0.0260666608810425,-1.84732258319855,
831,-3.752E-05,-0.0260666608810425,-1.64648574590683,
832,-3.7264E-05,-0.0260666608810425,-1.78037697076797,
833,-3.7008E-05,0.04087895154953,-1.84732258319855,
834,-3.6752E-05,-0.0260666608810425,-1.84732258319855,
835,-3.6496E-05,-0.0260666608810425,-1.78037697076797,
836,-3.624E-05,-0.0260666608810425,-1.84732258319855,
837,-3.5984E-05,-0.0260666608810425,-1.84732258319855,
838,-3.5728E-05,-0.0260666608810425,-1.84732258319855,
839,-3.5472E-05,-0.0260666608810425,-1.91426819562912,
840,-3.5216E-05,-0.0260666608810425,-1.91426819562912,
841,-3.496E-05,-0.0260666608810425,-1.7134313583374,
842,-3.4704E-05,-0.0260666608810425,-1.91426819562912,
843,-3.4448E-05,-0.093012273311615,-1.84732258319855,
844,-3.4192E-05,-0.0260666608810425,-1.7134313583374,
845,-3.3936E-05,-0.093012273311615,-1.91426819562912,
846,-3.368E-05,-0.0260666608810425,-1.64648574590683,
847,-3.3424E-05,-0.093012273311615,-1.64648574590683,
848,-3.3168E-05,-0.0260666608810425,-1.7134313583374,
849,-3.2912E-05,-0.0260666608810425,-1.57954013347626,
850,-3.2656E-05,-0.0260666608810425,-1.7134313583374,
851,-3.24E-05,-0.093012273311615,-1.78037697076797,
852,-3.2144E-05,-0.093012273311615,-1.78037697076797,
853,-3.1888E-05,-0.0260666608810425,-2.04815942049026,
854,-3.1632E-05,-0.0260666608810425,-1.7134313583374,
855,-3.1376E-05,-0.0260666608810425,-1.78037697076797,
856,-3.112E-05,-0.0260666608810425,-1.84732258319855,
857,-3.0864E-05,-0.093012273311615,-1.7134313583374,
858,-3.0608E-05,-0.093012273311615,-1.98121380805969,
859,-3.0352E-05,-0.0260666608810425,-1.84732258319855,
860,-3.0096E-05,-0.0260666608810425,-1.84732258319855,
861,-2.984E-05,-0.0260666608810425,-1.64648574590683,
862,-2.9584E-05,-0.0260666608810425,-1.91426819562912,
863,-2.9328E-05,-0.093012273311615,-1.91426819562912,
864,-2.9072E-05,-0.0260666608810425,-1.78037697076797,
865,-2.8816E-05,-0.0260666608810425,-1.91426819562912,
866,-2.856E-05,-0.0260666608810425,-1.84732258319855,
867,-2.8304E-05,-0.0260666608810425,-1.78037697076797,
868,-2.8048E-05,-0.0260666608810425,-1.78037697076797,
869,-2.7792E-05,-0.0260666608810425,-1.78037697076797,
870,-2.7536E-05,-0.0260666608810425,-2.31594187021255,
871,-2.728E-05,-0.0260666608810425,-1.78037697076797,
872,-2.7024E-05,-0.0260666608810425,-1.7134313583374,
873,-2.6768E-05,-0.0260666608810425,-1.91426819562912,
874,-2.6512E-05,-0.093012273311615,-1.57954013347626,
875,-2.6256E-05,-0.093012273311615,-1.91426819562912,
876,-2.6E-05,-0.0260666608810425,-1.84732258319855,
877,-2.5744E-05,-0.093012273311615,-1.84732258319855,
878,-2.5488E-05,-0.093012273311615,-1.78037697076797,
879,-2.5232E-05,-0.093012273311615,-1.78037697076797,
880,-2.4976E-05,-0.0260666608810425,-2.04815942049026,
881,-2.472E-05,-0.0260666608810425,0.49577385187149,
882,-2.4464E-05,-0.093012273311615,1.83468610048294,
883,-2.4208E-05,-0.093012273311615,1.90163171291351,
884,-2.3952E-05,-0.0260666608810425,1.56690365076065,
885,-2.3696E-05,0.04087895154953,1.63384926319122,
886,-2.344E-05,0.04087895154953,1.49995803833008,
887,-2.3184E-05,0.04087895154953,1.83468610048294,
888,-2.2928E-05,-0.0260666608810425,1.7007948756218,
889,-2.2672E-05,0.04087895154953,1.63384926319122,
890,-2.2416E-05,-0.0260666608810425,1.56690365076065,
891,-2.216E-05,0.04087895154953,1.49995803833008,
892,-2.1904E-05,-0.0260666608810425,1.63384926319122,
893,-2.1648E-05,-0.0260666608810425,1.7007948756218,
894,-2.1392E-05,-0.0260666608810425,1.63384926319122,
895,-2.1136E-05,-0.0260666608810425,1.63384926319122,
896,-2.088E-05,0.04087895154953,1.7007948756218,
897,-2.0624E-05,-0.0260666608810425,1.76774048805237,
898,-2.0368E-05,-0.0260666608810425,1.7007948756218,
899,-2.0112E-05,-0.0260666608810425,1.7007948756218,
900,-1.9856E-05,-0.0260666608810425,1.90163171291351,
901,-1.96E-05,-0.0260666608810425,1.56690365076065,
902,-1.9344E-05,-0.0260666608810425,1.56690365076065,
903,-1.9088E-05,-0.0260666608810425,1.7007948756218,
904,-1.8832E-05,-0.0260666608810425,1.56690365076065,
905,-1.8576E-05,-0.0260666608810425,2.03552293777466,
906,-1.832E-05,-0.0260666608810425,1.76774048805237,
907,-1.8064E-05,-0.0260666608810425,1.7007948756218,
908,-1.7808E-05,-0.0260666608810425,1.83468610048294,
909,-1.7552E-05,-0.093012273311615,1.63384926319122,
910,-1.7296E-05,-0.093012273311615,1.56690365076065,
911,-1.704E-05,-0.0260666608810425,1.56690365076065,
912,-1.6784E-05,-0.0260666608810425,1.49995803833008,
913,-1.6528E-05,-0.0260666608810425,2.10246855020523,
914,-1.6272E-05,-0.0260666608810425,1.43301242589951,
915,-1.6016E-05,-0.0260666608810425,1.63384926319122,
916,-1.576E-05,-0.0260666608810425,1.63384926319122,
917,-1.5504E-05,0.04087895154953,1.49995803833008,
918,-1.5248E-05,-0.0260666608810425,1.63384926319122,
919,-1.4992E-05,0.04087895154953,1.56690365076065,
920,-1.4736E-05,-0.0260666608810425,1.63384926319122,
921,-1.448E-05,-0.0260666608810425,1.43301242589951,
922,-1.4224E-05,-0.0260666608810425,1.49995803833008,
923,-1.3968E-05,-0.0260666608810425,1.7007948756218,
924,-1.3712E-05,-0.0260666608810425,1.7007948756218,
925,-1.3456E-05,-0.0260666608810425,1.90163171291351,
926,-1.32E-05,0.04087895154953,1.7007948756218,
927,-1.2944E-05,-0.0260666608810425,1.56690365076065,
928,-1.2688E-05,-0.0260666608810425,1.7007948756218,
929,-1.2432E-05,-0.093012273311615,1.7007948756218,
930,-1.2176E-05,-0.0260666608810425,2.10246855020523,
931,-1.192E-05,-0.0260666608810425,1.7007948756218,
932,-1.1664E-05,-0.0260666608810425,1.7007948756218,
933,-1.1408E-05,0.04087895154953,1.63384926319122,
934,-1.1152E-05,-0.0260666608810425,1.36606681346893,
935,-1.0896E-05,-0.0260666608810425,1.7007948756218,
936,-1.064E-05,-0.0260666608810425,1.63384926319122,
937,-1.0384E-05,-0.0260666608810425,1.7007948756218,
938,-1.0128E-05,-0.0260666608810425,1.49995803833008,
939,-9.87199999999999E-06,-0.0260666608810425,1.49995803833008,
940,-9.616E-06,-0.0260666608810425,1.76774048805237,
941,-9.35999999999998E-06,-0.0260666608810425,1.76774048805237,
942,-9.10399999999999E-06,-0.0260666608810425,1.83468610048294,
943,-8.84799999999999E-06,-0.0260666608810425,1.90163171291351,
944,-8.592E-06,-0.0260666608810425,1.83468610048294,
945,-8.33599999999998E-06,-0.093012273311615,1.76774048805237,
946,-8.07999999999999E-06,-0.0260666608810425,1.76774048805237,
947,-7.824E-06,-0.093012273311615,1.76774048805237,
948,-7.56799999999998E-06,-0.0260666608810425,1.96857732534409,
949,-7.31199999999999E-06,0.04087895154953,1.7007948756218,
950,-7.05599999999999E-06,-0.0260666608810425,1.7007948756218,
951,-6.8E-06,-0.0260666608810425,1.63384926319122,
952,-6.54399999999998E-06,-0.093012273311615,1.7007948756218,
953,-6.28799999999999E-06,-0.0260666608810425,1.63384926319122,
954,-6.032E-06,-0.0260666608810425,1.63384926319122,
955,-5.77599999999998E-06,-0.093012273311615,1.7007948756218,
956,-5.52000000000001E-06,-0.0260666608810425,1.90163171291351,
957,-5.264E-06,-0.0260666608810425,1.76774048805237,
958,-5.00799999999998E-06,-0.0260666608810425,1.63384926319122,
959,-4.75200000000001E-06,-0.0260666608810425,1.7007948756218,
960,-4.49599999999999E-06,-0.093012273311615,1.7007948756218,
961,-4.23999999999997E-06,0.04087895154953,1.63384926319122,
962,-3.98400000000001E-06,-0.093012273311615,1.56690365076065,
963,-3.72799999999999E-06,-0.0260666608810425,1.56690365076065,
964,-3.47199999999997E-06,-0.0260666608810425,1.29912120103836,
965,-3.216E-06,-0.0260666608810425,1.90163171291351,
966,-2.95999999999999E-06,-0.0260666608810425,1.7007948756218,
967,-2.70399999999997E-06,-0.0260666608810425,1.63384926319122,
968,-2.448E-06,0.04087895154953,1.7007948756218,
969,-2.19199999999998E-06,-0.0260666608810425,1.63384926319122,
970,-1.93600000000002E-06,-0.0260666608810425,1.7007948756218,
971,-1.68E-06,-0.093012273311615,1.7007948756218,
972,-1.42399999999998E-06,-0.0260666608810425,1.7007948756218,
973,-1.16800000000001E-06,-0.0260666608810425,2.1694141626358,
974,-9.11999999999994E-07,-0.093012273311615,1.49995803833008,
975,-6.55999999999975E-07,-0.0260666608810425,1.63384926319122,
976,-4.0000000000001E-07,-0.093012273311615,1.49995803833008,
977,-1.4399999999999E-07,-0.0260666608810425,1.29912120103836,
978,1.12000000000029E-07,3.18732273578644,1.36606681346893,
979,3.67999999999994E-07,3.18732273578644,-0.776192784309387,
980,6.24000000000013E-07,3.18732273578644,-1.91426819562912,
981,8.80000000000032E-07,3.25426834821701,-2.04815942049026,
982,1.136E-06,3.18732273578644,-1.91426819562912,
983,1.39200000000002E-06,3.18732273578644,-1.78037697076797,
984,1.64800000000004E-06,3.25426834821701,-1.91426819562912,
985,1.904E-06,3.25426834821701,-1.64648574590683,
986,2.16000000000002E-06,3.25426834821701,-1.91426819562912,
987,2.41599999999999E-06,3.25426834821701,-1.84732258319855,
988,2.672E-06,3.25426834821701,-1.84732258319855,
989,2.92800000000002E-06,3.25426834821701,-1.84732258319855,
990,3.18399999999999E-06,3.25426834821701,-1.57954013347626,
991,3.44000000000001E-06,3.25426834821701,-1.84732258319855,
992,3.69600000000003E-06,3.18732273578644,-1.91426819562912,
993,3.95199999999999E-06,3.18732273578644,-1.78037697076797,
994,4.20800000000001E-06,3.32121396064758,-2.11510503292084,
995,4.46400000000003E-06,3.18732273578644,-1.7134313583374,
996,4.72E-06,3.18732273578644,-1.91426819562912,
997,4.97600000000001E-06,3.18732273578644,-1.98121380805969,
998,5.23200000000003E-06,3.18732273578644,-1.91426819562912,
999,5.488E-06,3.18732273578644,-2.24899625778198,
1000,5.74400000000002E-06,3.18732273578644,-1.7134313583374,
1001,6.00000000000004E-06,3.25426834821701,-1.78037697076797,
1002,6.256E-06,3.18732273578644,-1.91426819562912,
1003,6.51200000000002E-06,3.18732273578644,-1.57954013347626,
1004,6.76799999999999E-06,3.18732273578644,-1.91426819562912,
1005,7.02400000000001E-06,3.18732273578644,-1.84732258319855,
1006,7.28000000000003E-06,3.25426834821701,-1.84732258319855,
1007,7.53599999999999E-06,3.25426834821701,-2.11510503292084,
1008,7.79200000000001E-06,3.25426834821701,-1.17786645889282,
1009,8.04800000000003E-06,3.25426834821701,-1.7134313583374,
1010,8.30399999999999E-06,3.25426834821701,-1.7134313583374,
1011,8.56000000000001E-06,3.18732273578644,-1.7134313583374,
1012,8.81600000000003E-06,3.25426834821701,-1.7134313583374,
1013,9.072E-06,3.18732273578644,-1.64648574590683,
1014,9.32800000000002E-06,3.25426834821701,-1.7134313583374,
1015,9.58400000000004E-06,3.18732273578644,-1.57954013347626,
1016,9.84E-06,3.25426834821701,-1.31175768375397,
1017,1.0096E-05,3.25426834821701,-1.44564890861511,
1018,1.0352E-05,3.25426834821701,-1.64648574590683,
1019,1.0608E-05,3.18732273578644,-1.7134313583374,
1020,1.0864E-05,3.18732273578644,-1.57954013347626,
1021,1.112E-05,3.25426834821701,-1.78037697076797,
1022,1.1376E-05,3.25426834821701,-1.84732258319855,
1023,1.1632E-05,3.18732273578644,-1.78037697076797,
1024,1.1888E-05,3.25426834821701,-1.98121380805969,
1025,1.2144E-05,3.25426834821701,-1.37870329618454,
1026,1.24E-05,3.18732273578644,-1.84732258319855,
1027,1.2656E-05,3.18732273578644,-1.84732258319855,
1028,1.2912E-05,3.25426834821701,-1.57954013347626,
1029,1.3168E-05,3.25426834821701,-1.98121380805969,
1030,1.3424E-05,3.25426834821701,-1.78037697076797,
1031,1.368E-05,3.25426834821701,-1.78037697076797,
1032,1.3936E-05,3.25426834821701,-1.84732258319855,
1033,1.4192E-05,3.25426834821701,-1.11092084646225,
1034,1.4448E-05,3.18732273578644,-1.84732258319855,
1035,1.4704E-05,3.25426834821701,-1.78037697076797,
1036,1.496E-05,3.25426834821701,-1.7134313583374,
1037,1.5216E-05,3.18732273578644,-2.11510503292084,
1038,1.5472E-05,3.18732273578644,-1.78037697076797,
1039,1.5728E-05,3.25426834821701,-1.84732258319855,
1040,1.5984E-05,3.25426834821701,-1.84732258319855,
1041,1.624E-05,3.25426834821701,-1.98121380805969,
1042,1.6496E-05,3.25426834821701,-2.18205064535141,
1043,1.6752E-05,3.25426834821701,-1.91426819562912,
1044,1.7008E-05,3.18732273578644,-1.98121380805969,
1045,1.7264E-05,3.25426834821701,-1.78037697076797,
1046,1.752E-05,3.32121396064758,-1.84732258319855,
1047,1.7776E-05,3.25426834821701,-1.91426819562912,
1048,1.8032E-05,3.25426834821701,-1.84732258319855,
1049,1.8288E-05,3.25426834821701,-1.91426819562912,
1050,1.8544E-05,3.18732273578644,-1.84732258319855,
1051,1.88E-05,3.25426834821701,-1.78037697076797,
1052,1.9056E-05,3.25426834821701,-1.84732258319855,
1053,1.9312E-05,3.25426834821701,-1.84732258319855,
1054,1.9568E-05,3.25426834821701,-2.11510503292084,
1055,1.9824E-05,3.25426834821701,-1.7134313583374,
1056,2.008E-05,3.25426834821701,-1.78037697076797,
1057,2.0336E-05,3.25426834821701,-1.84732258319855,
1058,2.0592E-05,3.25426834821701,-1.78037697076797,
1059,2.0848E-05,3.18732273578644,-2.04815942049026,
1060,2.1104E-05,3.25426834821701,-1.7134313583374,
1061,2.136E-05,3.25426834821701,-1.78037697076797,
1062,2.1616E-05,3.18732273578644,-1.84732258319855,
1063,2.1872E-05,3.25426834821701,-1.44564890861511,
1064,2.2128E-05,3.25426834821701,-1.84732258319855,
1065,2.2384E-05,3.25426834821701,-1.84732258319855,
1066,2.264E-05,3.25426834821701,-1.78037697076797,
1067,2.2896E-05,3.25426834821701,-2.18205064535141,
1068,2.3152E-05,3.25426834821701,-1.24481207132339,
1069,2.3408E-05,3.25426834821701,-1.78037697076797,
1070,2.3664E-05,3.18732273578644,-1.84732258319855,
1071,2.392E-05,3.25426834821701,-1.78037697076797,
1072,2.4176E-05,3.25426834821701,-1.78037697076797,
1073,2.4432E-05,3.25426834821701,-1.7134313583374,
1074,2.4688E-05,3.25426834821701,-1.64648574590683,
1075,2.4944E-05,3.25426834821701,-1.64648574590683,
1076,2.52E-05,-0.0260666608810425,-0.709247171878815,
1077,2.5456E-05,0.04087895154953,1.29912120103836,
1078,2.5712E-05,-0.0260666608810425,1.56690365076065,
1079,2.5968E-05,-0.0260666608810425,1.56690365076065,
1080,2.6224E-05,-0.0260666608810425,1.43301242589951,
1081,2.648E-05,0.04087895154953,1.49995803833008,
1082,2.6736E-05,-0.0260666608810425,1.63384926319122,
1083,2.6992E-05,-0.093012273311615,1.56690365076065,
1084,2.7248E-05,-0.0260666608810425,1.7007948756218,
1085,2.7504E-05,-0.0260666608810425,1.16522997617722,
1086,2.776E-05,-0.0260666608810425,1.63384926319122,
1087,2.8016E-05,-0.0260666608810425,1.7007948756218,
1088,2.8272E-05,-0.0260666608810425,1.49995803833008,
1089,2.8528E-05,-0.0260666608810425,1.83468610048294,
1090,2.8784E-05,-0.0260666608810425,1.7007948756218,
1091,2.904E-05,-0.093012273311615,1.7007948756218,
1092,2.9296E-05,-0.0260666608810425,1.56690365076065,
1093,2.9552E-05,-0.0260666608810425,0.897447526454926,
1094,2.9808E-05,-0.0260666608810425,1.7007948756218,
1095,3.0064E-05,-0.0260666608810425,1.63384926319122,
1096,3.032E-05,-0.093012273311615,1.63384926319122,
1097,3.0576E-05,-0.093012273311615,1.96857732534409,
1098,3.0832E-05,-0.0260666608810425,1.56690365076065,
1099,3.1088E-05,-0.0260666608810425,1.7007948756218,
1100,3.1344E-05,-0.093012273311615,1.7007948756218,
1101,3.16E-05,-0.0260666608810425,1.76774048805237,
1102,3.1856E-05,-0.0260666608810425,1.96857732534409,
1103,3.2112E-05,-0.0260666608810425,1.63384926319122,
1104,3.2368E-05,-0.0260666608810425,1.56690365076065,
1105,3.2624E-05,-0.0260666608810425,1.56690365076065,
1106,3.288E-05,-0.093012273311615,1.63384926319122,
1107,3.3136E-05,-0.093012273311615,1.96857732534409,
1108,3.3392E-05,-0.0260666608810425,1.90163171291351,
1109,3.3648E-05,-0.0260666608810425,1.90163171291351,
1110,3.3904E-05,-0.093012273311615,1.76774048805237,
1111,3.416E-05,-0.0260666608810425,1.7007948756218,
1112,3.4416E-05,-0.0260666608810425,1.76774048805237,
1113,3.4672E-05,0.04087895154953,1.7007948756218,
1114,3.4928E-05,0.04087895154953,2.03552293777466,
1115,3.5184E-05,-0.0260666608810425,1.7007948756218,
1116,3.544E-05,-0.093012273311615,1.7007948756218,
1117,3.5696E-05,-0.0260666608810425,1.76774048805237,
1118,3.5952E-05,-0.0260666608810425,1.7007948756218,
1119,3.6208E-05,-0.0260666608810425,1.7007948756218,
1120,3.6464E-05,-0.0260666608810425,1.49995803833008,
1121,3.672E-05,-0.0260666608810425,1.56690365076065,
1122,3.6976E-05,-0.0260666608810425,1.63384926319122,
1123,3.7232E-05,-0.0260666608810425,1.36606681346893,
1124,3.7488E-05,-0.0260666608810425,1.7007948756218,
1125,3.7744E-05,-0.0260666608810425,1.7007948756218,
1126,3.8E-05,-0.0260666608810425,1.43301242589951,
1127,3.8256E-05,-0.0260666608810425,1.90163171291351,
1128,3.8512E-05,-0.0260666608810425,0.897447526454926,
1129,3.8768E-05,-0.0260666608810425,1.56690365076065,
1130,3.9024E-05,-0.0260666608810425,1.63384926319122,
1131,3.928E-05,-0.0260666608810425,1.49995803833008,
1132,3.9536E-05,-0.0260666608810425,1.7007948756218,
1133,3.9792E-05,-0.0260666608810425,1.63384926319122,
1134,4.0048E-05,-0.0260666608810425,1.63384926319122,
1135,4.0304E-05,-0.0260666608810425,1.7007948756218,
1136,4.056E-05,-0.0260666608810425,1.03133875131607,
1137,4.0816E-05,0.04087895154953,1.56690365076065,
1138,4.1072E-05,-0.093012273311615,1.56690365076065,
1139,4.1328E-05,-0.0260666608810425,1.49995803833008,
1140,4.1584E-05,-0.0260666608810425,1.43301242589951,
1141,4.184E-05,-0.0260666608810425,1.49995803833008,
1142,4.2096E-05,-0.0260666608810425,1.56690365076065,
1143,4.2352E-05,-0.0260666608810425,1.56690365076065,
1144,4.2608E-05,0.04087895154953,1.76774048805237,
1145,4.2864E-05,-0.093012273311615,1.29912120103836,
1146,4.312E-05,0.04087895154953,1.56690365076065,
1147,4.3376E-05,-0.0260666608810425,1.63384926319122,
1148,4.3632E-05,-0.0260666608810425,1.43301242589951,
1149,4.3888E-05,0.04087895154953,1.7007948756218,
1150,4.4144E-05,-0.0260666608810425,1.63384926319122,
1151,4.44E-05,0.04087895154953,1.63384926319122,
1152,4.4656E-05,0.04087895154953,1.63384926319122,
1153,4.4912E-05,-0.0260666608810425,1.03133875131607,
1154,4.5168E-05,-0.0260666608810425,1.7007948756218,
1155,4.5424E-05,-0.0260666608810425,1.7007948756218,
1156,4.568E-05,-0.0260666608810425,1.63384926319122,
1157,4.5936E-05,0.04087895154953,2.03552293777466,
1158,4.6192E-05,-0.0260666608810425,1.49995803833008,
1159,4.6448E-05,-0.0260666608810425,1.56690365076065,
1160,4.6704E-05,0.04087895154953,1.7007948756218,
1161,4.696E-05,0.04087895154953,1.7007948756218,
1162,4.7216E-05,-0.0260666608810425,1.90163171291351,
1163,4.7472E-05,-0.0260666608810425,1.56690365076065,
1164,4.7728E-05,-0.0260666608810425,1.56690365076065,
1165,4.7984E-05,-0.093012273311615,1.56690365076065,
1166,4.824E-05,-0.0260666608810425,1.49995803833008,
1167,4.8496E-05,-0.0260666608810425,1.7007948756218,
1168,4.8752E-05,-0.0260666608810425,1.63384926319122,
1169,4.9008E-05,-0.0260666608810425,1.63384926319122,
1170,4.9264E-05,-0.0260666608810425,1.76774048805237,
1171,4.952E-05,-0.0260666608810425,1.43301242589951,
1172,4.9776E-05,-0.0260666608810425,1.83468610048294,
1173,5.0032E-05,-0.0260666608810425,1.83468610048294,
1174,5.0288E-05,-0.0260666608810425,1.36606681346893,
1175,5.0544E-05,-0.0260666608810425,1.7007948756218,
1176,5.08E-05,-0.0260666608810425,1.76774048805237,
1177,5.1056E-05,0.04087895154953,1.76774048805237,
1178,5.1312E-05,-0.093012273311615,1.83468610048294,
1179,5.1568E-05,0.04087895154953,1.56690365076065,
1180,5.1824E-05,-0.0260666608810425,1.49995803833008,
1181,5.208E-05,-0.0260666608810425,1.63384926319122,
1182,5.2336E-05,-0.0260666608810425,1.7007948756218,
1183,5.2592E-05,-0.093012273311615,1.49995803833008,
1184,5.2848E-05,-0.0260666608810425,1.7007948756218,
1185,5.3104E-05,-0.0260666608810425,1.76774048805237,
1186,5.336E-05,-0.0260666608810425,1.7007948756218,
1187,5.3616E-05,-0.0260666608810425,1.96857732534409,
1188,5.3872E-05,-0.0260666608810425,1.23217558860779,
1189,5.4128E-05,-0.0260666608810425,1.76774048805237,
1190,5.4384E-05,-0.0260666608810425,1.76774048805237,
1191,5.464E-05,-0.093012273311615,1.49995803833008,
1192,5.4896E-05,-0.0260666608810425,1.83468610048294,
1193,5.5152E-05,-0.0260666608810425,1.56690365076065,
1194,5.5408E-05,-0.0260666608810425,1.63384926319122,
1195,5.5664E-05,-0.0260666608810425,1.63384926319122,
1196,5.592E-05,-0.0260666608810425,1.03133875131607,
1197,5.6176E-05,-0.0260666608810425,1.7007948756218,
1198,5.6432E-05,-0.0260666608810425,1.76774048805237,
1199,5.6688E-05,-0.0260666608810425,1.7007948756218,
1200,5.6944E-05,-0.0260666608810425,1.83468610048294,
1201,5.72E-05,-0.0260666608810425,1.7007948756218,
1202,5.7456E-05,-0.0260666608810425,1.56690365076065,
1203,5.7712E-05,-0.0260666608810425,1.56690365076065,
1204,5.7968E-05,0.04087895154953,1.63384926319122,
1205,5.8224E-05,-0.093012273311615,1.36606681346893,
1206,5.848E-05,-0.0260666608810425,1.36606681346893,
1207,5.8736E-05,-0.0260666608810425,1.49995803833008,
1208,5.8992E-05,-0.0260666608810425,1.36606681346893,
1209,5.9248E-05,0.04087895154953,1.49995803833008,
1210,5.9504E-05,0.04087895154953,1.56690365076065,
1211,5.976E-05,-0.0260666608810425,1.7007948756218,
1212,6.0016E-05,-0.0260666608810425,1.7007948756218,
1213,6.0272E-05,-0.0260666608810425,1.29912120103836,
1214,6.0528E-05,-0.0260666608810425,1.7007948756218,
1215,6.0784E-05,-0.0260666608810425,1.7007948756218,
1216,6.104E-05,-0.0260666608810425,1.63384926319122,
1217,6.1296E-05,-0.093012273311615,1.90163171291351,
1218,6.1552E-05,-0.0260666608810425,1.7007948756218,
1219,6.1808E-05,-0.0260666608810425,1.76774048805237,
1220,6.2064E-05,-0.0260666608810425,1.76774048805237,
1221,6.232E-05,0.04087895154953,1.76774048805237,
1222,6.2576E-05,-0.0260666608810425,1.90163171291351,
1223,6.2832E-05,-0.093012273311615,1.56690365076065,
1224,6.3088E-05,0.04087895154953,1.7007948756218,
1225,6.3344E-05,-0.0260666608810425,1.56690365076065,
1226,6.36E-05,-0.0260666608810425,1.49995803833008,
1227,6.3856E-05,0.04087895154953,1.7007948756218,
1228,6.4112E-05,-0.093012273311615,1.63384926319122,
1229,6.4368E-05,-0.0260666608810425,1.63384926319122,
1230,6.4624E-05,-0.0260666608810425,1.76774048805237,
1231,6.488E-05,-0.0260666608810425,1.23217558860779,
1232,6.5136E-05,-0.0260666608810425,1.7007948756218,
1233,6.5392E-05,-0.0260666608810425,1.63384926319122,
1234,6.5648E-05,-0.0260666608810425,1.7007948756218,
1235,6.5904E-05,-0.0260666608810425,1.7007948756218,
1236,6.616E-05,-0.0260666608810425,1.76774048805237,
1237,6.6416E-05,-0.093012273311615,1.7007948756218,
1238,6.6672E-05,-0.093012273311615,1.7007948756218,
1239,6.6928E-05,-0.0260666608810425,1.36606681346893,
1240,6.7184E-05,-0.0260666608810425,1.7007948756218,
1241,6.744E-05,-0.0260666608810425,1.63384926319122,
1242,6.7696E-05,0.04087895154953,1.76774048805237,
1243,6.7952E-05,-0.0260666608810425,1.49995803833008,
1244,6.8208E-05,-0.0260666608810425,1.7007948756218,
1245,6.8464E-05,-0.093012273311615,1.83468610048294,
1246,6.872E-05,0.04087895154953,1.7007948756218,
1247,6.8976E-05,0.04087895154953,1.90163171291351,
1248,6.9232E-05,-0.0260666608810425,1.09828436374664,
1249,6.9488E-05,-0.093012273311615,1.56690365076065,
1250,6.9744E-05,-0.0260666608810425,1.7007948756218,
1251,7E-05,-0.0260666608810425,1.49995803833008,
1252,7.0256E-05,-0.0260666608810425,1.76774048805237,
1253,7.0512E-05,0.04087895154953,1.56690365076065,
1254,7.0768E-05,-0.0260666608810425,1.7007948756218,
1255,7.1024E-05,-0.0260666608810425,1.7007948756218,
1256,7.128E-05,-0.0260666608810425,0.964393138885498,
1257,7.1536E-05,-0.0260666608810425,1.7007948756218,
1258,7.1792E-05,-0.0260666608810425,1.56690365076065,
1259,7.2048E-05,-0.0260666608810425,1.49995803833008,
1260,7.2304E-05,-0.0260666608810425,1.90163171291351,
1261,7.256E-05,-0.0260666608810425,1.56690365076065,
1262,7.2816E-05,-0.0260666608810425,1.63384926319122,
1263,7.3072E-05,-0.0260666608810425,1.63384926319122,
1264,7.3328E-05,-0.0260666608810425,1.83468610048294,
1265,7.3584E-05,-0.0260666608810425,1.76774048805237,
1266,7.384E-05,-0.093012273311615,1.63384926319122,
1267,7.4096E-05,-0.0260666608810425,1.7007948756218,
1268,7.4352E-05,-0.0260666608810425,1.43301242589951,
1269,7.4608E-05,-0.093012273311615,1.49995803833008,
1270,7.4864E-05,-0.0260666608810425,1.36606681346893,
1271,7.512E-05,-0.0260666608810425,1.36606681346893,
1272,7.5376E-05,-0.0260666608810425,-1.31175768375397,
1273,7.5632E-05,-0.0260666608810425,-1.37870329618454,
1274,7.5888E-05,-0.0260666608810425,-1.7134313583374,
1275,7.6144E-05,-0.0260666608810425,-1.7134313583374,
1276,7.64E-05,-0.093012273311615,-1.7134313583374,
1277,7.6656E-05,-0.0260666608810425,-1.98121380805969,
1278,7.6912E-05,-0.0260666608810425,-1.64648574590683,
1279,7.7168E-05,-0.0260666608810425,-1.7134313583374,
1280,7.7424E-05,-0.0260666608810425,-1.78037697076797,
1281,7.768E-05,-0.0260666608810425,-1.78037697076797,
1282,7.7936E-05,-0.0260666608810425,-2.04815942049026,
1283,7.8192E-05,-0.0260666608810425,-1.7134313583374,
1284,7.8448E-05,-0.0260666608810425,-1.7134313583374,
1285,7.8704E-05,-0.0260666608810425,-1.78037697076797,
1286,7.896E-05,-0.0260666608810425,-1.51259452104568,
1287,7.9216E-05,-0.0260666608810425,-1.78037697076797,
1288,7.9472E-05,-0.0260666608810425,-1.78037697076797,
1289,7.9728E-05,-0.093012273311615,-1.84732258319855,
1290,7.9984E-05,-0.0260666608810425,-2.18205064535141,
1291,8.024E-05,-0.0260666608810425,-1.17786645889282,
1292,8.0496E-05,-0.0260666608810425,-1.78037697076797,
1293,8.0752E-05,-0.0260666608810425,-1.84732258319855,
1294,8.1008E-05,0.04087895154953,-1.84732258319855,
1295,8.1264E-05,-0.0260666608810425,-1.84732258319855,
1296,8.152E-05,-0.0260666608810425,-1.84732258319855,
1297,8.1776E-05,-0.0260666608810425,-1.78037697076797,
1298,8.2032E-05,-0.093012273311615,-1.98121380805969,
1299,8.2288E-05,-0.0260666608810425,-1.31175768375397,
1300,8.2544E-05,-0.0260666608810425,-1.78037697076797,
1301,8.28E-05,-0.0260666608810425,-1.91426819562912,
1302,8.3056E-05,-0.0260666608810425,-1.98121380805969,
1303,8.3312E-05,-0.0260666608810425,-1.98121380805969,
1304,8.3568E-05,-0.0260666608810425,-1.98121380805969,
1305,8.3824E-05,-0.0260666608810425,-2.04815942049026,
1306,8.408E-05,-0.0260666608810425,-1.98121380805969,
1307,8.4336E-05,-0.0260666608810425,-2.11510503292084,
1308,8.4592E-05,-0.0260666608810425,-1.64648574590683,
1309,8.4848E-05,-0.0260666608810425,-1.91426819562912,
1310,8.5104E-05,-0.0260666608810425,-1.98121380805969,
1311,8.536E-05,0.04087895154953,-1.64648574590683,
1312,8.5616E-05,0.04087895154953,-1.91426819562912,
1313,8.5872E-05,-0.0260666608810425,-1.98121380805969,
1314,8.6128E-05,-0.0260666608810425,-1.84732258319855,
1315,8.6384E-05,-0.0260666608810425,-1.84732258319855,
1316,8.664E-05,-0.0260666608810425,-1.31175768375397,
1317,8.6896E-05,-0.0260666608810425,-1.78037697076797,
1318,8.7152E-05,-0.0260666608810425,-1.91426819562912,
1319,8.7408E-05,-0.093012273311615,-1.78037697076797,
1320,8.7664E-05,-0.093012273311615,-2.18205064535141,
1321,8.792E-05,-0.0260666608810425,-1.7134313583374,
1322,8.8176E-05,-0.093012273311615,-1.91426819562912,
1323,8.8432E-05,-0.0260666608810425,-1.91426819562912,
1324,8.8688E-05,-0.0260666608810425,-1.91426819562912,
1325,8.8944E-05,-0.0260666608810425,-2.11510503292084,
1326,8.92E-05,-0.093012273311615,-1.78037697076797,
1327,8.9456E-05,-0.093012273311615,-1.78037697076797,
1328,8.9712E-05,-0.0260666608810425,-1.7134313583374,
1329,8.9968E-05,-0.0260666608810425,-1.84732258319855,
1330,9.0224E-05,-0.0260666608810425,-1.98121380805969,
1331,9.048E-05,-0.093012273311615,-1.98121380805969,
1332,9.0736E-05,-0.093012273311615,-1.84732258319855,
1333,9.0992E-05,-0.093012273311615,-1.78037697076797,
1334,9.1248E-05,-0.0260666608810425,-1.51259452104568,
1335,9.1504E-05,-0.0260666608810425,-1.7134313583374,
1336,9.176E-05,-0.0260666608810425,-1.64648574590683,
1337,9.2016E-05,-0.0260666608810425,-1.84732258319855,
1338,9.2272E-05,-0.0260666608810425,-1.7134313583374,
1339,9.2528E-05,-0.0260666608810425,-1.64648574590683,
1340,9.2784E-05,-0.0260666608810425,-1.7134313583374,
1341,9.304E-05,-0.093012273311615,-1.7134313583374,
1342,9.3296E-05,-0.0260666608810425,-1.84732258319855,
1343,9.3552E-05,-0.0260666608810425,-1.64648574590683,
1344,9.3808E-05,-0.0260666608810425,-1.78037697076797,
1345,9.4064E-05,-0.0260666608810425,-1.7134313583374,
1346,9.432E-05,-0.0260666608810425,-1.64648574590683,
1347,9.4576E-05,-0.0260666608810425,-1.78037697076797,
1348,9.4832E-05,-0.0260666608810425,-1.78037697076797,
1349,9.5088E-05,-0.0260666608810425,-1.64648574590683,
1350,9.5344E-05,-0.0260666608810425,-1.98121380805969,
1351,9.56E-05,-0.093012273311615,-1.11092084646225,
1352,9.5856E-05,-0.093012273311615,-1.7134313583374,
1353,9.6112E-05,-0.093012273311615,-1.7134313583374,
1354,9.6368E-05,-0.0260666608810425,-1.64648574590683,
1355,9.6624E-05,-0.0260666608810425,-1.84732258319855,
1356,9.688E-05,-0.0260666608810425,-1.78037697076797,
1357,9.7136E-05,-0.093012273311615,-1.78037697076797,
1358,9.7392E-05,-0.0260666608810425,-1.84732258319855,
1359,9.7648E-05,-0.0260666608810425,-1.11092084646225,
1360,9.7904E-05,-0.0260666608810425,-1.7134313583374,
1361,9.816E-05,-0.0260666608810425,-1.84732258319855,
1362,9.8416E-05,0.04087895154953,-1.78037697076797,
1363,9.8672E-05,0.04087895154953,-1.84732258319855,
1364,9.8928E-05,-0.0260666608810425,-1.84732258319855,
1365,9.9184E-05,-0.0260666608810425,-1.84732258319855,
1366,9.944E-05,-0.0260666608810425,-1.84732258319855,
1367,9.9696E-05,-0.0260666608810425,-2.04815942049026,
1368,9.9952E-05,-0.0260666608810425,-1.91426819562912,
1369,0.000100208,0.04087895154953,-1.51259452104568,
1370,0.000100464,-0.0260666608810425,1.09828436374664,
1371,0.00010072,0.04087895154953,1.76774048805237,
1372,0.000100976,-0.0260666608810425,1.49995803833008,
1373,0.000101232,-0.093012273311615,1.56690365076065,
1374,0.000101488,-0.0260666608810425,1.63384926319122,
1375,0.000101744,0.04087895154953,1.63384926319122,
1376,0.000102,-0.0260666608810425,2.10246855020523,
1377,0.000102256,-0.0260666608810425,1.56690365076065,
1378,0.000102512,-0.0260666608810425,1.63384926319122,
1379,0.000102768,-0.093012273311615,1.7007948756218,
1380,0.000103024,-0.0260666608810425,1.36606681346893,
1381,0.00010328,-0.0260666608810425,1.7007948756218,
1382,0.000103536,-0.093012273311615,1.7007948756218,
1383,0.000103792,-0.0260666608810425,1.63384926319122,
1384,0.000104048,-0.0260666608810425,1.63384926319122,
1385,0.000104304,-0.0260666608810425,1.49995803833008,
1386,0.00010456,-0.093012273311615,1.76774048805237,
1387,0.000104816,-0.0260666608810425,1.7007948756218,
1388,0.000105072,-0.093012273311615,1.76774048805237,
1389,0.000105328,-0.093012273311615,1.83468610048294,
1390,0.000105584,-0.0260666608810425,1.63384926319122,
1391,0.00010584,-0.0260666608810425,1.63384926319122,
1392,0.000106096,-0.0260666608810425,1.7007948756218,
1393,0.000106352,-0.0260666608810425,1.63384926319122,
1394,0.000106608,-0.0260666608810425,1.90163171291351,
1395,0.000106864,-0.093012273311615,1.7007948756218,
1396,0.00010712,-0.0260666608810425,1.7007948756218,
1397,0.000107376,-0.0260666608810425,1.56690365076065,
1398,0.000107632,-0.0260666608810425,1.7007948756218,
1399,0.000107888,0.04087895154953,1.76774048805237,
1400,0.000108144,-0.0260666608810425,1.83468610048294,
1401,0.0001084,-0.0260666608810425,1.83468610048294,
1402,0.000108656,-0.0260666608810425,1.96857732534409,
1403,0.000108912,-0.0260666608810425,1.90163171291351,
1404,0.000109168,-0.0260666608810425,1.83468610048294,
1405,0.000109424,-0.0260666608810425,1.76774048805237,
1406,0.00010968,-0.093012273311615,1.90163171291351,
1407,0.000109936,-0.0260666608810425,1.7007948756218,
1408,0.000110192,0.04087895154953,1.63384926319122,
1409,0.000110448,-0.0260666608810425,1.7007948756218,
1410,0.000110704,-0.0260666608810425,1.23217558860779,
1411,0.00011096,-0.0260666608810425,1.96857732534409,
1412,0.000111216,-0.0260666608810425,1.63384926319122,
1413,0.000111472,-0.0260666608810425,1.63384926319122,
1414,0.000111728,-0.0260666608810425,1.83468610048294,
1415,0.000111984,-0.0260666608810425,1.49995803833008,
1416,0.00011224,-0.0260666608810425,1.7007948756218,
1417,0.000112496,-0.0260666608810425,1.76774048805237,
1418,0.000112752,-0.0260666608810425,1.7007948756218,
1419,0.000113008,-0.0260666608810425,2.30330538749695,
1420,0.000113264,-0.0260666608810425,1.56690365076065,
1421,0.00011352,-0.0260666608810425,1.63384926319122,
1422,0.000113776,0.04087895154953,1.63384926319122,
1423,0.000114032,-0.0260666608810425,1.43301242589951,
1424,0.000114288,0.04087895154953,1.63384926319122,
1425,0.000114544,-0.0260666608810425,1.63384926319122,
1426,0.0001148,-0.0260666608810425,1.7007948756218,
1427,0.000115056,-0.0260666608810425,1.49995803833008,
1428,0.000115312,-0.0260666608810425,1.56690365076065,
1429,0.000115568,-0.0260666608810425,1.76774048805237,
1430,0.000115824,-0.093012273311615,1.7007948756218,
1431,0.00011608,-0.0260666608810425,1.90163171291351,
1432,0.000116336,-0.0260666608810425,1.49995803833008,
1433,0.000116592,-0.0260666608810425,1.49995803833008,
1434,0.000116848,-0.0260666608810425,1.49995803833008,
1435,0.000117104,-0.0260666608810425,1.49995803833008,
1436,0.00011736,-0.093012273311615,1.90163171291351,
1437,0.000117616,-0.0260666608810425,1.56690365076065,
1438,0.000117872,-0.0260666608810425,1.56690365076065,
1439,0.000118128,-0.0260666608810425,1.63384926319122,
1440,0.000118384,-0.0260666608810425,1.36606681346893,
1441,0.00011864,0.04087895154953,1.56690365076065,
1442,0.000118896,-0.093012273311615,1.56690365076065,
1443,0.000119152,-0.0260666608810425,1.56690365076065,
1444,0.000119408,-0.0260666608810425,1.56690365076065,
1445,0.000119664,-0.0260666608810425,1.49995803833008,
1446,0.00011992,-0.093012273311615,1.7007948756218,
1447,0.000120176,-0.0260666608810425,1.76774048805237,
1448,0.000120432,-0.0260666608810425,1.7007948756218,
1449,0.000120688,-0.0260666608810425,1.83468610048294,
1450,0.000120944,0.04087895154953,1.63384926319122,
1451,0.0001212,-0.093012273311615,1.7007948756218,
1452,0.000121456,-0.0260666608810425,1.7007948756218,
1453,0.000121712,-0.0260666608810425,1.49995803833008,
1454,0.000121968,-0.093012273311615,2.03552293777466,
1455,0.000122224,-0.093012273311615,1.7007948756218,
1456,0.00012248,-0.093012273311615,1.7007948756218,
1457,0.000122736,-0.0260666608810425,1.63384926319122,
1458,0.000122992,-0.0260666608810425,1.56690365076065,
1459,0.000123248,-0.0260666608810425,1.7007948756218,
1460,0.000123504,-0.093012273311615,1.83468610048294,
1461,0.00012376,-0.0260666608810425,1.83468610048294,
1462,0.000124016,-0.0260666608810425,2.03552293777466,
1463,0.000124272,-0.0260666608810425,1.76774048805237,
1464,0.000124528,0.04087895154953,1.83468610048294,
1465,0.000124784,-0.0260666608810425,1.90163171291351,
1466,0.00012504,-0.093012273311615,1.90163171291351,
1467,0.000125296,-0.0260666608810425,-1.11092084646225,
1468,0.000125552,-0.0260666608810425,-1.84732258319855,
1469,0.000125808,-0.093012273311615,-1.91426819562912,
1470,0.000126064,-0.0260666608810425,-1.64648574590683,
1471,0.00012632,-0.0260666608810425,-2.11510503292084,
1472,0.000126576,-0.0260666608810425,-1.91426819562912,
1473,0.000126832,-0.0260666608810425,-1.84732258319855,
1474,0.000127088,-0.093012273311615,-1.98121380805969,
1475,0.000127344,-0.0260666608810425,-1.78037697076797,
1476,0.0001276,-0.0260666608810425,-1.84732258319855,
1477,0.000127856,-0.0260666608810425,-1.84732258319855,
1478,0.000128112,-0.0260666608810425,-1.84732258319855,
1479,0.000128368,-0.0260666608810425,-2.31594187021255,
1480,0.000128624,-0.0260666608810425,-1.78037697076797,
1481,0.00012888,-0.0260666608810425,-1.84732258319855,
1482,0.000129136,-0.093012273311615,-1.84732258319855,
1483,0.000129392,-0.0260666608810425,-1.64648574590683,
1484,0.000129648,-0.0260666608810425,-1.84732258319855,
1485,0.000129904,-0.093012273311615,-1.78037697076797,
1486,0.00013016,-0.0260666608810425,-1.84732258319855,
1487,0.000130416,-0.0260666608810425,-1.7134313583374,
1488,0.000130672,-0.0260666608810425,-1.64648574590683,
1489,0.000130928,-0.0260666608810425,-1.91426819562912,
1490,0.000131184,-0.0260666608810425,-1.78037697076797,
1491,0.00013144,-0.0260666608810425,-1.98121380805969,
1492,0.000131696,0.04087895154953,-1.84732258319855,
1493,0.000131952,-0.0260666608810425,-1.78037697076797,
1494,0.000132208,-0.0260666608810425,-1.78037697076797,
1495,0.000132464,-0.0260666608810425,-1.78037697076797,
1496,0.00013272,-0.0260666608810425,-2.04815942049026,
1497,0.000132976,-0.0260666608810425,-1.78037697076797,
1498,0.000133232,-0.0260666608810425,-1.64648574590683,
1499,0.000133488,-0.093012273311615,-1.78037697076797,
1500,0.000133744,-0.0260666608810425,-1.44564890861511,
1501,0.000134,-0.0260666608810425,-1.7134313583374,
1502,0.000134256,-0.0260666608810425,-1.78037697076797,
1503,0.000134512,-0.0260666608810425,-1.7134313583374,
1504,0.000134768,-0.0260666608810425,-1.78037697076797,
1505,0.000135024,-0.0260666608810425,-1.78037697076797,
1506,0.00013528,-0.0260666608810425,-1.84732258319855,
1507,0.000135536,-0.0260666608810425,-1.84732258319855,
1508,0.000135792,0.04087895154953,-1.84732258319855,
1509,0.000136048,-0.0260666608810425,-1.98121380805969,
1510,0.000136304,-0.0260666608810425,-1.78037697076797,
1511,0.00013656,-0.0260666608810425,-1.78037697076797,
1512,0.000136816,-0.0260666608810425,-1.84732258319855,
1513,0.000137072,-0.0260666608810425,-1.64648574590683,
1514,0.000137328,-0.0260666608810425,-1.98121380805969,
1515,0.000137584,-0.0260666608810425,-1.84732258319855,
1516,0.00013784,-0.0260666608810425,-1.84732258319855,
1517,0.000138096,-0.0260666608810425,-1.84732258319855,
1518,0.000138352,-0.0260666608810425,-1.78037697076797,
1519,0.000138608,-0.0260666608810425,-1.78037697076797,
1520,0.000138864,-0.093012273311615,-1.84732258319855,
1521,0.00013912,-0.0260666608810425,-1.7134313583374,
1522,0.000139376,-0.0260666608810425,-2.11510503292084,
1523,0.000139632,-0.0260666608810425,-1.84732258319855,
1524,0.000139888,-0.0260666608810425,-1.78037697076797,
1525,0.000140144,-0.093012273311615,-1.91426819562912,
1526,0.0001404,-0.093012273311615,-1.84732258319855,
1527,0.000140656,-0.0260666608810425,-1.91426819562912,
1528,0.000140912,-0.0260666608810425,-1.84732258319855,
1529,0.000141168,-0.0260666608810425,-1.84732258319855,
1530,0.000141424,-0.0260666608810425,-1.7134313583374,
1531,0.00014168,-0.0260666608810425,-2.11510503292084,
1532,0.000141936,-0.0260666608810425,-1.91426819562912,
1533,0.000142192,-0.0260666608810425,-1.91426819562912,
1534,0.000142448,-0.0260666608810425,-2.04815942049026,
1535,0.000142704,-0.0260666608810425,-1.78037697076797,
1536,0.00014296,-0.0260666608810425,-1.91426819562912,
1537,0.000143216,-0.0260666608810425,-1.91426819562912,
1538,0.000143472,-0.0260666608810425,-1.91426819562912,
1539,0.000143728,-0.0260666608810425,-2.38288748264313,
1540,0.000143984,-0.0260666608810425,-1.78037697076797,
1541,0.00014424,-0.0260666608810425,-1.84732258319855,
1542,0.000144496,-0.0260666608810425,-1.84732258319855,
1543,0.000144752,-0.0260666608810425,-1.57954013347626,
1544,0.000145008,-0.0260666608810425,-1.84732258319855,
1545,0.000145264,-0.093012273311615,-1.78037697076797,
1546,0.00014552,-0.0260666608810425,-1.7134313583374,
1547,0.000145776,-0.093012273311615,-1.78037697076797,
1548,0.000146032,-0.0260666608810425,-1.57954013347626,
1549,0.000146288,-0.0260666608810425,-1.91426819562912,
1550,0.000146544,-0.0260666608810425,-1.84732258319855,
1551,0.0001468,-0.093012273311615,-1.98121380805969,
1552,0.000147056,-0.0260666608810425,-1.78037697076797,
1553,0.000147312,-0.0260666608810425,-1.7134313583374,
1554,0.000147568,-0.0260666608810425,-1.7134313583374,
1555,0.000147824,0.04087895154953,-1.78037697076797,
1556,0.00014808,-0.0260666608810425,-2.04815942049026,
1557,0.000148336,-0.0260666608810425,-1.91426819562912,
1558,0.000148592,-0.0260666608810425,-1.78037697076797,
1559,0.000148848,-0.0260666608810425,-1.84732258319855,
1560,0.000149104,0.04087895154953,-1.64648574590683,
1561,0.00014936,-0.093012273311615,-1.78037697076797,
1562,0.000149616,-0.0260666608810425,-1.64648574590683,
1563,0.000149872,-0.0260666608810425,-1.64648574590683,
1564,0.000150128,-0.0260666608810425,-1.7134313583374,
1565,0.000150384,-0.093012273311615,-1.64648574590683,
1566,0.00015064,-0.0260666608810425,-1.7134313583374,
1567,0.000150896,-0.093012273311615,-1.78037697076797,
1568,0.000151152,-0.093012273311615,-1.78037697076797,
1569,0.000151408,-0.0260666608810425,-1.91426819562912,
1570,0.000151664,-0.0260666608810425,-1.78037697076797,
1571,0.00015192,-0.0260666608810425,-1.91426819562912,
1572,0.000152176,-0.0260666608810425,-1.91426819562912,
1573,0.000152432,-0.0260666608810425,-1.7134313583374,
1574,0.000152688,-0.0260666608810425,-2.11510503292084,
1575,0.000152944,-0.0260666608810425,-1.91426819562912,
1576,0.0001532,-0.0260666608810425,-1.78037697076797,
1577,0.000153456,-0.0260666608810425,-1.98121380805969,
1578,0.000153712,-0.0260666608810425,-1.7134313583374,
1579,0.000153968,-0.0260666608810425,-1.84732258319855,
1580,0.000154224,-0.0260666608810425,-1.78037697076797,
1581,0.00015448,-0.093012273311615,-1.78037697076797,
1582,0.000154736,-0.0260666608810425,-2.24899625778198,
1583,0.000154992,-0.0260666608810425,-1.84732258319855,
1584,0.000155248,-0.0260666608810425,-1.78037697076797,
1585,0.000155504,-0.0260666608810425,-1.91426819562912,
1586,0.00015576,-0.0260666608810425,-1.84732258319855,
1587,0.000156016,-0.0260666608810425,-1.84732258319855,
1588,0.000156272,-0.0260666608810425,-1.78037697076797,
1589,0.000156528,-0.0260666608810425,-1.84732258319855,
1590,0.000156784,-0.0260666608810425,-1.64648574590683,
1591,0.00015704,-0.0260666608810425,-1.7134313583374,
1592,0.000157296,-0.0260666608810425,-1.91426819562912,
1593,0.000157552,-0.0260666608810425,-1.78037697076797,
1594,0.000157808,-0.0260666608810425,-2.11510503292084,
1595,0.000158064,-0.0260666608810425,-1.91426819562912,
1596,0.00015832,-0.093012273311615,-1.91426819562912,
1597,0.000158576,-0.0260666608810425,-1.98121380805969,
1598,0.000158832,-0.0260666608810425,-1.98121380805969,
1599,0.000159088,-0.0260666608810425,-2.24899625778198,
1600,0.000159344,-0.0260666608810425,-1.84732258319855,
1601,0.0001596,-0.0260666608810425,-1.78037697076797,
1602,0.000159856,-0.0260666608810425,-2.04815942049026,
1603,0.000160112,-0.0260666608810425,-1.57954013347626,
1604,0.000160368,-0.0260666608810425,-1.78037697076797,
1605,0.000160624,-0.093012273311615,-1.91426819562912,
1606,0.00016088,-0.0260666608810425,-1.78037697076797,
1607,0.000161136,-0.0260666608810425,-1.78037697076797,
1608,0.000161392,-0.093012273311615,-1.64648574590683,
1609,0.000161648,-0.0260666608810425,-1.78037697076797,
1610,0.000161904,-0.0260666608810425,-1.91426819562912,
1611,0.00016216,-0.0260666608810425,-1.91426819562912,
1612,0.000162416,-0.0260666608810425,-1.91426819562912,
1613,0.000162672,-0.0260666608810425,-1.7134313583374,
1614,0.000162928,-0.0260666608810425,-1.84732258319855,
1615,0.000163184,-0.0260666608810425,-1.78037697076797,
1616,0.00016344,-0.0260666608810425,-1.91426819562912,
1617,0.000163696,-0.0260666608810425,-1.98121380805969,
1618,0.000163952,-0.0260666608810425,-1.78037697076797,
1619,0.000164208,0.04087895154953,-1.84732258319855,
1620,0.000164464,-0.0260666608810425,-1.7134313583374,
1621,0.00016472,-0.0260666608810425,-1.7134313583374,
1622,0.000164976,-0.0260666608810425,-1.84732258319855,
1623,0.000165232,-0.0260666608810425,-1.84732258319855,
1624,0.000165488,-0.0260666608810425,-1.84732258319855,
1625,0.000165744,-0.0260666608810425,-1.98121380805969,
1626,0.000166,-0.0260666608810425,-1.7134313583374,
1627,0.000166256,-0.093012273311615,-1.91426819562912,
1628,0.000166512,-0.0260666608810425,-1.7134313583374,
1629,0.000166768,-0.0260666608810425,-1.7134313583374,
1630,0.000167024,-0.0260666608810425,-1.64648574590683,
1631,0.00016728,-0.0260666608810425,-1.57954013347626,
1632,0.000167536,-0.0260666608810425,-1.7134313583374,
1633,0.000167792,-0.093012273311615,-1.37870329618454,
1634,0.000168048,-0.093012273311615,-1.84732258319855,
1635,0.000168304,-0.0260666608810425,-1.84732258319855,
1636,0.00016856,-0.0260666608810425,-1.7134313583374,
1637,0.000168816,-0.0260666608810425,-1.91426819562912,
1638,0.000169072,-0.0260666608810425,-1.7134313583374,
1639,0.000169328,-0.093012273311615,-1.78037697076797,
1640,0.000169584,-0.0260666608810425,-1.84732258319855,
1641,0.00016984,-0.0260666608810425,-1.78037697076797,
1642,0.000170096,-0.0260666608810425,-2.18205064535141,
1643,0.000170352,-0.0260666608810425,-1.64648574590683,
1644,0.000170608,-0.0260666608810425,-1.84732258319855,
1645,0.000170864,-0.093012273311615,-1.91426819562912,
1646,0.00017112,-0.0260666608810425,-1.64648574590683,
1647,0.000171376,-0.0260666608810425,-1.78037697076797,
1648,0.000171632,-0.0260666608810425,-1.7134313583374,
1649,0.000171888,-0.0260666608810425,-1.91426819562912,
1650,0.000172144,-0.093012273311615,-1.57954013347626,
1651,0.0001724,-0.0260666608810425,-1.84732258319855,
1652,0.000172656,-0.0260666608810425,-1.91426819562912,
1653,0.000172912,-0.0260666608810425,-1.84732258319855,
1654,0.000173168,-0.0260666608810425,-1.98121380805969,
1655,0.000173424,-0.0260666608810425,-1.78037697076797,
1656,0.00017368,-0.093012273311615,-1.78037697076797,
1657,0.000173936,-0.093012273311615,-1.84732258319855,
1658,0.000174192,-0.0260666608810425,-1.64648574590683,
1659,0.000174448,-0.0260666608810425,-2.24899625778198,
1660,0.000174704,-0.0260666608810425,-1.91426819562912,
1661,0.00017496,-0.093012273311615,-1.91426819562912,
1662,0.000175216,-0.0260666608810425,-0.642301559448242,
1663,0.000175472,-0.093012273311615,1.29912120103836,
1664,0.000175728,-0.0260666608810425,1.76774048805237,
1665,0.000175984,-0.093012273311615,1.63384926319122,
1666,0.00017624,-0.0260666608810425,1.63384926319122,
1667,0.000176496,-0.093012273311615,1.63384926319122,
1668,0.000176752,-0.0260666608810425,1.56690365076065,
1669,0.000177008,-0.0260666608810425,1.83468610048294,
1670,0.000177264,-0.0260666608810425,1.7007948756218,
1671,0.00017752,-0.0260666608810425,1.76774048805237,
1672,0.000177776,-0.0260666608810425,1.76774048805237,
1673,0.000178032,-0.0260666608810425,1.7007948756218,
1674,0.000178288,-0.093012273311615,1.56690365076065,
1675,0.000178544,-0.0260666608810425,1.76774048805237,
1676,0.0001788,-0.0260666608810425,1.7007948756218,
1677,0.000179056,0.04087895154953,1.83468610048294,
1678,0.000179312,-0.0260666608810425,1.7007948756218,
1679,0.000179568,-0.0260666608810425,1.56690365076065,
1680,0.000179824,0.04087895154953,1.63384926319122,
1681,0.00018008,-0.0260666608810425,1.56690365076065,
1682,0.000180336,-0.0260666608810425,1.7007948756218,
1683,0.000180592,-0.093012273311615,1.90163171291351,
1684,0.000180848,-0.0260666608810425,1.76774048805237,
1685,0.000181104,-0.0260666608810425,1.96857732534409,
1686,0.00018136,-0.0260666608810425,1.76774048805237,
1687,0.000181616,-0.093012273311615,1.76774048805237,
1688,0.000181872,-0.0260666608810425,1.7007948756218,
1689,0.000182128,-0.0260666608810425,1.76774048805237,
1690,0.000182384,-0.093012273311615,1.63384926319122,
1691,0.00018264,-0.0260666608810425,1.56690365076065,
1692,0.000182896,-0.0260666608810425,1.63384926319122,
1693,0.000183152,-0.0260666608810425,1.29912120103836,
1694,0.000183408,-0.0260666608810425,1.76774048805237,
1695,0.000183664,-0.0260666608810425,1.49995803833008,
1696,0.00018392,-0.0260666608810425,1.49995803833008,
1697,0.000184176,-0.0260666608810425,1.76774048805237,
1698,0.000184432,-0.093012273311615,1.49995803833008,
1699,0.000184688,-0.0260666608810425,1.7007948756218,
1700,0.000184944,-0.0260666608810425,1.63384926319122,
1701,0.0001852,-0.0260666608810425,1.56690365076065,
1702,0.000185456,-0.0260666608810425,2.23635977506638,
1703,0.000185712,-0.0260666608810425,1.49995803833008,
1704,0.000185968,0.04087895154953,1.7007948756218,
1705,0.000186224,-0.093012273311615,1.7007948756218,
1706,0.00018648,-0.093012273311615,1.36606681346893,
1707,0.000186736,-0.093012273311615,1.76774048805237,
1708,0.000186992,-0.093012273311615,1.7007948756218,
1709,0.000187248,-0.0260666608810425,1.63384926319122,
1710,0.000187504,-0.093012273311615,1.49995803833008,
1711,0.00018776,-0.0260666608810425,1.49995803833008,
1712,0.000188016,-0.0260666608810425,1.7007948756218,
1713,0.000188272,-0.0260666608810425,1.7007948756218,
1714,0.000188528,-0.0260666608810425,1.83468610048294,
1715,0.000188784,-0.0260666608810425,1.7007948756218,
1716,0.00018904,-0.0260666608810425,1.63384926319122,
1717,0.000189296,-0.0260666608810425,1.7007948756218,
1718,0.000189552,-0.0260666608810425,1.76774048805237,
1719,0.000189808,-0.0260666608810425,1.96857732534409,
1720,0.000190064,-0.0260666608810425,1.56690365076065,
1721,0.00019032,-0.0260666608810425,1.7007948756218,
1722,0.000190576,0.04087895154953,1.63384926319122,
1723,0.000190832,0.04087895154953,1.49995803833008,
1724,0.000191088,-0.0260666608810425,1.7007948756218,
1725,0.000191344,-0.0260666608810425,1.76774048805237,
1726,0.0001916,0.04087895154953,1.83468610048294,
1727,0.000191856,-0.0260666608810425,1.76774048805237,
1728,0.000192112,-0.0260666608810425,1.83468610048294,
1729,0.000192368,-0.0260666608810425,1.90163171291351,
1730,0.000192624,-0.0260666608810425,1.76774048805237,
1731,0.00019288,-0.0260666608810425,1.96857732534409,
1732,0.000193136,-0.0260666608810425,1.90163171291351,
1733,0.000193392,-0.0260666608810425,1.7007948756218,
1734,0.000193648,-0.0260666608810425,1.7007948756218,
1735,0.000193904,-0.0260666608810425,1.7007948756218,
1736,0.00019416,0.04087895154953,1.56690365076065,
1737,0.000194416,0.04087895154953,1.90163171291351,
1738,0.000194672,-0.0260666608810425,1.7007948756218,
1739,0.000194928,-0.0260666608810425,1.7007948756218,
1740,0.000195184,-0.093012273311615,1.7007948756218,
1741,0.00019544,-0.0260666608810425,1.49995803833008,
1742,0.000195696,-0.0260666608810425,1.56690365076065,
1743,0.000195952,-0.0260666608810425,1.7007948756218,
1744,0.000196208,-0.0260666608810425,1.63384926319122,
1745,0.000196464,-0.0260666608810425,1.90163171291351,
1746,0.00019672,-0.0260666608810425,1.7007948756218,
1747,0.000196976,-0.0260666608810425,1.63384926319122,
1748,0.000197232,-0.093012273311615,1.7007948756218,
1749,0.000197488,-0.093012273311615,1.7007948756218,
1750,0.000197744,-0.0260666608810425,1.7007948756218,
1751,0.000198,-0.0260666608810425,1.7007948756218,
1752,0.000198256,-0.0260666608810425,1.7007948756218,
1753,0.000198512,-0.093012273311615,1.36606681346893,
1754,0.000198768,-0.0260666608810425,1.7007948756218,
1755,0.000199024,-0.0260666608810425,1.76774048805237,
1756,0.00019928,-0.0260666608810425,1.63384926319122,
1757,0.000199536,-0.0260666608810425,1.7007948756218,
1758,0.000199792,-0.0260666608810425,1.43301242589951,
1759,0.000200048,1.71451926231384,1.49995803833008,
1760,0.000200304,3.25426834821701,0.161045789718628,
1761,0.00020056,3.25426834821701,-1.78037697076797,
1762,0.000200816,3.18732273578644,-1.24481207132339,
1763,0.000201072,3.18732273578644,-1.91426819562912,
1764,0.000201328,3.18732273578644,-1.98121380805969,
1765,0.000201584,3.25426834821701,-1.84732258319855,
1766,0.00020184,3.18732273578644,-2.18205064535141,
1767,0.000202096,3.25426834821701,-1.78037697076797,
1768,0.000202352,3.18732273578644,-1.84732258319855,
1769,0.000202608,3.18732273578644,-1.91426819562912,
1770,0.000202864,3.25426834821701,-1.98121380805969,
1771,0.00020312,3.18732273578644,-2.04815942049026,
1772,0.000203376,3.25426834821701,-1.7134313583374,
1773,0.000203632,3.18732273578644,-1.78037697076797,
1774,0.000203888,3.25426834821701,-1.78037697076797,
1775,0.000204144,3.25426834821701,-1.84732258319855,
1776,0.0002044,3.18732273578644,-1.98121380805969,
1777,0.000204656,3.18732273578644,-1.91426819562912,
1778,0.000204912,3.25426834821701,-1.91426819562912,
1779,0.000205168,3.18732273578644,-1.84732258319855,
1780,0.000205424,3.18732273578644,-1.7134313583374,
1781,0.00020568,3.25426834821701,-1.84732258319855,
1782,0.000205936,3.25426834821701,-1.84732258319855,
1783,0.000206192,3.25426834821701,-2.18205064535141,
1784,0.000206448,3.18732273578644,-1.7134313583374,
1785,0.000206704,3.18732273578644,-1.78037697076797,
1786,0.00020696,3.18732273578644,-1.84732258319855,
1787,0.000207216,3.18732273578644,-1.84732258319855,
1788,0.000207472,3.18732273578644,-1.98121380805969,
1789,0.000207728,3.25426834821701,-1.64648574590683,
1790,0.000207984,3.18732273578644,-1.64648574590683,
1791,0.00020824,3.18732273578644,-1.64648574590683,
1792,0.000208496,3.18732273578644,-1.24481207132339,
1793,0.000208752,3.25426834821701,-1.64648574590683,
1794,0.000209008,3.25426834821701,-1.51259452104568,
1795,0.000209264,3.18732273578644,-1.51259452104568,
1796,0.00020952,3.18732273578644,-1.98121380805969,
1797,0.000209776,3.18732273578644,-0.977029621601105,
1798,0.000210032,3.18732273578644,-1.64648574590683,
1799,0.000210288,3.18732273578644,-1.78037697076797,
1800,0.000210544,3.18732273578644,-1.64648574590683,
1801,0.0002108,3.18732273578644,-1.84732258319855,
1802,0.000211056,3.18732273578644,-1.78037697076797,
1803,0.000211312,3.32121396064758,-1.7134313583374,
1804,0.000211568,3.25426834821701,-1.84732258319855,
1805,0.000211824,3.25426834821701,-1.17786645889282,
1806,0.00021208,3.25426834821701,-1.64648574590683,
1807,0.000212336,3.25426834821701,-1.78037697076797,
1808,0.000212592,3.18732273578644,-1.84732258319855,
1809,0.000212848,3.18732273578644,-1.78037697076797,
1810,0.000213104,3.25426834821701,-1.78037697076797,
1811,0.00021336,3.25426834821701,-1.84732258319855,
1812,0.000213616,3.25426834821701,-1.84732258319855,
1813,0.000213872,3.25426834821701,-1.98121380805969,
1814,0.000214128,3.25426834821701,-1.57954013347626,
1815,0.000214384,3.18732273578644,-1.78037697076797,
1816,0.00021464,3.25426834821701,-1.91426819562912,
1817,0.000214896,3.32121396064758,-1.57954013347626,
1818,0.000215152,3.25426834821701,-1.98121380805969,
1819,0.000215408,3.18732273578644,-1.78037697076797,
1820,0.000215664,3.25426834821701,-1.78037697076797,
1821,0.00021592,3.25426834821701,-1.84732258319855,
1822,0.000216176,3.25426834821701,-1.31175768375397,
1823,0.000216432,3.25426834821701,-1.98121380805969,
1824,0.000216688,3.25426834821701,-1.98121380805969,
1825,0.000216944,3.25426834821701,-1.91426819562912,
1826,0.0002172,3.25426834821701,-2.38288748264313,
1827,0.000217456,3.25426834821701,-1.78037697076797,
1828,0.000217712,3.25426834821701,-1.91426819562912,
1829,0.000217968,3.25426834821701,-1.91426819562912,
1830,0.000218224,3.25426834821701,-1.91426819562912,
1831,0.00021848,3.25426834821701,-2.18205064535141,
1832,0.000218736,3.25426834821701,-1.7134313583374,
1833,0.000218992,3.18732273578644,-1.78037697076797,
1834,0.000219248,3.18732273578644,-1.78037697076797,
1835,0.000219504,3.25426834821701,-1.7134313583374,
1836,0.00021976,3.25426834821701,-1.84732258319855,
1837,0.000220016,3.25426834821701,-1.84732258319855,
1838,0.000220272,3.25426834821701,-1.84732258319855,
1839,0.000220528,3.25426834821701,-1.98121380805969,
1840,0.000220784,3.25426834821701,-1.51259452104568,
1841,0.00022104,3.25426834821701,-1.84732258319855,
1842,0.000221296,3.18732273578644,-1.84732258319855,
1843,0.000221552,3.25426834821701,-2.04815942049026,
1844,0.000221808,3.18732273578644,-1.7134313583374,
1845,0.000222064,3.18732273578644,-1.78037697076797,
1846,0.00022232,3.18732273578644,-1.78037697076797,
1847,0.000222576,3.25426834821701,-1.78037697076797,
1848,0.000222832,3.25426834821701,-1.78037697076797,
1849,0.000223088,3.25426834821701,-1.64648574590683,
1850,0.000223344,3.18732273578644,-1.78037697076797,
1851,0.0002236,3.18732273578644,-1.84732258319855,
1852,0.000223856,3.25426834821701,-1.51259452104568,
1853,0.000224112,3.25426834821701,-1.84732258319855,
1854,0.000224368,3.25426834821701,-1.91426819562912,
1855,0.000224624,3.18732273578644,-1.78037697076797,
1856,0.00022488,3.25426834821701,-2.11510503292084,
1857,0.000225136,-0.0260666608810425,-1.04397523403168,
1858,0.000225392,-0.093012273311615,1.23217558860779,
1859,0.000225648,-0.0260666608810425,1.56690365076065,
1860,0.000225904,-0.0260666608810425,1.29912120103836,
1861,0.00022616,-0.0260666608810425,1.63384926319122,
1862,0.000226416,-0.0260666608810425,1.49995803833008,
1863,0.000226672,-0.0260666608810425,1.49995803833008,
1864,0.000226928,-0.0260666608810425,1.56690365076065,
1865,0.000227184,0.04087895154953,0.964393138885498,
1866,0.00022744,-0.0260666608810425,1.56690365076065,
1867,0.000227696,-0.0260666608810425,1.63384926319122,
1868,0.000227952,0.04087895154953,1.7007948756218,
1869,0.000228208,-0.0260666608810425,1.7007948756218,
1870,0.000228464,-0.0260666608810425,1.7007948756218,
1871,0.00022872,-0.0260666608810425,1.7007948756218,
1872,0.000228976,-0.0260666608810425,1.63384926319122,
1873,0.000229232,0.04087895154953,1.76774048805237,
1874,0.000229488,-0.0260666608810425,1.43301242589951,
1875,0.000229744,-0.0260666608810425,1.56690365076065,
1876,0.00023,-0.0260666608810425,1.7007948756218,
1877,0.000230256,-0.0260666608810425,1.49995803833008,
1878,0.000230512,-0.0260666608810425,1.76774048805237,
1879,0.000230768,-0.0260666608810425,1.7007948756218,
1880,0.000231024,-0.0260666608810425,1.7007948756218,
1881,0.00023128,-0.0260666608810425,1.7007948756218,
1882,0.000231536,-0.0260666608810425,1.09828436374664,
1883,0.000231792,-0.093012273311615,1.7007948756218,
1884,0.000232048,-0.0260666608810425,1.7007948756218,
1885,0.000232304,-0.0260666608810425,1.56690365076065,
1886,0.00023256,-0.0260666608810425,2.1694141626358,
1887,0.000232816,-0.0260666608810425,1.7007948756218,
1888,0.000233072,-0.0260666608810425,1.83468610048294,
1889,0.000233328,-0.0260666608810425,1.96857732534409,
1890,0.000233584,-0.093012273311615,1.96857732534409,
1891,0.00023384,-0.093012273311615,2.10246855020523,
1892,0.000234096,-0.0260666608810425,1.7007948756218,
1893,0.000234352,-0.0260666608810425,1.7007948756218,
1894,0.000234608,-0.0260666608810425,1.83468610048294,
1895,0.000234864,-0.093012273311615,1.49995803833008,
1896,0.00023512,-0.0260666608810425,1.76774048805237,
1897,0.000235376,-0.0260666608810425,1.76774048805237,
1898,0.000235632,-0.093012273311615,1.7007948756218,
1899,0.000235888,-0.0260666608810425,1.83468610048294,
1900,0.000236144,-0.093012273311615,1.29912120103836,
1901,0.0002364,-0.093012273311615,1.7007948756218,
1902,0.000236656,-0.0260666608810425,1.7007948756218,
1903,0.000236912,-0.0260666608810425,1.76774048805237,
1904,0.000237168,-0.0260666608810425,1.63384926319122,
1905,0.000237424,-0.0260666608810425,1.36606681346893,
1906,0.00023768,-0.0260666608810425,1.56690365076065,
1907,0.000237936,-0.0260666608810425,1.56690365076065,
1908,0.000238192,-0.0260666608810425,1.36606681346893,
1909,0.000238448,-0.093012273311615,1.43301242589951,
1910,0.000238704,-0.0260666608810425,1.56690365076065,
1911,0.00023896,-0.093012273311615,1.63384926319122,
1912,0.000239216,-0.0260666608810425,1.36606681346893,
1913,0.000239472,-0.0260666608810425,1.7007948756218,
1914,0.000239728,-0.0260666608810425,1.7007948756218,
1915,0.000239984,-0.0260666608810425,1.7007948756218,
1916,0.00024024,-0.0260666608810425,1.96857732534409,
1917,0.000240496,0.04087895154953,0.964393138885498,
1918,0.000240752,-0.0260666608810425,1.63384926319122,
1919,0.000241008,-0.0260666608810425,1.7007948756218,
1920,0.000241264,0.04087895154953,1.43301242589951,
1921,0.00024152,0.04087895154953,1.7007948756218,
1922,0.000241776,-0.0260666608810425,1.49995803833008,
1923,0.000242032,-0.0260666608810425,1.49995803833008,
1924,0.000242288,-0.0260666608810425,1.49995803833008,
1925,0.000242544,-0.0260666608810425,0.830501914024353,
1926,0.0002428,-0.093012273311615,1.56690365076065,
1927,0.000243056,-0.0260666608810425,1.63384926319122,
1928,0.000243312,-0.0260666608810425,1.56690365076065,
1929,0.000243568,0.04087895154953,1.7007948756218,
1930,0.000243824,-0.0260666608810425,1.56690365076065,
1931,0.00024408,-0.0260666608810425,1.7007948756218,
1932,0.000244336,-0.0260666608810425,1.63384926319122,
1933,0.000244592,-0.0260666608810425,1.76774048805237,
1934,0.000244848,-0.0260666608810425,1.63384926319122,
1935,0.000245104,-0.0260666608810425,1.56690365076065,
1936,0.00024536,-0.0260666608810425,1.7007948756218,
1937,0.000245616,-0.0260666608810425,1.49995803833008,
1938,0.000245872,-0.0260666608810425,1.63384926319122,
1939,0.000246128,-0.093012273311615,1.63384926319122,
1940,0.000246384,-0.0260666608810425,1.63384926319122,
1941,0.00024664,-0.0260666608810425,1.7007948756218,
1942,0.000246896,-0.093012273311615,1.23217558860779,
1943,0.000247152,-0.0260666608810425,1.56690365076065,
1944,0.000247408,-0.0260666608810425,1.7007948756218,
1945,0.000247664,-0.0260666608810425,1.63384926319122,
1946,0.00024792,-0.0260666608810425,1.96857732534409,
1947,0.000248176,-0.093012273311615,1.49995803833008,
1948,0.000248432,-0.093012273311615,1.63384926319122,
1949,0.000248688,-0.0260666608810425,1.76774048805237,
1950,0.000248944,-0.0260666608810425,1.7007948756218,
1951,0.0002492,-0.0260666608810425,1.7007948756218,
1952,0.000249456,-0.0260666608810425,1.56690365076065,
1953,0.000249712,-0.0260666608810425,1.7007948756218,
